최종자산_명목,누적납입,누적세금,환전비용,XIRR_명목,평가액MDD,단위가치MDD,원금하회_최장거래일,원금대비_최대평가손실,목표25억_최초도달,리밸런싱매도_원화,리밸런싱실현이익_원화,TQQQ연말최대매수_원화,그때_TQQQ고점대비,TQQQ연말최대매수_일자,S1_청산일,S2_동결,key,시나리오,구간,창
4300237546.222391,1230000000.0,848807828.7352891,1230000.0,0.10054072766121021,-0.3610770227059361,-0.6899881325623716,1822,167053823.2637671,2015-07-17,1373293932.3102562,841420583.3825653,100045065.48790699,-0.9774556918274715,2019-01-02,해당 없음,해당 없음,P3,기본,2000-01~2019-12,fixed
15518315382.092451,1594500000.0,3741954383.3904543,1594500.0,0.13136089275800586,-0.3610770227059361,-0.6899881325623716,1822,167053823.2637671,2015-07-17,7901673790.411457,5852343311.6293125,902135271.9053345,-0.95921089100594,2023-01-03,해당 없음,해당 없음,P3,기본,2000-01~2026-09,fixed
1121787374.5098684,514500000.0,164683372.6822242,514500.0,0.1790418590575619,-0.2723106880316061,-0.292461641860876,51,35625714.01410182,미도달,264604902.99415445,159207014.39708763,21240112.359118905,-0.8082480024052343,2023-01-03,해당 없음,해당 없음,P3,기본,2020-01~2026-09,fixed
1586253468.143358,910500000.0,196768343.80020142,910500.0,0.06515970574913556,-0.3610770227059361,-0.6899881325623716,1822,167053823.2637671,미도달,647870449.9976699,244949517.75370577,62094519.3259249,-0.9995277776331998,2009-01-02,해당 없음,해당 없음,P3,기본,롤링14년 2000-01-03,14
1600435769.834909,906000000.0,201046519.51618662,906000.0,0.06650667973970605,-0.3654886510880617,-0.6899516034761841,1692,160727834.57136756,미도달,651953792.5730717,250691911.24150357,62492920.97742642,-0.9995277776331998,2009-01-02,해당 없음,해당 없음,P3,기본,롤링14년 2000-02-01,14
1645809582.151607,906000000.0,214925831.08909142,906000.0,0.0697001733907014,-0.3528021468115209,-0.679977925418254,1819,161744665.29815948,미도달,639400831.1744596,241695134.50707728,61263307.745118275,-0.9995277776331998,2009-01-02,해당 없음,해당 없음,P3,기본,롤링14년 2000-03-01,14
1639781385.194517,910500000.0,210942067.68228337,910500.0,0.0689372179011985,-0.35241724713622524,-0.66318349991208,1819,159864714.592296,미도달,632975153.5752608,245193920.59336066,60663899.57744377,-0.9993413209414616,2009-01-02,해당 없음,해당 없음,P3,기본,롤링14년 2000-04-03,14
1596211065.2798674,906000000.0,198619141.54555434,906000.0,0.06624832849677546,-0.35281480434163703,-0.641812425507898,1682,152656396.46693468,미도달,639322569.5913253,253201027.8901657,61283482.74967201,-0.9989545728988742,2009-01-02,해당 없음,해당 없음,P3,기본,롤링14년 2000-05-01,14
1633147737.685978,906000000.0,207761421.57187584,906000.0,0.0688401268069963,-0.35315248709672764,-0.6474441681357352,1658,147597453.4890575,미도달,640277649.9951094,259606554.45425093,61411236.60132513,-0.9989089281795746,2009-01-02,해당 없음,해당 없음,P3,기본,롤링14년 2000-06-01,14
1676365190.9353805,910500000.0,218912775.7273416,910500.0,0.07143056735878286,-0.3524037561325587,-0.643663245915927,1670,146454354.22054574,미도달,632583296.4533639,256063586.41997603,60643373.83058271,-0.9989089281795746,2009-01-02,해당 없음,해당 없음,P3,기본,롤링14년 2000-07-03,14
1684457885.4603395,906000000.0,221471101.98606545,906000.0,0.0722967704678148,-0.35260455466752516,-0.6476590243147495,1564,140604995.74809557,미도달,635465885.957137,261668015.18279263,60952351.23530501,-0.9988646121134095,2009-01-02,해당 없음,해당 없음,P3,기본,롤링14년 2000-08-01,14
1729939527.7052035,906000000.0,234517473.11125883,906000.0,0.07532035884967676,-0.3518031666476784,-0.6286107717868687,1668,141466073.1857463,미도달,623805433.1257052,256940568.63587683,59689439.25624778,-0.9988646121134095,2009-01-02,해당 없음,해당 없음,P3,기본,롤링14년 2000-09-01,14
1765091546.0415452,910500000.0,242108775.89177376,910500.0,0.07723201624842405,-0.3533604535674295,-0.6146497315620256,1521,134811270.09324765,미도달,627370710.7276121,263394912.0484807,60225452.02424701,-0.9979826185234753,2009-01-02,해당 없음,해당 없음,P3,기본,롤링14년 2000-10-02,14
1847341098.4963067,906000000.0,265659367.7507531,906000.0,0.0826076053275846,-0.3537189623081478,-0.615235250835625,1517,130821677.53119837,미도달,625322357.022511,267390221.3268489,60110153.84954047,-0.9974310077766838,2009-01-02,해당 없음,해당 없음,P3,기본,롤링14년 2000-11-01,14
1999817535.9161537,906000000.0,307093897.5844223,906000.0,0.09147468388183236,-0.3548171669962813,-0.6154388012592458,1488,124879128.74135956,미도달,623305971.8015182,275483075.83276844,60469832.369183846,-0.9958217432227864,2009-01-02,해당 없음,해당 없음,P3,기본,롤링14년 2000-12-01,14
1940149184.3642342,906000000.0,288111164.2713571,906000.0,0.08806043415300976,-0.35509691075627225,-0.6148181841932248,1446,118764856.74321923,미도달,618246926.8062751,287046316.19028115,60828801.25862682,-0.9931188712710975,2009-01-02,해당 없음,해당 없음,P3,기본,롤링14년 2001-01-02,14
1908253796.1122055,906000000.0,274617543.574159,906000.0,0.0862281492376232,-0.3536987274253456,-0.5735912663509102,1492,120265468.51058728,미도달,731771200.3169923,392118939.4047122,59404104.76714811,-0.9921379274077237,2009-01-02,해당 없음,해당 없음,P3,기본,롤링14년 2001-02-01,14
2047262091.2622468,906000000.0,311763868.95338756,906000.0,0.09406803093849518,-0.3577493455485954,-0.5376678029461712,652,107264897.26873714,미도달,752089721.5251493,410817294.36528885,61411346.81059019,-0.9803192959742859,2009-01-02,해당 없음,해당 없음,P3,기본,롤링14년 2001-03-01,14
2025685911.6945705,910500000.0,301005983.7213715,910500.0,0.09259244180669271,-0.36019257078433287,-0.5532025150626043,491,95605750.10386646,미도달,768381301.5361574,434099443.6499395,63010755.144505985,-0.9754252559601916,2009-01-02,해당 없음,해당 없음,P3,기본,롤링14년 2001-04-02,14
1968178210.9839177,906000000.0,288866887.109835,906000.0,0.0896781192725905,-0.35490534012161035,-0.5394080501249265,662,105432306.76083234,미도달,735885060.1320114,407054428.4316451,59713640.92053001,-0.9754252559601917,2009-01-02,해당 없음,해당 없음,P3,기본,롤링14년 2001-05-01,14
2070372959.2059467,906000000.0,316625701.2571119,906000.0,0.09532228943215582,-0.3558776970610533,-0.5089403906770745,643,98585281.79469222,미도달,741036840.532732,414775190.6449819,60278743.91675316,-0.9705445311684794,2009-01-02,해당 없음,해당 없음,P3,기본,롤링14년 2001-06-01,14
2048200545.8612113,910500000.0,308818287.81310445,910500.0,0.09382351488745579,-0.35517078888781395,-0.4861857516624366,625,95801630.29381089,미도달,737110565.09607,414380697.14064956,59859241.937622964,-0.9631890345678189,2009-01-02,해당 없음,해당 없음,P3,기본,롤링14년 2001-07-02,14
2157008379.728226,906000000.0,339790075.093439,906000.0,0.09978442741441948,-0.35574288397995446,-0.464778457429356,598,89916812.94912504,미도달,740425213.3962462,420590136.52212244,60190389.09039014,-0.9563445571227456,2009-01-02,해당 없음,해당 없음,P3,기본,롤링14년 2001-08-01,14
2083700871.614395,910500000.0,315599202.9324514,910500.0,0.09566156163437758,-0.35968223760658136,-0.45334308921445465,358,74700311.72570875,2015-07-17,768329687.6264043,444744473.70397794,62543463.99152693,-0.9398672905020786,2009-01-02,해당 없음,해당 없음,P3,기본,롤링14년 2001-09-04,14
2093398487.3578317,906000000.0,319182263.82843244,906000.0,0.09648230621125438,-0.3661175647794842,-0.4604986330411963,265,55175652.90241501,2015-07-15,809430487.6974155,478733790.39904726,65063468.889944635,-0.9398672905020785,2009-01-02,해당 없음,해당 없음,P3,기본,롤링14년 2001-10-01,14
2160428057.5627923,906000000.0,338883060.7448095,906000.0,0.09997252936292918,-0.35778627898060034,-0.4519373530916765,350,71165490.25040281,2015-08-17,752659355.3369042,437767979.7020962,61299536.94276011,-0.9398672905020787,2009-01-02,해당 없음,해당 없음,P3,기본,롤링14년 2001-11-01,14
2150716263.8695827,910500000.0,335876883.2864834,910500.0,0.0991842320948904,-0.3542553598868359,-0.45257839348415185,404,75445859.48945658,미도달,728264575.0007565,421619436.8903447,59314470.7723065,-0.9398672905020785,2009-01-02,해당 없음,해당 없음,P3,기본,롤링14년 2001-12-03,14
2107888029.9422288,906000000.0,325614311.9624692,906000.0,0.09723580497227267,-0.35078216048513877,-0.4551663812886022,472,78349602.29864559,미도달,711516012.6772178,411384194.8614241,57574424.92719688,-0.9321178085964502,2009-01-02,해당 없음,해당 없음,P3,기본,롤링14년 2002-01-02,14
2069861064.8490267,906000000.0,310620789.71602905,906000.0,0.09526339072158937,-0.3522205718910295,-0.4326313908342566,406,72879286.26338215,미도달,755607464.3277588,455740520.02908397,57778358.793327324,-0.9093580728866286,2009-01-02,해당 없음,해당 없음,P3,기본,롤링14년 2002-02-01,14
2111388802.2046573,906000000.0,322152287.6272428,906000.0,0.09742197497963047,-0.35523012529558096,-0.4361418968054721,388,69206131.15094441,미도달,753462888.4404389,459379493.32735485,57554944.01215728,-0.9086618742146708,2009-01-02,해당 없음,해당 없음,P3,기본,롤링14년 2002-03-01,14
2065867825.4325938,906000000.0,309494405.33864427,906000.0,0.09500596673395419,-0.34846971169931096,-0.4166200744812574,391,68930003.32706404,미도달,743567692.0956419,452926966.7835579,56598736.798630945,-0.8968061364055568,2009-01-02,해당 없음,해당 없음,P3,기본,롤링14년 2002-04-01,14
2080444256.4202337,906000000.0,313123319.25927144,906000.0,0.0958189051818765,-0.3078037202400309,-0.35831360005982815,337,58524001.54658744,미도달,757090942.9269783,467213505.36034286,57888723.06467627,-0.8968061364055567,2009-01-02,해당 없음,해당 없음,P3,기본,롤링14년 2002-05-01,14
2243810483.1248765,910500000.0,357312450.6672142,910500.0,0.10383636713833716,-0.2580388209745509,-0.28854917480406084,247,45586307.151410535,2016-05-31,776349803.6934063,485634903.40619135,59885614.990732424,-0.8968061364055567,2009-01-02,해당 없음,해당 없음,P3,기본,롤링14년 2002-06-03,14
2229127958.082516,906000000.0,353611204.17021334,906000.0,0.1033886879926835,-0.2147924596241465,-0.2564642098483414,66,30030514.850319803,2015-07-20,802704984.7592571,510823431.2244117,62485411.20068993,-0.8968061364055568,2009-01-02,해당 없음,해당 없음,P3,기본,롤링14년 2002-07-01,14
2320712210.391476,906000000.0,378385980.30701333,906000.0,0.10785476229590386,-0.21460954626310946,-0.25588578677340756,17,14066543.169134319,2015-07-16,829394459.673465,535712792.6309645,65168370.69286047,-0.8968061364055568,2009-01-02,해당 없음,해당 없음,P3,기본,롤링14년 2002-08-01,14
2331203472.7961645,910500000.0,380238850.9928498,910500.0,0.10801836236303335,-0.21455310285838824,-0.2561813465872773,18,14326964.503968477,2015-07-16,818987885.8071588,529820658.3762542,64054409.29154874,-0.896806136405557,2009-01-02,해당 없음,해당 없음,P3,기본,롤링14년 2002-09-03,14
2297975867.3285284,906000000.0,372130956.4704335,906000.0,0.10671135232532582,-0.21461366252555159,-0.2563817438152829,8,12608207.846390784,2015-07-17,812816265.4298636,527800868.63675827,63391772.931479104,-0.8968061364055567,2009-01-02,해당 없음,해당 없음,P3,기본,롤링14년 2002-10-01,14
2272423197.7168465,906000000.0,366104087.554527,906000.0,0.1054730858713283,-0.2154362708781674,-0.2573695574885473,41,17185769.26404175,2016-06-01,772489221.8058038,494626416.32669467,59595284.877205364,-0.8968061364055568,2009-01-02,해당 없음,해당 없음,P3,기본,롤링14년 2002-11-01,14
2269142402.859351,910500000.0,364515782.2231619,910500.0,0.1050845361344448,-0.21601788744188988,-0.25817012994981914,104,24690985.166394144,2016-10-24,750296148.451755,473726305.23333496,57060923.00438994,-0.8968061364055568,2009-01-02,해당 없음,해당 없음,P3,기본,롤링14년 2002-12-02,14
2419034533.4082108,906000000.0,407557452.4906912,906000.0,0.11235517344203977,-0.21576089642252283,-0.25785976343777084,39,12996586.143284857,2016-08-22,762156681.1970844,490060037.1133661,58480533.57189237,-0.8968061364055568,2009-01-02,해당 없음,해당 없음,P3,기본,롤링14년 2003-01-02,14
2415023649.702593,910500000.0,402988886.77414536,910500.0,0.1118702050005903,-0.21554394891599282,-0.257604941490699,10,5207638.91793558,2016-06-01,825427233.2963134,546690639.2274097,59215246.176562026,-0.896806136405557,2009-01-02,해당 없음,해당 없음,P3,기본,롤링14년 2003-02-03,14
2534834032.8357987,910500000.0,436812771.56986165,910500.0,0.11721943044614153,-0.21568313939406003,-0.25779964125420407,2,1480725.6865376234,2016-07-20,820815899.0487568,543688248.5713388,58739398.489843175,-0.8968061364055568,2009-01-02,해당 없음,해당 없음,P3,기본,롤링14년 2003-03-03,14
2415268488.845314,906000000.0,405254827.6141353,906000.0,0.11217368128297929,-0.2162937119536147,-0.25879562100020215,4,3553653.5911939144,2016-11-15,782692249.5814846,515404620.3686013,55135644.47120322,-0.8968061364055567,2009-01-02,해당 없음,해당 없음,P3,기본,롤링14년 2003-04-01,14
2455929937.373352,906000000.0,417340178.366392,906000.0,0.1140727484821322,-0.2166554460326775,-0.25938194887925514,3,1362746.9368589818,2016-11-21,751877964.8023417,492147492.28276724,52773644.722101316,-0.896806136405557,2009-01-02,해당 없음,해당 없음,P3,기본,롤링14년 2003-05-01,14
2464887927.020378,910500000.0,419306545.554388,910500.0,0.11417001115320739,-0.21708402622567335,-0.26010203686948374,21,8556591.33127883,2016-12-15,722117326.2439103,470069452.3203769,50162180.686059676,-0.8968061364055567,2009-01-02,해당 없음,해당 없음,P3,기본,롤링14년 2003-06-02,14
2427844020.6653943,906000000.0,410521836.9118453,906000.0,0.11274922243506763,-0.21725563905059564,-0.2604056400294984,22,10065159.733737856,2016-12-19,711577384.5787439,462911549.47956836,49169003.769288994,-0.8968061364055568,2009-01-02,해당 없음,해당 없음,P3,기본,롤링14년 2003-07-01,14
2454995792.6995916,906000000.0,418768333.1531683,906000.0,0.11395141223273664,-0.2174367787677196,-0.2607202432493576,25,11745279.42920518,2016-12-22,699749876.6187854,454551853.8363989,48152608.83211551,-0.8968061364055567,2009-01-02,해당 없음,해당 없음,P3,기본,롤링14년 2003-08-01,14
2446585736.7787914,910500000.0,416294789.42914474,910500.0,0.11333954486547063,-0.21784674968077167,-0.2614268716245961,59,20480830.854037225,2017-02-17,678552655.7312635,437052573.33149445,45962187.63324216,-0.8968061364055567,2009-01-02,해당 없음,해당 없음,P3,기본,롤링14년 2003-09-02,14
2503793422.2920384,906000000.0,433300093.8582704,906000.0,0.116129278488725,-0.21782985158754553,-0.26145300883913536,48,15453254.545302093,2017-02-17,679227715.3968999,440000408.33759594,46045891.16645529,-0.8968061364055568,2009-01-02,해당 없음,해당 없음,P3,기본,롤링14년 2003-10-01,14
2489865688.984091,910500000.0,429633989.62605137,910500.0,0.11523051763150759,-0.21829762085696347,-0.2623428011358079,128,28263036.818240583,2017-03-03,651503044.0216771,418230701.096153,43262935.06594424,-0.8968061364055568,2009-01-02,해당 없음,해당 없음,P3,기본,롤링14년 2003-11-03,14
2477703045.934621,906000000.0,427776765.8754101,906000.0,0.11495055938155326,-0.21850045943781315,-0.26283740059256744,137,31628889.779435456,2017-04-27,640681546.1305447,411538875.03033936,42096875.42463442,-0.8968061364055567,2009-01-02,해당 없음,해당 없음,P3,기본,롤링14년 2003-12-01,14
2442359356.842962,906000000.0,418161205.9615074,906000.0,0.11344233640704217,-0.2187185491145246,-0.26336922955652264,345,35255967.9565413,2017-05-05,629483987.4156842,404505842.2228292,40892096.325201266,-0.8968061364055568,2009-01-02,해당 없음,해당 없음,P3,기본,롤링14년 2004-01-02,14
2609025787.939227,910500000.0,462038475.9139147,910500.0,0.12033911739962568,-0.21898241067078106,-0.26381362804602404,345,34969504.88663697,2017-05-25,937312918.9961666,691361527.5137496,40223248.65184604,-0.8968061364055568,2009-01-02,해당 없음,해당 없음,P3,기본,롤링14년 2004-02-02,14
2535087353.703762,906000000.0,442711253.0296496,906000.0,0.11748798238689634,-0.2194416247806168,-0.2645839286815812,430,37518574.41341281,2017-06-01,924071432.3249617,682017794.1602018,39102870.36669973,-0.896806136405557,2009-01-02,해당 없음,해당 없음,P3,기본,롤링14년 2004-03-01,14
2415257583.7894053,906000000.0,408359106.68683213,906000.0,0.11225268360504827,-0.2192240766608179,-0.26421904068306123,134,29711083.098513544,2017-05-30,930034192.8182042,689156904.4538226,39628561.816837825,-0.8968061364055567,2009-01-02,해당 없음,해당 없음,P3,기본,롤링14년 2004-04-01,14
2436302685.934101,910500000.0,412896333.6931828,910500.0,0.11289893385989593,-0.21943565012436295,-0.26457390836528905,129,28428493.034761906,2017-06-01,923773204.0243616,686895729.6852854,39117187.84813539,-0.8968061364055568,2009-01-02,해당 없음,해당 없음,P3,기본,롤링14년 2004-05-03,14
2518850092.028544,906000000.0,437960704.0088335,906000.0,0.1167709844528147,-0.21980863556804475,-0.26523467174418425,135,30307796.20222473,2017-06-02,911901806.4816295,676319084.9905374,38119819.140331544,-0.8968061364055568,2009-01-02,해당 없음,해당 없음,P3,기본,롤링14년 2004-06-01,14
2580745062.090708,906000000.0,455648043.68311894,906000.0,0.11946081472385077,-0.21993359006066915,-0.26557272431807,135,30602964.448021114,2017-07-19,902812993.6098164,669577593.7108245,37416953.14494167,-0.8968061364055568,2009-01-02,해당 없음,해당 없음,P3,기본,롤링14년 2004-07-01,14
2684790839.3643136,910500000.0,483190553.4062796,910500.0,0.12350674948321716,-0.2199318871856889,-0.2655681170720794,123,26038438.665403783,2017-07-19,902623645.2429535,673448200.3226943,37426411.18702893,-0.8968061364055568,2009-01-02,해당 없음,해당 없음,P3,기본,롤링14년 2004-08-02,14
2801147179.071714,906000000.0,517040967.1303388,906000.0,0.12830560893215268,-0.21996884258335136,-0.26566810415330333,72,22933738.375283897,2017-07-19,899814102.5069754,673544576.313386,37221891.4334692,-0.8968061364055566,2009-01-02,해당 없음,해당 없음,P3,기본,롤링14년 2004-09-01,14
2738670767.0886765,906000000.0,500431184.8342399,906000.0,0.12593960171459168,-0.2202858355366144,-0.2665259054200304,135,29984375.546388865,2017-08-09,876050587.4649805,654353583.8571115,35528834.08175654,-0.8968061364055568,2009-01-02,해당 없음,해당 없음,P3,기본,롤링14년 2004-10-01,14
2554962145.7982674,906000000.0,448790013.2076465,906000.0,0.11830335568839866,-0.22036245672222476,-0.2667332826137886,129,28168661.58732742,2017-09-06,870381435.1594329,649989147.9933925,35135381.64515214,-0.8968061364055571,2009-01-02,해당 없음,해당 없음,P3,기본,롤링14년 2004-11-01,14
2512486720.6141996,906000000.0,437309702.30939865,906000.0,0.11648626512742957,-0.22051516599838938,-0.26712398062529386,129,28776684.57426822,2017-09-13,859015902.053792,640375730.2727033,34386238.55443434,-0.896806136405557,2009-01-02,해당 없음,해당 없음,P3,기본,롤링14년 2004-12-01,14
2311900316.2827215,910500000.0,371858020.52733845,910500.0,0.10711994460906392,-0.2660289967606734,-0.26973557320419805,129,28143794.74615848,2017-09-28,928083382.5781239,658686184.3285983,76178036.63686992,-0.48118249787727363,2019-01-02,해당 없음,해당 없음,P3,기본,롤링14년 2005-01-03,14
2481408502.6551356,906000000.0,420403704.37088245,906000.0,0.11510139625816414,-0.22211887155847032,-0.26723218640162594,59,21176361.078010082,2017-09-27,932397107.7827228,665978632.995487,76443227.37612258,-0.48118249787727396,2019-01-02,해당 없음,해당 없음,P3,기본,롤링14년 2005-02-01,14
2575994745.2054834,906000000.0,447131037.7242284,906000.0,0.11923767588513681,-0.222097850784574,-0.2674540074815136,55,19510783.43421632,2017-09-29,926721073.1319706,662970862.8108068,76071223.48108566,-0.48118249787727385,2019-01-02,해당 없음,해당 없음,P3,기본,롤링14년 2005-03-01,14
2680333941.1601114,906000000.0,476254064.8388026,906000.0,0.12361420003231398,-0.22209715316640333,-0.2674435168421353,25,14877779.101229131,2017-09-29,926772862.8327308,665772943.377837,76058199.8517255,-0.4811824978772741,2019-01-02,해당 없음,해당 없음,P3,기본,롤링14년 2005-04-01,14
2863793740.622895,910500000.0,526419423.41123253,910500.0,0.1305452201487197,-0.2220978870269783,-0.26741695167740154,4,10040515.057745218,2017-09-29,927117258.3915658,668853030.0072752,76070436.6714674,-0.48118249787727385,2019-01-02,해당 없음,해당 없음,P3,기본,롤링14년 2005-05-02,14
2632086937.4773717,906000000.0,463858427.182211,906000.0,0.12156645614568513,-0.22197899110841446,-0.2688259044881841,51,22552987.455738664,2017-10-27,893911387.264163,639061105.2485379,73988535.66478117,-0.48118249787727385,2019-01-02,해당 없음,해당 없음,P3,기본,롤링14년 2005-06-01,14
2755941524.188057,906000000.0,498796786.27148044,906000.0,0.12664572833540882,-0.22194657028333642,-0.26920168521688537,51,22339292.597224236,2017-11-03,885218700.5832399,635387816.6325437,73417811.50224963,-0.4811824978772741,2019-01-02,해당 없음,해당 없음,P3,기본,롤링14년 2005-07-01,14
2821227113.5583925,906000000.0,518220707.18355,906000.0,0.1291009411840642,-0.2218598894816728,-0.2703226762666603,104,30064325.29793787,2017-12-18,861682931.2962569,613873464.5320278,71916917.31395525,-0.4811824978772734,2019-01-02,해당 없음,해당 없음,P3,기본,롤링14년 2005-08-01,14
2819501189.9392557,906000000.0,517754271.9933591,906000.0,0.12905638361918226,-0.2218874413473938,-0.27063190070701304,96,28875447.528530955,2017-12-18,855045706.1419964,610554218.0381728,71482858.42522979,-0.4811824978772735,2019-01-02,해당 없음,해당 없음,P3,기본,롤링14년 2005-09-01,14
2733051427.122499,910500000.0,492570853.7732377,910500.0,0.12542330167509133,-0.2221674333918624,-0.2713988772561279,126,32290746.520701528,2018-01-12,839642889.8251503,598516417.1708577,70491603.78302963,-0.48118249787727374,2019-01-02,해당 없음,해당 없음,P3,기본,롤링14년 2005-10-03,14
2833057932.36662,906000000.0,521903571.43050945,906000.0,0.12953668646172775,-0.22219589066117107,-0.27147687513761265,96,28572857.822882473,2018-01-12,837869852.2072825,599154676.765686,70370232.33563776,-0.48118249787727363,2019-01-02,해당 없음,해당 없음,P3,기본,롤링14년 2005-11-01,14
2909204032.9630723,906000000.0,544458807.3001838,906000.0,0.13245827413971015,-0.22274498788828512,-0.2727999540959999,224,38545759.667656004,2018-01-22,808850268.3583127,574411573.7934117,68590768.6869887,-0.48118249787727374,2019-01-02,해당 없음,해당 없음,P3,기본,롤링14년 2005-12-01,14
3037998935.3152046,910500000.0,577943757.4257622,910500.0,0.1368792092276022,-0.222718872677671,-0.2727407515330845,182,33386856.374323606,2018-01-22,1216284246.3912473,940158817.2886524,68647229.69828436,-0.4811824978772735,2019-01-02,해당 없음,해당 없음,P3,기본,롤링14년 2006-01-03,14
3118734293.424636,906000000.0,601968269.1380213,906000.0,0.13990983628013443,-0.22276540770710707,-0.27284624389410206,104,30058792.038782537,2018-01-22,1212983172.1129403,937958406.9750701,68493282.54522046,-0.4811824978772735,2019-01-02,해당 없음,해당 없음,P3,기본,롤링14년 2006-02-01,14
2932362924.0879083,906000000.0,549568060.3993099,906000.0,0.13331335750795456,-0.236905372392487,-0.2732960329754591,117,30447425.29462737,2018-01-23,1199382920.488929,928767697.0221908,67857096.32237917,-0.4811824978772741,2019-01-02,해당 없음,해당 없음,P3,기본,롤링14년 2006-03-01,14
2571513131.513695,910500000.0,446784681.13262445,910500.0,0.11876825211346176,-0.3240549908780409,-0.32601253972955735,129,31448604.706543982,2018-06-12,1184348568.4639287,917196150.0807679,67158891.3936907,-0.48118249787727363,2019-01-02,해당 없음,해당 없음,P3,기본,롤링14년 2006-04-03,14
2852766931.830406,906000000.0,527214806.2138645,906000.0,0.1302929045018332,-0.2896807597104847,-0.290615475186788,86,27237470.229014754,2018-06-13,1183179082.6066823,918327473.6492043,67099212.971646465,-0.48118249787727374,2019-01-02,해당 없음,해당 없음,P3,기본,롤링14년 2006-05-01,14
3070300432.386466,906000000.0,588331392.8864317,906000.0,0.13830545762120353,-0.28967976255075056,-0.290615101179051,51,22777722.86552608,2018-06-13,1182393628.053751,921140655.9435399,67053253.44072342,-0.48118249787727385,2019-01-02,해당 없음,해당 없음,P3,기본,롤링14년 2006-06-01,14
3136764364.4305773,910500000.0,605754505.6237519,910500.0,0.14034408694006759,-0.2896739801599122,-0.2906129315541429,22,20173410.437321544,2018-06-14,1176798983.2579584,918881907.6973598,66787750.50877105,-0.48118249787727374,2019-01-02,해당 없음,해당 없음,P3,기본,롤링14년 2006-07-03,14
3300845400.1321807,906000000.0,652931635.0631973,906000.0,0.14603545036449228,-0.28967098565250793,-0.2906118127073677,5,16354857.456392527,2018-06-14,1175316061.3381033,921679292.6046929,66650427.81700504,-0.48118249787727363,2019-01-02,해당 없음,해당 없음,P3,기본,롤링14년 2006-08-01,14
3529420948.2438188,906000000.0,718792348.6060718,906000.0,0.15322447591707392,-0.2896302687911083,-0.2905968238332095,31,26463800.780102134,2018-07-09,1130993914.1796849,884809748.6044225,64823577.08952777,-0.4811824978772743,2019-01-02,해당 없음,해당 없음,P3,기본,롤링14년 2006-09-01,14
3254539984.1786876,910500000.0,640320403.1367292,910500.0,0.14433338323166756,-0.28961415579554184,-0.29059101333893844,35,27497362.369874597,2018-07-12,1114986628.774155,871953485.2654915,64119156.4688778,-0.48118249787727385,2019-01-02,해당 없음,해당 없음,P3,기본,롤링14년 2006-10-02,14
2989936560.9245453,906000000.0,567506146.4770353,906000.0,0.135378749115885,-0.2895900667551633,-0.290584411044745,91,32298542.248000234,2018-07-18,1088720555.9184935,849668908.0829828,62956456.35270655,-0.4811824978772734,2019-01-02,해당 없음,해당 없음,P3,기본,롤링14년 2006-11-01,14
3224706085.771874,906000000.0,634124159.4908247,906000.0,0.14351401706432398,-0.28956927397508814,-0.2905789197499469,117,35663160.92828271,2018-08-29,1067307140.461395,831161516.4564407,61972056.50302391,-0.4811824978772741,2019-01-02,해당 없음,해당 없음,P3,기본,롤링14년 2006-12-01,14
3330359558.2327147,906000000.0,664050393.9089658,906000.0,0.14699705205632319,-0.28955891640263987,-0.2905762436729641,100,34751370.34417549,2018-08-29,1057192543.0908191,824635297.1823419,61488963.1323352,-0.48118249787727396,2019-01-02,해당 없음,해당 없음,P3,기본,롤링14년 2007-01-03,14
3334167307.4887366,906000000.0,653725127.7263322,906000.0,0.14715988518863068,-0.2895338898210812,-0.2905696133931568,121,39125187.61590433,2019-04-08,1381554580.4505005,1127625241.277056,60361521.94480116,-0.48118249787727374,2019-01-02,해당 없음,해당 없음,P3,기본,롤링14년 2007-02-01,14
3377291660.5417333,906000000.0,665877523.0175657,906000.0,0.14861261311818919,-0.2895304414291139,-0.29056868661311896,117,35624210.70460603,2019-04-08,1377668223.4322364,1126178652.3999388,60210395.21960699,-0.48118249787727363,2019-01-02,해당 없음,해당 없음,P3,기본,롤링14년 2007-03-01,14
3524370769.142952,910500000.0,706453231.8917177,910500.0,0.15293522059814305,-0.28951515623712676,-0.2905646471368487,121,36287870.24330017,2019-04-23,1360115206.4886477,1111823883.3885672,59544382.08717168,-0.4811824978772741,2019-01-02,해당 없음,해당 없음,P3,기본,롤링14년 2007-04-02,14
3545893853.301171,906000000.0,714604510.7268544,906000.0,0.1537685690799479,-0.2894847408545479,-0.2905569480845458,178,42225138.001095,2019-04-24,1325705218.791185,1080464483.6128845,58241406.221254066,-0.4811824978772741,2019-01-02,해당 없음,해당 없음,P3,기본,롤링14년 2007-05-01,14
3501289331.8144507,906000000.0,702613886.9800869,906000.0,0.15251760127108488,-0.2894610203289564,-0.2905512536929621,195,45551135.17048007,2019-05-03,1299353042.5225768,1057671065.8548803,57245947.81960641,-0.48118249787727374,2019-01-02,해당 없음,해당 없음,P3,기본,롤링14년 2007-06-01,14
3686534098.173744,910500000.0,753714734.823333,910500.0,0.1577842008103947,-0.2894531325663965,-0.2905494193789785,181,43580003.16633698,2019-07-02,1290709457.7839897,1050599633.8383235,56919332.45515206,-0.48118249787727363,2019-01-02,해당 없음,해당 없음,P3,기본,롤링14년 2007-07-02,14
3821405136.3086014,906000000.0,793054584.6113263,906000.0,0.16182835435285878,-0.2894481553839089,-0.2905482769134533,178,40618395.35464352,2019-07-02,1285329274.4696045,1046777850.2969618,56714396.21695243,-0.48118249787727385,2019-01-02,해당 없음,해당 없음,P3,기본,롤링14년 2007-08-01,14
3935806559.44341,910500000.0,824762436.8079331,910500.0,0.16471689361056813,-0.2894193224165187,-0.29054188528368474,196,45380898.59365836,2019-07-10,1254454670.3666244,1019639047.9187983,55541020.90391277,-0.48118249787727396,2019-01-02,해당 없음,해당 없음,P3,기본,롤링14년 2007-09-04,14
3704041705.4411206,906000000.0,761135668.5279129,906000.0,0.15843283389838192,-0.2893983124612216,-0.29053746464313723,210,47520693.324517906,2019-07-24,1232405122.0783625,1000001678.3265555,54703521.88496608,-0.48118249787727385,2019-01-02,해당 없음,해당 없음,P3,기본,롤링14년 2007-10-01,14
3952873384.5424376,906000000.0,831525166.2811551,906000.0,0.16547969794991224,-0.2893868246311221,-0.29053512699186923,210,46681307.4803265,2019-07-26,1220480200.9024897,988743411.1389611,54252248.493823476,-0.48118249787727396,2019-01-02,해당 없음,해당 없음,P3,기본,롤링14년 2007-11-01,14
3959915480.5938697,910500000.0,832212712.7365868,910500.0,0.16541132621559732,-0.28938372945595325,-0.2905345061041943,196,42682474.16275743,2019-07-26,1217582098.4748807,990578558.8869998,54131167.59127823,-0.4811824978772735,2019-01-02,해당 없음,해당 없음,P3,기본,롤링14년 2007-12-03,14
4109087851.783469,906000000.0,875831363.0519998,906000.0,0.1695523109344287,-0.2893692857620713,-0.29053166543238684,205,42431938.003121465,2019-11-01,1202985464.371877,979497354.9515939,53570923.379647195,-0.4811824978772741,2019-01-02,해당 없음,해당 없음,P3,기본,롤링14년 2008-01-02,14
3929169453.4639955,906000000.0,812785473.9138579,906000.0,0.16472381033707184,-0.28937875145607084,-0.2905335156323844,152,34450722.121099055,2019-10-28,1610979185.6414037,1378041565.9786687,53937289.39704878,-0.4811824978772741,2019-01-02,해당 없음,해당 없음,P3,기본,롤링14년 2008-02-01,14
3842880406.0608187,910500000.0,786749094.0730548,910500.0,0.1622449153317117,-0.2893871406123738,-0.2905351872699359,100,26952604.506264716,2019-07-26,1622137580.0905805,1392231870.373941,54264706.003426984,-0.48118249787727363,2019-01-02,해당 없음,해당 없음,P3,기본,롤링14년 2008-03-03,14
3855969241.465078,906000000.0,793153878.8974979,906000.0,0.1627780272980093,-0.2893433633170204,-0.29052675226308466,180,35904165.024624825,2019-11-14,1566241066.8705375,1339597434.040615,52584522.953251645,-0.4811824978772741,2019-01-02,해당 없음,해당 없음,P3,기본,롤링14년 2008-04-01,14
3531992577.26709,906000000.0,703050364.2864277,906000.0,0.15340916527150475,-0.2893019001887144,-0.2905189850674109,229,43471024.10699195,2019-11-27,1515984784.7204826,1292642888.8049662,51073341.074757695,-0.48118249787727374,2019-01-02,해당 없음,해당 없음,P3,기본,롤링14년 2008-05-01,14
3440317735.98857,910500000.0,676440655.957432,910500.0,0.15035341152412943,-0.2892822965352978,-0.29051548101928115,236,44408023.760059655,2019-12-11,1492903333.00397,1272175820.1362026,50380369.44304884,-0.48118249787727374,2019-01-02,해당 없음,해당 없음,P3,기본,롤링14년 2008-06-02,14
3356549311.949597,906000000.0,653745845.8636386,906000.0,0.14788132854685854,-0.2892889780333149,-0.2905166519788871,205,37693932.14613977,2019-12-06,1500353732.062098,1283241502.0052094,50615687.831633456,-0.48118249787727385,2019-01-02,해당 없음,해당 없음,P3,기본,롤링14년 2008-07-01,14
3614375710.7783093,906000000.0,725948063.378224,906000.0,0.15591099590396557,-0.289301304357779,-0.2905188729498964,152,29499445.090621322,2019-11-27,1515031800.5323684,1298824697.0338671,51053069.66875404,-0.4811824978772742,2019-01-02,해당 없음,해당 없음,P3,기본,롤링14년 2008-08-01,14
3474399241.2257657,910500000.0,687319570.5127481,910500.0,0.15139566089484946,-0.28923430609609435,-0.29050666924904966,236,42865808.024955004,2020-01-02,1438429912.4934192,1230581729.4513214,48766308.96313977,-0.48118249787727374,2019-01-02,해당 없음,해당 없음,P3,기본,롤링14년 2008-09-02,14
3380955241.5707254,906000000.0,662256387.8277284,906000.0,0.14864189907322992,-0.2892401423919264,-0.29050790835803264,203,36218767.671351016,2020-01-02,1440620872.3475697,1242026192.0585124,48950299.46325415,-0.48118249787727385,2019-01-02,해당 없음,해당 없음,P3,기본,롤링14년 2008-10-01,14
3572824861.238735,910500000.0,713505837.2720942,910500.0,0.1543695304645628,-0.2892931215591813,-0.29051738216056455,32,16087758.473730922,2019-12-06,1493796461.28045,1304428454.1868062,50762216.75137643,-0.48118249787727363,2019-01-02,해당 없음,해당 없음,P3,기본,롤링14년 2008-11-03,14
3618875347.574062,906000000.0,726714577.661664,906000.0,0.15595082980610303,-0.2893071106627787,-0.29051994482030996,9,7563154.269209266,2019-11-26,1516484321.6392071,1332459034.369333,51258131.16640601,-0.48118249787727374,2019-01-02,해당 없음,해당 없음,P3,기본,롤링14년 2008-12-01,14
3223523339.701839,906000000.0,617243230.935489,906000.0,0.1435362566209532,-0.2906371327700169,-0.30004683852333114,37,17310630.1316337,2019-12-24,1450781739.232195,1271008901.840284,49454058.81082508,-0.48118249787727396,2019-01-02,해당 없음,해당 없음,P3,기본,롤링14년 2009-01-02,14
3533912641.3380904,910500000.0,692793657.5254856,910500.0,0.1531988880039277,-0.2892691810016823,-0.2905132145702194,9,11546279.108711243,2019-12-19,1924389073.7616622,1460907447.5362866,454432294.8866416,-0.8082480024052339,2023-01-03,해당 없음,해당 없음,P3,기본,롤링14년 2009-02-02,14
3582617814.803169,910500000.0,706213635.2542562,910500.0,0.15474158711340447,-0.2892748357571182,-0.2905141802777067,5,9029245.825149268,2019-12-12,1937962622.4052866,1475734391.492071,456167400.46693397,-0.8082480024052343,2023-01-03,해당 없음,해당 없음,P3,기본,롤링14년 2009-03-02,14
3706404283.403493,906000000.0,744346754.94308,906000.0,0.15853821969130277,-0.2892178441798222,-0.2905032040924288,2,5640268.18969506,2020-01-06,1846633685.2814817,1398978394.333345,439622616.19118035,-0.8082480024052344,2023-01-03,해당 없음,해당 없음,P3,기본,롤링14년 2009-04-01,14
3719828103.239024,906000000.0,749548003.2849184,906000.0,0.15902647418906363,-0.2891724169423239,-0.29049387271296767,5,6775501.524480313,2020-01-21,1780186445.6350327,1343330041.9738216,427457237.6871562,-0.8082480024052342,2023-01-03,해당 없음,해당 없음,P3,기본,롤링14년 2009-05-01,14
3777086295.906864,906000000.0,766995494.578923,906000.0,0.16056300205570018,-0.2891301783968614,-0.29048550041907284,6,6598856.745306551,2020-02-04,1728922719.0290465,1300452983.3985267,416626634.3625722,-0.8082480024052343,2023-01-03,해당 없음,해당 없음,P3,기본,롤링14년 2009-06-01,14
3996886658.4254856,906000000.0,829535734.0572999,906000.0,0.1666422308605289,-0.2891096195551698,-0.29048153204790994,7,7191709.800858408,2020-02-05,1705491107.780654,1281819321.4797263,411512599.64669853,-0.8082480024052341,2023-01-03,해당 없음,해당 없음,P3,기본,롤링14년 2009-07-01,14
3890178048.8113694,910500000.0,799837699.529701,910500.0,0.1635402050939223,-0.28903491958131144,-0.2904526969665938,1,778387.06050089,2020-02-19,1640993608.593918,1226444390.3767247,398017027.4418748,-0.8082480024052342,2023-01-03,해당 없음,해당 없음,P3,기본,롤링14년 2009-08-03,14
3916492260.3691993,906000000.0,809171682.8550646,906000.0,0.1644298284804459,-0.289000630948435,-0.2904396499093388,3,2518954.884924829,2020-07-20,1613939110.1697466,1206294077.6086035,392047746.61585164,-0.8082480024052342,2023-01-03,해당 없음,해당 없음,P3,기본,롤링14년 2009-09-01,14
3689194825.51498,906000000.0,745332747.6967654,906000.0,0.15807137958892883,-0.2889885306787473,-0.29043506318587153,1,308691.308691293,2020-07-20,1604078705.086082,1197838294.775264,389983878.55586463,-0.8082480024052342,2023-01-03,해당 없음,해당 없음,P3,기본,롤링14년 2009-10-01,14
3618008113.355519,910500000.0,724733065.8049954,910500.0,0.1557563238890667,-0.2889514851382885,-0.29042168061417517,1,308691.3086912632,2020-08-03,1575252721.5943604,1175214340.2766533,383607418.2020376,-0.8082480024052342,2023-01-03,해당 없음,해당 없음,P3,기본,롤링14년 2009-11-02,14
3725949335.764247,906000000.0,758196040.776059,906000.0,0.15908850612086411,-0.2888818234142164,-0.29039738036652585,19,8813016.29193762,2020-08-18,1520064287.621697,1129459309.2663965,371953598.1619966,-0.8082480024052342,2023-01-03,해당 없음,해당 없음,P3,기본,롤링14년 2009-12-01,14
3865912148.2322345,910500000.0,791937518.3752512,910500.0,0.16281305140787466,-0.2888348776300985,-0.2903808871400029,48,13091541.612303674,2020-08-24,2241974745.8338475,1643561571.8058212,364518744.7692498,-0.8082480024052343,2023-01-03,해당 없음,해당 없음,P3,기본,롤링14년 2010-01-04,14
4085888175.171064,906000000.0,854912207.324138,906000.0,0.16894022515264598,-0.2888438352074637,-0.2903840057794942,11,6586655.208745927,2020-08-21,2251053092.8256397,1655660418.7311988,365907022.34046125,-0.8082480024052342,2023-01-03,해당 없음,해당 없음,P3,기본,롤링14년 2010-02-01,14
4218989574.170282,906000000.0,893255864.3243583,906000.0,0.1724012419647812,-0.2888035523596759,-0.29037036902776026,7,3330242.394978225,2020-08-26,2210642674.1078396,1622592618.8695774,359586749.83344424,-0.8082480024052341,2023-01-03,해당 없음,해당 없음,P3,기본,롤링14년 2010-03-01,14
4283939229.896208,906000000.0,912601788.3471086,906000.0,0.17416027302919446,-0.28875270402868414,-0.29035412444371134,22,8541163.943199843,2020-08-31,2160319096.0972395,1580495676.516798,351695351.2279236,-0.8082480024052342,2023-01-03,해당 없음,해당 없음,P3,기본,롤링14년 2010-04-01,14
4126189326.894129,910500000.0,867650989.7089721,910500.0,0.1698386901186031,-0.28871177548654015,-0.29034274251525694,63,11862542.679020882,2020-09-01,2119115166.76423,1546868276.1512127,345217874.52616405,-0.8082480024052341,2023-01-03,해당 없음,해당 없음,P3,기본,롤링14년 2010-05-03,14
4350675816.065974,906000000.0,932219318.7003359,906000.0,0.17566890910492483,-0.2887084112004741,-0.29034259151598496,22,7808236.089435816,2020-09-01,2114794042.146111,1548852117.8214414,344506872.76674366,-0.8082480024052341,2023-01-03,해당 없음,해당 없음,P3,기본,롤링14년 2010-06-01,14
4563937890.601644,906000000.0,991966300.9621915,906000.0,0.18089733766107055,-0.28871849652835646,-0.29034398883413814,3,894447.9231242537,2020-09-01,2127266476.19345,1563032176.1273599,346366979.1694357,-0.8082480024052341,2023-01-03,해당 없음,해당 없음,P3,기본,롤링14년 2010-07-01,14
4340564520.315861,910500000.0,929017140.4580173,910500.0,0.17527461073860842,-0.2886675805349814,-0.29034086492185895,30,8315389.78271082,2020-09-02,2062230805.0801213,1507844697.4449391,336308577.7485973,-0.8082480024052343,2023-01-03,해당 없음,해당 없음,P3,기본,롤링14년 2010-08-02,14
4400124688.202314,906000000.0,946970910.5343027,906000.0,0.17690443589074922,-0.2886668233880272,-0.2903408340502468,1,308691.308691293,2021-02-04,2061612032.3900824,1510588502.0564227,336148770.0708023,-0.808248002405234,2023-01-03,해당 없음,해당 없음,P3,기본,롤링14년 2010-09-01,14
4333800680.378452,906000000.0,929809577.786189,906000.0,0.17524648472811974,-0.28861607399374467,-0.29033905115411396,3,5885278.16303882,2021-04-01,1992980177.5395064,1455101678.2455792,326434073.9068385,-0.8082480024052343,2023-01-03,해당 없음,해당 없음,P3,기본,롤링14년 2010-10-01,14
4374149848.050172,906000000.0,942770712.7922242,906000.0,0.1762201327381611,-0.2885688299180418,-0.29033776908215014,18,12611300.77511093,2021-04-09,1934701638.0217128,1408182236.5361276,317805596.5585403,-0.8082480024052343,2023-01-03,해당 없음,해당 없음,P3,기본,롤링14년 2010-11-01,14
4572213938.005565,906000000.0,999946998.7920334,906000.0,0.1810171552740309,-0.288519261013896,-0.2903368376369666,32,19138278.075192362,2021-06-10,1879478336.6261678,1364185941.9242692,309135513.63519746,-0.8082480024052341,2023-01-03,해당 없음,해당 없음,P3,기본,롤링14년 2010-12-01,14
4629488920.495129,910500000.0,997976404.3610268,910500.0,0.18211204555244936,-0.28848140122985155,-0.29033641870122073,37,22799076.726485282,2021-06-21,2121859287.9071488,1571601709.7200634,302776330.22978276,-0.8082480024052342,2023-01-03,해당 없음,해당 없음,P3,기본,롤링14년 2011-01-03,14
4630011479.255499,906000000.0,1000361466.1416676,906000.0,0.1822736582273996,-0.28845080801033507,-0.29033627389760497,65,24693063.98772061,2021-06-28,2085808269.5344453,1542206617.9956992,297790945.95743114,-0.8082480024052342,2023-01-03,해당 없음,해당 없음,P3,기본,롤링14년 2011-02-01,14
4522846501.105942,906000000.0,970913425.3312083,906000.0,0.1798495993275412,-0.28842370620483837,-0.29033629792949656,103,25588846.48194596,2021-07-01,2054669681.2137694,1518624040.5945172,293473006.0506373,-0.8082480024052343,2023-01-03,해당 없음,해당 없음,P3,기본,롤링14년 2011-03-01,14
4314759548.494159,906000000.0,912350440.2563992,906000.0,0.17479572105252456,-0.2884153457607386,-0.2903363295960184,38,22714908.16205737,2021-07-02,2045200627.8198395,1512026364.9381993,292161237.5090757,-0.8082480024052341,2023-01-03,해당 없음,해당 없음,P3,기본,롤링14년 2011-04-01,14
4134957703.4425445,910500000.0,861186176.3548079,910500.0,0.17010684729646258,-0.2883868853380678,-0.290336556334036,98,23815326.805330575,2021-07-07,2013473955.1766858,1486632061.1658058,287772814.0918766,-0.8082480024052342,2023-01-03,해당 없음,해당 없음,P3,기본,롤링14년 2011-05-02,14
4197706615.7078843,906000000.0,880111044.7258058,906000.0,0.17189610640419722,-0.28838258800887595,-0.2903366030265484,37,19974689.512699306,2021-07-07,2008760980.4374044,1485593291.02735,287105785.8847102,-0.808248002405234,2023-01-03,해당 없음,해당 없음,P3,기본,롤링14년 2011-06-01,14
4291343327.4589267,906000000.0,907154834.078227,906000.0,0.17422479980445643,-0.28835878838524354,-0.29033694038354274,37,20018035.79218462,2021-07-12,1982895754.9410644,1465330710.3682268,283525924.32081,-0.8082480024052342,2023-01-03,해당 없음,해당 없음,P3,기본,롤링14년 2011-07-01,14
4497429911.218869,906000000.0,965156880.6699855,906000.0,0.1792242578835786,-0.28835771711360114,-0.2903369525160133,32,15833206.485087425,2021-07-12,1981668468.938647,1465669502.4097507,283363181.46114635,-0.8082480024052341,2023-01-03,해당 없음,해당 없음,P3,기본,롤링14년 2011-08-01,14
4607885585.513369,906000000.0,995569563.0357867,906000.0,0.1818977478314863,-0.2883729593810129,-0.2903367158235244,3,3546211.779962063,2021-07-07,1998898031.1603942,1483940539.450195,285620094.3866343,-0.8082480024052344,2023-01-03,해당 없음,해당 없음,P3,기본,롤링14년 2011-09-01,14
4857571593.554941,910500000.0,1065533573.6950239,910500.0,0.18728642597271009,-0.28834026927629863,-0.2903371681348331,1,308691.308691293,2021-07-23,1965298174.2262657,1459150178.529815,280757369.6057007,-0.8082480024052342,2023-01-03,해당 없음,해당 없음,P3,기본,롤링14년 2011-10-03,14
4911227071.029584,906000000.0,1084072738.8029475,906000.0,0.18860531614387763,-0.28824952391529146,-0.2903164724307331,6,4258404.113854408,2021-08-13,1893069203.1275332,1398913559.3612907,271054991.1605673,-0.8082480024052339,2023-01-03,해당 없음,해당 없음,P3,기본,롤링14년 2011-11-01,14
4935258079.328959,906000000.0,1091780958.5326934,906000.0,0.18924271496095937,-0.2881998079286059,-0.29030544021202065,4,1969419.9302988648,2021-08-30,1856622246.6150117,1370734307.760042,265955894.58764836,-0.8082480024052342,2023-01-03,해당 없음,해당 없음,P3,기본,롤링14년 2011-12-01,14
4776588397.988009,910500000.0,1038175140.3065773,910500.0,0.18546732027582183,-0.28814815103173563,-0.29029851191187683,1,308691.3086913228,2021-10-28,2110612071.810503,1563968922.00955,260302309.4806221,-0.8082480024052342,2023-01-03,해당 없음,해당 없음,P3,기본,롤링14년 2012-01-03,14
4786605432.566888,906000000.0,1043921472.3787768,906000.0,0.18588794796817443,-0.28808536210871816,-0.29029772524885855,4,3658198.9834622443,2021-11-02,2048284265.8765788,1510856051.6239452,252869208.55072752,-0.8082480024052341,2023-01-03,해당 없음,해당 없음,P3,기본,롤링14년 2012-02-01,14
4671306403.405375,906000000.0,1012807997.9852304,906000.0,0.1833790868612663,-0.2880290881143909,-0.2902983085023513,28,9633988.971223146,2021-11-04,1996877568.070463,1467212297.94443,246407795.7743479,-0.8082480024052341,2023-01-03,해당 없음,해당 없음,P3,기본,롤링14년 2012-03-01,14
4543322008.946896,910500000.0,976997769.8397839,910500.0,0.1802045994303854,-0.28795460118550864,-0.2902900935736592,94,16592750.661210328,2021-12-27,1940045080.1233487,1419887685.3032079,239269157.64929554,-0.8082480024052341,2023-01-03,해당 없음,해당 없음,P3,기본,롤링14년 2012-04-02,14
4898605223.172108,906000000.0,1078701636.5942638,906000.0,0.1884020046241505,-0.2879370120362207,-0.29028781529538383,68,14428990.657815725,2021-12-27,1927341220.2507772,1412087183.6957161,237661409.6794906,-0.8082480024052343,2023-01-03,해당 없음,해당 없음,P3,기본,롤링14년 2012-05-01,14
5425138936.46984,906000000.0,1226569627.4640765,906000.0,0.19938815409880878,-0.28795953280912845,-0.2902908060581819,11,6216541.157536477,2021-12-27,1943498597.6063244,1430915752.9226496,239662968.12183577,-0.8082480024052339,2023-01-03,해당 없음,해당 없음,P3,기본,롤링14년 2012-06-01,14
5302505189.060795,910500000.0,1192005621.8109946,910500.0,0.1967324534147599,-0.2878919391461173,-0.2902820967050447,59,11469205.004546255,2023-05-18,1895446669.8383622,1390380529.4794137,233635733.0853392,-0.8082480024052341,2023-01-03,해당 없음,해당 없음,P3,기본,롤링14년 2012-07-02,14
4768665657.234512,906000000.0,1043045628.3603386,906000.0,0.18550823488922033,-0.2878681444376635,-0.2902791478536393,57,10163239.129979342,2023-05-26,1878971047.094104,1378384700.056126,231562157.11513555,-0.8082480024052342,2023-01-03,해당 없음,해당 없음,P3,기본,롤링14년 2012-08-01,14
4629949579.029375,910500000.0,1004129569.1091077,910500.0,0.1821345634836018,-0.28778661374662606,-0.29026942241667975,78,16666027.46353817,2023-06-12,1824365083.4063668,1332559286.1325796,224716536.11785153,-0.808248002405234,2023-01-03,해당 없음,해당 없음,P3,기본,롤링14년 2012-09-04,14
3028872922.0170302,1180500000.0,504165383.4465976,1180500.0,0.08109205493544507,-0.3610770227059361,-0.6899881325623716,1822,167053823.2637671,2015-07-17,1373293932.3102562,841420583.3825653,100045065.48790699,-0.9774556918274715,2019-01-02,해당 없음,해당 없음,P3,기본,롤링19년 2000-01-03,19
3252220567.5552287,1176000000.0,567317550.0586681,1176000.0,0.08695802745074896,-0.3654886510880617,-0.6899516034761841,1692,160727834.57136756,2015-07-17,1379685255.7552905,849352022.6833626,100351622.28330755,-0.9774556918274713,2019-01-02,해당 없음,해당 없음,P3,기본,롤링19년 2000-02-01,19
3358985750.1509814,1176000000.0,598742504.4812689,1176000.0,0.08958589470007822,-0.3528021468115209,-0.679977925418254,1819,161744665.29815948,2015-07-20,1359746298.3712213,833918703.2957466,99369507.99109906,-0.9774556918274714,2019-01-02,해당 없음,해당 없음,P3,기본,롤링19년 2000-03-01,19
3538979548.673121,1180500000.0,647414859.3584833,1180500.0,0.09361560532890383,-0.35241724713622524,-0.66318349991208,1819,159864714.592296,2015-12-07,1349411733.1469533,834179101.6715375,98848688.82719222,-0.9685540865353301,2019-01-02,해당 없음,해당 없음,P3,기본,롤링19년 2000-04-03,19
3762806937.1563015,1176000000.0,710345989.9444,1176000.0,0.09863002443229471,-0.35281480434163703,-0.641812425507898,1682,152656396.46693468,2015-07-20,1359364738.413679,845548718.8337438,99327606.93909508,-0.9500903972435863,2019-01-02,해당 없음,해당 없음,P3,기본,롤링19년 2000-05-01,19
3523329268.360646,1176000000.0,641502629.9812874,1176000.0,0.09339172533939422,-0.35315248709672764,-0.6474441681357352,1658,147597453.4890575,2015-07-20,1360918610.6801429,852694382.4457701,99406369.0122579,-0.9479112784836835,2019-01-02,해당 없음,해당 없음,P3,기본,롤링19년 2000-06-01,19
3791846513.9878793,1180500000.0,716348324.5223014,1180500.0,0.09911256953810502,-0.3524037561325587,-0.643663245915927,1670,146454354.22054574,2015-12-07,1348546468.572733,845140069.7605126,98784170.44736584,-0.9479112784836833,2019-01-02,해당 없음,해당 없음,P3,기본,롤링19년 2000-07-03,19
3863543223.429816,1176000000.0,736753212.6033971,1176000.0,0.10071310640333243,-0.35260455466752516,-0.6476590243147495,1564,140604995.74809557,2015-08-17,1353171898.8674853,852449424.3559417,99015436.05148365,-0.94579559078471,2019-01-02,해당 없음,해당 없음,P3,기본,롤링19년 2000-08-01,19
3842178868.934327,1176000000.0,731238088.9631244,1176000.0,0.10028587731367793,-0.3518031666476784,-0.6286107717868687,1668,141466073.1857463,2016-05-31,1333929811.5302517,841148703.6900238,98006938.55219655,-0.9457955907847104,2019-01-02,해당 없음,해당 없음,P3,기본,롤링19년 2000-09-01,19
3837577417.604869,1180500000.0,727463275.1318638,1180500.0,0.10006843259617908,-0.3533604535674295,-0.6146497315620256,1521,134811270.09324765,2015-12-07,1340520807.0512235,850454172.3426971,98408760.76518668,-0.9036884465754984,2019-01-02,해당 없음,해당 없음,P3,기본,롤링19년 2000-10-02,19
3928400163.085423,1176000000.0,753458587.6931264,1176000.0,0.10201932277224116,-0.3537189623081478,-0.615235250835625,1517,130821677.53119837,2015-12-08,1337650134.5998752,853908018.5281191,98298716.50401518,-0.8773540678140491,2019-01-02,해당 없음,해당 없음,P3,기본,롤링19년 2000-11-01,19
4144415500.8937497,1176000000.0,812735013.6616848,1176000.0,0.10627333507814239,-0.3548171669962813,-0.6154388012592458,1488,124879128.74135956,2015-12-07,1337612053.111982,863996276.9679985,98560690.0855237,-0.8005263726753797,2019-01-02,해당 없음,해당 없음,P3,기본,롤링19년 2000-12-01,19
4248703876.111889,1176000000.0,839960705.6754229,1176000.0,0.1082042299305668,-0.35509691075627225,-0.6148181841932248,1446,118764856.74321923,2015-12-07,1334469634.6258223,877543191.017105,98814020.92376722,-0.6714889053426754,2019-01-02,해당 없음,해당 없음,P3,기본,롤링19년 2001-01-02,19
4410516405.721513,1176000000.0,884560748.1087599,1176000.0,0.1111255171782275,-0.3536987274253456,-0.5735912663509102,1492,120265468.51058728,2016-06-01,1893814947.473754,1386829674.4706192,97693938.85757156,-0.6246577886683433,2019-01-02,해당 없음,해당 없음,P3,기본,롤링19년 2001-02-01,19
4243608535.476739,1176000000.0,835008336.5817416,1176000.0,0.10813513900722767,-0.3577493455485954,-0.5376678029461712,652,107264897.26873714,2015-07-20,1932971156.0005035,1422707000.6558778,99248573.15841664,-0.48118249787727396,2019-01-02,해당 없음,해당 없음,P3,기본,롤링19년 2001-03-01,19
3723870413.758747,1180500000.0,683490782.4946904,1180500.0,0.09766956535250067,-0.36019257078433287,-0.5532025150626043,491,95605750.10386646,2015-07-17,1964297340.2704625,1459722617.2936125,100488984.39908914,-0.48118249787727385,2019-01-02,해당 없음,해당 없음,P3,기본,롤링19년 2001-04-02,19
4111219579.371621,1176000000.0,797420403.7239692,1176000.0,0.10561529658392184,-0.35490534012161035,-0.5394080501249265,662,105432306.76083234,2016-05-31,1900091528.5745564,1404213783.6398668,97871588.04150046,-0.4811824978772733,2019-01-02,해당 없음,해당 없음,P3,기본,롤링19년 2001-05-01,19
4444804537.7176485,1176000000.0,890321639.7285125,1176000.0,0.11178582081224935,-0.3558776970610533,-0.5089403906770745,643,98585281.79469222,2015-12-08,1910270986.178831,1416612997.7270489,98286383.0210122,-0.4811824978772735,2019-01-02,해당 없음,해당 없음,P3,기본,롤링19년 2001-06-01,19
4513555238.663162,1180500000.0,908220733.4427513,1180500.0,0.11285589017373301,-0.35517078888781395,-0.4861857516624366,625,95801630.29381089,2016-05-31,1902299719.5216453,1412710019.9696627,97952516.53856629,-0.4811824978772735,2019-01-02,해당 없음,해당 없음,P3,기본,롤링19년 2001-07-02,19
4795797075.773384,1176000000.0,988036013.4339231,1176000.0,0.11768580380007188,-0.35574288397995446,-0.464778457429356,598,89916812.94912504,2015-12-08,1908496236.516584,1421666695.0239692,98190171.24230742,-0.48118249787727385,2019-01-02,해당 없음,해당 없음,P3,기본,롤링19년 2001-08-01,19
5226462595.931214,1180500000.0,1105522322.1110961,1180500.0,0.12425271617685346,-0.35968223760658136,-0.45334308921445465,358,74700311.72570875,2015-07-17,1958911994.1156135,1466231733.7519314,100048432.64246076,-0.48118249787727363,2019-01-02,해당 없음,해당 없음,P3,기본,롤링19년 2001-09-04,19
5026511119.823945,1176000000.0,1049517539.4420884,1176000.0,0.12134712046379688,-0.3661175647794842,-0.4604986330411963,265,55175652.90241501,2015-07-15,2024384406.9750037,1522170010.4489794,102060270.59542038,-0.48118249787727385,2019-01-02,해당 없음,해당 없음,P3,기본,롤링19년 2001-10-01,19
4613147435.087111,1176000000.0,934356985.492357,1176000.0,0.11466164264047904,-0.35778627898060034,-0.4519373530916765,350,71165490.25040281,2015-08-17,1931033385.0502014,1448555978.1873646,99040477.60457961,-0.48118249787727385,2019-01-02,해당 없음,해당 없음,P3,기본,롤링19년 2001-11-01,19
5044431288.456545,1180500000.0,1056074922.6812799,1180500.0,0.12151652287614065,-0.3542553598868359,-0.45257839348415185,404,75445859.48945658,2016-06-01,1887691787.7400417,1415445583.9149876,97477096.79374926,-0.48118249787727385,2019-01-02,해당 없음,해당 없음,P3,기본,롤링19년 2001-12-03,19
5099743546.006959,1176000000.0,1073827910.0100842,1176000.0,0.1224669606924837,-0.35078216048513877,-0.4551663812886022,472,78349602.29864559,2016-10-21,1854144287.8577929,1390197980.7068293,96090498.20910785,-0.4811824978772734,2019-01-02,해당 없음,해당 없음,P3,기본,롤링19년 2002-01-02,19
5200435987.741508,1176000000.0,1082216096.1480136,1176000.0,0.12402047812173184,-0.3522205718910295,-0.4326313908342566,406,72879286.26338215,2016-10-21,2393321872.39108,1900813535.8791382,96240738.00273895,-0.48118249787727385,2019-01-02,해당 없음,해당 없음,P3,기본,롤링19년 2002-02-01,19
5268662621.257373,1176000000.0,1101372038.8065777,1176000.0,0.12507832607767636,-0.35523012529558096,-0.4361418968054721,388,69206131.15094441,2016-10-21,2387566241.48765,1901349325.3921897,96028489.44041559,-0.4811824978772741,2019-01-02,해당 없음,해당 없음,P3,기본,롤링19년 2002-03-01,19
5405055024.076429,1176000000.0,1140332784.3770235,1176000.0,0.127002611975466,-0.34846971169931096,-0.4166200744812574,391,68930003.32706404,2016-10-24,2364057835.4103346,1882530538.772357,95229329.34902516,-0.48118249787727363,2019-01-02,해당 없음,해당 없음,P3,기본,롤링19년 2002-04-01,19
5716454308.425971,1176000000.0,1227194630.0911927,1176000.0,0.13135198355863617,-0.3078037202400309,-0.35831360005982815,337,58524001.54658744,2016-10-21,2395385363.4432898,1913359285.5656009,96274813.49543823,-0.48118249787727363,2019-01-02,해당 없음,해당 없음,P3,기본,롤링19년 2002-05-01,19
5804524587.073666,1180500000.0,1249436734.7288103,1180500.0,0.13242631345764483,-0.29108358049469574,-0.2917277724017976,247,45586307.151410535,2016-05-31,2440724215.7441306,1955916091.7474265,97806644.7541901,-0.48118249787727396,2019-01-02,해당 없음,해당 없음,P3,기본,롤링19년 2002-06-03,19
6237801602.717221,1176000000.0,1371168617.7992334,1176000.0,0.13809219078941573,-0.29124253723857785,-0.291873524122531,66,30030514.850319803,2015-07-20,2501792598.8273993,2013145338.0708873,99845486.4853216,-0.48118249787727374,2019-01-02,해당 없음,해당 없음,P3,기본,롤링19년 2002-07-01,19
6669091007.739668,1176000000.0,1490792393.7038887,1176000.0,0.14325808313321398,-0.2914141182672927,-0.29203185969924217,17,14066543.169134319,2015-07-16,2564770593.9415483,2071478781.5817142,101977100.65857129,-0.48118249787727385,2019-01-02,해당 없음,해당 없음,P3,기본,롤링19년 2002-08-01,19
6953200431.118184,1180500000.0,1570189726.5783892,1180500.0,0.14633429114257976,-0.29134841676095613,-0.29197166644464245,18,14326964.503968477,2015-07-16,2539077801.2565203,2051706689.4636168,101079160.21195154,-0.4811824978772741,2019-01-02,해당 없음,해당 없음,P3,기본,롤링19년 2002-09-03,19
6584196019.779361,1176000000.0,1467589848.3979313,1176000.0,0.14224157987202152,-0.29130497918931253,-0.29193158250179696,8,12608207.846390784,2015-07-17,2523737670.3544903,2041421586.59791,100540600.38420457,-0.48118249787727396,2019-01-02,해당 없음,해당 없음,P3,기본,롤링19년 2002-10-01,19
6878621038.9561,1176000000.0,1553051174.3582983,1176000.0,0.1456509714432379,-0.29106732584674844,-0.29171336293286443,41,17185769.26404175,2016-06-01,2432125103.4173183,1961279635.4433835,97528989.44750668,-0.48118249787727374,2019-01-02,해당 없음,해당 없음,P3,기본,롤링19년 2002-11-01,19
6747013714.324827,1180500000.0,1516093175.3827076,1180500.0,0.1440465458355265,-0.2909256784258345,-0.291585397881549,104,24690985.166394144,2016-10-24,2375595179.735109,1908960149.5695672,95512919.18543147,-0.4811824978772741,2019-01-02,해당 없음,해당 없음,P3,기본,롤링19년 2002-12-02,19
7166313524.342031,1176000000.0,1634610813.369618,1176000.0,0.14874504226998164,-0.2910078589475199,-0.29165981956562503,39,12996586.143284857,2016-08-22,2406751963.1632156,1943201509.1532338,96645903.53715663,-0.4811824978772735,2019-01-02,해당 없음,해당 없음,P3,기본,롤링19년 2003-01-02,19
6919038617.533965,1180500000.0,1541839285.115541,1180500.0,0.14593871615797213,-0.291046414375113,-0.2916946021968432,10,5207638.91793558,2016-06-01,3130357990.835228,2645839817.734791,97207071.97174835,-0.48118249787727385,2019-01-02,해당 없음,해당 없음,P3,기본,롤링19년 2003-02-03,19
6619911445.162825,1180500000.0,1457686809.409691,1180500.0,0.14258842364884777,-0.2910213073967125,-0.29167201156630995,2,1480725.6865376234,2016-07-20,3116854439.8396673,2634636709.552676,96832595.4445585,-0.48118249787727385,2019-01-02,해당 없음,해당 없음,P3,기본,롤링19년 2003-03-03,19
6637775651.363036,1176000000.0,1466788660.0411572,1176000.0,0.1428768535092206,-0.2908217011308156,-0.2914929325488954,4,3553653.5911939144,2016-11-15,3008635089.7589226,2540953702.8510447,93879230.93737221,-0.48118249787727374,2019-01-02,해당 없음,해당 없음,P3,기본,롤링19년 2003-04-01,19
6111638699.376501,1176000000.0,1320177283.1219928,1176000.0,0.13654988778977112,-0.2907010242588053,-0.2913865190106988,3,1362746.9368589818,2016-11-21,2931493794.5553,2474533088.0989356,91927786.429897,-0.4811824978772741,2019-01-02,해당 없음,해당 없음,P3,기본,롤링19년 2003-05-01,19
5886250824.392783,1180500000.0,1257387585.751649,1180500.0,0.13353175737614875,-0.2905282640007564,-0.2912302005519579,21,8556591.33127883,2016-12-15,2850765053.945227,2404907308.867589,89775604.39661482,-0.48118249787727363,2019-01-02,해당 없음,해당 없음,P3,기본,롤링19년 2003-06-02,19
5667238384.591824,1176000000.0,1197766533.5207596,1176000.0,0.13068504425251254,-0.2904601688757755,-0.29116865159772853,22,10065159.733737856,2016-12-19,2820593626.1251235,2379500260.4043126,88945512.66646582,-0.4811824978772741,2019-01-02,해당 없음,해당 없음,P3,기본,롤링19년 2003-07-01,19
6001139756.568793,1176000000.0,1293013170.3816667,1176000.0,0.1351552041483035,-0.2903882807158681,-0.2911035391806305,25,11745279.42920518,2016-12-22,2788832858.6705775,2352596819.8178124,88102775.92560884,-0.48118249787727385,2019-01-02,해당 없음,해당 없음,P3,기본,롤링19년 2003-08-01,19
5888360509.155995,1180500000.0,1262216959.2626927,1180500.0,0.13354683663099565,-0.2902358949385657,-0.2909660382701693,59,20480830.854037225,2017-02-17,2725118445.7786436,2295364613.696826,86305615.49826166,-0.48118249787727374,2019-01-02,해당 없음,해당 없음,P3,기본,롤링19년 2003-09-02,19
5714073064.8520155,1176000000.0,1213856197.5026212,1176000.0,0.13130955437869857,-0.2902403664592238,-0.29097008819467485,48,15453254.545302093,2017-02-17,2726974509.641177,2299618614.2888155,86355759.78132622,-0.4811824978772741,2019-01-02,해당 없음,해당 없음,P3,기본,롤링19년 2003-10-01,19
5697969381.399513,1180500000.0,1211019215.346119,1180500.0,0.13098156989456627,-0.29007870655389556,-0.29082822191102375,128,28263036.818240583,2017-03-03,2645133235.4727254,2227214955.6647005,84072097.71863134,-0.4811824978772735,2019-01-02,해당 없음,해당 없음,P3,기본,롤링19년 2003-11-03,19
5655249056.665964,1176000000.0,1201151937.472672,1176000.0,0.13050598556743812,-0.29004281663185894,-0.29080108430924,137,31628889.779435456,2017-04-27,2611177823.14005,2199020731.447011,83098592.39269851,-0.4811824978772742,2019-01-02,해당 없음,해당 없음,P3,기본,롤링19년 2003-12-01,19
5140191494.917075,1176000000.0,1056862759.4373386,1176000.0,0.12311610286643801,-0.29834149894951023,-0.3041429895015846,345,35255967.9565413,2017-05-05,2576019498.7083855,2169706810.100173,82088799.84353219,-0.48118249787727385,2019-01-02,해당 없음,해당 없음,P3,기본,롤링19년 2004-01-02,19
5552819347.473183,1180500000.0,1155488509.4277961,1180500.0,0.12898739162338116,-0.2900039787328035,-0.29077644465829133,345,34969504.88663697,2017-05-25,3293515621.086297,2445878347.677466,735126027.3743047,-0.8082480024052341,2023-01-03,해당 없음,해당 없음,P3,기본,롤링19년 2004-02-02,19
5611380056.751756,1176000000.0,1174258262.3184707,1176000.0,0.12993447145417647,-0.2899832057704643,-0.2907639703901128,430,37518574.41341281,2017-06-01,3255268609.72713,2417132426.6111426,727262095.4123684,-0.8082480024052343,2023-01-03,해당 없음,해당 없음,P3,기본,롤링19년 2004-03-01,19
5971265864.077452,1176000000.0,1274811126.6439261,1176000.0,0.13473313301561607,-0.28999235936635204,-0.29076945499939,134,29711083.098513544,2017-05-30,3272215541.9720216,2433375624.7450323,730715467.137615,-0.808248002405234,2023-01-03,해당 없음,해당 없음,P3,기본,롤링19년 2004-04-01,19
6057707202.441525,1180500000.0,1298133731.1056461,1180500.0,0.1357555755729237,-0.2899823526695976,-0.29076346685984145,129,28428493.034761906,2017-06-01,3253919913.0652933,2421816560.9562736,726930001.9405453,-0.8082480024052344,2023-01-03,해당 없음,해당 없음,P3,기본,롤링19년 2004-05-03,19
6302410255.257418,1176000000.0,1369525837.0578537,1176000.0,0.13889576160382724,-0.2899604104373139,-0.29074904050439265,135,30307796.20222473,2017-06-02,3219893478.353392,2394345167.5633364,719961745.4539136,-0.8082480024052343,2023-01-03,해당 없음,해당 없음,P3,기본,롤링19년 2004-06-01,19
6699518699.937813,1176000000.0,1482215805.8002467,1176000.0,0.14360943926083614,-0.2899433414315532,-0.29073782769069034,135,30602964.448021114,2017-07-19,3193828884.8071346,2374667267.1428385,714622251.7251077,-0.8082480024052341,2023-01-03,해당 없음,해당 없음,P3,기본,롤링19년 2004-07-01,19
6828638427.3275385,1180500000.0,1516834120.3061495,1180500.0,0.1449950190416437,-0.28994262549443917,-0.29073736204779255,123,26038438.665403783,2017-07-19,3192911285.3250546,2378128689.0976086,714391804.8783706,-0.808248002405234,2023-01-03,해당 없음,해당 없음,P3,기본,롤링19년 2004-08-02,19
6838267122.88677,1176000000.0,1520704710.398941,1176000.0,0.1451626545160343,-0.2899370743620363,-0.2907337113721862,72,22933738.375283897,2017-07-19,3184645557.08167,2374266465.649618,712674782.135173,-0.8082480024052343,2023-01-03,해당 없음,해당 없음,P3,기본,롤링19년 2004-09-01,19
6358626570.910405,1176000000.0,1387581056.1069832,1176000.0,0.1396028750105854,-0.2898991662527004,-0.290710101470841,135,29984375.546388865,2017-08-09,3120658483.6318245,2323929207.0763335,700030806.3345393,-0.8082480024052344,2023-01-03,해당 없음,해당 없음,P3,기본,롤링19년 2004-10-01,19
6160189044.002769,1176000000.0,1331987639.2238092,1176000.0,0.1371196698732971,-0.28989282030937147,-0.2907071924903559,129,28168661.58732742,2017-09-06,3105510319.007525,2312672988.879378,697056154.3141253,-0.8082480024052343,2023-01-03,해당 없음,해당 없음,P3,기본,롤링19년 2004-11-01,19
6621331198.754021,1176000000.0,1462984420.8256721,1176000.0,0.14268994461542875,-0.28988121994540395,-0.29070206741673976,129,28776684.57426822,2017-09-13,3076503564.697502,2289903022.2737007,691521515.9126998,-0.8082480024052343,2023-01-03,해당 없음,해당 없음,P3,기본,롤링19년 2004-12-01,19
6996029303.356094,1180500000.0,1557014877.116083,1180500.0,0.1468191796085773,-0.28987146857776414,-0.29069759463836575,129,28143794.74615848,2017-09-28,4440859950.801136,3282630903.799016,687069963.8719342,-0.8082480024052343,2023-01-03,해당 없음,해당 없음,P3,기본,롤링19년 2005-01-03,19
7348990050.885861,1176000000.0,1657038530.2822194,1176000.0,0.15067353389592583,-0.28987666822529157,-0.2907000054154427,59,21176361.078010082,2017-09-27,4456912343.757648,3299325341.3921328,689409617.5692631,-0.8082480024052341,2023-01-03,해당 없음,해당 없음,P3,기본,롤링19년 2005-02-01,19
7676083433.362151,1176000000.0,1749624255.005071,1176000.0,0.1540306624774295,-0.28986936676879704,-0.29069662687424547,55,19510783.43421632,2017-09-29,4434700875.429754,3283809604.5849857,686115632.1470432,-0.8082480024052345,2023-01-03,해당 없음,해당 없음,P3,기본,롤링19년 2005-03-01,19
7948495301.357481,1176000000.0,1826127209.1935534,1176000.0,0.15677917830993707,-0.28986911002035076,-0.29069650967031013,25,14877779.101229131,2017-09-29,4434149196.480623,3286421308.934735,685995749.8854824,-0.8082480024052341,2023-01-03,해당 없음,해당 없음,P3,기본,롤링19년 2005-04-01,19
7751844706.100874,1180500000.0,1769031551.5785642,1180500.0,0.15471478466669417,-0.28986934870925385,-0.29069662101618277,4,10040515.057745218,2017-09-29,4435007606.392241,3290209522.686551,686098874.7039542,-0.8082480024052341,2023-01-03,해당 없음,해당 없음,P3,기본,롤링19년 2005-05-02,19
8010130328.776266,1176000000.0,1846433123.5867004,1176000.0,0.15727592365200874,-0.289827860889999,-0.29067778258989474,51,22552987.455738664,2017-10-27,4309403541.865149,3189011432.767134,667687984.353643,-0.8082480024052341,2023-01-03,해당 없음,해당 없음,P3,기본,롤링19년 2005-06-01,19
8303894986.41394,1176000000.0,1929792748.2155156,1176000.0,0.16010056774749526,-0.28981591266931395,-0.2906722653447379,51,22339292.597224236,2017-11-03,4275349111.361144,3165823342.8779435,662632340.4992344,-0.8082480024052341,2023-01-03,해당 없음,해당 없음,P3,기본,롤링19년 2005-07-01,19
8115289249.351201,1176000000.0,1878850303.3802314,1176000.0,0.15827090294775156,-0.28978402346073473,-0.2906577711564241,104,30064325.29793787,2017-12-18,4185123582.2557755,3092893970.4290924,649345482.1654822,-0.8082480024052341,2023-01-03,해당 없음,해당 없음,P3,기본,롤링19년 2005-08-01,19
8014469394.621976,1176000000.0,1850781678.2151313,1176000.0,0.15733389085450003,-0.2897748091506963,-0.2906537212802137,96,28875447.528530955,2017-12-18,4159177688.261154,3074861178.229843,645498082.9585389,-0.8082480024052342,2023-01-03,해당 없음,해당 없음,P3,기본,롤링19년 2005-09-01,19
7953263370.078419,1180500000.0,1833548744.8825006,1180500.0,0.15664045375596652,-0.2897543143414718,-0.29064524914981693,126,32290746.520701528,2018-01-12,4099716889.126491,3028887127.5631466,636719701.8615851,-0.8082480024052342,2023-01-03,해당 없음,해당 없음,P3,기본,롤링19년 2005-10-03,19
8250125351.806387,1176000000.0,1918464162.4291694,1176000.0,0.15951512829243364,-0.2897517820777722,-0.29064421433701415,96,28572857.822882473,2018-01-12,4092523033.671378,3025633710.66327,635640579.3157206,-0.8082480024052342,2023-01-03,해당 없음,해당 없음,P3,기본,롤링19년 2005-11-01,19
8635259944.234371,1176000000.0,2029676627.283038,1176000.0,0.16304007268887566,-0.28971354415245953,-0.2906284855461152,224,38545759.667656004,2018-01-22,3984412516.5061145,2939792859.6086545,619882964.7987096,-0.8082480024052342,2023-01-03,해당 없음,해당 없음,P3,기본,롤링19년 2005-12-01,19
8905443742.474466,1180500000.0,2067953683.0406368,1180500.0,0.1652638584032719,-0.28971477090554343,-0.29062898548141936,182,33386856.374323606,2018-01-22,4620233675.692011,3470281005.5745153,620377094.5404801,-0.8082480024052341,2023-01-03,해당 없음,해당 없음,P3,기본,롤링19년 2006-01-03,19
9015828606.750578,1176000000.0,2100471157.880609,1176000.0,0.16627276676811467,-0.28971139918697664,-0.2906276178983588,104,30058792.038782537,2018-01-22,4609333605.328138,3462719783.657886,619008952.5019298,-0.8082480024052344,2023-01-03,해당 없음,해당 없음,P3,기본,롤링19년 2006-02-01,19
8844712571.834562,1176000000.0,2053233763.5991244,1176000.0,0.16486519603645267,-0.2896974052000705,-0.2906219708268627,117,30447425.29462737,2018-01-23,4564524005.98839,3429826394.6753807,613372620.0942397,-0.8082480024052342,2023-01-03,해당 없음,해당 없음,P3,기본,롤링19년 2006-03-01,19
8404352826.101854,1180500000.0,1928949783.2093792,1180500.0,0.16087099817925773,-0.289682058722607,-0.2906159631459727,129,31448604.706543982,2018-06-12,4515247829.277827,3392322169.317626,607187484.2230933,-0.8082480024052339,2023-01-03,해당 없음,해당 없음,P3,기본,롤링19년 2006-04-03,19
8024836261.2228155,1176000000.0,1823034360.0434117,1176000.0,0.15743327181327008,-0.2896807597104847,-0.290615475186788,86,27237470.229014754,2018-06-13,4511110286.532265,3391531517.7979546,606653533.8119464,-0.8082480024052343,2023-01-03,해당 없음,해당 없음,P3,기본,롤링19년 2006-05-01,19
8252101391.476887,1176000000.0,1886929856.8229573,1176000.0,0.15958718667472066,-0.28967976255075056,-0.290615101179051,51,22777722.86552608,2018-06-13,4508042251.975475,3392796610.148217,606241561.2188233,-0.8082480024052344,2023-01-03,해당 없음,해당 없음,P3,기본,롤링19년 2006-06-01,19
8556613913.644019,1180500000.0,1971824365.5836215,1180500.0,0.1622496557007127,-0.2896739801599122,-0.2906129315541429,22,20173410.437321544,2018-06-14,4489411743.413369,3380807189.6745462,603886392.021074,-0.8082480024052343,2023-01-03,해당 없음,해당 없음,P3,기본,롤링19년 2006-07-03,19
8882303886.409025,1176000000.0,2064781867.9869695,1176000.0,0.16517143596314166,-0.28967098565250793,-0.2906118127073677,5,16354857.456392527,2018-06-14,4481184789.489933,3378499089.600739,602665803.541485,-0.8082480024052342,2023-01-03,해당 없음,해당 없음,P3,기본,롤링19년 2006-08-01,19
8810801667.842682,1176000000.0,2048460519.994226,1176000.0,0.16460644780838224,-0.2896302687911083,-0.2905968238332095,31,26463800.780102134,2018-07-09,4347388986.915064,3273588063.0450497,586492047.0270422,-0.808248002405234,2023-01-03,해당 없음,해당 없음,P3,기본,롤링19년 2006-09-01,19
9275887030.738503,1180500000.0,2179608363.358223,1180500.0,0.1684149628761614,-0.28961415579554184,-0.29059101333893844,35,27497362.369874597,2018-07-12,4296868000.682534,3234675282.9598236,580253510.5266224,-0.8082480024052341,2023-01-03,해당 없음,해당 없음,P3,기본,롤링19년 2006-10-02,19
9547846931.927425,1176000000.0,2259684006.997758,1176000.0,0.1706628204695648,-0.2895900667551633,-0.290584411044745,91,32298542.248000234,2018-07-18,4213718904.7624116,3169196649.7092147,569960010.0564615,-0.8082480024052341,2023-01-03,해당 없음,해당 없음,P3,기본,롤링19년 2006-11-01,19
9611483882.461708,1176000000.0,2279338992.998052,1176000.0,0.17124455915700956,-0.28956927397508814,-0.2905789197499469,117,35663160.92828271,2018-08-29,4144153224.3848686,3114173132.9366093,561244902.7822405,-0.8082480024052342,2023-01-03,해당 없음,해당 없음,P3,기본,롤링19년 2006-12-01,19
9398849917.75514,1180500000.0,2199914569.018139,1180500.0,0.1693809696431391,-0.28955891640263987,-0.2905762436729641,100,34751370.34417549,2018-08-29,4629390808.0996685,3500457983.926263,556965108.3808544,-0.8082480024052345,2023-01-03,해당 없음,해당 없음,P3,기본,롤링19년 2007-01-03,19
9495165279.628942,1176000000.0,2230707328.781614,1176000.0,0.17025841765732475,-0.2895338898210812,-0.2905696133931568,121,39125187.61590433,2019-04-08,4541905965.913058,3431884124.6378107,546979436.9576353,-0.8082480024052343,2023-01-03,해당 없음,해당 없음,P3,기본,롤링19년 2007-02-01,19
9445444373.083408,1176000000.0,2216852145.51583,1176000.0,0.16991315211838465,-0.2895304414291139,-0.29056868661311896,117,35624210.70460603,2019-04-08,4530243561.675617,3424865307.793759,545635145.795165,-0.8082480024052342,2023-01-03,해당 없음,해당 없음,P3,기본,롤링19년 2007-03-01,19
9312836828.455523,1180500000.0,2179504331.3059444,1180500.0,0.1687319332474002,-0.28951515623712676,-0.2905646471368487,121,36287870.24330017,2019-04-23,4478599909.064717,3385192339.18659,539731695.4767649,-0.8082480024052342,2023-01-03,해당 없음,해당 없음,P3,기본,롤링19년 2007-04-02,19
9901744725.879974,1176000000.0,2349600639.8679643,1176000.0,0.17347055944692613,-0.2894847408545479,-0.2905569480845458,178,42225138.001095,2019-04-24,4377561866.504618,3304124872.565593,528189149.2141309,-0.8082480024052343,2023-01-03,해당 없음,해당 없음,P3,기본,롤링19년 2007-05-01,19
10720717956.581184,1176000000.0,2582642571.527689,1176000.0,0.17957101673016512,-0.2894610203289564,-0.2905512536929621,195,45551135.17048007,2019-05-03,4300318493.275157,3243397311.1804037,519370088.33052015,-0.808248002405234,2023-01-03,해당 없음,해당 없음,P3,기본,롤링19년 2007-06-01,19
10640429611.308065,1180500000.0,2559274937.9334955,1180500.0,0.17888599556092424,-0.2894531325663965,-0.2905494193789785,181,43580003.16633698,2019-07-02,4274941100.085556,3224177988.0849314,516473141.7864505,-0.8082480024052342,2023-01-03,해당 없음,해당 없음,P3,기본,롤링19년 2007-07-02,19
9605806058.8058,1176000000.0,2269001478.604394,1176000.0,0.17114603756647148,-0.2894481553839089,-0.2905482769134533,178,40618395.35464352,2019-07-02,4259042048.897995,3212787594.896596,514653176.2530766,-0.8082480024052343,2023-01-03,해당 없음,해당 없음,P3,기본,롤링19년 2007-08-01,19
9374444968.247473,1180500000.0,2204916488.4514995,1180500.0,0.16917291099847082,-0.2894193224165187,-0.29054188528368474,196,45380898.59365836,2019-07-10,4168259034.4011273,3140834491.8900046,504260801.84727836,-0.8082480024052343,2023-01-03,해당 없음,해당 없음,P3,기본,롤링19년 2007-09-04,19
4268243560.161264,1230000000.0,849316497.6448122,1230000.0,0.09998181523836767,-0.3677772327039579,-0.6930718993334586,1822,168416373.08236578,2015-07-20,1374521108.0636036,924266952.2591559,99298666.79248194,-0.9774556918274715,2019-01-02,2001-08-30,해당 없음,P3,S1-i 합성3배 재시작,2000-01~2019-12,fixed
15407189813.688734,1594500000.0,3721386466.2753897,1594500.0,0.13098311751216304,-0.3677772327039579,-0.6930718993334586,1822,168416373.08236578,2015-07-20,7853661114.738148,5898610203.928539,895335969.7664844,-0.95921089100594,2023-01-03,2001-08-30,해당 없음,P3,S1-i 합성3배 재시작,2000-01~2026-09,fixed
1121787374.5098684,514500000.0,164683372.6822242,514500.0,0.1790418590575619,-0.2723106880316061,-0.292461641860876,51,35625714.01410182,미도달,264604902.99415445,159207014.39708763,21240112.359118905,-0.8082480024052343,2023-01-03,해당 없음,해당 없음,P3,S1-i 합성3배 재시작,2020-01~2026-09,fixed
1572320524.4493456,910500000.0,202440236.99484473,910500.0,0.06416017318486858,-0.3677772327039579,-0.6930718993334586,1822,168416373.08236578,미도달,654620294.5679725,329074800.2027273,61669230.12940638,-0.9995277776331998,2009-01-02,2001-08-30,해당 없음,P3,S1-i 합성3배 재시작,롤링14년 2000-01-03,14
1579717993.9351678,906000000.0,205448828.02272162,906000.0,0.06503571832231314,-0.38261518034695596,-0.6997202646805547,1720,164236658.4961417,미도달,656788624.9292306,329635799.4016648,61578018.223478526,-0.9995277776331998,2009-01-02,2001-09-06,해당 없음,P3,S1-i 합성3배 재시작,롤링14년 2000-02-01,14
1638685831.7458618,906000000.0,220182382.17372772,906000.0,0.06921174687867969,-0.35351168190877014,-0.680648225337247,1819,161584794.7794365,미도달,643310580.8588688,318275397.37059104,61265217.54378916,-0.9995277776331998,2009-01-02,2001-04-03,해당 없음,P3,S1-i 합성3배 재시작,롤링14년 2000-03-01,14
1633077775.1048474,910500000.0,215772638.65937942,910500.0,0.06847463056221202,-0.3527962210334753,-0.6642001849781958,1819,159745109.29028547,미도달,636757701.917497,315678197.2794316,60654627.25984869,-0.9993413209414616,2009-01-02,2001-04-03,해당 없음,P3,S1-i 합성3배 재시작,롤링14년 2000-04-03,14
1569600531.99331,906000000.0,201696401.17430028,906000.0,0.06434854736720416,-0.37916795824020033,-0.6607917431069226,1719,157858706.015277,미도달,636265941.4764355,323590224.8018962,59903212.44273702,-0.9989545728988742,2009-01-02,2001-09-17,해당 없음,P3,S1-i 합성3배 재시작,롤링14년 2000-05-01,14
1642943211.8818917,906000000.0,222283997.9359129,906000.0,0.06951372244764441,-0.3184432869651932,-0.6115634848436364,1609,134982941.6075319,미도달,664956917.7924888,351146165.86591613,62737041.047930285,-0.9989089281795746,2009-01-02,2002-04-26,해당 없음,P3,S1-i 합성3배 재시작,롤링14년 2000-06-01,14
1647894480.6538582,910500000.0,221077420.23325032,910500.0,0.06949911949201708,-0.3736410887895647,-0.6646131416325467,1689,151955900.2291974,미도달,628080036.1177783,320012662.875232,59157954.76109192,-0.9989089281795746,2009-01-02,2001-09-18,해당 없음,P3,S1-i 합성3배 재시작,롤링14년 2000-07-03,14
1649421156.1720278,906000000.0,222003238.43612933,906000.0,0.06993375710387445,-0.3888881911031572,-0.6759668423035989,1588,148451127.7778705,미도달,626357687.0612882,319442970.0870898,58990084.74011206,-0.9988646121134095,2009-01-02,2001-09-20,해당 없음,P3,S1-i 합성3배 재시작,롤링14년 2000-08-01,14
1703203818.7596033,906000000.0,236372743.32473028,906000.0,0.07357338425402218,-0.35865292706092955,-0.6488067506894626,1691,146356984.54284003,미도달,620825611.9243958,316639562.6802292,58348347.95725794,-0.9988646121134095,2009-01-02,2001-09-17,해당 없음,P3,S1-i 합성3배 재시작,롤링14년 2000-09-01,14
1779546934.4061072,910500000.0,257462202.2246828,910500.0,0.07814616661083539,-0.3122051802992708,-0.5694176757747895,1493,120805105.48139071,미도달,652557817.5352151,349446446.00871456,61768362.07877673,-0.9979826185234753,2009-01-02,2002-05-02,해당 없음,P3,S1-i 합성3배 재시작,롤링14년 2000-10-02,14
1846036769.9418552,906000000.0,278336632.12232155,906000.0,0.08252893301908862,-0.3119559126884104,-0.5866183145583364,1492,121530950.55054602,미도달,640583818.6973004,347135316.18969256,60642439.685887195,-0.9974310077766838,2009-01-02,2002-06-11,해당 없음,P3,S1-i 합성3배 재시작,롤링14년 2000-11-01,14
1959510028.020255,906000000.0,311621022.60643256,906000.0,0.08921794201820675,-0.3548171669962813,-0.6151959131466396,1558,124470713.90259477,미도달,623659673.103341,339944272.7382183,58672984.72553051,-0.9958217432227864,2009-01-02,2002-08-05,해당 없음,P3,S1-i 합성3배 재시작,롤링14년 2000-12-01,14
1872477043.6419237,906000000.0,285717726.26575476,906000.0,0.08411589137491607,-0.35509691075627225,-0.6339006722213246,1553,126734476.50523543,미도달,609003448.364269,329596742.03973573,57265275.994359635,-0.9931188712710975,2009-01-02,2002-10-09,해당 없음,P3,S1-i 합성3배 재시작,롤링14년 2001-01-02,14
1858294078.1799905,906000000.0,276257596.7864751,906000.0,0.08327746901540412,-0.3536987274253456,-0.5802720230977452,1563,123651018.92755839,미도달,724320249.1665403,441620697.06437534,56922493.58291724,-0.9921379274077237,2009-01-02,2002-09-30,해당 없음,P3,S1-i 합성3배 재시작,롤링14년 2001-02-01,14
2047262091.2622468,906000000.0,311763868.95338756,906000.0,0.09406803093849518,-0.3577493455485954,-0.5376678029461712,652,107264897.26873714,미도달,752089721.5251493,410817294.36528885,61411346.81059019,-0.9803192959742859,2009-01-02,해당 없음,해당 없음,P3,S1-i 합성3배 재시작,롤링14년 2001-03-01,14
2025685911.6945705,910500000.0,301005983.7213715,910500.0,0.09259244180669271,-0.36019257078433287,-0.5532025150626043,491,95605750.10386646,미도달,768381301.5361574,434099443.6499395,63010755.144505985,-0.9754252559601916,2009-01-02,해당 없음,해당 없음,P3,S1-i 합성3배 재시작,롤링14년 2001-04-02,14
1968178210.9839177,906000000.0,288866887.109835,906000.0,0.0896781192725905,-0.35490534012161035,-0.5394080501249265,662,105432306.76083234,미도달,735885060.1320114,407054428.4316451,59713640.92053001,-0.9754252559601917,2009-01-02,해당 없음,해당 없음,P3,S1-i 합성3배 재시작,롤링14년 2001-05-01,14
2070372959.2059467,906000000.0,316625701.2571119,906000.0,0.09532228943215582,-0.3558776970610533,-0.5089403906770745,643,98585281.79469222,미도달,741036840.532732,414775190.6449819,60278743.91675316,-0.9705445311684794,2009-01-02,해당 없음,해당 없음,P3,S1-i 합성3배 재시작,롤링14년 2001-06-01,14
2048200545.8612113,910500000.0,308818287.81310445,910500.0,0.09382351488745579,-0.35517078888781395,-0.4861857516624366,625,95801630.29381089,미도달,737110565.09607,414380697.14064956,59859241.937622964,-0.9631890345678189,2009-01-02,해당 없음,해당 없음,P3,S1-i 합성3배 재시작,롤링14년 2001-07-02,14
2157008379.728226,906000000.0,339790075.093439,906000.0,0.09978442741441948,-0.35574288397995446,-0.464778457429356,598,89916812.94912504,미도달,740425213.3962462,420590136.52212244,60190389.09039014,-0.9563445571227456,2009-01-02,해당 없음,해당 없음,P3,S1-i 합성3배 재시작,롤링14년 2001-08-01,14
2083700871.614395,910500000.0,315599202.9324514,910500.0,0.09566156163437758,-0.35968223760658136,-0.45334308921445465,358,74700311.72570875,2015-07-17,768329687.6264043,444744473.70397794,62543463.99152693,-0.9398672905020786,2009-01-02,해당 없음,해당 없음,P3,S1-i 합성3배 재시작,롤링14년 2001-09-04,14
2093398487.3578317,906000000.0,319182263.82843244,906000.0,0.09648230621125438,-0.3661175647794842,-0.4604986330411963,265,55175652.90241501,2015-07-15,809430487.6974155,478733790.39904726,65063468.889944635,-0.9398672905020785,2009-01-02,해당 없음,해당 없음,P3,S1-i 합성3배 재시작,롤링14년 2001-10-01,14
2160428057.5627923,906000000.0,338883060.7448095,906000.0,0.09997252936292918,-0.35778627898060034,-0.4519373530916765,350,71165490.25040281,2015-08-17,752659355.3369042,437767979.7020962,61299536.94276011,-0.9398672905020787,2009-01-02,해당 없음,해당 없음,P3,S1-i 합성3배 재시작,롤링14년 2001-11-01,14
2150716263.8695827,910500000.0,335876883.2864834,910500.0,0.0991842320948904,-0.3542553598868359,-0.45257839348415185,404,75445859.48945658,미도달,728264575.0007565,421619436.8903447,59314470.7723065,-0.9398672905020785,2009-01-02,해당 없음,해당 없음,P3,S1-i 합성3배 재시작,롤링14년 2001-12-03,14
2107888029.9422288,906000000.0,325614311.9624692,906000.0,0.09723580497227267,-0.35078216048513877,-0.4551663812886022,472,78349602.29864559,미도달,711516012.6772178,411384194.8614241,57574424.92719688,-0.9321178085964502,2009-01-02,해당 없음,해당 없음,P3,S1-i 합성3배 재시작,롤링14년 2002-01-02,14
2069861064.8490267,906000000.0,310620789.71602905,906000.0,0.09526339072158937,-0.3522205718910295,-0.4326313908342566,406,72879286.26338215,미도달,755607464.3277588,455740520.02908397,57778358.793327324,-0.9093580728866286,2009-01-02,해당 없음,해당 없음,P3,S1-i 합성3배 재시작,롤링14년 2002-02-01,14
2111388802.2046573,906000000.0,322152287.6272428,906000.0,0.09742197497963047,-0.35523012529558096,-0.4361418968054721,388,69206131.15094441,미도달,753462888.4404389,459379493.32735485,57554944.01215728,-0.9086618742146708,2009-01-02,해당 없음,해당 없음,P3,S1-i 합성3배 재시작,롤링14년 2002-03-01,14
2065867825.4325938,906000000.0,309494405.33864427,906000.0,0.09500596673395419,-0.34846971169931096,-0.4166200744812574,391,68930003.32706404,미도달,743567692.0956419,452926966.7835579,56598736.798630945,-0.8968061364055568,2009-01-02,해당 없음,해당 없음,P3,S1-i 합성3배 재시작,롤링14년 2002-04-01,14
2080444256.4202337,906000000.0,313123319.25927144,906000.0,0.0958189051818765,-0.3078037202400309,-0.35831360005982815,337,58524001.54658744,미도달,757090942.9269783,467213505.36034286,57888723.06467627,-0.8968061364055567,2009-01-02,해당 없음,해당 없음,P3,S1-i 합성3배 재시작,롤링14년 2002-05-01,14
2243810483.1248765,910500000.0,357312450.6672142,910500.0,0.10383636713833716,-0.2580388209745509,-0.28854917480406084,247,45586307.151410535,2016-05-31,776349803.6934063,485634903.40619135,59885614.990732424,-0.8968061364055567,2009-01-02,해당 없음,해당 없음,P3,S1-i 합성3배 재시작,롤링14년 2002-06-03,14
2229127958.082516,906000000.0,353611204.17021334,906000.0,0.1033886879926835,-0.2147924596241465,-0.2564642098483414,66,30030514.850319803,2015-07-20,802704984.7592571,510823431.2244117,62485411.20068993,-0.8968061364055568,2009-01-02,해당 없음,해당 없음,P3,S1-i 합성3배 재시작,롤링14년 2002-07-01,14
2320712210.391476,906000000.0,378385980.30701333,906000.0,0.10785476229590386,-0.21460954626310946,-0.25588578677340756,17,14066543.169134319,2015-07-16,829394459.673465,535712792.6309645,65168370.69286047,-0.8968061364055568,2009-01-02,해당 없음,해당 없음,P3,S1-i 합성3배 재시작,롤링14년 2002-08-01,14
2331203472.7961645,910500000.0,380238850.9928498,910500.0,0.10801836236303335,-0.21455310285838824,-0.2561813465872773,18,14326964.503968477,2015-07-16,818987885.8071588,529820658.3762542,64054409.29154874,-0.896806136405557,2009-01-02,해당 없음,해당 없음,P3,S1-i 합성3배 재시작,롤링14년 2002-09-03,14
2297975867.3285284,906000000.0,372130956.4704335,906000.0,0.10671135232532582,-0.21461366252555159,-0.2563817438152829,8,12608207.846390784,2015-07-17,812816265.4298636,527800868.63675827,63391772.931479104,-0.8968061364055567,2009-01-02,해당 없음,해당 없음,P3,S1-i 합성3배 재시작,롤링14년 2002-10-01,14
2272423197.7168465,906000000.0,366104087.554527,906000.0,0.1054730858713283,-0.2154362708781674,-0.2573695574885473,41,17185769.26404175,2016-06-01,772489221.8058038,494626416.32669467,59595284.877205364,-0.8968061364055568,2009-01-02,해당 없음,해당 없음,P3,S1-i 합성3배 재시작,롤링14년 2002-11-01,14
2269142402.859351,910500000.0,364515782.2231619,910500.0,0.1050845361344448,-0.21601788744188988,-0.25817012994981914,104,24690985.166394144,2016-10-24,750296148.451755,473726305.23333496,57060923.00438994,-0.8968061364055568,2009-01-02,해당 없음,해당 없음,P3,S1-i 합성3배 재시작,롤링14년 2002-12-02,14
2419034533.4082108,906000000.0,407557452.4906912,906000.0,0.11235517344203977,-0.21576089642252283,-0.25785976343777084,39,12996586.143284857,2016-08-22,762156681.1970844,490060037.1133661,58480533.57189237,-0.8968061364055568,2009-01-02,해당 없음,해당 없음,P3,S1-i 합성3배 재시작,롤링14년 2003-01-02,14
2415023649.702593,910500000.0,402988886.77414536,910500.0,0.1118702050005903,-0.21554394891599282,-0.257604941490699,10,5207638.91793558,2016-06-01,825427233.2963134,546690639.2274097,59215246.176562026,-0.896806136405557,2009-01-02,해당 없음,해당 없음,P3,S1-i 합성3배 재시작,롤링14년 2003-02-03,14
2534834032.8357987,910500000.0,436812771.56986165,910500.0,0.11721943044614153,-0.21568313939406003,-0.25779964125420407,2,1480725.6865376234,2016-07-20,820815899.0487568,543688248.5713388,58739398.489843175,-0.8968061364055568,2009-01-02,해당 없음,해당 없음,P3,S1-i 합성3배 재시작,롤링14년 2003-03-03,14
2415268488.845314,906000000.0,405254827.6141353,906000.0,0.11217368128297929,-0.2162937119536147,-0.25879562100020215,4,3553653.5911939144,2016-11-15,782692249.5814846,515404620.3686013,55135644.47120322,-0.8968061364055567,2009-01-02,해당 없음,해당 없음,P3,S1-i 합성3배 재시작,롤링14년 2003-04-01,14
2455929937.373352,906000000.0,417340178.366392,906000.0,0.1140727484821322,-0.2166554460326775,-0.25938194887925514,3,1362746.9368589818,2016-11-21,751877964.8023417,492147492.28276724,52773644.722101316,-0.896806136405557,2009-01-02,해당 없음,해당 없음,P3,S1-i 합성3배 재시작,롤링14년 2003-05-01,14
2464887927.020378,910500000.0,419306545.554388,910500.0,0.11417001115320739,-0.21708402622567335,-0.26010203686948374,21,8556591.33127883,2016-12-15,722117326.2439103,470069452.3203769,50162180.686059676,-0.8968061364055567,2009-01-02,해당 없음,해당 없음,P3,S1-i 합성3배 재시작,롤링14년 2003-06-02,14
2427844020.6653943,906000000.0,410521836.9118453,906000.0,0.11274922243506763,-0.21725563905059564,-0.2604056400294984,22,10065159.733737856,2016-12-19,711577384.5787439,462911549.47956836,49169003.769288994,-0.8968061364055568,2009-01-02,해당 없음,해당 없음,P3,S1-i 합성3배 재시작,롤링14년 2003-07-01,14
2454995792.6995916,906000000.0,418768333.1531683,906000.0,0.11395141223273664,-0.2174367787677196,-0.2607202432493576,25,11745279.42920518,2016-12-22,699749876.6187854,454551853.8363989,48152608.83211551,-0.8968061364055567,2009-01-02,해당 없음,해당 없음,P3,S1-i 합성3배 재시작,롤링14년 2003-08-01,14
2446585736.7787914,910500000.0,416294789.42914474,910500.0,0.11333954486547063,-0.21784674968077167,-0.2614268716245961,59,20480830.854037225,2017-02-17,678552655.7312635,437052573.33149445,45962187.63324216,-0.8968061364055567,2009-01-02,해당 없음,해당 없음,P3,S1-i 합성3배 재시작,롤링14년 2003-09-02,14
2503793422.2920384,906000000.0,433300093.8582704,906000.0,0.116129278488725,-0.21782985158754553,-0.26145300883913536,48,15453254.545302093,2017-02-17,679227715.3968999,440000408.33759594,46045891.16645529,-0.8968061364055568,2009-01-02,해당 없음,해당 없음,P3,S1-i 합성3배 재시작,롤링14년 2003-10-01,14
2489865688.984091,910500000.0,429633989.62605137,910500.0,0.11523051763150759,-0.21829762085696347,-0.2623428011358079,128,28263036.818240583,2017-03-03,651503044.0216771,418230701.096153,43262935.06594424,-0.8968061364055568,2009-01-02,해당 없음,해당 없음,P3,S1-i 합성3배 재시작,롤링14년 2003-11-03,14
2477703045.934621,906000000.0,427776765.8754101,906000.0,0.11495055938155326,-0.21850045943781315,-0.26283740059256744,137,31628889.779435456,2017-04-27,640681546.1305447,411538875.03033936,42096875.42463442,-0.8968061364055567,2009-01-02,해당 없음,해당 없음,P3,S1-i 합성3배 재시작,롤링14년 2003-12-01,14
2442359356.842962,906000000.0,418161205.9615074,906000.0,0.11344233640704217,-0.2187185491145246,-0.26336922955652264,345,35255967.9565413,2017-05-05,629483987.4156842,404505842.2228292,40892096.325201266,-0.8968061364055568,2009-01-02,해당 없음,해당 없음,P3,S1-i 합성3배 재시작,롤링14년 2004-01-02,14
2609025787.939227,910500000.0,462038475.9139147,910500.0,0.12033911739962568,-0.21898241067078106,-0.26381362804602404,345,34969504.88663697,2017-05-25,937312918.9961666,691361527.5137496,40223248.65184604,-0.8968061364055568,2009-01-02,해당 없음,해당 없음,P3,S1-i 합성3배 재시작,롤링14년 2004-02-02,14
2535087353.703762,906000000.0,442711253.0296496,906000.0,0.11748798238689634,-0.2194416247806168,-0.2645839286815812,430,37518574.41341281,2017-06-01,924071432.3249617,682017794.1602018,39102870.36669973,-0.896806136405557,2009-01-02,해당 없음,해당 없음,P3,S1-i 합성3배 재시작,롤링14년 2004-03-01,14
2415257583.7894053,906000000.0,408359106.68683213,906000.0,0.11225268360504827,-0.2192240766608179,-0.26421904068306123,134,29711083.098513544,2017-05-30,930034192.8182042,689156904.4538226,39628561.816837825,-0.8968061364055567,2009-01-02,해당 없음,해당 없음,P3,S1-i 합성3배 재시작,롤링14년 2004-04-01,14
2436302685.934101,910500000.0,412896333.6931828,910500.0,0.11289893385989593,-0.21943565012436295,-0.26457390836528905,129,28428493.034761906,2017-06-01,923773204.0243616,686895729.6852854,39117187.84813539,-0.8968061364055568,2009-01-02,해당 없음,해당 없음,P3,S1-i 합성3배 재시작,롤링14년 2004-05-03,14
2518850092.028544,906000000.0,437960704.0088335,906000.0,0.1167709844528147,-0.21980863556804475,-0.26523467174418425,135,30307796.20222473,2017-06-02,911901806.4816295,676319084.9905374,38119819.140331544,-0.8968061364055568,2009-01-02,해당 없음,해당 없음,P3,S1-i 합성3배 재시작,롤링14년 2004-06-01,14
2580745062.090708,906000000.0,455648043.68311894,906000.0,0.11946081472385077,-0.21993359006066915,-0.26557272431807,135,30602964.448021114,2017-07-19,902812993.6098164,669577593.7108245,37416953.14494167,-0.8968061364055568,2009-01-02,해당 없음,해당 없음,P3,S1-i 합성3배 재시작,롤링14년 2004-07-01,14
2684790839.3643136,910500000.0,483190553.4062796,910500.0,0.12350674948321716,-0.2199318871856889,-0.2655681170720794,123,26038438.665403783,2017-07-19,902623645.2429535,673448200.3226943,37426411.18702893,-0.8968061364055568,2009-01-02,해당 없음,해당 없음,P3,S1-i 합성3배 재시작,롤링14년 2004-08-02,14
2801147179.071714,906000000.0,517040967.1303388,906000.0,0.12830560893215268,-0.21996884258335136,-0.26566810415330333,72,22933738.375283897,2017-07-19,899814102.5069754,673544576.313386,37221891.4334692,-0.8968061364055566,2009-01-02,해당 없음,해당 없음,P3,S1-i 합성3배 재시작,롤링14년 2004-09-01,14
2738670767.0886765,906000000.0,500431184.8342399,906000.0,0.12593960171459168,-0.2202858355366144,-0.2665259054200304,135,29984375.546388865,2017-08-09,876050587.4649805,654353583.8571115,35528834.08175654,-0.8968061364055568,2009-01-02,해당 없음,해당 없음,P3,S1-i 합성3배 재시작,롤링14년 2004-10-01,14
2554962145.7982674,906000000.0,448790013.2076465,906000.0,0.11830335568839866,-0.22036245672222476,-0.2667332826137886,129,28168661.58732742,2017-09-06,870381435.1594329,649989147.9933925,35135381.64515214,-0.8968061364055571,2009-01-02,해당 없음,해당 없음,P3,S1-i 합성3배 재시작,롤링14년 2004-11-01,14
2512486720.6141996,906000000.0,437309702.30939865,906000.0,0.11648626512742957,-0.22051516599838938,-0.26712398062529386,129,28776684.57426822,2017-09-13,859015902.053792,640375730.2727033,34386238.55443434,-0.896806136405557,2009-01-02,해당 없음,해당 없음,P3,S1-i 합성3배 재시작,롤링14년 2004-12-01,14
2311900316.2827215,910500000.0,371858020.52733845,910500.0,0.10711994460906392,-0.2660289967606734,-0.26973557320419805,129,28143794.74615848,2017-09-28,928083382.5781239,658686184.3285983,76178036.63686992,-0.48118249787727363,2019-01-02,해당 없음,해당 없음,P3,S1-i 합성3배 재시작,롤링14년 2005-01-03,14
2481408502.6551356,906000000.0,420403704.37088245,906000.0,0.11510139625816414,-0.22211887155847032,-0.26723218640162594,59,21176361.078010082,2017-09-27,932397107.7827228,665978632.995487,76443227.37612258,-0.48118249787727396,2019-01-02,해당 없음,해당 없음,P3,S1-i 합성3배 재시작,롤링14년 2005-02-01,14
2575994745.2054834,906000000.0,447131037.7242284,906000.0,0.11923767588513681,-0.222097850784574,-0.2674540074815136,55,19510783.43421632,2017-09-29,926721073.1319706,662970862.8108068,76071223.48108566,-0.48118249787727385,2019-01-02,해당 없음,해당 없음,P3,S1-i 합성3배 재시작,롤링14년 2005-03-01,14
2680333941.1601114,906000000.0,476254064.8388026,906000.0,0.12361420003231398,-0.22209715316640333,-0.2674435168421353,25,14877779.101229131,2017-09-29,926772862.8327308,665772943.377837,76058199.8517255,-0.4811824978772741,2019-01-02,해당 없음,해당 없음,P3,S1-i 합성3배 재시작,롤링14년 2005-04-01,14
2863793740.622895,910500000.0,526419423.41123253,910500.0,0.1305452201487197,-0.2220978870269783,-0.26741695167740154,4,10040515.057745218,2017-09-29,927117258.3915658,668853030.0072752,76070436.6714674,-0.48118249787727385,2019-01-02,해당 없음,해당 없음,P3,S1-i 합성3배 재시작,롤링14년 2005-05-02,14
2632086937.4773717,906000000.0,463858427.182211,906000.0,0.12156645614568513,-0.22197899110841446,-0.2688259044881841,51,22552987.455738664,2017-10-27,893911387.264163,639061105.2485379,73988535.66478117,-0.48118249787727385,2019-01-02,해당 없음,해당 없음,P3,S1-i 합성3배 재시작,롤링14년 2005-06-01,14
2755941524.188057,906000000.0,498796786.27148044,906000.0,0.12664572833540882,-0.22194657028333642,-0.26920168521688537,51,22339292.597224236,2017-11-03,885218700.5832399,635387816.6325437,73417811.50224963,-0.4811824978772741,2019-01-02,해당 없음,해당 없음,P3,S1-i 합성3배 재시작,롤링14년 2005-07-01,14
2821227113.5583925,906000000.0,518220707.18355,906000.0,0.1291009411840642,-0.2218598894816728,-0.2703226762666603,104,30064325.29793787,2017-12-18,861682931.2962569,613873464.5320278,71916917.31395525,-0.4811824978772734,2019-01-02,해당 없음,해당 없음,P3,S1-i 합성3배 재시작,롤링14년 2005-08-01,14
2819501189.9392557,906000000.0,517754271.9933591,906000.0,0.12905638361918226,-0.2218874413473938,-0.27063190070701304,96,28875447.528530955,2017-12-18,855045706.1419964,610554218.0381728,71482858.42522979,-0.4811824978772735,2019-01-02,해당 없음,해당 없음,P3,S1-i 합성3배 재시작,롤링14년 2005-09-01,14
2733051427.122499,910500000.0,492570853.7732377,910500.0,0.12542330167509133,-0.2221674333918624,-0.2713988772561279,126,32290746.520701528,2018-01-12,839642889.8251503,598516417.1708577,70491603.78302963,-0.48118249787727374,2019-01-02,해당 없음,해당 없음,P3,S1-i 합성3배 재시작,롤링14년 2005-10-03,14
2833057932.36662,906000000.0,521903571.43050945,906000.0,0.12953668646172775,-0.22219589066117107,-0.27147687513761265,96,28572857.822882473,2018-01-12,837869852.2072825,599154676.765686,70370232.33563776,-0.48118249787727363,2019-01-02,해당 없음,해당 없음,P3,S1-i 합성3배 재시작,롤링14년 2005-11-01,14
2909204032.9630723,906000000.0,544458807.3001838,906000.0,0.13245827413971015,-0.22274498788828512,-0.2727999540959999,224,38545759.667656004,2018-01-22,808850268.3583127,574411573.7934117,68590768.6869887,-0.48118249787727374,2019-01-02,해당 없음,해당 없음,P3,S1-i 합성3배 재시작,롤링14년 2005-12-01,14
3037998935.3152046,910500000.0,577943757.4257622,910500.0,0.1368792092276022,-0.222718872677671,-0.2727407515330845,182,33386856.374323606,2018-01-22,1216284246.3912473,940158817.2886524,68647229.69828436,-0.4811824978772735,2019-01-02,해당 없음,해당 없음,P3,S1-i 합성3배 재시작,롤링14년 2006-01-03,14
3118734293.424636,906000000.0,601968269.1380213,906000.0,0.13990983628013443,-0.22276540770710707,-0.27284624389410206,104,30058792.038782537,2018-01-22,1212983172.1129403,937958406.9750701,68493282.54522046,-0.4811824978772735,2019-01-02,해당 없음,해당 없음,P3,S1-i 합성3배 재시작,롤링14년 2006-02-01,14
2932362924.0879083,906000000.0,549568060.3993099,906000.0,0.13331335750795456,-0.236905372392487,-0.2732960329754591,117,30447425.29462737,2018-01-23,1199382920.488929,928767697.0221908,67857096.32237917,-0.4811824978772741,2019-01-02,해당 없음,해당 없음,P3,S1-i 합성3배 재시작,롤링14년 2006-03-01,14
2571513131.513695,910500000.0,446784681.13262445,910500.0,0.11876825211346176,-0.3240549908780409,-0.32601253972955735,129,31448604.706543982,2018-06-12,1184348568.4639287,917196150.0807679,67158891.3936907,-0.48118249787727363,2019-01-02,해당 없음,해당 없음,P3,S1-i 합성3배 재시작,롤링14년 2006-04-03,14
2852766931.830406,906000000.0,527214806.2138645,906000.0,0.1302929045018332,-0.2896807597104847,-0.290615475186788,86,27237470.229014754,2018-06-13,1183179082.6066823,918327473.6492043,67099212.971646465,-0.48118249787727374,2019-01-02,해당 없음,해당 없음,P3,S1-i 합성3배 재시작,롤링14년 2006-05-01,14
3070300432.386466,906000000.0,588331392.8864317,906000.0,0.13830545762120353,-0.28967976255075056,-0.290615101179051,51,22777722.86552608,2018-06-13,1182393628.053751,921140655.9435399,67053253.44072342,-0.48118249787727385,2019-01-02,해당 없음,해당 없음,P3,S1-i 합성3배 재시작,롤링14년 2006-06-01,14
3136764364.4305773,910500000.0,605754505.6237519,910500.0,0.14034408694006759,-0.2896739801599122,-0.2906129315541429,22,20173410.437321544,2018-06-14,1176798983.2579584,918881907.6973598,66787750.50877105,-0.48118249787727374,2019-01-02,해당 없음,해당 없음,P3,S1-i 합성3배 재시작,롤링14년 2006-07-03,14
3300845400.1321807,906000000.0,652931635.0631973,906000.0,0.14603545036449228,-0.28967098565250793,-0.2906118127073677,5,16354857.456392527,2018-06-14,1175316061.3381033,921679292.6046929,66650427.81700504,-0.48118249787727363,2019-01-02,해당 없음,해당 없음,P3,S1-i 합성3배 재시작,롤링14년 2006-08-01,14
3529420948.2438188,906000000.0,718792348.6060718,906000.0,0.15322447591707392,-0.2896302687911083,-0.2905968238332095,31,26463800.780102134,2018-07-09,1130993914.1796849,884809748.6044225,64823577.08952777,-0.4811824978772743,2019-01-02,해당 없음,해당 없음,P3,S1-i 합성3배 재시작,롤링14년 2006-09-01,14
3254539984.1786876,910500000.0,640320403.1367292,910500.0,0.14433338323166756,-0.28961415579554184,-0.29059101333893844,35,27497362.369874597,2018-07-12,1114986628.774155,871953485.2654915,64119156.4688778,-0.48118249787727385,2019-01-02,해당 없음,해당 없음,P3,S1-i 합성3배 재시작,롤링14년 2006-10-02,14
2989936560.9245453,906000000.0,567506146.4770353,906000.0,0.135378749115885,-0.2895900667551633,-0.290584411044745,91,32298542.248000234,2018-07-18,1088720555.9184935,849668908.0829828,62956456.35270655,-0.4811824978772734,2019-01-02,해당 없음,해당 없음,P3,S1-i 합성3배 재시작,롤링14년 2006-11-01,14
3224706085.771874,906000000.0,634124159.4908247,906000.0,0.14351401706432398,-0.28956927397508814,-0.2905789197499469,117,35663160.92828271,2018-08-29,1067307140.461395,831161516.4564407,61972056.50302391,-0.4811824978772741,2019-01-02,해당 없음,해당 없음,P3,S1-i 합성3배 재시작,롤링14년 2006-12-01,14
3330359558.2327147,906000000.0,664050393.9089658,906000.0,0.14699705205632319,-0.28955891640263987,-0.2905762436729641,100,34751370.34417549,2018-08-29,1057192543.0908191,824635297.1823419,61488963.1323352,-0.48118249787727396,2019-01-02,해당 없음,해당 없음,P3,S1-i 합성3배 재시작,롤링14년 2007-01-03,14
3334167307.4887366,906000000.0,653725127.7263322,906000.0,0.14715988518863068,-0.2895338898210812,-0.2905696133931568,121,39125187.61590433,2019-04-08,1381554580.4505005,1127625241.277056,60361521.94480116,-0.48118249787727374,2019-01-02,해당 없음,해당 없음,P3,S1-i 합성3배 재시작,롤링14년 2007-02-01,14
3377291660.5417333,906000000.0,665877523.0175657,906000.0,0.14861261311818919,-0.2895304414291139,-0.29056868661311896,117,35624210.70460603,2019-04-08,1377668223.4322364,1126178652.3999388,60210395.21960699,-0.48118249787727363,2019-01-02,해당 없음,해당 없음,P3,S1-i 합성3배 재시작,롤링14년 2007-03-01,14
3524370769.142952,910500000.0,706453231.8917177,910500.0,0.15293522059814305,-0.28951515623712676,-0.2905646471368487,121,36287870.24330017,2019-04-23,1360115206.4886477,1111823883.3885672,59544382.08717168,-0.4811824978772741,2019-01-02,해당 없음,해당 없음,P3,S1-i 합성3배 재시작,롤링14년 2007-04-02,14
3545893853.301171,906000000.0,714604510.7268544,906000.0,0.1537685690799479,-0.2894847408545479,-0.2905569480845458,178,42225138.001095,2019-04-24,1325705218.791185,1080464483.6128845,58241406.221254066,-0.4811824978772741,2019-01-02,해당 없음,해당 없음,P3,S1-i 합성3배 재시작,롤링14년 2007-05-01,14
3501289331.8144507,906000000.0,702613886.9800869,906000.0,0.15251760127108488,-0.2894610203289564,-0.2905512536929621,195,45551135.17048007,2019-05-03,1299353042.5225768,1057671065.8548803,57245947.81960641,-0.48118249787727374,2019-01-02,해당 없음,해당 없음,P3,S1-i 합성3배 재시작,롤링14년 2007-06-01,14
3686534098.173744,910500000.0,753714734.823333,910500.0,0.1577842008103947,-0.2894531325663965,-0.2905494193789785,181,43580003.16633698,2019-07-02,1290709457.7839897,1050599633.8383235,56919332.45515206,-0.48118249787727363,2019-01-02,해당 없음,해당 없음,P3,S1-i 합성3배 재시작,롤링14년 2007-07-02,14
3821405136.3086014,906000000.0,793054584.6113263,906000.0,0.16182835435285878,-0.2894481553839089,-0.2905482769134533,178,40618395.35464352,2019-07-02,1285329274.4696045,1046777850.2969618,56714396.21695243,-0.48118249787727385,2019-01-02,해당 없음,해당 없음,P3,S1-i 합성3배 재시작,롤링14년 2007-08-01,14
3935806559.44341,910500000.0,824762436.8079331,910500.0,0.16471689361056813,-0.2894193224165187,-0.29054188528368474,196,45380898.59365836,2019-07-10,1254454670.3666244,1019639047.9187983,55541020.90391277,-0.48118249787727396,2019-01-02,해당 없음,해당 없음,P3,S1-i 합성3배 재시작,롤링14년 2007-09-04,14
3704041705.4411206,906000000.0,761135668.5279129,906000.0,0.15843283389838192,-0.2893983124612216,-0.29053746464313723,210,47520693.324517906,2019-07-24,1232405122.0783625,1000001678.3265555,54703521.88496608,-0.48118249787727385,2019-01-02,해당 없음,해당 없음,P3,S1-i 합성3배 재시작,롤링14년 2007-10-01,14
3952873384.5424376,906000000.0,831525166.2811551,906000.0,0.16547969794991224,-0.2893868246311221,-0.29053512699186923,210,46681307.4803265,2019-07-26,1220480200.9024897,988743411.1389611,54252248.493823476,-0.48118249787727396,2019-01-02,해당 없음,해당 없음,P3,S1-i 합성3배 재시작,롤링14년 2007-11-01,14
3959915480.5938697,910500000.0,832212712.7365868,910500.0,0.16541132621559732,-0.28938372945595325,-0.2905345061041943,196,42682474.16275743,2019-07-26,1217582098.4748807,990578558.8869998,54131167.59127823,-0.4811824978772735,2019-01-02,해당 없음,해당 없음,P3,S1-i 합성3배 재시작,롤링14년 2007-12-03,14
4109087851.783469,906000000.0,875831363.0519998,906000.0,0.1695523109344287,-0.2893692857620713,-0.29053166543238684,205,42431938.003121465,2019-11-01,1202985464.371877,979497354.9515939,53570923.379647195,-0.4811824978772741,2019-01-02,해당 없음,해당 없음,P3,S1-i 합성3배 재시작,롤링14년 2008-01-02,14
3929169453.4639955,906000000.0,812785473.9138579,906000.0,0.16472381033707184,-0.28937875145607084,-0.2905335156323844,152,34450722.121099055,2019-10-28,1610979185.6414037,1378041565.9786687,53937289.39704878,-0.4811824978772741,2019-01-02,해당 없음,해당 없음,P3,S1-i 합성3배 재시작,롤링14년 2008-02-01,14
3842880406.0608187,910500000.0,786749094.0730548,910500.0,0.1622449153317117,-0.2893871406123738,-0.2905351872699359,100,26952604.506264716,2019-07-26,1622137580.0905805,1392231870.373941,54264706.003426984,-0.48118249787727363,2019-01-02,해당 없음,해당 없음,P3,S1-i 합성3배 재시작,롤링14년 2008-03-03,14
3855969241.465078,906000000.0,793153878.8974979,906000.0,0.1627780272980093,-0.2893433633170204,-0.29052675226308466,180,35904165.024624825,2019-11-14,1566241066.8705375,1339597434.040615,52584522.953251645,-0.4811824978772741,2019-01-02,해당 없음,해당 없음,P3,S1-i 합성3배 재시작,롤링14년 2008-04-01,14
3531992577.26709,906000000.0,703050364.2864277,906000.0,0.15340916527150475,-0.2893019001887144,-0.2905189850674109,229,43471024.10699195,2019-11-27,1515984784.7204826,1292642888.8049662,51073341.074757695,-0.48118249787727374,2019-01-02,해당 없음,해당 없음,P3,S1-i 합성3배 재시작,롤링14년 2008-05-01,14
3440317735.98857,910500000.0,676440655.957432,910500.0,0.15035341152412943,-0.2892822965352978,-0.29051548101928115,236,44408023.760059655,2019-12-11,1492903333.00397,1272175820.1362026,50380369.44304884,-0.48118249787727374,2019-01-02,해당 없음,해당 없음,P3,S1-i 합성3배 재시작,롤링14년 2008-06-02,14
3356549311.949597,906000000.0,653745845.8636386,906000.0,0.14788132854685854,-0.2892889780333149,-0.2905166519788871,205,37693932.14613977,2019-12-06,1500353732.062098,1283241502.0052094,50615687.831633456,-0.48118249787727385,2019-01-02,해당 없음,해당 없음,P3,S1-i 합성3배 재시작,롤링14년 2008-07-01,14
3614375710.7783093,906000000.0,725948063.378224,906000.0,0.15591099590396557,-0.289301304357779,-0.2905188729498964,152,29499445.090621322,2019-11-27,1515031800.5323684,1298824697.0338671,51053069.66875404,-0.4811824978772742,2019-01-02,해당 없음,해당 없음,P3,S1-i 합성3배 재시작,롤링14년 2008-08-01,14
3474399241.2257657,910500000.0,687319570.5127481,910500.0,0.15139566089484946,-0.28923430609609435,-0.29050666924904966,236,42865808.024955004,2020-01-02,1438429912.4934192,1230581729.4513214,48766308.96313977,-0.48118249787727374,2019-01-02,해당 없음,해당 없음,P3,S1-i 합성3배 재시작,롤링14년 2008-09-02,14
3380955241.5707254,906000000.0,662256387.8277284,906000.0,0.14864189907322992,-0.2892401423919264,-0.29050790835803264,203,36218767.671351016,2020-01-02,1440620872.3475697,1242026192.0585124,48950299.46325415,-0.48118249787727385,2019-01-02,해당 없음,해당 없음,P3,S1-i 합성3배 재시작,롤링14년 2008-10-01,14
3572824861.238735,910500000.0,713505837.2720942,910500.0,0.1543695304645628,-0.2892931215591813,-0.29051738216056455,32,16087758.473730922,2019-12-06,1493796461.28045,1304428454.1868062,50762216.75137643,-0.48118249787727363,2019-01-02,해당 없음,해당 없음,P3,S1-i 합성3배 재시작,롤링14년 2008-11-03,14
3618875347.574062,906000000.0,726714577.661664,906000.0,0.15595082980610303,-0.2893071106627787,-0.29051994482030996,9,7563154.269209266,2019-11-26,1516484321.6392071,1332459034.369333,51258131.16640601,-0.48118249787727374,2019-01-02,해당 없음,해당 없음,P3,S1-i 합성3배 재시작,롤링14년 2008-12-01,14
3223523339.701839,906000000.0,617243230.935489,906000.0,0.1435362566209532,-0.2906371327700169,-0.30004683852333114,37,17310630.1316337,2019-12-24,1450781739.232195,1271008901.840284,49454058.81082508,-0.48118249787727396,2019-01-02,해당 없음,해당 없음,P3,S1-i 합성3배 재시작,롤링14년 2009-01-02,14
3533912641.3380904,910500000.0,692793657.5254856,910500.0,0.1531988880039277,-0.2892691810016823,-0.2905132145702194,9,11546279.108711243,2019-12-19,1924389073.7616622,1460907447.5362866,454432294.8866416,-0.8082480024052339,2023-01-03,해당 없음,해당 없음,P3,S1-i 합성3배 재시작,롤링14년 2009-02-02,14
3582617814.803169,910500000.0,706213635.2542562,910500.0,0.15474158711340447,-0.2892748357571182,-0.2905141802777067,5,9029245.825149268,2019-12-12,1937962622.4052866,1475734391.492071,456167400.46693397,-0.8082480024052343,2023-01-03,해당 없음,해당 없음,P3,S1-i 합성3배 재시작,롤링14년 2009-03-02,14
3706404283.403493,906000000.0,744346754.94308,906000.0,0.15853821969130277,-0.2892178441798222,-0.2905032040924288,2,5640268.18969506,2020-01-06,1846633685.2814817,1398978394.333345,439622616.19118035,-0.8082480024052344,2023-01-03,해당 없음,해당 없음,P3,S1-i 합성3배 재시작,롤링14년 2009-04-01,14
3719828103.239024,906000000.0,749548003.2849184,906000.0,0.15902647418906363,-0.2891724169423239,-0.29049387271296767,5,6775501.524480313,2020-01-21,1780186445.6350327,1343330041.9738216,427457237.6871562,-0.8082480024052342,2023-01-03,해당 없음,해당 없음,P3,S1-i 합성3배 재시작,롤링14년 2009-05-01,14
3777086295.906864,906000000.0,766995494.578923,906000.0,0.16056300205570018,-0.2891301783968614,-0.29048550041907284,6,6598856.745306551,2020-02-04,1728922719.0290465,1300452983.3985267,416626634.3625722,-0.8082480024052343,2023-01-03,해당 없음,해당 없음,P3,S1-i 합성3배 재시작,롤링14년 2009-06-01,14
3996886658.4254856,906000000.0,829535734.0572999,906000.0,0.1666422308605289,-0.2891096195551698,-0.29048153204790994,7,7191709.800858408,2020-02-05,1705491107.780654,1281819321.4797263,411512599.64669853,-0.8082480024052341,2023-01-03,해당 없음,해당 없음,P3,S1-i 합성3배 재시작,롤링14년 2009-07-01,14
3890178048.8113694,910500000.0,799837699.529701,910500.0,0.1635402050939223,-0.28903491958131144,-0.2904526969665938,1,778387.06050089,2020-02-19,1640993608.593918,1226444390.3767247,398017027.4418748,-0.8082480024052342,2023-01-03,해당 없음,해당 없음,P3,S1-i 합성3배 재시작,롤링14년 2009-08-03,14
3916492260.3691993,906000000.0,809171682.8550646,906000.0,0.1644298284804459,-0.289000630948435,-0.2904396499093388,3,2518954.884924829,2020-07-20,1613939110.1697466,1206294077.6086035,392047746.61585164,-0.8082480024052342,2023-01-03,해당 없음,해당 없음,P3,S1-i 합성3배 재시작,롤링14년 2009-09-01,14
3689194825.51498,906000000.0,745332747.6967654,906000.0,0.15807137958892883,-0.2889885306787473,-0.29043506318587153,1,308691.308691293,2020-07-20,1604078705.086082,1197838294.775264,389983878.55586463,-0.8082480024052342,2023-01-03,해당 없음,해당 없음,P3,S1-i 합성3배 재시작,롤링14년 2009-10-01,14
3618008113.355519,910500000.0,724733065.8049954,910500.0,0.1557563238890667,-0.2889514851382885,-0.29042168061417517,1,308691.3086912632,2020-08-03,1575252721.5943604,1175214340.2766533,383607418.2020376,-0.8082480024052342,2023-01-03,해당 없음,해당 없음,P3,S1-i 합성3배 재시작,롤링14년 2009-11-02,14
3725949335.764247,906000000.0,758196040.776059,906000.0,0.15908850612086411,-0.2888818234142164,-0.29039738036652585,19,8813016.29193762,2020-08-18,1520064287.621697,1129459309.2663965,371953598.1619966,-0.8082480024052342,2023-01-03,해당 없음,해당 없음,P3,S1-i 합성3배 재시작,롤링14년 2009-12-01,14
3865912148.2322345,910500000.0,791937518.3752512,910500.0,0.16281305140787466,-0.2888348776300985,-0.2903808871400029,48,13091541.612303674,2020-08-24,2241974745.8338475,1643561571.8058212,364518744.7692498,-0.8082480024052343,2023-01-03,해당 없음,해당 없음,P3,S1-i 합성3배 재시작,롤링14년 2010-01-04,14
4085888175.171064,906000000.0,854912207.324138,906000.0,0.16894022515264598,-0.2888438352074637,-0.2903840057794942,11,6586655.208745927,2020-08-21,2251053092.8256397,1655660418.7311988,365907022.34046125,-0.8082480024052342,2023-01-03,해당 없음,해당 없음,P3,S1-i 합성3배 재시작,롤링14년 2010-02-01,14
4218989574.170282,906000000.0,893255864.3243583,906000.0,0.1724012419647812,-0.2888035523596759,-0.29037036902776026,7,3330242.394978225,2020-08-26,2210642674.1078396,1622592618.8695774,359586749.83344424,-0.8082480024052341,2023-01-03,해당 없음,해당 없음,P3,S1-i 합성3배 재시작,롤링14년 2010-03-01,14
4283939229.896208,906000000.0,912601788.3471086,906000.0,0.17416027302919446,-0.28875270402868414,-0.29035412444371134,22,8541163.943199843,2020-08-31,2160319096.0972395,1580495676.516798,351695351.2279236,-0.8082480024052342,2023-01-03,해당 없음,해당 없음,P3,S1-i 합성3배 재시작,롤링14년 2010-04-01,14
4126189326.894129,910500000.0,867650989.7089721,910500.0,0.1698386901186031,-0.28871177548654015,-0.29034274251525694,63,11862542.679020882,2020-09-01,2119115166.76423,1546868276.1512127,345217874.52616405,-0.8082480024052341,2023-01-03,해당 없음,해당 없음,P3,S1-i 합성3배 재시작,롤링14년 2010-05-03,14
4350675816.065974,906000000.0,932219318.7003359,906000.0,0.17566890910492483,-0.2887084112004741,-0.29034259151598496,22,7808236.089435816,2020-09-01,2114794042.146111,1548852117.8214414,344506872.76674366,-0.8082480024052341,2023-01-03,해당 없음,해당 없음,P3,S1-i 합성3배 재시작,롤링14년 2010-06-01,14
4563937890.601644,906000000.0,991966300.9621915,906000.0,0.18089733766107055,-0.28871849652835646,-0.29034398883413814,3,894447.9231242537,2020-09-01,2127266476.19345,1563032176.1273599,346366979.1694357,-0.8082480024052341,2023-01-03,해당 없음,해당 없음,P3,S1-i 합성3배 재시작,롤링14년 2010-07-01,14
4340564520.315861,910500000.0,929017140.4580173,910500.0,0.17527461073860842,-0.2886675805349814,-0.29034086492185895,30,8315389.78271082,2020-09-02,2062230805.0801213,1507844697.4449391,336308577.7485973,-0.8082480024052343,2023-01-03,해당 없음,해당 없음,P3,S1-i 합성3배 재시작,롤링14년 2010-08-02,14
4400124688.202314,906000000.0,946970910.5343027,906000.0,0.17690443589074922,-0.2886668233880272,-0.2903408340502468,1,308691.308691293,2021-02-04,2061612032.3900824,1510588502.0564227,336148770.0708023,-0.808248002405234,2023-01-03,해당 없음,해당 없음,P3,S1-i 합성3배 재시작,롤링14년 2010-09-01,14
4333800680.378452,906000000.0,929809577.786189,906000.0,0.17524648472811974,-0.28861607399374467,-0.29033905115411396,3,5885278.16303882,2021-04-01,1992980177.5395064,1455101678.2455792,326434073.9068385,-0.8082480024052343,2023-01-03,해당 없음,해당 없음,P3,S1-i 합성3배 재시작,롤링14년 2010-10-01,14
4374149848.050172,906000000.0,942770712.7922242,906000.0,0.1762201327381611,-0.2885688299180418,-0.29033776908215014,18,12611300.77511093,2021-04-09,1934701638.0217128,1408182236.5361276,317805596.5585403,-0.8082480024052343,2023-01-03,해당 없음,해당 없음,P3,S1-i 합성3배 재시작,롤링14년 2010-11-01,14
4572213938.005565,906000000.0,999946998.7920334,906000.0,0.1810171552740309,-0.288519261013896,-0.2903368376369666,32,19138278.075192362,2021-06-10,1879478336.6261678,1364185941.9242692,309135513.63519746,-0.8082480024052341,2023-01-03,해당 없음,해당 없음,P3,S1-i 합성3배 재시작,롤링14년 2010-12-01,14
4629488920.495129,910500000.0,997976404.3610268,910500.0,0.18211204555244936,-0.28848140122985155,-0.29033641870122073,37,22799076.726485282,2021-06-21,2121859287.9071488,1571601709.7200634,302776330.22978276,-0.8082480024052342,2023-01-03,해당 없음,해당 없음,P3,S1-i 합성3배 재시작,롤링14년 2011-01-03,14
4630011479.255499,906000000.0,1000361466.1416676,906000.0,0.1822736582273996,-0.28845080801033507,-0.29033627389760497,65,24693063.98772061,2021-06-28,2085808269.5344453,1542206617.9956992,297790945.95743114,-0.8082480024052342,2023-01-03,해당 없음,해당 없음,P3,S1-i 합성3배 재시작,롤링14년 2011-02-01,14
4522846501.105942,906000000.0,970913425.3312083,906000.0,0.1798495993275412,-0.28842370620483837,-0.29033629792949656,103,25588846.48194596,2021-07-01,2054669681.2137694,1518624040.5945172,293473006.0506373,-0.8082480024052343,2023-01-03,해당 없음,해당 없음,P3,S1-i 합성3배 재시작,롤링14년 2011-03-01,14
4314759548.494159,906000000.0,912350440.2563992,906000.0,0.17479572105252456,-0.2884153457607386,-0.2903363295960184,38,22714908.16205737,2021-07-02,2045200627.8198395,1512026364.9381993,292161237.5090757,-0.8082480024052341,2023-01-03,해당 없음,해당 없음,P3,S1-i 합성3배 재시작,롤링14년 2011-04-01,14
4134957703.4425445,910500000.0,861186176.3548079,910500.0,0.17010684729646258,-0.2883868853380678,-0.290336556334036,98,23815326.805330575,2021-07-07,2013473955.1766858,1486632061.1658058,287772814.0918766,-0.8082480024052342,2023-01-03,해당 없음,해당 없음,P3,S1-i 합성3배 재시작,롤링14년 2011-05-02,14
4197706615.7078843,906000000.0,880111044.7258058,906000.0,0.17189610640419722,-0.28838258800887595,-0.2903366030265484,37,19974689.512699306,2021-07-07,2008760980.4374044,1485593291.02735,287105785.8847102,-0.808248002405234,2023-01-03,해당 없음,해당 없음,P3,S1-i 합성3배 재시작,롤링14년 2011-06-01,14
4291343327.4589267,906000000.0,907154834.078227,906000.0,0.17422479980445643,-0.28835878838524354,-0.29033694038354274,37,20018035.79218462,2021-07-12,1982895754.9410644,1465330710.3682268,283525924.32081,-0.8082480024052342,2023-01-03,해당 없음,해당 없음,P3,S1-i 합성3배 재시작,롤링14년 2011-07-01,14
4497429911.218869,906000000.0,965156880.6699855,906000.0,0.1792242578835786,-0.28835771711360114,-0.2903369525160133,32,15833206.485087425,2021-07-12,1981668468.938647,1465669502.4097507,283363181.46114635,-0.8082480024052341,2023-01-03,해당 없음,해당 없음,P3,S1-i 합성3배 재시작,롤링14년 2011-08-01,14
4607885585.513369,906000000.0,995569563.0357867,906000.0,0.1818977478314863,-0.2883729593810129,-0.2903367158235244,3,3546211.779962063,2021-07-07,1998898031.1603942,1483940539.450195,285620094.3866343,-0.8082480024052344,2023-01-03,해당 없음,해당 없음,P3,S1-i 합성3배 재시작,롤링14년 2011-09-01,14
4857571593.554941,910500000.0,1065533573.6950239,910500.0,0.18728642597271009,-0.28834026927629863,-0.2903371681348331,1,308691.308691293,2021-07-23,1965298174.2262657,1459150178.529815,280757369.6057007,-0.8082480024052342,2023-01-03,해당 없음,해당 없음,P3,S1-i 합성3배 재시작,롤링14년 2011-10-03,14
4911227071.029584,906000000.0,1084072738.8029475,906000.0,0.18860531614387763,-0.28824952391529146,-0.2903164724307331,6,4258404.113854408,2021-08-13,1893069203.1275332,1398913559.3612907,271054991.1605673,-0.8082480024052339,2023-01-03,해당 없음,해당 없음,P3,S1-i 합성3배 재시작,롤링14년 2011-11-01,14
4935258079.328959,906000000.0,1091780958.5326934,906000.0,0.18924271496095937,-0.2881998079286059,-0.29030544021202065,4,1969419.9302988648,2021-08-30,1856622246.6150117,1370734307.760042,265955894.58764836,-0.8082480024052342,2023-01-03,해당 없음,해당 없음,P3,S1-i 합성3배 재시작,롤링14년 2011-12-01,14
4776588397.988009,910500000.0,1038175140.3065773,910500.0,0.18546732027582183,-0.28814815103173563,-0.29029851191187683,1,308691.3086913228,2021-10-28,2110612071.810503,1563968922.00955,260302309.4806221,-0.8082480024052342,2023-01-03,해당 없음,해당 없음,P3,S1-i 합성3배 재시작,롤링14년 2012-01-03,14
4786605432.566888,906000000.0,1043921472.3787768,906000.0,0.18588794796817443,-0.28808536210871816,-0.29029772524885855,4,3658198.9834622443,2021-11-02,2048284265.8765788,1510856051.6239452,252869208.55072752,-0.8082480024052341,2023-01-03,해당 없음,해당 없음,P3,S1-i 합성3배 재시작,롤링14년 2012-02-01,14
4671306403.405375,906000000.0,1012807997.9852304,906000.0,0.1833790868612663,-0.2880290881143909,-0.2902983085023513,28,9633988.971223146,2021-11-04,1996877568.070463,1467212297.94443,246407795.7743479,-0.8082480024052341,2023-01-03,해당 없음,해당 없음,P3,S1-i 합성3배 재시작,롤링14년 2012-03-01,14
4543322008.946896,910500000.0,976997769.8397839,910500.0,0.1802045994303854,-0.28795460118550864,-0.2902900935736592,94,16592750.661210328,2021-12-27,1940045080.1233487,1419887685.3032079,239269157.64929554,-0.8082480024052341,2023-01-03,해당 없음,해당 없음,P3,S1-i 합성3배 재시작,롤링14년 2012-04-02,14
4898605223.172108,906000000.0,1078701636.5942638,906000.0,0.1884020046241505,-0.2879370120362207,-0.29028781529538383,68,14428990.657815725,2021-12-27,1927341220.2507772,1412087183.6957161,237661409.6794906,-0.8082480024052343,2023-01-03,해당 없음,해당 없음,P3,S1-i 합성3배 재시작,롤링14년 2012-05-01,14
5425138936.46984,906000000.0,1226569627.4640765,906000.0,0.19938815409880878,-0.28795953280912845,-0.2902908060581819,11,6216541.157536477,2021-12-27,1943498597.6063244,1430915752.9226496,239662968.12183577,-0.8082480024052339,2023-01-03,해당 없음,해당 없음,P3,S1-i 합성3배 재시작,롤링14년 2012-06-01,14
5302505189.060795,910500000.0,1192005621.8109946,910500.0,0.1967324534147599,-0.2878919391461173,-0.2902820967050447,59,11469205.004546255,2023-05-18,1895446669.8383622,1390380529.4794137,233635733.0853392,-0.8082480024052341,2023-01-03,해당 없음,해당 없음,P3,S1-i 합성3배 재시작,롤링14년 2012-07-02,14
4768665657.234512,906000000.0,1043045628.3603386,906000.0,0.18550823488922033,-0.2878681444376635,-0.2902791478536393,57,10163239.129979342,2023-05-26,1878971047.094104,1378384700.056126,231562157.11513555,-0.8082480024052342,2023-01-03,해당 없음,해당 없음,P3,S1-i 합성3배 재시작,롤링14년 2012-08-01,14
4629949579.029375,910500000.0,1004129569.1091077,910500.0,0.1821345634836018,-0.28778661374662606,-0.29026942241667975,78,16666027.46353817,2023-06-12,1824365083.4063668,1332559286.1325796,224716536.11785153,-0.808248002405234,2023-01-03,해당 없음,해당 없음,P3,S1-i 합성3배 재시작,롤링14년 2012-09-04,14
3006127687.5820193,1180500000.0,507282674.60964066,1180500.0,0.08048228003303315,-0.3677772327039579,-0.6930718993334586,1822,168416373.08236578,2015-07-20,1374521108.0636036,924266952.2591559,99298666.79248194,-0.9774556918274715,2019-01-02,2001-08-30,해당 없음,P3,S1-i 합성3배 재시작,롤링19년 2000-01-03,19
3215464658.6218405,1176000000.0,567229079.869803,1176000.0,0.0860455824005026,-0.38261518034695596,-0.6997202646805547,1720,164236658.4961417,2015-07-20,1376117090.6448143,924409114.0314512,99222512.21805505,-0.9774556918274713,2019-01-02,2001-09-06,해당 없음,P3,S1-i 합성3배 재시작,롤링19년 2000-02-01,19
3346890836.139239,1176000000.0,602460561.0391669,1176000.0,0.08929710068424546,-0.35351168190877014,-0.680648225337247,1819,161584794.7794365,2015-08-17,1361091445.4289823,911364133.7940298,99017958.38564007,-0.9774556918274714,2019-01-02,2001-04-03,해당 없음,P3,S1-i 합성3배 재시작,롤링19년 2000-03-01,19
3526906027.335238,1180500000.0,650607985.813308,1180500.0,0.09334287681439589,-0.3527962210334753,-0.6642001849781958,1819,159745109.29028547,2015-12-07,1350767626.8569915,905401955.7661241,98516327.0069489,-0.9685540865353301,2019-01-02,2001-04-03,해당 없음,P3,S1-i 합성3배 재시작,롤링19년 2000-04-03,19
3707228963.5449533,1176000000.0,705384594.0638524,1176000.0,0.09744882841186843,-0.37916795824020033,-0.6607917431069226,1719,157858706.015277,2016-05-31,1345381959.2293274,909626724.6837447,97863928.18892868,-0.9500903972435863,2019-01-02,2001-09-17,해당 없음,P3,S1-i 합성3배 재시작,롤링19년 2000-05-01,19
3544289133.4269505,1176000000.0,658714509.6341695,1176000.0,0.09386451550398964,-0.3184432869651932,-0.6115634848436364,1609,134982941.6075319,2015-07-17,1390318392.2953856,952281400.3121725,100020886.5660426,-0.9479112784836835,2019-01-02,2002-04-26,해당 없음,P3,S1-i 합성3배 재시작,롤링19년 2000-06-01,19
3734432158.993405,1180500000.0,710506396.2369745,1180500.0,0.09790086796922823,-0.3736410887895647,-0.6646131416325467,1689,151955900.2291974,2016-06-01,1332833842.340739,902294028.0189492,97283748.65175758,-0.9479112784836833,2019-01-02,2001-09-18,해당 없음,P3,S1-i 합성3배 재시작,롤링19년 2000-07-03,19
3791296565.386129,1176000000.0,727061830.1356602,1176000.0,0.09921750611847052,-0.3888881911031572,-0.6759668423035989,1588,148451127.7778705,2016-07-20,1330116808.6590085,900885739.877365,97151491.41922529,-0.94579559078471,2019-01-02,2001-09-20,해당 없음,P3,S1-i 합성3배 재시작,롤링19년 2000-08-01,19
3789253929.234084,1176000000.0,725844452.899889,1176000.0,0.0991865467506635,-0.35865292706092955,-0.6488067506894626,1691,146356984.54284003,2016-08-22,1320800817.1889281,894768054.4423654,96648279.25560427,-0.9457955907847104,2019-01-02,2001-09-17,해당 없음,P3,S1-i 합성3배 재시작,롤링19년 2000-09-01,19
3867891498.5235305,1180500000.0,746793814.5728514,1180500.0,0.10069223833940529,-0.3122051802992708,-0.5694176757747895,1493,120805105.48139071,2015-07-20,1371867366.731098,945545070.2383027,99215480.37764005,-0.9036884465754984,2019-01-02,2002-05-02,해당 없음,P3,S1-i 합성3배 재시작,롤링19년 2000-10-02,19
3927337567.2833557,1176000000.0,765918765.0200435,1176000.0,0.10199793026577647,-0.3119559126884104,-0.5866183145583364,1492,121530950.55054602,2015-12-07,1352931685.7457955,937315240.253961,98289243.95882185,-0.8773540678140491,2019-01-02,2002-06-11,해당 없음,P3,S1-i 합성3배 재시작,롤링19년 2000-11-01,19
4069077252.820706,1176000000.0,807586235.0337596,1176000.0,0.10482673236327614,-0.3548171669962813,-0.6151959131466396,1558,124470713.90259477,2016-08-19,1324467348.7287302,920166733.4789873,96754386.3895905,-0.8005263726753797,2019-01-02,2002-08-05,해당 없음,P3,S1-i 합성3배 재시작,롤링19년 2000-12-01,19
4113774213.5358887,1176000000.0,819197843.2987951,1176000.0,0.10566284404666203,-0.35509691075627225,-0.6339006722213246,1553,126734476.50523543,2016-10-24,1301404369.0407505,902282863.4515028,95637063.34849356,-0.6714889053426754,2019-01-02,2002-10-09,해당 없음,P3,S1-i 합성3배 재시작,롤링19년 2001-01-02,19
4305190887.817453,1176000000.0,870960365.1628754,1176000.0,0.10922750389648009,-0.3536987274253456,-0.5802720230977452,1563,123651018.92755839,2016-10-24,1857785603.484538,1413489241.2227113,95331882.96372825,-0.6246577886683433,2019-01-02,2002-09-30,해당 없음,P3,S1-i 합성3배 재시작,롤링19년 2001-02-01,19
4243608535.476739,1176000000.0,835008336.5817416,1176000.0,0.10813513900722767,-0.3577493455485954,-0.5376678029461712,652,107264897.26873714,2015-07-20,1932971156.0005035,1422707000.6558778,99248573.15841664,-0.48118249787727396,2019-01-02,해당 없음,해당 없음,P3,S1-i 합성3배 재시작,롤링19년 2001-03-01,19
3723870413.758747,1180500000.0,683490782.4946904,1180500.0,0.09766956535250067,-0.36019257078433287,-0.5532025150626043,491,95605750.10386646,2015-07-17,1964297340.2704625,1459722617.2936125,100488984.39908914,-0.48118249787727385,2019-01-02,해당 없음,해당 없음,P3,S1-i 합성3배 재시작,롤링19년 2001-04-02,19
4111219579.371621,1176000000.0,797420403.7239692,1176000.0,0.10561529658392184,-0.35490534012161035,-0.5394080501249265,662,105432306.76083234,2016-05-31,1900091528.5745564,1404213783.6398668,97871588.04150046,-0.4811824978772733,2019-01-02,해당 없음,해당 없음,P3,S1-i 합성3배 재시작,롤링19년 2001-05-01,19
4444804537.7176485,1176000000.0,890321639.7285125,1176000.0,0.11178582081224935,-0.3558776970610533,-0.5089403906770745,643,98585281.79469222,2015-12-08,1910270986.178831,1416612997.7270489,98286383.0210122,-0.4811824978772735,2019-01-02,해당 없음,해당 없음,P3,S1-i 합성3배 재시작,롤링19년 2001-06-01,19
4513555238.663162,1180500000.0,908220733.4427513,1180500.0,0.11285589017373301,-0.35517078888781395,-0.4861857516624366,625,95801630.29381089,2016-05-31,1902299719.5216453,1412710019.9696627,97952516.53856629,-0.4811824978772735,2019-01-02,해당 없음,해당 없음,P3,S1-i 합성3배 재시작,롤링19년 2001-07-02,19
4795797075.773384,1176000000.0,988036013.4339231,1176000.0,0.11768580380007188,-0.35574288397995446,-0.464778457429356,598,89916812.94912504,2015-12-08,1908496236.516584,1421666695.0239692,98190171.24230742,-0.48118249787727385,2019-01-02,해당 없음,해당 없음,P3,S1-i 합성3배 재시작,롤링19년 2001-08-01,19
5226462595.931214,1180500000.0,1105522322.1110961,1180500.0,0.12425271617685346,-0.35968223760658136,-0.45334308921445465,358,74700311.72570875,2015-07-17,1958911994.1156135,1466231733.7519314,100048432.64246076,-0.48118249787727363,2019-01-02,해당 없음,해당 없음,P3,S1-i 합성3배 재시작,롤링19년 2001-09-04,19
5026511119.823945,1176000000.0,1049517539.4420884,1176000.0,0.12134712046379688,-0.3661175647794842,-0.4604986330411963,265,55175652.90241501,2015-07-15,2024384406.9750037,1522170010.4489794,102060270.59542038,-0.48118249787727385,2019-01-02,해당 없음,해당 없음,P3,S1-i 합성3배 재시작,롤링19년 2001-10-01,19
4613147435.087111,1176000000.0,934356985.492357,1176000.0,0.11466164264047904,-0.35778627898060034,-0.4519373530916765,350,71165490.25040281,2015-08-17,1931033385.0502014,1448555978.1873646,99040477.60457961,-0.48118249787727385,2019-01-02,해당 없음,해당 없음,P3,S1-i 합성3배 재시작,롤링19년 2001-11-01,19
5044431288.456545,1180500000.0,1056074922.6812799,1180500.0,0.12151652287614065,-0.3542553598868359,-0.45257839348415185,404,75445859.48945658,2016-06-01,1887691787.7400417,1415445583.9149876,97477096.79374926,-0.48118249787727385,2019-01-02,해당 없음,해당 없음,P3,S1-i 합성3배 재시작,롤링19년 2001-12-03,19
5099743546.006959,1176000000.0,1073827910.0100842,1176000.0,0.1224669606924837,-0.35078216048513877,-0.4551663812886022,472,78349602.29864559,2016-10-21,1854144287.8577929,1390197980.7068293,96090498.20910785,-0.4811824978772734,2019-01-02,해당 없음,해당 없음,P3,S1-i 합성3배 재시작,롤링19년 2002-01-02,19
5200435987.741508,1176000000.0,1082216096.1480136,1176000.0,0.12402047812173184,-0.3522205718910295,-0.4326313908342566,406,72879286.26338215,2016-10-21,2393321872.39108,1900813535.8791382,96240738.00273895,-0.48118249787727385,2019-01-02,해당 없음,해당 없음,P3,S1-i 합성3배 재시작,롤링19년 2002-02-01,19
5268662621.257373,1176000000.0,1101372038.8065777,1176000.0,0.12507832607767636,-0.35523012529558096,-0.4361418968054721,388,69206131.15094441,2016-10-21,2387566241.48765,1901349325.3921897,96028489.44041559,-0.4811824978772741,2019-01-02,해당 없음,해당 없음,P3,S1-i 합성3배 재시작,롤링19년 2002-03-01,19
5405055024.076429,1176000000.0,1140332784.3770235,1176000.0,0.127002611975466,-0.34846971169931096,-0.4166200744812574,391,68930003.32706404,2016-10-24,2364057835.4103346,1882530538.772357,95229329.34902516,-0.48118249787727363,2019-01-02,해당 없음,해당 없음,P3,S1-i 합성3배 재시작,롤링19년 2002-04-01,19
5716454308.425971,1176000000.0,1227194630.0911927,1176000.0,0.13135198355863617,-0.3078037202400309,-0.35831360005982815,337,58524001.54658744,2016-10-21,2395385363.4432898,1913359285.5656009,96274813.49543823,-0.48118249787727363,2019-01-02,해당 없음,해당 없음,P3,S1-i 합성3배 재시작,롤링19년 2002-05-01,19
5804524587.073666,1180500000.0,1249436734.7288103,1180500.0,0.13242631345764483,-0.29108358049469574,-0.2917277724017976,247,45586307.151410535,2016-05-31,2440724215.7441306,1955916091.7474265,97806644.7541901,-0.48118249787727396,2019-01-02,해당 없음,해당 없음,P3,S1-i 합성3배 재시작,롤링19년 2002-06-03,19
6237801602.717221,1176000000.0,1371168617.7992334,1176000.0,0.13809219078941573,-0.29124253723857785,-0.291873524122531,66,30030514.850319803,2015-07-20,2501792598.8273993,2013145338.0708873,99845486.4853216,-0.48118249787727374,2019-01-02,해당 없음,해당 없음,P3,S1-i 합성3배 재시작,롤링19년 2002-07-01,19
6669091007.739668,1176000000.0,1490792393.7038887,1176000.0,0.14325808313321398,-0.2914141182672927,-0.29203185969924217,17,14066543.169134319,2015-07-16,2564770593.9415483,2071478781.5817142,101977100.65857129,-0.48118249787727385,2019-01-02,해당 없음,해당 없음,P3,S1-i 합성3배 재시작,롤링19년 2002-08-01,19
6953200431.118184,1180500000.0,1570189726.5783892,1180500.0,0.14633429114257976,-0.29134841676095613,-0.29197166644464245,18,14326964.503968477,2015-07-16,2539077801.2565203,2051706689.4636168,101079160.21195154,-0.4811824978772741,2019-01-02,해당 없음,해당 없음,P3,S1-i 합성3배 재시작,롤링19년 2002-09-03,19
6584196019.779361,1176000000.0,1467589848.3979313,1176000.0,0.14224157987202152,-0.29130497918931253,-0.29193158250179696,8,12608207.846390784,2015-07-17,2523737670.3544903,2041421586.59791,100540600.38420457,-0.48118249787727396,2019-01-02,해당 없음,해당 없음,P3,S1-i 합성3배 재시작,롤링19년 2002-10-01,19
6878621038.9561,1176000000.0,1553051174.3582983,1176000.0,0.1456509714432379,-0.29106732584674844,-0.29171336293286443,41,17185769.26404175,2016-06-01,2432125103.4173183,1961279635.4433835,97528989.44750668,-0.48118249787727374,2019-01-02,해당 없음,해당 없음,P3,S1-i 합성3배 재시작,롤링19년 2002-11-01,19
6747013714.324827,1180500000.0,1516093175.3827076,1180500.0,0.1440465458355265,-0.2909256784258345,-0.291585397881549,104,24690985.166394144,2016-10-24,2375595179.735109,1908960149.5695672,95512919.18543147,-0.4811824978772741,2019-01-02,해당 없음,해당 없음,P3,S1-i 합성3배 재시작,롤링19년 2002-12-02,19
7166313524.342031,1176000000.0,1634610813.369618,1176000.0,0.14874504226998164,-0.2910078589475199,-0.29165981956562503,39,12996586.143284857,2016-08-22,2406751963.1632156,1943201509.1532338,96645903.53715663,-0.4811824978772735,2019-01-02,해당 없음,해당 없음,P3,S1-i 합성3배 재시작,롤링19년 2003-01-02,19
6919038617.533965,1180500000.0,1541839285.115541,1180500.0,0.14593871615797213,-0.291046414375113,-0.2916946021968432,10,5207638.91793558,2016-06-01,3130357990.835228,2645839817.734791,97207071.97174835,-0.48118249787727385,2019-01-02,해당 없음,해당 없음,P3,S1-i 합성3배 재시작,롤링19년 2003-02-03,19
6619911445.162825,1180500000.0,1457686809.409691,1180500.0,0.14258842364884777,-0.2910213073967125,-0.29167201156630995,2,1480725.6865376234,2016-07-20,3116854439.8396673,2634636709.552676,96832595.4445585,-0.48118249787727385,2019-01-02,해당 없음,해당 없음,P3,S1-i 합성3배 재시작,롤링19년 2003-03-03,19
6637775651.363036,1176000000.0,1466788660.0411572,1176000.0,0.1428768535092206,-0.2908217011308156,-0.2914929325488954,4,3553653.5911939144,2016-11-15,3008635089.7589226,2540953702.8510447,93879230.93737221,-0.48118249787727374,2019-01-02,해당 없음,해당 없음,P3,S1-i 합성3배 재시작,롤링19년 2003-04-01,19
6111638699.376501,1176000000.0,1320177283.1219928,1176000.0,0.13654988778977112,-0.2907010242588053,-0.2913865190106988,3,1362746.9368589818,2016-11-21,2931493794.5553,2474533088.0989356,91927786.429897,-0.4811824978772741,2019-01-02,해당 없음,해당 없음,P3,S1-i 합성3배 재시작,롤링19년 2003-05-01,19
5886250824.392783,1180500000.0,1257387585.751649,1180500.0,0.13353175737614875,-0.2905282640007564,-0.2912302005519579,21,8556591.33127883,2016-12-15,2850765053.945227,2404907308.867589,89775604.39661482,-0.48118249787727363,2019-01-02,해당 없음,해당 없음,P3,S1-i 합성3배 재시작,롤링19년 2003-06-02,19
5667238384.591824,1176000000.0,1197766533.5207596,1176000.0,0.13068504425251254,-0.2904601688757755,-0.29116865159772853,22,10065159.733737856,2016-12-19,2820593626.1251235,2379500260.4043126,88945512.66646582,-0.4811824978772741,2019-01-02,해당 없음,해당 없음,P3,S1-i 합성3배 재시작,롤링19년 2003-07-01,19
6001139756.568793,1176000000.0,1293013170.3816667,1176000.0,0.1351552041483035,-0.2903882807158681,-0.2911035391806305,25,11745279.42920518,2016-12-22,2788832858.6705775,2352596819.8178124,88102775.92560884,-0.48118249787727385,2019-01-02,해당 없음,해당 없음,P3,S1-i 합성3배 재시작,롤링19년 2003-08-01,19
5888360509.155995,1180500000.0,1262216959.2626927,1180500.0,0.13354683663099565,-0.2902358949385657,-0.2909660382701693,59,20480830.854037225,2017-02-17,2725118445.7786436,2295364613.696826,86305615.49826166,-0.48118249787727374,2019-01-02,해당 없음,해당 없음,P3,S1-i 합성3배 재시작,롤링19년 2003-09-02,19
5714073064.8520155,1176000000.0,1213856197.5026212,1176000.0,0.13130955437869857,-0.2902403664592238,-0.29097008819467485,48,15453254.545302093,2017-02-17,2726974509.641177,2299618614.2888155,86355759.78132622,-0.4811824978772741,2019-01-02,해당 없음,해당 없음,P3,S1-i 합성3배 재시작,롤링19년 2003-10-01,19
5697969381.399513,1180500000.0,1211019215.346119,1180500.0,0.13098156989456627,-0.29007870655389556,-0.29082822191102375,128,28263036.818240583,2017-03-03,2645133235.4727254,2227214955.6647005,84072097.71863134,-0.4811824978772735,2019-01-02,해당 없음,해당 없음,P3,S1-i 합성3배 재시작,롤링19년 2003-11-03,19
5655249056.665964,1176000000.0,1201151937.472672,1176000.0,0.13050598556743812,-0.29004281663185894,-0.29080108430924,137,31628889.779435456,2017-04-27,2611177823.14005,2199020731.447011,83098592.39269851,-0.4811824978772742,2019-01-02,해당 없음,해당 없음,P3,S1-i 합성3배 재시작,롤링19년 2003-12-01,19
5140191494.917075,1176000000.0,1056862759.4373386,1176000.0,0.12311610286643801,-0.29834149894951023,-0.3041429895015846,345,35255967.9565413,2017-05-05,2576019498.7083855,2169706810.100173,82088799.84353219,-0.48118249787727385,2019-01-02,해당 없음,해당 없음,P3,S1-i 합성3배 재시작,롤링19년 2004-01-02,19
5552819347.473183,1180500000.0,1155488509.4277961,1180500.0,0.12898739162338116,-0.2900039787328035,-0.29077644465829133,345,34969504.88663697,2017-05-25,3293515621.086297,2445878347.677466,735126027.3743047,-0.8082480024052341,2023-01-03,해당 없음,해당 없음,P3,S1-i 합성3배 재시작,롤링19년 2004-02-02,19
5611380056.751756,1176000000.0,1174258262.3184707,1176000.0,0.12993447145417647,-0.2899832057704643,-0.2907639703901128,430,37518574.41341281,2017-06-01,3255268609.72713,2417132426.6111426,727262095.4123684,-0.8082480024052343,2023-01-03,해당 없음,해당 없음,P3,S1-i 합성3배 재시작,롤링19년 2004-03-01,19
5971265864.077452,1176000000.0,1274811126.6439261,1176000.0,0.13473313301561607,-0.28999235936635204,-0.29076945499939,134,29711083.098513544,2017-05-30,3272215541.9720216,2433375624.7450323,730715467.137615,-0.808248002405234,2023-01-03,해당 없음,해당 없음,P3,S1-i 합성3배 재시작,롤링19년 2004-04-01,19
6057707202.441525,1180500000.0,1298133731.1056461,1180500.0,0.1357555755729237,-0.2899823526695976,-0.29076346685984145,129,28428493.034761906,2017-06-01,3253919913.0652933,2421816560.9562736,726930001.9405453,-0.8082480024052344,2023-01-03,해당 없음,해당 없음,P3,S1-i 합성3배 재시작,롤링19년 2004-05-03,19
6302410255.257418,1176000000.0,1369525837.0578537,1176000.0,0.13889576160382724,-0.2899604104373139,-0.29074904050439265,135,30307796.20222473,2017-06-02,3219893478.353392,2394345167.5633364,719961745.4539136,-0.8082480024052343,2023-01-03,해당 없음,해당 없음,P3,S1-i 합성3배 재시작,롤링19년 2004-06-01,19
6699518699.937813,1176000000.0,1482215805.8002467,1176000.0,0.14360943926083614,-0.2899433414315532,-0.29073782769069034,135,30602964.448021114,2017-07-19,3193828884.8071346,2374667267.1428385,714622251.7251077,-0.8082480024052341,2023-01-03,해당 없음,해당 없음,P3,S1-i 합성3배 재시작,롤링19년 2004-07-01,19
6828638427.3275385,1180500000.0,1516834120.3061495,1180500.0,0.1449950190416437,-0.28994262549443917,-0.29073736204779255,123,26038438.665403783,2017-07-19,3192911285.3250546,2378128689.0976086,714391804.8783706,-0.808248002405234,2023-01-03,해당 없음,해당 없음,P3,S1-i 합성3배 재시작,롤링19년 2004-08-02,19
6838267122.88677,1176000000.0,1520704710.398941,1176000.0,0.1451626545160343,-0.2899370743620363,-0.2907337113721862,72,22933738.375283897,2017-07-19,3184645557.08167,2374266465.649618,712674782.135173,-0.8082480024052343,2023-01-03,해당 없음,해당 없음,P3,S1-i 합성3배 재시작,롤링19년 2004-09-01,19
6358626570.910405,1176000000.0,1387581056.1069832,1176000.0,0.1396028750105854,-0.2898991662527004,-0.290710101470841,135,29984375.546388865,2017-08-09,3120658483.6318245,2323929207.0763335,700030806.3345393,-0.8082480024052344,2023-01-03,해당 없음,해당 없음,P3,S1-i 합성3배 재시작,롤링19년 2004-10-01,19
6160189044.002769,1176000000.0,1331987639.2238092,1176000.0,0.1371196698732971,-0.28989282030937147,-0.2907071924903559,129,28168661.58732742,2017-09-06,3105510319.007525,2312672988.879378,697056154.3141253,-0.8082480024052343,2023-01-03,해당 없음,해당 없음,P3,S1-i 합성3배 재시작,롤링19년 2004-11-01,19
6621331198.754021,1176000000.0,1462984420.8256721,1176000.0,0.14268994461542875,-0.28988121994540395,-0.29070206741673976,129,28776684.57426822,2017-09-13,3076503564.697502,2289903022.2737007,691521515.9126998,-0.8082480024052343,2023-01-03,해당 없음,해당 없음,P3,S1-i 합성3배 재시작,롤링19년 2004-12-01,19
6996029303.356094,1180500000.0,1557014877.116083,1180500.0,0.1468191796085773,-0.28987146857776414,-0.29069759463836575,129,28143794.74615848,2017-09-28,4440859950.801136,3282630903.799016,687069963.8719342,-0.8082480024052343,2023-01-03,해당 없음,해당 없음,P3,S1-i 합성3배 재시작,롤링19년 2005-01-03,19
7348990050.885861,1176000000.0,1657038530.2822194,1176000.0,0.15067353389592583,-0.28987666822529157,-0.2907000054154427,59,21176361.078010082,2017-09-27,4456912343.757648,3299325341.3921328,689409617.5692631,-0.8082480024052341,2023-01-03,해당 없음,해당 없음,P3,S1-i 합성3배 재시작,롤링19년 2005-02-01,19
7676083433.362151,1176000000.0,1749624255.005071,1176000.0,0.1540306624774295,-0.28986936676879704,-0.29069662687424547,55,19510783.43421632,2017-09-29,4434700875.429754,3283809604.5849857,686115632.1470432,-0.8082480024052345,2023-01-03,해당 없음,해당 없음,P3,S1-i 합성3배 재시작,롤링19년 2005-03-01,19
7948495301.357481,1176000000.0,1826127209.1935534,1176000.0,0.15677917830993707,-0.28986911002035076,-0.29069650967031013,25,14877779.101229131,2017-09-29,4434149196.480623,3286421308.934735,685995749.8854824,-0.8082480024052341,2023-01-03,해당 없음,해당 없음,P3,S1-i 합성3배 재시작,롤링19년 2005-04-01,19
7751844706.100874,1180500000.0,1769031551.5785642,1180500.0,0.15471478466669417,-0.28986934870925385,-0.29069662101618277,4,10040515.057745218,2017-09-29,4435007606.392241,3290209522.686551,686098874.7039542,-0.8082480024052341,2023-01-03,해당 없음,해당 없음,P3,S1-i 합성3배 재시작,롤링19년 2005-05-02,19
8010130328.776266,1176000000.0,1846433123.5867004,1176000.0,0.15727592365200874,-0.289827860889999,-0.29067778258989474,51,22552987.455738664,2017-10-27,4309403541.865149,3189011432.767134,667687984.353643,-0.8082480024052341,2023-01-03,해당 없음,해당 없음,P3,S1-i 합성3배 재시작,롤링19년 2005-06-01,19
8303894986.41394,1176000000.0,1929792748.2155156,1176000.0,0.16010056774749526,-0.28981591266931395,-0.2906722653447379,51,22339292.597224236,2017-11-03,4275349111.361144,3165823342.8779435,662632340.4992344,-0.8082480024052341,2023-01-03,해당 없음,해당 없음,P3,S1-i 합성3배 재시작,롤링19년 2005-07-01,19
8115289249.351201,1176000000.0,1878850303.3802314,1176000.0,0.15827090294775156,-0.28978402346073473,-0.2906577711564241,104,30064325.29793787,2017-12-18,4185123582.2557755,3092893970.4290924,649345482.1654822,-0.8082480024052341,2023-01-03,해당 없음,해당 없음,P3,S1-i 합성3배 재시작,롤링19년 2005-08-01,19
8014469394.621976,1176000000.0,1850781678.2151313,1176000.0,0.15733389085450003,-0.2897748091506963,-0.2906537212802137,96,28875447.528530955,2017-12-18,4159177688.261154,3074861178.229843,645498082.9585389,-0.8082480024052342,2023-01-03,해당 없음,해당 없음,P3,S1-i 합성3배 재시작,롤링19년 2005-09-01,19
7953263370.078419,1180500000.0,1833548744.8825006,1180500.0,0.15664045375596652,-0.2897543143414718,-0.29064524914981693,126,32290746.520701528,2018-01-12,4099716889.126491,3028887127.5631466,636719701.8615851,-0.8082480024052342,2023-01-03,해당 없음,해당 없음,P3,S1-i 합성3배 재시작,롤링19년 2005-10-03,19
8250125351.806387,1176000000.0,1918464162.4291694,1176000.0,0.15951512829243364,-0.2897517820777722,-0.29064421433701415,96,28572857.822882473,2018-01-12,4092523033.671378,3025633710.66327,635640579.3157206,-0.8082480024052342,2023-01-03,해당 없음,해당 없음,P3,S1-i 합성3배 재시작,롤링19년 2005-11-01,19
8635259944.234371,1176000000.0,2029676627.283038,1176000.0,0.16304007268887566,-0.28971354415245953,-0.2906284855461152,224,38545759.667656004,2018-01-22,3984412516.5061145,2939792859.6086545,619882964.7987096,-0.8082480024052342,2023-01-03,해당 없음,해당 없음,P3,S1-i 합성3배 재시작,롤링19년 2005-12-01,19
8905443742.474466,1180500000.0,2067953683.0406368,1180500.0,0.1652638584032719,-0.28971477090554343,-0.29062898548141936,182,33386856.374323606,2018-01-22,4620233675.692011,3470281005.5745153,620377094.5404801,-0.8082480024052341,2023-01-03,해당 없음,해당 없음,P3,S1-i 합성3배 재시작,롤링19년 2006-01-03,19
9015828606.750578,1176000000.0,2100471157.880609,1176000.0,0.16627276676811467,-0.28971139918697664,-0.2906276178983588,104,30058792.038782537,2018-01-22,4609333605.328138,3462719783.657886,619008952.5019298,-0.8082480024052344,2023-01-03,해당 없음,해당 없음,P3,S1-i 합성3배 재시작,롤링19년 2006-02-01,19
8844712571.834562,1176000000.0,2053233763.5991244,1176000.0,0.16486519603645267,-0.2896974052000705,-0.2906219708268627,117,30447425.29462737,2018-01-23,4564524005.98839,3429826394.6753807,613372620.0942397,-0.8082480024052342,2023-01-03,해당 없음,해당 없음,P3,S1-i 합성3배 재시작,롤링19년 2006-03-01,19
8404352826.101854,1180500000.0,1928949783.2093792,1180500.0,0.16087099817925773,-0.289682058722607,-0.2906159631459727,129,31448604.706543982,2018-06-12,4515247829.277827,3392322169.317626,607187484.2230933,-0.8082480024052339,2023-01-03,해당 없음,해당 없음,P3,S1-i 합성3배 재시작,롤링19년 2006-04-03,19
8024836261.2228155,1176000000.0,1823034360.0434117,1176000.0,0.15743327181327008,-0.2896807597104847,-0.290615475186788,86,27237470.229014754,2018-06-13,4511110286.532265,3391531517.7979546,606653533.8119464,-0.8082480024052343,2023-01-03,해당 없음,해당 없음,P3,S1-i 합성3배 재시작,롤링19년 2006-05-01,19
8252101391.476887,1176000000.0,1886929856.8229573,1176000.0,0.15958718667472066,-0.28967976255075056,-0.290615101179051,51,22777722.86552608,2018-06-13,4508042251.975475,3392796610.148217,606241561.2188233,-0.8082480024052344,2023-01-03,해당 없음,해당 없음,P3,S1-i 합성3배 재시작,롤링19년 2006-06-01,19
8556613913.644019,1180500000.0,1971824365.5836215,1180500.0,0.1622496557007127,-0.2896739801599122,-0.2906129315541429,22,20173410.437321544,2018-06-14,4489411743.413369,3380807189.6745462,603886392.021074,-0.8082480024052343,2023-01-03,해당 없음,해당 없음,P3,S1-i 합성3배 재시작,롤링19년 2006-07-03,19
8882303886.409025,1176000000.0,2064781867.9869695,1176000.0,0.16517143596314166,-0.28967098565250793,-0.2906118127073677,5,16354857.456392527,2018-06-14,4481184789.489933,3378499089.600739,602665803.541485,-0.8082480024052342,2023-01-03,해당 없음,해당 없음,P3,S1-i 합성3배 재시작,롤링19년 2006-08-01,19
8810801667.842682,1176000000.0,2048460519.994226,1176000.0,0.16460644780838224,-0.2896302687911083,-0.2905968238332095,31,26463800.780102134,2018-07-09,4347388986.915064,3273588063.0450497,586492047.0270422,-0.808248002405234,2023-01-03,해당 없음,해당 없음,P3,S1-i 합성3배 재시작,롤링19년 2006-09-01,19
9275887030.738503,1180500000.0,2179608363.358223,1180500.0,0.1684149628761614,-0.28961415579554184,-0.29059101333893844,35,27497362.369874597,2018-07-12,4296868000.682534,3234675282.9598236,580253510.5266224,-0.8082480024052341,2023-01-03,해당 없음,해당 없음,P3,S1-i 합성3배 재시작,롤링19년 2006-10-02,19
9547846931.927425,1176000000.0,2259684006.997758,1176000.0,0.1706628204695648,-0.2895900667551633,-0.290584411044745,91,32298542.248000234,2018-07-18,4213718904.7624116,3169196649.7092147,569960010.0564615,-0.8082480024052341,2023-01-03,해당 없음,해당 없음,P3,S1-i 합성3배 재시작,롤링19년 2006-11-01,19
9611483882.461708,1176000000.0,2279338992.998052,1176000.0,0.17124455915700956,-0.28956927397508814,-0.2905789197499469,117,35663160.92828271,2018-08-29,4144153224.3848686,3114173132.9366093,561244902.7822405,-0.8082480024052342,2023-01-03,해당 없음,해당 없음,P3,S1-i 합성3배 재시작,롤링19년 2006-12-01,19
9398849917.75514,1180500000.0,2199914569.018139,1180500.0,0.1693809696431391,-0.28955891640263987,-0.2905762436729641,100,34751370.34417549,2018-08-29,4629390808.0996685,3500457983.926263,556965108.3808544,-0.8082480024052345,2023-01-03,해당 없음,해당 없음,P3,S1-i 합성3배 재시작,롤링19년 2007-01-03,19
9495165279.628942,1176000000.0,2230707328.781614,1176000.0,0.17025841765732475,-0.2895338898210812,-0.2905696133931568,121,39125187.61590433,2019-04-08,4541905965.913058,3431884124.6378107,546979436.9576353,-0.8082480024052343,2023-01-03,해당 없음,해당 없음,P3,S1-i 합성3배 재시작,롤링19년 2007-02-01,19
9445444373.083408,1176000000.0,2216852145.51583,1176000.0,0.16991315211838465,-0.2895304414291139,-0.29056868661311896,117,35624210.70460603,2019-04-08,4530243561.675617,3424865307.793759,545635145.795165,-0.8082480024052342,2023-01-03,해당 없음,해당 없음,P3,S1-i 합성3배 재시작,롤링19년 2007-03-01,19
9312836828.455523,1180500000.0,2179504331.3059444,1180500.0,0.1687319332474002,-0.28951515623712676,-0.2905646471368487,121,36287870.24330017,2019-04-23,4478599909.064717,3385192339.18659,539731695.4767649,-0.8082480024052342,2023-01-03,해당 없음,해당 없음,P3,S1-i 합성3배 재시작,롤링19년 2007-04-02,19
9901744725.879974,1176000000.0,2349600639.8679643,1176000.0,0.17347055944692613,-0.2894847408545479,-0.2905569480845458,178,42225138.001095,2019-04-24,4377561866.504618,3304124872.565593,528189149.2141309,-0.8082480024052343,2023-01-03,해당 없음,해당 없음,P3,S1-i 합성3배 재시작,롤링19년 2007-05-01,19
10720717956.581184,1176000000.0,2582642571.527689,1176000.0,0.17957101673016512,-0.2894610203289564,-0.2905512536929621,195,45551135.17048007,2019-05-03,4300318493.275157,3243397311.1804037,519370088.33052015,-0.808248002405234,2023-01-03,해당 없음,해당 없음,P3,S1-i 합성3배 재시작,롤링19년 2007-06-01,19
10640429611.308065,1180500000.0,2559274937.9334955,1180500.0,0.17888599556092424,-0.2894531325663965,-0.2905494193789785,181,43580003.16633698,2019-07-02,4274941100.085556,3224177988.0849314,516473141.7864505,-0.8082480024052342,2023-01-03,해당 없음,해당 없음,P3,S1-i 합성3배 재시작,롤링19년 2007-07-02,19
9605806058.8058,1176000000.0,2269001478.604394,1176000.0,0.17114603756647148,-0.2894481553839089,-0.2905482769134533,178,40618395.35464352,2019-07-02,4259042048.897995,3212787594.896596,514653176.2530766,-0.8082480024052343,2023-01-03,해당 없음,해당 없음,P3,S1-i 합성3배 재시작,롤링19년 2007-08-01,19
9374444968.247473,1180500000.0,2204916488.4514995,1180500.0,0.16917291099847082,-0.2894193224165187,-0.29054188528368474,196,45380898.59365836,2019-07-10,4168259034.4011273,3140834491.8900046,504260801.84727836,-0.8082480024052343,2023-01-03,해당 없음,해당 없음,P3,S1-i 합성3배 재시작,롤링19년 2007-09-04,19
3318014769.786562,1230000000.0,596220510.676161,1230000.0,0.08094136827412853,-0.3247096005095388,-0.6705007797022979,1884,159419857.09344065,2017-05-01,693901386.6596617,410873694.3255459,39370639.22691436,-0.9980733824709406,2009-01-02,2001-08-30,해당 없음,P3,S1-ii QLD 대체,2000-01~2019-12,fixed
10469237275.236822,1594500000.0,2423192102.581134,1594500.0,0.11051451480092796,-0.3247096005095388,-0.6705007797022979,1884,159419857.09344065,2017-05-01,3900752364.533212,2872851924.01387,469655680.88219863,-0.9263516275253922,2023-01-03,2001-08-30,해당 없음,P3,S1-ii QLD 대체,2000-01~2026-09,fixed
1121787374.5098684,514500000.0,164683372.6822242,514500.0,0.1790418590575619,-0.2723106880316061,-0.292461641860876,51,35625714.01410182,미도달,264604902.99415445,159207014.39708763,21240112.359118905,-0.8082480024052343,2023-01-03,해당 없음,해당 없음,P3,S1-ii QLD 대체,2020-01~2026-09,fixed
1370212616.7503605,910500000.0,149246882.4430324,910500.0,0.048446224704219096,-0.3247096005095388,-0.6705007797022979,1884,159419857.09344065,미도달,366862000.26122683,153093024.3797965,39370639.22691436,-0.9980733824709406,2009-01-02,2001-08-30,해당 없음,P3,S1-ii QLD 대체,롤링14년 2000-01-03,14
1377043384.8644464,906000000.0,152520907.94026497,906000.0,0.04941085434951363,-0.34675869837760054,-0.6809284402870361,1780,156506233.4026367,미도달,366002356.26721907,152579322.84153742,39142698.85307264,-0.9981991275801486,2009-01-02,2001-09-06,해당 없음,P3,S1-ii QLD 대체,롤링14년 2000-02-01,14
1425293118.2232373,906000000.0,163556550.76758465,906000.0,0.05338674136258647,-0.31738433870146643,-0.649757064617575,1882,150786658.88620943,미도달,358087363.91068494,146957183.4146912,39322154.30434141,-0.9975710641632901,2009-01-02,2001-04-03,해당 없음,P3,S1-ii QLD 대체,롤링14년 2000-03-01,14
1423759090.022486,910500000.0,160276174.04469848,910500.0,0.05286951303375974,-0.31720794677211805,-0.6319610334967375,1882,149198258.8943308,미도달,353317011.083572,145289972.56024972,38879105.01832312,-0.9966120004416243,2009-01-02,2001-04-03,해당 없음,P3,S1-ii QLD 대체,롤링14년 2000-04-03,14
1370010225.3352702,906000000.0,149194545.37448788,906000.0,0.048854028636941146,-0.34208643931721205,-0.6386572132051136,1779,150135246.37523073,미도달,352557169.4244787,149481658.57341433,38062994.69163645,-0.9961691665859821,2009-01-02,2001-09-17,해당 없음,P3,S1-ii QLD 대체,롤링14년 2000-05-01,14
1414968597.926959,906000000.0,160682012.98313615,906000.0,0.05256293672274535,-0.3184432869651932,-0.6036550114356187,1706,132403317.68965697,미도달,370504937.52218884,160913056.55397618,39526258.479728885,-0.9969461758436762,2009-01-02,2002-04-26,해당 없음,P3,S1-ii QLD 대체,롤링14년 2000-06-01,14
1417448269.9777126,910500000.0,160104118.31018046,910500.0,0.05236390242294326,-0.3400499632265085,-0.645242524506062,1777,144994745.4552224,미도달,345313989.10015076,147155424.22640455,37471515.92638175,-0.9964146943900761,2009-01-02,2001-09-18,해당 없음,P3,S1-ii QLD 대체,롤링14년 2000-07-03,14
1421662825.6928542,906000000.0,161737301.11035717,906000.0,0.053084780346265584,-0.35014363127145676,-0.6534604455142217,1672,140280653.6626204,미도달,344765002.6969305,147543562.61924237,37504601.02308752,-0.9964227760904678,2009-01-02,2001-09-20,해당 없음,P3,S1-ii QLD 대체,롤링14년 2000-08-01,14
1455505864.9961905,906000000.0,170035475.9331176,906000.0,0.05579663471657732,-0.31465301454021377,-0.6219009471137329,1775,137828300.84543395,미도달,344739257.9547869,146336195.55944273,37159274.66081514,-0.9958395168356184,2009-01-02,2001-09-17,해당 없음,P3,S1-ii QLD 대체,롤링14년 2000-09-01,14
1515223008.473953,910500000.0,185610700.9929244,910500.0,0.05999029695582741,-0.3122051802992708,-0.5637404913423274,1581,119169209.10489824,미도달,360761814.68024504,159741901.36439443,38757211.80518867,-0.9945317232024404,2009-01-02,2002-05-02,해당 없음,P3,S1-ii QLD 대체,롤링14년 2000-10-02,14
1557844688.3198307,906000000.0,199783324.09974715,906000.0,0.06347744284652616,-0.3119559126884104,-0.583359002951666,1586,120576443.70997943,미도달,351728887.27581507,158784014.36737806,37913149.8423123,-0.994082504887562,2009-01-02,2002-06-11,해당 없음,P3,S1-ii QLD 대체,롤링14년 2000-11-01,14
1633732907.3470728,906000000.0,222421251.76481467,906000.0,0.06889488168494609,-0.3548171669962813,-0.6151959131466396,1617,123892447.13729104,미도달,340600067.1582698,154862431.67749813,36556062.60705222,-0.993061746151348,2009-01-02,2002-08-05,해당 없음,P3,S1-ii QLD 대체,롤링14년 2000-12-01,14
1576328113.639924,906000000.0,205007125.01228565,906000.0,0.0648139332138768,-0.35509691075627225,-0.62791697594785,1659,124380689.68631795,미도달,330670235.76803607,149338846.9333942,35656262.69355598,-0.9902738906761541,2009-01-02,2002-10-09,해당 없음,P3,S1-ii QLD 대체,롤링14년 2001-01-02,14
1570946104.403496,906000000.0,200328850.98293748,906000.0,0.06443368057739406,-0.3536987274253456,-0.5747891333502708,1664,121732568.14607522,미도달,382903809.9210466,199586327.2338501,35379857.44872005,-0.9881239844116814,2009-01-02,2002-09-30,해당 없음,P3,S1-ii QLD 대체,롤링14년 2001-02-01,14
2047262091.2622468,906000000.0,311763868.95338756,906000.0,0.09406803093849518,-0.3577493455485954,-0.5376678029461712,652,107264897.26873714,미도달,752089721.5251493,410817294.36528885,61411346.81059019,-0.9803192959742859,2009-01-02,해당 없음,해당 없음,P3,S1-ii QLD 대체,롤링14년 2001-03-01,14
2025685911.6945705,910500000.0,301005983.7213715,910500.0,0.09259244180669271,-0.36019257078433287,-0.5532025150626043,491,95605750.10386646,미도달,768381301.5361574,434099443.6499395,63010755.144505985,-0.9754252559601916,2009-01-02,해당 없음,해당 없음,P3,S1-ii QLD 대체,롤링14년 2001-04-02,14
1968178210.9839177,906000000.0,288866887.109835,906000.0,0.0896781192725905,-0.35490534012161035,-0.5394080501249265,662,105432306.76083234,미도달,735885060.1320114,407054428.4316451,59713640.92053001,-0.9754252559601917,2009-01-02,해당 없음,해당 없음,P3,S1-ii QLD 대체,롤링14년 2001-05-01,14
2070372959.2059467,906000000.0,316625701.2571119,906000.0,0.09532228943215582,-0.3558776970610533,-0.5089403906770745,643,98585281.79469222,미도달,741036840.532732,414775190.6449819,60278743.91675316,-0.9705445311684794,2009-01-02,해당 없음,해당 없음,P3,S1-ii QLD 대체,롤링14년 2001-06-01,14
2048200545.8612113,910500000.0,308818287.81310445,910500.0,0.09382351488745579,-0.35517078888781395,-0.4861857516624366,625,95801630.29381089,미도달,737110565.09607,414380697.14064956,59859241.937622964,-0.9631890345678189,2009-01-02,해당 없음,해당 없음,P3,S1-ii QLD 대체,롤링14년 2001-07-02,14
2157008379.728226,906000000.0,339790075.093439,906000.0,0.09978442741441948,-0.35574288397995446,-0.464778457429356,598,89916812.94912504,미도달,740425213.3962462,420590136.52212244,60190389.09039014,-0.9563445571227456,2009-01-02,해당 없음,해당 없음,P3,S1-ii QLD 대체,롤링14년 2001-08-01,14
2083700871.614395,910500000.0,315599202.9324514,910500.0,0.09566156163437758,-0.35968223760658136,-0.45334308921445465,358,74700311.72570875,2015-07-17,768329687.6264043,444744473.70397794,62543463.99152693,-0.9398672905020786,2009-01-02,해당 없음,해당 없음,P3,S1-ii QLD 대체,롤링14년 2001-09-04,14
2093398487.3578317,906000000.0,319182263.82843244,906000.0,0.09648230621125438,-0.3661175647794842,-0.4604986330411963,265,55175652.90241501,2015-07-15,809430487.6974155,478733790.39904726,65063468.889944635,-0.9398672905020785,2009-01-02,해당 없음,해당 없음,P3,S1-ii QLD 대체,롤링14년 2001-10-01,14
2160428057.5627923,906000000.0,338883060.7448095,906000.0,0.09997252936292918,-0.35778627898060034,-0.4519373530916765,350,71165490.25040281,2015-08-17,752659355.3369042,437767979.7020962,61299536.94276011,-0.9398672905020787,2009-01-02,해당 없음,해당 없음,P3,S1-ii QLD 대체,롤링14년 2001-11-01,14
2150716263.8695827,910500000.0,335876883.2864834,910500.0,0.0991842320948904,-0.3542553598868359,-0.45257839348415185,404,75445859.48945658,미도달,728264575.0007565,421619436.8903447,59314470.7723065,-0.9398672905020785,2009-01-02,해당 없음,해당 없음,P3,S1-ii QLD 대체,롤링14년 2001-12-03,14
2107888029.9422288,906000000.0,325614311.9624692,906000.0,0.09723580497227267,-0.35078216048513877,-0.4551663812886022,472,78349602.29864559,미도달,711516012.6772178,411384194.8614241,57574424.92719688,-0.9321178085964502,2009-01-02,해당 없음,해당 없음,P3,S1-ii QLD 대체,롤링14년 2002-01-02,14
2069861064.8490267,906000000.0,310620789.71602905,906000.0,0.09526339072158937,-0.3522205718910295,-0.4326313908342566,406,72879286.26338215,미도달,755607464.3277588,455740520.02908397,57778358.793327324,-0.9093580728866286,2009-01-02,해당 없음,해당 없음,P3,S1-ii QLD 대체,롤링14년 2002-02-01,14
2111388802.2046573,906000000.0,322152287.6272428,906000.0,0.09742197497963047,-0.35523012529558096,-0.4361418968054721,388,69206131.15094441,미도달,753462888.4404389,459379493.32735485,57554944.01215728,-0.9086618742146708,2009-01-02,해당 없음,해당 없음,P3,S1-ii QLD 대체,롤링14년 2002-03-01,14
2065867825.4325938,906000000.0,309494405.33864427,906000.0,0.09500596673395419,-0.34846971169931096,-0.4166200744812574,391,68930003.32706404,미도달,743567692.0956419,452926966.7835579,56598736.798630945,-0.8968061364055568,2009-01-02,해당 없음,해당 없음,P3,S1-ii QLD 대체,롤링14년 2002-04-01,14
2080444256.4202337,906000000.0,313123319.25927144,906000.0,0.0958189051818765,-0.3078037202400309,-0.35831360005982815,337,58524001.54658744,미도달,757090942.9269783,467213505.36034286,57888723.06467627,-0.8968061364055567,2009-01-02,해당 없음,해당 없음,P3,S1-ii QLD 대체,롤링14년 2002-05-01,14
2243810483.1248765,910500000.0,357312450.6672142,910500.0,0.10383636713833716,-0.2580388209745509,-0.28854917480406084,247,45586307.151410535,2016-05-31,776349803.6934063,485634903.40619135,59885614.990732424,-0.8968061364055567,2009-01-02,해당 없음,해당 없음,P3,S1-ii QLD 대체,롤링14년 2002-06-03,14
2229127958.082516,906000000.0,353611204.17021334,906000.0,0.1033886879926835,-0.2147924596241465,-0.2564642098483414,66,30030514.850319803,2015-07-20,802704984.7592571,510823431.2244117,62485411.20068993,-0.8968061364055568,2009-01-02,해당 없음,해당 없음,P3,S1-ii QLD 대체,롤링14년 2002-07-01,14
2320712210.391476,906000000.0,378385980.30701333,906000.0,0.10785476229590386,-0.21460954626310946,-0.25588578677340756,17,14066543.169134319,2015-07-16,829394459.673465,535712792.6309645,65168370.69286047,-0.8968061364055568,2009-01-02,해당 없음,해당 없음,P3,S1-ii QLD 대체,롤링14년 2002-08-01,14
2331203472.7961645,910500000.0,380238850.9928498,910500.0,0.10801836236303335,-0.21455310285838824,-0.2561813465872773,18,14326964.503968477,2015-07-16,818987885.8071588,529820658.3762542,64054409.29154874,-0.896806136405557,2009-01-02,해당 없음,해당 없음,P3,S1-ii QLD 대체,롤링14년 2002-09-03,14
2297975867.3285284,906000000.0,372130956.4704335,906000.0,0.10671135232532582,-0.21461366252555159,-0.2563817438152829,8,12608207.846390784,2015-07-17,812816265.4298636,527800868.63675827,63391772.931479104,-0.8968061364055567,2009-01-02,해당 없음,해당 없음,P3,S1-ii QLD 대체,롤링14년 2002-10-01,14
2272423197.7168465,906000000.0,366104087.554527,906000.0,0.1054730858713283,-0.2154362708781674,-0.2573695574885473,41,17185769.26404175,2016-06-01,772489221.8058038,494626416.32669467,59595284.877205364,-0.8968061364055568,2009-01-02,해당 없음,해당 없음,P3,S1-ii QLD 대체,롤링14년 2002-11-01,14
2269142402.859351,910500000.0,364515782.2231619,910500.0,0.1050845361344448,-0.21601788744188988,-0.25817012994981914,104,24690985.166394144,2016-10-24,750296148.451755,473726305.23333496,57060923.00438994,-0.8968061364055568,2009-01-02,해당 없음,해당 없음,P3,S1-ii QLD 대체,롤링14년 2002-12-02,14
2419034533.4082108,906000000.0,407557452.4906912,906000.0,0.11235517344203977,-0.21576089642252283,-0.25785976343777084,39,12996586.143284857,2016-08-22,762156681.1970844,490060037.1133661,58480533.57189237,-0.8968061364055568,2009-01-02,해당 없음,해당 없음,P3,S1-ii QLD 대체,롤링14년 2003-01-02,14
2415023649.702593,910500000.0,402988886.77414536,910500.0,0.1118702050005903,-0.21554394891599282,-0.257604941490699,10,5207638.91793558,2016-06-01,825427233.2963134,546690639.2274097,59215246.176562026,-0.896806136405557,2009-01-02,해당 없음,해당 없음,P3,S1-ii QLD 대체,롤링14년 2003-02-03,14
2534834032.8357987,910500000.0,436812771.56986165,910500.0,0.11721943044614153,-0.21568313939406003,-0.25779964125420407,2,1480725.6865376234,2016-07-20,820815899.0487568,543688248.5713388,58739398.489843175,-0.8968061364055568,2009-01-02,해당 없음,해당 없음,P3,S1-ii QLD 대체,롤링14년 2003-03-03,14
2415268488.845314,906000000.0,405254827.6141353,906000.0,0.11217368128297929,-0.2162937119536147,-0.25879562100020215,4,3553653.5911939144,2016-11-15,782692249.5814846,515404620.3686013,55135644.47120322,-0.8968061364055567,2009-01-02,해당 없음,해당 없음,P3,S1-ii QLD 대체,롤링14년 2003-04-01,14
2455929937.373352,906000000.0,417340178.366392,906000.0,0.1140727484821322,-0.2166554460326775,-0.25938194887925514,3,1362746.9368589818,2016-11-21,751877964.8023417,492147492.28276724,52773644.722101316,-0.896806136405557,2009-01-02,해당 없음,해당 없음,P3,S1-ii QLD 대체,롤링14년 2003-05-01,14
2464887927.020378,910500000.0,419306545.554388,910500.0,0.11417001115320739,-0.21708402622567335,-0.26010203686948374,21,8556591.33127883,2016-12-15,722117326.2439103,470069452.3203769,50162180.686059676,-0.8968061364055567,2009-01-02,해당 없음,해당 없음,P3,S1-ii QLD 대체,롤링14년 2003-06-02,14
2427844020.6653943,906000000.0,410521836.9118453,906000.0,0.11274922243506763,-0.21725563905059564,-0.2604056400294984,22,10065159.733737856,2016-12-19,711577384.5787439,462911549.47956836,49169003.769288994,-0.8968061364055568,2009-01-02,해당 없음,해당 없음,P3,S1-ii QLD 대체,롤링14년 2003-07-01,14
2454995792.6995916,906000000.0,418768333.1531683,906000.0,0.11395141223273664,-0.2174367787677196,-0.2607202432493576,25,11745279.42920518,2016-12-22,699749876.6187854,454551853.8363989,48152608.83211551,-0.8968061364055567,2009-01-02,해당 없음,해당 없음,P3,S1-ii QLD 대체,롤링14년 2003-08-01,14
2446585736.7787914,910500000.0,416294789.42914474,910500.0,0.11333954486547063,-0.21784674968077167,-0.2614268716245961,59,20480830.854037225,2017-02-17,678552655.7312635,437052573.33149445,45962187.63324216,-0.8968061364055567,2009-01-02,해당 없음,해당 없음,P3,S1-ii QLD 대체,롤링14년 2003-09-02,14
2503793422.2920384,906000000.0,433300093.8582704,906000.0,0.116129278488725,-0.21782985158754553,-0.26145300883913536,48,15453254.545302093,2017-02-17,679227715.3968999,440000408.33759594,46045891.16645529,-0.8968061364055568,2009-01-02,해당 없음,해당 없음,P3,S1-ii QLD 대체,롤링14년 2003-10-01,14
2489865688.984091,910500000.0,429633989.62605137,910500.0,0.11523051763150759,-0.21829762085696347,-0.2623428011358079,128,28263036.818240583,2017-03-03,651503044.0216771,418230701.096153,43262935.06594424,-0.8968061364055568,2009-01-02,해당 없음,해당 없음,P3,S1-ii QLD 대체,롤링14년 2003-11-03,14
2477703045.934621,906000000.0,427776765.8754101,906000.0,0.11495055938155326,-0.21850045943781315,-0.26283740059256744,137,31628889.779435456,2017-04-27,640681546.1305447,411538875.03033936,42096875.42463442,-0.8968061364055567,2009-01-02,해당 없음,해당 없음,P3,S1-ii QLD 대체,롤링14년 2003-12-01,14
2442359356.842962,906000000.0,418161205.9615074,906000.0,0.11344233640704217,-0.2187185491145246,-0.26336922955652264,345,35255967.9565413,2017-05-05,629483987.4156842,404505842.2228292,40892096.325201266,-0.8968061364055568,2009-01-02,해당 없음,해당 없음,P3,S1-ii QLD 대체,롤링14년 2004-01-02,14
2609025787.939227,910500000.0,462038475.9139147,910500.0,0.12033911739962568,-0.21898241067078106,-0.26381362804602404,345,34969504.88663697,2017-05-25,937312918.9961666,691361527.5137496,40223248.65184604,-0.8968061364055568,2009-01-02,해당 없음,해당 없음,P3,S1-ii QLD 대체,롤링14년 2004-02-02,14
2535087353.703762,906000000.0,442711253.0296496,906000.0,0.11748798238689634,-0.2194416247806168,-0.2645839286815812,430,37518574.41341281,2017-06-01,924071432.3249617,682017794.1602018,39102870.36669973,-0.896806136405557,2009-01-02,해당 없음,해당 없음,P3,S1-ii QLD 대체,롤링14년 2004-03-01,14
2415257583.7894053,906000000.0,408359106.68683213,906000.0,0.11225268360504827,-0.2192240766608179,-0.26421904068306123,134,29711083.098513544,2017-05-30,930034192.8182042,689156904.4538226,39628561.816837825,-0.8968061364055567,2009-01-02,해당 없음,해당 없음,P3,S1-ii QLD 대체,롤링14년 2004-04-01,14
2436302685.934101,910500000.0,412896333.6931828,910500.0,0.11289893385989593,-0.21943565012436295,-0.26457390836528905,129,28428493.034761906,2017-06-01,923773204.0243616,686895729.6852854,39117187.84813539,-0.8968061364055568,2009-01-02,해당 없음,해당 없음,P3,S1-ii QLD 대체,롤링14년 2004-05-03,14
2518850092.028544,906000000.0,437960704.0088335,906000.0,0.1167709844528147,-0.21980863556804475,-0.26523467174418425,135,30307796.20222473,2017-06-02,911901806.4816295,676319084.9905374,38119819.140331544,-0.8968061364055568,2009-01-02,해당 없음,해당 없음,P3,S1-ii QLD 대체,롤링14년 2004-06-01,14
2580745062.090708,906000000.0,455648043.68311894,906000.0,0.11946081472385077,-0.21993359006066915,-0.26557272431807,135,30602964.448021114,2017-07-19,902812993.6098164,669577593.7108245,37416953.14494167,-0.8968061364055568,2009-01-02,해당 없음,해당 없음,P3,S1-ii QLD 대체,롤링14년 2004-07-01,14
2684790839.3643136,910500000.0,483190553.4062796,910500.0,0.12350674948321716,-0.2199318871856889,-0.2655681170720794,123,26038438.665403783,2017-07-19,902623645.2429535,673448200.3226943,37426411.18702893,-0.8968061364055568,2009-01-02,해당 없음,해당 없음,P3,S1-ii QLD 대체,롤링14년 2004-08-02,14
2801147179.071714,906000000.0,517040967.1303388,906000.0,0.12830560893215268,-0.21996884258335136,-0.26566810415330333,72,22933738.375283897,2017-07-19,899814102.5069754,673544576.313386,37221891.4334692,-0.8968061364055566,2009-01-02,해당 없음,해당 없음,P3,S1-ii QLD 대체,롤링14년 2004-09-01,14
2738670767.0886765,906000000.0,500431184.8342399,906000.0,0.12593960171459168,-0.2202858355366144,-0.2665259054200304,135,29984375.546388865,2017-08-09,876050587.4649805,654353583.8571115,35528834.08175654,-0.8968061364055568,2009-01-02,해당 없음,해당 없음,P3,S1-ii QLD 대체,롤링14년 2004-10-01,14
2554962145.7982674,906000000.0,448790013.2076465,906000.0,0.11830335568839866,-0.22036245672222476,-0.2667332826137886,129,28168661.58732742,2017-09-06,870381435.1594329,649989147.9933925,35135381.64515214,-0.8968061364055571,2009-01-02,해당 없음,해당 없음,P3,S1-ii QLD 대체,롤링14년 2004-11-01,14
2512486720.6141996,906000000.0,437309702.30939865,906000.0,0.11648626512742957,-0.22051516599838938,-0.26712398062529386,129,28776684.57426822,2017-09-13,859015902.053792,640375730.2727033,34386238.55443434,-0.896806136405557,2009-01-02,해당 없음,해당 없음,P3,S1-ii QLD 대체,롤링14년 2004-12-01,14
2311900316.2827215,910500000.0,371858020.52733845,910500.0,0.10711994460906392,-0.2660289967606734,-0.26973557320419805,129,28143794.74615848,2017-09-28,928083382.5781239,658686184.3285983,76178036.63686992,-0.48118249787727363,2019-01-02,해당 없음,해당 없음,P3,S1-ii QLD 대체,롤링14년 2005-01-03,14
2481408502.6551356,906000000.0,420403704.37088245,906000.0,0.11510139625816414,-0.22211887155847032,-0.26723218640162594,59,21176361.078010082,2017-09-27,932397107.7827228,665978632.995487,76443227.37612258,-0.48118249787727396,2019-01-02,해당 없음,해당 없음,P3,S1-ii QLD 대체,롤링14년 2005-02-01,14
2575994745.2054834,906000000.0,447131037.7242284,906000.0,0.11923767588513681,-0.222097850784574,-0.2674540074815136,55,19510783.43421632,2017-09-29,926721073.1319706,662970862.8108068,76071223.48108566,-0.48118249787727385,2019-01-02,해당 없음,해당 없음,P3,S1-ii QLD 대체,롤링14년 2005-03-01,14
2680333941.1601114,906000000.0,476254064.8388026,906000.0,0.12361420003231398,-0.22209715316640333,-0.2674435168421353,25,14877779.101229131,2017-09-29,926772862.8327308,665772943.377837,76058199.8517255,-0.4811824978772741,2019-01-02,해당 없음,해당 없음,P3,S1-ii QLD 대체,롤링14년 2005-04-01,14
2863793740.622895,910500000.0,526419423.41123253,910500.0,0.1305452201487197,-0.2220978870269783,-0.26741695167740154,4,10040515.057745218,2017-09-29,927117258.3915658,668853030.0072752,76070436.6714674,-0.48118249787727385,2019-01-02,해당 없음,해당 없음,P3,S1-ii QLD 대체,롤링14년 2005-05-02,14
2632086937.4773717,906000000.0,463858427.182211,906000.0,0.12156645614568513,-0.22197899110841446,-0.2688259044881841,51,22552987.455738664,2017-10-27,893911387.264163,639061105.2485379,73988535.66478117,-0.48118249787727385,2019-01-02,해당 없음,해당 없음,P3,S1-ii QLD 대체,롤링14년 2005-06-01,14
2755941524.188057,906000000.0,498796786.27148044,906000.0,0.12664572833540882,-0.22194657028333642,-0.26920168521688537,51,22339292.597224236,2017-11-03,885218700.5832399,635387816.6325437,73417811.50224963,-0.4811824978772741,2019-01-02,해당 없음,해당 없음,P3,S1-ii QLD 대체,롤링14년 2005-07-01,14
2821227113.5583925,906000000.0,518220707.18355,906000.0,0.1291009411840642,-0.2218598894816728,-0.2703226762666603,104,30064325.29793787,2017-12-18,861682931.2962569,613873464.5320278,71916917.31395525,-0.4811824978772734,2019-01-02,해당 없음,해당 없음,P3,S1-ii QLD 대체,롤링14년 2005-08-01,14
2819501189.9392557,906000000.0,517754271.9933591,906000.0,0.12905638361918226,-0.2218874413473938,-0.27063190070701304,96,28875447.528530955,2017-12-18,855045706.1419964,610554218.0381728,71482858.42522979,-0.4811824978772735,2019-01-02,해당 없음,해당 없음,P3,S1-ii QLD 대체,롤링14년 2005-09-01,14
2733051427.122499,910500000.0,492570853.7732377,910500.0,0.12542330167509133,-0.2221674333918624,-0.2713988772561279,126,32290746.520701528,2018-01-12,839642889.8251503,598516417.1708577,70491603.78302963,-0.48118249787727374,2019-01-02,해당 없음,해당 없음,P3,S1-ii QLD 대체,롤링14년 2005-10-03,14
2833057932.36662,906000000.0,521903571.43050945,906000.0,0.12953668646172775,-0.22219589066117107,-0.27147687513761265,96,28572857.822882473,2018-01-12,837869852.2072825,599154676.765686,70370232.33563776,-0.48118249787727363,2019-01-02,해당 없음,해당 없음,P3,S1-ii QLD 대체,롤링14년 2005-11-01,14
2909204032.9630723,906000000.0,544458807.3001838,906000.0,0.13245827413971015,-0.22274498788828512,-0.2727999540959999,224,38545759.667656004,2018-01-22,808850268.3583127,574411573.7934117,68590768.6869887,-0.48118249787727374,2019-01-02,해당 없음,해당 없음,P3,S1-ii QLD 대체,롤링14년 2005-12-01,14
3037998935.3152046,910500000.0,577943757.4257622,910500.0,0.1368792092276022,-0.222718872677671,-0.2727407515330845,182,33386856.374323606,2018-01-22,1216284246.3912473,940158817.2886524,68647229.69828436,-0.4811824978772735,2019-01-02,해당 없음,해당 없음,P3,S1-ii QLD 대체,롤링14년 2006-01-03,14
3118734293.424636,906000000.0,601968269.1380213,906000.0,0.13990983628013443,-0.22276540770710707,-0.27284624389410206,104,30058792.038782537,2018-01-22,1212983172.1129403,937958406.9750701,68493282.54522046,-0.4811824978772735,2019-01-02,해당 없음,해당 없음,P3,S1-ii QLD 대체,롤링14년 2006-02-01,14
2932362924.0879083,906000000.0,549568060.3993099,906000.0,0.13331335750795456,-0.236905372392487,-0.2732960329754591,117,30447425.29462737,2018-01-23,1199382920.488929,928767697.0221908,67857096.32237917,-0.4811824978772741,2019-01-02,해당 없음,해당 없음,P3,S1-ii QLD 대체,롤링14년 2006-03-01,14
2571513131.513695,910500000.0,446784681.13262445,910500.0,0.11876825211346176,-0.3240549908780409,-0.32601253972955735,129,31448604.706543982,2018-06-12,1184348568.4639287,917196150.0807679,67158891.3936907,-0.48118249787727363,2019-01-02,해당 없음,해당 없음,P3,S1-ii QLD 대체,롤링14년 2006-04-03,14
2852766931.830406,906000000.0,527214806.2138645,906000.0,0.1302929045018332,-0.2896807597104847,-0.290615475186788,86,27237470.229014754,2018-06-13,1183179082.6066823,918327473.6492043,67099212.971646465,-0.48118249787727374,2019-01-02,해당 없음,해당 없음,P3,S1-ii QLD 대체,롤링14년 2006-05-01,14
3070300432.386466,906000000.0,588331392.8864317,906000.0,0.13830545762120353,-0.28967976255075056,-0.290615101179051,51,22777722.86552608,2018-06-13,1182393628.053751,921140655.9435399,67053253.44072342,-0.48118249787727385,2019-01-02,해당 없음,해당 없음,P3,S1-ii QLD 대체,롤링14년 2006-06-01,14
3136764364.4305773,910500000.0,605754505.6237519,910500.0,0.14034408694006759,-0.2896739801599122,-0.2906129315541429,22,20173410.437321544,2018-06-14,1176798983.2579584,918881907.6973598,66787750.50877105,-0.48118249787727374,2019-01-02,해당 없음,해당 없음,P3,S1-ii QLD 대체,롤링14년 2006-07-03,14
3300845400.1321807,906000000.0,652931635.0631973,906000.0,0.14603545036449228,-0.28967098565250793,-0.2906118127073677,5,16354857.456392527,2018-06-14,1175316061.3381033,921679292.6046929,66650427.81700504,-0.48118249787727363,2019-01-02,해당 없음,해당 없음,P3,S1-ii QLD 대체,롤링14년 2006-08-01,14
3529420948.2438188,906000000.0,718792348.6060718,906000.0,0.15322447591707392,-0.2896302687911083,-0.2905968238332095,31,26463800.780102134,2018-07-09,1130993914.1796849,884809748.6044225,64823577.08952777,-0.4811824978772743,2019-01-02,해당 없음,해당 없음,P3,S1-ii QLD 대체,롤링14년 2006-09-01,14
3254539984.1786876,910500000.0,640320403.1367292,910500.0,0.14433338323166756,-0.28961415579554184,-0.29059101333893844,35,27497362.369874597,2018-07-12,1114986628.774155,871953485.2654915,64119156.4688778,-0.48118249787727385,2019-01-02,해당 없음,해당 없음,P3,S1-ii QLD 대체,롤링14년 2006-10-02,14
2989936560.9245453,906000000.0,567506146.4770353,906000.0,0.135378749115885,-0.2895900667551633,-0.290584411044745,91,32298542.248000234,2018-07-18,1088720555.9184935,849668908.0829828,62956456.35270655,-0.4811824978772734,2019-01-02,해당 없음,해당 없음,P3,S1-ii QLD 대체,롤링14년 2006-11-01,14
3224706085.771874,906000000.0,634124159.4908247,906000.0,0.14351401706432398,-0.28956927397508814,-0.2905789197499469,117,35663160.92828271,2018-08-29,1067307140.461395,831161516.4564407,61972056.50302391,-0.4811824978772741,2019-01-02,해당 없음,해당 없음,P3,S1-ii QLD 대체,롤링14년 2006-12-01,14
3330359558.2327147,906000000.0,664050393.9089658,906000.0,0.14699705205632319,-0.28955891640263987,-0.2905762436729641,100,34751370.34417549,2018-08-29,1057192543.0908191,824635297.1823419,61488963.1323352,-0.48118249787727396,2019-01-02,해당 없음,해당 없음,P3,S1-ii QLD 대체,롤링14년 2007-01-03,14
3334167307.4887366,906000000.0,653725127.7263322,906000.0,0.14715988518863068,-0.2895338898210812,-0.2905696133931568,121,39125187.61590433,2019-04-08,1381554580.4505005,1127625241.277056,60361521.94480116,-0.48118249787727374,2019-01-02,해당 없음,해당 없음,P3,S1-ii QLD 대체,롤링14년 2007-02-01,14
3377291660.5417333,906000000.0,665877523.0175657,906000.0,0.14861261311818919,-0.2895304414291139,-0.29056868661311896,117,35624210.70460603,2019-04-08,1377668223.4322364,1126178652.3999388,60210395.21960699,-0.48118249787727363,2019-01-02,해당 없음,해당 없음,P3,S1-ii QLD 대체,롤링14년 2007-03-01,14
3524370769.142952,910500000.0,706453231.8917177,910500.0,0.15293522059814305,-0.28951515623712676,-0.2905646471368487,121,36287870.24330017,2019-04-23,1360115206.4886477,1111823883.3885672,59544382.08717168,-0.4811824978772741,2019-01-02,해당 없음,해당 없음,P3,S1-ii QLD 대체,롤링14년 2007-04-02,14
3545893853.301171,906000000.0,714604510.7268544,906000.0,0.1537685690799479,-0.2894847408545479,-0.2905569480845458,178,42225138.001095,2019-04-24,1325705218.791185,1080464483.6128845,58241406.221254066,-0.4811824978772741,2019-01-02,해당 없음,해당 없음,P3,S1-ii QLD 대체,롤링14년 2007-05-01,14
3501289331.8144507,906000000.0,702613886.9800869,906000.0,0.15251760127108488,-0.2894610203289564,-0.2905512536929621,195,45551135.17048007,2019-05-03,1299353042.5225768,1057671065.8548803,57245947.81960641,-0.48118249787727374,2019-01-02,해당 없음,해당 없음,P3,S1-ii QLD 대체,롤링14년 2007-06-01,14
3686534098.173744,910500000.0,753714734.823333,910500.0,0.1577842008103947,-0.2894531325663965,-0.2905494193789785,181,43580003.16633698,2019-07-02,1290709457.7839897,1050599633.8383235,56919332.45515206,-0.48118249787727363,2019-01-02,해당 없음,해당 없음,P3,S1-ii QLD 대체,롤링14년 2007-07-02,14
3821405136.3086014,906000000.0,793054584.6113263,906000.0,0.16182835435285878,-0.2894481553839089,-0.2905482769134533,178,40618395.35464352,2019-07-02,1285329274.4696045,1046777850.2969618,56714396.21695243,-0.48118249787727385,2019-01-02,해당 없음,해당 없음,P3,S1-ii QLD 대체,롤링14년 2007-08-01,14
3935806559.44341,910500000.0,824762436.8079331,910500.0,0.16471689361056813,-0.2894193224165187,-0.29054188528368474,196,45380898.59365836,2019-07-10,1254454670.3666244,1019639047.9187983,55541020.90391277,-0.48118249787727396,2019-01-02,해당 없음,해당 없음,P3,S1-ii QLD 대체,롤링14년 2007-09-04,14
3704041705.4411206,906000000.0,761135668.5279129,906000.0,0.15843283389838192,-0.2893983124612216,-0.29053746464313723,210,47520693.324517906,2019-07-24,1232405122.0783625,1000001678.3265555,54703521.88496608,-0.48118249787727385,2019-01-02,해당 없음,해당 없음,P3,S1-ii QLD 대체,롤링14년 2007-10-01,14
3952873384.5424376,906000000.0,831525166.2811551,906000.0,0.16547969794991224,-0.2893868246311221,-0.29053512699186923,210,46681307.4803265,2019-07-26,1220480200.9024897,988743411.1389611,54252248.493823476,-0.48118249787727396,2019-01-02,해당 없음,해당 없음,P3,S1-ii QLD 대체,롤링14년 2007-11-01,14
3959915480.5938697,910500000.0,832212712.7365868,910500.0,0.16541132621559732,-0.28938372945595325,-0.2905345061041943,196,42682474.16275743,2019-07-26,1217582098.4748807,990578558.8869998,54131167.59127823,-0.4811824978772735,2019-01-02,해당 없음,해당 없음,P3,S1-ii QLD 대체,롤링14년 2007-12-03,14
4109087851.783469,906000000.0,875831363.0519998,906000.0,0.1695523109344287,-0.2893692857620713,-0.29053166543238684,205,42431938.003121465,2019-11-01,1202985464.371877,979497354.9515939,53570923.379647195,-0.4811824978772741,2019-01-02,해당 없음,해당 없음,P3,S1-ii QLD 대체,롤링14년 2008-01-02,14
3929169453.4639955,906000000.0,812785473.9138579,906000.0,0.16472381033707184,-0.28937875145607084,-0.2905335156323844,152,34450722.121099055,2019-10-28,1610979185.6414037,1378041565.9786687,53937289.39704878,-0.4811824978772741,2019-01-02,해당 없음,해당 없음,P3,S1-ii QLD 대체,롤링14년 2008-02-01,14
3842880406.0608187,910500000.0,786749094.0730548,910500.0,0.1622449153317117,-0.2893871406123738,-0.2905351872699359,100,26952604.506264716,2019-07-26,1622137580.0905805,1392231870.373941,54264706.003426984,-0.48118249787727363,2019-01-02,해당 없음,해당 없음,P3,S1-ii QLD 대체,롤링14년 2008-03-03,14
3855969241.465078,906000000.0,793153878.8974979,906000.0,0.1627780272980093,-0.2893433633170204,-0.29052675226308466,180,35904165.024624825,2019-11-14,1566241066.8705375,1339597434.040615,52584522.953251645,-0.4811824978772741,2019-01-02,해당 없음,해당 없음,P3,S1-ii QLD 대체,롤링14년 2008-04-01,14
3531992577.26709,906000000.0,703050364.2864277,906000.0,0.15340916527150475,-0.2893019001887144,-0.2905189850674109,229,43471024.10699195,2019-11-27,1515984784.7204826,1292642888.8049662,51073341.074757695,-0.48118249787727374,2019-01-02,해당 없음,해당 없음,P3,S1-ii QLD 대체,롤링14년 2008-05-01,14
3440317735.98857,910500000.0,676440655.957432,910500.0,0.15035341152412943,-0.2892822965352978,-0.29051548101928115,236,44408023.760059655,2019-12-11,1492903333.00397,1272175820.1362026,50380369.44304884,-0.48118249787727374,2019-01-02,해당 없음,해당 없음,P3,S1-ii QLD 대체,롤링14년 2008-06-02,14
3356549311.949597,906000000.0,653745845.8636386,906000.0,0.14788132854685854,-0.2892889780333149,-0.2905166519788871,205,37693932.14613977,2019-12-06,1500353732.062098,1283241502.0052094,50615687.831633456,-0.48118249787727385,2019-01-02,해당 없음,해당 없음,P3,S1-ii QLD 대체,롤링14년 2008-07-01,14
3614375710.7783093,906000000.0,725948063.378224,906000.0,0.15591099590396557,-0.289301304357779,-0.2905188729498964,152,29499445.090621322,2019-11-27,1515031800.5323684,1298824697.0338671,51053069.66875404,-0.4811824978772742,2019-01-02,해당 없음,해당 없음,P3,S1-ii QLD 대체,롤링14년 2008-08-01,14
3474399241.2257657,910500000.0,687319570.5127481,910500.0,0.15139566089484946,-0.28923430609609435,-0.29050666924904966,236,42865808.024955004,2020-01-02,1438429912.4934192,1230581729.4513214,48766308.96313977,-0.48118249787727374,2019-01-02,해당 없음,해당 없음,P3,S1-ii QLD 대체,롤링14년 2008-09-02,14
3380955241.5707254,906000000.0,662256387.8277284,906000.0,0.14864189907322992,-0.2892401423919264,-0.29050790835803264,203,36218767.671351016,2020-01-02,1440620872.3475697,1242026192.0585124,48950299.46325415,-0.48118249787727385,2019-01-02,해당 없음,해당 없음,P3,S1-ii QLD 대체,롤링14년 2008-10-01,14
3572824861.238735,910500000.0,713505837.2720942,910500.0,0.1543695304645628,-0.2892931215591813,-0.29051738216056455,32,16087758.473730922,2019-12-06,1493796461.28045,1304428454.1868062,50762216.75137643,-0.48118249787727363,2019-01-02,해당 없음,해당 없음,P3,S1-ii QLD 대체,롤링14년 2008-11-03,14
3618875347.574062,906000000.0,726714577.661664,906000.0,0.15595082980610303,-0.2893071106627787,-0.29051994482030996,9,7563154.269209266,2019-11-26,1516484321.6392071,1332459034.369333,51258131.16640601,-0.48118249787727374,2019-01-02,해당 없음,해당 없음,P3,S1-ii QLD 대체,롤링14년 2008-12-01,14
3223523339.701839,906000000.0,617243230.935489,906000.0,0.1435362566209532,-0.2906371327700169,-0.30004683852333114,37,17310630.1316337,2019-12-24,1450781739.232195,1271008901.840284,49454058.81082508,-0.48118249787727396,2019-01-02,해당 없음,해당 없음,P3,S1-ii QLD 대체,롤링14년 2009-01-02,14
3533912641.3380904,910500000.0,692793657.5254856,910500.0,0.1531988880039277,-0.2892691810016823,-0.2905132145702194,9,11546279.108711243,2019-12-19,1924389073.7616622,1460907447.5362866,454432294.8866416,-0.8082480024052339,2023-01-03,해당 없음,해당 없음,P3,S1-ii QLD 대체,롤링14년 2009-02-02,14
3582617814.803169,910500000.0,706213635.2542562,910500.0,0.15474158711340447,-0.2892748357571182,-0.2905141802777067,5,9029245.825149268,2019-12-12,1937962622.4052866,1475734391.492071,456167400.46693397,-0.8082480024052343,2023-01-03,해당 없음,해당 없음,P3,S1-ii QLD 대체,롤링14년 2009-03-02,14
3706404283.403493,906000000.0,744346754.94308,906000.0,0.15853821969130277,-0.2892178441798222,-0.2905032040924288,2,5640268.18969506,2020-01-06,1846633685.2814817,1398978394.333345,439622616.19118035,-0.8082480024052344,2023-01-03,해당 없음,해당 없음,P3,S1-ii QLD 대체,롤링14년 2009-04-01,14
3719828103.239024,906000000.0,749548003.2849184,906000.0,0.15902647418906363,-0.2891724169423239,-0.29049387271296767,5,6775501.524480313,2020-01-21,1780186445.6350327,1343330041.9738216,427457237.6871562,-0.8082480024052342,2023-01-03,해당 없음,해당 없음,P3,S1-ii QLD 대체,롤링14년 2009-05-01,14
3777086295.906864,906000000.0,766995494.578923,906000.0,0.16056300205570018,-0.2891301783968614,-0.29048550041907284,6,6598856.745306551,2020-02-04,1728922719.0290465,1300452983.3985267,416626634.3625722,-0.8082480024052343,2023-01-03,해당 없음,해당 없음,P3,S1-ii QLD 대체,롤링14년 2009-06-01,14
3996886658.4254856,906000000.0,829535734.0572999,906000.0,0.1666422308605289,-0.2891096195551698,-0.29048153204790994,7,7191709.800858408,2020-02-05,1705491107.780654,1281819321.4797263,411512599.64669853,-0.8082480024052341,2023-01-03,해당 없음,해당 없음,P3,S1-ii QLD 대체,롤링14년 2009-07-01,14
3890178048.8113694,910500000.0,799837699.529701,910500.0,0.1635402050939223,-0.28903491958131144,-0.2904526969665938,1,778387.06050089,2020-02-19,1640993608.593918,1226444390.3767247,398017027.4418748,-0.8082480024052342,2023-01-03,해당 없음,해당 없음,P3,S1-ii QLD 대체,롤링14년 2009-08-03,14
3916492260.3691993,906000000.0,809171682.8550646,906000.0,0.1644298284804459,-0.289000630948435,-0.2904396499093388,3,2518954.884924829,2020-07-20,1613939110.1697466,1206294077.6086035,392047746.61585164,-0.8082480024052342,2023-01-03,해당 없음,해당 없음,P3,S1-ii QLD 대체,롤링14년 2009-09-01,14
3689194825.51498,906000000.0,745332747.6967654,906000.0,0.15807137958892883,-0.2889885306787473,-0.29043506318587153,1,308691.308691293,2020-07-20,1604078705.086082,1197838294.775264,389983878.55586463,-0.8082480024052342,2023-01-03,해당 없음,해당 없음,P3,S1-ii QLD 대체,롤링14년 2009-10-01,14
3618008113.355519,910500000.0,724733065.8049954,910500.0,0.1557563238890667,-0.2889514851382885,-0.29042168061417517,1,308691.3086912632,2020-08-03,1575252721.5943604,1175214340.2766533,383607418.2020376,-0.8082480024052342,2023-01-03,해당 없음,해당 없음,P3,S1-ii QLD 대체,롤링14년 2009-11-02,14
3725949335.764247,906000000.0,758196040.776059,906000.0,0.15908850612086411,-0.2888818234142164,-0.29039738036652585,19,8813016.29193762,2020-08-18,1520064287.621697,1129459309.2663965,371953598.1619966,-0.8082480024052342,2023-01-03,해당 없음,해당 없음,P3,S1-ii QLD 대체,롤링14년 2009-12-01,14
3865912148.2322345,910500000.0,791937518.3752512,910500.0,0.16281305140787466,-0.2888348776300985,-0.2903808871400029,48,13091541.612303674,2020-08-24,2241974745.8338475,1643561571.8058212,364518744.7692498,-0.8082480024052343,2023-01-03,해당 없음,해당 없음,P3,S1-ii QLD 대체,롤링14년 2010-01-04,14
4085888175.171064,906000000.0,854912207.324138,906000.0,0.16894022515264598,-0.2888438352074637,-0.2903840057794942,11,6586655.208745927,2020-08-21,2251053092.8256397,1655660418.7311988,365907022.34046125,-0.8082480024052342,2023-01-03,해당 없음,해당 없음,P3,S1-ii QLD 대체,롤링14년 2010-02-01,14
4218989574.170282,906000000.0,893255864.3243583,906000.0,0.1724012419647812,-0.2888035523596759,-0.29037036902776026,7,3330242.394978225,2020-08-26,2210642674.1078396,1622592618.8695774,359586749.83344424,-0.8082480024052341,2023-01-03,해당 없음,해당 없음,P3,S1-ii QLD 대체,롤링14년 2010-03-01,14
4283939229.896208,906000000.0,912601788.3471086,906000.0,0.17416027302919446,-0.28875270402868414,-0.29035412444371134,22,8541163.943199843,2020-08-31,2160319096.0972395,1580495676.516798,351695351.2279236,-0.8082480024052342,2023-01-03,해당 없음,해당 없음,P3,S1-ii QLD 대체,롤링14년 2010-04-01,14
4126189326.894129,910500000.0,867650989.7089721,910500.0,0.1698386901186031,-0.28871177548654015,-0.29034274251525694,63,11862542.679020882,2020-09-01,2119115166.76423,1546868276.1512127,345217874.52616405,-0.8082480024052341,2023-01-03,해당 없음,해당 없음,P3,S1-ii QLD 대체,롤링14년 2010-05-03,14
4350675816.065974,906000000.0,932219318.7003359,906000.0,0.17566890910492483,-0.2887084112004741,-0.29034259151598496,22,7808236.089435816,2020-09-01,2114794042.146111,1548852117.8214414,344506872.76674366,-0.8082480024052341,2023-01-03,해당 없음,해당 없음,P3,S1-ii QLD 대체,롤링14년 2010-06-01,14
4563937890.601644,906000000.0,991966300.9621915,906000.0,0.18089733766107055,-0.28871849652835646,-0.29034398883413814,3,894447.9231242537,2020-09-01,2127266476.19345,1563032176.1273599,346366979.1694357,-0.8082480024052341,2023-01-03,해당 없음,해당 없음,P3,S1-ii QLD 대체,롤링14년 2010-07-01,14
4340564520.315861,910500000.0,929017140.4580173,910500.0,0.17527461073860842,-0.2886675805349814,-0.29034086492185895,30,8315389.78271082,2020-09-02,2062230805.0801213,1507844697.4449391,336308577.7485973,-0.8082480024052343,2023-01-03,해당 없음,해당 없음,P3,S1-ii QLD 대체,롤링14년 2010-08-02,14
4400124688.202314,906000000.0,946970910.5343027,906000.0,0.17690443589074922,-0.2886668233880272,-0.2903408340502468,1,308691.308691293,2021-02-04,2061612032.3900824,1510588502.0564227,336148770.0708023,-0.808248002405234,2023-01-03,해당 없음,해당 없음,P3,S1-ii QLD 대체,롤링14년 2010-09-01,14
4333800680.378452,906000000.0,929809577.786189,906000.0,0.17524648472811974,-0.28861607399374467,-0.29033905115411396,3,5885278.16303882,2021-04-01,1992980177.5395064,1455101678.2455792,326434073.9068385,-0.8082480024052343,2023-01-03,해당 없음,해당 없음,P3,S1-ii QLD 대체,롤링14년 2010-10-01,14
4374149848.050172,906000000.0,942770712.7922242,906000.0,0.1762201327381611,-0.2885688299180418,-0.29033776908215014,18,12611300.77511093,2021-04-09,1934701638.0217128,1408182236.5361276,317805596.5585403,-0.8082480024052343,2023-01-03,해당 없음,해당 없음,P3,S1-ii QLD 대체,롤링14년 2010-11-01,14
4572213938.005565,906000000.0,999946998.7920334,906000.0,0.1810171552740309,-0.288519261013896,-0.2903368376369666,32,19138278.075192362,2021-06-10,1879478336.6261678,1364185941.9242692,309135513.63519746,-0.8082480024052341,2023-01-03,해당 없음,해당 없음,P3,S1-ii QLD 대체,롤링14년 2010-12-01,14
4629488920.495129,910500000.0,997976404.3610268,910500.0,0.18211204555244936,-0.28848140122985155,-0.29033641870122073,37,22799076.726485282,2021-06-21,2121859287.9071488,1571601709.7200634,302776330.22978276,-0.8082480024052342,2023-01-03,해당 없음,해당 없음,P3,S1-ii QLD 대체,롤링14년 2011-01-03,14
4630011479.255499,906000000.0,1000361466.1416676,906000.0,0.1822736582273996,-0.28845080801033507,-0.29033627389760497,65,24693063.98772061,2021-06-28,2085808269.5344453,1542206617.9956992,297790945.95743114,-0.8082480024052342,2023-01-03,해당 없음,해당 없음,P3,S1-ii QLD 대체,롤링14년 2011-02-01,14
4522846501.105942,906000000.0,970913425.3312083,906000.0,0.1798495993275412,-0.28842370620483837,-0.29033629792949656,103,25588846.48194596,2021-07-01,2054669681.2137694,1518624040.5945172,293473006.0506373,-0.8082480024052343,2023-01-03,해당 없음,해당 없음,P3,S1-ii QLD 대체,롤링14년 2011-03-01,14
4314759548.494159,906000000.0,912350440.2563992,906000.0,0.17479572105252456,-0.2884153457607386,-0.2903363295960184,38,22714908.16205737,2021-07-02,2045200627.8198395,1512026364.9381993,292161237.5090757,-0.8082480024052341,2023-01-03,해당 없음,해당 없음,P3,S1-ii QLD 대체,롤링14년 2011-04-01,14
4134957703.4425445,910500000.0,861186176.3548079,910500.0,0.17010684729646258,-0.2883868853380678,-0.290336556334036,98,23815326.805330575,2021-07-07,2013473955.1766858,1486632061.1658058,287772814.0918766,-0.8082480024052342,2023-01-03,해당 없음,해당 없음,P3,S1-ii QLD 대체,롤링14년 2011-05-02,14
4197706615.7078843,906000000.0,880111044.7258058,906000.0,0.17189610640419722,-0.28838258800887595,-0.2903366030265484,37,19974689.512699306,2021-07-07,2008760980.4374044,1485593291.02735,287105785.8847102,-0.808248002405234,2023-01-03,해당 없음,해당 없음,P3,S1-ii QLD 대체,롤링14년 2011-06-01,14
4291343327.4589267,906000000.0,907154834.078227,906000.0,0.17422479980445643,-0.28835878838524354,-0.29033694038354274,37,20018035.79218462,2021-07-12,1982895754.9410644,1465330710.3682268,283525924.32081,-0.8082480024052342,2023-01-03,해당 없음,해당 없음,P3,S1-ii QLD 대체,롤링14년 2011-07-01,14
4497429911.218869,906000000.0,965156880.6699855,906000.0,0.1792242578835786,-0.28835771711360114,-0.2903369525160133,32,15833206.485087425,2021-07-12,1981668468.938647,1465669502.4097507,283363181.46114635,-0.8082480024052341,2023-01-03,해당 없음,해당 없음,P3,S1-ii QLD 대체,롤링14년 2011-08-01,14
4607885585.513369,906000000.0,995569563.0357867,906000.0,0.1818977478314863,-0.2883729593810129,-0.2903367158235244,3,3546211.779962063,2021-07-07,1998898031.1603942,1483940539.450195,285620094.3866343,-0.8082480024052344,2023-01-03,해당 없음,해당 없음,P3,S1-ii QLD 대체,롤링14년 2011-09-01,14
4857571593.554941,910500000.0,1065533573.6950239,910500.0,0.18728642597271009,-0.28834026927629863,-0.2903371681348331,1,308691.308691293,2021-07-23,1965298174.2262657,1459150178.529815,280757369.6057007,-0.8082480024052342,2023-01-03,해당 없음,해당 없음,P3,S1-ii QLD 대체,롤링14년 2011-10-03,14
4911227071.029584,906000000.0,1084072738.8029475,906000.0,0.18860531614387763,-0.28824952391529146,-0.2903164724307331,6,4258404.113854408,2021-08-13,1893069203.1275332,1398913559.3612907,271054991.1605673,-0.8082480024052339,2023-01-03,해당 없음,해당 없음,P3,S1-ii QLD 대체,롤링14년 2011-11-01,14
4935258079.328959,906000000.0,1091780958.5326934,906000.0,0.18924271496095937,-0.2881998079286059,-0.29030544021202065,4,1969419.9302988648,2021-08-30,1856622246.6150117,1370734307.760042,265955894.58764836,-0.8082480024052342,2023-01-03,해당 없음,해당 없음,P3,S1-ii QLD 대체,롤링14년 2011-12-01,14
4776588397.988009,910500000.0,1038175140.3065773,910500.0,0.18546732027582183,-0.28814815103173563,-0.29029851191187683,1,308691.3086913228,2021-10-28,2110612071.810503,1563968922.00955,260302309.4806221,-0.8082480024052342,2023-01-03,해당 없음,해당 없음,P3,S1-ii QLD 대체,롤링14년 2012-01-03,14
4786605432.566888,906000000.0,1043921472.3787768,906000.0,0.18588794796817443,-0.28808536210871816,-0.29029772524885855,4,3658198.9834622443,2021-11-02,2048284265.8765788,1510856051.6239452,252869208.55072752,-0.8082480024052341,2023-01-03,해당 없음,해당 없음,P3,S1-ii QLD 대체,롤링14년 2012-02-01,14
4671306403.405375,906000000.0,1012807997.9852304,906000.0,0.1833790868612663,-0.2880290881143909,-0.2902983085023513,28,9633988.971223146,2021-11-04,1996877568.070463,1467212297.94443,246407795.7743479,-0.8082480024052341,2023-01-03,해당 없음,해당 없음,P3,S1-ii QLD 대체,롤링14년 2012-03-01,14
4543322008.946896,910500000.0,976997769.8397839,910500.0,0.1802045994303854,-0.28795460118550864,-0.2902900935736592,94,16592750.661210328,2021-12-27,1940045080.1233487,1419887685.3032079,239269157.64929554,-0.8082480024052341,2023-01-03,해당 없음,해당 없음,P3,S1-ii QLD 대체,롤링14년 2012-04-02,14
4898605223.172108,906000000.0,1078701636.5942638,906000.0,0.1884020046241505,-0.2879370120362207,-0.29028781529538383,68,14428990.657815725,2021-12-27,1927341220.2507772,1412087183.6957161,237661409.6794906,-0.8082480024052343,2023-01-03,해당 없음,해당 없음,P3,S1-ii QLD 대체,롤링14년 2012-05-01,14
5425138936.46984,906000000.0,1226569627.4640765,906000.0,0.19938815409880878,-0.28795953280912845,-0.2902908060581819,11,6216541.157536477,2021-12-27,1943498597.6063244,1430915752.9226496,239662968.12183577,-0.8082480024052339,2023-01-03,해당 없음,해당 없음,P3,S1-ii QLD 대체,롤링14년 2012-06-01,14
5302505189.060795,910500000.0,1192005621.8109946,910500.0,0.1967324534147599,-0.2878919391461173,-0.2902820967050447,59,11469205.004546255,2023-05-18,1895446669.8383622,1390380529.4794137,233635733.0853392,-0.8082480024052341,2023-01-03,해당 없음,해당 없음,P3,S1-ii QLD 대체,롤링14년 2012-07-02,14
4768665657.234512,906000000.0,1043045628.3603386,906000.0,0.18550823488922033,-0.2878681444376635,-0.2902791478536393,57,10163239.129979342,2023-05-26,1878971047.094104,1378384700.056126,231562157.11513555,-0.8082480024052342,2023-01-03,해당 없음,해당 없음,P3,S1-ii QLD 대체,롤링14년 2012-08-01,14
4629949579.029375,910500000.0,1004129569.1091077,910500.0,0.1821345634836018,-0.28778661374662606,-0.29026942241667975,78,16666027.46353817,2023-06-12,1824365083.4063668,1332559286.1325796,224716536.11785153,-0.808248002405234,2023-01-03,해당 없음,해당 없음,P3,S1-ii QLD 대체,롤링14년 2012-09-04,14
2465995064.4243546,1180500000.0,369854837.36887145,1180500.0,0.0642922774376136,-0.3247096005095388,-0.6705007797022979,1884,159419857.09344065,2017-05-01,693901386.6596617,410873694.3255459,39370639.22691436,-0.9980733824709406,2009-01-02,2001-08-30,해당 없음,P3,S1-ii QLD 대체,롤링19년 2000-01-03,19
2602258949.026083,1176000000.0,409653493.67053556,1176000.0,0.06888152471549672,-0.34675869837760054,-0.6809284402870361,1780,156506233.4026367,2017-05-05,692102321.7553453,409576827.90782315,39142698.85307264,-0.9981991275801486,2009-01-02,2001-09-06,해당 없음,P3,S1-ii QLD 대체,롤링19년 2000-02-01,19
2707301456.2537723,1176000000.0,436705480.5738631,1176000.0,0.07215234705927995,-0.31738433870146643,-0.649757064617575,1882,150786658.88620943,2017-05-01,685088841.454245,404066838.02121097,39322154.30434141,-0.9975710641632901,2009-01-02,2001-04-03,해당 없음,P3,S1-ii QLD 대체,롤링19년 2000-03-01,19
2823311136.1721597,1180500000.0,466680716.4939313,1180500.0,0.07540945429719045,-0.31720794677211805,-0.6319610334967375,1882,149198258.8943308,2017-05-25,678514178.6996382,400871523.95699596,38879105.01832312,-0.9966120004416243,2009-01-02,2001-04-03,해당 없음,P3,S1-ii QLD 대체,롤링19년 2000-04-03,19
2931959273.049858,1176000000.0,501456606.10090196,1176000.0,0.07863533844732665,-0.34208643931721205,-0.6386572132051136,1779,150135246.37523073,2017-06-01,674265213.9738525,402960599.482034,38062994.69163645,-0.9961691665859821,2009-01-02,2001-09-17,해당 없음,P3,S1-ii QLD 대체,롤링19년 2000-05-01,19
2849487684.5253997,1176000000.0,476681114.59113747,1176000.0,0.07631316069069792,-0.3184432869651932,-0.6036550114356187,1706,132403317.68965697,2017-05-01,697677591.5592446,421046953.07997775,39526258.479728885,-0.9969461758436762,2009-01-02,2002-04-26,해당 없음,P3,S1-ii QLD 대체,롤링19년 2000-06-01,19
2965198727.4871526,1180500000.0,508443412.90619856,1180500.0,0.07939722699660602,-0.3400499632265085,-0.645242524506062,1777,144994745.4552224,2017-06-07,664644083.9501432,398713747.24945796,37471515.92638175,-0.9964146943900761,2009-01-02,2001-09-18,해당 없음,P3,S1-ii QLD 대체,롤링19년 2000-07-03,19
3014547671.7364097,1176000000.0,522788755.01180375,1176000.0,0.08087389663057784,-0.35014363127145676,-0.6534604455142217,1672,140280653.6626204,2017-06-07,664218933.0910982,399229284.43478036,37504601.02308752,-0.9964227760904678,2009-01-02,2001-09-20,해당 없음,P3,S1-ii QLD 대체,롤링19년 2000-08-01,19
3043615218.78158,1176000000.0,529808652.3356401,1176000.0,0.08165873372811049,-0.31465301454021377,-0.6219009471137329,1775,137828300.84543395,2017-06-19,662817965.8130708,396850884.87833214,37159274.66081514,-0.9958395168356184,2009-01-02,2001-09-17,해당 없음,P3,S1-ii QLD 대체,롤링19년 2000-09-01,19
3081293488.350739,1180500000.0,538793466.7243127,1180500.0,0.08250852199780927,-0.3122051802992708,-0.5637404913423274,1581,119169209.10489824,2017-05-30,684774489.8110999,417455001.89660656,38757211.80518867,-0.9945317232024404,2009-01-02,2002-05-02,해당 없음,P3,S1-ii QLD 대체,롤링19년 2000-10-02,19
3091985652.3627906,1176000000.0,544076728.959178,1176000.0,0.08291152223717077,-0.3119559126884104,-0.583359002951666,1586,120576443.70997943,2017-06-02,672296070.8856792,413786249.2805502,37913149.8423123,-0.994082504887562,2009-01-02,2002-06-11,해당 없음,P3,S1-ii QLD 대체,롤링19년 2000-11-01,19
3170488518.9676156,1176000000.0,567652560.2891374,1176000.0,0.08495436833352317,-0.3548171669962813,-0.6151959131466396,1617,123892447.13729104,2017-08-01,655745077.4682242,405419229.49066186,36556062.60705222,-0.993061746151348,2009-01-02,2002-08-05,해당 없음,P3,S1-ii QLD 대체,롤링19년 2000-12-01,19
3176679083.134374,1176000000.0,568351998.2570913,1176000.0,0.08508944603245018,-0.35509691075627225,-0.62791697594785,1659,124380689.68631795,2017-08-09,642291515.0090852,396648479.75273293,35656262.69355598,-0.9902738906761541,2009-01-02,2002-10-09,해당 없음,P3,S1-ii QLD 대체,롤링19년 2001-01-02,19
3303002489.8120937,1176000000.0,602283952.0738871,1176000.0,0.08820771064584781,-0.3536987274253456,-0.5747891333502708,1664,121732568.14607522,2017-08-09,875661565.6956671,615332412.6533774,35379857.44872005,-0.9881239844116814,2009-01-02,2002-09-30,해당 없음,P3,S1-ii QLD 대체,롤링19년 2001-02-01,19
4243608535.476739,1176000000.0,835008336.5817416,1176000.0,0.10813513900722767,-0.3577493455485954,-0.5376678029461712,652,107264897.26873714,2015-07-20,1932971156.0005035,1422707000.6558778,99248573.15841664,-0.48118249787727396,2019-01-02,해당 없음,해당 없음,P3,S1-ii QLD 대체,롤링19년 2001-03-01,19
3723870413.758747,1180500000.0,683490782.4946904,1180500.0,0.09766956535250067,-0.36019257078433287,-0.5532025150626043,491,95605750.10386646,2015-07-17,1964297340.2704625,1459722617.2936125,100488984.39908914,-0.48118249787727385,2019-01-02,해당 없음,해당 없음,P3,S1-ii QLD 대체,롤링19년 2001-04-02,19
4111219579.371621,1176000000.0,797420403.7239692,1176000.0,0.10561529658392184,-0.35490534012161035,-0.5394080501249265,662,105432306.76083234,2016-05-31,1900091528.5745564,1404213783.6398668,97871588.04150046,-0.4811824978772733,2019-01-02,해당 없음,해당 없음,P3,S1-ii QLD 대체,롤링19년 2001-05-01,19
4444804537.7176485,1176000000.0,890321639.7285125,1176000.0,0.11178582081224935,-0.3558776970610533,-0.5089403906770745,643,98585281.79469222,2015-12-08,1910270986.178831,1416612997.7270489,98286383.0210122,-0.4811824978772735,2019-01-02,해당 없음,해당 없음,P3,S1-ii QLD 대체,롤링19년 2001-06-01,19
4513555238.663162,1180500000.0,908220733.4427513,1180500.0,0.11285589017373301,-0.35517078888781395,-0.4861857516624366,625,95801630.29381089,2016-05-31,1902299719.5216453,1412710019.9696627,97952516.53856629,-0.4811824978772735,2019-01-02,해당 없음,해당 없음,P3,S1-ii QLD 대체,롤링19년 2001-07-02,19
4795797075.773384,1176000000.0,988036013.4339231,1176000.0,0.11768580380007188,-0.35574288397995446,-0.464778457429356,598,89916812.94912504,2015-12-08,1908496236.516584,1421666695.0239692,98190171.24230742,-0.48118249787727385,2019-01-02,해당 없음,해당 없음,P3,S1-ii QLD 대체,롤링19년 2001-08-01,19
5226462595.931214,1180500000.0,1105522322.1110961,1180500.0,0.12425271617685346,-0.35968223760658136,-0.45334308921445465,358,74700311.72570875,2015-07-17,1958911994.1156135,1466231733.7519314,100048432.64246076,-0.48118249787727363,2019-01-02,해당 없음,해당 없음,P3,S1-ii QLD 대체,롤링19년 2001-09-04,19
5026511119.823945,1176000000.0,1049517539.4420884,1176000.0,0.12134712046379688,-0.3661175647794842,-0.4604986330411963,265,55175652.90241501,2015-07-15,2024384406.9750037,1522170010.4489794,102060270.59542038,-0.48118249787727385,2019-01-02,해당 없음,해당 없음,P3,S1-ii QLD 대체,롤링19년 2001-10-01,19
4613147435.087111,1176000000.0,934356985.492357,1176000.0,0.11466164264047904,-0.35778627898060034,-0.4519373530916765,350,71165490.25040281,2015-08-17,1931033385.0502014,1448555978.1873646,99040477.60457961,-0.48118249787727385,2019-01-02,해당 없음,해당 없음,P3,S1-ii QLD 대체,롤링19년 2001-11-01,19
5044431288.456545,1180500000.0,1056074922.6812799,1180500.0,0.12151652287614065,-0.3542553598868359,-0.45257839348415185,404,75445859.48945658,2016-06-01,1887691787.7400417,1415445583.9149876,97477096.79374926,-0.48118249787727385,2019-01-02,해당 없음,해당 없음,P3,S1-ii QLD 대체,롤링19년 2001-12-03,19
5099743546.006959,1176000000.0,1073827910.0100842,1176000.0,0.1224669606924837,-0.35078216048513877,-0.4551663812886022,472,78349602.29864559,2016-10-21,1854144287.8577929,1390197980.7068293,96090498.20910785,-0.4811824978772734,2019-01-02,해당 없음,해당 없음,P3,S1-ii QLD 대체,롤링19년 2002-01-02,19
5200435987.741508,1176000000.0,1082216096.1480136,1176000.0,0.12402047812173184,-0.3522205718910295,-0.4326313908342566,406,72879286.26338215,2016-10-21,2393321872.39108,1900813535.8791382,96240738.00273895,-0.48118249787727385,2019-01-02,해당 없음,해당 없음,P3,S1-ii QLD 대체,롤링19년 2002-02-01,19
5268662621.257373,1176000000.0,1101372038.8065777,1176000.0,0.12507832607767636,-0.35523012529558096,-0.4361418968054721,388,69206131.15094441,2016-10-21,2387566241.48765,1901349325.3921897,96028489.44041559,-0.4811824978772741,2019-01-02,해당 없음,해당 없음,P3,S1-ii QLD 대체,롤링19년 2002-03-01,19
5405055024.076429,1176000000.0,1140332784.3770235,1176000.0,0.127002611975466,-0.34846971169931096,-0.4166200744812574,391,68930003.32706404,2016-10-24,2364057835.4103346,1882530538.772357,95229329.34902516,-0.48118249787727363,2019-01-02,해당 없음,해당 없음,P3,S1-ii QLD 대체,롤링19년 2002-04-01,19
5716454308.425971,1176000000.0,1227194630.0911927,1176000.0,0.13135198355863617,-0.3078037202400309,-0.35831360005982815,337,58524001.54658744,2016-10-21,2395385363.4432898,1913359285.5656009,96274813.49543823,-0.48118249787727363,2019-01-02,해당 없음,해당 없음,P3,S1-ii QLD 대체,롤링19년 2002-05-01,19
5804524587.073666,1180500000.0,1249436734.7288103,1180500.0,0.13242631345764483,-0.29108358049469574,-0.2917277724017976,247,45586307.151410535,2016-05-31,2440724215.7441306,1955916091.7474265,97806644.7541901,-0.48118249787727396,2019-01-02,해당 없음,해당 없음,P3,S1-ii QLD 대체,롤링19년 2002-06-03,19
6237801602.717221,1176000000.0,1371168617.7992334,1176000.0,0.13809219078941573,-0.29124253723857785,-0.291873524122531,66,30030514.850319803,2015-07-20,2501792598.8273993,2013145338.0708873,99845486.4853216,-0.48118249787727374,2019-01-02,해당 없음,해당 없음,P3,S1-ii QLD 대체,롤링19년 2002-07-01,19
6669091007.739668,1176000000.0,1490792393.7038887,1176000.0,0.14325808313321398,-0.2914141182672927,-0.29203185969924217,17,14066543.169134319,2015-07-16,2564770593.9415483,2071478781.5817142,101977100.65857129,-0.48118249787727385,2019-01-02,해당 없음,해당 없음,P3,S1-ii QLD 대체,롤링19년 2002-08-01,19
6953200431.118184,1180500000.0,1570189726.5783892,1180500.0,0.14633429114257976,-0.29134841676095613,-0.29197166644464245,18,14326964.503968477,2015-07-16,2539077801.2565203,2051706689.4636168,101079160.21195154,-0.4811824978772741,2019-01-02,해당 없음,해당 없음,P3,S1-ii QLD 대체,롤링19년 2002-09-03,19
6584196019.779361,1176000000.0,1467589848.3979313,1176000.0,0.14224157987202152,-0.29130497918931253,-0.29193158250179696,8,12608207.846390784,2015-07-17,2523737670.3544903,2041421586.59791,100540600.38420457,-0.48118249787727396,2019-01-02,해당 없음,해당 없음,P3,S1-ii QLD 대체,롤링19년 2002-10-01,19
6878621038.9561,1176000000.0,1553051174.3582983,1176000.0,0.1456509714432379,-0.29106732584674844,-0.29171336293286443,41,17185769.26404175,2016-06-01,2432125103.4173183,1961279635.4433835,97528989.44750668,-0.48118249787727374,2019-01-02,해당 없음,해당 없음,P3,S1-ii QLD 대체,롤링19년 2002-11-01,19
6747013714.324827,1180500000.0,1516093175.3827076,1180500.0,0.1440465458355265,-0.2909256784258345,-0.291585397881549,104,24690985.166394144,2016-10-24,2375595179.735109,1908960149.5695672,95512919.18543147,-0.4811824978772741,2019-01-02,해당 없음,해당 없음,P3,S1-ii QLD 대체,롤링19년 2002-12-02,19
7166313524.342031,1176000000.0,1634610813.369618,1176000.0,0.14874504226998164,-0.2910078589475199,-0.29165981956562503,39,12996586.143284857,2016-08-22,2406751963.1632156,1943201509.1532338,96645903.53715663,-0.4811824978772735,2019-01-02,해당 없음,해당 없음,P3,S1-ii QLD 대체,롤링19년 2003-01-02,19
6919038617.533965,1180500000.0,1541839285.115541,1180500.0,0.14593871615797213,-0.291046414375113,-0.2916946021968432,10,5207638.91793558,2016-06-01,3130357990.835228,2645839817.734791,97207071.97174835,-0.48118249787727385,2019-01-02,해당 없음,해당 없음,P3,S1-ii QLD 대체,롤링19년 2003-02-03,19
6619911445.162825,1180500000.0,1457686809.409691,1180500.0,0.14258842364884777,-0.2910213073967125,-0.29167201156630995,2,1480725.6865376234,2016-07-20,3116854439.8396673,2634636709.552676,96832595.4445585,-0.48118249787727385,2019-01-02,해당 없음,해당 없음,P3,S1-ii QLD 대체,롤링19년 2003-03-03,19
6637775651.363036,1176000000.0,1466788660.0411572,1176000.0,0.1428768535092206,-0.2908217011308156,-0.2914929325488954,4,3553653.5911939144,2016-11-15,3008635089.7589226,2540953702.8510447,93879230.93737221,-0.48118249787727374,2019-01-02,해당 없음,해당 없음,P3,S1-ii QLD 대체,롤링19년 2003-04-01,19
6111638699.376501,1176000000.0,1320177283.1219928,1176000.0,0.13654988778977112,-0.2907010242588053,-0.2913865190106988,3,1362746.9368589818,2016-11-21,2931493794.5553,2474533088.0989356,91927786.429897,-0.4811824978772741,2019-01-02,해당 없음,해당 없음,P3,S1-ii QLD 대체,롤링19년 2003-05-01,19
5886250824.392783,1180500000.0,1257387585.751649,1180500.0,0.13353175737614875,-0.2905282640007564,-0.2912302005519579,21,8556591.33127883,2016-12-15,2850765053.945227,2404907308.867589,89775604.39661482,-0.48118249787727363,2019-01-02,해당 없음,해당 없음,P3,S1-ii QLD 대체,롤링19년 2003-06-02,19
5667238384.591824,1176000000.0,1197766533.5207596,1176000.0,0.13068504425251254,-0.2904601688757755,-0.29116865159772853,22,10065159.733737856,2016-12-19,2820593626.1251235,2379500260.4043126,88945512.66646582,-0.4811824978772741,2019-01-02,해당 없음,해당 없음,P3,S1-ii QLD 대체,롤링19년 2003-07-01,19
6001139756.568793,1176000000.0,1293013170.3816667,1176000.0,0.1351552041483035,-0.2903882807158681,-0.2911035391806305,25,11745279.42920518,2016-12-22,2788832858.6705775,2352596819.8178124,88102775.92560884,-0.48118249787727385,2019-01-02,해당 없음,해당 없음,P3,S1-ii QLD 대체,롤링19년 2003-08-01,19
5888360509.155995,1180500000.0,1262216959.2626927,1180500.0,0.13354683663099565,-0.2902358949385657,-0.2909660382701693,59,20480830.854037225,2017-02-17,2725118445.7786436,2295364613.696826,86305615.49826166,-0.48118249787727374,2019-01-02,해당 없음,해당 없음,P3,S1-ii QLD 대체,롤링19년 2003-09-02,19
5714073064.8520155,1176000000.0,1213856197.5026212,1176000.0,0.13130955437869857,-0.2902403664592238,-0.29097008819467485,48,15453254.545302093,2017-02-17,2726974509.641177,2299618614.2888155,86355759.78132622,-0.4811824978772741,2019-01-02,해당 없음,해당 없음,P3,S1-ii QLD 대체,롤링19년 2003-10-01,19
5697969381.399513,1180500000.0,1211019215.346119,1180500.0,0.13098156989456627,-0.29007870655389556,-0.29082822191102375,128,28263036.818240583,2017-03-03,2645133235.4727254,2227214955.6647005,84072097.71863134,-0.4811824978772735,2019-01-02,해당 없음,해당 없음,P3,S1-ii QLD 대체,롤링19년 2003-11-03,19
5655249056.665964,1176000000.0,1201151937.472672,1176000.0,0.13050598556743812,-0.29004281663185894,-0.29080108430924,137,31628889.779435456,2017-04-27,2611177823.14005,2199020731.447011,83098592.39269851,-0.4811824978772742,2019-01-02,해당 없음,해당 없음,P3,S1-ii QLD 대체,롤링19년 2003-12-01,19
5140191494.917075,1176000000.0,1056862759.4373386,1176000.0,0.12311610286643801,-0.29834149894951023,-0.3041429895015846,345,35255967.9565413,2017-05-05,2576019498.7083855,2169706810.100173,82088799.84353219,-0.48118249787727385,2019-01-02,해당 없음,해당 없음,P3,S1-ii QLD 대체,롤링19년 2004-01-02,19
5552819347.473183,1180500000.0,1155488509.4277961,1180500.0,0.12898739162338116,-0.2900039787328035,-0.29077644465829133,345,34969504.88663697,2017-05-25,3293515621.086297,2445878347.677466,735126027.3743047,-0.8082480024052341,2023-01-03,해당 없음,해당 없음,P3,S1-ii QLD 대체,롤링19년 2004-02-02,19
5611380056.751756,1176000000.0,1174258262.3184707,1176000.0,0.12993447145417647,-0.2899832057704643,-0.2907639703901128,430,37518574.41341281,2017-06-01,3255268609.72713,2417132426.6111426,727262095.4123684,-0.8082480024052343,2023-01-03,해당 없음,해당 없음,P3,S1-ii QLD 대체,롤링19년 2004-03-01,19
5971265864.077452,1176000000.0,1274811126.6439261,1176000.0,0.13473313301561607,-0.28999235936635204,-0.29076945499939,134,29711083.098513544,2017-05-30,3272215541.9720216,2433375624.7450323,730715467.137615,-0.808248002405234,2023-01-03,해당 없음,해당 없음,P3,S1-ii QLD 대체,롤링19년 2004-04-01,19
6057707202.441525,1180500000.0,1298133731.1056461,1180500.0,0.1357555755729237,-0.2899823526695976,-0.29076346685984145,129,28428493.034761906,2017-06-01,3253919913.0652933,2421816560.9562736,726930001.9405453,-0.8082480024052344,2023-01-03,해당 없음,해당 없음,P3,S1-ii QLD 대체,롤링19년 2004-05-03,19
6302410255.257418,1176000000.0,1369525837.0578537,1176000.0,0.13889576160382724,-0.2899604104373139,-0.29074904050439265,135,30307796.20222473,2017-06-02,3219893478.353392,2394345167.5633364,719961745.4539136,-0.8082480024052343,2023-01-03,해당 없음,해당 없음,P3,S1-ii QLD 대체,롤링19년 2004-06-01,19
6699518699.937813,1176000000.0,1482215805.8002467,1176000.0,0.14360943926083614,-0.2899433414315532,-0.29073782769069034,135,30602964.448021114,2017-07-19,3193828884.8071346,2374667267.1428385,714622251.7251077,-0.8082480024052341,2023-01-03,해당 없음,해당 없음,P3,S1-ii QLD 대체,롤링19년 2004-07-01,19
6828638427.3275385,1180500000.0,1516834120.3061495,1180500.0,0.1449950190416437,-0.28994262549443917,-0.29073736204779255,123,26038438.665403783,2017-07-19,3192911285.3250546,2378128689.0976086,714391804.8783706,-0.808248002405234,2023-01-03,해당 없음,해당 없음,P3,S1-ii QLD 대체,롤링19년 2004-08-02,19
6838267122.88677,1176000000.0,1520704710.398941,1176000.0,0.1451626545160343,-0.2899370743620363,-0.2907337113721862,72,22933738.375283897,2017-07-19,3184645557.08167,2374266465.649618,712674782.135173,-0.8082480024052343,2023-01-03,해당 없음,해당 없음,P3,S1-ii QLD 대체,롤링19년 2004-09-01,19
6358626570.910405,1176000000.0,1387581056.1069832,1176000.0,0.1396028750105854,-0.2898991662527004,-0.290710101470841,135,29984375.546388865,2017-08-09,3120658483.6318245,2323929207.0763335,700030806.3345393,-0.8082480024052344,2023-01-03,해당 없음,해당 없음,P3,S1-ii QLD 대체,롤링19년 2004-10-01,19
6160189044.002769,1176000000.0,1331987639.2238092,1176000.0,0.1371196698732971,-0.28989282030937147,-0.2907071924903559,129,28168661.58732742,2017-09-06,3105510319.007525,2312672988.879378,697056154.3141253,-0.8082480024052343,2023-01-03,해당 없음,해당 없음,P3,S1-ii QLD 대체,롤링19년 2004-11-01,19
6621331198.754021,1176000000.0,1462984420.8256721,1176000.0,0.14268994461542875,-0.28988121994540395,-0.29070206741673976,129,28776684.57426822,2017-09-13,3076503564.697502,2289903022.2737007,691521515.9126998,-0.8082480024052343,2023-01-03,해당 없음,해당 없음,P3,S1-ii QLD 대체,롤링19년 2004-12-01,19
6996029303.356094,1180500000.0,1557014877.116083,1180500.0,0.1468191796085773,-0.28987146857776414,-0.29069759463836575,129,28143794.74615848,2017-09-28,4440859950.801136,3282630903.799016,687069963.8719342,-0.8082480024052343,2023-01-03,해당 없음,해당 없음,P3,S1-ii QLD 대체,롤링19년 2005-01-03,19
7348990050.885861,1176000000.0,1657038530.2822194,1176000.0,0.15067353389592583,-0.28987666822529157,-0.2907000054154427,59,21176361.078010082,2017-09-27,4456912343.757648,3299325341.3921328,689409617.5692631,-0.8082480024052341,2023-01-03,해당 없음,해당 없음,P3,S1-ii QLD 대체,롤링19년 2005-02-01,19
7676083433.362151,1176000000.0,1749624255.005071,1176000.0,0.1540306624774295,-0.28986936676879704,-0.29069662687424547,55,19510783.43421632,2017-09-29,4434700875.429754,3283809604.5849857,686115632.1470432,-0.8082480024052345,2023-01-03,해당 없음,해당 없음,P3,S1-ii QLD 대체,롤링19년 2005-03-01,19
7948495301.357481,1176000000.0,1826127209.1935534,1176000.0,0.15677917830993707,-0.28986911002035076,-0.29069650967031013,25,14877779.101229131,2017-09-29,4434149196.480623,3286421308.934735,685995749.8854824,-0.8082480024052341,2023-01-03,해당 없음,해당 없음,P3,S1-ii QLD 대체,롤링19년 2005-04-01,19
7751844706.100874,1180500000.0,1769031551.5785642,1180500.0,0.15471478466669417,-0.28986934870925385,-0.29069662101618277,4,10040515.057745218,2017-09-29,4435007606.392241,3290209522.686551,686098874.7039542,-0.8082480024052341,2023-01-03,해당 없음,해당 없음,P3,S1-ii QLD 대체,롤링19년 2005-05-02,19
8010130328.776266,1176000000.0,1846433123.5867004,1176000.0,0.15727592365200874,-0.289827860889999,-0.29067778258989474,51,22552987.455738664,2017-10-27,4309403541.865149,3189011432.767134,667687984.353643,-0.8082480024052341,2023-01-03,해당 없음,해당 없음,P3,S1-ii QLD 대체,롤링19년 2005-06-01,19
8303894986.41394,1176000000.0,1929792748.2155156,1176000.0,0.16010056774749526,-0.28981591266931395,-0.2906722653447379,51,22339292.597224236,2017-11-03,4275349111.361144,3165823342.8779435,662632340.4992344,-0.8082480024052341,2023-01-03,해당 없음,해당 없음,P3,S1-ii QLD 대체,롤링19년 2005-07-01,19
8115289249.351201,1176000000.0,1878850303.3802314,1176000.0,0.15827090294775156,-0.28978402346073473,-0.2906577711564241,104,30064325.29793787,2017-12-18,4185123582.2557755,3092893970.4290924,649345482.1654822,-0.8082480024052341,2023-01-03,해당 없음,해당 없음,P3,S1-ii QLD 대체,롤링19년 2005-08-01,19
8014469394.621976,1176000000.0,1850781678.2151313,1176000.0,0.15733389085450003,-0.2897748091506963,-0.2906537212802137,96,28875447.528530955,2017-12-18,4159177688.261154,3074861178.229843,645498082.9585389,-0.8082480024052342,2023-01-03,해당 없음,해당 없음,P3,S1-ii QLD 대체,롤링19년 2005-09-01,19
7953263370.078419,1180500000.0,1833548744.8825006,1180500.0,0.15664045375596652,-0.2897543143414718,-0.29064524914981693,126,32290746.520701528,2018-01-12,4099716889.126491,3028887127.5631466,636719701.8615851,-0.8082480024052342,2023-01-03,해당 없음,해당 없음,P3,S1-ii QLD 대체,롤링19년 2005-10-03,19
8250125351.806387,1176000000.0,1918464162.4291694,1176000.0,0.15951512829243364,-0.2897517820777722,-0.29064421433701415,96,28572857.822882473,2018-01-12,4092523033.671378,3025633710.66327,635640579.3157206,-0.8082480024052342,2023-01-03,해당 없음,해당 없음,P3,S1-ii QLD 대체,롤링19년 2005-11-01,19
8635259944.234371,1176000000.0,2029676627.283038,1176000.0,0.16304007268887566,-0.28971354415245953,-0.2906284855461152,224,38545759.667656004,2018-01-22,3984412516.5061145,2939792859.6086545,619882964.7987096,-0.8082480024052342,2023-01-03,해당 없음,해당 없음,P3,S1-ii QLD 대체,롤링19년 2005-12-01,19
8905443742.474466,1180500000.0,2067953683.0406368,1180500.0,0.1652638584032719,-0.28971477090554343,-0.29062898548141936,182,33386856.374323606,2018-01-22,4620233675.692011,3470281005.5745153,620377094.5404801,-0.8082480024052341,2023-01-03,해당 없음,해당 없음,P3,S1-ii QLD 대체,롤링19년 2006-01-03,19
9015828606.750578,1176000000.0,2100471157.880609,1176000.0,0.16627276676811467,-0.28971139918697664,-0.2906276178983588,104,30058792.038782537,2018-01-22,4609333605.328138,3462719783.657886,619008952.5019298,-0.8082480024052344,2023-01-03,해당 없음,해당 없음,P3,S1-ii QLD 대체,롤링19년 2006-02-01,19
8844712571.834562,1176000000.0,2053233763.5991244,1176000.0,0.16486519603645267,-0.2896974052000705,-0.2906219708268627,117,30447425.29462737,2018-01-23,4564524005.98839,3429826394.6753807,613372620.0942397,-0.8082480024052342,2023-01-03,해당 없음,해당 없음,P3,S1-ii QLD 대체,롤링19년 2006-03-01,19
8404352826.101854,1180500000.0,1928949783.2093792,1180500.0,0.16087099817925773,-0.289682058722607,-0.2906159631459727,129,31448604.706543982,2018-06-12,4515247829.277827,3392322169.317626,607187484.2230933,-0.8082480024052339,2023-01-03,해당 없음,해당 없음,P3,S1-ii QLD 대체,롤링19년 2006-04-03,19
8024836261.2228155,1176000000.0,1823034360.0434117,1176000.0,0.15743327181327008,-0.2896807597104847,-0.290615475186788,86,27237470.229014754,2018-06-13,4511110286.532265,3391531517.7979546,606653533.8119464,-0.8082480024052343,2023-01-03,해당 없음,해당 없음,P3,S1-ii QLD 대체,롤링19년 2006-05-01,19
8252101391.476887,1176000000.0,1886929856.8229573,1176000.0,0.15958718667472066,-0.28967976255075056,-0.290615101179051,51,22777722.86552608,2018-06-13,4508042251.975475,3392796610.148217,606241561.2188233,-0.8082480024052344,2023-01-03,해당 없음,해당 없음,P3,S1-ii QLD 대체,롤링19년 2006-06-01,19
8556613913.644019,1180500000.0,1971824365.5836215,1180500.0,0.1622496557007127,-0.2896739801599122,-0.2906129315541429,22,20173410.437321544,2018-06-14,4489411743.413369,3380807189.6745462,603886392.021074,-0.8082480024052343,2023-01-03,해당 없음,해당 없음,P3,S1-ii QLD 대체,롤링19년 2006-07-03,19
8882303886.409025,1176000000.0,2064781867.9869695,1176000.0,0.16517143596314166,-0.28967098565250793,-0.2906118127073677,5,16354857.456392527,2018-06-14,4481184789.489933,3378499089.600739,602665803.541485,-0.8082480024052342,2023-01-03,해당 없음,해당 없음,P3,S1-ii QLD 대체,롤링19년 2006-08-01,19
8810801667.842682,1176000000.0,2048460519.994226,1176000.0,0.16460644780838224,-0.2896302687911083,-0.2905968238332095,31,26463800.780102134,2018-07-09,4347388986.915064,3273588063.0450497,586492047.0270422,-0.808248002405234,2023-01-03,해당 없음,해당 없음,P3,S1-ii QLD 대체,롤링19년 2006-09-01,19
9275887030.738503,1180500000.0,2179608363.358223,1180500.0,0.1684149628761614,-0.28961415579554184,-0.29059101333893844,35,27497362.369874597,2018-07-12,4296868000.682534,3234675282.9598236,580253510.5266224,-0.8082480024052341,2023-01-03,해당 없음,해당 없음,P3,S1-ii QLD 대체,롤링19년 2006-10-02,19
9547846931.927425,1176000000.0,2259684006.997758,1176000.0,0.1706628204695648,-0.2895900667551633,-0.290584411044745,91,32298542.248000234,2018-07-18,4213718904.7624116,3169196649.7092147,569960010.0564615,-0.8082480024052341,2023-01-03,해당 없음,해당 없음,P3,S1-ii QLD 대체,롤링19년 2006-11-01,19
9611483882.461708,1176000000.0,2279338992.998052,1176000.0,0.17124455915700956,-0.28956927397508814,-0.2905789197499469,117,35663160.92828271,2018-08-29,4144153224.3848686,3114173132.9366093,561244902.7822405,-0.8082480024052342,2023-01-03,해당 없음,해당 없음,P3,S1-ii QLD 대체,롤링19년 2006-12-01,19
9398849917.75514,1180500000.0,2199914569.018139,1180500.0,0.1693809696431391,-0.28955891640263987,-0.2905762436729641,100,34751370.34417549,2018-08-29,4629390808.0996685,3500457983.926263,556965108.3808544,-0.8082480024052345,2023-01-03,해당 없음,해당 없음,P3,S1-ii QLD 대체,롤링19년 2007-01-03,19
9495165279.628942,1176000000.0,2230707328.781614,1176000.0,0.17025841765732475,-0.2895338898210812,-0.2905696133931568,121,39125187.61590433,2019-04-08,4541905965.913058,3431884124.6378107,546979436.9576353,-0.8082480024052343,2023-01-03,해당 없음,해당 없음,P3,S1-ii QLD 대체,롤링19년 2007-02-01,19
9445444373.083408,1176000000.0,2216852145.51583,1176000.0,0.16991315211838465,-0.2895304414291139,-0.29056868661311896,117,35624210.70460603,2019-04-08,4530243561.675617,3424865307.793759,545635145.795165,-0.8082480024052342,2023-01-03,해당 없음,해당 없음,P3,S1-ii QLD 대체,롤링19년 2007-03-01,19
9312836828.455523,1180500000.0,2179504331.3059444,1180500.0,0.1687319332474002,-0.28951515623712676,-0.2905646471368487,121,36287870.24330017,2019-04-23,4478599909.064717,3385192339.18659,539731695.4767649,-0.8082480024052342,2023-01-03,해당 없음,해당 없음,P3,S1-ii QLD 대체,롤링19년 2007-04-02,19
9901744725.879974,1176000000.0,2349600639.8679643,1176000.0,0.17347055944692613,-0.2894847408545479,-0.2905569480845458,178,42225138.001095,2019-04-24,4377561866.504618,3304124872.565593,528189149.2141309,-0.8082480024052343,2023-01-03,해당 없음,해당 없음,P3,S1-ii QLD 대체,롤링19년 2007-05-01,19
10720717956.581184,1176000000.0,2582642571.527689,1176000.0,0.17957101673016512,-0.2894610203289564,-0.2905512536929621,195,45551135.17048007,2019-05-03,4300318493.275157,3243397311.1804037,519370088.33052015,-0.808248002405234,2023-01-03,해당 없음,해당 없음,P3,S1-ii QLD 대체,롤링19년 2007-06-01,19
10640429611.308065,1180500000.0,2559274937.9334955,1180500.0,0.17888599556092424,-0.2894531325663965,-0.2905494193789785,181,43580003.16633698,2019-07-02,4274941100.085556,3224177988.0849314,516473141.7864505,-0.8082480024052342,2023-01-03,해당 없음,해당 없음,P3,S1-ii QLD 대체,롤링19년 2007-07-02,19
9605806058.8058,1176000000.0,2269001478.604394,1176000.0,0.17114603756647148,-0.2894481553839089,-0.2905482769134533,178,40618395.35464352,2019-07-02,4259042048.897995,3212787594.896596,514653176.2530766,-0.8082480024052343,2023-01-03,해당 없음,해당 없음,P3,S1-ii QLD 대체,롤링19년 2007-08-01,19
9374444968.247473,1180500000.0,2204916488.4514995,1180500.0,0.16917291099847082,-0.2894193224165187,-0.29054188528368474,196,45380898.59365836,2019-07-10,4168259034.4011273,3140834491.8900046,504260801.84727836,-0.8082480024052343,2023-01-03,해당 없음,해당 없음,P3,S1-ii QLD 대체,롤링19년 2007-09-04,19
4393599469.897461,1230000000.0,867503839.6881161,1230000.0,0.10214658558934808,-0.22482367920246837,-0.5089219059056714,1769,109526824.91974321,2015-07-15,1417309384.985602,884009254.0718272,102233469.71659052,-0.9774556918274715,2019-01-02,해당 없음,2000-11-22~2004-01-02,P3,S2 규칙이탈(36개월 매수중단),2000-01~2019-12,fixed
15938268086.922558,1594500000.0,3856691874.14653,1594500.0,0.1327637190398464,-0.2914300929383772,-0.5089219059056714,1769,109526824.91974321,2015-07-15,8116254524.553083,6003835217.928576,926546320.4631765,-0.95921089100594,2023-01-03,해당 없음,2000-11-22~2004-01-02,P3,S2 규칙이탈(36개월 매수중단),2000-01~2026-09,fixed
1121787374.5098684,514500000.0,164683372.6822242,514500.0,0.1790418590575619,-0.2723106880316061,-0.292461641860876,51,35625714.01410182,미도달,264604902.99415445,159207014.39708763,21240112.359118905,-0.8082480024052343,2023-01-03,해당 없음,해당 없음,P3,S2 규칙이탈(36개월 매수중단),2020-01~2026-09,fixed
1625204643.2947786,910500000.0,200566230.72639543,910500.0,0.06790344669302585,-0.22245991705921908,-0.5089219059056714,1769,109526824.91974321,미도달,675458045.9702591,274365476.26740956,64678567.58214455,-0.9995277776331998,2009-01-02,해당 없음,2000-11-22~2004-01-02,P3,S2 규칙이탈(36개월 매수중단),롤링14년 2000-01-03,14
1640199793.4236846,906000000.0,205293636.3893145,906000.0,0.0692721995244417,-0.2264856969179745,-0.5094523010449266,1666,102490030.79003343,미도달,679678385.9350033,280459998.7688761,65145576.20773849,-0.9995277776331998,2009-01-02,해당 없음,2000-11-22~2004-01-02,P3,S2 규칙이탈(36개월 매수중단),롤링14년 2000-02-01,14
1684935169.2778323,906000000.0,218851686.6289078,906000.0,0.07234210208252903,-0.21527780426625553,-0.49136851026184525,1768,105619301.55858496,미도달,667832055.2555248,270060618.64922726,63739883.83963688,-0.9995277776331998,2009-01-02,해당 없음,2000-11-22~2004-01-02,P3,S2 규칙이탈(36개월 매수중단),롤링14년 2000-03-01,14
1667869139.5019796,910500000.0,212912087.42191535,910500.0,0.0708530865078239,-0.21483134060608045,-0.4808138985690945,1775,108673662.99796999,미도달,656766450.0908537,266039775.01528823,62384018.706463605,-0.9993413209414616,2009-01-02,해당 없음,2000-12-15~2004-01-02,P3,S2 규칙이탈(36개월 매수중단),롤링14년 2000-04-03,14
1624238560.721377,906000000.0,200845777.9451939,906000.0,0.06821197411507385,-0.21519110029208055,-0.4485119296618566,1665,100219879.38566476,미도달,663260636.4029268,274585986.2852534,63089958.23079028,-0.9989545728988742,2009-01-02,해당 없음,2000-12-20~2004-01-02,P3,S2 규칙이탈(36개월 매수중단),롤링14년 2000-05-01,14
1660937258.6463263,906000000.0,210387282.1285649,906000.0,0.07073970661554739,-0.21546963061842517,-0.45833774114071346,1607,95172095.18751383,미도달,664230692.5649394,280338317.75544786,63192669.28250504,-0.9989089281795746,2009-01-02,해당 없음,2001-01-02~2004-01-02,P3,S2 규칙이탈(36개월 매수중단),롤링14년 2000-06-01,14
1704024022.1210623,910500000.0,221489009.40764034,910500.0,0.07327277759455422,-0.21483695428334026,-0.4508369302085311,1619,95339852.51998532,미도달,656484340.6417456,276205077.665024,62355363.59575898,-0.9989089281795746,2009-01-02,해당 없음,2001-01-02~2004-01-02,P3,S2 규칙이탈(36개월 매수중단),롤링14년 2000-07-03,14
1711985726.322653,906000000.0,224295272.9612885,906000.0,0.07411595340207192,-0.21477518178444022,-0.4581913563052751,1578,89004793.51236457,미도달,659394358.8637067,281625595.2032912,62671769.046607144,-0.9988646121134095,2009-01-02,해당 없음,2001-01-02~2004-01-02,P3,S2 규칙이탈(36개월 매수중단),롤링14년 2000-08-01,14
1758240263.0246985,906000000.0,237597921.15514794,906000.0,0.07713780153196645,-0.21502199028223168,-0.4230006006238064,1622,91754696.05279326,미도달,647511153.5922337,276615588.2210394,61421726.58360014,-0.9988646121134095,2009-01-02,해당 없음,2001-01-02~2004-01-02,P3,S2 규칙이탈(36개월 매수중단),롤링14년 2000-09-01,14
1729376810.3089967,910500000.0,230710708.00030908,910500.0,0.07493793423823066,-0.2444920448937261,-0.4754722735966227,1590,109416615.41280001,미도달,614616634.9037249,242784502.33725497,57494727.28102234,-0.9979826185234753,2009-01-02,해당 없음,2001-02-28~2005-01-03,P3,S2 규칙이탈(36개월 매수중단),롤링14년 2000-10-02,14
1800777744.6771786,906000000.0,252137255.9287714,906000.0,0.07976109551574616,-0.2580203932826415,-0.492105131574738,1588,108721376.12205577,미도달,607977993.4513068,241071297.68765128,56855992.42836197,-0.9974310077766838,2009-01-02,해당 없음,2001-03-09~2005-01-03,P3,S2 규칙이탈(36개월 매수중단),롤링14년 2000-11-01,14
1948434806.064265,906000000.0,293198946.93171275,906000.0,0.08858909662544119,-0.25905770680704476,-0.4921362229284627,1575,102180594.20854819,미도달,605952877.6421607,248112263.2864359,57198594.85199731,-0.9958217432227864,2009-01-02,해당 없음,2001-03-28~2005-01-03,P3,S2 규칙이탈(36개월 매수중단),롤링14년 2000-12-01,14
1881857270.4088202,906000000.0,273757986.1175327,906000.0,0.08467177149240138,-0.25970929963879186,-0.5039353435194256,1558,98303467.82188618,미도달,595640702.6737565,254072227.05708644,57094028.16256308,-0.9931188712710975,2009-01-02,해당 없음,2001-04-04~2005-01-03,P3,S2 규칙이탈(36개월 매수중단),롤링14년 2001-01-02,14
1826177519.5502884,906000000.0,254807647.68422765,906000.0,0.08133491341152133,-0.23678958039668774,-0.5018725616445823,1617,110891674.08809596,미도달,691950651.8035966,338657269.1200216,54223874.863675915,-0.9921379274077237,2009-01-02,해당 없음,2001-08-30~2005-01-03,P3,S2 규칙이탈(36개월 매수중단),롤링14년 2001-02-01,14
1925517203.8283722,906000000.0,281756009.24861526,906000.0,0.08727471017144713,-0.33726712164237005,-0.5227334344182963,1529,104027598.29500061,미도달,686871204.0999119,335966647.17649317,54068178.300595686,-0.9803192959742859,2009-01-02,해당 없음,2002-05-03~2006-01-03,P3,S2 규칙이탈(36개월 매수중단),롤링14년 2001-03-01,14
1901011781.2555318,910500000.0,272174044.1447661,910500.0,0.08553373887033262,-0.34089811265825976,-0.5395646168665756,1331,91462387.15873063,미도달,698955094.0732298,354467002.9388021,55368726.75047451,-0.9754252559601916,2009-01-02,해당 없음,2002-06-03~2006-01-03,P3,S2 규칙이탈(36개월 매수중단),롤링14년 2001-04-02,14
1854549390.1506078,906000000.0,261628813.5201114,906000.0,0.0830708732568811,-0.33306456948980756,-0.5229346250655104,1538,103144438.1125747,미도달,671256301.5773625,334682191.90112936,52759365.00775184,-0.9754252559601917,2009-01-02,해당 없음,2002-06-03~2006-01-03,P3,S2 규칙이탈(36개월 매수중단),롤링14년 2001-05-01,14
1951584011.2333717,906000000.0,288071117.83449674,906000.0,0.08878024534500484,-0.3484001972730839,-0.5028141525570935,1491,96225003.8009879,미도달,674741238.7205918,342882151.5882696,53312583.62873699,-0.9705445311684794,2009-01-02,해당 없음,2002-06-19~2006-01-03,P3,S2 규칙이탈(36개월 매수중단),롤링14년 2001-06-01,14
1931884443.057685,910500000.0,281121931.839036,910500.0,0.08733334288624141,-0.34757520724796254,-0.47948354956560557,1476,93394852.0780342,미도달,671796085.6827124,343092184.25522,52998239.631200954,-0.9631890345678189,2009-01-02,해당 없음,2002-06-25~2006-01-03,P3,S2 규칙이탈(36개월 매수중단),롤링14년 2001-07-02,14
2045349299.9533513,906000000.0,313277882.82623327,906000.0,0.0939213868252103,-0.35574288397995446,-0.4642796829319642,1436,88887615.7125007,미도달,671680692.8674619,355591370.172979,53937213.19509571,-0.9563445571227456,2009-01-02,해당 없음,2002-07-02~2006-01-03,P3,S2 규칙이탈(36개월 매수중단),롤링14년 2001-08-01,14
1971790844.9194164,910500000.0,289576763.3469739,910500.0,0.08954568758578436,-0.35968223760658136,-0.45334308921445465,708,73992114.94414729,미도달,694169494.633119,374548159.44046193,55889231.52331131,-0.9398672905020786,2009-01-02,해당 없음,2002-07-25~2006-01-03,P3,S2 규칙이탈(36개월 매수중단),롤링14년 2001-09-04,14
1978458474.5487397,906000000.0,292132965.5888232,906000.0,0.09023926561923351,-0.3661175647794842,-0.4604986330411963,363,55107934.757659644,미도달,731392558.7123631,403903692.76907766,58112652.15875754,-0.9398672905020785,2009-01-02,해당 없음,2002-07-25~2006-01-03,P3,S2 규칙이탈(36개월 매수중단),롤링14년 2001-10-01,14
2047031811.5993226,906000000.0,312351965.83741444,906000.0,0.09402512824705297,-0.35778627898060034,-0.4519373530916765,708,70278607.12621169,미도달,681515590.4593028,369834826.5782477,54896685.081351094,-0.9398672905020787,2009-01-02,해당 없음,2002-07-25~2006-01-03,P3,S2 규칙이탈(36개월 매수중단),롤링14년 2001-11-01,14
2042257516.70087,910500000.0,310572856.1366305,910500.0,0.09346464755917776,-0.3542553598868359,-0.451616473568482,1210,74321062.00192548,미도달,661641540.6132027,358042928.32085365,53292378.68731969,-0.9398672905020785,2009-01-02,해당 없음,2002-07-25~2006-01-03,P3,S2 규칙이탈(36개월 매수중단),롤링14년 2001-12-03,14
2029343846.1967916,906000000.0,307530290.0980381,906000.0,0.09304273754594683,-0.35078216048513877,-0.45322528685094166,710,77034833.16254087,미도달,647807366.2590368,364679892.04770505,53248564.549282335,-0.9321178085964502,2009-01-02,해당 없음,2002-08-05~2006-01-03,P3,S2 규칙이탈(36개월 매수중단),롤링14년 2002-01-02,14
2027909638.547753,906000000.0,301682753.234546,906000.0,0.09300016005641788,-0.3522205718910295,-0.4326313908342566,429,72879286.26338215,미도달,722450149.5503389,428659524.40563697,55477226.75867577,-0.9093580728866286,2009-01-02,해당 없음,2002-10-07~2006-01-03,P3,S2 규칙이탈(36개월 매수중단),롤링14년 2002-02-01,14
2070685624.9651651,906000000.0,313258306.19456893,906000.0,0.09527433347286068,-0.35523012529558096,-0.4361418968054721,402,69206131.15094441,미도달,722094477.9904081,433100860.5481864,55380306.920638405,-0.9086618742146708,2009-01-02,해당 없음,2002-10-07~2006-01-03,P3,S2 규칙이탈(36개월 매수중단),롤링14년 2002-03-01,14
1784012204.265656,906000000.0,235422283.70290512,906000.0,0.07871784416922438,-0.34846971169931096,-0.4166200744812574,391,68930003.32706404,미도달,530417686.26306313,273390624.0556824,59169836.73917919,-0.6079748137032314,2012-01-03,해당 없음,2008-10-27~2012-01-03,P3,S2 규칙이탈(36개월 매수중단),롤링14년 2002-04-01,14
1796559302.5279555,906000000.0,238556684.53587443,906000.0,0.07953183207515767,-0.3078037202400309,-0.35831360005982815,337,58524001.54658744,미도달,540175243.9740051,284382841.80615723,59778209.01216726,-0.6079748137032309,2012-01-03,해당 없음,2008-10-27~2012-01-03,P3,S2 규칙이탈(36개월 매수중단),롤링14년 2002-05-01,14
1936440562.9220548,910500000.0,276221878.4676399,910500.0,0.08754677094953106,-0.2580388209745509,-0.28854917480406084,247,45586307.151410535,미도달,554023558.1051996,297971824.665192,60994652.69129545,-0.607974813703231,2012-01-03,해당 없음,2008-10-27~2012-01-03,P3,S2 규칙이탈(36개월 매수중단),롤링14년 2002-06-03,14
1922255783.6662126,906000000.0,272862732.69258714,906000.0,0.08703528937083718,-0.2147924596241465,-0.24188562356852628,66,30030514.850319803,미도달,573102114.5930085,316760417.8654751,62455732.33103302,-0.6079748137032308,2012-01-03,해당 없음,2008-10-27~2012-01-03,P3,S2 규칙이탈(36개월 매수중단),롤링14년 2002-07-01,14
1999749497.7052999,906000000.0,293889695.4886446,906000.0,0.09145870304219936,-0.21460954626310946,-0.24114933506399705,17,14066543.169134319,미도달,592519592.6914757,335241624.5675867,64080230.99940694,-0.6079748137032315,2012-01-03,해당 없음,2008-10-27~2012-01-03,P3,S2 규칙이탈(36개월 매수중단),롤링14년 2002-08-01,14
2010754378.2831545,910500000.0,295830337.0995371,910500.0,0.09171436032489974,-0.21455310285838824,-0.24144765770368515,18,14326964.503968477,미도달,585113067.1262871,331647557.9940982,63409335.35887004,-0.6079748137032324,2012-01-03,해당 없음,2008-10-27~2012-01-03,P3,S2 규칙이탈(36개월 매수중단),롤링14년 2002-09-03,14
1982717340.0565283,906000000.0,289182038.65255064,906000.0,0.09045600436254449,-0.21461366252555159,-0.2416282490922098,8,12608207.846390784,미도달,580796468.0392772,330882490.1157884,63012192.61786473,-0.6079748137032317,2012-01-03,해당 없음,2008-10-27~2012-01-03,P3,S2 규칙이탈(36개월 매수중단),롤링14년 2002-10-01,14
1964138963.0649097,906000000.0,284826357.4935931,906000.0,0.08940236382477249,-0.2154362708781674,-0.24281413182095846,41,17185769.26404175,미도달,551171007.4889495,306857419.08648455,60818019.442323774,-0.607974813703231,2012-01-03,해당 없음,2008-10-27~2012-01-03,P3,S2 규칙이탈(36개월 매수중단),롤링14년 2002-11-01,14
1964029090.986738,910500000.0,283929260.2020287,910500.0,0.08913110451494384,-0.21601788744188988,-0.24374270481439986,104,24690985.166394144,미도달,536174958.4260138,292047507.5520218,59388220.38192132,-0.6079748137032313,2012-01-03,해당 없음,2008-10-27~2012-01-03,P3,S2 규칙이탈(36개월 매수중단),롤링14년 2002-12-02,14
2092250379.1984365,906000000.0,320942017.8161672,906000.0,0.09642012966220219,-0.21576089642252283,-0.24328337549110934,39,12996586.143284857,미도달,543984743.1599267,304728527.8913746,60119063.4013297,-0.6079748137032315,2012-01-03,해당 없음,2008-10-27~2012-01-03,P3,S2 규칙이탈(36개월 매수중단),롤링14년 2003-01-02,14
2089378083.3904161,910500000.0,317029385.78425175,910500.0,0.09594304956540833,-0.21554394891599282,-0.24296988086513427,10,5207638.91793558,미도달,599347436.7667757,351642670.32805765,60585765.65908532,-0.6079748137032323,2012-01-03,해당 없음,2008-10-27~2012-01-03,P3,S2 규칙이탈(36개월 매수중단),롤링14년 2003-02-03,14
2193601827.607626,910500000.0,346444972.5710421,910500.0,0.10136476187593149,-0.21568313939406003,-0.243171058798326,2,1480725.6865376234,미도달,596085666.6593372,349747187.1749379,60284284.76343012,-0.6079748137032321,2012-01-03,해당 없음,2008-10-27~2012-01-03,P3,S2 규칙이탈(36개월 매수중단),롤링14년 2003-03-03,14
2093393337.6518767,906000000.0,320139443.5168628,906000.0,0.09647164105060356,-0.2162937119536147,-0.24430734109142005,4,3553653.5911939144,미도달,568504544.544255,329700229.725988,58491468.80426347,-0.6079748137032308,2012-01-03,해당 없음,2008-10-27~2012-01-03,P3,S2 규칙이탈(36개월 매수중단),롤링14년 2003-04-01,14
2130858261.7058837,906000000.0,331081612.5526412,906000.0,0.09849339916292223,-0.2166554460326775,-0.24504798542111828,3,1362746.9368589818,미도달,544282503.6612803,312004858.5060169,57377018.465268716,-0.6079748137032321,2012-01-03,해당 없음,2008-10-27~2012-01-03,P3,S2 규칙이탈(36개월 매수중단),롤링14년 2003-05-01,14
2141697501.9808211,910500000.0,333350436.715809,910500.0,0.09873152167895871,-0.21708402622567335,-0.24592619758426815,21,8556591.33127883,미도달,521682241.3126056,295855974.17319185,56152276.681880064,-0.6079748137032317,2012-01-03,해당 없음,2008-10-27~2012-01-03,P3,S2 규칙이탈(36개월 매수중단),롤링14년 2003-06-02,14
2110302608.757221,906000000.0,326077701.0665296,906000.0,0.09736598541637181,-0.21725563905059564,-0.24627802559932632,22,10065159.733737856,미도달,513846381.9068727,290927653.21938026,55681713.79621322,-0.6079748137032308,2012-01-03,해당 없음,2008-10-27~2012-01-03,P3,S2 규칙이탈(36개월 매수중단),롤링14년 2003-07-01,14
2135028847.3196669,906000000.0,333569121.07023853,906000.0,0.09863844267675326,-0.2174367787677196,-0.2466494901306946,25,11745279.42920518,미도달,504755068.38139695,284898230.36082405,55200489.67990903,-0.6079748137032324,2012-01-03,해당 없음,2008-10-27~2012-01-03,P3,S2 규칙이탈(36개월 매수중단),롤링14년 2003-08-01,14
2130767833.3611145,910500000.0,332094531.0944745,910500.0,0.09815303277709383,-0.21784674968077167,-0.24749061227046532,59,20480830.854037225,미도달,489386445.8662709,272409613.9322422,54171571.80162621,-0.6079748137032311,2012-01-03,해당 없음,2008-10-27~2012-01-03,P3,S2 규칙이탈(36개월 매수중단),롤링14년 2003-09-02,14
2180379741.5997133,906000000.0,346930902.0332418,906000.0,0.10097855843975329,-0.21782985158754553,-0.24745593248169173,48,15453254.545302093,미도달,489931798.9147557,275010434.0690309,54213170.08193405,-0.6079748137032321,2012-01-03,해당 없음,2008-10-27~2012-01-03,P3,S2 규칙이탈(36개월 매수중단),롤링14년 2003-10-01,14
2171718754.4964156,910500000.0,344596503.1147109,910500.0,0.10022934348704389,-0.21829762085696347,-0.24850541660258108,128,27773624.03320539,미도달,469613505.76593864,259517195.23224556,52908741.23450203,-0.6079748137032324,2012-01-03,해당 없음,2008-10-27~2012-01-03,P3,S2 규칙이탈(36개월 매수중단),롤링14년 2003-11-03,14
2162268132.9763837,906000000.0,343436092.0760537,906000.0,0.10002904116501848,-0.21850045943781315,-0.24896642236148914,137,30266396.783150703,미도달,461979210.78452224,255221063.6482808,52365366.98918254,-0.6079748137032319,2012-01-03,해당 없음,2008-10-27~2012-01-03,P3,S2 규칙이탈(36개월 매수중단),롤링14년 2003-12-01,14
2133452068.1848176,906000000.0,335559467.98629844,906000.0,0.09860440843596972,-0.2187185491145246,-0.249462218956226,345,33048665.07859978,2017-12-18,454080951.39829284,250742405.15764275,51802575.03419565,-0.6079748137032325,2012-01-03,해당 없음,2008-10-27~2012-01-03,P3,S2 규칙이탈(36개월 매수중단),롤링14년 2004-01-02,14
2280545052.321719,910500000.0,374090929.9159612,910500.0,0.10561644896953591,-0.21898241067078106,-0.24987337375268837,345,32358675.922502935,2018-01-08,721282410.2843437,491843775.445267,51381944.00018495,-0.6079748137032327,2012-01-03,해당 없음,2008-10-27~2012-01-03,P3,S2 규칙이탈(36개월 매수중단),롤링14년 2004-02-02,14
2217790572.7478976,906000000.0,357845729.36476845,906000.0,0.10285301700381737,-0.2194416247806168,-0.25058605097645403,430,34228478.49109316,2018-01-12,711501829.356006,485583410.9157042,50681373.10279256,-0.6079748137032324,2012-01-03,해당 없음,2008-10-27~2012-01-03,P3,S2 규칙이탈(36개월 매수중단),롤링14년 2004-03-01,14
2113393046.2217185,906000000.0,327837850.048746,906000.0,0.09759000679881616,-0.2192240766608179,-0.25024844838819094,134,26739891.324131936,2018-01-09,716026703.873261,491275403.8103298,51011320.85366484,-0.6079748137032316,2012-01-03,해당 없음,2008-10-27~2012-01-03,P3,S2 규칙이탈(36개월 매수중단),롤링14년 2004-04-01,14
2133620694.9885805,910500000.0,332164626.83689976,910500.0,0.0983184168830811,-0.21943565012436295,-0.2505767797014906,129,25147088.17466843,2018-01-12,711429343.0360326,490293592.6811339,50686663.982892334,-0.6079748137032321,2012-01-03,해당 없음,2008-10-27~2012-01-03,P3,S2 규칙이탈(36개월 매수중단),롤링14년 2004-05-03,14
2206860242.3725176,906000000.0,354528582.4815337,906000.0,0.10229510608228325,-0.21980863556804475,-0.25118909984037885,135,26439253.70726806,2018-01-17,702589756.8273468,482590245.30104506,50097384.63629314,-0.6079748137032315,2012-01-03,해당 없음,2008-10-27~2012-01-03,P3,S2 규칙이탈(36개월 매수중단),롤링14년 2004-06-01,14
2262229323.3199873,906000000.0,370322513.4638378,906000.0,0.10505655387979965,-0.21993359006066915,-0.2515052855662935,135,26373124.641673982,2018-01-17,695852861.8972836,477810696.3933091,49786183.639093876,-0.6079748137032313,2012-01-03,해당 없음,2008-10-27~2012-01-03,P3,S2 규칙이탈(36개월 매수중단),롤링14년 2004-07-01,14
2354451473.405358,910500000.0,394548526.2179851,910500.0,0.10916194169247127,-0.2199318871856889,-0.2515009760709961,123,21813459.88704154,2018-01-17,695842137.9250466,481480817.75326943,49791507.87526713,-0.6079748137032317,2012-01-03,해당 없음,2008-10-27~2012-01-03,P3,S2 규칙이탈(36개월 매수중단),롤링14년 2004-08-02,14
2456566827.702945,906000000.0,424344603.99371684,906000.0,0.11402270831643047,-0.21996884258335136,-0.25159450298380415,72,18603649.66873175,2018-01-19,693850653.8527851,482105323.07959574,49703012.28448536,-0.607974813703231,2012-01-03,해당 없음,2008-10-27~2012-01-03,P3,S2 규칙이탈(36개월 매수중단),롤링14년 2004-09-01,14
2404397783.325253,906000000.0,410564969.70506036,906000.0,0.11175105345339495,-0.2202858355366144,-0.25239702354281734,135,24783036.11799553,2018-01-23,675375319.2811978,467639918.74842536,48955325.06986623,-0.6079748137032321,2012-01-03,해당 없음,2008-10-27~2012-01-03,P3,S2 규칙이탈(36개월 매수중단),롤링14년 2004-10-01,14
2244781388.283107,906000000.0,365673699.1087497,906000.0,0.10414929852782415,-0.22036245672222476,-0.25259107421495786,129,22764763.33916232,2018-01-23,670959735.8464547,464476199.3637541,48780337.13823567,-0.6079748137032324,2012-01-03,해당 없음,2008-10-27~2012-01-03,P3,S2 규칙이탈(36개월 매수중단),롤링14년 2004-11-01,14
2208866550.0379624,906000000.0,355905308.6087492,906000.0,0.10238694414297006,-0.22051516599838938,-0.2529554541835777,129,22992915.888637275,2018-06-12,661893753.950541,457301006.17250144,48448879.05465376,-0.6079748137032317,2012-01-03,해당 없음,2008-10-27~2012-01-03,P3,S2 규칙이탈(36개월 매수중단),롤링14년 2004-12-01,14
2034798405.9377773,910500000.0,299145355.5947099,910500.0,0.09304350035505132,-0.26300301575186336,-0.2672402640958076,129,22073662.50989464,2018-06-14,723497899.8953017,474334448.59018,66813565.613105066,-0.48118249787727363,2019-01-02,해당 없음,2008-10-27~2012-01-03,P3,S2 규칙이탈(36개월 매수중단),롤링14년 2005-01-03,14
2183462151.813444,906000000.0,341813610.57380354,906000.0,0.10109058150580533,-0.2215735940922403,-0.25305629343631275,59,15288936.204958886,2018-06-13,726877583.2272084,480492005.7942627,67046089.22371604,-0.48118249787727396,2019-01-02,해당 없음,2008-10-27~2012-01-03,P3,S2 규칙이탈(36개월 매수중단),롤링14년 2005-02-01,14
2267735957.783876,906000000.0,365566252.56249124,906000.0,0.10530364023299202,-0.22155500554096552,-0.25326302611204377,55,13413479.207807451,2018-06-14,722707551.7199947,478706839.7642221,66741436.14679872,-0.48118249787727385,2019-01-02,해당 없음,2008-10-27~2012-01-03,P3,S2 규칙이탈(36개월 매수중단),롤링14년 2005-03-01,14
2360121150.641062,906000000.0,391337724.07174456,906000.0,0.10973036116218766,-0.2215549505396509,-0.2532532486619774,25,8790455.810910821,2018-06-14,722883388.561361,481315708.2320685,66738642.77595985,-0.4811824978772741,2019-01-02,해당 없음,2008-10-27~2012-01-03,P3,S2 규칙이탈(36개월 매수중단),롤링14년 2005-04-01,14
2522649530.44688,910500000.0,435583459.0290377,910500.0,0.11673583375608695,-0.22155626893377067,-0.25322848966050315,4,3978167.0344287753,2018-06-14,723268695.1519523,484183101.9948183,66758290.910894215,-0.48118249787727385,2019-01-02,해당 없음,2008-10-27~2012-01-03,P3,S2 규칙이탈(36개월 매수중단),롤링14년 2005-05-02,14
2322078457.962619,906000000.0,381670977.2973662,906000.0,0.10788546343509732,-0.22144661072720928,-0.25454199552270085,51,15230442.072035283,2018-07-09,698217110.4492865,461753952.00349265,65009745.3445578,-0.48118249787727385,2019-01-02,해당 없음,2008-10-27~2012-01-03,P3,S2 규칙이탈(36개월 매수중단),롤링14년 2005-06-01,14
2433048146.012187,906000000.0,412954838.1941612,906000.0,0.11306783950754429,-0.22141698043275382,-0.2548927620010585,51,14701883.708689451,2018-07-10,692028545.9270734,459754594.34228766,64546315.11780168,-0.4811824978772741,2019-01-02,해당 없음,2008-10-27~2012-01-03,P3,S2 규칙이탈(36개월 매수중단),롤링14년 2005-07-01,14
2493880694.799195,906000000.0,431000226.21376467,906000.0,0.1156872763977732,-0.22177446889658448,-0.25593825050172125,104,22518176.518247128,2018-07-13,674778270.4098554,443867435.1365728,63292474.86153187,-0.4811824978772734,2019-01-02,해당 없음,2008-10-27~2012-01-03,P3,S2 규칙이탈(36개월 매수중단),롤링14년 2005-08-01,14
2494097583.8659406,906000000.0,431056640.3995235,906000.0,0.11571630755624912,-0.2218874413473938,-0.2562253449920566,96,21382988.04029107,2018-07-18,670050365.9260358,441905211.46193266,62939458.29974589,-0.4811824978772735,2019-01-02,해당 없음,2008-10-27~2012-01-03,P3,S2 규칙이탈(36개월 매수중단),롤링14년 2005-09-01,14
2420929682.342103,910500000.0,409562460.5564864,910500.0,0.11219290093601578,-0.2221674333918624,-0.2569375045961688,126,24926648.047703207,2018-08-27,658871032.9443561,433345424.6103909,62118244.208859056,-0.48118249787727374,2019-01-02,해당 없음,2008-10-27~2012-01-03,P3,S2 규칙이탈(36개월 매수중단),롤링14년 2005-10-03,14
2509582011.9539676,906000000.0,435691563.5682741,906000.0,0.1163553613036659,-0.22219589066117107,-0.25700993365798286,96,21221443.92680055,2018-08-29,657659669.9127505,434259734.6056559,62023282.836865045,-0.48118249787727363,2019-01-02,해당 없음,2008-10-27~2012-01-03,P3,S2 규칙이탈(36개월 매수중단),롤링14년 2005-11-01,14
2581292611.452024,906000000.0,456849180.5542225,906000.0,0.1194699339733602,-0.22274498788828512,-0.25822122793501323,224,31429325.808992267,2018-10-03,636341220.6679523,416179573.9843992,60540699.533168025,-0.48118249787727374,2019-01-02,해당 없음,2008-10-27~2012-01-03,P3,S2 규칙이탈(36개월 매수중단),롤링14년 2005-12-01,14
2696424250.8131156,910500000.0,486526352.39332783,910500.0,0.12393804980648611,-0.222718872677671,-0.2581674210348692,182,26259718.127823293,2018-10-03,995210880.2761294,733922671.8421413,60596823.022518985,-0.4811824978772735,2019-01-02,해당 없음,2008-10-27~2012-01-03,P3,S2 규칙이탈(36개월 매수중단),롤링14년 2006-01-03,14
2768407487.4431057,906000000.0,508013108.81819445,906000.0,0.12701500691726877,-0.22276540770710707,-0.25826329956110317,104,22950692.84600371,2019-04-08,992790999.0286617,732563416.4579761,60472062.59895927,-0.4811824978772735,2019-01-02,해당 없음,2008-10-27~2012-01-03,P3,S2 규칙이탈(36개월 매수중단),롤링14년 2006-02-01,14
2605545755.0627,906000000.0,462206237.3117548,906000.0,0.12048575988770589,-0.23539097915303164,-0.25867213044488213,117,23418749.106690884,2019-04-18,982720531.1420693,726181391.1685731,59950725.587675795,-0.4811824978772741,2019-01-02,해당 없음,2008-10-27~2012-01-03,P3,S2 규칙이탈(36개월 매수중단),롤링14년 2006-03-01,14
2288186948.6068664,910500000.0,371639487.1678757,910500.0,0.10599145393819981,-0.3222194172424864,-0.3244304031609374,129,24509309.607975423,2019-04-23,971511818.5103313,717767914.5809433,59374978.06552576,-0.48118249787727363,2019-01-02,해당 없음,2008-10-27~2012-01-03,P3,S2 규칙이탈(36개월 매수중단),롤링14년 2006-04-03,14
2538421975.2318993,906000000.0,443267012.69972867,906000.0,0.11760626232342267,-0.28951021232708585,-0.29056335490180896,86,20302868.702983677,2019-04-23,970805439.4867609,719227193.6805696,59334790.02338803,-0.48118249787727374,2019-01-02,해당 없음,2008-10-27~2012-01-03,P3,S2 규칙이탈(36개월 매수중단),롤링14년 2006-05-01,14
2732746813.4061627,906000000.0,497843247.8654014,906000.0,0.12568732698510388,-0.2895095739656136,-0.2905631911282084,51,15843775.377825916,2019-04-23,970412756.7820733,722134269.2400689,59307167.458929,-0.48118249787727385,2019-01-02,해당 없음,2008-10-27~2012-01-03,P3,S2 규칙이탈(36개월 매수중단),롤링14년 2006-06-01,14
2794042197.3373013,910500000.0,513787631.1227106,910500.0,0.12780971456956905,-0.2895046389719407,-0.29056192615730836,22,13270265.156695187,2019-04-23,966359766.9491308,721026851.7741314,59094561.763667226,-0.48118249787727374,2019-01-02,해당 없음,2008-10-27~2012-01-03,P3,S2 규칙이탈(36개월 매수중단),롤링14년 2006-07-03,14
2941150267.7468286,906000000.0,556168184.9737235,906000.0,0.13357941689951575,-0.28950238566723097,-0.29056135317745746,5,9462784.926164806,2019-04-23,965858111.3815181,724282598.7444631,58997338.185160205,-0.48118249787727363,2019-01-02,해당 없음,2008-10-27~2012-01-03,P3,S2 규칙이탈(36개월 매수중단),롤링14년 2006-08-01,14
3152098766.3186717,906000000.0,616932088.2565767,906000.0,0.1410491498531047,-0.2894669822506659,-0.2905526585351761,28,19943976.26808536,2019-05-03,932069225.9055083,696467435.7680964,57497834.403383344,-0.4811824978772743,2019-01-02,해당 없음,2008-10-27~2012-01-03,P3,S2 규칙이탈(36개월 매수중단),롤링14년 2006-09-01,14
2910299302.5152545,910500000.0,547724844.2661686,910500.0,0.13224179065016625,-0.2894531443401601,-0.2905494234549998,59,21124790.25249675,2019-07-02,920172685.4508971,687158350.1318667,56922952.94571811,-0.48118249787727385,2019-01-02,해당 없음,2008-10-27~2012-01-03,P3,S2 규칙이탈(36개월 매수중단),롤링14년 2006-10-02,14
2677884751.548086,906000000.0,483889242.81498575,906000.0,0.12342881176472834,-0.2894298816290064,-0.2905441877089566,102,26175462.87041399,2019-07-03,900669181.3995554,670717753.4088994,55970308.38756307,-0.4811824978772734,2019-01-02,해당 없음,2008-10-27~2012-01-03,P3,S2 규칙이탈(36개월 매수중단),롤링14년 2006-11-01,14
2892332190.419124,906000000.0,544684930.7683934,906000.0,0.1317615860661618,-0.2894098493356898,-0.29053987839911954,118,29753829.184061795,2019-07-12,884971092.8176607,657143742.8498884,55164190.43977538,-0.4811824978772741,2019-01-02,해당 없음,2008-10-27~2012-01-03,P3,S2 규칙이탈(36개월 매수중단),롤링14년 2006-12-01,14
2989530452.474705,906000000.0,572184822.6431992,906000.0,0.13534577394365793,-0.2893999790553874,-0.2905378200681532,114,28932996.54076785,2019-07-15,877659852.9151162,652808167.8406137,54771815.565483615,-0.48118249787727396,2019-01-02,해당 없음,2008-10-27~2012-01-03,P3,S2 규칙이탈(36개월 매수중단),롤링14년 2007-01-03,14
2997642302.24047,906000000.0,564464643.0789003,906000.0,0.1356764064093101,-0.2893763399691319,-0.2905330594590383,176,33536173.768925995,2019-11-01,1174567443.0783794,926983734.5819061,53845285.58669338,-0.48118249787727374,2019-01-02,해당 없음,2008-10-27~2012-01-03,P3,S2 규칙이탈(36개월 매수중단),롤링14년 2007-02-01,14
3037791226.739506,906000000.0,575769971.9333601,906000.0,0.13717990024082105,-0.28937333866469983,-0.29053247073083543,168,30061985.148806095,2019-11-01,1171866829.032211,926408887.837518,53729229.344226755,-0.48118249787727363,2019-01-02,해당 없음,2008-10-27~2012-01-03,P3,S2 규칙이탈(36개월 매수중단),롤링14년 2007-03-01,14
3173816762.1533775,910500000.0,613144649.7132736,910500.0,0.14163878468097077,-0.28935917596876004,-0.29052974850649005,169,30856235.098050922,2019-11-12,1158930151.9002366,915857926.143666,53184679.362160966,-0.4811824978772741,2019-01-02,해당 없음,2008-10-27~2012-01-03,P3,S2 규칙이탈(36개월 매수중단),롤링14년 2007-04-02,14
3198395515.0516214,906000000.0,622006050.0372041,906000.0,0.14266339335331696,-0.28933040517579334,-0.29052439615242276,221,37044376.655362576,2019-11-19,1133196136.6724107,891705712.5324496,52102739.184683524,-0.4811824978772741,2019-01-02,해당 없음,2008-10-27~2012-01-03,P3,S2 규칙이탈(36개월 매수중단),롤링14년 2007-05-01,14
3163089922.9591365,906000000.0,612524959.4399316,906000.0,0.14156863662835248,-0.28930768962950293,-0.29052007400439783,302,40559448.12529275,2019-11-26,1113703870.3068137,874499262.0902925,51281943.72358151,-0.48118249787727374,2019-01-02,해당 없음,2008-10-27~2012-01-03,P3,S2 규칙이탈(36개월 매수중단),롤링14년 2007-06-01,14
3332592765.785774,910500000.0,659153727.8751357,910500.0,0.1469174521893993,-0.28930014507820445,-0.29051867878906534,288,38649221.404691905,2019-11-27,1107336029.3178563,869285506.0344334,51013392.92855838,-0.48118249787727363,2019-01-02,해당 없음,2008-10-27~2012-01-03,P3,S2 규칙이탈(36개월 매수중단),롤링14년 2007-07-02,14
3455449829.7341604,906000000.0,695103023.2400119,906000.0,0.1510133412332126,-0.28929546904690073,-0.2905178278506859,247,35724615.40019634,2019-11-27,1103437425.3491745,866600690.6680455,50847800.68123208,-0.48118249787727385,2019-01-02,해당 없음,2008-10-27~2012-01-03,P3,S2 규칙이탈(36개월 매수중단),롤링14년 2007-08-01,14
3565488282.010343,910500000.0,725479724.6996142,910500.0,0.15410382838488335,-0.28926781276788605,-0.2905130179221811,302,40694526.55793789,2019-12-19,1080519809.2642999,845832749.409843,49877726.49033039,-0.48118249787727396,2019-01-02,해당 없음,2008-10-27~2012-01-03,P3,S2 규칙이탈(36개월 매수중단),롤링14년 2007-09-04,14
3360009943.00187,906000000.0,669131295.3744956,906000.0,0.14795367678253463,-0.2892473808895777,-0.290509452727126,391,42981054.272009134,2019-12-26,1064011251.2361088,830793812.442972,49184259.18205757,-0.48118249787727385,2019-01-02,해당 없음,2008-10-27~2012-01-03,P3,S2 규칙이탈(36개월 매수중단),롤링14년 2007-10-01,14
3587715351.4326696,906000000.0,733521943.7106409,906000.0,0.15507487077960974,-0.28923549044674846,-0.2905069200046969,391,42221943.33961412,2020-01-02,1055025774.1202432,821975566.0111244,48807842.09505127,-0.48118249787727396,2019-01-02,해당 없음,2008-10-27~2012-01-03,P3,S2 규칙이탈(36개월 매수중단),롤링14년 2007-11-01,14
3630054896.8572264,910500000.0,743792068.8536804,910500.0,0.15607150666474542,-0.2892485981963818,-0.2905097133173302,302,40045564.452370554,2019-12-26,1057485277.4562614,839884959.1127987,49222723.54387876,-0.4811824978772735,2019-01-02,해당 없음,2008-11-19~2012-01-03,P3,S2 규칙이탈(36개월 매수중단),롤링14년 2007-12-03,14
3770481807.963842,906000000.0,784893999.0307124,906000.0,0.16033438512383463,-0.28923421822764117,-0.2905066504324477,310,39888261.23281562,2020-01-02,1046605408.3127337,831780514.8832192,48766820.00430243,-0.4811824978772741,2019-01-02,해당 없음,2008-11-19~2012-01-03,P3,S2 규칙이탈(36개월 매수중단),롤링14년 2008-01-02,14
3605369673.365787,906000000.0,727090712.8407121,906000.0,0.15549682514301477,-0.2892446723878598,-0.29050887377896883,204,31849218.804540098,2019-12-26,1418340707.6152282,1194241739.9643962,49097262.236620665,-0.4811824978772741,2019-01-02,해당 없음,2008-11-20~2012-01-03,P3,S2 규칙이탈(36개월 매수중단),롤링14년 2008-02-01,14
3526227507.559745,910500000.0,703090620.8740478,910500.0,0.15300033939250712,-0.289253538462651,-0.2905106175804514,154,24288297.379502624,2019-12-26,1427502751.3135774,1206538772.3227568,49386957.81568302,-0.48118249787727363,2019-01-02,해당 없음,2008-11-20~2012-01-03,P3,S2 규칙이탈(36개월 매수중단),롤링14년 2008-03-03,14
3547007907.525402,906000000.0,711507987.9619,906000.0,0.15381039386405834,-0.2892088390348706,-0.2905013273095147,221,33501971.634956837,2020-01-08,1383868442.197231,1164494732.2869217,47978260.48307541,-0.4811824978772741,2019-01-02,해당 없음,2008-11-20~2012-01-03,P3,S2 규칙이탈(36개월 매수중단),롤링14년 2008-04-01,14
3256918743.1293774,906000000.0,630804538.8556991,906000.0,0.14467793994841202,-0.28916643888018,-0.2904926702422107,389,41302216.77746537,2020-01-21,1344395893.9096456,1126836942.526778,46705524.026519455,-0.48118249787727374,2019-01-02,해당 없음,2008-11-20~2012-01-03,P3,S2 규칙이탈(36개월 매수중단),롤링14년 2008-05-01,14
3176652510.1593113,910500000.0,607411256.9342551,910500.0,0.14175131607343658,-0.2891464986257498,-0.2904887006889424,403,42353829.49120149,2020-01-30,1326322907.711567,1110658613.6539214,46127560.25132938,-0.48118249787727374,2019-01-02,해당 없음,2008-11-20~2012-01-03,P3,S2 규칙이탈(36개월 매수중단),롤링14년 2008-06-02,14
3269561782.787735,906000000.0,631336716.00249,906000.0,0.14505231042785985,-0.2892474244355234,-0.2905094621351738,205,37693932.14613977,2019-12-26,1424549371.7114596,1226294315.756946,49182550.75460728,-0.48118249787727385,2019-01-02,해당 없음,2009-03-09~2013-01-02,P3,S2 규칙이탈(36개월 매수중단),롤링14년 2008-07-01,14
3521498159.5167584,906000000.0,701799039.0048931,906000.0,0.1531116733537602,-0.2892603428665125,-0.29051172627271715,152,29499445.090621322,2019-12-23,1438548969.9212036,1241848774.7898662,49619094.75437863,-0.4811824978772742,2019-01-02,해당 없음,2009-03-09~2013-01-02,P3,S2 규칙이탈(36개월 매수중단),롤링14년 2008-08-01,14
3474399241.2257657,910500000.0,687319570.5127481,910500.0,0.15139566089484946,-0.28923430609609435,-0.29050666924904966,236,42865808.024955004,2020-01-02,1438429912.4934192,1230581729.4513214,48766308.96313977,-0.48118249787727374,2019-01-02,해당 없음,해당 없음,P3,S2 규칙이탈(36개월 매수중단),롤링14년 2008-09-02,14
3380955241.5707254,906000000.0,662256387.8277284,906000.0,0.14864189907322992,-0.2892401423919264,-0.29050790835803264,203,36218767.671351016,2020-01-02,1440620872.3475697,1242026192.0585124,48950299.46325415,-0.48118249787727385,2019-01-02,해당 없음,해당 없음,P3,S2 규칙이탈(36개월 매수중단),롤링14년 2008-10-01,14
3572824861.238735,910500000.0,713505837.2720942,910500.0,0.1543695304645628,-0.2892931215591813,-0.29051738216056455,32,16087758.473730922,2019-12-06,1493796461.28045,1304428454.1868062,50762216.75137643,-0.48118249787727363,2019-01-02,해당 없음,해당 없음,P3,S2 규칙이탈(36개월 매수중단),롤링14년 2008-11-03,14
3618875347.574062,906000000.0,726714577.661664,906000.0,0.15595082980610303,-0.2893071106627787,-0.29051994482030996,9,7563154.269209266,2019-11-26,1516484321.6392071,1332459034.369333,51258131.16640601,-0.48118249787727374,2019-01-02,해당 없음,해당 없음,P3,S2 규칙이탈(36개월 매수중단),롤링14년 2008-12-01,14
3223523339.701839,906000000.0,617243230.935489,906000.0,0.1435362566209532,-0.2906371327700169,-0.30004683852333114,37,17310630.1316337,2019-12-24,1450781739.232195,1271008901.840284,49454058.81082508,-0.48118249787727396,2019-01-02,해당 없음,해당 없음,P3,S2 규칙이탈(36개월 매수중단),롤링14년 2009-01-02,14
3533912641.3380904,910500000.0,692793657.5254856,910500.0,0.1531988880039277,-0.2892691810016823,-0.2905132145702194,9,11546279.108711243,2019-12-19,1924389073.7616622,1460907447.5362866,454432294.8866416,-0.8082480024052339,2023-01-03,해당 없음,해당 없음,P3,S2 규칙이탈(36개월 매수중단),롤링14년 2009-02-02,14
3582617814.803169,910500000.0,706213635.2542562,910500.0,0.15474158711340447,-0.2892748357571182,-0.2905141802777067,5,9029245.825149268,2019-12-12,1937962622.4052866,1475734391.492071,456167400.46693397,-0.8082480024052343,2023-01-03,해당 없음,해당 없음,P3,S2 규칙이탈(36개월 매수중단),롤링14년 2009-03-02,14
3706404283.403493,906000000.0,744346754.94308,906000.0,0.15853821969130277,-0.2892178441798222,-0.2905032040924288,2,5640268.18969506,2020-01-06,1846633685.2814817,1398978394.333345,439622616.19118035,-0.8082480024052344,2023-01-03,해당 없음,해당 없음,P3,S2 규칙이탈(36개월 매수중단),롤링14년 2009-04-01,14
3719828103.239024,906000000.0,749548003.2849184,906000.0,0.15902647418906363,-0.2891724169423239,-0.29049387271296767,5,6775501.524480313,2020-01-21,1780186445.6350327,1343330041.9738216,427457237.6871562,-0.8082480024052342,2023-01-03,해당 없음,해당 없음,P3,S2 규칙이탈(36개월 매수중단),롤링14년 2009-05-01,14
3777086295.906864,906000000.0,766995494.578923,906000.0,0.16056300205570018,-0.2891301783968614,-0.29048550041907284,6,6598856.745306551,2020-02-04,1728922719.0290465,1300452983.3985267,416626634.3625722,-0.8082480024052343,2023-01-03,해당 없음,해당 없음,P3,S2 규칙이탈(36개월 매수중단),롤링14년 2009-06-01,14
3996886658.4254856,906000000.0,829535734.0572999,906000.0,0.1666422308605289,-0.2891096195551698,-0.29048153204790994,7,7191709.800858408,2020-02-05,1705491107.780654,1281819321.4797263,411512599.64669853,-0.8082480024052341,2023-01-03,해당 없음,해당 없음,P3,S2 규칙이탈(36개월 매수중단),롤링14년 2009-07-01,14
3890178048.8113694,910500000.0,799837699.529701,910500.0,0.1635402050939223,-0.28903491958131144,-0.2904526969665938,1,778387.06050089,2020-02-19,1640993608.593918,1226444390.3767247,398017027.4418748,-0.8082480024052342,2023-01-03,해당 없음,해당 없음,P3,S2 규칙이탈(36개월 매수중단),롤링14년 2009-08-03,14
3916492260.3691993,906000000.0,809171682.8550646,906000.0,0.1644298284804459,-0.289000630948435,-0.2904396499093388,3,2518954.884924829,2020-07-20,1613939110.1697466,1206294077.6086035,392047746.61585164,-0.8082480024052342,2023-01-03,해당 없음,해당 없음,P3,S2 규칙이탈(36개월 매수중단),롤링14년 2009-09-01,14
3689194825.51498,906000000.0,745332747.6967654,906000.0,0.15807137958892883,-0.2889885306787473,-0.29043506318587153,1,308691.308691293,2020-07-20,1604078705.086082,1197838294.775264,389983878.55586463,-0.8082480024052342,2023-01-03,해당 없음,해당 없음,P3,S2 규칙이탈(36개월 매수중단),롤링14년 2009-10-01,14
3618008113.355519,910500000.0,724733065.8049954,910500.0,0.1557563238890667,-0.2889514851382885,-0.29042168061417517,1,308691.3086912632,2020-08-03,1575252721.5943604,1175214340.2766533,383607418.2020376,-0.8082480024052342,2023-01-03,해당 없음,해당 없음,P3,S2 규칙이탈(36개월 매수중단),롤링14년 2009-11-02,14
3725949335.764247,906000000.0,758196040.776059,906000.0,0.15908850612086411,-0.2888818234142164,-0.29039738036652585,19,8813016.29193762,2020-08-18,1520064287.621697,1129459309.2663965,371953598.1619966,-0.8082480024052342,2023-01-03,해당 없음,해당 없음,P3,S2 규칙이탈(36개월 매수중단),롤링14년 2009-12-01,14
3865912148.2322345,910500000.0,791937518.3752512,910500.0,0.16281305140787466,-0.2888348776300985,-0.2903808871400029,48,13091541.612303674,2020-08-24,2241974745.8338475,1643561571.8058212,364518744.7692498,-0.8082480024052343,2023-01-03,해당 없음,해당 없음,P3,S2 규칙이탈(36개월 매수중단),롤링14년 2010-01-04,14
4085888175.171064,906000000.0,854912207.324138,906000.0,0.16894022515264598,-0.2888438352074637,-0.2903840057794942,11,6586655.208745927,2020-08-21,2251053092.8256397,1655660418.7311988,365907022.34046125,-0.8082480024052342,2023-01-03,해당 없음,해당 없음,P3,S2 규칙이탈(36개월 매수중단),롤링14년 2010-02-01,14
4218989574.170282,906000000.0,893255864.3243583,906000.0,0.1724012419647812,-0.2888035523596759,-0.29037036902776026,7,3330242.394978225,2020-08-26,2210642674.1078396,1622592618.8695774,359586749.83344424,-0.8082480024052341,2023-01-03,해당 없음,해당 없음,P3,S2 규칙이탈(36개월 매수중단),롤링14년 2010-03-01,14
4283939229.896208,906000000.0,912601788.3471086,906000.0,0.17416027302919446,-0.28875270402868414,-0.29035412444371134,22,8541163.943199843,2020-08-31,2160319096.0972395,1580495676.516798,351695351.2279236,-0.8082480024052342,2023-01-03,해당 없음,해당 없음,P3,S2 규칙이탈(36개월 매수중단),롤링14년 2010-04-01,14
4126189326.894129,910500000.0,867650989.7089721,910500.0,0.1698386901186031,-0.28871177548654015,-0.29034274251525694,63,11862542.679020882,2020-09-01,2119115166.76423,1546868276.1512127,345217874.52616405,-0.8082480024052341,2023-01-03,해당 없음,해당 없음,P3,S2 규칙이탈(36개월 매수중단),롤링14년 2010-05-03,14
4350675816.065974,906000000.0,932219318.7003359,906000.0,0.17566890910492483,-0.2887084112004741,-0.29034259151598496,22,7808236.089435816,2020-09-01,2114794042.146111,1548852117.8214414,344506872.76674366,-0.8082480024052341,2023-01-03,해당 없음,해당 없음,P3,S2 규칙이탈(36개월 매수중단),롤링14년 2010-06-01,14
4563937890.601644,906000000.0,991966300.9621915,906000.0,0.18089733766107055,-0.28871849652835646,-0.29034398883413814,3,894447.9231242537,2020-09-01,2127266476.19345,1563032176.1273599,346366979.1694357,-0.8082480024052341,2023-01-03,해당 없음,해당 없음,P3,S2 규칙이탈(36개월 매수중단),롤링14년 2010-07-01,14
4340564520.315861,910500000.0,929017140.4580173,910500.0,0.17527461073860842,-0.2886675805349814,-0.29034086492185895,30,8315389.78271082,2020-09-02,2062230805.0801213,1507844697.4449391,336308577.7485973,-0.8082480024052343,2023-01-03,해당 없음,해당 없음,P3,S2 규칙이탈(36개월 매수중단),롤링14년 2010-08-02,14
4400124688.202314,906000000.0,946970910.5343027,906000.0,0.17690443589074922,-0.2886668233880272,-0.2903408340502468,1,308691.308691293,2021-02-04,2061612032.3900824,1510588502.0564227,336148770.0708023,-0.808248002405234,2023-01-03,해당 없음,해당 없음,P3,S2 규칙이탈(36개월 매수중단),롤링14년 2010-09-01,14
4333800680.378452,906000000.0,929809577.786189,906000.0,0.17524648472811974,-0.28861607399374467,-0.29033905115411396,3,5885278.16303882,2021-04-01,1992980177.5395064,1455101678.2455792,326434073.9068385,-0.8082480024052343,2023-01-03,해당 없음,해당 없음,P3,S2 규칙이탈(36개월 매수중단),롤링14년 2010-10-01,14
4374149848.050172,906000000.0,942770712.7922242,906000.0,0.1762201327381611,-0.2885688299180418,-0.29033776908215014,18,12611300.77511093,2021-04-09,1934701638.0217128,1408182236.5361276,317805596.5585403,-0.8082480024052343,2023-01-03,해당 없음,해당 없음,P3,S2 규칙이탈(36개월 매수중단),롤링14년 2010-11-01,14
4572213938.005565,906000000.0,999946998.7920334,906000.0,0.1810171552740309,-0.288519261013896,-0.2903368376369666,32,19138278.075192362,2021-06-10,1879478336.6261678,1364185941.9242692,309135513.63519746,-0.8082480024052341,2023-01-03,해당 없음,해당 없음,P3,S2 규칙이탈(36개월 매수중단),롤링14년 2010-12-01,14
4629488920.495129,910500000.0,997976404.3610268,910500.0,0.18211204555244936,-0.28848140122985155,-0.29033641870122073,37,22799076.726485282,2021-06-21,2121859287.9071488,1571601709.7200634,302776330.22978276,-0.8082480024052342,2023-01-03,해당 없음,해당 없음,P3,S2 규칙이탈(36개월 매수중단),롤링14년 2011-01-03,14
4630011479.255499,906000000.0,1000361466.1416676,906000.0,0.1822736582273996,-0.28845080801033507,-0.29033627389760497,65,24693063.98772061,2021-06-28,2085808269.5344453,1542206617.9956992,297790945.95743114,-0.8082480024052342,2023-01-03,해당 없음,해당 없음,P3,S2 규칙이탈(36개월 매수중단),롤링14년 2011-02-01,14
4522846501.105942,906000000.0,970913425.3312083,906000.0,0.1798495993275412,-0.28842370620483837,-0.29033629792949656,103,25588846.48194596,2021-07-01,2054669681.2137694,1518624040.5945172,293473006.0506373,-0.8082480024052343,2023-01-03,해당 없음,해당 없음,P3,S2 규칙이탈(36개월 매수중단),롤링14년 2011-03-01,14
4314759548.494159,906000000.0,912350440.2563992,906000.0,0.17479572105252456,-0.2884153457607386,-0.2903363295960184,38,22714908.16205737,2021-07-02,2045200627.8198395,1512026364.9381993,292161237.5090757,-0.8082480024052341,2023-01-03,해당 없음,해당 없음,P3,S2 규칙이탈(36개월 매수중단),롤링14년 2011-04-01,14
4134957703.4425445,910500000.0,861186176.3548079,910500.0,0.17010684729646258,-0.2883868853380678,-0.290336556334036,98,23815326.805330575,2021-07-07,2013473955.1766858,1486632061.1658058,287772814.0918766,-0.8082480024052342,2023-01-03,해당 없음,해당 없음,P3,S2 규칙이탈(36개월 매수중단),롤링14년 2011-05-02,14
4197706615.7078843,906000000.0,880111044.7258058,906000.0,0.17189610640419722,-0.28838258800887595,-0.2903366030265484,37,19974689.512699306,2021-07-07,2008760980.4374044,1485593291.02735,287105785.8847102,-0.808248002405234,2023-01-03,해당 없음,해당 없음,P3,S2 규칙이탈(36개월 매수중단),롤링14년 2011-06-01,14
4291343327.4589267,906000000.0,907154834.078227,906000.0,0.17422479980445643,-0.28835878838524354,-0.29033694038354274,37,20018035.79218462,2021-07-12,1982895754.9410644,1465330710.3682268,283525924.32081,-0.8082480024052342,2023-01-03,해당 없음,해당 없음,P3,S2 규칙이탈(36개월 매수중단),롤링14년 2011-07-01,14
4497429911.218869,906000000.0,965156880.6699855,906000.0,0.1792242578835786,-0.28835771711360114,-0.2903369525160133,32,15833206.485087425,2021-07-12,1981668468.938647,1465669502.4097507,283363181.46114635,-0.8082480024052341,2023-01-03,해당 없음,해당 없음,P3,S2 규칙이탈(36개월 매수중단),롤링14년 2011-08-01,14
4607885585.513369,906000000.0,995569563.0357867,906000.0,0.1818977478314863,-0.2883729593810129,-0.2903367158235244,3,3546211.779962063,2021-07-07,1998898031.1603942,1483940539.450195,285620094.3866343,-0.8082480024052344,2023-01-03,해당 없음,해당 없음,P3,S2 규칙이탈(36개월 매수중단),롤링14년 2011-09-01,14
4857571593.554941,910500000.0,1065533573.6950239,910500.0,0.18728642597271009,-0.28834026927629863,-0.2903371681348331,1,308691.308691293,2021-07-23,1965298174.2262657,1459150178.529815,280757369.6057007,-0.8082480024052342,2023-01-03,해당 없음,해당 없음,P3,S2 규칙이탈(36개월 매수중단),롤링14년 2011-10-03,14
4911227071.029584,906000000.0,1084072738.8029475,906000.0,0.18860531614387763,-0.28824952391529146,-0.2903164724307331,6,4258404.113854408,2021-08-13,1893069203.1275332,1398913559.3612907,271054991.1605673,-0.8082480024052339,2023-01-03,해당 없음,해당 없음,P3,S2 규칙이탈(36개월 매수중단),롤링14년 2011-11-01,14
4935258079.328959,906000000.0,1091780958.5326934,906000.0,0.18924271496095937,-0.2881998079286059,-0.29030544021202065,4,1969419.9302988648,2021-08-30,1856622246.6150117,1370734307.760042,265955894.58764836,-0.8082480024052342,2023-01-03,해당 없음,해당 없음,P3,S2 규칙이탈(36개월 매수중단),롤링14년 2011-12-01,14
4776588397.988009,910500000.0,1038175140.3065773,910500.0,0.18546732027582183,-0.28814815103173563,-0.29029851191187683,1,308691.3086913228,2021-10-28,2110612071.810503,1563968922.00955,260302309.4806221,-0.8082480024052342,2023-01-03,해당 없음,해당 없음,P3,S2 규칙이탈(36개월 매수중단),롤링14년 2012-01-03,14
4786605432.566888,906000000.0,1043921472.3787768,906000.0,0.18588794796817443,-0.28808536210871816,-0.29029772524885855,4,3658198.9834622443,2021-11-02,2048284265.8765788,1510856051.6239452,252869208.55072752,-0.8082480024052341,2023-01-03,해당 없음,해당 없음,P3,S2 규칙이탈(36개월 매수중단),롤링14년 2012-02-01,14
4671306403.405375,906000000.0,1012807997.9852304,906000.0,0.1833790868612663,-0.2880290881143909,-0.2902983085023513,28,9633988.971223146,2021-11-04,1996877568.070463,1467212297.94443,246407795.7743479,-0.8082480024052341,2023-01-03,해당 없음,해당 없음,P3,S2 규칙이탈(36개월 매수중단),롤링14년 2012-03-01,14
4543322008.946896,910500000.0,976997769.8397839,910500.0,0.1802045994303854,-0.28795460118550864,-0.2902900935736592,94,16592750.661210328,2021-12-27,1940045080.1233487,1419887685.3032079,239269157.64929554,-0.8082480024052341,2023-01-03,해당 없음,해당 없음,P3,S2 규칙이탈(36개월 매수중단),롤링14년 2012-04-02,14
4898605223.172108,906000000.0,1078701636.5942638,906000.0,0.1884020046241505,-0.2879370120362207,-0.29028781529538383,68,14428990.657815725,2021-12-27,1927341220.2507772,1412087183.6957161,237661409.6794906,-0.8082480024052343,2023-01-03,해당 없음,해당 없음,P3,S2 규칙이탈(36개월 매수중단),롤링14년 2012-05-01,14
5425138936.46984,906000000.0,1226569627.4640765,906000.0,0.19938815409880878,-0.28795953280912845,-0.2902908060581819,11,6216541.157536477,2021-12-27,1943498597.6063244,1430915752.9226496,239662968.12183577,-0.8082480024052339,2023-01-03,해당 없음,해당 없음,P3,S2 규칙이탈(36개월 매수중단),롤링14년 2012-06-01,14
5302505189.060795,910500000.0,1192005621.8109946,910500.0,0.1967324534147599,-0.2878919391461173,-0.2902820967050447,59,11469205.004546255,2023-05-18,1895446669.8383622,1390380529.4794137,233635733.0853392,-0.8082480024052341,2023-01-03,해당 없음,해당 없음,P3,S2 규칙이탈(36개월 매수중단),롤링14년 2012-07-02,14
4768665657.234512,906000000.0,1043045628.3603386,906000.0,0.18550823488922033,-0.2878681444376635,-0.2902791478536393,57,10163239.129979342,2023-05-26,1878971047.094104,1378384700.056126,231562157.11513555,-0.8082480024052342,2023-01-03,해당 없음,해당 없음,P3,S2 규칙이탈(36개월 매수중단),롤링14년 2012-08-01,14
4629949579.029375,910500000.0,1004129569.1091077,910500.0,0.1821345634836018,-0.28778661374662606,-0.29026942241667975,78,16666027.46353817,2023-06-12,1824365083.4063668,1332559286.1325796,224716536.11785153,-0.808248002405234,2023-01-03,해당 없음,해당 없음,P3,S2 규칙이탈(36개월 매수중단),롤링14년 2012-09-04,14
3095110566.343503,1180500000.0,515210956.6344358,1180500.0,0.08283967838584663,-0.2713358027386583,-0.5089219059056714,1769,109526824.91974321,2015-07-15,1417309384.985602,884009254.0718272,102233469.71659052,-0.9774556918274715,2019-01-02,해당 없음,2000-11-22~2004-01-02,P3,S2 규칙이탈(36개월 매수중단),롤링19년 2000-01-03,19
3324515921.7162166,1176000000.0,580271107.6736095,1176000.0,0.08872048951632398,-0.2264856969179745,-0.5094523010449266,1666,102490030.79003343,2015-07-14,1424127674.9293883,892685625.4506242,102578212.82562977,-0.9774556918274713,2019-01-02,해당 없음,2000-11-22~2004-01-02,P3,S2 규칙이탈(36개월 매수중단),롤링19년 2000-02-01,19
3430499307.2548466,1176000000.0,611377123.9066256,1176000.0,0.09127075554830838,-0.22475010545081398,-0.49136851026184525,1768,105619301.55858496,2015-07-16,1404019274.230702,874892636.9333065,101479983.67760275,-0.9774556918274714,2019-01-02,해당 없음,2000-11-22~2004-01-02,P3,S2 규칙이탈(36개월 매수중단),롤링19년 2000-03-01,19
3593197303.700312,1180500000.0,656482946.9277749,1180500.0,0.09482806488276208,-0.2246393412214267,-0.4808138985690945,1775,108673662.99796999,2015-07-17,1384531103.7161,863627308.845058,100359029.82048348,-0.9685540865353301,2019-01-02,해당 없음,2000-12-15~2004-01-02,P3,S2 규칙이탈(36개월 매수중단),롤링19년 2000-04-03,19
3822047763.246719,1176000000.0,721079450.8830504,1176000.0,0.09986861315456824,-0.22469200187990446,-0.4485119296618566,1665,100219879.38566476,2015-07-17,1394996454.6301653,876034961.66527,100886028.06301485,-0.9500903972435863,2019-01-02,해당 없음,2000-12-20~2004-01-02,P3,S2 규칙이탈(36개월 매수중단),롤링19년 2000-05-01,19
3577060290.5953436,1176000000.0,651144589.7175546,1176000.0,0.09459772097915307,-0.22469602422858004,-0.45833774114071346,1607,95172095.18751383,2015-07-17,1396266960.468385,882450386.334439,100924533.38713862,-0.9479112784836835,2019-01-02,해당 없음,2001-01-02~2004-01-02,P3,S2 규칙이탈(36개월 매수중단),롤링19년 2000-06-01,19
3848121596.2906575,1180500000.0,726710869.6451375,1180500.0,0.10028124447949498,-0.2246291202619537,-0.4508369302085311,1619,95339852.51998532,2015-07-17,1383473618.2058694,873937779.1028323,100253296.45569623,-0.9479112784836833,2019-01-02,해당 없음,2001-01-02~2004-01-02,P3,S2 규칙이탈(36개월 매수중단),롤링19년 2000-07-03,19
3920413117.3939896,1176000000.0,747561249.6681741,1176000.0,0.10186945237246166,-0.22465156798592822,-0.4581913563052751,1578,89004793.51236457,2015-07-17,1388064212.8389258,881132901.1323313,100475902.83245555,-0.94579559078471,2019-01-02,해당 없음,2001-01-02~2004-01-02,P3,S2 규칙이탈(36개월 매수중단),롤링19년 2000-08-01,19
3898721825.1923146,1176000000.0,741992521.2089436,1176000.0,0.10144256262911985,-0.2245485912224574,-0.4230006006238064,1622,91754696.05279326,2015-07-20,1368530760.1923873,869494061.5798091,99458147.22137754,-0.9457955907847104,2019-01-02,해당 없음,2001-01-02~2004-01-02,P3,S2 규칙이탈(36개월 매수중단),롤링19년 2000-09-01,19
3765588463.6858225,1180500000.0,706510122.4610412,1180500.0,0.09856557961999592,-0.2444920448937261,-0.4754722735966227,1590,109416615.41280001,2016-08-22,1313518361.7840517,814833124.6254113,96522816.80849569,-0.9036884465754984,2019-01-02,해당 없음,2001-02-28~2005-01-03,P3,S2 규칙이탈(36개월 매수중단),롤링19년 2000-10-02,19
3837212051.1497116,1176000000.0,728134716.0188165,1176000.0,0.10016057080200295,-0.2580203932826415,-0.492105131574738,1588,108721376.12205577,2016-10-21,1302765628.6175237,809676189.666421,95975394.55570033,-0.8773540678140491,2019-01-02,해당 없음,2001-03-09~2005-01-03,P3,S2 규칙이탈(36개월 매수중단),롤링19년 2000-11-01,19
4046618205.963023,1176000000.0,786509633.5747751,1176000.0,0.10438994896862841,-0.25905770680704476,-0.4921362229284627,1575,102180594.20854819,2016-10-21,1302431555.9206681,818881445.1655709,96197789.3915392,-0.8005263726753797,2019-01-02,해당 없음,2001-03-28~2005-01-03,P3,S2 규칙이탈(36개월 매수중단),롤링19년 2000-12-01,19
4131291656.5246544,1176000000.0,809769789.918191,1176000.0,0.1059977627405592,-0.25970929963879186,-0.5039353435194256,1558,98303467.82188618,2016-10-21,1290963362.3842483,824477428.2280116,96041589.77588558,-0.6714889053426754,2019-01-02,해당 없음,2001-04-04~2005-01-03,P3,S2 규칙이탈(36개월 매수중단),롤링19년 2001-01-02,19
4235555110.4927435,1176000000.0,839466960.280011,1176000.0,0.1079453194350645,-0.23678958039668774,-0.5018725616445823,1617,110891674.08809596,2016-11-15,1806227005.2607527,1288578949.3284698,93756002.60548271,-0.6246577886683433,2019-01-02,해당 없음,2001-08-30~2005-01-03,P3,S2 규칙이탈(36개월 매수중단),롤링19년 2001-02-01,19
4011872579.138528,1176000000.0,775266047.7697519,1176000.0,0.10370860651637702,-0.33726712164237005,-0.5227334344182963,1529,104027598.29500061,2016-11-15,1800739998.9738007,1284975317.840886,93723906.85676767,-0.48118249787727396,2019-01-02,해당 없음,2002-05-03~2006-01-03,P3,S2 규칙이탈(36개월 매수중단),롤링19년 2001-03-01,19
3514196451.624038,1180500000.0,631998912.2124119,1180500.0,0.09305344303239349,-0.34100685079861304,-0.5395646168665756,1331,91462387.15873063,2016-11-09,1824351537.2453089,1314720055.902947,94672958.31139323,-0.48118249787727385,2019-01-02,해당 없음,2002-06-03~2006-01-03,P3,S2 규칙이탈(36개월 매수중단),롤링19년 2001-04-02,19
3893457955.7959294,1176000000.0,742033920.0870118,1176000.0,0.101317251016604,-0.33306456948980756,-0.5229346250655104,1538,103144438.1125747,2016-11-17,1771087595.3107219,1271644285.4134686,92564643.9709489,-0.4811824978772733,2019-01-02,해당 없음,2002-06-03~2006-01-03,P3,S2 규칙이탈(36개월 매수중단),롤링19년 2001-05-01,19
4210417935.3392406,1176000000.0,830383816.8428577,1176000.0,0.1075281834222101,-0.3484001972730839,-0.5028141525570935,1491,96225003.8009879,2016-11-16,1779619173.1920242,1284703688.43361,92980645.15335922,-0.4811824978772735,2019-01-02,해당 없음,2002-06-19~2006-01-03,P3,S2 규칙이탈(36개월 매수중단),롤링19년 2001-06-01,19
4277531494.614977,1180500000.0,847965281.5419223,1180500.0,0.10863605561008066,-0.34757520724796254,-0.47948354956560557,1476,93394852.0780342,2016-11-17,1773259008.0605133,1282074913.4872284,92698655.79392444,-0.4811824978772735,2019-01-02,해당 없음,2002-06-25~2006-01-03,P3,S2 규칙이탈(36개월 매수중단),롤링19년 2001-07-02,19
4567760508.036957,1176000000.0,929789659.8139094,1176000.0,0.11387663169018644,-0.35574288397995446,-0.4642796829319642,1436,88887615.7125007,2016-11-15,1781686674.3797922,1302779029.599236,93402693.07936393,-0.48118249787727385,2019-01-02,해당 없음,2002-07-02~2006-01-03,P3,S2 규칙이탈(36개월 매수중단),롤링19년 2001-08-01,19
4966453280.901574,1180500000.0,1038868772.2725351,1180500.0,0.1202790516190935,-0.35968223760658136,-0.45334308921445465,708,73992114.94414729,2016-11-09,1822909595.776066,1339106236.1581168,94947559.34664124,-0.48118249787727363,2019-01-02,해당 없음,2002-07-25~2006-01-03,P3,S2 규칙이탈(36개월 매수중단),롤링19년 2001-09-04,19
4770724544.6314125,1176000000.0,983911175.9768033,1176000.0,0.11727385921713318,-0.3661175647794842,-0.4604986330411963,363,55107934.757659644,2016-08-19,1881838357.7065709,1388374861.1894252,96738120.8850433,-0.48118249787727385,2019-01-02,해당 없음,2002-07-25~2006-01-03,P3,S2 규칙이탈(36개월 매수중단),롤링19년 2001-10-01,19
4389485919.015629,1176000000.0,877826315.3890991,1176000.0,0.11076631279077023,-0.35778627898060034,-0.4519373530916765,708,70278607.12621169,2016-11-15,1800085718.5271153,1325595995.884977,94108575.6288219,-0.48118249787727385,2019-01-02,해당 없음,2002-07-25~2006-01-03,P3,S2 규칙이탈(36개월 매수중단),롤링19년 2001-11-01,19
4808875943.800466,1180500000.0,995978290.6456428,1180500.0,0.11778530515506676,-0.3542553598868359,-0.451616473568482,1210,74321062.00192548,2016-11-17,1764369958.5133717,1299469417.1647737,92801998.7525107,-0.48118249787727385,2019-01-02,해당 없음,2002-07-25~2006-01-03,P3,S2 규칙이탈(36개월 매수중단),롤링19년 2001-12-03,19
4923989543.542768,1176000000.0,1029086728.3828838,1176000.0,0.11973516935781553,-0.35078216048513877,-0.45322528685094166,710,77034833.16254087,2016-11-17,1749181587.7331285,1305390740.1104875,92689196.43117009,-0.4811824978772734,2019-01-02,해당 없음,2002-08-05~2006-01-03,P3,S2 규칙이탈(36개월 매수중단),롤링19년 2002-01-02,19
5102633595.748251,1176000000.0,1058238283.1283954,1176000.0,0.12254344928952685,-0.3522205718910295,-0.4326313908342566,429,72879286.26338215,2016-11-09,2328547042.152853,1844580456.814168,94385227.69800088,-0.48118249787727385,2019-01-02,해당 없음,2002-10-07~2006-01-03,P3,S2 규칙이탈(36개월 매수중단),롤링19년 2002-02-01,19
5173969657.95342,1176000000.0,1077924720.199368,1176000.0,0.12366799869651131,-0.35523012529558096,-0.4361418968054721,402,69206131.15094441,2016-11-09,2326067426.19432,1847404419.3363173,94260210.50974463,-0.4811824978772741,2019-01-02,해당 없음,2002-10-07~2006-01-03,P3,S2 규칙이탈(36개월 매수중단),롤링19년 2002-03-01,19
4717476940.92641,1176000000.0,957026062.6879101,1176000.0,0.11640762459578104,-0.34846971169931096,-0.4166200744812574,391,68930003.32706404,2017-05-01,1938899040.3660855,1493684483.3795764,82784847.62827672,-0.48118249787727363,2019-01-02,해당 없음,2008-10-27~2012-01-03,P3,S2 규칙이탈(36개월 매수중단),롤링19년 2002-04-01,19
4986977847.135233,1176000000.0,1032198964.733057,1176000.0,0.12075101290010373,-0.3078037202400309,-0.35831360005982815,337,58524001.54658744,2017-04-26,1963627833.209611,1518917019.5292354,83665507.39875413,-0.48118249787727363,2019-01-02,해당 없음,2008-10-27~2012-01-03,P3,S2 규칙이탈(36개월 매수중단),롤링19년 2002-05-01,19
5060669006.250254,1180500000.0,1050578726.5415013,1180500.0,0.1217783244833713,-0.2901109574148889,-0.29085299445427426,247,45586307.151410535,2017-03-01,1998979279.2990909,1552647640.3891573,84928668.02515167,-0.48118249787727396,2019-01-02,해당 없음,2008-10-27~2012-01-03,P3,S2 규칙이탈(36개월 매수중단),롤링19년 2002-06-03,19
5431101612.978059,1176000000.0,1154905860.6984293,1176000.0,0.12738171213035926,-0.29025352230048784,-0.2909810958982634,66,30030514.850319803,2017-02-17,2046802460.186984,1598298510.1144996,86617772.67054546,-0.48118249787727374,2019-01-02,해당 없음,2008-10-27~2012-01-03,P3,S2 규칙이탈(36개월 매수중단),롤링19년 2002-07-01,19
5800564134.584439,1176000000.0,1257445800.9538522,1176000.0,0.1324957376972975,-0.2904042387235498,-0.2911172594176864,17,14066543.169134319,2016-12-20,2096317115.7616825,1644735097.6138642,88387124.39057985,-0.48118249787727385,2019-01-02,해당 없음,2008-10-27~2012-01-03,P3,S2 규칙이탈(36개월 매수중단),롤링19년 2002-08-01,19
6051091521.493209,1180500000.0,1327246605.1988566,1180500.0,0.13562974481134307,-0.29033912592264655,-0.29105816447964117,18,14326964.503968477,2016-12-27,2076329191.5833569,1629933827.648851,87647204.76549079,-0.4811824978772741,2019-01-02,해당 없음,2008-10-27~2012-01-03,P3,S2 규칙이탈(36개월 매수중단),롤링19년 2002-09-03,19
5732432953.480054,1176000000.0,1238797404.7472034,1176000.0,0.1315527328663412,-0.29030359411873863,-0.29102627403608505,8,12608207.846390784,2016-12-27,2064492867.670823,1622621282.0079908,87205035.96455383,-0.48118249787727396,2019-01-02,해당 없음,2008-10-27~2012-01-03,P3,S2 규칙이탈(36개월 매수중단),롤링19년 2002-10-01,19
5998269903.007438,1176000000.0,1315712802.931027,1176000.0,0.13509999243416443,-0.29010082894793765,-0.2908447294407577,41,17185769.26404175,2017-03-01,1992512194.6453798,1559636041.9330168,84716455.43223307,-0.48118249787727374,2019-01-02,해당 없음,2008-10-27~2012-01-03,P3,S2 규칙이탈(36개월 매수중단),롤링19년 2002-11-01,19
5892270558.324919,1180500000.0,1285647600.152163,1180500.0,0.133599091260123,-0.2900406577481004,-0.2907994068844213,104,24690985.166394144,2017-04-28,1949191781.3872461,1518831233.5969577,83052467.44787157,-0.4811824978772741,2019-01-02,해당 없음,2008-10-27~2012-01-03,P3,S2 규칙이탈(36개월 매수중단),롤링19년 2002-12-02,19
6253965602.893727,1176000000.0,1388056111.5169806,1176000.0,0.13827255841699798,-0.29007276644332014,-0.29082297381821764,39,12996586.143284857,2017-03-03,1973167104.9917016,1546881010.4269595,84002328.5405281,-0.4811824978772735,2019-01-02,해당 없음,2008-10-27~2012-01-03,P3,S2 규칙이탈(36개월 매수중단),롤링19년 2003-01-02,19
6037586969.650336,1180500000.0,1306904815.0269053,1180500.0,0.13544088627077427,-0.2900912146554052,-0.29083732506898474,10,5207638.91793558,2017-03-03,2602218207.31178,2155918143.2825427,84465402.0513495,-0.48118249787727385,2019-01-02,해당 없음,2008-10-27~2012-01-03,P3,S2 규칙이탈(36개월 매수중단),롤링19년 2003-02-03,19
5779980651.543128,1180500000.0,1234410201.294277,1180500.0,0.13211540176513328,-0.2900791350619,-0.29082795303979725,2,1480725.6865376234,2017-03-03,2591680994.779122,2147377015.7085707,84159364.25118953,-0.48118249787727385,2019-01-02,해당 없음,2008-10-27~2012-01-03,P3,S2 규칙이탈(36개월 매수중단),롤링19년 2003-03-03,19
5804246371.319731,1176000000.0,1244817292.3829186,1176000.0,0.13252708130429633,-0.29000670677585183,-0.2907779419600611,4,3553653.5911939144,2017-05-25,2505673933.9674683,2073038616.3806455,81697484.45076026,-0.48118249787727374,2019-01-02,해당 없음,2008-10-27~2012-01-03,P3,S2 규칙이탈(36개월 매수중단),롤링19년 2003-04-01,19
5350818126.072002,1176000000.0,1118292692.845368,1176000.0,0.12625774552011795,-0.289964825376696,-0.2907516840228067,3,1362746.9368589818,2017-06-02,2442627715.9665985,2019144750.4624488,80058379.45025897,-0.4811824978772741,2019-01-02,해당 없음,2008-10-27~2012-01-03,P3,S2 규칙이탈(36개월 매수중단),롤링19년 2003-05-01,19
5160273856.893481,1180500000.0,1064901191.9149007,1180500.0,0.12331866041942524,-0.2899127409734156,-0.2907175661699697,21,8556591.33127883,2017-08-07,2377248803.2645283,1963121185.0514436,78250450.0396941,-0.48118249787727363,2019-01-02,해당 없음,2008-10-27~2012-01-03,P3,S2 규칙이탈(36개월 매수중단),롤링19년 2003-06-02,19
4970964225.837855,1176000000.0,1013498465.540382,1176000.0,0.12050268376452926,-0.2898973474690112,-0.29070932569359254,22,10065159.733737856,2017-08-09,2352872552.17292,1942873997.5303545,77545071.18418783,-0.4811824978772741,2019-01-02,해당 없음,2008-10-27~2012-01-03,P3,S2 규칙이탈(36개월 매수중단),롤링19년 2003-07-01,19
5265880971.1364355,1176000000.0,1097602869.6739435,1176000.0,0.12502779149881607,-0.2898839780364798,-0.29070336404756836,25,11745279.42920518,2017-09-13,2326937149.319584,1921167730.149057,76824790.67955376,-0.48118249787727385,2019-01-02,해당 없음,2008-10-27~2012-01-03,P3,S2 규칙이탈(36개월 매수중단),롤링19년 2003-08-01,19
5172976473.748415,1180500000.0,1072077848.499166,1180500.0,0.12349800375856479,-0.2898539220103564,-0.2906895138679012,59,20480830.854037225,2017-10-05,2275741355.6553917,1875102777.6845813,75294971.5610974,-0.48118249787727374,2019-01-02,해당 없음,2008-10-27~2012-01-03,P3,S2 규칙이탈(36개월 매수중단),롤링19년 2003-09-02,19
5020184937.491719,1176000000.0,1029744772.6926681,1176000.0,0.121258372874061,-0.28985491990386125,-0.2906899691183118,48,15453254.545302093,2017-10-02,2277464295.1316757,1879229570.8643231,75345504.32116723,-0.4811824978772741,2019-01-02,해당 없음,2008-10-27~2012-01-03,P3,S2 규칙이탈(36개월 매수중단),롤링19년 2003-10-01,19
5013006449.297338,1180500000.0,1029062308.7394643,1180500.0,0.1210310896153769,-0.28981536231125915,-0.29067194235602434,128,27773624.03320539,2017-11-03,2211577677.059845,1820975000.7871592,73400487.8920725,-0.4811824978772735,2019-01-02,해당 없음,2008-10-27~2012-01-03,P3,S2 규칙이탈(36개월 매수중단),롤링19년 2003-11-03,19
4979125596.211123,1176000000.0,1021516191.2944456,1176000.0,0.12061622369864214,-0.2897980046902193,-0.2906640287713551,137,30266396.783150703,2017-12-15,2184669716.614012,1798978992.6824422,72578253.16679321,-0.4811824978772742,2019-01-02,해당 없음,2008-10-27~2012-01-03,P3,S2 규칙이탈(36개월 매수중단),롤링19년 2003-12-01,19
4529449512.076076,1176000000.0,895460034.7210811,1176000.0,0.11324044522179406,-0.2967686490349206,-0.3033741060783237,345,33048665.07859978,2017-12-18,2156844311.4436946,1776154227.5148244,71728497.40386826,-0.48118249787727385,2019-01-02,해당 없음,2008-10-27~2012-01-03,P3,S2 규칙이탈(36개월 매수중단),롤링19년 2004-01-02,19
4895739675.330107,1180500000.0,983082354.9578402,1180500.0,0.11919012660859499,-0.28977071430218015,-0.290651959083542,345,32358675.922502935,2018-01-08,2787101929.0220227,2017799693.1956773,644004815.8994541,-0.8082480024052341,2023-01-03,해당 없음,2008-10-27~2012-01-03,P3,S2 규칙이탈(36개월 매수중단),롤링19년 2004-02-02,19
4951084077.933324,1176000000.0,1000740813.2103374,1176000.0,0.12020570687009892,-0.2897557407600566,-0.29064577966744976,430,34228478.49109316,2018-01-12,2756882254.537585,1995731302.3451154,637590309.5239018,-0.8082480024052343,2023-01-03,해당 없음,2008-10-27~2012-01-03,P3,S2 규칙이탈(36개월 매수중단),롤링19년 2004-03-01,19
5267618394.885653,1176000000.0,1089098147.9622397,1176000.0,0.12501911461498366,-0.2897625397843493,-0.2906485778746076,134,26739891.324131936,2018-01-09,2770641041.2208643,2009292945.5155988,640485433.6776869,-0.808248002405234,2023-01-03,해당 없음,2008-10-27~2012-01-03,P3,S2 규칙이탈(36개월 매수중단),롤링19년 2004-04-01,19
5346964876.446398,1180500000.0,1110366451.3986144,1180500.0,0.12608630754783962,-0.2897553369320094,-0.2906456181555448,129,25147088.17466843,2018-01-12,2756227814.578094,2000880686.5378473,637403163.2685764,-0.8082480024052344,2023-01-03,해당 없음,2008-10-27~2012-01-03,P3,S2 규칙이탈(36개월 매수중단),롤링19년 2004-05-03,19
5565723675.39098,1176000000.0,1174266484.3314047,1176000.0,0.12928856141269715,-0.28974160010868377,-0.2906399318391397,135,26439253.70726806,2018-01-17,2729051625.158416,1979151841.1706016,631650574.9875205,-0.8082480024052343,2023-01-03,해당 없음,2008-10-27~2012-01-03,P3,S2 규칙이탈(36개월 매수중단),롤링19년 2004-06-01,19
5918392590.627914,1176000000.0,1274292519.173581,1176000.0,0.13405183472475096,-0.28973082051084487,-0.29063548756719815,135,26373124.641673982,2018-01-17,2708107408.6661434,1963578386.0845413,627192328.5918627,-0.8082480024052341,2023-01-03,해당 없음,2008-10-27~2012-01-03,P3,S2 규칙이탈(36개월 매수중단),롤링19년 2004-07-01,19
6033964851.0211935,1180500000.0,1305079034.9649055,1180500.0,0.1354582431655782,-0.28973058154927644,-0.2906353923729361,123,21813459.88704154,2018-01-17,2707754311.1789794,1967378151.1382499,627081035.9142346,-0.808248002405234,2023-01-03,해당 없음,2008-10-27~2012-01-03,P3,S2 규칙이탈(36개월 매수중단),롤링19년 2004-08-02,19
6043853206.944957,1176000000.0,1308945684.5632277,1176000.0,0.13565059879213795,-0.28972726076705857,-0.29063403196685156,72,18603649.66873175,2018-01-19,2701395925.6853995,1965010504.1961062,625708534.4910975,-0.8082480024052343,2023-01-03,해당 없음,2008-10-27~2012-01-03,P3,S2 규칙이탈(36개월 매수중단),롤링19년 2004-09-01,19
5625965437.524697,1176000000.0,1192992564.3540883,1176000.0,0.13014394915468772,-0.28970114006109815,-0.2906234205189806,135,24783036.11799553,2018-01-23,2649133597.5522285,1924247095.9211462,615108876.0807575,-0.8082480024052344,2023-01-03,해당 없음,2008-10-27~2012-01-03,P3,S2 규칙이탈(36개월 매수중단),롤링19년 2004-10-01,19
5452480008.416836,1176000000.0,1144351785.6197839,1176000.0,0.12767959257370795,-0.2896949526851189,-0.29062093512605147,129,22764763.33916232,2018-01-23,2636821970.244667,1915366806.3594027,612631772.1079285,-0.8082480024052343,2023-01-03,해당 없음,2008-10-27~2012-01-03,P3,S2 규칙이탈(36개월 매수중단),롤링19년 2004-11-01,19
5862500788.95323,1176000000.0,1260731509.8835442,1176000.0,0.1333026271900879,-0.2896834092906264,-0.2906164221251586,129,22992915.888637275,2018-06-12,2612944319.902519,1896982193.3470669,607987401.5019808,-0.8082480024052343,2023-01-03,해당 없음,2008-10-27~2012-01-03,P3,S2 규칙이탈(36개월 매수중단),롤링19년 2004-12-01,19
6197279809.540628,1180500000.0,1344743766.5962954,1180500.0,0.13748499449215673,-0.28967439816665796,-0.290613036081251,129,22073662.50989464,2018-06-14,3820626536.2971063,2772888476.518038,604310413.7669605,-0.8082480024052343,2023-01-03,해당 없음,2008-10-27~2012-01-03,P3,S2 규칙이탈(36개월 매수중단),롤링19년 2005-01-03,19
6509196948.984673,1176000000.0,1433207202.6551225,1176000.0,0.14135233474231612,-0.289679462595795,-0.290614940246837,59,15288936.204958886,2018-06-13,3834281306.255393,2787629581.2509537,606356587.411966,-0.8082480024052341,2023-01-03,해당 없음,2008-10-27~2012-01-03,P3,S2 규칙이탈(36개월 매수중단),롤링19년 2005-02-01,19
6800803306.441024,1176000000.0,1515661870.833464,1176000.0,0.14474389458195328,-0.28967282430968,-0.2906124517428046,55,13413479.207807451,2018-06-14,3816540876.646124,2775692424.3893375,603653287.192891,-0.8082480024052345,2023-01-03,해당 없음,2008-10-27~2012-01-03,P3,S2 규칙이탈(36개월 매수중단),롤링19년 2005-03-01,19
7043078025.550716,1176000000.0,1583666714.0398808,1176000.0,0.14750833984571232,-0.2896727651070866,-0.2906124322200653,25,8790455.810910821,2018-06-14,3816545723.1739664,2778682704.3620663,603618471.0935503,-0.8082480024052341,2023-01-03,해당 없음,2008-10-27~2012-01-03,P3,S2 규칙이탈(36개월 매수중단),롤링19년 2005-04-01,19
6870987444.256036,1180500000.0,1533467971.7238052,1180500.0,0.1454601772572171,-0.2896731951144883,-0.2906125957490727,4,3978167.0344287753,2018-06-14,3817755368.170464,2782720242.2916756,603782260.0335883,-0.8082480024052341,2023-01-03,해당 없음,2008-10-27~2012-01-03,P3,S2 규칙이탈(36개월 매수중단),롤링19년 2005-05-02,19
7109013059.226024,1176000000.0,1604773705.7117105,1176000.0,0.14813437790400516,-0.2896343377632934,-0.29059825807705686,51,15230442.072035283,2018-07-09,3715040958.3447504,2699818788.2206664,588311240.3847843,-0.8082480024052341,2023-01-03,해당 없음,2008-10-27~2012-01-03,P3,S2 규칙이탈(36개월 매수중단),롤링19년 2005-06-01,19
7374230612.506266,1176000000.0,1679964448.6629043,1176000.0,0.15101195709620116,-0.28962381952864547,-0.29059444915924815,51,14701883.708689451,2018-07-10,3688228046.8059497,2682240036.5366316,584198666.6535245,-0.8082480024052341,2023-01-03,해당 없음,2008-10-27~2012-01-03,P3,S2 규칙이탈(36개월 매수중단),롤링19년 2005-07-01,19
7215963500.558454,1176000000.0,1637274086.2373116,1176000.0,0.14927789631652136,-0.2895969966058287,-0.290586269669744,104,22518176.518247128,2018-07-13,3615283080.721925,2623053607.547542,573105864.5146633,-0.8082480024052341,2023-01-03,해당 없음,2008-10-27~2012-01-03,P3,S2 규칙이탈(36개월 매수중단),롤링19년 2005-08-01,19
7130134567.726615,1176000000.0,1613337286.2029424,1176000.0,0.14837756259934526,-0.28958963992142706,-0.29058429037708555,96,21382988.04029107,2018-07-18,3594835135.7499275,2609310480.9394245,569973079.8647237,-0.8082480024052342,2023-01-03,해당 없음,2008-10-27~2012-01-03,P3,S2 규칙이탈(36개월 매수중단),롤링19년 2005-09-01,19
7083165871.046069,1180500000.0,1599927994.232515,1180500.0,0.14776046893240424,-0.2895723234654263,-0.2905797112236521,126,24926648.047703207,2018-08-27,3547158282.521771,2572619713.23059,562701875.3145864,-0.8082480024052342,2023-01-03,해당 없음,2008-10-27~2012-01-03,P3,S2 규칙이탈(36개월 매수중단),롤링19년 2005-10-03,19
7348354715.655066,1176000000.0,1675881336.781207,1176000.0,0.15065746461584797,-0.28957029843947213,-0.2905791831696477,96,21221443.92680055,2018-08-29,3541685400.2580357,2570697394.623195,561853027.2988844,-0.8082480024052342,2023-01-03,해당 없음,2008-10-27~2012-01-03,P3,S2 규칙이탈(36개월 매수중단),롤링19년 2005-11-01,19
7703034920.747017,1176000000.0,1778135509.8805616,1176000.0,0.15430744736484112,-0.28953786777394164,-0.29057067246261425,224,31429325.808992267,2018-10-03,3454501965.460964,2501363832.3037276,548733141.6009437,-0.8082480024052342,2023-01-03,해당 없음,2008-10-27~2012-01-03,P3,S2 규칙이탈(36개월 매수중단),롤링19년 2005-12-01,19
7945345551.531961,1180500000.0,1812663491.4508123,1180500.0,0.1565492288908874,-0.2895391348483294,-0.2905710177369686,182,26259718.127823293,2018-10-03,4005582426.660361,2963307444.457894,549220505.7721047,-0.8082480024052341,2023-01-03,해당 없음,2008-10-27~2012-01-03,P3,S2 규칙이탈(36개월 매수중단),롤링19년 2006-01-03,19
8045227856.508112,1176000000.0,1842113672.8327007,1176000.0,0.15757780523203707,-0.28953629359236543,-0.29057024691023114,104,22950692.84600371,2019-04-08,3997018262.4854145,2957665801.2441645,548110256.7854068,-0.8082480024052344,2023-01-03,해당 없음,2008-10-27~2012-01-03,P3,S2 규칙이탈(36개월 매수중단),롤링19년 2006-02-01,19
7898602230.804628,1176000000.0,1801590983.8077765,1176000.0,0.15622308456988698,-0.2895244046656983,-0.29056706382006825,117,23418749.106690884,2019-04-18,3961441392.931672,2931981652.207754,543484487.9767469,-0.8082480024052342,2023-01-03,해당 없음,2008-10-27~2012-01-03,P3,S2 규칙이탈(36개월 매수중단),롤링19년 2006-03-01,19
7511967955.59392,1180500000.0,1692250426.5484543,1180500.0,0.1522816822129003,-0.2895111474063988,-0.2905635957308075,129,24509309.607975423,2019-04-23,3922080745.2229114,2902258479.4312096,538379523.2867771,-0.8082480024052339,2023-01-03,해당 없음,2008-10-27~2012-01-03,P3,S2 규칙이탈(36개월 매수중단),롤링19년 2006-04-03,19
7174269583.807799,1176000000.0,1598044390.073276,1176000.0,0.14885200591080375,-0.28951021232708585,-0.29056335490180896,86,20302868.702983677,2019-04-23,3919347310.760768,2902597587.7768803,538013954.7472049,-0.8082480024052343,2023-01-03,해당 없음,2008-10-27~2012-01-03,P3,S2 규칙이탈(36개월 매수중단),롤링19년 2006-05-01,19
7379334669.508894,1176000000.0,1655646317.5290818,1176000.0,0.15103145048267788,-0.2895095739656136,-0.2905631911282084,51,15843775.377825916,2019-04-23,3917538040.802765,2904792927.4298816,537757225.8126593,-0.8082480024052344,2023-01-03,해당 없음,2008-10-27~2012-01-03,P3,S2 규칙이탈(36개월 매수중단),롤링19년 2006-06-01,19
7655390691.058947,1180500000.0,1732416826.5802336,1180500.0,0.15373771461876135,-0.2895046389719407,-0.29056192615730836,22,13270265.156695187,2019-04-23,3903048345.4656262,2896030812.715176,535864873.0410964,-0.8082480024052343,2023-01-03,해당 없음,2008-10-27~2012-01-03,P3,S2 규칙이탈(36개월 매수중단),롤링19년 2006-07-03,19
7949644712.45431,1176000000.0,1816426548.105939,1176000.0,0.1566990929446834,-0.28950238566723097,-0.29056135317745746,5,9462784.926164806,2019-04-23,3897728219.7511997,2895903252.081376,534988675.18295306,-0.8082480024052342,2023-01-03,해당 없음,2008-10-27~2012-01-03,P3,S2 규칙이탈(36개월 매수중단),롤링19년 2006-08-01,19
7903046655.731812,1176000000.0,1806598448.8150015,1176000.0,0.15629851913184883,-0.2894669822506659,-0.2905526585351761,28,19943976.26808536,2019-05-03,3790757232.2053585,2812140992.744821,521712898.7749908,-0.808248002405234,2023-01-03,해당 없음,2008-10-27~2012-01-03,P3,S2 규칙이탈(36개월 매수중단),롤링19년 2006-09-01,19
8328546135.255504,1180500000.0,1926352540.9604425,1180500.0,0.16019268403173342,-0.2894531443401601,-0.2905494234549998,59,21124790.25249675,2019-07-02,3750785996.9771075,2781579942.748463,516620019.8682843,-0.8082480024052341,2023-01-03,해당 없음,2008-10-27~2012-01-03,P3,S2 규칙이탈(36개월 매수중단),롤링19년 2006-10-02,19
8585381497.481496,1176000000.0,2001801992.2172253,1176000.0,0.16256239541839354,-0.2894298816290064,-0.2905441877089566,102,26175462.87041399,2019-07-03,3684824640.453376,2729687544.3873305,508186305.11419284,-0.8082480024052341,2023-01-03,해당 없음,2008-10-27~2012-01-03,P3,S2 규칙이탈(36개월 매수중단),롤링19년 2006-11-01,19
8654098951.674294,1176000000.0,2022577811.884521,1176000.0,0.16324370975432465,-0.2894098493356898,-0.29053987839911954,118,29753829.184061795,2019-07-12,3629842466.607832,2686191410.2070727,501049597.39701355,-0.8082480024052342,2023-01-03,해당 없음,2008-10-27~2012-01-03,P3,S2 규칙이탈(36개월 매수중단),롤링19년 2006-12-01,19
8469111022.170002,1180500000.0,1953045041.4445324,1180500.0,0.16143488620922308,-0.2893999790553874,-0.2905378200681532,114,28932996.54076785,2019-07-15,4071845072.6966925,3038251285.9281883,497567727.9054672,-0.8082480024052345,2023-01-03,해당 없음,2008-10-27~2012-01-03,P3,S2 규칙이탈(36개월 매수중단),롤링19년 2007-01-03,19
8568722184.325529,1176000000.0,1984363712.8625722,1176000.0,0.16243026172507802,-0.2893763399691319,-0.2905330594590383,176,33536173.768925995,2019-11-01,4002475693.5747514,2983659321.075115,489363242.9237252,-0.8082480024052343,2023-01-03,해당 없음,2008-10-27~2012-01-03,P3,S2 규칙이탈(36개월 매수중단),롤링19년 2007-02-01,19
8527057323.285683,1176000000.0,1972716863.146258,1176000.0,0.16211118087409238,-0.28937333866469983,-0.29053247073083543,168,30061985.148806095,2019-11-01,3993784352.1797495,2978908913.1469154,488325568.0209255,-0.8082480024052342,2023-01-03,해당 없음,2008-10-27~2012-01-03,P3,S2 규칙이탈(36개월 매수중단),롤링19년 2007-03-01,19
8441211539.242375,1180500000.0,1949015345.562903,1180500.0,0.16123294052382756,-0.28935917596876004,-0.29052974850649005,169,30856235.098050922,2019-11-12,4072855266.692957,3026263678.762991,483500984.8022306,-0.8082480024052342,2023-01-03,해당 없음,2008-10-27~2012-01-03,P3,S2 규칙이탈(36개월 매수중단),롤링19년 2007-04-02,19
8990458032.642452,1176000000.0,2107393138.522734,1176000.0,0.16611551497016852,-0.28933040517579334,-0.29052439615242276,221,37044376.655362576,2019-11-19,3989215619.6067734,2958826817.1041064,473926982.6050991,-0.8082480024052343,2023-01-03,해당 없음,2008-10-27~2012-01-03,P3,S2 규칙이탈(36개월 매수중단),롤링19년 2007-05-01,19
9748735438.867725,1176000000.0,2322901573.5727363,1176000.0,0.17233919860845737,-0.28930768962950293,-0.29052007400439783,302,40559448.12529275,2019-11-26,3925802438.9562187,2908863824.884753,466662053.6644612,-0.808248002405234,2023-01-03,해당 없음,2008-10-27~2012-01-03,P3,S2 규칙이탈(36개월 매수중단),롤링19년 2007-06-01,19
9681103310.76486,1180500000.0,2302972088.8247156,1180500.0,0.17169509096318913,-0.28930014507820445,-0.29051867878906534,288,38649221.404691905,2019-11-27,3905021507.367636,2893264515.288681,464281103.3067803,-0.8082480024052342,2023-01-03,해당 없음,2008-10-27~2012-01-03,P3,S2 규칙이탈(36개월 매수중단),롤링19년 2007-07-02,19
8742415316.214758,1176000000.0,2039686461.9092379,1176000.0,0.16396729178800235,-0.28929546904690073,-0.2905178278506859,247,35724615.40019634,2019-11-27,3892201931.261242,2884273719.3891335,462808692.3856149,-0.8082480024052343,2023-01-03,해당 없음,2008-10-27~2012-01-03,P3,S2 규칙이탈(36개월 매수중단),롤링19년 2007-08-01,19
8547083434.275594,1180500000.0,1985315493.4168677,1180500.0,0.16212507311830102,-0.28926781276788605,-0.2905130179221811,302,40694526.55793789,2019-12-19,3817356351.401055,2824675846.507428,454218319.6303441,-0.8082480024052343,2023-01-03,해당 없음,2008-10-27~2012-01-03,P3,S2 규칙이탈(36개월 매수중단),롤링19년 2007-09-04,19
3804819676.9898086,1230000000.0,714222198.0478096,1230000.0,0.09134055447259361,-0.3324951074232583,-0.6053778720141922,1767,146849226.13259435,2016-11-10,1004821713.2074568,598880213.0200982,60892992.23416491,-0.9774556918274715,2019-01-02,해당 없음,해당 없음,A80,기본,2000-01~2019-12,fixed
12614462523.863735,1594500000.0,2989576711.5363317,1594500.0,0.12043060785921829,-0.3324951074232583,-0.6053778720141922,1767,146849226.13259435,2016-11-10,5301640132.434439,3901343766.348736,530797804.26745325,-0.95921089100594,2023-01-03,해당 없음,해당 없음,A80,기본,2000-01~2026-09,fixed
1050860649.422726,514500000.0,145883303.44580647,514500.0,0.16392731738327043,-0.2490748687787273,-0.2698972572566041,46,33244276.191181585,미도달,195649340.13316998,118099881.74035552,8743477.0184661,-0.8082480024052343,2023-01-03,해당 없음,해당 없음,A80,기본,2020-01~2026-09,fixed
1520781702.3583508,910500000.0,177220488.13459522,910500.0,0.06037584500927619,-0.3324951074232583,-0.6053778720141922,1767,146849226.13259435,미도달,514709254.47552663,193886572.32041824,39768133.72258672,-0.9995277776331998,2009-01-02,해당 없음,해당 없음,A80,기본,롤링14년 2000-01-03,14
1533127510.2086496,906000000.0,181220251.95030183,906000.0,0.06164869911379117,-0.33260797717034796,-0.6056785720761799,1660,141102011.51626158,미도달,516771045.1506443,197746721.87176943,39954089.637504146,-0.9995277776331998,2009-01-02,해당 없음,해당 없음,A80,기본,롤링14년 2000-02-01,14
1572510828.6423388,906000000.0,193302684.6570156,906000.0,0.06455998221862298,-0.33216247348962336,-0.5972563963575175,1666,141466210.9804313,미도달,508654827.1300801,190851131.50977984,39228806.44410948,-0.9995277776331998,2009-01-02,해당 없음,해당 없음,A80,기본,롤링14년 2000-03-01,14
1568790889.8701074,910500000.0,189950914.17727324,910500.0,0.0639293026080723,-0.3317612609278968,-0.5800400566765642,1768,140672260.76840508,미도달,502388298.3928014,194076633.02863795,38676054.46681851,-0.9993413209414616,2009-01-02,해당 없음,해당 없음,A80,기본,롤링14년 2000-04-03,14
1531627970.242209,906000000.0,179671970.3156916,906000.0,0.06157524685687227,-0.33198116569282465,-0.5656345029195704,1618,134121935.98262966,미도달,505778797.99339974,199730535.7926254,38981824.73281057,-0.9989545728988742,2009-01-02,해당 없음,해당 없음,A80,기본,롤링14년 2000-05-01,14
1557176693.0799305,906000000.0,185644006.4689564,906000.0,0.0634602455972977,-0.33197265355522054,-0.5657218690914427,1516,129699954.57724267,미도달,505618742.38616264,205000636.75477326,38970188.11582748,-0.9989089281795746,2009-01-02,해당 없음,해당 없음,A80,기본,롤링14년 2000-06-01,14
1590043598.2292855,910500000.0,193993640.78142458,910500.0,0.06545891851019488,-0.33156566996723424,-0.5661553547854654,1615,128938998.4797855,미도달,499369753.73784065,201528640.61745125,38412576.91783457,-0.9989089281795746,2009-01-02,해당 없음,해당 없음,A80,기본,롤링14년 2000-07-03,14
1594770504.6227944,906000000.0,195651424.2864213,906000.0,0.06613579140977872,-0.33169308898201555,-0.5662903989102525,1492,123231689.95076522,미도달,501362100.4251152,206256928.01396245,38592589.630637266,-0.9988646121134095,2009-01-02,해당 없음,해당 없음,A80,기본,롤링14년 2000-08-01,14
1626982989.4200525,906000000.0,205055667.23682937,906000.0,0.0684234167120375,-0.3310798348407169,-0.552561219390739,1619,124846768.82150441,미도달,491776429.08505476,201952227.41656578,37680200.585217886,-0.9988646121134095,2009-01-02,해당 없음,해당 없음,A80,기본,롤링14년 2000-09-01,14
1664347784.5330887,910500000.0,213269061.6791348,910500.0,0.07062458297435106,-0.3323110667759852,-0.5436916350758442,1491,118072676.67489684,미도달,494392453.5156429,207528097.33349746,38025126.74725623,-0.9979826185234753,2009-01-02,해당 없음,해당 없음,A80,기본,롤링14년 2000-10-02,14
1732788516.4856102,906000000.0,232880261.55014995,906000.0,0.07545782094257975,-0.33249261112790984,-0.5440474137353348,1457,114353198.22452962,미도달,492851351.25001645,211281041.68917555,37909952.11940668,-0.9974310077766838,2009-01-02,해당 없음,해당 없음,A80,기본,롤링14년 2000-11-01,14
1858863047.3326144,906000000.0,267049570.9202406,906000.0,0.08335688533047893,-0.3327303555589859,-0.5444276700773844,1449,109360667.80819434,미도달,490875364.1725664,216959437.5634017,37984651.13569337,-0.9958217432227864,2009-01-02,해당 없음,해당 없음,A80,기본,롤링14년 2000-12-01,14
1805334181.5039053,906000000.0,250175100.12225235,906000.0,0.0800466975076908,-0.33255257311926567,-0.5443491710275523,1131,105635360.39288333,미도달,485200186.34541345,223905063.3176141,37867054.11691913,-0.9931188712710975,2009-01-02,해당 없음,해당 없음,A80,기본,롤링14년 2001-01-02,14
1780026097.9578536,906000000.0,240154316.04219794,906000.0,0.07847757579128346,-0.3318491606561196,-0.5116478902993612,1455,107332270.82301259,미도달,561180878.9453979,295491396.0157289,36958778.62875491,-0.9921379274077237,2009-01-02,해당 없음,해당 없음,A80,기본,롤링14년 2001-02-01,14
1891953849.9629817,906000000.0,269705514.58504635,906000.0,0.08532024637952135,-0.3330121478900995,-0.4882964942209741,643,94757841.68809223,미도달,577349464.0004473,308995224.0839176,38145427.584341615,-0.9803192959742859,2009-01-02,해당 없음,해당 없음,A80,기본,롤링14년 2001-03-01,14
1867215361.9327047,910500000.0,259010549.91496992,910500.0,0.08353377263031289,-0.3341851564606003,-0.4995363649908602,487,86607118.73033908,미도달,583064788.4577777,322160417.8621953,38686398.22223761,-0.9754252559601916,2009-01-02,해당 없음,해당 없음,A80,기본,롤링14년 2001-04-02,14
1816112672.2615917,906000000.0,248140428.10965118,906000.0,0.08073620023554696,-0.3317245188165784,-0.48777375589957306,664,94867305.96311592,미도달,559870216.8752004,304207035.6994622,36799586.94150936,-0.9754252559601917,2009-01-02,해당 없음,해당 없음,A80,기본,롤링14년 2001-05-01,14
1902133715.6395652,906000000.0,271584902.22326255,906000.0,0.08592936405787069,-0.3319170481153456,-0.45795088625843694,640,88760906.94158533,미도달,562108947.6354482,309095497.9990045,37036689.574578516,-0.9705445311684794,2009-01-02,해당 없음,해당 없음,A80,기본,롤링14년 2001-06-01,14
1885128646.720628,910500000.0,265288708.33574125,910500.0,0.08460455044292732,-0.33166636908532465,-0.4394129353778893,624,86344096.19371119,미도달,559100289.3624072,308549323.3294487,36726285.968248196,-0.9631890345678189,2009-01-02,해당 없음,해당 없음,A80,기본,롤링14년 2001-07-02,14
1970842340.574405,906000000.0,289946770.85493636,906000.0,0.08981479583594194,-0.3317431934125926,-0.4199699640909754,491,81213370.53957991,미도달,560002280.746679,312401904.7604321,36818007.173725985,-0.9563445571227456,2009-01-02,해당 없음,해당 없음,A80,기본,롤링14년 2001-08-01,14
1916646779.7271917,910500000.0,271364593.1554225,910500.0,0.08639286431635297,-0.33295464015791254,-0.4131225250484788,374,67931424.27390254,미도달,580630474.5006425,328325499.793382,38070189.20441556,-0.9398672905020786,2009-01-02,해당 없음,해당 없음,A80,기본,롤링14년 2001-09-04,14
1913845848.901938,906000000.0,271434534.63587296,906000.0,0.08655601930379132,-0.3357676611723601,-0.417356559594916,318,54324578.47577876,미도달,601214896.1621192,347205423.51366687,39128022.81337897,-0.9398672905020785,2009-01-02,해당 없음,해당 없음,A80,기본,롤링14년 2001-10-01,14
1965005310.677858,906000000.0,286918352.13100594,906000.0,0.08949829053607142,-0.3320050267582805,-0.4147977564853672,374,65512292.334653094,미도달,564443826.5983496,320237427.4324588,37104282.90818934,-0.9398672905020787,2009-01-02,해당 없음,해당 없음,A80,기본,롤링14년 2001-11-01,14
1957860847.1265857,910500000.0,284732278.1927643,910500.0,0.0887831376822772,-0.3309504619594956,-0.41715680031516256,402,68730395.51350246,미도달,545411944.4113712,309659667.2459104,35996651.28773631,-0.9398672905020785,2009-01-02,해당 없음,해당 없음,A80,기본,롤링14년 2001-12-03,14
1925681192.3319292,906000000.0,277367705.34306127,906000.0,0.08723359261511522,-0.3286011546336317,-0.4188271531829896,472,71736244.58467707,미도달,533734497.5384376,302437523.37396073,34874500.58058858,-0.9321178085964502,2009-01-02,해당 없음,해당 없음,A80,기본,롤링14년 2002-01-02,14
1906708711.4536047,906000000.0,268683584.5173253,906000.0,0.08616728559203987,-0.32921052633383474,-0.40559965426223454,417,66992130.78551169,미도달,565491127.2209721,332525491.8290432,34910248.52867718,-0.9093580728866286,2009-01-02,해당 없음,해당 없음,A80,기본,롤링14년 2002-02-01,14
1949234562.130201,906000000.0,280378821.1320296,906000.0,0.08858618741063985,-0.3286214567641409,-0.40611891440975967,402,64296033.9066457,미도달,562243283.425126,334221917.03828233,34610712.222993314,-0.9086618742146708,2009-01-02,해당 없음,해당 없음,A80,기본,롤링14년 2002-03-01,14
1899755800.5113525,906000000.0,266546917.89862633,906000.0,0.0857213736393248,-0.3253437412259427,-0.3913443700531366,418,63973868.542845875,미도달,555172120.0784897,329835317.06696445,33989742.70690317,-0.8968061364055568,2009-01-02,해당 없음,해당 없음,A80,기본,롤링14년 2002-04-01,14
1921815676.740331,906000000.0,272120047.6157401,906000.0,0.08703757586839714,-0.28758537191930345,-0.3337196840826311,339,53651856.16540544,미도달,564466344.0347792,340705648.15146756,34814109.88170194,-0.8968061364055567,2009-01-02,해당 없음,해당 없음,A80,기본,롤링14년 2002-05-01,14
2058819932.9169652,910500000.0,308916813.4760426,910500.0,0.09434435321944722,-0.23984207167696037,-0.26408485529940273,247,41107767.2108286,미도달,577245654.6019157,353439104.9415886,35965077.84144199,-0.8968061364055567,2009-01-02,해당 없음,해당 없음,A80,기본,롤링14년 2002-06-03,14
2049326499.084627,906000000.0,306823880.2301215,906000.0,0.0941246366123795,-0.19744330227655382,-0.22183721657367517,67,26292379.194840714,미도달,593977345.0113484,370096129.5084217,37415758.51686631,-0.8968061364055568,2009-01-02,해당 없음,해당 없음,A80,기본,롤링14년 2002-07-01,14
2110331788.8676336,906000000.0,323335089.1519706,906000.0,0.09740685834536364,-0.19723407612697785,-0.2214681308321862,9,11415207.687781274,미도달,611045861.1749997,385991746.00466985,38921952.19143943,-0.8968061364055568,2009-01-02,해당 없음,해당 없음,A80,기본,롤링14년 2002-08-01,14
2114431484.7284539,910500000.0,323339666.18934226,910500.0,0.09727680247975724,-0.19734259656182285,-0.2217059759025558,17,12337804.331544846,미도달,602468744.8786047,381122155.63301766,38126943.72927795,-0.896806136405557,2009-01-02,해당 없음,해당 없음,A80,기본,롤링14년 2002-09-03,14
2076667147.9000323,906000000.0,313970636.72848,906000.0,0.09557415620171916,-0.1974168202883715,-0.22188138204996777,9,11410826.521609515,미도달,596655227.4833616,378750149.1459526,37594768.73978622,-0.8968061364055567,2009-01-02,해당 없음,해당 없음,A80,기본,롤링14년 2002-10-01,14
2068030230.6798089,906000000.0,312257172.93652076,906000.0,0.09510291838890272,-0.19771672008665697,-0.22242194742669463,41,15766717.221300274,미도달,571251142.7439302,358255699.7304803,35555565.420859985,-0.8968061364055568,2009-01-02,해당 없음,해당 없음,A80,기본,롤링14년 2002-11-01,14
2080012696.3016787,910500000.0,314763572.68858624,910500.0,0.0954901067908489,-0.19793782154151462,-0.22282960126023987,75,21819362.99708894,미도달,556263782.8507439,345278307.62219536,34142399.70351644,-0.8968061364055568,2009-01-02,해당 없음,해당 없음,A80,기본,롤링14년 2002-12-02,14
2202351396.9682584,906000000.0,350195729.700216,906000.0,0.10206848316994169,-0.19783376609587533,-0.22268787948194957,39,12230170.13334006,2016-12-22,563010585.9173197,354575351.8491231,34796000.847688854,-0.8968061364055568,2009-01-02,해당 없음,해당 없음,A80,기본,롤링14년 2003-01-02,14
2179506408.0593796,910500000.0,340819899.9048004,910500.0,0.1006031056040448,-0.1977767808641896,-0.22260246781829662,10,5008118.11508745,2016-12-20,610243968.4447284,395552686.81097203,35159882.26875497,-0.896806136405557,2009-01-02,해당 없음,해당 없음,A80,기본,롤링14년 2003-02-03,14
2280751450.077756,910500000.0,369372141.17320716,910500.0,0.10565139760652548,-0.19781257913275863,-0.22267622970853918,2,1019603.988180697,2016-12-20,607629572.7497766,394004497.20155025,34929179.21225282,-0.8968061364055568,2009-01-02,해당 없음,해당 없음,A80,기본,롤링14년 2003-03-03,14
2171668296.3183994,906000000.0,340484335.6959454,906000.0,0.10051590710354226,-0.19818743055205268,-0.2234281100604949,8,3460753.9809527695,2017-03-01,581168922.5338515,374635131.08526856,32622087.96606138,-0.8968061364055567,2009-01-02,해당 없음,해당 없음,A80,기본,롤링14년 2003-04-01,14
2207505165.260562,906000000.0,350997836.60262436,906000.0,0.10238432201924579,-0.1984216624349252,-0.22386359484352414,1,1083553.1907489896,미도달,561229886.0737009,359726449.63503397,31280203.427838802,-0.896806136405557,2009-01-02,해당 없음,해당 없음,A80,기본,롤링14년 2003-05-01,14
2206844709.06834,910500000.0,350267856.3739762,910500.0,0.10203509424597151,-0.19872605030650592,-0.2244522573049179,22,8565784.145880133,미도달,540716832.6972945,344595479.98415023,29639288.757816005,-0.8968061364055567,2009-01-02,해당 없음,해당 없음,A80,기본,롤링14년 2003-06-02,14
2188813805.2458053,906000000.0,346777638.73141736,906000.0,0.10138834545523008,-0.1988462009555455,-0.22468939293727797,25,9564006.789532244,2017-06-07,533452189.49878514,339837348.8580732,29021399.985452052,-0.8968061364055568,2009-01-02,해당 없음,해당 없음,A80,기본,롤링14년 2003-07-01,14
2203104745.77302,906000000.0,351303459.4440665,906000.0,0.10209225557093476,-0.1989618875675646,-0.22490527462991505,25,10189374.900094688,2017-07-19,525792657.43434614,334542458.29416406,28442131.27887274,-0.8968061364055567,2009-01-02,해당 없음,해당 없음,A80,기본,롤링14년 2003-08-01,14
2194994552.3031063,910500000.0,348703976.20174724,910500.0,0.10142794704347516,-0.1992451239714007,-0.22551485420258088,59,17708159.104162276,2017-08-09,511004381.6338929,322515069.7537241,27079920.671972465,-0.8968061364055567,2009-01-02,해당 없음,해당 없음,A80,기본,롤링14년 2003-09-02,14
2247577700.1592093,906000000.0,364490659.78381217,906000.0,0.10431485789751851,-0.1992515053272077,-0.22552988903868965,35,13470727.670807123,2017-08-09,510646882.80358696,323987187.67806613,27050109.590895116,-0.8968061364055568,2009-01-02,해당 없음,해당 없음,A80,기본,롤링14년 2003-10-01,14
2226094720.8191295,910500000.0,358385110.23306894,910500.0,0.10295284802225033,-0.19963924392993704,-0.2263007370184006,129,24426627.601855844,2017-10-02,490756115.7402962,308807693.1639841,25294550.269091617,-0.8968061364055568,2009-01-02,해당 없음,해당 없음,A80,기본,롤링14년 2003-11-03,14
2209769713.659172,906000000.0,355270806.8365491,906000.0,0.10241886123426082,-0.1998342078597466,-0.2266843089783922,142,27247200.243033886,2017-10-06,482129928.1987337,303516928.8881731,24462740.64986544,-0.8968061364055567,2009-01-02,해당 없음,해당 없음,A80,기본,롤링14년 2003-12-01,14
2178998517.0837812,906000000.0,346851404.27898836,906000.0,0.10093089366582678,-0.20004391981634928,-0.22709701189512665,396,30309960.045731515,2017-11-08,473173491.7034086,297981479.2534686,23603489.485975068,-0.8968061364055568,2009-01-02,해당 없음,해당 없음,A80,기본,롤링14년 2004-01-02,14
2306333283.119841,910500000.0,379936210.58024555,910500.0,0.10685136842586779,-0.20014743270708446,-0.22730076399308474,396,29429528.50737062,2017-12-15,673336264.062514,482263687.68347895,23192262.079025827,-0.8968061364055568,2009-01-02,해당 없음,해당 없음,A80,기본,롤링14년 2004-02-02,14
2238171093.3279223,906000000.0,362165267.67519766,906000.0,0.10385805341841543,-0.20033724032419953,-0.22767445085279836,430,31381108.404584825,2018-01-08,663023529.4309126,475326070.99300563,22459304.110967424,-0.896806136405557,2009-01-02,해당 없음,해당 없음,A80,기본,롤링14년 2004-03-01,14
2144415713.0511327,906000000.0,335315649.29758406,906000.0,0.09919667754955498,-0.20026735918379168,-0.22753686005018525,139,24533170.728161067,2017-12-18,666675190.9556926,479743971.2983068,22726047.991108947,-0.8968061364055567,2009-01-02,해당 없음,해당 없음,A80,기본,롤링14년 2004-04-01,14
2159669412.6873407,910500000.0,338250245.35833275,910500.0,0.0996575369792664,-0.20036574317896416,-0.22773057458777923,130,23329819.220343977,2018-01-08,661275330.3699958,477753881.16386914,22351524.257660378,-0.8968061364055568,2009-01-02,해당 없음,해당 없음,A80,기본,롤링14년 2004-05-03,14
2222644310.035973,906000000.0,357630200.74348795,906000.0,0.10307834443865425,-0.20049482275721597,-0.22799894256871678,139,23660892.65450099,2018-01-12,653659374.2256176,471115033.1425036,21804005.927915715,-0.8968061364055568,2009-01-02,해당 없음,해당 없음,A80,기본,롤링14년 2004-06-01,14
2275299184.5190015,906000000.0,372640673.9175836,906000.0,0.10568888219607331,-0.20060198547942565,-0.2282268326503939,140,23278859.81820053,2018-01-17,647124412.2491534,466405420.9849534,21337725.484391723,-0.8968061364055568,2009-01-02,해당 없음,해당 없음,A80,기본,롤링14년 2004-07-01,14
2355963409.063311,910500000.0,393743057.33409625,910500.0,0.10923234935901223,-0.20063265034955813,-0.22829204893305688,129,19938970.93691504,2018-01-17,645151869.5045253,467802066.73540497,21206359.7619715,-0.8968061364055568,2009-01-02,해당 없음,해당 없음,A80,기본,롤링14년 2004-08-02,14
2437128521.654944,906000000.0,417737791.8599039,906000.0,0.11315506442421039,-0.20068419655795688,-0.22840167937374267,120,17371196.143939197,2018-01-17,642025973.1013825,467023772.91958565,20987564.206119668,-0.8968061364055566,2009-01-02,해당 없음,해당 없음,A80,기본,롤링14년 2004-09-01,14
2391129541.1741467,906000000.0,405499497.4755215,906000.0,0.11114563572262545,-0.2009400446234082,-0.2289459158575673,147,22136144.61878416,2018-01-23,625647094.4166323,454235715.659171,19937787.53588871,-0.8968061364055568,2009-01-02,해당 없음,해당 없음,A80,기본,롤링14년 2004-10-01,14
2264721193.840035,906000000.0,369962074.6473631,906000.0,0.10511994655018068,-0.20099335783309302,-0.22905934038939035,130,19501545.73383835,2018-01-23,622149447.6981286,451652633.61518204,19726337.600871425,-0.8968061364055571,2009-01-02,해당 없음,해당 없음,A80,기본,롤링14년 2004-11-01,14
2239310988.487555,906000000.0,363157889.34449315,906000.0,0.10389083321521425,-0.2010923943879277,-0.22927004479378155,129,18409792.09477642,2018-01-26,615297086.588009,446020401.33328277,19339987.827658907,-0.896806136405557,2009-01-02,해당 없음,해당 없음,A80,기본,롤링14년 2004-12-01,14
2079087235.3663023,910500000.0,311462712.65066737,910500.0,0.0954265223659937,-0.24094667096266198,-0.24525642070205544,129,17612106.16106209,2018-06-14,654445987.2501843,457684377.1164044,44916996.51920695,-0.48118249787727363,2019-01-02,해당 없음,해당 없음,A80,기본,롤링14년 2005-01-03,14
2211738721.3437877,906000000.0,349757802.4545692,906000.0,0.10250507195939966,-0.2011693101680102,-0.22943369671089897,59,12007330.29785633,2018-06-14,656020449.3938646,461765645.98118,44994282.1895841,-0.48118249787727396,2019-01-02,해당 없음,해당 없음,A80,기본,롤링14년 2005-02-01,14
2289587523.224003,906000000.0,371753215.02327067,906000.0,0.10635575802252237,-0.20125347140004457,-0.22961276410524667,55,10300720.468090683,2018-06-15,651371202.6005973,459305712.3145295,44742150.386496596,-0.48118249787727385,2019-01-02,해당 없음,해당 없음,A80,기본,롤링14년 2005-03-01,14
2367344429.0877576,906000000.0,393466233.7701305,906000.0,0.11006501239019521,-0.20127133205872094,-0.22965076753549318,25,6389882.811416268,2018-06-15,650274540.1888263,460499615.7952288,44678242.459085256,-0.4811824978772741,2019-01-02,해당 없음,해당 없음,A80,기본,롤링14년 2005-04-01,14
2507711683.1590524,910500000.0,431570521.11935127,910500.0,0.11608691978069816,-0.20128707950657587,-0.2296842750584327,1,797819.2575569153,2018-06-15,649293450.3765155,461759441.9119086,44620610.93094201,-0.48118249787727385,2019-01-02,해당 없음,해당 없음,A80,기본,롤링14년 2005-05-02,14
2343064358.837513,906000000.0,387505829.95654863,906000.0,0.1088710072856183,-0.20171535949917485,-0.23059575393698528,23,10339792.46325612,2018-07-10,627116288.6015813,442236483.9187256,43463703.08308852,-0.48118249787727385,2019-01-02,해당 없음,해당 없음,A80,기본,롤링14년 2005-06-01,14
2431159195.254443,906000000.0,412376624.82115746,906000.0,0.1129829243159538,-0.20188309140708882,-0.23095281703493376,42,11015880.356624663,2018-07-12,619089117.9587086,438319052.5156517,43016550.364801385,-0.4811824978772741,2019-01-02,해당 없음,해당 없음,A80,기본,롤링14년 2005-07-01,14
2488235188.404387,906000000.0,429201631.95734465,906000.0,0.11543997840539123,-0.2022242714732847,-0.2316792571918278,81,16520694.403822452,2018-07-25,603789559.4253473,424404287.0224595,42194496.84466923,-0.4811824978772734,2019-01-02,해당 없음,해당 없음,A80,기본,롤링14년 2005-08-01,14
2498922194.267473,906000000.0,432234478.5883099,906000.0,0.1159271949893701,-0.2023542257969666,-0.23195600418351336,79,15655140.922476739,2018-08-27,598039247.9050053,421336727.8317524,41883735.675499626,-0.4811824978772735,2019-01-02,해당 없음,해당 없음,A80,기본,롤링14년 2005-09-01,14
2431588595.421884,910500000.0,412326365.02964425,910500.0,0.11267378726732966,-0.20262496736688396,-0.23253264778203475,127,18418238.738246948,2018-08-31,586568523.0067403,412646481.45474684,41276904.96634935,-0.48118249787727374,2019-01-02,해당 없음,해당 없음,A80,기본,롤링14년 2005-10-03,14
2495591131.6533256,906000000.0,431535035.48643315,906000.0,0.11574554240932236,-0.2026657368037621,-0.23261948889341333,79,14976492.554253906,2018-09-13,584747480.015915,412756797.46345824,41177759.03403258,-0.48118249787727363,2019-01-02,해당 없음,해당 없음,A80,기본,롤링14년 2005-11-01,14
2552009071.1113753,906000000.0,448263194.72192395,906000.0,0.11822671966943733,-0.20317041073080389,-0.23369617562899636,217,23346959.915038705,2019-04-08,564050550.218287,395631751.7180061,40140886.677274056,-0.48118249787727374,2019-01-02,해당 없음,해당 없음,A80,기본,롤링14년 2005-12-01,14
2639408873.487038,910500000.0,470389094.4485441,910500.0,0.12161129117854284,-0.20316746250464346,-0.23368987740541736,178,18768239.121393383,2019-04-08,822583220.2078892,625634443.924504,40135648.63836086,-0.4811824978772735,2019-01-02,해당 없음,해당 없음,A80,기본,롤링14년 2006-01-03,14
2704805427.6651726,906000000.0,490081654.1257067,906000.0,0.12449170682029836,-0.20320644856035397,-0.2337731623643583,89,15305825.746187806,2019-04-08,820557004.5318928,624378526.1294351,40054657.657417744,-0.4811824978772735,2019-01-02,해당 없음,해당 없음,A80,기본,롤링14년 2006-02-01,14
2553047833.320585,906000000.0,447414937.58155566,906000.0,0.11826858594052281,-0.22269517732242572,-0.23422827643713462,113,16495360.154241383,2019-04-23,809625407.0389234,617205340.1108487,39617302.733615845,-0.4811824978772741,2019-01-02,해당 없음,해당 없음,A80,기본,롤링14년 2006-03-01,14
2271523687.051037,910500000.0,366941572.2902477,910500.0,0.1051883993267387,-0.30142504386717883,-0.3037376790476788,128,17819378.724101126,2019-04-23,798612826.7468777,609032773.0459375,39178279.20467467,-0.48118249787727363,2019-01-02,해당 없음,해당 없음,A80,기본,롤링14년 2006-04-03,14
2494866686.3421717,906000000.0,431089737.7024037,906000.0,0.11571899178216673,-0.26682609172706895,-0.26794230578367106,79,14282751.419927597,2019-04-23,796630780.7190747,608913723.1974046,39096610.251942836,-0.48118249787727374,2019-01-02,해당 없음,해당 없음,A80,기본,롤링14년 2006-05-01,14
2667779596.166538,906000000.0,479697933.12955886,906000.0,0.12307214158492238,-0.2668219918383008,-0.2679407793972506,50,10866817.94413203,2019-04-24,794255653.3954972,609564465.0296247,38996935.11047825,-0.48118249787727385,2019-01-02,해당 없음,해당 없음,A80,기본,롤링14년 2006-06-01,14
2695523427.9207673,910500000.0,486226804.2213181,910500.0,0.12390721726189606,-0.26681348410023153,-0.2679376808342795,21,8982295.82241261,2019-04-24,789109935.4181727,607189396.1803504,38788843.61856835,-0.48118249787727374,2019-01-02,해당 없음,해당 없음,A80,기본,롤링14년 2006-07-03,14
2813600177.464997,906000000.0,520677586.9620578,906000.0,0.12877724327032927,-0.2668034103276802,-0.26793422815375223,4,7554899.636499107,2019-04-26,782940183.647667,605588473.14817,38536627.625147544,-0.48118249787727363,2019-01-02,해당 없음,해당 없음,A80,기본,롤링14년 2006-08-01,14
2971861135.5245495,906000000.0,566237542.9893878,906000.0,0.1346887391171854,-0.2667639383996748,-0.26792094672374456,9,16216836.26059705,2019-07-02,755905873.3741503,583551168.8264998,37567369.81612065,-0.4811824978772743,2019-01-02,해당 없음,해당 없음,A80,기본,롤링14년 2006-09-01,14
2771033969.8527412,910500000.0,508534490.48330057,910500.0,0.12691952460587078,-0.26674782121199325,-0.26791563647464967,9,16888835.155269474,2019-07-03,745959324.6449809,575830157.894908,37180168.72119627,-0.48118249787727385,2019-01-02,해당 없음,해당 없음,A80,기본,롤링14년 2006-10-02,14
2572451976.0085244,906000000.0,454153757.1021194,906000.0,0.11905828344937036,-0.2667203195786527,-0.2679067190577553,31,21202888.373258978,2019-07-12,729448975.1725522,562050051.4792932,36530615.49474797,-0.4811824978772734,2019-01-02,해당 없음,해당 없음,A80,기본,롤링14년 2006-11-01,14
2744706434.4380198,906000000.0,502997182.6327027,906000.0,0.12608199087714422,-0.26669860099677833,-0.2679012832558575,41,24191553.632752866,2019-07-26,716150158.264566,550635980.521476,35977927.62470341,-0.4811824978772741,2019-01-02,해당 없음,해당 없음,A80,기본,롤링14년 2006-12-01,14
2813705939.9674177,906000000.0,522562052.29787153,906000.0,0.12878213297537236,-0.26668601152876403,-0.2678984152367294,41,23832494.483878553,2019-09-19,708504046.7440946,545898738.6989034,35654999.476416305,-0.48118249787727396,2019-01-02,해당 없음,해당 없음,A80,기본,롤링14년 2007-01-03,14
2817611197.370565,906000000.0,516335815.2882508,906000.0,0.1289688163030108,-0.26665861704414406,-0.26789235802325784,116,28592892.51946482,2019-11-13,911856943.4587765,735051024.3026538,34963869.08489994,-0.48118249787727374,2019-01-02,해당 없음,해당 없음,A80,기본,롤링14년 2007-02-01,14
2860747479.989547,906000000.0,528499714.80941105,906000.0,0.13067867682451728,-0.2666540115935553,-0.26789129757916164,43,25454625.986884803,2019-11-14,908707243.8213003,733679694.3416286,34851557.43511357,-0.48118249787727363,2019-01-02,해당 없음,해당 없음,A80,기본,롤링14년 2007-03-01,14
2989701502.0671425,910500000.0,563839808.3709952,910500.0,0.13517495926871384,-0.26663704906687524,-0.2678872675834607,47,26306951.462020755,2019-11-22,897138436.7645202,724453556.4070077,34447038.57340021,-0.4811824978772741,2019-01-02,해당 없음,해당 없음,A80,기본,롤링14년 2007-04-02,14
3002418476.1127086,906000000.0,569209520.086294,906000.0,0.13583489995407683,-0.26660524764411575,-0.2678800582324733,123,31971892.476927757,2019-12-04,875736543.3477962,705062351.2628262,33700303.85472267,-0.4811824978772741,2019-01-02,해당 없음,해당 없음,A80,기본,롤링14년 2007-05-01,14
2982213262.918085,906000000.0,563890879.4912612,906000.0,0.13520317458501666,-0.26657986821406476,-0.26787462811814544,159,35348438.32317835,2019-12-20,859240642.8800799,690868000.2973924,33115314.6577598,-0.48118249787727374,2019-01-02,해당 없음,해당 없음,A80,기본,롤링14년 2007-06-01,14
3113087842.063503,910500000.0,599590183.0512065,910500.0,0.1395604200618277,-0.26657234381133543,-0.26787307298855945,152,33126986.386398166,2019-12-23,854455120.3437755,686976430.0793629,32943923.22658333,-0.48118249787727363,2019-01-02,해당 없음,해당 없음,A80,기본,롤링14년 2007-07-02,14
3216118034.6320586,906000000.0,629919757.0516895,906000.0,0.14328125020113633,-0.26656748783828754,-0.26787208258750694,123,30064539.421096265,2019-12-26,851399716.1737552,684827560.677089,32833830.000920184,-0.48118249787727385,2019-01-02,해당 없음,해당 없음,A80,기본,롤링14년 2007-08-01,14
3296315242.0943165,910500000.0,651730954.7451782,910500.0,0.14565036605729917,-0.2665367050761135,-0.26786604275088777,182,34936495.71197951,2020-01-06,832149015.4424467,667794598.297056,32143108.292034563,-0.48118249787727396,2019-01-02,해당 없음,해당 없음,A80,기본,롤링14년 2007-09-04,14
3134662989.2085876,906000000.0,607691198.122011,906000.0,0.14047029499541225,-0.26651458289599905,-0.26786195353654074,183,37080723.64623648,2020-01-16,818747809.3817788,655583797.7321514,31655747.439470064,-0.48118249787727385,2019-01-02,해당 없음,해당 없음,A80,기본,롤링14년 2007-10-01,14
3317454586.6899824,906000000.0,659338346.1378975,906000.0,0.14664644496626209,-0.266504355559427,-0.2678601327385286,183,35697304.01573834,2020-01-17,812561078.004496,649348447.6724639,31433134.980814416,-0.48118249787727396,2019-01-02,해당 없음,해당 없음,A80,기본,롤링14년 2007-11-01,14
3311314745.146921,910500000.0,656365052.9818332,910500.0,0.14617617884156373,-0.2664968549306401,-0.2678588247453927,182,33018038.972988665,2020-01-21,808170339.4559392,648689786.4995222,31270731.034432057,-0.4811824978772735,2019-01-02,해당 없음,해당 없음,A80,기본,롤링14년 2007-12-03,14
3435873709.514933,906000000.0,692951589.3919111,906000.0,0.15034994663787388,-0.26647988915314935,-0.267855952920689,182,33313302.458633482,2020-01-30,798038344.3493901,640954594.5961728,30906590.495002422,-0.4811824978772741,2019-01-02,해당 없음,해당 없음,A80,기본,롤링14년 2008-01-02,14
3305451966.124478,906000000.0,648219829.0518006,906000.0,0.1461556649036382,-0.2664844512955591,-0.2678567126536231,123,27007407.6793606,2020-01-23,1038761067.2905153,876366724.1111542,31004152.62807076,-0.4811824978772741,2019-01-02,해당 없음,해당 없음,A80,기본,롤링14년 2008-02-01,14
3243653465.104377,910500000.0,629305218.7336308,910500.0,0.1439967132335642,-0.2664896656751219,-0.2678575917759557,43,20669515.871300578,2020-01-23,1042788368.622519,882854034.77543,31116127.13323545,-0.48118249787727363,2019-01-02,해당 없음,해당 없음,A80,기본,롤링14년 2008-03-03,14
3259828984.2485127,906000000.0,635982028.2248055,906000.0,0.14472203663043684,-0.26644557671045366,-0.26785049987556475,181,28924737.50706756,2020-02-05,1010471137.7755262,852328010.4115794,30183729.30536019,-0.4811824978772741,2019-01-02,해당 없음,해당 없음,A80,기본,롤링14년 2008-04-01,14
3026642345.5693526,906000000.0,570981579.0912213,906000.0,0.1367599460201935,-0.2664033551049425,-0.2678444034710248,218,36201298.77882272,2020-02-19,980359196.0183502,824212615.3422515,29319611.390049998,-0.48118249787727374,2019-01-02,해당 없음,해당 없음,A80,기본,롤링14년 2008-05-01,14
2962489073.9639454,910500000.0,551924767.1679323,910500.0,0.13419956928979657,-0.2663832018683022,-0.26784173714782333,236,37072875.617162794,2020-07-20,966169156.6373218,811762365.9833887,28916742.415039655,-0.48118249787727374,2019-01-02,해당 없음,해당 없음,A80,기본,롤링14년 2008-06-02,14
2891028403.673144,906000000.0,532861538.87203836,906000.0,0.1317581685834365,-0.2663877096309023,-0.2678423186047053,183,31077643.15771374,2020-07-20,969070524.0750744,817403217.9910305,29006487.954984196,-0.48118249787727385,2019-01-02,해당 없음,해당 없음,A80,기본,롤링14년 2008-07-01,14
3100920863.836218,906000000.0,591712977.0934706,906000.0,0.13940081530374818,-0.26639998305667434,-0.26784394364217745,120,23101530.512414783,2020-02-19,977785719.8673337,826855262.0575526,29252313.324183896,-0.4811824978772742,2019-01-02,해당 없음,해당 없음,A80,기본,롤링14년 2008-08-01,14
2993383044.603642,910500000.0,561573715.0665606,910500.0,0.13530528893196386,-0.2663275692026519,-0.26783429444341444,243,37087050.04385382,2020-08-04,928663344.5893002,783710911.2012663,27854265.88706159,-0.48118249787727374,2019-01-02,해당 없음,해당 없음,A80,기본,롤링14년 2008-09-02,14
2909490506.7484894,906000000.0,539318194.9792666,906000.0,0.13242954347662428,-0.2663297170707587,-0.2678345707321548,199,31413377.738606125,2020-08-04,926435878.6999801,789602463.8334694,27894249.027138945,-0.48118249787727385,2019-01-02,해당 없음,해당 없음,A80,기본,롤링14년 2008-10-01,14
3074351800.572222,910500000.0,583641519.8847984,910500.0,0.1381634783282487,-0.26638216806805026,-0.2678415965408302,31,12875410.41108954,2020-07-20,955493435.8124433,826263234.4462976,28896682.519282307,-0.48118249787727363,2019-01-02,해당 없음,해당 없음,A80,기본,롤링14년 2008-11-03,14
3088934912.298909,906000000.0,588558035.97822,906000.0,0.13889752151704485,-0.26638204105238816,-0.2678415781327187,9,8227404.208069563,2020-07-20,959727095.6158402,834938491.8162384,28893847.262160882,-0.48118249787727374,2019-01-02,해당 없음,해당 없음,A80,기본,롤링14년 2008-12-01,14
2773386608.564404,906000000.0,500748258.6006351,906000.0,0.12726445518157012,-0.2663332965248678,-0.2700105947014383,43,15909038.731005937,2020-08-04,923270808.708009,800918204.1923473,27961290.662074223,-0.48118249787727396,2019-01-02,해당 없음,해당 없음,A80,기본,롤링14년 2009-01-02,14
2988277760.376296,910500000.0,552869996.6165268,910500.0,0.13509746383201973,-0.266345226579207,-0.267836615743584,8,10242854.161921352,2020-08-03,1188114799.5127456,919416642.1530817,254593243.75668454,-0.8082480024052339,2023-01-03,해당 없음,해당 없음,A80,기본,롤링14년 2009-02-02,14
3028192381.039409,910500000.0,564061568.2190402,910500.0,0.13659807933169782,-0.2663438329650969,-0.26783642810065966,5,8518201.160598218,2020-08-03,1190719499.80804,924248781.1608692,254373301.6429607,-0.8082480024052343,2023-01-03,해당 없음,해당 없음,A80,기본,롤링14년 2009-03-02,14
3118044970.3436017,906000000.0,591594941.342652,906000.0,0.1399295911985396,-0.26629821668143483,-0.2678303137939735,3,6165662.143614352,2020-08-18,1145024669.2083452,884610223.2222341,247459143.40287864,-0.8082480024052344,2023-01-03,해당 없음,해당 없음,A80,기본,롤링14년 2009-04-01,14
3158963302.023619,906000000.0,603789875.7017822,906000.0,0.14142748142383096,-0.2662624123084214,-0.2678242418980409,5,5525040.572549403,2020-08-24,1112423895.5369425,856444571.5754509,242487437.31512696,-0.8082480024052342,2023-01-03,해당 없음,해당 없음,A80,기본,롤링14년 2009-05-01,14
3162881131.775419,906000000.0,605714110.5268011,906000.0,0.1414680125172121,-0.26621857680858063,-0.26781706761489343,6,6018892.955669731,2020-08-28,1081967144.0465298,830382621.188365,236608180.50287303,-0.8082480024052343,2023-01-03,해당 없음,해당 없음,A80,기본,롤링14년 2009-06-01,14
3321328793.160585,906000000.0,650743525.1575875,906000.0,0.1467508950880393,-0.2661971952712193,-0.26781367167927717,7,6387612.54510355,2020-09-01,1068128190.7003593,819184668.4629978,233820268.428027,-0.8082480024052341,2023-01-03,해당 없음,해당 없음,A80,기본,롤링14년 2009-07-01,14
3246303260.0608397,910500000.0,629538512.6501265,910500.0,0.14406837765887548,-0.2661353265719648,-0.26779880745144,3,645118.4512719214,2020-09-02,1031473615.4209304,786711158.2784677,226825048.64521745,-0.8082480024052342,2023-01-03,해당 없음,해당 없음,A80,기본,롤링14년 2009-08-03,14
3263948958.35588,906000000.0,636249033.8464454,906000.0,0.14484145345949687,-0.26609433326210963,-0.2677840354539581,3,3208852.080988735,2021-02-05,1013169613.8673782,772859767.9830936,223088427.36590928,-0.8082480024052342,2023-01-03,해당 없음,해당 없음,A80,기본,롤링14년 2009-09-01,14
3108264130.4618225,906000000.0,592480811.9646289,906000.0,0.13961946481037443,-0.26608498126738545,-0.26778072374674744,1,308691.308691293,2021-02-08,1008631860.687321,768756120.198456,222246069.6905535,-0.8082480024052342,2023-01-03,해당 없음,해당 없음,A80,기본,롤링14년 2009-10-01,14
3055515528.82834,910500000.0,576850715.9997318,910500.0,0.13753097967397127,-0.26604217870070934,-0.26776562851201124,1,501673.58203318715,2021-04-01,990166252.139863,753985576.532102,218450028.81117883,-0.8082480024052342,2023-01-03,해당 없음,해당 없음,A80,기본,롤링14년 2009-11-02,14
3114942237.6388826,906000000.0,596034603.1976522,906000.0,0.1398088852127162,-0.2659688508195025,-0.2677406146456326,24,8675505.349799365,2021-04-09,957306467.7226884,726187248.0174885,212119160.10967398,-0.8082480024052342,2023-01-03,해당 없음,해당 없음,A80,기본,롤링14년 2009-12-01,14
3234337180.188948,910500000.0,625270631.5227259,910500.0,0.143618903321229,-0.2659250180333236,-0.2677262905739519,46,11679278.409235597,2021-04-16,1420496299.0750275,1049061182.5378494,208421262.52454078,-0.8082480024052343,2023-01-03,해당 없음,해당 없음,A80,기본,롤링14년 2010-01-04,14
3391698245.232731,906000000.0,670760152.1528881,906000.0,0.1489523486063885,-0.26592731064158004,-0.2677270923323226,11,6502124.130561173,2021-04-16,1421818170.283658,1053585709.7301564,208598810.28319275,-0.8082480024052342,2023-01-03,해당 없음,해당 없음,A80,기본,롤링14년 2010-02-01,14
3491331835.71522,906000000.0,699372722.2972621,906000.0,0.15209493625076356,-0.2658850358279765,-0.26771306819541385,4,1858152.2349312603,2021-06-10,1398180403.66393,1033922233.3811231,205162765.83436516,-0.8082480024052341,2023-01-03,해당 없음,해당 없음,A80,기본,롤링14년 2010-03-01,14
3560580497.435614,906000000.0,719572832.7601628,906000.0,0.15431740607573635,-0.26583119901996854,-0.267695990009138,22,6433879.232990593,2021-06-22,1368349372.8718433,1008553394.6849052,200848899.18676102,-0.8082480024052342,2023-01-03,해당 없음,해당 없음,A80,기본,롤링14년 2010-04-01,14
3455331625.2428555,910500000.0,689149320.7533319,910500.0,0.15078018716278307,-0.2657860271757835,-0.26768245892848275,62,9402467.19070986,2021-07-01,1343780418.9891005,988331272.8771461,197267935.04809946,-0.8082480024052341,2023-01-03,해당 없음,해당 없음,A80,기본,롤링14년 2010-05-03,14
3611312154.337974,906000000.0,734462035.457659,906000.0,0.15570717473781048,-0.26577339773288733,-0.26767885887733067,22,6672444.952957809,2021-07-01,1336990990.6764317,986748905.0647727,196259165.31803113,-0.8082480024052341,2023-01-03,해당 없음,해당 없음,A80,기본,롤링14년 2010-06-01,14
3745799238.101442,906000000.0,772172711.1666415,906000.0,0.15973344230854755,-0.2657805803774216,-0.26768094364838824,3,884947.8447577357,2021-07-01,1341289567.463709,993154198.3461165,196816901.955875,-0.8082480024052341,2023-01-03,해당 없음,해당 없음,A80,기본,롤링14년 2010-07-01,14
3618574870.8600144,910500000.0,735856465.9107573,910500.0,0.15575743944975187,-0.26571373252221475,-0.2676626886467801,30,7239285.181265563,2021-07-09,1304751881.659027,961388836.1632566,191569230.12743875,-0.8082480024052343,2023-01-03,해당 없음,해당 없음,A80,기본,롤링14년 2010-08-02,14
3654547874.434554,906000000.0,747236975.91819,906000.0,0.15700896596764555,-0.2657077141331641,-0.26766117815277113,1,308691.308691293,2021-07-09,1301639848.505025,961211874.9914519,191090467.75331923,-0.808248002405234,2023-01-03,해당 없음,해당 없음,A80,기본,롤링14년 2010-09-01,14
3612598363.8724084,906000000.0,736599236.0997168,906000.0,0.15573916246185168,-0.2656615655925755,-0.26766126261367507,3,5884604.290202111,2021-07-23,1264756358.027563,930779504.5264144,186357429.22471932,-0.8082480024052343,2023-01-03,해당 없음,해당 없음,A80,기본,롤링14년 2010-10-01,14
3669884090.8426332,906000000.0,753833199.3410027,906000.0,0.15741248599186863,-0.26561656938234,-0.2676616203814266,9,11207313.237208158,2021-08-13,1232353205.448667,904225777.9070415,181922155.29667288,-0.8082480024052343,2023-01-03,해당 없음,해당 없음,A80,기본,롤링14년 2010-11-01,14
3822279103.560758,906000000.0,797696506.7238508,906000.0,0.16183553148649205,-0.26556359489490966,-0.2676624081585035,32,17667121.680767983,2021-08-30,1198790034.2908504,876923547.2312802,176906985.925875,-0.8082480024052341,2023-01-03,해당 없음,해당 없음,A80,기본,롤링14년 2010-12-01,14
3867008987.020855,910500000.0,797890970.9354556,910500.0,0.16283747394167047,-0.2655246917262708,-0.26766324584131607,37,20970510.86949134,2021-10-29,1343413271.5813699,998765114.4525062,173364288.36276016,-0.8082480024052342,2023-01-03,해당 없음,해당 없음,A80,기본,롤링14년 2011-01-03,14
3872874340.5583615,906000000.0,801420197.8116924,906000.0,0.16316720824820455,-0.26549393510744457,-0.26766406982780966,50,22468420.74069634,2021-11-02,1322931052.1408477,981646022.0209506,170641640.23355994,-0.8082480024052342,2023-01-03,해당 없음,해당 없음,A80,기본,롤링14년 2011-02-01,14
3804432752.819169,906000000.0,782651729.3194978,906000.0,0.16132809295271738,-0.2654634047513187,-0.26766503550537857,103,23671308.785545975,2021-11-03,1303101135.1092603,966452052.7149734,167999354.62201217,-0.8082480024052343,2023-01-03,해당 없음,해당 없음,A80,기본,롤링14년 2011-03-01,14
3666758912.906519,906000000.0,743894436.2429357,906000.0,0.1573561738976754,-0.2654544146600407,-0.2676653448615083,50,20815659.594727844,2021-11-03,1297347028.0837445,962422989.7828066,167233342.910544,-0.8082480024052341,2023-01-03,해당 없음,해당 없음,A80,기본,롤링14년 2011-04-01,14
3516174426.885629,910500000.0,700679075.4009509,910500.0,0.15269712084989448,-0.26542483745958023,-0.26766646523015103,91,21753355.348603696,2021-11-05,1278702681.7052038,947200375.5367606,164754090.92262116,-0.8082480024052342,2023-01-03,해당 없음,해당 없음,A80,기본,롤링14년 2011-05-02,14
3543534418.4054,906000000.0,709659195.5575559,906000.0,0.153722951183522,-0.2654175764468337,-0.26766676065657047,37,18432502.922450364,2021-11-18,1274201219.1830451,945477142.5835071,164148225.255606,-0.808248002405234,2023-01-03,해당 없음,해당 없음,A80,기본,롤링14년 2011-06-01,14
3606521704.7287135,906000000.0,727827860.6414444,906000.0,0.1555874005587775,-0.2653927162215618,-0.26766784457742465,38,18363985.310501814,2021-12-27,1258943728.169451,933320613.451216,162117943.50777608,-0.8082480024052342,2023-01-03,해당 없음,해당 없음,A80,기본,롤링14년 2011-07-01,14
3773594624.886535,906000000.0,774837475.9281588,906000.0,0.16043338947925678,-0.2653922821117741,-0.26766785999003306,32,14087929.70752421,2021-12-27,1258623273.2210257,933945170.0000472,162081525.96791804,-0.8082480024052341,2023-01-03,해당 없음,해당 없음,A80,기본,롤링14년 2011-08-01,14
3860886152.5913863,906000000.0,799065401.6345469,906000.0,0.16295861718915516,-0.2654012010386897,-0.26766745542751924,3,3279839.282896757,2021-12-27,1264403309.6606307,941995297.7106586,162794277.225038,-0.8082480024052344,2023-01-03,해당 없음,해당 없음,A80,기본,롤링14년 2011-09-01,14
4042808086.3101773,910500000.0,849692936.9692276,910500.0,0.16763727231037687,-0.26536243161507256,-0.26766930618536755,1,308691.308691293,2023-04-28,1241908816.360873,925249825.2629822,159675329.35178852,-0.8082480024052342,2023-01-03,해당 없음,해당 없음,A80,기본,롤링14년 2011-10-03,14
4086702885.3998995,906000000.0,864663457.8950672,906000.0,0.16895676774459228,-0.2652959718274108,-0.26767309238542825,4,3008278.7995818555,2023-05-26,1201898003.7998254,890881696.5257374,154555691.79490262,-0.8082480024052339,2023-01-03,해당 없음,해당 없음,A80,기본,롤링14년 2011-11-01,14
4130852964.579815,906000000.0,877783694.9161959,906000.0,0.17021337702882,-0.2652534627714339,-0.2676759432824902,3,1365884.9625569284,2023-06-12,1177991004.0646691,872386436.2919077,151397859.96084225,-0.8082480024052342,2023-01-03,해당 없음,해당 없음,A80,기본,롤링14년 2011-12-01,14
4012240154.3310604,910500000.0,838262395.5483193,910500.0,0.16680270896053992,-0.26520529916763325,-0.2676785480601289,1,308691.3086913228,2023-06-15,1395150589.6149197,1034810260.736443,148002349.0371946,-0.8082480024052342,2023-01-03,해당 없음,해당 없음,A80,기본,롤링14년 2012-01-03,14
4043302852.511693,906000000.0,849252034.4912387,906000.0,0.16783773760601423,-0.2651358711424564,-0.267669471264536,4,3181449.3584881723,2023-06-30,1359257158.2351475,1003521918.3607147,144154964.31220868,-0.8082480024052341,2023-01-03,해당 없음,해당 없음,A80,기본,롤링14년 2012-02-01,14
3985601353.670467,906000000.0,833798762.4018338,906000.0,0.16638671498653593,-0.26508280144131446,-0.2676718767542362,15,7857064.555542588,2023-07-19,1330269169.2914562,978430727.1461774,140775143.04716364,-0.8082480024052341,2023-01-03,해당 없음,해당 없음,A80,기본,롤링14년 2012-03-01,14
3899221671.8147063,910500000.0,809126346.0782135,910500.0,0.1638219437064348,-0.2650228173351612,-0.2676795561266615,91,14022038.37447697,2023-11-14,1296515298.1909585,949915221.1280897,136840526.30899784,-0.8082480024052341,2023-01-03,해당 없음,해당 없음,A80,기본,롤링14년 2012-04-02,14
4139557584.9468513,906000000.0,878365154.222505,906000.0,0.17039841602574146,-0.26500529953559837,-0.2676821619672892,66,12405455.113160312,2023-12-01,1286770361.3684626,943780569.7398056,135701281.1187014,-0.8082480024052343,2023-01-03,해당 없음,해당 없음,A80,기본,롤링14년 2012-05-01,14
4498337172.301561,906000000.0,979258066.687558,906000.0,0.17937171904049176,-0.26501474077557585,-0.2676807927997724,11,5900722.821197301,2023-12-01,1291971932.8417444,952131007.1667925,136292226.49485198,-0.8082480024052339,2023-01-03,해당 없음,해당 없음,A80,기본,롤링14년 2012-06-01,14
4428337350.105618,910500000.0,959022158.0092709,910500.0,0.17747145569780023,-0.2649583815260602,-0.2676833730853614,59,10240649.62354356,2023-12-07,1264055887.2474911,928200427.1497711,133050047.41713871,-0.8082480024052341,2023-01-03,해당 없음,해당 없음,A80,기본,롤링14년 2012-07-02,14
4032096871.4045153,906000000.0,848755889.099097,906000.0,0.16756029583320148,-0.264933101996477,-0.26768174137362444,56,9056615.728373557,2023-12-11,1253185767.5065408,920298416.306657,131783687.82433191,-0.8082480024052342,2023-01-03,해당 없음,해당 없음,A80,기본,롤링14년 2012-08-01,14
3917580094.3926964,910500000.0,816083167.864342,910500.0,0.164241377945227,-0.26485558023702427,-0.26767638776540614,73,14644891.157203585,2023-12-13,1221165327.0344489,892880357.8728027,128063287.00785704,-0.808248002405234,2023-01-03,해당 없음,해당 없음,A80,기본,롤링14년 2012-09-04,14
2765546394.875894,1180500000.0,435041413.349013,1180500.0,0.07370442306872292,-0.3324951074232583,-0.6053778720141922,1767,146849226.13259435,2016-11-10,1004821713.2074568,598880213.0200982,60892992.23416491,-0.9774556918274715,2019-01-02,해당 없음,해당 없음,A80,기본,롤링19년 2000-01-03,19
2946046001.632002,1176000000.0,486396054.7742374,1176000.0,0.07898951452677033,-0.33260797717034796,-0.6056785720761799,1660,141102011.51626158,2016-11-10,1007924323.9982392,603754660.5005395,61025521.228700206,-0.9774556918274713,2019-01-02,해당 없음,해당 없음,A80,기본,롤링19년 2000-02-01,19
3039829916.2845955,1176000000.0,513953865.1580633,1176000.0,0.0815596593160732,-0.33216247348962336,-0.5972563963575175,1666,141466210.9804313,2016-11-15,995608164.442738,593188452.0026112,60490319.80870878,-0.9774556918274714,2019-01-02,해당 없음,해당 없음,A80,기본,롤링19년 2000-03-01,19
3174256232.8195996,1180500000.0,549742744.1926241,1180500.0,0.08489724315769555,-0.3317612609278968,-0.5800400566765642,1768,140672260.76840508,2016-11-17,985955783.2115223,593539884.3425443,60058364.5020531,-0.9685540865353301,2019-01-02,해당 없음,해당 없음,A80,기본,롤링19년 2000-04-03,19
3352709974.7856154,1176000000.0,600182429.727248,1176000.0,0.08943425674161977,-0.33198116569282465,-0.5656345029195704,1618,134121935.98262966,2016-11-15,991072515.424901,600824878.5877556,60278213.9636024,-0.9500903972435863,2019-01-02,해당 없음,해당 없음,A80,기본,롤링19년 2000-05-01,19
3178108461.391206,1176000000.0,549709666.8391861,1176000.0,0.08513496665697816,-0.33197265355522054,-0.5657218690914427,1516,129699954.57724267,2016-11-15,990766877.1281079,606086614.62123,60259339.21187923,-0.9479112784836835,2019-01-02,해당 없음,해당 없음,A80,기본,롤링19년 2000-06-01,19
3385703105.2385945,1180500000.0,607450487.4346361,1180500.0,0.09008067399980325,-0.33156566996723424,-0.5661553547854654,1615,128938998.4797855,2016-11-17,981250452.1089017,599793188.0858145,59842845.15523467,-0.9479112784836833,2019-01-02,해당 없음,해당 없음,A80,기본,롤링19년 2000-07-03,19
3447259283.1166573,1176000000.0,625074639.4440248,1176000.0,0.09164799028406007,-0.33169308898201555,-0.5662903989102525,1492,123231689.95076522,2016-11-17,984234297.3942213,605499252.335783,59969040.62334849,-0.94579559078471,2019-01-02,해당 없음,해당 없음,A80,기본,롤링19년 2000-08-01,19
3444789385.6110754,1176000000.0,624921995.5850977,1176000.0,0.0916016355607057,-0.3310798348407169,-0.552561219390739,1619,124846768.82150441,2016-11-21,969231694.0516605,596477586.3437746,59278498.52430005,-0.9457955907847104,2019-01-02,해당 없음,해당 없음,A80,기본,롤링19년 2000-09-01,19
3444082879.372718,1180500000.0,622285156.4191045,1180500.0,0.09145335695673203,-0.3323110667759852,-0.5436916350758442,1491,118072676.67489684,2016-11-21,973839339.8060696,603913573.842813,59532174.6265511,-0.9036884465754984,2019-01-02,해당 없음,해당 없음,A80,기본,롤링19년 2000-10-02,19
3498955401.8614197,1176000000.0,638098536.3705379,1176000.0,0.09282576159354175,-0.33249261112790984,-0.5440474137353348,1457,114353198.22452962,2016-11-21,971550590.9399096,607110497.313637,59436625.28976878,-0.8773540678140491,2019-01-02,해당 없음,해당 없음,A80,기본,롤링19년 2000-11-01,19
3662224923.5215917,1176000000.0,682737564.5855365,1176000.0,0.09648382242265846,-0.3327303555589859,-0.5444276700773844,1449,109360667.80819434,2016-11-21,969991325.7109702,613284714.3548898,59489382.07696957,-0.8005263726753797,2019-01-02,해당 없음,해당 없음,A80,기본,롤링19년 2000-12-01,19
3717436620.9726377,1176000000.0,696592560.2220063,1176000.0,0.0976486237419552,-0.33255257311926567,-0.5443491710275523,1131,105635360.39288333,2016-11-21,963550321.228973,619691676.5509642,59391291.17025928,-0.6714889053426754,2019-01-02,해당 없음,해당 없음,A80,기본,롤링19년 2001-01-02,19
3840556521.4623713,1176000000.0,730811209.5484128,1176000.0,0.10021848787629672,-0.3318491606561196,-0.5116478902993612,1455,107332270.82301259,2016-12-09,1318439225.2394066,941907430.9387883,58699154.63408344,-0.6246577886683433,2019-01-02,해당 없음,해당 없음,A80,기본,롤링19년 2001-02-01,19
3705551020.40144,1176000000.0,690440109.536648,1176000.0,0.0974181831048865,-0.3330121478900995,-0.4882964942209741,643,94757841.68809223,2016-11-21,1345644584.2822053,965429754.1173487,59586273.68379174,-0.48118249787727396,2019-01-02,해당 없음,해당 없음,A80,기본,롤링19년 2001-03-01,19
3278512654.5230536,1180500000.0,566189276.1823627,1180500.0,0.0874951252848399,-0.3341851564606003,-0.4995363649908602,487,86607118.73033908,2016-11-17,1356221966.558869,983070205.74832,59976716.426843844,-0.48118249787727385,2019-01-02,해당 없음,해당 없음,A80,기본,롤링19년 2001-04-02,19
3600222842.7487354,1176000000.0,660836749.9751302,1176000.0,0.09510369273235902,-0.3317245188165784,-0.48777375589957306,664,94867305.96311592,2016-12-09,1315432229.3883145,949334776.8587713,58562650.46773164,-0.4811824978772733,2019-01-02,해당 없음,해당 없음,A80,기본,롤링19년 2001-05-01,19
3867457705.2590413,1176000000.0,735326606.955454,1176000.0,0.10081988360469865,-0.3319170481153456,-0.45795088625843694,640,88760906.94158533,2016-12-09,1319764305.205422,956193536.220035,58730924.20518685,-0.4811824978772735,2019-01-02,해당 없음,해당 없음,A80,기본,롤링19년 2001-06-01,19
3889093336.400322,1180500000.0,739976595.6547215,1180500.0,0.10111930187356273,-0.33166636908532465,-0.4394129353778893,624,86344096.19371119,2016-12-09,1313833490.856426,953093168.7723901,58496046.682643734,-0.4811824978772735,2019-01-02,해당 없음,해당 없음,A80,기본,롤링19년 2001-07-02,19
4105723342.949386,1176000000.0,801526742.8130082,1176000.0,0.10549888110240993,-0.3317431934125926,-0.4199699640909754,491,81213370.53957991,2016-12-09,1315510801.2496943,957727241.178839,58558347.11001587,-0.48118249787727385,2019-01-02,해당 없음,해당 없음,A80,기본,롤링19년 2001-08-01,19
4411844044.165765,1180500000.0,884295961.2428302,1180500.0,0.11101406199973284,-0.33295464015791254,-0.4131225250484788,374,67931424.27390254,2016-11-21,1347739691.2000055,984179589.3746406,59490746.091443226,-0.48118249787727363,2019-01-02,해당 없음,해당 없음,A80,기본,롤링19년 2001-09-04,19
4237925242.519049,1176000000.0,835887044.5932363,1176000.0,0.10799211999326425,-0.3357676611723601,-0.417356559594916,318,54324578.47577876,2016-11-15,1378111478.28971,1011932609.990921,60277221.791685194,-0.48118249787727385,2019-01-02,해당 없음,해당 없음,A80,기본,롤링19년 2001-10-01,19
3934758961.9476914,1176000000.0,751785922.8859885,1176000.0,0.10215098528073675,-0.3320050267582805,-0.4147977564853672,374,65512292.334653094,2016-12-09,1322552308.1131816,968162189.2564366,58767426.104235455,-0.48118249787727385,2019-01-02,해당 없음,해당 없음,A80,기본,롤링19년 2001-11-01,19
4253418873.546238,1180500000.0,841694606.2845417,1180500.0,0.1081606288328157,-0.3309504619594956,-0.41715680031516256,402,68730395.51350246,2016-12-15,1293146291.0733054,948302149.5696338,57933776.38573929,-0.48118249787727385,2019-01-02,해당 없음,해당 없음,A80,기본,롤링19년 2001-12-03,19
4279375384.036721,1176000000.0,850957327.6749548,1176000.0,0.1087514062512787,-0.3286011546336317,-0.4188271531829896,472,71736244.58467707,2016-12-20,1270998967.8196354,931702354.2586834,57092479.18743071,-0.4811824978772734,2019-01-02,해당 없음,해당 없음,A80,기본,롤링19년 2002-01-02,19
4356370444.018634,1176000000.0,859526327.718243,1176000.0,0.11018220423297084,-0.32921052633383474,-0.40559965426223454,417,66992130.78551169,2016-12-20,1612563800.7792635,1251170725.2944157,57113394.24050389,-0.48118249787727385,2019-01-02,해당 없음,해당 없음,A80,기본,롤링19년 2002-02-01,19
4418669927.098301,1176000000.0,876905657.6545159,1176000.0,0.11133822206519292,-0.3286214567641409,-0.40611891440975967,402,64296033.9066457,2016-12-22,1605231219.9812756,1249243865.2363698,56879649.49808282,-0.4811824978772741,2019-01-02,해당 없음,해당 없음,A80,기본,롤링19년 2002-03-01,19
4548071475.893387,1176000000.0,913721478.7399523,1176000.0,0.1135463144291875,-0.3253437412259427,-0.3913443700531366,418,63973868.542845875,2016-12-27,1590027278.559875,1237478902.602804,56414212.92266682,-0.48118249787727363,2019-01-02,해당 없음,해당 없음,A80,기본,롤링19년 2002-04-01,19
4778835751.340822,1176000000.0,977845165.5875156,1176000.0,0.11742514190195166,-0.28758537191930345,-0.3337196840826311,339,53651856.16540544,2016-12-20,1609850678.7142837,1258126000.3434923,57016939.5926848,-0.48118249787727363,2019-01-02,해당 없음,해당 없음,A80,기본,롤링19년 2002-05-01,19
4868374207.088674,1180500000.0,1000808131.0552018,1180500.0,0.11875689280910266,-0.26843483564546533,-0.26921007746978864,247,41107767.2108286,2016-12-15,1637467690.0080419,1284563016.4233618,57865486.45176007,-0.48118249787727396,2019-01-02,해당 없음,해당 없음,A80,기본,롤링19년 2002-06-03,19
5159115754.050582,1176000000.0,1082852189.8982255,1176000.0,0.12339070672399657,-0.2686049342745114,-0.26936669886470255,67,26292379.194840714,2016-12-09,1672858358.551134,1318422677.008086,58934925.48631285,-0.48118249787727374,2019-01-02,해당 없음,해당 없음,A80,기본,롤링19년 2002-07-01,19
5479593126.538649,1176000000.0,1171969985.808439,1176000.0,0.1280865518564618,-0.26877250619400406,-0.2695206978539313,9,11415207.687781274,2016-11-17,1709409834.3565388,1352252944.6111832,60051446.45346664,-0.48118249787727385,2019-01-02,해당 없음,해당 없음,A80,기본,롤링19년 2002-08-01,19
5676402173.941495,1180500000.0,1226594330.7594392,1180500.0,0.13068527755111073,-0.2686907440118641,-0.26944607854123215,17,12337804.331544846,2016-11-21,1690478682.0770624,1337995019.9937048,59458517.81881295,-0.4811824978772741,2019-01-02,해당 없음,해당 없음,A80,기본,롤링19년 2002-09-03,19
5415514862.549853,1176000000.0,1154464839.032842,1176000.0,0.1271460172850055,-0.26862620604242515,-0.2693864396619444,9,11410826.521609515,2016-11-23,1677696270.9861846,1329332795.4406464,59058980.88506125,-0.48118249787727396,2019-01-02,해당 없음,해당 없음,A80,기본,롤링19년 2002-10-01,19
5632825600.670176,1176000000.0,1217168263.0155907,1176000.0,0.1302372167819732,-0.26840052216383214,-0.26917996846736514,41,15766717.221300274,2016-12-19,1625748594.563097,1284585308.946985,57538633.22672875,-0.48118249787727374,2019-01-02,해당 없음,해당 없음,A80,기본,롤링19년 2002-11-01,19
5535907826.707901,1180500000.0,1189433597.716834,1180500.0,0.12876715038289568,-0.2682695286536734,-0.2690628591776165,75,21819362.99708894,2016-12-27,1592313056.326422,1254771393.0955114,56483307.00886532,-0.4811824978772741,2019-01-02,해당 없음,해당 없음,A80,기본,롤링19년 2002-12-02,19
5858223794.904069,1176000000.0,1281014337.8017066,1176000.0,0.13322583052642561,-0.26833258186261044,-0.2691195514865159,39,12230170.13334006,2016-12-22,1607424277.3868482,1271861364.9668024,56962146.73171728,-0.4811824978772735,2019-01-02,해당 없음,해당 없음,A80,기본,롤링19년 2003-01-02,19
5700120504.549114,1180500000.0,1221166089.037239,1180500.0,0.13099235608658544,-0.26836585071125996,-0.269149270003327,10,5008118.11508745,2016-12-20,2031560786.6995022,1682094433.850567,57233045.4810447,-0.48118249787727385,2019-01-02,해당 없음,해당 없음,A80,기본,롤링19년 2003-02-03,19
5493064182.916829,1180500000.0,1162840630.8259854,1180500.0,0.12816944032433936,-0.26834451042225405,-0.2691302357123645,2,1019603.988180697,2016-12-20,2024751082.2550342,1676715612.742835,57057114.710769564,-0.48118249787727385,2019-01-02,해당 없음,해당 없음,A80,기본,롤링19년 2003-03-03,19
5507414545.353642,1176000000.0,1169979858.7327585,1176000.0,0.12846209549167564,-0.2681276396526927,-0.2689366890249417,8,3460753.9809527695,2017-03-01,1957210893.638496,1619187265.1530774,55332507.882355936,-0.48118249787727374,2019-01-02,해당 없음,해당 없음,A80,기본,롤링19년 2003-04-01,19
5143355066.397706,1176000000.0,1068350936.3900205,1176000.0,0.1231839292230814,-0.26801823568614014,-0.26884151283647983,1,1083553.1907489896,2017-05-01,1913279572.3862753,1582053608.3210826,54327411.72253882,-0.4811824978772741,2019-01-02,해당 없음,해당 없음,A80,기본,롤링19년 2003-05-01,19
4982165254.3140745,1180500000.0,1023172942.4732654,1180500.0,0.12058188622765958,-0.26783263778344735,-0.26867398636758244,22,8565784.145880133,2017-06-02,1863601119.290707,1539856951.7294176,53101040.941396795,-0.48118249787727363,2019-01-02,해당 없음,해당 없음,A80,기본,롤링19년 2003-06-02,19
4810454895.583075,1176000000.0,976629156.9396112,1176000.0,0.1179423860971483,-0.26774858254814715,-0.26859705675996814,25,9564006.789532244,2017-06-07,1845214667.2573972,1524818070.494522,52632406.21149021,-0.4811824978772741,2019-01-02,해당 없음,해당 없음,A80,기본,롤링19년 2003-07-01,19
5087305880.439245,1176000000.0,1055468601.5745981,1176000.0,0.1223439059034206,-0.2676709279354351,-0.2685261437622941,25,10189374.900094688,2017-07-19,1827208768.7644835,1509957132.3312497,52196081.8779409,-0.48118249787727385,2019-01-02,해당 없음,해당 없음,A80,기본,롤링19년 2003-08-01,19
5012225650.255063,1180500000.0,1034659914.3212656,1180500.0,0.1210390755724746,-0.2675185962055544,-0.26838988627425686,59,17708159.104162276,2017-08-09,1788266424.300198,1475496558.6465898,51177359.45099734,-0.48118249787727374,2019-01-02,해당 없음,해당 없음,A80,기본,롤링19년 2003-09-02,19
4863966358.299502,1176000000.0,993784075.1062214,1176000.0,0.11879399844674242,-0.26751498844329547,-0.26838675360994413,35,13470727.670807123,2017-08-09,1787205878.6917195,1476435062.7279992,51147850.11197309,-0.4811824978772741,2019-01-02,해당 없음,해당 없음,A80,기본,롤링19년 2003-10-01,19
4884162734.877089,1180500000.0,1000330263.335162,1180500.0,0.11900001656266229,-0.2673364813105604,-0.26822986951704575,129,24426627.601855844,2017-10-02,1736123079.1050696,1432260566.456427,49832341.89432261,-0.4811824978772735,2019-01-02,해당 없음,해당 없음,A80,기본,롤링19년 2003-11-03,19
4850277229.458637,1176000000.0,992684971.6934353,1176000.0,0.11857176976055465,-0.2672778052204734,-0.26818191187883866,142,27247200.243033886,2017-10-06,1712498323.5717006,1413119713.8938894,49202522.91137568,-0.4811824978772742,2019-01-02,해당 없음,해당 없음,A80,기본,롤링19년 2003-12-01,19
4415319812.09925,1176000000.0,870703469.7310522,1176000.0,0.11123921751780828,-0.2685098349738604,-0.2756107978393353,396,30309960.045731515,2017-11-08,1687967456.9005733,1393200462.8643122,48549681.73617938,-0.48118249787727385,2019-01-02,해당 없음,해당 없음,A80,기본,롤링19년 2004-01-02,19
4698911622.427264,1180500000.0,938206516.0893034,1180500.0,0.11598356702120934,-0.26721308476492256,-0.26813425644935873,396,29429528.50737062,2017-12-15,2097198250.7807932,1574345813.0048497,420917111.4039154,-0.8082480024052341,2023-01-03,해당 없음,해당 없음,A80,기본,롤링19년 2004-02-02,19
4759640392.043737,1176000000.0,957294099.8095129,1176000.0,0.11712799572484058,-0.26718753222938274,-0.26811887465365725,430,31381108.404584825,2018-01-08,2071088042.1867907,1554760697.8122864,416167742.2350621,-0.8082480024052343,2023-01-03,해당 없음,해당 없음,A80,기본,롤링19년 2004-03-01,19
4992716914.981384,1176000000.0,1022387211.6577165,1176000.0,0.1208484605271974,-0.26719649833903625,-0.2681242957086346,139,24533170.728161067,2017-12-18,2080205487.9121194,1563973896.459326,417810472.449988,-0.808248002405234,2023-01-03,해당 없음,해당 없음,A80,기본,롤링19년 2004-04-01,19
5074284086.070276,1180500000.0,1044283221.6224123,1180500.0,0.12201345267248907,-0.2671827851874068,-0.2681160274723007,130,23329819.220343977,2018-01-08,2066424069.593667,1555310566.2127283,415290624.8390426,-0.8082480024052344,2023-01-03,해당 없음,해당 없음,A80,기본,롤링19년 2004-05-03,19
5193840275.632074,1176000000.0,1079955867.1480227,1176000.0,0.12392027754223647,-0.2671638386046413,-0.26810475205799844,139,23660892.65450099,2018-01-12,2047166935.7838664,1539555706.908833,411791346.7449401,-0.8082480024052343,2023-01-03,해당 없음,해당 없음,A80,기본,롤링19년 2004-06-01,19
5474968864.819923,1176000000.0,1159699876.5447226,1176000.0,0.1280221787780699,-0.2671475631241539,-0.2680952022888029,140,23278859.81820053,2018-01-17,2030579169.413869,1526961251.2206907,408769407.7904647,-0.8082480024052341,2023-01-03,해당 없음,해당 없음,A80,기본,롤링19년 2004-07-01,19
5542611168.507624,1180500000.0,1177213714.1641326,1180500.0,0.12888222432949642,-0.2671423977947661,-0.26809220022917835,129,19938970.93691504,2018-01-17,2025400573.388284,1525910993.6273048,407805187.9940261,-0.808248002405234,2023-01-03,해당 없음,해당 없음,A80,기본,롤링19년 2004-08-02,19
5565693769.958754,1176000000.0,1184953178.796523,1176000.0,0.12927531253438138,-0.2671343350916531,-0.2680874649277355,120,17371196.143939197,2018-01-17,2017375225.13736,1521407489.043671,406331969.0631425,-0.8082480024052343,2023-01-03,해당 없음,해당 없음,A80,기본,롤링19년 2004-09-01,19
5232879744.577102,1176000000.0,1092517994.743351,1176000.0,0.12452290458654072,-0.2670897704289239,-0.2680583496776816,147,22136144.61878416,2018-01-23,1978726461.776188,1490820526.1378314,399631549.69405156,-0.8082480024052344,2023-01-03,해당 없음,해당 없음,A80,기본,롤링19년 2004-10-01,19
5098621962.593582,1176000000.0,1054853948.9150422,1176000.0,0.12246610811508313,-0.2670810726310856,-0.26805283924925805,130,19501545.73383835,2018-01-23,1970718963.952787,1484954875.4177108,398275582.9277428,-0.8082480024052343,2023-01-03,해당 없음,해당 없음,A80,기본,롤링19년 2004-11-01,19
5403328074.952086,1176000000.0,1141358590.7920609,1176000.0,0.1269850559440863,-0.26706515781753826,-0.2680427076904912,129,18409792.09477642,2018-01-26,1955761076.2491686,1473206084.8479795,395838643.3104296,-0.8082480024052343,2023-01-03,해당 없음,해당 없음,A80,기본,롤링19년 2004-12-01,19
5686172361.624339,1180500000.0,1212700819.0455136,1180500.0,0.13083003528310022,-0.2670495543091712,-0.2680337455313755,129,17612106.16106209,2018-06-14,2802660403.6629868,2080536125.6462495,393072675.1522301,-0.8082480024052343,2023-01-03,해당 없음,해당 없음,A80,기본,롤링19년 2005-01-03,19
5939364526.334926,1176000000.0,1284887257.495363,1176000.0,0.13428720049017115,-0.2670528417209962,-0.26803548603978133,59,12007330.29785633,2018-06-14,2807596987.7945414,2087489150.7567532,393712103.47343,-0.8082480024052341,2023-01-03,해당 없음,해당 없음,A80,기본,롤링19년 2005-02-01,19
6172211137.008403,1176000000.0,1350803554.8464177,1176000.0,0.13727622759902303,-0.2670421035353032,-0.26802982327297176,55,10300720.468090683,2018-06-15,2791915118.8771024,2076558615.052142,391616266.76492393,-0.8082480024052345,2023-01-03,해당 없음,해당 없음,A80,기본,롤링19년 2005-03-01,19
6398925437.707425,1176000000.0,1414556485.814787,1176000.0,0.14012921245452944,-0.26703937595248495,-0.26802839186698646,25,6389882.811416268,2018-06-15,2788012220.123104,2075745033.2802048,391083452.8655735,-0.8082480024052341,2023-01-03,해당 없음,해당 없음,A80,기본,롤링19년 2005-04-01,19
6277342702.810242,1180500000.0,1378796058.3226068,1180500.0,0.13850175244268448,-0.26703691305037913,-0.26802710145822284,1,797819.2575569153,2018-06-15,2784497564.9671197,2075234666.4953475,390602596.3504543,-0.8082480024052341,2023-01-03,해당 없음,해당 없음,A80,기본,롤링19년 2005-05-02,19
6457350309.478252,1176000000.0,1433007342.0288901,1176000.0,0.14074391329367655,-0.26699527229935005,-0.2680094125546708,23,10339792.46325612,2018-07-10,2711983308.242498,2016191347.601191,381043664.66508484,-0.8082480024052341,2023-01-03,해당 없음,해당 없음,A80,기본,롤링19년 2005-06-01,19
6624363562.39356,1176000000.0,1480555674.943509,1176000.0,0.14277448842525692,-0.26697916002623867,-0.26800286595721234,42,11015880.356624663,2018-07-12,2684501642.1068826,1997055712.6530752,377348734.55901057,-0.8082480024052341,2023-01-03,해당 없음,해당 없음,A80,기본,롤링19년 2005-07-01,19
6541894581.08166,1176000000.0,1458758638.4775176,1176000.0,0.14174324346216108,-0.2669478881524039,-0.26798968895861697,81,16520694.403822452,2018-07-25,2633387775.805685,1955154364.7294059,370548377.5537228,-0.8082480024052341,2023-01-03,해당 없음,해당 없음,A80,기본,롤링19년 2005-08-01,19
6467506445.845293,1176000000.0,1438061673.6316879,1176000.0,0.14087960842661207,-0.2669358078625097,-0.26798461928670214,79,15655140.922476739,2018-08-27,2614085521.052976,1941624342.8754766,367975010.3425839,-0.8082480024052342,2023-01-03,해당 없음,해당 없음,A80,기본,롤링19년 2005-09-01,19
6424574394.912043,1180500000.0,1425583688.9899797,1180500.0,0.14025399516759052,-0.2669116744396176,-0.26797445622505023,127,18418238.738246948,2018-08-31,2576152359.4386697,1912297558.482311,362949868.7545586,-0.8082480024052342,2023-01-03,해당 없음,해당 없음,A80,기본,롤링19년 2005-10-03,19
6663083304.03084,1176000000.0,1494065572.079779,1176000.0,0.14314144556383018,-0.2669077296425223,-0.26797283247910697,79,14976492.554253906,2018-09-13,2569994212.7208605,1909224268.568726,362126952.95237267,-0.8082480024052342,2023-01-03,해당 없음,해당 없음,A80,기본,롤링19년 2005-11-01,19
6952513585.021194,1176000000.0,1577467469.4420927,1176000.0,0.14644680001458013,-0.2668677826911431,-0.2679577403372633,217,23346959.915038705,2019-04-08,2504091938.3118916,1856723976.3937645,353543770.4591561,-0.8082480024052342,2023-01-03,해당 없음,해당 없음,A80,기본,롤링19년 2005-12-01,19
7143992299.010643,1180500000.0,1606544698.249205,1180500.0,0.1484024614195222,-0.26686757409483897,-0.26795766508395946,178,18768239.121393383,2019-04-08,2953227718.737098,2221691313.30636,353497812.17647696,-0.8082480024052341,2023-01-03,해당 없음,해당 없음,A80,기본,롤링19년 2006-01-03,19
7232532205.672637,1176000000.0,1632817831.470272,1176000.0,0.1494246308600629,-0.2668644265605058,-0.2679565143129067,89,15305825.746187806,2019-04-08,2947106340.314672,2217620314.112063,352825209.1846194,-0.8082480024052344,2023-01-03,해당 없음,해당 없음,A80,기본,롤링19년 2006-02-01,19
7129070481.953484,1176000000.0,1604398993.7878609,1176000.0,0.14836947924007274,-0.26684718162013743,-0.26795014798787287,113,16495360.154241383,2019-04-23,2914191541.195231,2193538442.7189417,349202777.4005002,-0.8082480024052342,2023-01-03,해당 없음,해당 없음,A80,기본,롤링19년 2006-03-01,19
6833287826.752925,1180500000.0,1520518673.525238,1180500.0,0.14501310678197005,-0.2668294467812131,-0.2679435580411498,128,17819378.724101126,2019-04-23,2881106187.499525,2168455438.787577,345565613.1709714,-0.8082480024052339,2023-01-03,해당 없음,해당 없음,A80,기본,롤링19년 2006-04-03,19
6529700552.7031355,1176000000.0,1436116421.4983606,1176000.0,0.14161770960882253,-0.26682609172706895,-0.26794230578367106,79,14282751.419927597,2019-04-23,2874995503.67282,2165431166.1450553,344886598.0886039,-0.8082480024052343,2023-01-03,해당 없음,해당 없음,A80,기본,롤링19년 2006-05-01,19
6653187291.675688,1176000000.0,1470899983.2035255,1176000.0,0.14307655134909122,-0.2668219918383008,-0.2679407793972506,50,10866817.94413203,2019-04-24,2867593710.6822267,2162365775.6816487,344058642.72628915,-0.8082480024052344,2023-01-03,해당 없음,해당 없음,A80,기본,롤링19년 2006-06-01,19
6864132944.317123,1180500000.0,1529373403.9246001,1180500.0,0.14536602293199982,-0.26681348410023153,-0.2679376808342795,21,8982295.82241261,2019-04-24,2851977351.798902,2152076955.9414616,342332962.3924803,-0.8082480024052343,2023-01-03,해당 없음,해당 없음,A80,기본,롤링19년 2006-07-03,19
7076737280.7757845,1176000000.0,1590850429.5737824,1176000.0,0.14778787615034078,-0.2668034103276802,-0.26793422815375223,4,7554899.636499107,2019-04-26,2833137066.12829,2140754363.9859285,340241845.8942786,-0.8082480024052342,2023-01-03,해당 없음,해당 없음,A80,기본,롤링19년 2006-08-01,19
7062902995.573487,1176000000.0,1589260060.474755,1176000.0,0.14768425742469635,-0.2667639383996748,-0.26792094672374456,9,16216836.26059705,2019-07-02,2757675739.4658227,2081309537.75262,332222093.8226096,-0.808248002405234,2023-01-03,해당 없음,해당 없음,A80,기본,롤링19년 2006-09-01,19
7404062265.216354,1180500000.0,1684948467.4582965,1180500.0,0.15118600005036373,-0.26674782121199325,-0.26791563647464967,9,16888835.155269474,2019-07-03,2728473220.3238034,2058841457.3870597,329020199.35326004,-0.8082480024052341,2023-01-03,해당 없음,해당 없음,A80,기본,롤링19년 2006-10-02,19
7594002910.356671,1176000000.0,1741070391.7967582,1176000.0,0.15318208777920514,-0.2667203195786527,-0.2679067190577553,31,21202888.373258978,2019-07-12,2679694423.961301,2020152321.9293134,323650723.15510666,-0.8082480024052341,2023-01-03,해당 없음,해당 없음,A80,기본,롤링19년 2006-11-01,19
7702679450.240666,1176000000.0,1772756833.75193,1176000.0,0.15433950227768117,-0.26669860099677833,-0.2679012832558575,41,24191553.632752866,2019-07-26,2639017247.89139,1987639660.1049235,319081803.35130537,-0.8082480024052342,2023-01-03,해당 없음,해당 없음,A80,기본,롤링19년 2006-12-01,19
7552019524.745433,1180500000.0,1715834599.8468087,1180500.0,0.1526674828518185,-0.26668601152876403,-0.2678984152367294,41,23832494.483878553,2019-09-19,3014045239.5120454,2282758625.0921516,316410971.55714417,-0.8082480024052345,2023-01-03,해당 없음,해당 없음,A80,기본,롤링19년 2007-01-03,19
7645810392.684379,1176000000.0,1745172255.410278,1176000.0,0.1537178861110537,-0.26665861704414406,-0.26789235802325784,116,28592892.51946482,2019-11-13,2957108023.4631777,2237917711.379375,310698430.38326234,-0.8082480024052343,2023-01-03,해당 없음,해당 없음,A80,기본,롤링19년 2007-02-01,19
7651602021.747313,1176000000.0,1746945727.068983,1176000.0,0.15382714125771446,-0.2666540115935553,-0.26789129757916164,43,25454625.986884803,2019-11-14,2947941321.730021,2232171552.4435787,309767246.8106124,-0.8082480024052342,2023-01-03,해당 없음,해당 없음,A80,기본,롤링19년 2007-03-01,19
7568706890.194639,1180500000.0,1723177277.8448367,1180500.0,0.15288501156468373,-0.26663704906687524,-0.2678872675834607,47,26306951.462020755,2019-11-22,2914767844.8614626,2206628418.918482,306419032.9567805,-0.8082480024052342,2023-01-03,해당 없음,해당 없음,A80,기본,롤링19년 2007-04-02,19
7945632607.516267,1176000000.0,1832489524.453123,1176000.0,0.15668080807392318,-0.26660524764411575,-0.2678800582324733,123,31971892.476927757,2019-12-04,2853525136.3548365,2156952905.281845,300241396.8698927,-0.8082480024052343,2023-01-03,해당 없음,해당 없음,A80,기본,롤링19년 2007-05-01,19
8483017304.309564,1176000000.0,1985390098.5150547,1176000.0,0.16173320625691,-0.26657986821406476,-0.26787462811814544,159,35348438.32317835,2019-12-20,2805829520.2568116,2119071948.116302,295401623.54201484,-0.808248002405234,2023-01-03,해당 없음,해당 없음,A80,기본,롤링19년 2007-06-01,19
8461448405.227566,1180500000.0,1978324355.606775,1180500.0,0.16142356206621916,-0.26657234381133543,-0.26787307298855945,152,33126986.386398166,2019-12-23,2791883497.8251987,2108514695.167744,293982196.7674987,-0.8082480024052342,2023-01-03,해당 없음,해당 없음,A80,기본,롤링19년 2007-07-02,19
7736234923.860899,1176000000.0,1775174808.794472,1176000.0,0.15462357500851695,-0.26656748783828754,-0.26787208258750694,123,30064539.421096265,2019-12-26,2782933393.340193,2102116763.7239873,293069442.75342953,-0.8082480024052343,2023-01-03,해당 없음,해당 없음,A80,기본,롤링19년 2007-08-01,19
7540085701.825425,1180500000.0,1720171134.0935235,1180500.0,0.1525369007348754,-0.2665367050761135,-0.26786604275088777,182,34936495.71197951,2020-01-06,2726911332.681717,2057028311.8558784,287356554.97421074,-0.8082480024052343,2023-01-03,해당 없음,해당 없음,A80,기본,롤링19년 2007-09-04,19
3786816315.705662,1230000000.0,714565315.4662288,1230000.0,0.09098229230883027,-0.33243717145048335,-0.6082976038819863,1769,147924770.12760016,2016-11-15,1006842846.066989,663088645.7025479,60587372.6410882,-0.9774556918274715,2019-01-02,2001-08-30,해당 없음,A80,S1-i 합성3배 재시작,2000-01~2019-12,fixed
12479838942.233368,1594500000.0,2946339745.9439516,1594500.0,0.11986210065118305,-0.33243717145048335,-0.6082976038819863,1769,147924770.12760016,2016-11-15,5361488485.364619,4026341719.6286864,525472159.2187341,-0.95921089100594,2023-01-03,2001-08-30,해당 없음,A80,S1-i 합성3배 재시작,2000-01~2026-09,fixed
1050860649.422726,514500000.0,145883303.44580647,514500.0,0.16392731738327043,-0.2490748687787273,-0.2698972572566041,46,33244276.191181585,미도달,195649340.13316998,118099881.74035552,8743477.0184661,-0.8082480024052343,2023-01-03,해당 없음,해당 없음,A80,S1-i 합성3배 재시작,2020-01~2026-09,fixed
1512375018.8172555,910500000.0,180299506.66178933,910500.0,0.05974511104182398,-0.33243717145048335,-0.6082976038819863,1769,147924770.12760016,미도달,519099358.0605831,258504414.1110091,39561705.25400965,-0.9995277776331998,2009-01-02,2001-08-30,해당 없음,A80,S1-i 합성3배 재시작,롤링14년 2000-01-03,14
1519182227.8196645,906000000.0,183374906.7453088,906000.0,0.06061278404795116,-0.33180461563956876,-0.6149750066400814,1663,144067175.4053843,미도달,520672005.0395904,258558257.56093413,39464540.85086763,-0.9995277776331998,2009-01-02,2001-09-06,해당 없음,A80,S1-i 합성3배 재시작,롤링14년 2000-02-01,14
1564358132.5384347,906000000.0,195590845.53789318,906000.0,0.0639720285891262,-0.3306610264416643,-0.6035955235614947,1666,142738722.0696855,미도달,509485782.464051,247541900.51177198,39021291.6309695,-0.9995277776331998,2009-01-02,2001-04-03,해당 없음,A80,S1-i 합성3배 재시작,롤링14년 2000-03-01,14
1560484846.344918,910500000.0,191859656.4873518,910500.0,0.0633270742250167,-0.33026499058568315,-0.5876689373619218,1769,142136142.2471969,미도달,502417684.52254546,245089135.19833177,38441199.96643665,-0.9993413209414616,2009-01-02,2001-04-03,해당 없음,A80,S1-i 합성3배 재시작,롤링14년 2000-04-03,14
1513082548.6643147,906000000.0,180884794.00219217,906000.0,0.06019307010289855,-0.32992860672144997,-0.5830621026847252,1663,138672354.17413563,미도달,503415907.62943834,253543645.255064,38249486.825981595,-0.9989545728988742,2009-01-02,2001-09-17,해당 없음,A80,S1-i 합성3배 재시작,롤링14년 2000-05-01,14
1566486697.6548574,906000000.0,195102729.78262535,906000.0,0.06413488727749053,-0.28767913542444723,-0.5361894893955481,1493,120596282.27452263,미도달,517428761.47595173,268828499.29281664,39706592.30505919,-0.9989089281795746,2009-01-02,2002-04-26,해당 없음,A80,S1-i 합성3배 재시작,롤링14년 2000-06-01,14
1570181783.2506878,910500000.0,194635888.89045432,910500.0,0.06403430858739505,-0.3298981594692303,-0.585433688995915,1663,133791590.38452925,미도달,495392764.7698163,250122537.37327325,37637621.095531255,-0.9989089281795746,2009-01-02,2001-09-18,해당 없음,A80,S1-i 합성3배 재시작,롤링14년 2000-07-03,14
1573010287.5259972,906000000.0,195913356.4964045,906000.0,0.0645835655737087,-0.32934007421845024,-0.5880203937057727,1518,128698754.27756079,미도달,495494653.2420892,251161861.9135813,37718653.58881877,-0.9988646121134095,2009-01-02,2001-09-20,해당 없음,A80,S1-i 합성3배 재시작,롤링14년 2000-08-01,14
1607903325.9097495,906000000.0,205403399.75960225,906000.0,0.0670928315602781,-0.33033364968679124,-0.572041959473149,1667,129441669.63338134,미도달,488133845.7764381,246683936.56959426,36953470.996449046,-0.9988646121134095,2009-01-02,2001-09-17,해당 없음,A80,S1-i 합성3배 재시작,롤링14년 2000-09-01,14
1678226302.1514075,910500000.0,223422824.15822718,910500.0,0.0715604680327361,-0.27765539805636685,-0.5053449348608998,1207,107355230.19057366,미도달,511817190.0554717,267719159.0354106,38914761.62963654,-0.9979826185234753,2009-01-02,2002-05-02,해당 없음,A80,S1-i 합성3배 재시작,롤링14년 2000-10-02,14
1735419538.820371,906000000.0,241308229.30095786,906000.0,0.07562774362709242,-0.29637352550625673,-0.5190090082359673,1452,107310903.92924759,미도달,504713614.0309063,267038413.30000377,38268733.37556858,-0.9974310077766838,2009-01-02,2002-06-11,해당 없음,A80,S1-i 합성3배 재시작,롤링14년 2000-11-01,14
1831259744.457118,906000000.0,269474820.95606494,906000.0,0.08168932125829659,-0.3327303555589859,-0.5444276700773844,1486,109360667.80819434,미도달,494825127.30124927,262503544.46868405,37059005.10124181,-0.9958217432227864,2009-01-02,2002-08-05,해당 없음,A80,S1-i 합성3배 재시작,롤링14년 2000-12-01,14
1762457773.2697718,906000000.0,248950248.24433795,906000.0,0.07736127324615212,-0.33255257311926567,-0.5505456410999859,1416,109998235.61388016,미도달,483734762.98166573,256681586.17681232,36222309.29418205,-0.9931188712710975,2009-01-02,2002-10-09,해당 없음,A80,S1-i 합성3배 재시작,롤링14년 2001-01-02,14
1748166846.2099726,906000000.0,241048236.70159698,906000.0,0.07645770196421461,-0.3318491606561196,-0.5116478902993612,1493,108587893.74363425,미도달,563957593.0803264,331799247.0332108,35768499.05689059,-0.9921379274077237,2009-01-02,2002-09-30,해당 없음,A80,S1-i 합성3배 재시작,롤링14년 2001-02-01,14
1891953849.9629817,906000000.0,269705514.58504635,906000.0,0.08532024637952135,-0.3330121478900995,-0.4882964942209741,643,94757841.68809223,미도달,577349464.0004473,308995224.0839176,38145427.584341615,-0.9803192959742859,2009-01-02,해당 없음,해당 없음,A80,S1-i 합성3배 재시작,롤링14년 2001-03-01,14
1867215361.9327047,910500000.0,259010549.91496992,910500.0,0.08353377263031289,-0.3341851564606003,-0.4995363649908602,487,86607118.73033908,미도달,583064788.4577777,322160417.8621953,38686398.22223761,-0.9754252559601916,2009-01-02,해당 없음,해당 없음,A80,S1-i 합성3배 재시작,롤링14년 2001-04-02,14
1816112672.2615917,906000000.0,248140428.10965118,906000.0,0.08073620023554696,-0.3317245188165784,-0.48777375589957306,664,94867305.96311592,미도달,559870216.8752004,304207035.6994622,36799586.94150936,-0.9754252559601917,2009-01-02,해당 없음,해당 없음,A80,S1-i 합성3배 재시작,롤링14년 2001-05-01,14
1902133715.6395652,906000000.0,271584902.22326255,906000.0,0.08592936405787069,-0.3319170481153456,-0.45795088625843694,640,88760906.94158533,미도달,562108947.6354482,309095497.9990045,37036689.574578516,-0.9705445311684794,2009-01-02,해당 없음,해당 없음,A80,S1-i 합성3배 재시작,롤링14년 2001-06-01,14
1885128646.720628,910500000.0,265288708.33574125,910500.0,0.08460455044292732,-0.33166636908532465,-0.4394129353778893,624,86344096.19371119,미도달,559100289.3624072,308549323.3294487,36726285.968248196,-0.9631890345678189,2009-01-02,해당 없음,해당 없음,A80,S1-i 합성3배 재시작,롤링14년 2001-07-02,14
1970842340.574405,906000000.0,289946770.85493636,906000.0,0.08981479583594194,-0.3317431934125926,-0.4199699640909754,491,81213370.53957991,미도달,560002280.746679,312401904.7604321,36818007.173725985,-0.9563445571227456,2009-01-02,해당 없음,해당 없음,A80,S1-i 합성3배 재시작,롤링14년 2001-08-01,14
1916646779.7271917,910500000.0,271364593.1554225,910500.0,0.08639286431635297,-0.33295464015791254,-0.4131225250484788,374,67931424.27390254,미도달,580630474.5006425,328325499.793382,38070189.20441556,-0.9398672905020786,2009-01-02,해당 없음,해당 없음,A80,S1-i 합성3배 재시작,롤링14년 2001-09-04,14
1913845848.901938,906000000.0,271434534.63587296,906000.0,0.08655601930379132,-0.3357676611723601,-0.417356559594916,318,54324578.47577876,미도달,601214896.1621192,347205423.51366687,39128022.81337897,-0.9398672905020785,2009-01-02,해당 없음,해당 없음,A80,S1-i 합성3배 재시작,롤링14년 2001-10-01,14
1965005310.677858,906000000.0,286918352.13100594,906000.0,0.08949829053607142,-0.3320050267582805,-0.4147977564853672,374,65512292.334653094,미도달,564443826.5983496,320237427.4324588,37104282.90818934,-0.9398672905020787,2009-01-02,해당 없음,해당 없음,A80,S1-i 합성3배 재시작,롤링14년 2001-11-01,14
1957860847.1265857,910500000.0,284732278.1927643,910500.0,0.0887831376822772,-0.3309504619594956,-0.41715680031516256,402,68730395.51350246,미도달,545411944.4113712,309659667.2459104,35996651.28773631,-0.9398672905020785,2009-01-02,해당 없음,해당 없음,A80,S1-i 합성3배 재시작,롤링14년 2001-12-03,14
1925681192.3319292,906000000.0,277367705.34306127,906000.0,0.08723359261511522,-0.3286011546336317,-0.4188271531829896,472,71736244.58467707,미도달,533734497.5384376,302437523.37396073,34874500.58058858,-0.9321178085964502,2009-01-02,해당 없음,해당 없음,A80,S1-i 합성3배 재시작,롤링14년 2002-01-02,14
1906708711.4536047,906000000.0,268683584.5173253,906000.0,0.08616728559203987,-0.32921052633383474,-0.40559965426223454,417,66992130.78551169,미도달,565491127.2209721,332525491.8290432,34910248.52867718,-0.9093580728866286,2009-01-02,해당 없음,해당 없음,A80,S1-i 합성3배 재시작,롤링14년 2002-02-01,14
1949234562.130201,906000000.0,280378821.1320296,906000.0,0.08858618741063985,-0.3286214567641409,-0.40611891440975967,402,64296033.9066457,미도달,562243283.425126,334221917.03828233,34610712.222993314,-0.9086618742146708,2009-01-02,해당 없음,해당 없음,A80,S1-i 합성3배 재시작,롤링14년 2002-03-01,14
1899755800.5113525,906000000.0,266546917.89862633,906000.0,0.0857213736393248,-0.3253437412259427,-0.3913443700531366,418,63973868.542845875,미도달,555172120.0784897,329835317.06696445,33989742.70690317,-0.8968061364055568,2009-01-02,해당 없음,해당 없음,A80,S1-i 합성3배 재시작,롤링14년 2002-04-01,14
1921815676.740331,906000000.0,272120047.6157401,906000.0,0.08703757586839714,-0.28758537191930345,-0.3337196840826311,339,53651856.16540544,미도달,564466344.0347792,340705648.15146756,34814109.88170194,-0.8968061364055567,2009-01-02,해당 없음,해당 없음,A80,S1-i 합성3배 재시작,롤링14년 2002-05-01,14
2058819932.9169652,910500000.0,308916813.4760426,910500.0,0.09434435321944722,-0.23984207167696037,-0.26408485529940273,247,41107767.2108286,미도달,577245654.6019157,353439104.9415886,35965077.84144199,-0.8968061364055567,2009-01-02,해당 없음,해당 없음,A80,S1-i 합성3배 재시작,롤링14년 2002-06-03,14
2049326499.084627,906000000.0,306823880.2301215,906000.0,0.0941246366123795,-0.19744330227655382,-0.22183721657367517,67,26292379.194840714,미도달,593977345.0113484,370096129.5084217,37415758.51686631,-0.8968061364055568,2009-01-02,해당 없음,해당 없음,A80,S1-i 합성3배 재시작,롤링14년 2002-07-01,14
2110331788.8676336,906000000.0,323335089.1519706,906000.0,0.09740685834536364,-0.19723407612697785,-0.2214681308321862,9,11415207.687781274,미도달,611045861.1749997,385991746.00466985,38921952.19143943,-0.8968061364055568,2009-01-02,해당 없음,해당 없음,A80,S1-i 합성3배 재시작,롤링14년 2002-08-01,14
2114431484.7284539,910500000.0,323339666.18934226,910500.0,0.09727680247975724,-0.19734259656182285,-0.2217059759025558,17,12337804.331544846,미도달,602468744.8786047,381122155.63301766,38126943.72927795,-0.896806136405557,2009-01-02,해당 없음,해당 없음,A80,S1-i 합성3배 재시작,롤링14년 2002-09-03,14
2076667147.9000323,906000000.0,313970636.72848,906000.0,0.09557415620171916,-0.1974168202883715,-0.22188138204996777,9,11410826.521609515,미도달,596655227.4833616,378750149.1459526,37594768.73978622,-0.8968061364055567,2009-01-02,해당 없음,해당 없음,A80,S1-i 합성3배 재시작,롤링14년 2002-10-01,14
2068030230.6798089,906000000.0,312257172.93652076,906000.0,0.09510291838890272,-0.19771672008665697,-0.22242194742669463,41,15766717.221300274,미도달,571251142.7439302,358255699.7304803,35555565.420859985,-0.8968061364055568,2009-01-02,해당 없음,해당 없음,A80,S1-i 합성3배 재시작,롤링14년 2002-11-01,14
2080012696.3016787,910500000.0,314763572.68858624,910500.0,0.0954901067908489,-0.19793782154151462,-0.22282960126023987,75,21819362.99708894,미도달,556263782.8507439,345278307.62219536,34142399.70351644,-0.8968061364055568,2009-01-02,해당 없음,해당 없음,A80,S1-i 합성3배 재시작,롤링14년 2002-12-02,14
2202351396.9682584,906000000.0,350195729.700216,906000.0,0.10206848316994169,-0.19783376609587533,-0.22268787948194957,39,12230170.13334006,2016-12-22,563010585.9173197,354575351.8491231,34796000.847688854,-0.8968061364055568,2009-01-02,해당 없음,해당 없음,A80,S1-i 합성3배 재시작,롤링14년 2003-01-02,14
2179506408.0593796,910500000.0,340819899.9048004,910500.0,0.1006031056040448,-0.1977767808641896,-0.22260246781829662,10,5008118.11508745,2016-12-20,610243968.4447284,395552686.81097203,35159882.26875497,-0.896806136405557,2009-01-02,해당 없음,해당 없음,A80,S1-i 합성3배 재시작,롤링14년 2003-02-03,14
2280751450.077756,910500000.0,369372141.17320716,910500.0,0.10565139760652548,-0.19781257913275863,-0.22267622970853918,2,1019603.988180697,2016-12-20,607629572.7497766,394004497.20155025,34929179.21225282,-0.8968061364055568,2009-01-02,해당 없음,해당 없음,A80,S1-i 합성3배 재시작,롤링14년 2003-03-03,14
2171668296.3183994,906000000.0,340484335.6959454,906000.0,0.10051590710354226,-0.19818743055205268,-0.2234281100604949,8,3460753.9809527695,2017-03-01,581168922.5338515,374635131.08526856,32622087.96606138,-0.8968061364055567,2009-01-02,해당 없음,해당 없음,A80,S1-i 합성3배 재시작,롤링14년 2003-04-01,14
2207505165.260562,906000000.0,350997836.60262436,906000.0,0.10238432201924579,-0.1984216624349252,-0.22386359484352414,1,1083553.1907489896,미도달,561229886.0737009,359726449.63503397,31280203.427838802,-0.896806136405557,2009-01-02,해당 없음,해당 없음,A80,S1-i 합성3배 재시작,롤링14년 2003-05-01,14
2206844709.06834,910500000.0,350267856.3739762,910500.0,0.10203509424597151,-0.19872605030650592,-0.2244522573049179,22,8565784.145880133,미도달,540716832.6972945,344595479.98415023,29639288.757816005,-0.8968061364055567,2009-01-02,해당 없음,해당 없음,A80,S1-i 합성3배 재시작,롤링14년 2003-06-02,14
2188813805.2458053,906000000.0,346777638.73141736,906000.0,0.10138834545523008,-0.1988462009555455,-0.22468939293727797,25,9564006.789532244,2017-06-07,533452189.49878514,339837348.8580732,29021399.985452052,-0.8968061364055568,2009-01-02,해당 없음,해당 없음,A80,S1-i 합성3배 재시작,롤링14년 2003-07-01,14
2203104745.77302,906000000.0,351303459.4440665,906000.0,0.10209225557093476,-0.1989618875675646,-0.22490527462991505,25,10189374.900094688,2017-07-19,525792657.43434614,334542458.29416406,28442131.27887274,-0.8968061364055567,2009-01-02,해당 없음,해당 없음,A80,S1-i 합성3배 재시작,롤링14년 2003-08-01,14
2194994552.3031063,910500000.0,348703976.20174724,910500.0,0.10142794704347516,-0.1992451239714007,-0.22551485420258088,59,17708159.104162276,2017-08-09,511004381.6338929,322515069.7537241,27079920.671972465,-0.8968061364055567,2009-01-02,해당 없음,해당 없음,A80,S1-i 합성3배 재시작,롤링14년 2003-09-02,14
2247577700.1592093,906000000.0,364490659.78381217,906000.0,0.10431485789751851,-0.1992515053272077,-0.22552988903868965,35,13470727.670807123,2017-08-09,510646882.80358696,323987187.67806613,27050109.590895116,-0.8968061364055568,2009-01-02,해당 없음,해당 없음,A80,S1-i 합성3배 재시작,롤링14년 2003-10-01,14
2226094720.8191295,910500000.0,358385110.23306894,910500.0,0.10295284802225033,-0.19963924392993704,-0.2263007370184006,129,24426627.601855844,2017-10-02,490756115.7402962,308807693.1639841,25294550.269091617,-0.8968061364055568,2009-01-02,해당 없음,해당 없음,A80,S1-i 합성3배 재시작,롤링14년 2003-11-03,14
2209769713.659172,906000000.0,355270806.8365491,906000.0,0.10241886123426082,-0.1998342078597466,-0.2266843089783922,142,27247200.243033886,2017-10-06,482129928.1987337,303516928.8881731,24462740.64986544,-0.8968061364055567,2009-01-02,해당 없음,해당 없음,A80,S1-i 합성3배 재시작,롤링14년 2003-12-01,14
2178998517.0837812,906000000.0,346851404.27898836,906000.0,0.10093089366582678,-0.20004391981634928,-0.22709701189512665,396,30309960.045731515,2017-11-08,473173491.7034086,297981479.2534686,23603489.485975068,-0.8968061364055568,2009-01-02,해당 없음,해당 없음,A80,S1-i 합성3배 재시작,롤링14년 2004-01-02,14
2306333283.119841,910500000.0,379936210.58024555,910500.0,0.10685136842586779,-0.20014743270708446,-0.22730076399308474,396,29429528.50737062,2017-12-15,673336264.062514,482263687.68347895,23192262.079025827,-0.8968061364055568,2009-01-02,해당 없음,해당 없음,A80,S1-i 합성3배 재시작,롤링14년 2004-02-02,14
2238171093.3279223,906000000.0,362165267.67519766,906000.0,0.10385805341841543,-0.20033724032419953,-0.22767445085279836,430,31381108.404584825,2018-01-08,663023529.4309126,475326070.99300563,22459304.110967424,-0.896806136405557,2009-01-02,해당 없음,해당 없음,A80,S1-i 합성3배 재시작,롤링14년 2004-03-01,14
2144415713.0511327,906000000.0,335315649.29758406,906000.0,0.09919667754955498,-0.20026735918379168,-0.22753686005018525,139,24533170.728161067,2017-12-18,666675190.9556926,479743971.2983068,22726047.991108947,-0.8968061364055567,2009-01-02,해당 없음,해당 없음,A80,S1-i 합성3배 재시작,롤링14년 2004-04-01,14
2159669412.6873407,910500000.0,338250245.35833275,910500.0,0.0996575369792664,-0.20036574317896416,-0.22773057458777923,130,23329819.220343977,2018-01-08,661275330.3699958,477753881.16386914,22351524.257660378,-0.8968061364055568,2009-01-02,해당 없음,해당 없음,A80,S1-i 합성3배 재시작,롤링14년 2004-05-03,14
2222644310.035973,906000000.0,357630200.74348795,906000.0,0.10307834443865425,-0.20049482275721597,-0.22799894256871678,139,23660892.65450099,2018-01-12,653659374.2256176,471115033.1425036,21804005.927915715,-0.8968061364055568,2009-01-02,해당 없음,해당 없음,A80,S1-i 합성3배 재시작,롤링14년 2004-06-01,14
2275299184.5190015,906000000.0,372640673.9175836,906000.0,0.10568888219607331,-0.20060198547942565,-0.2282268326503939,140,23278859.81820053,2018-01-17,647124412.2491534,466405420.9849534,21337725.484391723,-0.8968061364055568,2009-01-02,해당 없음,해당 없음,A80,S1-i 합성3배 재시작,롤링14년 2004-07-01,14
2355963409.063311,910500000.0,393743057.33409625,910500.0,0.10923234935901223,-0.20063265034955813,-0.22829204893305688,129,19938970.93691504,2018-01-17,645151869.5045253,467802066.73540497,21206359.7619715,-0.8968061364055568,2009-01-02,해당 없음,해당 없음,A80,S1-i 합성3배 재시작,롤링14년 2004-08-02,14
2437128521.654944,906000000.0,417737791.8599039,906000.0,0.11315506442421039,-0.20068419655795688,-0.22840167937374267,120,17371196.143939197,2018-01-17,642025973.1013825,467023772.91958565,20987564.206119668,-0.8968061364055566,2009-01-02,해당 없음,해당 없음,A80,S1-i 합성3배 재시작,롤링14년 2004-09-01,14
2391129541.1741467,906000000.0,405499497.4755215,906000.0,0.11114563572262545,-0.2009400446234082,-0.2289459158575673,147,22136144.61878416,2018-01-23,625647094.4166323,454235715.659171,19937787.53588871,-0.8968061364055568,2009-01-02,해당 없음,해당 없음,A80,S1-i 합성3배 재시작,롤링14년 2004-10-01,14
2264721193.840035,906000000.0,369962074.6473631,906000.0,0.10511994655018068,-0.20099335783309302,-0.22905934038939035,130,19501545.73383835,2018-01-23,622149447.6981286,451652633.61518204,19726337.600871425,-0.8968061364055571,2009-01-02,해당 없음,해당 없음,A80,S1-i 합성3배 재시작,롤링14년 2004-11-01,14
2239310988.487555,906000000.0,363157889.34449315,906000.0,0.10389083321521425,-0.2010923943879277,-0.22927004479378155,129,18409792.09477642,2018-01-26,615297086.588009,446020401.33328277,19339987.827658907,-0.896806136405557,2009-01-02,해당 없음,해당 없음,A80,S1-i 합성3배 재시작,롤링14년 2004-12-01,14
2079087235.3663023,910500000.0,311462712.65066737,910500.0,0.0954265223659937,-0.24094667096266198,-0.24525642070205544,129,17612106.16106209,2018-06-14,654445987.2501843,457684377.1164044,44916996.51920695,-0.48118249787727363,2019-01-02,해당 없음,해당 없음,A80,S1-i 합성3배 재시작,롤링14년 2005-01-03,14
2211738721.3437877,906000000.0,349757802.4545692,906000.0,0.10250507195939966,-0.2011693101680102,-0.22943369671089897,59,12007330.29785633,2018-06-14,656020449.3938646,461765645.98118,44994282.1895841,-0.48118249787727396,2019-01-02,해당 없음,해당 없음,A80,S1-i 합성3배 재시작,롤링14년 2005-02-01,14
2289587523.224003,906000000.0,371753215.02327067,906000.0,0.10635575802252237,-0.20125347140004457,-0.22961276410524667,55,10300720.468090683,2018-06-15,651371202.6005973,459305712.3145295,44742150.386496596,-0.48118249787727385,2019-01-02,해당 없음,해당 없음,A80,S1-i 합성3배 재시작,롤링14년 2005-03-01,14
2367344429.0877576,906000000.0,393466233.7701305,906000.0,0.11006501239019521,-0.20127133205872094,-0.22965076753549318,25,6389882.811416268,2018-06-15,650274540.1888263,460499615.7952288,44678242.459085256,-0.4811824978772741,2019-01-02,해당 없음,해당 없음,A80,S1-i 합성3배 재시작,롤링14년 2005-04-01,14
2507711683.1590524,910500000.0,431570521.11935127,910500.0,0.11608691978069816,-0.20128707950657587,-0.2296842750584327,1,797819.2575569153,2018-06-15,649293450.3765155,461759441.9119086,44620610.93094201,-0.48118249787727385,2019-01-02,해당 없음,해당 없음,A80,S1-i 합성3배 재시작,롤링14년 2005-05-02,14
2343064358.837513,906000000.0,387505829.95654863,906000.0,0.1088710072856183,-0.20171535949917485,-0.23059575393698528,23,10339792.46325612,2018-07-10,627116288.6015813,442236483.9187256,43463703.08308852,-0.48118249787727385,2019-01-02,해당 없음,해당 없음,A80,S1-i 합성3배 재시작,롤링14년 2005-06-01,14
2431159195.254443,906000000.0,412376624.82115746,906000.0,0.1129829243159538,-0.20188309140708882,-0.23095281703493376,42,11015880.356624663,2018-07-12,619089117.9587086,438319052.5156517,43016550.364801385,-0.4811824978772741,2019-01-02,해당 없음,해당 없음,A80,S1-i 합성3배 재시작,롤링14년 2005-07-01,14
2488235188.404387,906000000.0,429201631.95734465,906000.0,0.11543997840539123,-0.2022242714732847,-0.2316792571918278,81,16520694.403822452,2018-07-25,603789559.4253473,424404287.0224595,42194496.84466923,-0.4811824978772734,2019-01-02,해당 없음,해당 없음,A80,S1-i 합성3배 재시작,롤링14년 2005-08-01,14
2498922194.267473,906000000.0,432234478.5883099,906000.0,0.1159271949893701,-0.2023542257969666,-0.23195600418351336,79,15655140.922476739,2018-08-27,598039247.9050053,421336727.8317524,41883735.675499626,-0.4811824978772735,2019-01-02,해당 없음,해당 없음,A80,S1-i 합성3배 재시작,롤링14년 2005-09-01,14
2431588595.421884,910500000.0,412326365.02964425,910500.0,0.11267378726732966,-0.20262496736688396,-0.23253264778203475,127,18418238.738246948,2018-08-31,586568523.0067403,412646481.45474684,41276904.96634935,-0.48118249787727374,2019-01-02,해당 없음,해당 없음,A80,S1-i 합성3배 재시작,롤링14년 2005-10-03,14
2495591131.6533256,906000000.0,431535035.48643315,906000.0,0.11574554240932236,-0.2026657368037621,-0.23261948889341333,79,14976492.554253906,2018-09-13,584747480.015915,412756797.46345824,41177759.03403258,-0.48118249787727363,2019-01-02,해당 없음,해당 없음,A80,S1-i 합성3배 재시작,롤링14년 2005-11-01,14
2552009071.1113753,906000000.0,448263194.72192395,906000.0,0.11822671966943733,-0.20317041073080389,-0.23369617562899636,217,23346959.915038705,2019-04-08,564050550.218287,395631751.7180061,40140886.677274056,-0.48118249787727374,2019-01-02,해당 없음,해당 없음,A80,S1-i 합성3배 재시작,롤링14년 2005-12-01,14
2639408873.487038,910500000.0,470389094.4485441,910500.0,0.12161129117854284,-0.20316746250464346,-0.23368987740541736,178,18768239.121393383,2019-04-08,822583220.2078892,625634443.924504,40135648.63836086,-0.4811824978772735,2019-01-02,해당 없음,해당 없음,A80,S1-i 합성3배 재시작,롤링14년 2006-01-03,14
2704805427.6651726,906000000.0,490081654.1257067,906000.0,0.12449170682029836,-0.20320644856035397,-0.2337731623643583,89,15305825.746187806,2019-04-08,820557004.5318928,624378526.1294351,40054657.657417744,-0.4811824978772735,2019-01-02,해당 없음,해당 없음,A80,S1-i 합성3배 재시작,롤링14년 2006-02-01,14
2553047833.320585,906000000.0,447414937.58155566,906000.0,0.11826858594052281,-0.22269517732242572,-0.23422827643713462,113,16495360.154241383,2019-04-23,809625407.0389234,617205340.1108487,39617302.733615845,-0.4811824978772741,2019-01-02,해당 없음,해당 없음,A80,S1-i 합성3배 재시작,롤링14년 2006-03-01,14
2271523687.051037,910500000.0,366941572.2902477,910500.0,0.1051883993267387,-0.30142504386717883,-0.3037376790476788,128,17819378.724101126,2019-04-23,798612826.7468777,609032773.0459375,39178279.20467467,-0.48118249787727363,2019-01-02,해당 없음,해당 없음,A80,S1-i 합성3배 재시작,롤링14년 2006-04-03,14
2494866686.3421717,906000000.0,431089737.7024037,906000.0,0.11571899178216673,-0.26682609172706895,-0.26794230578367106,79,14282751.419927597,2019-04-23,796630780.7190747,608913723.1974046,39096610.251942836,-0.48118249787727374,2019-01-02,해당 없음,해당 없음,A80,S1-i 합성3배 재시작,롤링14년 2006-05-01,14
2667779596.166538,906000000.0,479697933.12955886,906000.0,0.12307214158492238,-0.2668219918383008,-0.2679407793972506,50,10866817.94413203,2019-04-24,794255653.3954972,609564465.0296247,38996935.11047825,-0.48118249787727385,2019-01-02,해당 없음,해당 없음,A80,S1-i 합성3배 재시작,롤링14년 2006-06-01,14
2695523427.9207673,910500000.0,486226804.2213181,910500.0,0.12390721726189606,-0.26681348410023153,-0.2679376808342795,21,8982295.82241261,2019-04-24,789109935.4181727,607189396.1803504,38788843.61856835,-0.48118249787727374,2019-01-02,해당 없음,해당 없음,A80,S1-i 합성3배 재시작,롤링14년 2006-07-03,14
2813600177.464997,906000000.0,520677586.9620578,906000.0,0.12877724327032927,-0.2668034103276802,-0.26793422815375223,4,7554899.636499107,2019-04-26,782940183.647667,605588473.14817,38536627.625147544,-0.48118249787727363,2019-01-02,해당 없음,해당 없음,A80,S1-i 합성3배 재시작,롤링14년 2006-08-01,14
2971861135.5245495,906000000.0,566237542.9893878,906000.0,0.1346887391171854,-0.2667639383996748,-0.26792094672374456,9,16216836.26059705,2019-07-02,755905873.3741503,583551168.8264998,37567369.81612065,-0.4811824978772743,2019-01-02,해당 없음,해당 없음,A80,S1-i 합성3배 재시작,롤링14년 2006-09-01,14
2771033969.8527412,910500000.0,508534490.48330057,910500.0,0.12691952460587078,-0.26674782121199325,-0.26791563647464967,9,16888835.155269474,2019-07-03,745959324.6449809,575830157.894908,37180168.72119627,-0.48118249787727385,2019-01-02,해당 없음,해당 없음,A80,S1-i 합성3배 재시작,롤링14년 2006-10-02,14
2572451976.0085244,906000000.0,454153757.1021194,906000.0,0.11905828344937036,-0.2667203195786527,-0.2679067190577553,31,21202888.373258978,2019-07-12,729448975.1725522,562050051.4792932,36530615.49474797,-0.4811824978772734,2019-01-02,해당 없음,해당 없음,A80,S1-i 합성3배 재시작,롤링14년 2006-11-01,14
2744706434.4380198,906000000.0,502997182.6327027,906000.0,0.12608199087714422,-0.26669860099677833,-0.2679012832558575,41,24191553.632752866,2019-07-26,716150158.264566,550635980.521476,35977927.62470341,-0.4811824978772741,2019-01-02,해당 없음,해당 없음,A80,S1-i 합성3배 재시작,롤링14년 2006-12-01,14
2813705939.9674177,906000000.0,522562052.29787153,906000.0,0.12878213297537236,-0.26668601152876403,-0.2678984152367294,41,23832494.483878553,2019-09-19,708504046.7440946,545898738.6989034,35654999.476416305,-0.48118249787727396,2019-01-02,해당 없음,해당 없음,A80,S1-i 합성3배 재시작,롤링14년 2007-01-03,14
2817611197.370565,906000000.0,516335815.2882508,906000.0,0.1289688163030108,-0.26665861704414406,-0.26789235802325784,116,28592892.51946482,2019-11-13,911856943.4587765,735051024.3026538,34963869.08489994,-0.48118249787727374,2019-01-02,해당 없음,해당 없음,A80,S1-i 합성3배 재시작,롤링14년 2007-02-01,14
2860747479.989547,906000000.0,528499714.80941105,906000.0,0.13067867682451728,-0.2666540115935553,-0.26789129757916164,43,25454625.986884803,2019-11-14,908707243.8213003,733679694.3416286,34851557.43511357,-0.48118249787727363,2019-01-02,해당 없음,해당 없음,A80,S1-i 합성3배 재시작,롤링14년 2007-03-01,14
2989701502.0671425,910500000.0,563839808.3709952,910500.0,0.13517495926871384,-0.26663704906687524,-0.2678872675834607,47,26306951.462020755,2019-11-22,897138436.7645202,724453556.4070077,34447038.57340021,-0.4811824978772741,2019-01-02,해당 없음,해당 없음,A80,S1-i 합성3배 재시작,롤링14년 2007-04-02,14
3002418476.1127086,906000000.0,569209520.086294,906000.0,0.13583489995407683,-0.26660524764411575,-0.2678800582324733,123,31971892.476927757,2019-12-04,875736543.3477962,705062351.2628262,33700303.85472267,-0.4811824978772741,2019-01-02,해당 없음,해당 없음,A80,S1-i 합성3배 재시작,롤링14년 2007-05-01,14
2982213262.918085,906000000.0,563890879.4912612,906000.0,0.13520317458501666,-0.26657986821406476,-0.26787462811814544,159,35348438.32317835,2019-12-20,859240642.8800799,690868000.2973924,33115314.6577598,-0.48118249787727374,2019-01-02,해당 없음,해당 없음,A80,S1-i 합성3배 재시작,롤링14년 2007-06-01,14
3113087842.063503,910500000.0,599590183.0512065,910500.0,0.1395604200618277,-0.26657234381133543,-0.26787307298855945,152,33126986.386398166,2019-12-23,854455120.3437755,686976430.0793629,32943923.22658333,-0.48118249787727363,2019-01-02,해당 없음,해당 없음,A80,S1-i 합성3배 재시작,롤링14년 2007-07-02,14
3216118034.6320586,906000000.0,629919757.0516895,906000.0,0.14328125020113633,-0.26656748783828754,-0.26787208258750694,123,30064539.421096265,2019-12-26,851399716.1737552,684827560.677089,32833830.000920184,-0.48118249787727385,2019-01-02,해당 없음,해당 없음,A80,S1-i 합성3배 재시작,롤링14년 2007-08-01,14
3296315242.0943165,910500000.0,651730954.7451782,910500.0,0.14565036605729917,-0.2665367050761135,-0.26786604275088777,182,34936495.71197951,2020-01-06,832149015.4424467,667794598.297056,32143108.292034563,-0.48118249787727396,2019-01-02,해당 없음,해당 없음,A80,S1-i 합성3배 재시작,롤링14년 2007-09-04,14
3134662989.2085876,906000000.0,607691198.122011,906000.0,0.14047029499541225,-0.26651458289599905,-0.26786195353654074,183,37080723.64623648,2020-01-16,818747809.3817788,655583797.7321514,31655747.439470064,-0.48118249787727385,2019-01-02,해당 없음,해당 없음,A80,S1-i 합성3배 재시작,롤링14년 2007-10-01,14
3317454586.6899824,906000000.0,659338346.1378975,906000.0,0.14664644496626209,-0.266504355559427,-0.2678601327385286,183,35697304.01573834,2020-01-17,812561078.004496,649348447.6724639,31433134.980814416,-0.48118249787727396,2019-01-02,해당 없음,해당 없음,A80,S1-i 합성3배 재시작,롤링14년 2007-11-01,14
3311314745.146921,910500000.0,656365052.9818332,910500.0,0.14617617884156373,-0.2664968549306401,-0.2678588247453927,182,33018038.972988665,2020-01-21,808170339.4559392,648689786.4995222,31270731.034432057,-0.4811824978772735,2019-01-02,해당 없음,해당 없음,A80,S1-i 합성3배 재시작,롤링14년 2007-12-03,14
3435873709.514933,906000000.0,692951589.3919111,906000.0,0.15034994663787388,-0.26647988915314935,-0.267855952920689,182,33313302.458633482,2020-01-30,798038344.3493901,640954594.5961728,30906590.495002422,-0.4811824978772741,2019-01-02,해당 없음,해당 없음,A80,S1-i 합성3배 재시작,롤링14년 2008-01-02,14
3305451966.124478,906000000.0,648219829.0518006,906000.0,0.1461556649036382,-0.2664844512955591,-0.2678567126536231,123,27007407.6793606,2020-01-23,1038761067.2905153,876366724.1111542,31004152.62807076,-0.4811824978772741,2019-01-02,해당 없음,해당 없음,A80,S1-i 합성3배 재시작,롤링14년 2008-02-01,14
3243653465.104377,910500000.0,629305218.7336308,910500.0,0.1439967132335642,-0.2664896656751219,-0.2678575917759557,43,20669515.871300578,2020-01-23,1042788368.622519,882854034.77543,31116127.13323545,-0.48118249787727363,2019-01-02,해당 없음,해당 없음,A80,S1-i 합성3배 재시작,롤링14년 2008-03-03,14
3259828984.2485127,906000000.0,635982028.2248055,906000.0,0.14472203663043684,-0.26644557671045366,-0.26785049987556475,181,28924737.50706756,2020-02-05,1010471137.7755262,852328010.4115794,30183729.30536019,-0.4811824978772741,2019-01-02,해당 없음,해당 없음,A80,S1-i 합성3배 재시작,롤링14년 2008-04-01,14
3026642345.5693526,906000000.0,570981579.0912213,906000.0,0.1367599460201935,-0.2664033551049425,-0.2678444034710248,218,36201298.77882272,2020-02-19,980359196.0183502,824212615.3422515,29319611.390049998,-0.48118249787727374,2019-01-02,해당 없음,해당 없음,A80,S1-i 합성3배 재시작,롤링14년 2008-05-01,14
2962489073.9639454,910500000.0,551924767.1679323,910500.0,0.13419956928979657,-0.2663832018683022,-0.26784173714782333,236,37072875.617162794,2020-07-20,966169156.6373218,811762365.9833887,28916742.415039655,-0.48118249787727374,2019-01-02,해당 없음,해당 없음,A80,S1-i 합성3배 재시작,롤링14년 2008-06-02,14
2891028403.673144,906000000.0,532861538.87203836,906000.0,0.1317581685834365,-0.2663877096309023,-0.2678423186047053,183,31077643.15771374,2020-07-20,969070524.0750744,817403217.9910305,29006487.954984196,-0.48118249787727385,2019-01-02,해당 없음,해당 없음,A80,S1-i 합성3배 재시작,롤링14년 2008-07-01,14
3100920863.836218,906000000.0,591712977.0934706,906000.0,0.13940081530374818,-0.26639998305667434,-0.26784394364217745,120,23101530.512414783,2020-02-19,977785719.8673337,826855262.0575526,29252313.324183896,-0.4811824978772742,2019-01-02,해당 없음,해당 없음,A80,S1-i 합성3배 재시작,롤링14년 2008-08-01,14
2993383044.603642,910500000.0,561573715.0665606,910500.0,0.13530528893196386,-0.2663275692026519,-0.26783429444341444,243,37087050.04385382,2020-08-04,928663344.5893002,783710911.2012663,27854265.88706159,-0.48118249787727374,2019-01-02,해당 없음,해당 없음,A80,S1-i 합성3배 재시작,롤링14년 2008-09-02,14
2909490506.7484894,906000000.0,539318194.9792666,906000.0,0.13242954347662428,-0.2663297170707587,-0.2678345707321548,199,31413377.738606125,2020-08-04,926435878.6999801,789602463.8334694,27894249.027138945,-0.48118249787727385,2019-01-02,해당 없음,해당 없음,A80,S1-i 합성3배 재시작,롤링14년 2008-10-01,14
3074351800.572222,910500000.0,583641519.8847984,910500.0,0.1381634783282487,-0.26638216806805026,-0.2678415965408302,31,12875410.41108954,2020-07-20,955493435.8124433,826263234.4462976,28896682.519282307,-0.48118249787727363,2019-01-02,해당 없음,해당 없음,A80,S1-i 합성3배 재시작,롤링14년 2008-11-03,14
3088934912.298909,906000000.0,588558035.97822,906000.0,0.13889752151704485,-0.26638204105238816,-0.2678415781327187,9,8227404.208069563,2020-07-20,959727095.6158402,834938491.8162384,28893847.262160882,-0.48118249787727374,2019-01-02,해당 없음,해당 없음,A80,S1-i 합성3배 재시작,롤링14년 2008-12-01,14
2773386608.564404,906000000.0,500748258.6006351,906000.0,0.12726445518157012,-0.2663332965248678,-0.2700105947014383,43,15909038.731005937,2020-08-04,923270808.708009,800918204.1923473,27961290.662074223,-0.48118249787727396,2019-01-02,해당 없음,해당 없음,A80,S1-i 합성3배 재시작,롤링14년 2009-01-02,14
2988277760.376296,910500000.0,552869996.6165268,910500.0,0.13509746383201973,-0.266345226579207,-0.267836615743584,8,10242854.161921352,2020-08-03,1188114799.5127456,919416642.1530817,254593243.75668454,-0.8082480024052339,2023-01-03,해당 없음,해당 없음,A80,S1-i 합성3배 재시작,롤링14년 2009-02-02,14
3028192381.039409,910500000.0,564061568.2190402,910500.0,0.13659807933169782,-0.2663438329650969,-0.26783642810065966,5,8518201.160598218,2020-08-03,1190719499.80804,924248781.1608692,254373301.6429607,-0.8082480024052343,2023-01-03,해당 없음,해당 없음,A80,S1-i 합성3배 재시작,롤링14년 2009-03-02,14
3118044970.3436017,906000000.0,591594941.342652,906000.0,0.1399295911985396,-0.26629821668143483,-0.2678303137939735,3,6165662.143614352,2020-08-18,1145024669.2083452,884610223.2222341,247459143.40287864,-0.8082480024052344,2023-01-03,해당 없음,해당 없음,A80,S1-i 합성3배 재시작,롤링14년 2009-04-01,14
3158963302.023619,906000000.0,603789875.7017822,906000.0,0.14142748142383096,-0.2662624123084214,-0.2678242418980409,5,5525040.572549403,2020-08-24,1112423895.5369425,856444571.5754509,242487437.31512696,-0.8082480024052342,2023-01-03,해당 없음,해당 없음,A80,S1-i 합성3배 재시작,롤링14년 2009-05-01,14
3162881131.775419,906000000.0,605714110.5268011,906000.0,0.1414680125172121,-0.26621857680858063,-0.26781706761489343,6,6018892.955669731,2020-08-28,1081967144.0465298,830382621.188365,236608180.50287303,-0.8082480024052343,2023-01-03,해당 없음,해당 없음,A80,S1-i 합성3배 재시작,롤링14년 2009-06-01,14
3321328793.160585,906000000.0,650743525.1575875,906000.0,0.1467508950880393,-0.2661971952712193,-0.26781367167927717,7,6387612.54510355,2020-09-01,1068128190.7003593,819184668.4629978,233820268.428027,-0.8082480024052341,2023-01-03,해당 없음,해당 없음,A80,S1-i 합성3배 재시작,롤링14년 2009-07-01,14
3246303260.0608397,910500000.0,629538512.6501265,910500.0,0.14406837765887548,-0.2661353265719648,-0.26779880745144,3,645118.4512719214,2020-09-02,1031473615.4209304,786711158.2784677,226825048.64521745,-0.8082480024052342,2023-01-03,해당 없음,해당 없음,A80,S1-i 합성3배 재시작,롤링14년 2009-08-03,14
3263948958.35588,906000000.0,636249033.8464454,906000.0,0.14484145345949687,-0.26609433326210963,-0.2677840354539581,3,3208852.080988735,2021-02-05,1013169613.8673782,772859767.9830936,223088427.36590928,-0.8082480024052342,2023-01-03,해당 없음,해당 없음,A80,S1-i 합성3배 재시작,롤링14년 2009-09-01,14
3108264130.4618225,906000000.0,592480811.9646289,906000.0,0.13961946481037443,-0.26608498126738545,-0.26778072374674744,1,308691.308691293,2021-02-08,1008631860.687321,768756120.198456,222246069.6905535,-0.8082480024052342,2023-01-03,해당 없음,해당 없음,A80,S1-i 합성3배 재시작,롤링14년 2009-10-01,14
3055515528.82834,910500000.0,576850715.9997318,910500.0,0.13753097967397127,-0.26604217870070934,-0.26776562851201124,1,501673.58203318715,2021-04-01,990166252.139863,753985576.532102,218450028.81117883,-0.8082480024052342,2023-01-03,해당 없음,해당 없음,A80,S1-i 합성3배 재시작,롤링14년 2009-11-02,14
3114942237.6388826,906000000.0,596034603.1976522,906000.0,0.1398088852127162,-0.2659688508195025,-0.2677406146456326,24,8675505.349799365,2021-04-09,957306467.7226884,726187248.0174885,212119160.10967398,-0.8082480024052342,2023-01-03,해당 없음,해당 없음,A80,S1-i 합성3배 재시작,롤링14년 2009-12-01,14
3234337180.188948,910500000.0,625270631.5227259,910500.0,0.143618903321229,-0.2659250180333236,-0.2677262905739519,46,11679278.409235597,2021-04-16,1420496299.0750275,1049061182.5378494,208421262.52454078,-0.8082480024052343,2023-01-03,해당 없음,해당 없음,A80,S1-i 합성3배 재시작,롤링14년 2010-01-04,14
3391698245.232731,906000000.0,670760152.1528881,906000.0,0.1489523486063885,-0.26592731064158004,-0.2677270923323226,11,6502124.130561173,2021-04-16,1421818170.283658,1053585709.7301564,208598810.28319275,-0.8082480024052342,2023-01-03,해당 없음,해당 없음,A80,S1-i 합성3배 재시작,롤링14년 2010-02-01,14
3491331835.71522,906000000.0,699372722.2972621,906000.0,0.15209493625076356,-0.2658850358279765,-0.26771306819541385,4,1858152.2349312603,2021-06-10,1398180403.66393,1033922233.3811231,205162765.83436516,-0.8082480024052341,2023-01-03,해당 없음,해당 없음,A80,S1-i 합성3배 재시작,롤링14년 2010-03-01,14
3560580497.435614,906000000.0,719572832.7601628,906000.0,0.15431740607573635,-0.26583119901996854,-0.267695990009138,22,6433879.232990593,2021-06-22,1368349372.8718433,1008553394.6849052,200848899.18676102,-0.8082480024052342,2023-01-03,해당 없음,해당 없음,A80,S1-i 합성3배 재시작,롤링14년 2010-04-01,14
3455331625.2428555,910500000.0,689149320.7533319,910500.0,0.15078018716278307,-0.2657860271757835,-0.26768245892848275,62,9402467.19070986,2021-07-01,1343780418.9891005,988331272.8771461,197267935.04809946,-0.8082480024052341,2023-01-03,해당 없음,해당 없음,A80,S1-i 합성3배 재시작,롤링14년 2010-05-03,14
3611312154.337974,906000000.0,734462035.457659,906000.0,0.15570717473781048,-0.26577339773288733,-0.26767885887733067,22,6672444.952957809,2021-07-01,1336990990.6764317,986748905.0647727,196259165.31803113,-0.8082480024052341,2023-01-03,해당 없음,해당 없음,A80,S1-i 합성3배 재시작,롤링14년 2010-06-01,14
3745799238.101442,906000000.0,772172711.1666415,906000.0,0.15973344230854755,-0.2657805803774216,-0.26768094364838824,3,884947.8447577357,2021-07-01,1341289567.463709,993154198.3461165,196816901.955875,-0.8082480024052341,2023-01-03,해당 없음,해당 없음,A80,S1-i 합성3배 재시작,롤링14년 2010-07-01,14
3618574870.8600144,910500000.0,735856465.9107573,910500.0,0.15575743944975187,-0.26571373252221475,-0.2676626886467801,30,7239285.181265563,2021-07-09,1304751881.659027,961388836.1632566,191569230.12743875,-0.8082480024052343,2023-01-03,해당 없음,해당 없음,A80,S1-i 합성3배 재시작,롤링14년 2010-08-02,14
3654547874.434554,906000000.0,747236975.91819,906000.0,0.15700896596764555,-0.2657077141331641,-0.26766117815277113,1,308691.308691293,2021-07-09,1301639848.505025,961211874.9914519,191090467.75331923,-0.808248002405234,2023-01-03,해당 없음,해당 없음,A80,S1-i 합성3배 재시작,롤링14년 2010-09-01,14
3612598363.8724084,906000000.0,736599236.0997168,906000.0,0.15573916246185168,-0.2656615655925755,-0.26766126261367507,3,5884604.290202111,2021-07-23,1264756358.027563,930779504.5264144,186357429.22471932,-0.8082480024052343,2023-01-03,해당 없음,해당 없음,A80,S1-i 합성3배 재시작,롤링14년 2010-10-01,14
3669884090.8426332,906000000.0,753833199.3410027,906000.0,0.15741248599186863,-0.26561656938234,-0.2676616203814266,9,11207313.237208158,2021-08-13,1232353205.448667,904225777.9070415,181922155.29667288,-0.8082480024052343,2023-01-03,해당 없음,해당 없음,A80,S1-i 합성3배 재시작,롤링14년 2010-11-01,14
3822279103.560758,906000000.0,797696506.7238508,906000.0,0.16183553148649205,-0.26556359489490966,-0.2676624081585035,32,17667121.680767983,2021-08-30,1198790034.2908504,876923547.2312802,176906985.925875,-0.8082480024052341,2023-01-03,해당 없음,해당 없음,A80,S1-i 합성3배 재시작,롤링14년 2010-12-01,14
3867008987.020855,910500000.0,797890970.9354556,910500.0,0.16283747394167047,-0.2655246917262708,-0.26766324584131607,37,20970510.86949134,2021-10-29,1343413271.5813699,998765114.4525062,173364288.36276016,-0.8082480024052342,2023-01-03,해당 없음,해당 없음,A80,S1-i 합성3배 재시작,롤링14년 2011-01-03,14
3872874340.5583615,906000000.0,801420197.8116924,906000.0,0.16316720824820455,-0.26549393510744457,-0.26766406982780966,50,22468420.74069634,2021-11-02,1322931052.1408477,981646022.0209506,170641640.23355994,-0.8082480024052342,2023-01-03,해당 없음,해당 없음,A80,S1-i 합성3배 재시작,롤링14년 2011-02-01,14
3804432752.819169,906000000.0,782651729.3194978,906000.0,0.16132809295271738,-0.2654634047513187,-0.26766503550537857,103,23671308.785545975,2021-11-03,1303101135.1092603,966452052.7149734,167999354.62201217,-0.8082480024052343,2023-01-03,해당 없음,해당 없음,A80,S1-i 합성3배 재시작,롤링14년 2011-03-01,14
3666758912.906519,906000000.0,743894436.2429357,906000.0,0.1573561738976754,-0.2654544146600407,-0.2676653448615083,50,20815659.594727844,2021-11-03,1297347028.0837445,962422989.7828066,167233342.910544,-0.8082480024052341,2023-01-03,해당 없음,해당 없음,A80,S1-i 합성3배 재시작,롤링14년 2011-04-01,14
3516174426.885629,910500000.0,700679075.4009509,910500.0,0.15269712084989448,-0.26542483745958023,-0.26766646523015103,91,21753355.348603696,2021-11-05,1278702681.7052038,947200375.5367606,164754090.92262116,-0.8082480024052342,2023-01-03,해당 없음,해당 없음,A80,S1-i 합성3배 재시작,롤링14년 2011-05-02,14
3543534418.4054,906000000.0,709659195.5575559,906000.0,0.153722951183522,-0.2654175764468337,-0.26766676065657047,37,18432502.922450364,2021-11-18,1274201219.1830451,945477142.5835071,164148225.255606,-0.808248002405234,2023-01-03,해당 없음,해당 없음,A80,S1-i 합성3배 재시작,롤링14년 2011-06-01,14
3606521704.7287135,906000000.0,727827860.6414444,906000.0,0.1555874005587775,-0.2653927162215618,-0.26766784457742465,38,18363985.310501814,2021-12-27,1258943728.169451,933320613.451216,162117943.50777608,-0.8082480024052342,2023-01-03,해당 없음,해당 없음,A80,S1-i 합성3배 재시작,롤링14년 2011-07-01,14
3773594624.886535,906000000.0,774837475.9281588,906000.0,0.16043338947925678,-0.2653922821117741,-0.26766785999003306,32,14087929.70752421,2021-12-27,1258623273.2210257,933945170.0000472,162081525.96791804,-0.8082480024052341,2023-01-03,해당 없음,해당 없음,A80,S1-i 합성3배 재시작,롤링14년 2011-08-01,14
3860886152.5913863,906000000.0,799065401.6345469,906000.0,0.16295861718915516,-0.2654012010386897,-0.26766745542751924,3,3279839.282896757,2021-12-27,1264403309.6606307,941995297.7106586,162794277.225038,-0.8082480024052344,2023-01-03,해당 없음,해당 없음,A80,S1-i 합성3배 재시작,롤링14년 2011-09-01,14
4042808086.3101773,910500000.0,849692936.9692276,910500.0,0.16763727231037687,-0.26536243161507256,-0.26766930618536755,1,308691.308691293,2023-04-28,1241908816.360873,925249825.2629822,159675329.35178852,-0.8082480024052342,2023-01-03,해당 없음,해당 없음,A80,S1-i 합성3배 재시작,롤링14년 2011-10-03,14
4086702885.3998995,906000000.0,864663457.8950672,906000.0,0.16895676774459228,-0.2652959718274108,-0.26767309238542825,4,3008278.7995818555,2023-05-26,1201898003.7998254,890881696.5257374,154555691.79490262,-0.8082480024052339,2023-01-03,해당 없음,해당 없음,A80,S1-i 합성3배 재시작,롤링14년 2011-11-01,14
4130852964.579815,906000000.0,877783694.9161959,906000.0,0.17021337702882,-0.2652534627714339,-0.2676759432824902,3,1365884.9625569284,2023-06-12,1177991004.0646691,872386436.2919077,151397859.96084225,-0.8082480024052342,2023-01-03,해당 없음,해당 없음,A80,S1-i 합성3배 재시작,롤링14년 2011-12-01,14
4012240154.3310604,910500000.0,838262395.5483193,910500.0,0.16680270896053992,-0.26520529916763325,-0.2676785480601289,1,308691.3086913228,2023-06-15,1395150589.6149197,1034810260.736443,148002349.0371946,-0.8082480024052342,2023-01-03,해당 없음,해당 없음,A80,S1-i 합성3배 재시작,롤링14년 2012-01-03,14
4043302852.511693,906000000.0,849252034.4912387,906000.0,0.16783773760601423,-0.2651358711424564,-0.267669471264536,4,3181449.3584881723,2023-06-30,1359257158.2351475,1003521918.3607147,144154964.31220868,-0.8082480024052341,2023-01-03,해당 없음,해당 없음,A80,S1-i 합성3배 재시작,롤링14년 2012-02-01,14
3985601353.670467,906000000.0,833798762.4018338,906000.0,0.16638671498653593,-0.26508280144131446,-0.2676718767542362,15,7857064.555542588,2023-07-19,1330269169.2914562,978430727.1461774,140775143.04716364,-0.8082480024052341,2023-01-03,해당 없음,해당 없음,A80,S1-i 합성3배 재시작,롤링14년 2012-03-01,14
3899221671.8147063,910500000.0,809126346.0782135,910500.0,0.1638219437064348,-0.2650228173351612,-0.2676795561266615,91,14022038.37447697,2023-11-14,1296515298.1909585,949915221.1280897,136840526.30899784,-0.8082480024052341,2023-01-03,해당 없음,해당 없음,A80,S1-i 합성3배 재시작,롤링14년 2012-04-02,14
4139557584.9468513,906000000.0,878365154.222505,906000.0,0.17039841602574146,-0.26500529953559837,-0.2676821619672892,66,12405455.113160312,2023-12-01,1286770361.3684626,943780569.7398056,135701281.1187014,-0.8082480024052343,2023-01-03,해당 없음,해당 없음,A80,S1-i 합성3배 재시작,롤링14년 2012-05-01,14
4498337172.301561,906000000.0,979258066.687558,906000.0,0.17937171904049176,-0.26501474077557585,-0.2676807927997724,11,5900722.821197301,2023-12-01,1291971932.8417444,952131007.1667925,136292226.49485198,-0.8082480024052339,2023-01-03,해당 없음,해당 없음,A80,S1-i 합성3배 재시작,롤링14년 2012-06-01,14
4428337350.105618,910500000.0,959022158.0092709,910500.0,0.17747145569780023,-0.2649583815260602,-0.2676833730853614,59,10240649.62354356,2023-12-07,1264055887.2474911,928200427.1497711,133050047.41713871,-0.8082480024052341,2023-01-03,해당 없음,해당 없음,A80,S1-i 합성3배 재시작,롤링14년 2012-07-02,14
4032096871.4045153,906000000.0,848755889.099097,906000.0,0.16756029583320148,-0.264933101996477,-0.26768174137362444,56,9056615.728373557,2023-12-11,1253185767.5065408,920298416.306657,131783687.82433191,-0.8082480024052342,2023-01-03,해당 없음,해당 없음,A80,S1-i 합성3배 재시작,롤링14년 2012-08-01,14
3917580094.3926964,910500000.0,816083167.864342,910500.0,0.164241377945227,-0.26485558023702427,-0.26767638776540614,73,14644891.157203585,2023-12-13,1221165327.0344489,892880357.8728027,128063287.00785704,-0.808248002405234,2023-01-03,해당 없음,해당 없음,A80,S1-i 합성3배 재시작,롤링14년 2012-09-04,14
2752364174.510509,1180500000.0,436744339.7445193,1180500.0,0.07331446206395041,-0.33243717145048335,-0.6082976038819863,1769,147924770.12760016,2016-11-15,1006842846.066989,663088645.7025479,60587372.6410882,-0.9774556918274715,2019-01-02,2001-08-30,해당 없음,A80,S1-i 합성3배 재시작,롤링19년 2000-01-03,19
2922534571.7228312,1176000000.0,485882139.79468685,1176000.0,0.07834055750721387,-0.33180461563956876,-0.6149750066400814,1663,144067175.4053843,2016-11-15,1007836200.5779352,662689168.6961467,60513542.75827187,-0.9774556918274713,2019-01-02,2001-09-06,해당 없음,A80,S1-i 합성3배 재시작,롤링19년 2000-02-01,19
3026170339.924207,1176000000.0,514663304.5777631,1176000.0,0.0811959038821101,-0.3306610264416643,-0.6035955235614947,1666,142738722.0696855,2016-11-16,994244919.291159,649386098.4591776,60207503.62507272,-0.9774556918274714,2019-01-02,2001-04-03,해당 없음,A80,S1-i 합성3배 재시작,롤링19년 2000-03-01,19
3159597457.459191,1180500000.0,549846814.5516759,1180500.0,0.08452438681786965,-0.33026499058568315,-0.5876689373619218,1769,142136142.2471969,2016-11-17,983735601.901793,643857390.2078336,59768834.34428533,-0.9685540865353301,2019-01-02,2001-04-03,해당 없음,A80,S1-i 합성3배 재시작,롤링19년 2000-04-03,19
3316625098.408648,1176000000.0,596531980.5109855,1176000.0,0.08856753379410831,-0.32992860672144997,-0.5830621026847252,1663,138672354.17413563,2016-11-17,983386973.5955098,651457211.992738,59596574.529530846,-0.9500903972435863,2019-01-02,2001-09-17,해당 없음,A80,S1-i 합성3배 재시작,롤링19년 2000-05-01,19
3196094426.968596,1176000000.0,561368754.3128204,1176000.0,0.08558870317842074,-0.28767913542444723,-0.5361894893955481,1493,120596282.27452263,2016-11-15,1005522008.4930183,674351745.1749415,60630583.996387206,-0.9479112784836835,2019-01-02,2002-04-26,해당 없음,A80,S1-i 합성3배 재시작,롤링19년 2000-06-01,19
3347976459.2694736,1180500000.0,603151718.1052153,1180500.0,0.08918281976347475,-0.3298981594692303,-0.585433688995915,1663,133791590.38452925,2016-11-23,971764516.7866838,644923271.3196774,59137768.76670646,-0.9479112784836833,2019-01-02,2001-09-18,해당 없음,A80,S1-i 합성3배 재시작,롤링19년 2000-07-03,19
3405224534.9625936,1176000000.0,619738246.2713925,1176000.0,0.09066762045296019,-0.32934007421845024,-0.5880203937057727,1518,128698754.27756079,2016-11-21,972325079.9924251,646409729.1116886,59196204.1866374,-0.94579559078471,2019-01-02,2001-09-20,해당 없음,A80,S1-i 합성3배 재시작,롤링19년 2000-08-01,19
3408782769.436117,1176000000.0,620589333.8085299,1176000.0,0.0907619094480127,-0.33033364968679124,-0.572041959473149,1667,129441669.63338134,2016-12-09,960447556.1092924,637944736.6237292,58620534.235355325,-0.9457955907847104,2019-01-02,2001-09-17,해당 없음,A80,S1-i 합성3배 재시작,롤링19년 2000-09-01,19
3470853083.081719,1180500000.0,635802532.4465013,1180500.0,0.0920724031603519,-0.27765539805636685,-0.5053449348608998,1207,107355230.19057366,2016-11-17,995231297.8007574,669302491.7589803,60033982.62998956,-0.9036884465754984,2019-01-02,2002-05-02,해당 없음,A80,S1-i 합성3배 재시작,롤링19년 2000-10-02,19
3504462446.8397613,1176000000.0,647176427.2190224,1176000.0,0.09295120062098873,-0.29637352550625673,-0.5190090082359673,1452,107310903.92924759,2016-11-21,984286978.6822646,665331305.8497034,59544333.35735371,-0.8773540678140491,2019-01-02,2002-06-11,해당 없음,A80,S1-i 합성3배 재시작,롤링19년 2000-11-01,19
3613277134.4928966,1176000000.0,679268130.9225787,1176000.0,0.09541351791312004,-0.3327303555589859,-0.5444276700773844,1486,109360667.80819434,2016-12-09,967331490.940563,654661154.061619,58643532.215935685,-0.8005263726753797,2019-01-02,2002-08-05,해당 없음,A80,S1-i 합성3배 재시작,롤링19년 2000-12-01,19
3637442804.032943,1176000000.0,685190225.5316406,1176000.0,0.09592002718482331,-0.33255257311926567,-0.5505456410999859,1416,109998235.61388016,2016-12-15,951405479.8123217,644495995.9953728,58027317.09739513,-0.6714889053426754,2019-01-02,2002-10-09,해당 없음,A80,S1-i 합성3배 재시작,롤링19년 2001-01-02,19
3778073406.334982,1176000000.0,723255597.3402798,1176000.0,0.0989186286700646,-0.3318491606561196,-0.5116478902993612,1493,108587893.74363425,2016-12-15,1308509572.47296,968019344.6041117,57677060.655801855,-0.6246577886683433,2019-01-02,2002-09-30,해당 없음,A80,S1-i 합성3배 재시작,롤링19년 2001-02-01,19
3705551020.40144,1176000000.0,690440109.536648,1176000.0,0.0974181831048865,-0.3330121478900995,-0.4882964942209741,643,94757841.68809223,2016-11-21,1345644584.2822053,965429754.1173487,59586273.68379174,-0.48118249787727396,2019-01-02,해당 없음,해당 없음,A80,S1-i 합성3배 재시작,롤링19년 2001-03-01,19
3278512654.5230536,1180500000.0,566189276.1823627,1180500.0,0.0874951252848399,-0.3341851564606003,-0.4995363649908602,487,86607118.73033908,2016-11-17,1356221966.558869,983070205.74832,59976716.426843844,-0.48118249787727385,2019-01-02,해당 없음,해당 없음,A80,S1-i 합성3배 재시작,롤링19년 2001-04-02,19
3600222842.7487354,1176000000.0,660836749.9751302,1176000.0,0.09510369273235902,-0.3317245188165784,-0.48777375589957306,664,94867305.96311592,2016-12-09,1315432229.3883145,949334776.8587713,58562650.46773164,-0.4811824978772733,2019-01-02,해당 없음,해당 없음,A80,S1-i 합성3배 재시작,롤링19년 2001-05-01,19
3867457705.2590413,1176000000.0,735326606.955454,1176000.0,0.10081988360469865,-0.3319170481153456,-0.45795088625843694,640,88760906.94158533,2016-12-09,1319764305.205422,956193536.220035,58730924.20518685,-0.4811824978772735,2019-01-02,해당 없음,해당 없음,A80,S1-i 합성3배 재시작,롤링19년 2001-06-01,19
3889093336.400322,1180500000.0,739976595.6547215,1180500.0,0.10111930187356273,-0.33166636908532465,-0.4394129353778893,624,86344096.19371119,2016-12-09,1313833490.856426,953093168.7723901,58496046.682643734,-0.4811824978772735,2019-01-02,해당 없음,해당 없음,A80,S1-i 합성3배 재시작,롤링19년 2001-07-02,19
4105723342.949386,1176000000.0,801526742.8130082,1176000.0,0.10549888110240993,-0.3317431934125926,-0.4199699640909754,491,81213370.53957991,2016-12-09,1315510801.2496943,957727241.178839,58558347.11001587,-0.48118249787727385,2019-01-02,해당 없음,해당 없음,A80,S1-i 합성3배 재시작,롤링19년 2001-08-01,19
4411844044.165765,1180500000.0,884295961.2428302,1180500.0,0.11101406199973284,-0.33295464015791254,-0.4131225250484788,374,67931424.27390254,2016-11-21,1347739691.2000055,984179589.3746406,59490746.091443226,-0.48118249787727363,2019-01-02,해당 없음,해당 없음,A80,S1-i 합성3배 재시작,롤링19년 2001-09-04,19
4237925242.519049,1176000000.0,835887044.5932363,1176000.0,0.10799211999326425,-0.3357676611723601,-0.417356559594916,318,54324578.47577876,2016-11-15,1378111478.28971,1011932609.990921,60277221.791685194,-0.48118249787727385,2019-01-02,해당 없음,해당 없음,A80,S1-i 합성3배 재시작,롤링19년 2001-10-01,19
3934758961.9476914,1176000000.0,751785922.8859885,1176000.0,0.10215098528073675,-0.3320050267582805,-0.4147977564853672,374,65512292.334653094,2016-12-09,1322552308.1131816,968162189.2564366,58767426.104235455,-0.48118249787727385,2019-01-02,해당 없음,해당 없음,A80,S1-i 합성3배 재시작,롤링19년 2001-11-01,19
4253418873.546238,1180500000.0,841694606.2845417,1180500.0,0.1081606288328157,-0.3309504619594956,-0.41715680031516256,402,68730395.51350246,2016-12-15,1293146291.0733054,948302149.5696338,57933776.38573929,-0.48118249787727385,2019-01-02,해당 없음,해당 없음,A80,S1-i 합성3배 재시작,롤링19년 2001-12-03,19
4279375384.036721,1176000000.0,850957327.6749548,1176000.0,0.1087514062512787,-0.3286011546336317,-0.4188271531829896,472,71736244.58467707,2016-12-20,1270998967.8196354,931702354.2586834,57092479.18743071,-0.4811824978772734,2019-01-02,해당 없음,해당 없음,A80,S1-i 합성3배 재시작,롤링19년 2002-01-02,19
4356370444.018634,1176000000.0,859526327.718243,1176000.0,0.11018220423297084,-0.32921052633383474,-0.40559965426223454,417,66992130.78551169,2016-12-20,1612563800.7792635,1251170725.2944157,57113394.24050389,-0.48118249787727385,2019-01-02,해당 없음,해당 없음,A80,S1-i 합성3배 재시작,롤링19년 2002-02-01,19
4418669927.098301,1176000000.0,876905657.6545159,1176000.0,0.11133822206519292,-0.3286214567641409,-0.40611891440975967,402,64296033.9066457,2016-12-22,1605231219.9812756,1249243865.2363698,56879649.49808282,-0.4811824978772741,2019-01-02,해당 없음,해당 없음,A80,S1-i 합성3배 재시작,롤링19년 2002-03-01,19
4548071475.893387,1176000000.0,913721478.7399523,1176000.0,0.1135463144291875,-0.3253437412259427,-0.3913443700531366,418,63973868.542845875,2016-12-27,1590027278.559875,1237478902.602804,56414212.92266682,-0.48118249787727363,2019-01-02,해당 없음,해당 없음,A80,S1-i 합성3배 재시작,롤링19년 2002-04-01,19
4778835751.340822,1176000000.0,977845165.5875156,1176000.0,0.11742514190195166,-0.28758537191930345,-0.3337196840826311,339,53651856.16540544,2016-12-20,1609850678.7142837,1258126000.3434923,57016939.5926848,-0.48118249787727363,2019-01-02,해당 없음,해당 없음,A80,S1-i 합성3배 재시작,롤링19년 2002-05-01,19
4868374207.088674,1180500000.0,1000808131.0552018,1180500.0,0.11875689280910266,-0.26843483564546533,-0.26921007746978864,247,41107767.2108286,2016-12-15,1637467690.0080419,1284563016.4233618,57865486.45176007,-0.48118249787727396,2019-01-02,해당 없음,해당 없음,A80,S1-i 합성3배 재시작,롤링19년 2002-06-03,19
5159115754.050582,1176000000.0,1082852189.8982255,1176000.0,0.12339070672399657,-0.2686049342745114,-0.26936669886470255,67,26292379.194840714,2016-12-09,1672858358.551134,1318422677.008086,58934925.48631285,-0.48118249787727374,2019-01-02,해당 없음,해당 없음,A80,S1-i 합성3배 재시작,롤링19년 2002-07-01,19
5479593126.538649,1176000000.0,1171969985.808439,1176000.0,0.1280865518564618,-0.26877250619400406,-0.2695206978539313,9,11415207.687781274,2016-11-17,1709409834.3565388,1352252944.6111832,60051446.45346664,-0.48118249787727385,2019-01-02,해당 없음,해당 없음,A80,S1-i 합성3배 재시작,롤링19년 2002-08-01,19
5676402173.941495,1180500000.0,1226594330.7594392,1180500.0,0.13068527755111073,-0.2686907440118641,-0.26944607854123215,17,12337804.331544846,2016-11-21,1690478682.0770624,1337995019.9937048,59458517.81881295,-0.4811824978772741,2019-01-02,해당 없음,해당 없음,A80,S1-i 합성3배 재시작,롤링19년 2002-09-03,19
5415514862.549853,1176000000.0,1154464839.032842,1176000.0,0.1271460172850055,-0.26862620604242515,-0.2693864396619444,9,11410826.521609515,2016-11-23,1677696270.9861846,1329332795.4406464,59058980.88506125,-0.48118249787727396,2019-01-02,해당 없음,해당 없음,A80,S1-i 합성3배 재시작,롤링19년 2002-10-01,19
5632825600.670176,1176000000.0,1217168263.0155907,1176000.0,0.1302372167819732,-0.26840052216383214,-0.26917996846736514,41,15766717.221300274,2016-12-19,1625748594.563097,1284585308.946985,57538633.22672875,-0.48118249787727374,2019-01-02,해당 없음,해당 없음,A80,S1-i 합성3배 재시작,롤링19년 2002-11-01,19
5535907826.707901,1180500000.0,1189433597.716834,1180500.0,0.12876715038289568,-0.2682695286536734,-0.2690628591776165,75,21819362.99708894,2016-12-27,1592313056.326422,1254771393.0955114,56483307.00886532,-0.4811824978772741,2019-01-02,해당 없음,해당 없음,A80,S1-i 합성3배 재시작,롤링19년 2002-12-02,19
5858223794.904069,1176000000.0,1281014337.8017066,1176000.0,0.13322583052642561,-0.26833258186261044,-0.2691195514865159,39,12230170.13334006,2016-12-22,1607424277.3868482,1271861364.9668024,56962146.73171728,-0.4811824978772735,2019-01-02,해당 없음,해당 없음,A80,S1-i 합성3배 재시작,롤링19년 2003-01-02,19
5700120504.549114,1180500000.0,1221166089.037239,1180500.0,0.13099235608658544,-0.26836585071125996,-0.269149270003327,10,5008118.11508745,2016-12-20,2031560786.6995022,1682094433.850567,57233045.4810447,-0.48118249787727385,2019-01-02,해당 없음,해당 없음,A80,S1-i 합성3배 재시작,롤링19년 2003-02-03,19
5493064182.916829,1180500000.0,1162840630.8259854,1180500.0,0.12816944032433936,-0.26834451042225405,-0.2691302357123645,2,1019603.988180697,2016-12-20,2024751082.2550342,1676715612.742835,57057114.710769564,-0.48118249787727385,2019-01-02,해당 없음,해당 없음,A80,S1-i 합성3배 재시작,롤링19년 2003-03-03,19
5507414545.353642,1176000000.0,1169979858.7327585,1176000.0,0.12846209549167564,-0.2681276396526927,-0.2689366890249417,8,3460753.9809527695,2017-03-01,1957210893.638496,1619187265.1530774,55332507.882355936,-0.48118249787727374,2019-01-02,해당 없음,해당 없음,A80,S1-i 합성3배 재시작,롤링19년 2003-04-01,19
5143355066.397706,1176000000.0,1068350936.3900205,1176000.0,0.1231839292230814,-0.26801823568614014,-0.26884151283647983,1,1083553.1907489896,2017-05-01,1913279572.3862753,1582053608.3210826,54327411.72253882,-0.4811824978772741,2019-01-02,해당 없음,해당 없음,A80,S1-i 합성3배 재시작,롤링19년 2003-05-01,19
4982165254.3140745,1180500000.0,1023172942.4732654,1180500.0,0.12058188622765958,-0.26783263778344735,-0.26867398636758244,22,8565784.145880133,2017-06-02,1863601119.290707,1539856951.7294176,53101040.941396795,-0.48118249787727363,2019-01-02,해당 없음,해당 없음,A80,S1-i 합성3배 재시작,롤링19년 2003-06-02,19
4810454895.583075,1176000000.0,976629156.9396112,1176000.0,0.1179423860971483,-0.26774858254814715,-0.26859705675996814,25,9564006.789532244,2017-06-07,1845214667.2573972,1524818070.494522,52632406.21149021,-0.4811824978772741,2019-01-02,해당 없음,해당 없음,A80,S1-i 합성3배 재시작,롤링19년 2003-07-01,19
5087305880.439245,1176000000.0,1055468601.5745981,1176000.0,0.1223439059034206,-0.2676709279354351,-0.2685261437622941,25,10189374.900094688,2017-07-19,1827208768.7644835,1509957132.3312497,52196081.8779409,-0.48118249787727385,2019-01-02,해당 없음,해당 없음,A80,S1-i 합성3배 재시작,롤링19년 2003-08-01,19
5012225650.255063,1180500000.0,1034659914.3212656,1180500.0,0.1210390755724746,-0.2675185962055544,-0.26838988627425686,59,17708159.104162276,2017-08-09,1788266424.300198,1475496558.6465898,51177359.45099734,-0.48118249787727374,2019-01-02,해당 없음,해당 없음,A80,S1-i 합성3배 재시작,롤링19년 2003-09-02,19
4863966358.299502,1176000000.0,993784075.1062214,1176000.0,0.11879399844674242,-0.26751498844329547,-0.26838675360994413,35,13470727.670807123,2017-08-09,1787205878.6917195,1476435062.7279992,51147850.11197309,-0.4811824978772741,2019-01-02,해당 없음,해당 없음,A80,S1-i 합성3배 재시작,롤링19년 2003-10-01,19
4884162734.877089,1180500000.0,1000330263.335162,1180500.0,0.11900001656266229,-0.2673364813105604,-0.26822986951704575,129,24426627.601855844,2017-10-02,1736123079.1050696,1432260566.456427,49832341.89432261,-0.4811824978772735,2019-01-02,해당 없음,해당 없음,A80,S1-i 합성3배 재시작,롤링19년 2003-11-03,19
4850277229.458637,1176000000.0,992684971.6934353,1176000.0,0.11857176976055465,-0.2672778052204734,-0.26818191187883866,142,27247200.243033886,2017-10-06,1712498323.5717006,1413119713.8938894,49202522.91137568,-0.4811824978772742,2019-01-02,해당 없음,해당 없음,A80,S1-i 합성3배 재시작,롤링19년 2003-12-01,19
4415319812.09925,1176000000.0,870703469.7310522,1176000.0,0.11123921751780828,-0.2685098349738604,-0.2756107978393353,396,30309960.045731515,2017-11-08,1687967456.9005733,1393200462.8643122,48549681.73617938,-0.48118249787727385,2019-01-02,해당 없음,해당 없음,A80,S1-i 합성3배 재시작,롤링19년 2004-01-02,19
4698911622.427264,1180500000.0,938206516.0893034,1180500.0,0.11598356702120934,-0.26721308476492256,-0.26813425644935873,396,29429528.50737062,2017-12-15,2097198250.7807932,1574345813.0048497,420917111.4039154,-0.8082480024052341,2023-01-03,해당 없음,해당 없음,A80,S1-i 합성3배 재시작,롤링19년 2004-02-02,19
4759640392.043737,1176000000.0,957294099.8095129,1176000.0,0.11712799572484058,-0.26718753222938274,-0.26811887465365725,430,31381108.404584825,2018-01-08,2071088042.1867907,1554760697.8122864,416167742.2350621,-0.8082480024052343,2023-01-03,해당 없음,해당 없음,A80,S1-i 합성3배 재시작,롤링19년 2004-03-01,19
4992716914.981384,1176000000.0,1022387211.6577165,1176000.0,0.1208484605271974,-0.26719649833903625,-0.2681242957086346,139,24533170.728161067,2017-12-18,2080205487.9121194,1563973896.459326,417810472.449988,-0.808248002405234,2023-01-03,해당 없음,해당 없음,A80,S1-i 합성3배 재시작,롤링19년 2004-04-01,19
5074284086.070276,1180500000.0,1044283221.6224123,1180500.0,0.12201345267248907,-0.2671827851874068,-0.2681160274723007,130,23329819.220343977,2018-01-08,2066424069.593667,1555310566.2127283,415290624.8390426,-0.8082480024052344,2023-01-03,해당 없음,해당 없음,A80,S1-i 합성3배 재시작,롤링19년 2004-05-03,19
5193840275.632074,1176000000.0,1079955867.1480227,1176000.0,0.12392027754223647,-0.2671638386046413,-0.26810475205799844,139,23660892.65450099,2018-01-12,2047166935.7838664,1539555706.908833,411791346.7449401,-0.8082480024052343,2023-01-03,해당 없음,해당 없음,A80,S1-i 합성3배 재시작,롤링19년 2004-06-01,19
5474968864.819923,1176000000.0,1159699876.5447226,1176000.0,0.1280221787780699,-0.2671475631241539,-0.2680952022888029,140,23278859.81820053,2018-01-17,2030579169.413869,1526961251.2206907,408769407.7904647,-0.8082480024052341,2023-01-03,해당 없음,해당 없음,A80,S1-i 합성3배 재시작,롤링19년 2004-07-01,19
5542611168.507624,1180500000.0,1177213714.1641326,1180500.0,0.12888222432949642,-0.2671423977947661,-0.26809220022917835,129,19938970.93691504,2018-01-17,2025400573.388284,1525910993.6273048,407805187.9940261,-0.808248002405234,2023-01-03,해당 없음,해당 없음,A80,S1-i 합성3배 재시작,롤링19년 2004-08-02,19
5565693769.958754,1176000000.0,1184953178.796523,1176000.0,0.12927531253438138,-0.2671343350916531,-0.2680874649277355,120,17371196.143939197,2018-01-17,2017375225.13736,1521407489.043671,406331969.0631425,-0.8082480024052343,2023-01-03,해당 없음,해당 없음,A80,S1-i 합성3배 재시작,롤링19년 2004-09-01,19
5232879744.577102,1176000000.0,1092517994.743351,1176000.0,0.12452290458654072,-0.2670897704289239,-0.2680583496776816,147,22136144.61878416,2018-01-23,1978726461.776188,1490820526.1378314,399631549.69405156,-0.8082480024052344,2023-01-03,해당 없음,해당 없음,A80,S1-i 합성3배 재시작,롤링19년 2004-10-01,19
5098621962.593582,1176000000.0,1054853948.9150422,1176000.0,0.12246610811508313,-0.2670810726310856,-0.26805283924925805,130,19501545.73383835,2018-01-23,1970718963.952787,1484954875.4177108,398275582.9277428,-0.8082480024052343,2023-01-03,해당 없음,해당 없음,A80,S1-i 합성3배 재시작,롤링19년 2004-11-01,19
5403328074.952086,1176000000.0,1141358590.7920609,1176000.0,0.1269850559440863,-0.26706515781753826,-0.2680427076904912,129,18409792.09477642,2018-01-26,1955761076.2491686,1473206084.8479795,395838643.3104296,-0.8082480024052343,2023-01-03,해당 없음,해당 없음,A80,S1-i 합성3배 재시작,롤링19년 2004-12-01,19
5686172361.624339,1180500000.0,1212700819.0455136,1180500.0,0.13083003528310022,-0.2670495543091712,-0.2680337455313755,129,17612106.16106209,2018-06-14,2802660403.6629868,2080536125.6462495,393072675.1522301,-0.8082480024052343,2023-01-03,해당 없음,해당 없음,A80,S1-i 합성3배 재시작,롤링19년 2005-01-03,19
5939364526.334926,1176000000.0,1284887257.495363,1176000.0,0.13428720049017115,-0.2670528417209962,-0.26803548603978133,59,12007330.29785633,2018-06-14,2807596987.7945414,2087489150.7567532,393712103.47343,-0.8082480024052341,2023-01-03,해당 없음,해당 없음,A80,S1-i 합성3배 재시작,롤링19년 2005-02-01,19
6172211137.008403,1176000000.0,1350803554.8464177,1176000.0,0.13727622759902303,-0.2670421035353032,-0.26802982327297176,55,10300720.468090683,2018-06-15,2791915118.8771024,2076558615.052142,391616266.76492393,-0.8082480024052345,2023-01-03,해당 없음,해당 없음,A80,S1-i 합성3배 재시작,롤링19년 2005-03-01,19
6398925437.707425,1176000000.0,1414556485.814787,1176000.0,0.14012921245452944,-0.26703937595248495,-0.26802839186698646,25,6389882.811416268,2018-06-15,2788012220.123104,2075745033.2802048,391083452.8655735,-0.8082480024052341,2023-01-03,해당 없음,해당 없음,A80,S1-i 합성3배 재시작,롤링19년 2005-04-01,19
6277342702.810242,1180500000.0,1378796058.3226068,1180500.0,0.13850175244268448,-0.26703691305037913,-0.26802710145822284,1,797819.2575569153,2018-06-15,2784497564.9671197,2075234666.4953475,390602596.3504543,-0.8082480024052341,2023-01-03,해당 없음,해당 없음,A80,S1-i 합성3배 재시작,롤링19년 2005-05-02,19
6457350309.478252,1176000000.0,1433007342.0288901,1176000.0,0.14074391329367655,-0.26699527229935005,-0.2680094125546708,23,10339792.46325612,2018-07-10,2711983308.242498,2016191347.601191,381043664.66508484,-0.8082480024052341,2023-01-03,해당 없음,해당 없음,A80,S1-i 합성3배 재시작,롤링19년 2005-06-01,19
6624363562.39356,1176000000.0,1480555674.943509,1176000.0,0.14277448842525692,-0.26697916002623867,-0.26800286595721234,42,11015880.356624663,2018-07-12,2684501642.1068826,1997055712.6530752,377348734.55901057,-0.8082480024052341,2023-01-03,해당 없음,해당 없음,A80,S1-i 합성3배 재시작,롤링19년 2005-07-01,19
6541894581.08166,1176000000.0,1458758638.4775176,1176000.0,0.14174324346216108,-0.2669478881524039,-0.26798968895861697,81,16520694.403822452,2018-07-25,2633387775.805685,1955154364.7294059,370548377.5537228,-0.8082480024052341,2023-01-03,해당 없음,해당 없음,A80,S1-i 합성3배 재시작,롤링19년 2005-08-01,19
6467506445.845293,1176000000.0,1438061673.6316879,1176000.0,0.14087960842661207,-0.2669358078625097,-0.26798461928670214,79,15655140.922476739,2018-08-27,2614085521.052976,1941624342.8754766,367975010.3425839,-0.8082480024052342,2023-01-03,해당 없음,해당 없음,A80,S1-i 합성3배 재시작,롤링19년 2005-09-01,19
6424574394.912043,1180500000.0,1425583688.9899797,1180500.0,0.14025399516759052,-0.2669116744396176,-0.26797445622505023,127,18418238.738246948,2018-08-31,2576152359.4386697,1912297558.482311,362949868.7545586,-0.8082480024052342,2023-01-03,해당 없음,해당 없음,A80,S1-i 합성3배 재시작,롤링19년 2005-10-03,19
6663083304.03084,1176000000.0,1494065572.079779,1176000.0,0.14314144556383018,-0.2669077296425223,-0.26797283247910697,79,14976492.554253906,2018-09-13,2569994212.7208605,1909224268.568726,362126952.95237267,-0.8082480024052342,2023-01-03,해당 없음,해당 없음,A80,S1-i 합성3배 재시작,롤링19년 2005-11-01,19
6952513585.021194,1176000000.0,1577467469.4420927,1176000.0,0.14644680001458013,-0.2668677826911431,-0.2679577403372633,217,23346959.915038705,2019-04-08,2504091938.3118916,1856723976.3937645,353543770.4591561,-0.8082480024052342,2023-01-03,해당 없음,해당 없음,A80,S1-i 합성3배 재시작,롤링19년 2005-12-01,19
7143992299.010643,1180500000.0,1606544698.249205,1180500.0,0.1484024614195222,-0.26686757409483897,-0.26795766508395946,178,18768239.121393383,2019-04-08,2953227718.737098,2221691313.30636,353497812.17647696,-0.8082480024052341,2023-01-03,해당 없음,해당 없음,A80,S1-i 합성3배 재시작,롤링19년 2006-01-03,19
7232532205.672637,1176000000.0,1632817831.470272,1176000.0,0.1494246308600629,-0.2668644265605058,-0.2679565143129067,89,15305825.746187806,2019-04-08,2947106340.314672,2217620314.112063,352825209.1846194,-0.8082480024052344,2023-01-03,해당 없음,해당 없음,A80,S1-i 합성3배 재시작,롤링19년 2006-02-01,19
7129070481.953484,1176000000.0,1604398993.7878609,1176000.0,0.14836947924007274,-0.26684718162013743,-0.26795014798787287,113,16495360.154241383,2019-04-23,2914191541.195231,2193538442.7189417,349202777.4005002,-0.8082480024052342,2023-01-03,해당 없음,해당 없음,A80,S1-i 합성3배 재시작,롤링19년 2006-03-01,19
6833287826.752925,1180500000.0,1520518673.525238,1180500.0,0.14501310678197005,-0.2668294467812131,-0.2679435580411498,128,17819378.724101126,2019-04-23,2881106187.499525,2168455438.787577,345565613.1709714,-0.8082480024052339,2023-01-03,해당 없음,해당 없음,A80,S1-i 합성3배 재시작,롤링19년 2006-04-03,19
6529700552.7031355,1176000000.0,1436116421.4983606,1176000.0,0.14161770960882253,-0.26682609172706895,-0.26794230578367106,79,14282751.419927597,2019-04-23,2874995503.67282,2165431166.1450553,344886598.0886039,-0.8082480024052343,2023-01-03,해당 없음,해당 없음,A80,S1-i 합성3배 재시작,롤링19년 2006-05-01,19
6653187291.675688,1176000000.0,1470899983.2035255,1176000.0,0.14307655134909122,-0.2668219918383008,-0.2679407793972506,50,10866817.94413203,2019-04-24,2867593710.6822267,2162365775.6816487,344058642.72628915,-0.8082480024052344,2023-01-03,해당 없음,해당 없음,A80,S1-i 합성3배 재시작,롤링19년 2006-06-01,19
6864132944.317123,1180500000.0,1529373403.9246001,1180500.0,0.14536602293199982,-0.26681348410023153,-0.2679376808342795,21,8982295.82241261,2019-04-24,2851977351.798902,2152076955.9414616,342332962.3924803,-0.8082480024052343,2023-01-03,해당 없음,해당 없음,A80,S1-i 합성3배 재시작,롤링19년 2006-07-03,19
7076737280.7757845,1176000000.0,1590850429.5737824,1176000.0,0.14778787615034078,-0.2668034103276802,-0.26793422815375223,4,7554899.636499107,2019-04-26,2833137066.12829,2140754363.9859285,340241845.8942786,-0.8082480024052342,2023-01-03,해당 없음,해당 없음,A80,S1-i 합성3배 재시작,롤링19년 2006-08-01,19
7062902995.573487,1176000000.0,1589260060.474755,1176000.0,0.14768425742469635,-0.2667639383996748,-0.26792094672374456,9,16216836.26059705,2019-07-02,2757675739.4658227,2081309537.75262,332222093.8226096,-0.808248002405234,2023-01-03,해당 없음,해당 없음,A80,S1-i 합성3배 재시작,롤링19년 2006-09-01,19
7404062265.216354,1180500000.0,1684948467.4582965,1180500.0,0.15118600005036373,-0.26674782121199325,-0.26791563647464967,9,16888835.155269474,2019-07-03,2728473220.3238034,2058841457.3870597,329020199.35326004,-0.8082480024052341,2023-01-03,해당 없음,해당 없음,A80,S1-i 합성3배 재시작,롤링19년 2006-10-02,19
7594002910.356671,1176000000.0,1741070391.7967582,1176000.0,0.15318208777920514,-0.2667203195786527,-0.2679067190577553,31,21202888.373258978,2019-07-12,2679694423.961301,2020152321.9293134,323650723.15510666,-0.8082480024052341,2023-01-03,해당 없음,해당 없음,A80,S1-i 합성3배 재시작,롤링19년 2006-11-01,19
7702679450.240666,1176000000.0,1772756833.75193,1176000.0,0.15433950227768117,-0.26669860099677833,-0.2679012832558575,41,24191553.632752866,2019-07-26,2639017247.89139,1987639660.1049235,319081803.35130537,-0.8082480024052342,2023-01-03,해당 없음,해당 없음,A80,S1-i 합성3배 재시작,롤링19년 2006-12-01,19
7552019524.745433,1180500000.0,1715834599.8468087,1180500.0,0.1526674828518185,-0.26668601152876403,-0.2678984152367294,41,23832494.483878553,2019-09-19,3014045239.5120454,2282758625.0921516,316410971.55714417,-0.8082480024052345,2023-01-03,해당 없음,해당 없음,A80,S1-i 합성3배 재시작,롤링19년 2007-01-03,19
7645810392.684379,1176000000.0,1745172255.410278,1176000.0,0.1537178861110537,-0.26665861704414406,-0.26789235802325784,116,28592892.51946482,2019-11-13,2957108023.4631777,2237917711.379375,310698430.38326234,-0.8082480024052343,2023-01-03,해당 없음,해당 없음,A80,S1-i 합성3배 재시작,롤링19년 2007-02-01,19
7651602021.747313,1176000000.0,1746945727.068983,1176000.0,0.15382714125771446,-0.2666540115935553,-0.26789129757916164,43,25454625.986884803,2019-11-14,2947941321.730021,2232171552.4435787,309767246.8106124,-0.8082480024052342,2023-01-03,해당 없음,해당 없음,A80,S1-i 합성3배 재시작,롤링19년 2007-03-01,19
7568706890.194639,1180500000.0,1723177277.8448367,1180500.0,0.15288501156468373,-0.26663704906687524,-0.2678872675834607,47,26306951.462020755,2019-11-22,2914767844.8614626,2206628418.918482,306419032.9567805,-0.8082480024052342,2023-01-03,해당 없음,해당 없음,A80,S1-i 합성3배 재시작,롤링19년 2007-04-02,19
7945632607.516267,1176000000.0,1832489524.453123,1176000.0,0.15668080807392318,-0.26660524764411575,-0.2678800582324733,123,31971892.476927757,2019-12-04,2853525136.3548365,2156952905.281845,300241396.8698927,-0.8082480024052343,2023-01-03,해당 없음,해당 없음,A80,S1-i 합성3배 재시작,롤링19년 2007-05-01,19
8483017304.309564,1176000000.0,1985390098.5150547,1176000.0,0.16173320625691,-0.26657986821406476,-0.26787462811814544,159,35348438.32317835,2019-12-20,2805829520.2568116,2119071948.116302,295401623.54201484,-0.808248002405234,2023-01-03,해당 없음,해당 없음,A80,S1-i 합성3배 재시작,롤링19년 2007-06-01,19
8461448405.227566,1180500000.0,1978324355.606775,1180500.0,0.16142356206621916,-0.26657234381133543,-0.26787307298855945,152,33126986.386398166,2019-12-23,2791883497.8251987,2108514695.167744,293982196.7674987,-0.8082480024052342,2023-01-03,해당 없음,해당 없음,A80,S1-i 합성3배 재시작,롤링19년 2007-07-02,19
7736234923.860899,1176000000.0,1775174808.794472,1176000.0,0.15462357500851695,-0.26656748783828754,-0.26787208258750694,123,30064539.421096265,2019-12-26,2782933393.340193,2102116763.7239873,293069442.75342953,-0.8082480024052343,2023-01-03,해당 없음,해당 없음,A80,S1-i 합성3배 재시작,롤링19년 2007-08-01,19
7540085701.825425,1180500000.0,1720171134.0935235,1180500.0,0.1525369007348754,-0.2665367050761135,-0.26786604275088777,182,34936495.71197951,2020-01-06,2726911332.681717,2057028311.8558784,287356554.97421074,-0.8082480024052343,2023-01-03,해당 없음,해당 없음,A80,S1-i 합성3배 재시작,롤링19년 2007-09-04,19
3167462912.143175,1230000000.0,550457471.6801043,1230000.0,0.07738484365219067,-0.30762192480768813,-0.5911723243562531,1822,142034855.90550163,2017-06-19,529132347.53063923,307496975.4106611,23599818.070360813,-0.9980733824709406,2009-01-02,2001-08-30,해당 없음,A80,S1-ii QLD 대체,2000-01~2019-12,fixed
9514658899.340834,1594500000.0,2180601771.1042624,1594500.0,0.10539263273619805,-0.30762192480768813,-0.5911723243562531,1822,142034855.90550163,2017-06-19,2797865821.1009846,2059345722.5155332,294038609.7540522,-0.9263516275253922,2023-01-03,2001-08-30,해당 없음,A80,S1-ii QLD 대체,2000-01~2026-09,fixed
1050860649.422726,514500000.0,145883303.44580647,514500.0,0.16392731738327043,-0.2490748687787273,-0.2698972572566041,46,33244276.191181585,미도달,195649340.13316998,118099881.74035552,8743477.0184661,-0.8082480024052343,2023-01-03,해당 없음,해당 없음,A80,S1-ii QLD 대체,2020-01~2026-09,fixed
1366206512.395179,910500000.0,142238319.94501114,910500.0,0.04810907774960408,-0.30762192480768813,-0.5911723243562531,1822,142034855.90550163,미도달,295502259.54041135,123879027.49155354,23599818.070360813,-0.9980733824709406,2009-01-02,2001-08-30,해당 없음,A80,S1-ii QLD 대체,롤링14년 2000-01-03,14
1375031158.714029,906000000.0,145814349.8741638,906000.0,0.04924315449143594,-0.3064368662897925,-0.5974392090192577,1689,137947259.4690804,미도달,298120657.7314671,124385328.46197417,23552846.066042136,-0.9981991275801486,2009-01-02,2001-09-06,해당 없음,A80,S1-ii QLD 대체,롤링14년 2000-02-01,14
1413241714.1375346,906000000.0,155819203.69693196,906000.0,0.05241587430088045,-0.30800126486464907,-0.5778267787212444,1683,134960287.1093991,미도달,283801872.7593341,117571821.94892646,23411340.35568261,-0.9975710641632901,2009-01-02,2001-04-03,해당 없음,A80,S1-ii QLD 대체,롤링14년 2000-03-01,14
1412499104.2633076,910500000.0,152894242.9830179,910500.0,0.05195884751356603,-0.30726921250671235,-0.560320437315572,1792,134445476.91700613,미도달,279514982.16678137,116265507.80834264,23000311.362843268,-0.9966120004416243,2009-01-02,2001-04-03,해당 없음,A80,S1-ii QLD 대체,롤링14년 2000-04-03,14
1371152392.288128,906000000.0,143672327.6167077,906000.0,0.04894969438698139,-0.30444905296395963,-0.5620773249150155,1680,132397020.18825102,미도달,285855804.632892,121913033.0415315,22729873.239394322,-0.9961691665859821,2009-01-02,2001-09-17,해당 없음,A80,S1-ii QLD 대체,롤링14년 2000-05-01,14
1405158999.3623493,906000000.0,151733331.42464414,906000.0,0.05176680981212695,-0.2764083533444839,-0.5285869650520174,1561,118279791.93956164,미도달,292884598.7929686,126402884.00193328,23472620.394974057,-0.9969461758436762,2009-01-02,2002-04-26,해당 없음,A80,S1-ii QLD 대체,롤링14년 2000-06-01,14
1409049258.4309247,910500000.0,152477878.7044347,910500.0,0.05168195802174944,-0.3031254458120245,-0.566263542507577,1680,128077996.53284866,미도달,274512257.6731374,119288132.54162888,22253725.696638897,-0.9964146943900761,2009-01-02,2001-09-18,해당 없음,A80,S1-ii QLD 대체,롤링14년 2000-07-03,14
1411779472.601446,906000000.0,153440503.0492663,906000.0,0.05228711367612098,-0.30270788082483235,-0.5692108749567646,1569,123028216.5329257,미도달,278666894.2047002,120464493.31450443,22300063.91504458,-0.9964227760904678,2009-01-02,2001-09-20,해당 없음,A80,S1-ii QLD 대체,롤링14년 2000-08-01,14
1435544989.6940298,906000000.0,159703839.88390726,906000.0,0.05422058403951175,-0.30278743633075134,-0.5492454188021152,1684,123246681.69381976,미도달,271725528.5433806,117648497.69884412,21825393.51356489,-0.9958395168356184,2009-01-02,2001-09-17,해당 없음,A80,S1-ii QLD 대체,롤링14년 2000-09-01,14
1493269935.4918692,910500000.0,173373436.2833129,910500.0,0.05832742889594932,-0.2709524824415174,-0.500611401915094,1510,106040853.4557539,미도달,289283959.0417765,125381692.36171587,22829077.363278493,-0.9945317232024404,2009-01-02,2002-05-02,해당 없음,A80,S1-ii QLD 대체,롤링14년 2000-10-02,14
1534488588.1419697,906000000.0,186767916.62052336,906000.0,0.06176675527283216,-0.29241394933200404,-0.5162639393533612,1512,106538888.2421462,미도달,283916102.8957267,125282078.23237512,22325656.099695235,-0.994082504887562,2009-01-02,2002-06-11,해당 없음,A80,S1-ii QLD 대체,롤링14년 2000-11-01,14
1605803508.882017,906000000.0,208015163.32266778,906000.0,0.0669500602666883,-0.3327303555589859,-0.5444276700773844,1557,109360667.80819434,미도달,278185571.55749553,122872512.02373296,21433886.450455222,-0.993061746151348,2009-01-02,2002-08-05,해당 없음,A80,S1-ii QLD 대체,롤링14년 2000-12-01,14
1554914151.22842,906000000.0,192733976.15016562,906000.0,0.06326688652173111,-0.33255257311926567,-0.5465793982532086,1493,108516281.26012751,미도달,269621304.5627917,119697444.11080039,20836178.067988858,-0.9902738906761541,2009-01-02,2002-10-09,해당 없음,A80,S1-ii QLD 대체,롤링14년 2001-01-02,14
1546752998.635598,906000000.0,188056623.63638103,906000.0,0.06267733494916261,-0.3318491606561196,-0.5116478902993612,1570,107500934.37885216,미도달,307865532.1411135,153507416.70169622,20492438.265255697,-0.9881239844116814,2009-01-02,2002-09-30,해당 없음,A80,S1-ii QLD 대체,롤링14년 2001-02-01,14
1891953849.9629817,906000000.0,269705514.58504635,906000.0,0.08532024637952135,-0.3330121478900995,-0.4882964942209741,643,94757841.68809223,미도달,577349464.0004473,308995224.0839176,38145427.584341615,-0.9803192959742859,2009-01-02,해당 없음,해당 없음,A80,S1-ii QLD 대체,롤링14년 2001-03-01,14
1867215361.9327047,910500000.0,259010549.91496992,910500.0,0.08353377263031289,-0.3341851564606003,-0.4995363649908602,487,86607118.73033908,미도달,583064788.4577777,322160417.8621953,38686398.22223761,-0.9754252559601916,2009-01-02,해당 없음,해당 없음,A80,S1-ii QLD 대체,롤링14년 2001-04-02,14
1816112672.2615917,906000000.0,248140428.10965118,906000.0,0.08073620023554696,-0.3317245188165784,-0.48777375589957306,664,94867305.96311592,미도달,559870216.8752004,304207035.6994622,36799586.94150936,-0.9754252559601917,2009-01-02,해당 없음,해당 없음,A80,S1-ii QLD 대체,롤링14년 2001-05-01,14
1902133715.6395652,906000000.0,271584902.22326255,906000.0,0.08592936405787069,-0.3319170481153456,-0.45795088625843694,640,88760906.94158533,미도달,562108947.6354482,309095497.9990045,37036689.574578516,-0.9705445311684794,2009-01-02,해당 없음,해당 없음,A80,S1-ii QLD 대체,롤링14년 2001-06-01,14
1885128646.720628,910500000.0,265288708.33574125,910500.0,0.08460455044292732,-0.33166636908532465,-0.4394129353778893,624,86344096.19371119,미도달,559100289.3624072,308549323.3294487,36726285.968248196,-0.9631890345678189,2009-01-02,해당 없음,해당 없음,A80,S1-ii QLD 대체,롤링14년 2001-07-02,14
1970842340.574405,906000000.0,289946770.85493636,906000.0,0.08981479583594194,-0.3317431934125926,-0.4199699640909754,491,81213370.53957991,미도달,560002280.746679,312401904.7604321,36818007.173725985,-0.9563445571227456,2009-01-02,해당 없음,해당 없음,A80,S1-ii QLD 대체,롤링14년 2001-08-01,14
1916646779.7271917,910500000.0,271364593.1554225,910500.0,0.08639286431635297,-0.33295464015791254,-0.4131225250484788,374,67931424.27390254,미도달,580630474.5006425,328325499.793382,38070189.20441556,-0.9398672905020786,2009-01-02,해당 없음,해당 없음,A80,S1-ii QLD 대체,롤링14년 2001-09-04,14
1913845848.901938,906000000.0,271434534.63587296,906000.0,0.08655601930379132,-0.3357676611723601,-0.417356559594916,318,54324578.47577876,미도달,601214896.1621192,347205423.51366687,39128022.81337897,-0.9398672905020785,2009-01-02,해당 없음,해당 없음,A80,S1-ii QLD 대체,롤링14년 2001-10-01,14
1965005310.677858,906000000.0,286918352.13100594,906000.0,0.08949829053607142,-0.3320050267582805,-0.4147977564853672,374,65512292.334653094,미도달,564443826.5983496,320237427.4324588,37104282.90818934,-0.9398672905020787,2009-01-02,해당 없음,해당 없음,A80,S1-ii QLD 대체,롤링14년 2001-11-01,14
1957860847.1265857,910500000.0,284732278.1927643,910500.0,0.0887831376822772,-0.3309504619594956,-0.41715680031516256,402,68730395.51350246,미도달,545411944.4113712,309659667.2459104,35996651.28773631,-0.9398672905020785,2009-01-02,해당 없음,해당 없음,A80,S1-ii QLD 대체,롤링14년 2001-12-03,14
1925681192.3319292,906000000.0,277367705.34306127,906000.0,0.08723359261511522,-0.3286011546336317,-0.4188271531829896,472,71736244.58467707,미도달,533734497.5384376,302437523.37396073,34874500.58058858,-0.9321178085964502,2009-01-02,해당 없음,해당 없음,A80,S1-ii QLD 대체,롤링14년 2002-01-02,14
1906708711.4536047,906000000.0,268683584.5173253,906000.0,0.08616728559203987,-0.32921052633383474,-0.40559965426223454,417,66992130.78551169,미도달,565491127.2209721,332525491.8290432,34910248.52867718,-0.9093580728866286,2009-01-02,해당 없음,해당 없음,A80,S1-ii QLD 대체,롤링14년 2002-02-01,14
1949234562.130201,906000000.0,280378821.1320296,906000.0,0.08858618741063985,-0.3286214567641409,-0.40611891440975967,402,64296033.9066457,미도달,562243283.425126,334221917.03828233,34610712.222993314,-0.9086618742146708,2009-01-02,해당 없음,해당 없음,A80,S1-ii QLD 대체,롤링14년 2002-03-01,14
1899755800.5113525,906000000.0,266546917.89862633,906000.0,0.0857213736393248,-0.3253437412259427,-0.3913443700531366,418,63973868.542845875,미도달,555172120.0784897,329835317.06696445,33989742.70690317,-0.8968061364055568,2009-01-02,해당 없음,해당 없음,A80,S1-ii QLD 대체,롤링14년 2002-04-01,14
1921815676.740331,906000000.0,272120047.6157401,906000.0,0.08703757586839714,-0.28758537191930345,-0.3337196840826311,339,53651856.16540544,미도달,564466344.0347792,340705648.15146756,34814109.88170194,-0.8968061364055567,2009-01-02,해당 없음,해당 없음,A80,S1-ii QLD 대체,롤링14년 2002-05-01,14
2058819932.9169652,910500000.0,308916813.4760426,910500.0,0.09434435321944722,-0.23984207167696037,-0.26408485529940273,247,41107767.2108286,미도달,577245654.6019157,353439104.9415886,35965077.84144199,-0.8968061364055567,2009-01-02,해당 없음,해당 없음,A80,S1-ii QLD 대체,롤링14년 2002-06-03,14
2049326499.084627,906000000.0,306823880.2301215,906000.0,0.0941246366123795,-0.19744330227655382,-0.22183721657367517,67,26292379.194840714,미도달,593977345.0113484,370096129.5084217,37415758.51686631,-0.8968061364055568,2009-01-02,해당 없음,해당 없음,A80,S1-ii QLD 대체,롤링14년 2002-07-01,14
2110331788.8676336,906000000.0,323335089.1519706,906000.0,0.09740685834536364,-0.19723407612697785,-0.2214681308321862,9,11415207.687781274,미도달,611045861.1749997,385991746.00466985,38921952.19143943,-0.8968061364055568,2009-01-02,해당 없음,해당 없음,A80,S1-ii QLD 대체,롤링14년 2002-08-01,14
2114431484.7284539,910500000.0,323339666.18934226,910500.0,0.09727680247975724,-0.19734259656182285,-0.2217059759025558,17,12337804.331544846,미도달,602468744.8786047,381122155.63301766,38126943.72927795,-0.896806136405557,2009-01-02,해당 없음,해당 없음,A80,S1-ii QLD 대체,롤링14년 2002-09-03,14
2076667147.9000323,906000000.0,313970636.72848,906000.0,0.09557415620171916,-0.1974168202883715,-0.22188138204996777,9,11410826.521609515,미도달,596655227.4833616,378750149.1459526,37594768.73978622,-0.8968061364055567,2009-01-02,해당 없음,해당 없음,A80,S1-ii QLD 대체,롤링14년 2002-10-01,14
2068030230.6798089,906000000.0,312257172.93652076,906000.0,0.09510291838890272,-0.19771672008665697,-0.22242194742669463,41,15766717.221300274,미도달,571251142.7439302,358255699.7304803,35555565.420859985,-0.8968061364055568,2009-01-02,해당 없음,해당 없음,A80,S1-ii QLD 대체,롤링14년 2002-11-01,14
2080012696.3016787,910500000.0,314763572.68858624,910500.0,0.0954901067908489,-0.19793782154151462,-0.22282960126023987,75,21819362.99708894,미도달,556263782.8507439,345278307.62219536,34142399.70351644,-0.8968061364055568,2009-01-02,해당 없음,해당 없음,A80,S1-ii QLD 대체,롤링14년 2002-12-02,14
2202351396.9682584,906000000.0,350195729.700216,906000.0,0.10206848316994169,-0.19783376609587533,-0.22268787948194957,39,12230170.13334006,2016-12-22,563010585.9173197,354575351.8491231,34796000.847688854,-0.8968061364055568,2009-01-02,해당 없음,해당 없음,A80,S1-ii QLD 대체,롤링14년 2003-01-02,14
2179506408.0593796,910500000.0,340819899.9048004,910500.0,0.1006031056040448,-0.1977767808641896,-0.22260246781829662,10,5008118.11508745,2016-12-20,610243968.4447284,395552686.81097203,35159882.26875497,-0.896806136405557,2009-01-02,해당 없음,해당 없음,A80,S1-ii QLD 대체,롤링14년 2003-02-03,14
2280751450.077756,910500000.0,369372141.17320716,910500.0,0.10565139760652548,-0.19781257913275863,-0.22267622970853918,2,1019603.988180697,2016-12-20,607629572.7497766,394004497.20155025,34929179.21225282,-0.8968061364055568,2009-01-02,해당 없음,해당 없음,A80,S1-ii QLD 대체,롤링14년 2003-03-03,14
2171668296.3183994,906000000.0,340484335.6959454,906000.0,0.10051590710354226,-0.19818743055205268,-0.2234281100604949,8,3460753.9809527695,2017-03-01,581168922.5338515,374635131.08526856,32622087.96606138,-0.8968061364055567,2009-01-02,해당 없음,해당 없음,A80,S1-ii QLD 대체,롤링14년 2003-04-01,14
2207505165.260562,906000000.0,350997836.60262436,906000.0,0.10238432201924579,-0.1984216624349252,-0.22386359484352414,1,1083553.1907489896,미도달,561229886.0737009,359726449.63503397,31280203.427838802,-0.896806136405557,2009-01-02,해당 없음,해당 없음,A80,S1-ii QLD 대체,롤링14년 2003-05-01,14
2206844709.06834,910500000.0,350267856.3739762,910500.0,0.10203509424597151,-0.19872605030650592,-0.2244522573049179,22,8565784.145880133,미도달,540716832.6972945,344595479.98415023,29639288.757816005,-0.8968061364055567,2009-01-02,해당 없음,해당 없음,A80,S1-ii QLD 대체,롤링14년 2003-06-02,14
2188813805.2458053,906000000.0,346777638.73141736,906000.0,0.10138834545523008,-0.1988462009555455,-0.22468939293727797,25,9564006.789532244,2017-06-07,533452189.49878514,339837348.8580732,29021399.985452052,-0.8968061364055568,2009-01-02,해당 없음,해당 없음,A80,S1-ii QLD 대체,롤링14년 2003-07-01,14
2203104745.77302,906000000.0,351303459.4440665,906000.0,0.10209225557093476,-0.1989618875675646,-0.22490527462991505,25,10189374.900094688,2017-07-19,525792657.43434614,334542458.29416406,28442131.27887274,-0.8968061364055567,2009-01-02,해당 없음,해당 없음,A80,S1-ii QLD 대체,롤링14년 2003-08-01,14
2194994552.3031063,910500000.0,348703976.20174724,910500.0,0.10142794704347516,-0.1992451239714007,-0.22551485420258088,59,17708159.104162276,2017-08-09,511004381.6338929,322515069.7537241,27079920.671972465,-0.8968061364055567,2009-01-02,해당 없음,해당 없음,A80,S1-ii QLD 대체,롤링14년 2003-09-02,14
2247577700.1592093,906000000.0,364490659.78381217,906000.0,0.10431485789751851,-0.1992515053272077,-0.22552988903868965,35,13470727.670807123,2017-08-09,510646882.80358696,323987187.67806613,27050109.590895116,-0.8968061364055568,2009-01-02,해당 없음,해당 없음,A80,S1-ii QLD 대체,롤링14년 2003-10-01,14
2226094720.8191295,910500000.0,358385110.23306894,910500.0,0.10295284802225033,-0.19963924392993704,-0.2263007370184006,129,24426627.601855844,2017-10-02,490756115.7402962,308807693.1639841,25294550.269091617,-0.8968061364055568,2009-01-02,해당 없음,해당 없음,A80,S1-ii QLD 대체,롤링14년 2003-11-03,14
2209769713.659172,906000000.0,355270806.8365491,906000.0,0.10241886123426082,-0.1998342078597466,-0.2266843089783922,142,27247200.243033886,2017-10-06,482129928.1987337,303516928.8881731,24462740.64986544,-0.8968061364055567,2009-01-02,해당 없음,해당 없음,A80,S1-ii QLD 대체,롤링14년 2003-12-01,14
2178998517.0837812,906000000.0,346851404.27898836,906000.0,0.10093089366582678,-0.20004391981634928,-0.22709701189512665,396,30309960.045731515,2017-11-08,473173491.7034086,297981479.2534686,23603489.485975068,-0.8968061364055568,2009-01-02,해당 없음,해당 없음,A80,S1-ii QLD 대체,롤링14년 2004-01-02,14
2306333283.119841,910500000.0,379936210.58024555,910500.0,0.10685136842586779,-0.20014743270708446,-0.22730076399308474,396,29429528.50737062,2017-12-15,673336264.062514,482263687.68347895,23192262.079025827,-0.8968061364055568,2009-01-02,해당 없음,해당 없음,A80,S1-ii QLD 대체,롤링14년 2004-02-02,14
2238171093.3279223,906000000.0,362165267.67519766,906000.0,0.10385805341841543,-0.20033724032419953,-0.22767445085279836,430,31381108.404584825,2018-01-08,663023529.4309126,475326070.99300563,22459304.110967424,-0.896806136405557,2009-01-02,해당 없음,해당 없음,A80,S1-ii QLD 대체,롤링14년 2004-03-01,14
2144415713.0511327,906000000.0,335315649.29758406,906000.0,0.09919667754955498,-0.20026735918379168,-0.22753686005018525,139,24533170.728161067,2017-12-18,666675190.9556926,479743971.2983068,22726047.991108947,-0.8968061364055567,2009-01-02,해당 없음,해당 없음,A80,S1-ii QLD 대체,롤링14년 2004-04-01,14
2159669412.6873407,910500000.0,338250245.35833275,910500.0,0.0996575369792664,-0.20036574317896416,-0.22773057458777923,130,23329819.220343977,2018-01-08,661275330.3699958,477753881.16386914,22351524.257660378,-0.8968061364055568,2009-01-02,해당 없음,해당 없음,A80,S1-ii QLD 대체,롤링14년 2004-05-03,14
2222644310.035973,906000000.0,357630200.74348795,906000.0,0.10307834443865425,-0.20049482275721597,-0.22799894256871678,139,23660892.65450099,2018-01-12,653659374.2256176,471115033.1425036,21804005.927915715,-0.8968061364055568,2009-01-02,해당 없음,해당 없음,A80,S1-ii QLD 대체,롤링14년 2004-06-01,14
2275299184.5190015,906000000.0,372640673.9175836,906000.0,0.10568888219607331,-0.20060198547942565,-0.2282268326503939,140,23278859.81820053,2018-01-17,647124412.2491534,466405420.9849534,21337725.484391723,-0.8968061364055568,2009-01-02,해당 없음,해당 없음,A80,S1-ii QLD 대체,롤링14년 2004-07-01,14
2355963409.063311,910500000.0,393743057.33409625,910500.0,0.10923234935901223,-0.20063265034955813,-0.22829204893305688,129,19938970.93691504,2018-01-17,645151869.5045253,467802066.73540497,21206359.7619715,-0.8968061364055568,2009-01-02,해당 없음,해당 없음,A80,S1-ii QLD 대체,롤링14년 2004-08-02,14
2437128521.654944,906000000.0,417737791.8599039,906000.0,0.11315506442421039,-0.20068419655795688,-0.22840167937374267,120,17371196.143939197,2018-01-17,642025973.1013825,467023772.91958565,20987564.206119668,-0.8968061364055566,2009-01-02,해당 없음,해당 없음,A80,S1-ii QLD 대체,롤링14년 2004-09-01,14
2391129541.1741467,906000000.0,405499497.4755215,906000.0,0.11114563572262545,-0.2009400446234082,-0.2289459158575673,147,22136144.61878416,2018-01-23,625647094.4166323,454235715.659171,19937787.53588871,-0.8968061364055568,2009-01-02,해당 없음,해당 없음,A80,S1-ii QLD 대체,롤링14년 2004-10-01,14
2264721193.840035,906000000.0,369962074.6473631,906000.0,0.10511994655018068,-0.20099335783309302,-0.22905934038939035,130,19501545.73383835,2018-01-23,622149447.6981286,451652633.61518204,19726337.600871425,-0.8968061364055571,2009-01-02,해당 없음,해당 없음,A80,S1-ii QLD 대체,롤링14년 2004-11-01,14
2239310988.487555,906000000.0,363157889.34449315,906000.0,0.10389083321521425,-0.2010923943879277,-0.22927004479378155,129,18409792.09477642,2018-01-26,615297086.588009,446020401.33328277,19339987.827658907,-0.896806136405557,2009-01-02,해당 없음,해당 없음,A80,S1-ii QLD 대체,롤링14년 2004-12-01,14
2079087235.3663023,910500000.0,311462712.65066737,910500.0,0.0954265223659937,-0.24094667096266198,-0.24525642070205544,129,17612106.16106209,2018-06-14,654445987.2501843,457684377.1164044,44916996.51920695,-0.48118249787727363,2019-01-02,해당 없음,해당 없음,A80,S1-ii QLD 대체,롤링14년 2005-01-03,14
2211738721.3437877,906000000.0,349757802.4545692,906000.0,0.10250507195939966,-0.2011693101680102,-0.22943369671089897,59,12007330.29785633,2018-06-14,656020449.3938646,461765645.98118,44994282.1895841,-0.48118249787727396,2019-01-02,해당 없음,해당 없음,A80,S1-ii QLD 대체,롤링14년 2005-02-01,14
2289587523.224003,906000000.0,371753215.02327067,906000.0,0.10635575802252237,-0.20125347140004457,-0.22961276410524667,55,10300720.468090683,2018-06-15,651371202.6005973,459305712.3145295,44742150.386496596,-0.48118249787727385,2019-01-02,해당 없음,해당 없음,A80,S1-ii QLD 대체,롤링14년 2005-03-01,14
2367344429.0877576,906000000.0,393466233.7701305,906000.0,0.11006501239019521,-0.20127133205872094,-0.22965076753549318,25,6389882.811416268,2018-06-15,650274540.1888263,460499615.7952288,44678242.459085256,-0.4811824978772741,2019-01-02,해당 없음,해당 없음,A80,S1-ii QLD 대체,롤링14년 2005-04-01,14
2507711683.1590524,910500000.0,431570521.11935127,910500.0,0.11608691978069816,-0.20128707950657587,-0.2296842750584327,1,797819.2575569153,2018-06-15,649293450.3765155,461759441.9119086,44620610.93094201,-0.48118249787727385,2019-01-02,해당 없음,해당 없음,A80,S1-ii QLD 대체,롤링14년 2005-05-02,14
2343064358.837513,906000000.0,387505829.95654863,906000.0,0.1088710072856183,-0.20171535949917485,-0.23059575393698528,23,10339792.46325612,2018-07-10,627116288.6015813,442236483.9187256,43463703.08308852,-0.48118249787727385,2019-01-02,해당 없음,해당 없음,A80,S1-ii QLD 대체,롤링14년 2005-06-01,14
2431159195.254443,906000000.0,412376624.82115746,906000.0,0.1129829243159538,-0.20188309140708882,-0.23095281703493376,42,11015880.356624663,2018-07-12,619089117.9587086,438319052.5156517,43016550.364801385,-0.4811824978772741,2019-01-02,해당 없음,해당 없음,A80,S1-ii QLD 대체,롤링14년 2005-07-01,14
2488235188.404387,906000000.0,429201631.95734465,906000.0,0.11543997840539123,-0.2022242714732847,-0.2316792571918278,81,16520694.403822452,2018-07-25,603789559.4253473,424404287.0224595,42194496.84466923,-0.4811824978772734,2019-01-02,해당 없음,해당 없음,A80,S1-ii QLD 대체,롤링14년 2005-08-01,14
2498922194.267473,906000000.0,432234478.5883099,906000.0,0.1159271949893701,-0.2023542257969666,-0.23195600418351336,79,15655140.922476739,2018-08-27,598039247.9050053,421336727.8317524,41883735.675499626,-0.4811824978772735,2019-01-02,해당 없음,해당 없음,A80,S1-ii QLD 대체,롤링14년 2005-09-01,14
2431588595.421884,910500000.0,412326365.02964425,910500.0,0.11267378726732966,-0.20262496736688396,-0.23253264778203475,127,18418238.738246948,2018-08-31,586568523.0067403,412646481.45474684,41276904.96634935,-0.48118249787727374,2019-01-02,해당 없음,해당 없음,A80,S1-ii QLD 대체,롤링14년 2005-10-03,14
2495591131.6533256,906000000.0,431535035.48643315,906000.0,0.11574554240932236,-0.2026657368037621,-0.23261948889341333,79,14976492.554253906,2018-09-13,584747480.015915,412756797.46345824,41177759.03403258,-0.48118249787727363,2019-01-02,해당 없음,해당 없음,A80,S1-ii QLD 대체,롤링14년 2005-11-01,14
2552009071.1113753,906000000.0,448263194.72192395,906000.0,0.11822671966943733,-0.20317041073080389,-0.23369617562899636,217,23346959.915038705,2019-04-08,564050550.218287,395631751.7180061,40140886.677274056,-0.48118249787727374,2019-01-02,해당 없음,해당 없음,A80,S1-ii QLD 대체,롤링14년 2005-12-01,14
2639408873.487038,910500000.0,470389094.4485441,910500.0,0.12161129117854284,-0.20316746250464346,-0.23368987740541736,178,18768239.121393383,2019-04-08,822583220.2078892,625634443.924504,40135648.63836086,-0.4811824978772735,2019-01-02,해당 없음,해당 없음,A80,S1-ii QLD 대체,롤링14년 2006-01-03,14
2704805427.6651726,906000000.0,490081654.1257067,906000.0,0.12449170682029836,-0.20320644856035397,-0.2337731623643583,89,15305825.746187806,2019-04-08,820557004.5318928,624378526.1294351,40054657.657417744,-0.4811824978772735,2019-01-02,해당 없음,해당 없음,A80,S1-ii QLD 대체,롤링14년 2006-02-01,14
2553047833.320585,906000000.0,447414937.58155566,906000.0,0.11826858594052281,-0.22269517732242572,-0.23422827643713462,113,16495360.154241383,2019-04-23,809625407.0389234,617205340.1108487,39617302.733615845,-0.4811824978772741,2019-01-02,해당 없음,해당 없음,A80,S1-ii QLD 대체,롤링14년 2006-03-01,14
2271523687.051037,910500000.0,366941572.2902477,910500.0,0.1051883993267387,-0.30142504386717883,-0.3037376790476788,128,17819378.724101126,2019-04-23,798612826.7468777,609032773.0459375,39178279.20467467,-0.48118249787727363,2019-01-02,해당 없음,해당 없음,A80,S1-ii QLD 대체,롤링14년 2006-04-03,14
2494866686.3421717,906000000.0,431089737.7024037,906000.0,0.11571899178216673,-0.26682609172706895,-0.26794230578367106,79,14282751.419927597,2019-04-23,796630780.7190747,608913723.1974046,39096610.251942836,-0.48118249787727374,2019-01-02,해당 없음,해당 없음,A80,S1-ii QLD 대체,롤링14년 2006-05-01,14
2667779596.166538,906000000.0,479697933.12955886,906000.0,0.12307214158492238,-0.2668219918383008,-0.2679407793972506,50,10866817.94413203,2019-04-24,794255653.3954972,609564465.0296247,38996935.11047825,-0.48118249787727385,2019-01-02,해당 없음,해당 없음,A80,S1-ii QLD 대체,롤링14년 2006-06-01,14
2695523427.9207673,910500000.0,486226804.2213181,910500.0,0.12390721726189606,-0.26681348410023153,-0.2679376808342795,21,8982295.82241261,2019-04-24,789109935.4181727,607189396.1803504,38788843.61856835,-0.48118249787727374,2019-01-02,해당 없음,해당 없음,A80,S1-ii QLD 대체,롤링14년 2006-07-03,14
2813600177.464997,906000000.0,520677586.9620578,906000.0,0.12877724327032927,-0.2668034103276802,-0.26793422815375223,4,7554899.636499107,2019-04-26,782940183.647667,605588473.14817,38536627.625147544,-0.48118249787727363,2019-01-02,해당 없음,해당 없음,A80,S1-ii QLD 대체,롤링14년 2006-08-01,14
2971861135.5245495,906000000.0,566237542.9893878,906000.0,0.1346887391171854,-0.2667639383996748,-0.26792094672374456,9,16216836.26059705,2019-07-02,755905873.3741503,583551168.8264998,37567369.81612065,-0.4811824978772743,2019-01-02,해당 없음,해당 없음,A80,S1-ii QLD 대체,롤링14년 2006-09-01,14
2771033969.8527412,910500000.0,508534490.48330057,910500.0,0.12691952460587078,-0.26674782121199325,-0.26791563647464967,9,16888835.155269474,2019-07-03,745959324.6449809,575830157.894908,37180168.72119627,-0.48118249787727385,2019-01-02,해당 없음,해당 없음,A80,S1-ii QLD 대체,롤링14년 2006-10-02,14
2572451976.0085244,906000000.0,454153757.1021194,906000.0,0.11905828344937036,-0.2667203195786527,-0.2679067190577553,31,21202888.373258978,2019-07-12,729448975.1725522,562050051.4792932,36530615.49474797,-0.4811824978772734,2019-01-02,해당 없음,해당 없음,A80,S1-ii QLD 대체,롤링14년 2006-11-01,14
2744706434.4380198,906000000.0,502997182.6327027,906000.0,0.12608199087714422,-0.26669860099677833,-0.2679012832558575,41,24191553.632752866,2019-07-26,716150158.264566,550635980.521476,35977927.62470341,-0.4811824978772741,2019-01-02,해당 없음,해당 없음,A80,S1-ii QLD 대체,롤링14년 2006-12-01,14
2813705939.9674177,906000000.0,522562052.29787153,906000.0,0.12878213297537236,-0.26668601152876403,-0.2678984152367294,41,23832494.483878553,2019-09-19,708504046.7440946,545898738.6989034,35654999.476416305,-0.48118249787727396,2019-01-02,해당 없음,해당 없음,A80,S1-ii QLD 대체,롤링14년 2007-01-03,14
2817611197.370565,906000000.0,516335815.2882508,906000.0,0.1289688163030108,-0.26665861704414406,-0.26789235802325784,116,28592892.51946482,2019-11-13,911856943.4587765,735051024.3026538,34963869.08489994,-0.48118249787727374,2019-01-02,해당 없음,해당 없음,A80,S1-ii QLD 대체,롤링14년 2007-02-01,14
2860747479.989547,906000000.0,528499714.80941105,906000.0,0.13067867682451728,-0.2666540115935553,-0.26789129757916164,43,25454625.986884803,2019-11-14,908707243.8213003,733679694.3416286,34851557.43511357,-0.48118249787727363,2019-01-02,해당 없음,해당 없음,A80,S1-ii QLD 대체,롤링14년 2007-03-01,14
2989701502.0671425,910500000.0,563839808.3709952,910500.0,0.13517495926871384,-0.26663704906687524,-0.2678872675834607,47,26306951.462020755,2019-11-22,897138436.7645202,724453556.4070077,34447038.57340021,-0.4811824978772741,2019-01-02,해당 없음,해당 없음,A80,S1-ii QLD 대체,롤링14년 2007-04-02,14
3002418476.1127086,906000000.0,569209520.086294,906000.0,0.13583489995407683,-0.26660524764411575,-0.2678800582324733,123,31971892.476927757,2019-12-04,875736543.3477962,705062351.2628262,33700303.85472267,-0.4811824978772741,2019-01-02,해당 없음,해당 없음,A80,S1-ii QLD 대체,롤링14년 2007-05-01,14
2982213262.918085,906000000.0,563890879.4912612,906000.0,0.13520317458501666,-0.26657986821406476,-0.26787462811814544,159,35348438.32317835,2019-12-20,859240642.8800799,690868000.2973924,33115314.6577598,-0.48118249787727374,2019-01-02,해당 없음,해당 없음,A80,S1-ii QLD 대체,롤링14년 2007-06-01,14
3113087842.063503,910500000.0,599590183.0512065,910500.0,0.1395604200618277,-0.26657234381133543,-0.26787307298855945,152,33126986.386398166,2019-12-23,854455120.3437755,686976430.0793629,32943923.22658333,-0.48118249787727363,2019-01-02,해당 없음,해당 없음,A80,S1-ii QLD 대체,롤링14년 2007-07-02,14
3216118034.6320586,906000000.0,629919757.0516895,906000.0,0.14328125020113633,-0.26656748783828754,-0.26787208258750694,123,30064539.421096265,2019-12-26,851399716.1737552,684827560.677089,32833830.000920184,-0.48118249787727385,2019-01-02,해당 없음,해당 없음,A80,S1-ii QLD 대체,롤링14년 2007-08-01,14
3296315242.0943165,910500000.0,651730954.7451782,910500.0,0.14565036605729917,-0.2665367050761135,-0.26786604275088777,182,34936495.71197951,2020-01-06,832149015.4424467,667794598.297056,32143108.292034563,-0.48118249787727396,2019-01-02,해당 없음,해당 없음,A80,S1-ii QLD 대체,롤링14년 2007-09-04,14
3134662989.2085876,906000000.0,607691198.122011,906000.0,0.14047029499541225,-0.26651458289599905,-0.26786195353654074,183,37080723.64623648,2020-01-16,818747809.3817788,655583797.7321514,31655747.439470064,-0.48118249787727385,2019-01-02,해당 없음,해당 없음,A80,S1-ii QLD 대체,롤링14년 2007-10-01,14
3317454586.6899824,906000000.0,659338346.1378975,906000.0,0.14664644496626209,-0.266504355559427,-0.2678601327385286,183,35697304.01573834,2020-01-17,812561078.004496,649348447.6724639,31433134.980814416,-0.48118249787727396,2019-01-02,해당 없음,해당 없음,A80,S1-ii QLD 대체,롤링14년 2007-11-01,14
3311314745.146921,910500000.0,656365052.9818332,910500.0,0.14617617884156373,-0.2664968549306401,-0.2678588247453927,182,33018038.972988665,2020-01-21,808170339.4559392,648689786.4995222,31270731.034432057,-0.4811824978772735,2019-01-02,해당 없음,해당 없음,A80,S1-ii QLD 대체,롤링14년 2007-12-03,14
3435873709.514933,906000000.0,692951589.3919111,906000.0,0.15034994663787388,-0.26647988915314935,-0.267855952920689,182,33313302.458633482,2020-01-30,798038344.3493901,640954594.5961728,30906590.495002422,-0.4811824978772741,2019-01-02,해당 없음,해당 없음,A80,S1-ii QLD 대체,롤링14년 2008-01-02,14
3305451966.124478,906000000.0,648219829.0518006,906000.0,0.1461556649036382,-0.2664844512955591,-0.2678567126536231,123,27007407.6793606,2020-01-23,1038761067.2905153,876366724.1111542,31004152.62807076,-0.4811824978772741,2019-01-02,해당 없음,해당 없음,A80,S1-ii QLD 대체,롤링14년 2008-02-01,14
3243653465.104377,910500000.0,629305218.7336308,910500.0,0.1439967132335642,-0.2664896656751219,-0.2678575917759557,43,20669515.871300578,2020-01-23,1042788368.622519,882854034.77543,31116127.13323545,-0.48118249787727363,2019-01-02,해당 없음,해당 없음,A80,S1-ii QLD 대체,롤링14년 2008-03-03,14
3259828984.2485127,906000000.0,635982028.2248055,906000.0,0.14472203663043684,-0.26644557671045366,-0.26785049987556475,181,28924737.50706756,2020-02-05,1010471137.7755262,852328010.4115794,30183729.30536019,-0.4811824978772741,2019-01-02,해당 없음,해당 없음,A80,S1-ii QLD 대체,롤링14년 2008-04-01,14
3026642345.5693526,906000000.0,570981579.0912213,906000.0,0.1367599460201935,-0.2664033551049425,-0.2678444034710248,218,36201298.77882272,2020-02-19,980359196.0183502,824212615.3422515,29319611.390049998,-0.48118249787727374,2019-01-02,해당 없음,해당 없음,A80,S1-ii QLD 대체,롤링14년 2008-05-01,14
2962489073.9639454,910500000.0,551924767.1679323,910500.0,0.13419956928979657,-0.2663832018683022,-0.26784173714782333,236,37072875.617162794,2020-07-20,966169156.6373218,811762365.9833887,28916742.415039655,-0.48118249787727374,2019-01-02,해당 없음,해당 없음,A80,S1-ii QLD 대체,롤링14년 2008-06-02,14
2891028403.673144,906000000.0,532861538.87203836,906000.0,0.1317581685834365,-0.2663877096309023,-0.2678423186047053,183,31077643.15771374,2020-07-20,969070524.0750744,817403217.9910305,29006487.954984196,-0.48118249787727385,2019-01-02,해당 없음,해당 없음,A80,S1-ii QLD 대체,롤링14년 2008-07-01,14
3100920863.836218,906000000.0,591712977.0934706,906000.0,0.13940081530374818,-0.26639998305667434,-0.26784394364217745,120,23101530.512414783,2020-02-19,977785719.8673337,826855262.0575526,29252313.324183896,-0.4811824978772742,2019-01-02,해당 없음,해당 없음,A80,S1-ii QLD 대체,롤링14년 2008-08-01,14
2993383044.603642,910500000.0,561573715.0665606,910500.0,0.13530528893196386,-0.2663275692026519,-0.26783429444341444,243,37087050.04385382,2020-08-04,928663344.5893002,783710911.2012663,27854265.88706159,-0.48118249787727374,2019-01-02,해당 없음,해당 없음,A80,S1-ii QLD 대체,롤링14년 2008-09-02,14
2909490506.7484894,906000000.0,539318194.9792666,906000.0,0.13242954347662428,-0.2663297170707587,-0.2678345707321548,199,31413377.738606125,2020-08-04,926435878.6999801,789602463.8334694,27894249.027138945,-0.48118249787727385,2019-01-02,해당 없음,해당 없음,A80,S1-ii QLD 대체,롤링14년 2008-10-01,14
3074351800.572222,910500000.0,583641519.8847984,910500.0,0.1381634783282487,-0.26638216806805026,-0.2678415965408302,31,12875410.41108954,2020-07-20,955493435.8124433,826263234.4462976,28896682.519282307,-0.48118249787727363,2019-01-02,해당 없음,해당 없음,A80,S1-ii QLD 대체,롤링14년 2008-11-03,14
3088934912.298909,906000000.0,588558035.97822,906000.0,0.13889752151704485,-0.26638204105238816,-0.2678415781327187,9,8227404.208069563,2020-07-20,959727095.6158402,834938491.8162384,28893847.262160882,-0.48118249787727374,2019-01-02,해당 없음,해당 없음,A80,S1-ii QLD 대체,롤링14년 2008-12-01,14
2773386608.564404,906000000.0,500748258.6006351,906000.0,0.12726445518157012,-0.2663332965248678,-0.2700105947014383,43,15909038.731005937,2020-08-04,923270808.708009,800918204.1923473,27961290.662074223,-0.48118249787727396,2019-01-02,해당 없음,해당 없음,A80,S1-ii QLD 대체,롤링14년 2009-01-02,14
2988277760.376296,910500000.0,552869996.6165268,910500.0,0.13509746383201973,-0.266345226579207,-0.267836615743584,8,10242854.161921352,2020-08-03,1188114799.5127456,919416642.1530817,254593243.75668454,-0.8082480024052339,2023-01-03,해당 없음,해당 없음,A80,S1-ii QLD 대체,롤링14년 2009-02-02,14
3028192381.039409,910500000.0,564061568.2190402,910500.0,0.13659807933169782,-0.2663438329650969,-0.26783642810065966,5,8518201.160598218,2020-08-03,1190719499.80804,924248781.1608692,254373301.6429607,-0.8082480024052343,2023-01-03,해당 없음,해당 없음,A80,S1-ii QLD 대체,롤링14년 2009-03-02,14
3118044970.3436017,906000000.0,591594941.342652,906000.0,0.1399295911985396,-0.26629821668143483,-0.2678303137939735,3,6165662.143614352,2020-08-18,1145024669.2083452,884610223.2222341,247459143.40287864,-0.8082480024052344,2023-01-03,해당 없음,해당 없음,A80,S1-ii QLD 대체,롤링14년 2009-04-01,14
3158963302.023619,906000000.0,603789875.7017822,906000.0,0.14142748142383096,-0.2662624123084214,-0.2678242418980409,5,5525040.572549403,2020-08-24,1112423895.5369425,856444571.5754509,242487437.31512696,-0.8082480024052342,2023-01-03,해당 없음,해당 없음,A80,S1-ii QLD 대체,롤링14년 2009-05-01,14
3162881131.775419,906000000.0,605714110.5268011,906000.0,0.1414680125172121,-0.26621857680858063,-0.26781706761489343,6,6018892.955669731,2020-08-28,1081967144.0465298,830382621.188365,236608180.50287303,-0.8082480024052343,2023-01-03,해당 없음,해당 없음,A80,S1-ii QLD 대체,롤링14년 2009-06-01,14
3321328793.160585,906000000.0,650743525.1575875,906000.0,0.1467508950880393,-0.2661971952712193,-0.26781367167927717,7,6387612.54510355,2020-09-01,1068128190.7003593,819184668.4629978,233820268.428027,-0.8082480024052341,2023-01-03,해당 없음,해당 없음,A80,S1-ii QLD 대체,롤링14년 2009-07-01,14
3246303260.0608397,910500000.0,629538512.6501265,910500.0,0.14406837765887548,-0.2661353265719648,-0.26779880745144,3,645118.4512719214,2020-09-02,1031473615.4209304,786711158.2784677,226825048.64521745,-0.8082480024052342,2023-01-03,해당 없음,해당 없음,A80,S1-ii QLD 대체,롤링14년 2009-08-03,14
3263948958.35588,906000000.0,636249033.8464454,906000.0,0.14484145345949687,-0.26609433326210963,-0.2677840354539581,3,3208852.080988735,2021-02-05,1013169613.8673782,772859767.9830936,223088427.36590928,-0.8082480024052342,2023-01-03,해당 없음,해당 없음,A80,S1-ii QLD 대체,롤링14년 2009-09-01,14
3108264130.4618225,906000000.0,592480811.9646289,906000.0,0.13961946481037443,-0.26608498126738545,-0.26778072374674744,1,308691.308691293,2021-02-08,1008631860.687321,768756120.198456,222246069.6905535,-0.8082480024052342,2023-01-03,해당 없음,해당 없음,A80,S1-ii QLD 대체,롤링14년 2009-10-01,14
3055515528.82834,910500000.0,576850715.9997318,910500.0,0.13753097967397127,-0.26604217870070934,-0.26776562851201124,1,501673.58203318715,2021-04-01,990166252.139863,753985576.532102,218450028.81117883,-0.8082480024052342,2023-01-03,해당 없음,해당 없음,A80,S1-ii QLD 대체,롤링14년 2009-11-02,14
3114942237.6388826,906000000.0,596034603.1976522,906000.0,0.1398088852127162,-0.2659688508195025,-0.2677406146456326,24,8675505.349799365,2021-04-09,957306467.7226884,726187248.0174885,212119160.10967398,-0.8082480024052342,2023-01-03,해당 없음,해당 없음,A80,S1-ii QLD 대체,롤링14년 2009-12-01,14
3234337180.188948,910500000.0,625270631.5227259,910500.0,0.143618903321229,-0.2659250180333236,-0.2677262905739519,46,11679278.409235597,2021-04-16,1420496299.0750275,1049061182.5378494,208421262.52454078,-0.8082480024052343,2023-01-03,해당 없음,해당 없음,A80,S1-ii QLD 대체,롤링14년 2010-01-04,14
3391698245.232731,906000000.0,670760152.1528881,906000.0,0.1489523486063885,-0.26592731064158004,-0.2677270923323226,11,6502124.130561173,2021-04-16,1421818170.283658,1053585709.7301564,208598810.28319275,-0.8082480024052342,2023-01-03,해당 없음,해당 없음,A80,S1-ii QLD 대체,롤링14년 2010-02-01,14
3491331835.71522,906000000.0,699372722.2972621,906000.0,0.15209493625076356,-0.2658850358279765,-0.26771306819541385,4,1858152.2349312603,2021-06-10,1398180403.66393,1033922233.3811231,205162765.83436516,-0.8082480024052341,2023-01-03,해당 없음,해당 없음,A80,S1-ii QLD 대체,롤링14년 2010-03-01,14
3560580497.435614,906000000.0,719572832.7601628,906000.0,0.15431740607573635,-0.26583119901996854,-0.267695990009138,22,6433879.232990593,2021-06-22,1368349372.8718433,1008553394.6849052,200848899.18676102,-0.8082480024052342,2023-01-03,해당 없음,해당 없음,A80,S1-ii QLD 대체,롤링14년 2010-04-01,14
3455331625.2428555,910500000.0,689149320.7533319,910500.0,0.15078018716278307,-0.2657860271757835,-0.26768245892848275,62,9402467.19070986,2021-07-01,1343780418.9891005,988331272.8771461,197267935.04809946,-0.8082480024052341,2023-01-03,해당 없음,해당 없음,A80,S1-ii QLD 대체,롤링14년 2010-05-03,14
3611312154.337974,906000000.0,734462035.457659,906000.0,0.15570717473781048,-0.26577339773288733,-0.26767885887733067,22,6672444.952957809,2021-07-01,1336990990.6764317,986748905.0647727,196259165.31803113,-0.8082480024052341,2023-01-03,해당 없음,해당 없음,A80,S1-ii QLD 대체,롤링14년 2010-06-01,14
3745799238.101442,906000000.0,772172711.1666415,906000.0,0.15973344230854755,-0.2657805803774216,-0.26768094364838824,3,884947.8447577357,2021-07-01,1341289567.463709,993154198.3461165,196816901.955875,-0.8082480024052341,2023-01-03,해당 없음,해당 없음,A80,S1-ii QLD 대체,롤링14년 2010-07-01,14
3618574870.8600144,910500000.0,735856465.9107573,910500.0,0.15575743944975187,-0.26571373252221475,-0.2676626886467801,30,7239285.181265563,2021-07-09,1304751881.659027,961388836.1632566,191569230.12743875,-0.8082480024052343,2023-01-03,해당 없음,해당 없음,A80,S1-ii QLD 대체,롤링14년 2010-08-02,14
3654547874.434554,906000000.0,747236975.91819,906000.0,0.15700896596764555,-0.2657077141331641,-0.26766117815277113,1,308691.308691293,2021-07-09,1301639848.505025,961211874.9914519,191090467.75331923,-0.808248002405234,2023-01-03,해당 없음,해당 없음,A80,S1-ii QLD 대체,롤링14년 2010-09-01,14
3612598363.8724084,906000000.0,736599236.0997168,906000.0,0.15573916246185168,-0.2656615655925755,-0.26766126261367507,3,5884604.290202111,2021-07-23,1264756358.027563,930779504.5264144,186357429.22471932,-0.8082480024052343,2023-01-03,해당 없음,해당 없음,A80,S1-ii QLD 대체,롤링14년 2010-10-01,14
3669884090.8426332,906000000.0,753833199.3410027,906000.0,0.15741248599186863,-0.26561656938234,-0.2676616203814266,9,11207313.237208158,2021-08-13,1232353205.448667,904225777.9070415,181922155.29667288,-0.8082480024052343,2023-01-03,해당 없음,해당 없음,A80,S1-ii QLD 대체,롤링14년 2010-11-01,14
3822279103.560758,906000000.0,797696506.7238508,906000.0,0.16183553148649205,-0.26556359489490966,-0.2676624081585035,32,17667121.680767983,2021-08-30,1198790034.2908504,876923547.2312802,176906985.925875,-0.8082480024052341,2023-01-03,해당 없음,해당 없음,A80,S1-ii QLD 대체,롤링14년 2010-12-01,14
3867008987.020855,910500000.0,797890970.9354556,910500.0,0.16283747394167047,-0.2655246917262708,-0.26766324584131607,37,20970510.86949134,2021-10-29,1343413271.5813699,998765114.4525062,173364288.36276016,-0.8082480024052342,2023-01-03,해당 없음,해당 없음,A80,S1-ii QLD 대체,롤링14년 2011-01-03,14
3872874340.5583615,906000000.0,801420197.8116924,906000.0,0.16316720824820455,-0.26549393510744457,-0.26766406982780966,50,22468420.74069634,2021-11-02,1322931052.1408477,981646022.0209506,170641640.23355994,-0.8082480024052342,2023-01-03,해당 없음,해당 없음,A80,S1-ii QLD 대체,롤링14년 2011-02-01,14
3804432752.819169,906000000.0,782651729.3194978,906000.0,0.16132809295271738,-0.2654634047513187,-0.26766503550537857,103,23671308.785545975,2021-11-03,1303101135.1092603,966452052.7149734,167999354.62201217,-0.8082480024052343,2023-01-03,해당 없음,해당 없음,A80,S1-ii QLD 대체,롤링14년 2011-03-01,14
3666758912.906519,906000000.0,743894436.2429357,906000.0,0.1573561738976754,-0.2654544146600407,-0.2676653448615083,50,20815659.594727844,2021-11-03,1297347028.0837445,962422989.7828066,167233342.910544,-0.8082480024052341,2023-01-03,해당 없음,해당 없음,A80,S1-ii QLD 대체,롤링14년 2011-04-01,14
3516174426.885629,910500000.0,700679075.4009509,910500.0,0.15269712084989448,-0.26542483745958023,-0.26766646523015103,91,21753355.348603696,2021-11-05,1278702681.7052038,947200375.5367606,164754090.92262116,-0.8082480024052342,2023-01-03,해당 없음,해당 없음,A80,S1-ii QLD 대체,롤링14년 2011-05-02,14
3543534418.4054,906000000.0,709659195.5575559,906000.0,0.153722951183522,-0.2654175764468337,-0.26766676065657047,37,18432502.922450364,2021-11-18,1274201219.1830451,945477142.5835071,164148225.255606,-0.808248002405234,2023-01-03,해당 없음,해당 없음,A80,S1-ii QLD 대체,롤링14년 2011-06-01,14
3606521704.7287135,906000000.0,727827860.6414444,906000.0,0.1555874005587775,-0.2653927162215618,-0.26766784457742465,38,18363985.310501814,2021-12-27,1258943728.169451,933320613.451216,162117943.50777608,-0.8082480024052342,2023-01-03,해당 없음,해당 없음,A80,S1-ii QLD 대체,롤링14년 2011-07-01,14
3773594624.886535,906000000.0,774837475.9281588,906000.0,0.16043338947925678,-0.2653922821117741,-0.26766785999003306,32,14087929.70752421,2021-12-27,1258623273.2210257,933945170.0000472,162081525.96791804,-0.8082480024052341,2023-01-03,해당 없음,해당 없음,A80,S1-ii QLD 대체,롤링14년 2011-08-01,14
3860886152.5913863,906000000.0,799065401.6345469,906000.0,0.16295861718915516,-0.2654012010386897,-0.26766745542751924,3,3279839.282896757,2021-12-27,1264403309.6606307,941995297.7106586,162794277.225038,-0.8082480024052344,2023-01-03,해당 없음,해당 없음,A80,S1-ii QLD 대체,롤링14년 2011-09-01,14
4042808086.3101773,910500000.0,849692936.9692276,910500.0,0.16763727231037687,-0.26536243161507256,-0.26766930618536755,1,308691.308691293,2023-04-28,1241908816.360873,925249825.2629822,159675329.35178852,-0.8082480024052342,2023-01-03,해당 없음,해당 없음,A80,S1-ii QLD 대체,롤링14년 2011-10-03,14
4086702885.3998995,906000000.0,864663457.8950672,906000.0,0.16895676774459228,-0.2652959718274108,-0.26767309238542825,4,3008278.7995818555,2023-05-26,1201898003.7998254,890881696.5257374,154555691.79490262,-0.8082480024052339,2023-01-03,해당 없음,해당 없음,A80,S1-ii QLD 대체,롤링14년 2011-11-01,14
4130852964.579815,906000000.0,877783694.9161959,906000.0,0.17021337702882,-0.2652534627714339,-0.2676759432824902,3,1365884.9625569284,2023-06-12,1177991004.0646691,872386436.2919077,151397859.96084225,-0.8082480024052342,2023-01-03,해당 없음,해당 없음,A80,S1-ii QLD 대체,롤링14년 2011-12-01,14
4012240154.3310604,910500000.0,838262395.5483193,910500.0,0.16680270896053992,-0.26520529916763325,-0.2676785480601289,1,308691.3086913228,2023-06-15,1395150589.6149197,1034810260.736443,148002349.0371946,-0.8082480024052342,2023-01-03,해당 없음,해당 없음,A80,S1-ii QLD 대체,롤링14년 2012-01-03,14
4043302852.511693,906000000.0,849252034.4912387,906000.0,0.16783773760601423,-0.2651358711424564,-0.267669471264536,4,3181449.3584881723,2023-06-30,1359257158.2351475,1003521918.3607147,144154964.31220868,-0.8082480024052341,2023-01-03,해당 없음,해당 없음,A80,S1-ii QLD 대체,롤링14년 2012-02-01,14
3985601353.670467,906000000.0,833798762.4018338,906000.0,0.16638671498653593,-0.26508280144131446,-0.2676718767542362,15,7857064.555542588,2023-07-19,1330269169.2914562,978430727.1461774,140775143.04716364,-0.8082480024052341,2023-01-03,해당 없음,해당 없음,A80,S1-ii QLD 대체,롤링14년 2012-03-01,14
3899221671.8147063,910500000.0,809126346.0782135,910500.0,0.1638219437064348,-0.2650228173351612,-0.2676795561266615,91,14022038.37447697,2023-11-14,1296515298.1909585,949915221.1280897,136840526.30899784,-0.8082480024052341,2023-01-03,해당 없음,해당 없음,A80,S1-ii QLD 대체,롤링14년 2012-04-02,14
4139557584.9468513,906000000.0,878365154.222505,906000.0,0.17039841602574146,-0.26500529953559837,-0.2676821619672892,66,12405455.113160312,2023-12-01,1286770361.3684626,943780569.7398056,135701281.1187014,-0.8082480024052343,2023-01-03,해당 없음,해당 없음,A80,S1-ii QLD 대체,롤링14년 2012-05-01,14
4498337172.301561,906000000.0,979258066.687558,906000.0,0.17937171904049176,-0.26501474077557585,-0.2676807927997724,11,5900722.821197301,2023-12-01,1291971932.8417444,952131007.1667925,136292226.49485198,-0.8082480024052339,2023-01-03,해당 없음,해당 없음,A80,S1-ii QLD 대체,롤링14년 2012-06-01,14
4428337350.105618,910500000.0,959022158.0092709,910500.0,0.17747145569780023,-0.2649583815260602,-0.2676833730853614,59,10240649.62354356,2023-12-07,1264055887.2474911,928200427.1497711,133050047.41713871,-0.8082480024052341,2023-01-03,해당 없음,해당 없음,A80,S1-ii QLD 대체,롤링14년 2012-07-02,14
4032096871.4045153,906000000.0,848755889.099097,906000.0,0.16756029583320148,-0.264933101996477,-0.26768174137362444,56,9056615.728373557,2023-12-11,1253185767.5065408,920298416.306657,131783687.82433191,-0.8082480024052342,2023-01-03,해당 없음,해당 없음,A80,S1-ii QLD 대체,롤링14년 2012-08-01,14
3917580094.3926964,910500000.0,816083167.864342,910500.0,0.164241377945227,-0.26485558023702427,-0.26767638776540614,73,14644891.157203585,2023-12-13,1221165327.0344489,892880357.8728027,128063287.00785704,-0.808248002405234,2023-01-03,해당 없음,해당 없음,A80,S1-ii QLD 대체,롤링14년 2012-09-04,14
2387835304.35293,1180500000.0,344510082.30336845,1180500.0,0.06162607882505064,-0.30762192480768813,-0.5911723243562531,1822,142034855.90550163,2017-06-19,529132347.53063923,307496975.4106611,23599818.070360813,-0.9980733824709406,2009-01-02,2001-08-30,해당 없음,A80,S1-ii QLD 대체,롤링19년 2000-01-03,19
2516350222.5524716,1176000000.0,381833587.011731,1176000.0,0.06612424259908561,-0.3064368662897925,-0.5974392090192577,1689,137947259.4690804,2017-06-19,531561497.3321062,307866691.0188734,23552846.066042136,-0.9981991275801486,2009-01-02,2001-09-06,해당 없음,A80,S1-ii QLD 대체,롤링19년 2000-02-01,19
2603962367.755066,1176000000.0,405804364.48656285,1176000.0,0.0689672634799289,-0.30800126486464907,-0.5778267787212444,1683,134960287.1093991,2017-06-21,516748958.36348414,300190308.439885,23411340.35568261,-0.9975710641632901,2009-01-02,2001-04-03,해당 없음,A80,S1-ii QLD 대체,롤링19년 2000-03-01,19
2700421010.7802386,1180500000.0,430386179.06503564,1180500.0,0.07177675955253623,-0.30726921250671235,-0.560320437315572,1792,134445476.91700613,2017-08-03,510833585.4293683,297543390.1624943,23000311.362843268,-0.9966120004416243,2009-01-02,2001-04-03,해당 없음,A80,S1-ii QLD 대체,롤링19년 2000-04-03,19
2811987524.1264,1176000000.0,464288202.700211,1176000.0,0.07524325835232701,-0.30444905296395963,-0.5620773249150155,1680,132397020.18825102,2017-08-09,516036873.63845,302822485.8760808,22729873.239394322,-0.9961691665859821,2009-01-02,2001-09-17,해당 없음,A80,S1-ii QLD 대체,롤링19년 2000-05-01,19
2738192996.6943283,1176000000.0,441770646.8240347,1176000.0,0.07306983530251844,-0.2764083533444839,-0.5285869650520174,1561,118279791.93956164,2017-06-21,525751707.78625447,310883552.0270281,23472620.394974057,-0.9969461758436762,2009-01-02,2002-04-26,해당 없음,A80,S1-ii QLD 대체,롤링19년 2000-06-01,19
2847221126.811823,1180500000.0,472404928.9151117,1180500.0,0.07609993542024435,-0.3031254458120245,-0.566263542507577,1680,128077996.53284866,2017-09-06,502802444.2311041,298707199.0143911,22253725.696638897,-0.9964146943900761,2009-01-02,2001-09-18,해당 없음,A80,S1-ii QLD 대체,롤링19년 2000-07-03,19
2895164505.8775873,1176000000.0,486103457.0482842,1176000.0,0.07760244589872688,-0.30270788082483235,-0.5692108749567646,1569,123028216.5329257,2017-08-09,507153477.6122187,300072819.5384764,22300063.91504458,-0.9964227760904678,2009-01-02,2001-09-20,해당 없음,A80,S1-ii QLD 대체,롤링19년 2000-08-01,19
2920727157.7778006,1176000000.0,492960599.72880614,1176000.0,0.07832457995326206,-0.30278743633075134,-0.5492454188021152,1684,123246681.69381976,2017-09-13,498334746.2564205,295657358.4419645,21825393.51356489,-0.9958395168356184,2009-01-02,2001-09-17,해당 없음,A80,S1-ii QLD 대체,롤링19년 2000-09-01,19
2954696429.2069016,1180500000.0,499693113.2791888,1180500.0,0.07911361126245059,-0.2709524824415174,-0.500611401915094,1510,106040853.4557539,2017-08-09,519614582.43077946,307927761.1298825,22829077.363278493,-0.9945317232024404,2009-01-02,2002-05-02,해당 없음,A80,S1-ii QLD 대체,롤링19년 2000-10-02,19
2958781486.42369,1176000000.0,502684501.50380886,1176000.0,0.07935451889768255,-0.29241394933200404,-0.5162639393533612,1512,106538888.2421462,2017-09-06,512252969.95009565,306267719.39989644,22325656.099695235,-0.994082504887562,2009-01-02,2002-06-11,해당 없음,A80,S1-ii QLD 대체,롤링19년 2000-11-01,19
3028733237.6044154,1176000000.0,523679777.2521021,1176000.0,0.08126693660537432,-0.3327303555589859,-0.5444276700773844,1557,109360667.80819434,2017-09-27,503062919.7793348,301011779.5344577,21433886.450455222,-0.993061746151348,2009-01-02,2002-08-05,해당 없음,A80,S1-ii QLD 대체,롤링19년 2000-12-01,19
3028254843.5529256,1176000000.0,522733012.8075379,1176000.0,0.081233081007862,-0.33255257311926567,-0.5465793982532086,1493,108516281.26012751,2017-10-02,492201872.3300332,295782772.6095416,20836178.067988858,-0.9902738906761541,2009-01-02,2002-10-09,해당 없음,A80,S1-ii QLD 대체,롤링19년 2001-01-02,19
3131709793.3491445,1176000000.0,550626592.0779206,1176000.0,0.0839302668748497,-0.3318491606561196,-0.5116478902993612,1570,107500934.37885216,2017-10-05,649889240.2985277,439930965.7028408,20492438.265255697,-0.9881239844116814,2009-01-02,2002-09-30,해당 없음,A80,S1-ii QLD 대체,롤링19년 2001-02-01,19
3705551020.40144,1176000000.0,690440109.536648,1176000.0,0.0974181831048865,-0.3330121478900995,-0.4882964942209741,643,94757841.68809223,2016-11-21,1345644584.2822053,965429754.1173487,59586273.68379174,-0.48118249787727396,2019-01-02,해당 없음,해당 없음,A80,S1-ii QLD 대체,롤링19년 2001-03-01,19
3278512654.5230536,1180500000.0,566189276.1823627,1180500.0,0.0874951252848399,-0.3341851564606003,-0.4995363649908602,487,86607118.73033908,2016-11-17,1356221966.558869,983070205.74832,59976716.426843844,-0.48118249787727385,2019-01-02,해당 없음,해당 없음,A80,S1-ii QLD 대체,롤링19년 2001-04-02,19
3600222842.7487354,1176000000.0,660836749.9751302,1176000.0,0.09510369273235902,-0.3317245188165784,-0.48777375589957306,664,94867305.96311592,2016-12-09,1315432229.3883145,949334776.8587713,58562650.46773164,-0.4811824978772733,2019-01-02,해당 없음,해당 없음,A80,S1-ii QLD 대체,롤링19년 2001-05-01,19
3867457705.2590413,1176000000.0,735326606.955454,1176000.0,0.10081988360469865,-0.3319170481153456,-0.45795088625843694,640,88760906.94158533,2016-12-09,1319764305.205422,956193536.220035,58730924.20518685,-0.4811824978772735,2019-01-02,해당 없음,해당 없음,A80,S1-ii QLD 대체,롤링19년 2001-06-01,19
3889093336.400322,1180500000.0,739976595.6547215,1180500.0,0.10111930187356273,-0.33166636908532465,-0.4394129353778893,624,86344096.19371119,2016-12-09,1313833490.856426,953093168.7723901,58496046.682643734,-0.4811824978772735,2019-01-02,해당 없음,해당 없음,A80,S1-ii QLD 대체,롤링19년 2001-07-02,19
4105723342.949386,1176000000.0,801526742.8130082,1176000.0,0.10549888110240993,-0.3317431934125926,-0.4199699640909754,491,81213370.53957991,2016-12-09,1315510801.2496943,957727241.178839,58558347.11001587,-0.48118249787727385,2019-01-02,해당 없음,해당 없음,A80,S1-ii QLD 대체,롤링19년 2001-08-01,19
4411844044.165765,1180500000.0,884295961.2428302,1180500.0,0.11101406199973284,-0.33295464015791254,-0.4131225250484788,374,67931424.27390254,2016-11-21,1347739691.2000055,984179589.3746406,59490746.091443226,-0.48118249787727363,2019-01-02,해당 없음,해당 없음,A80,S1-ii QLD 대체,롤링19년 2001-09-04,19
4237925242.519049,1176000000.0,835887044.5932363,1176000.0,0.10799211999326425,-0.3357676611723601,-0.417356559594916,318,54324578.47577876,2016-11-15,1378111478.28971,1011932609.990921,60277221.791685194,-0.48118249787727385,2019-01-02,해당 없음,해당 없음,A80,S1-ii QLD 대체,롤링19년 2001-10-01,19
3934758961.9476914,1176000000.0,751785922.8859885,1176000.0,0.10215098528073675,-0.3320050267582805,-0.4147977564853672,374,65512292.334653094,2016-12-09,1322552308.1131816,968162189.2564366,58767426.104235455,-0.48118249787727385,2019-01-02,해당 없음,해당 없음,A80,S1-ii QLD 대체,롤링19년 2001-11-01,19
4253418873.546238,1180500000.0,841694606.2845417,1180500.0,0.1081606288328157,-0.3309504619594956,-0.41715680031516256,402,68730395.51350246,2016-12-15,1293146291.0733054,948302149.5696338,57933776.38573929,-0.48118249787727385,2019-01-02,해당 없음,해당 없음,A80,S1-ii QLD 대체,롤링19년 2001-12-03,19
4279375384.036721,1176000000.0,850957327.6749548,1176000.0,0.1087514062512787,-0.3286011546336317,-0.4188271531829896,472,71736244.58467707,2016-12-20,1270998967.8196354,931702354.2586834,57092479.18743071,-0.4811824978772734,2019-01-02,해당 없음,해당 없음,A80,S1-ii QLD 대체,롤링19년 2002-01-02,19
4356370444.018634,1176000000.0,859526327.718243,1176000.0,0.11018220423297084,-0.32921052633383474,-0.40559965426223454,417,66992130.78551169,2016-12-20,1612563800.7792635,1251170725.2944157,57113394.24050389,-0.48118249787727385,2019-01-02,해당 없음,해당 없음,A80,S1-ii QLD 대체,롤링19년 2002-02-01,19
4418669927.098301,1176000000.0,876905657.6545159,1176000.0,0.11133822206519292,-0.3286214567641409,-0.40611891440975967,402,64296033.9066457,2016-12-22,1605231219.9812756,1249243865.2363698,56879649.49808282,-0.4811824978772741,2019-01-02,해당 없음,해당 없음,A80,S1-ii QLD 대체,롤링19년 2002-03-01,19
4548071475.893387,1176000000.0,913721478.7399523,1176000.0,0.1135463144291875,-0.3253437412259427,-0.3913443700531366,418,63973868.542845875,2016-12-27,1590027278.559875,1237478902.602804,56414212.92266682,-0.48118249787727363,2019-01-02,해당 없음,해당 없음,A80,S1-ii QLD 대체,롤링19년 2002-04-01,19
4778835751.340822,1176000000.0,977845165.5875156,1176000.0,0.11742514190195166,-0.28758537191930345,-0.3337196840826311,339,53651856.16540544,2016-12-20,1609850678.7142837,1258126000.3434923,57016939.5926848,-0.48118249787727363,2019-01-02,해당 없음,해당 없음,A80,S1-ii QLD 대체,롤링19년 2002-05-01,19
4868374207.088674,1180500000.0,1000808131.0552018,1180500.0,0.11875689280910266,-0.26843483564546533,-0.26921007746978864,247,41107767.2108286,2016-12-15,1637467690.0080419,1284563016.4233618,57865486.45176007,-0.48118249787727396,2019-01-02,해당 없음,해당 없음,A80,S1-ii QLD 대체,롤링19년 2002-06-03,19
5159115754.050582,1176000000.0,1082852189.8982255,1176000.0,0.12339070672399657,-0.2686049342745114,-0.26936669886470255,67,26292379.194840714,2016-12-09,1672858358.551134,1318422677.008086,58934925.48631285,-0.48118249787727374,2019-01-02,해당 없음,해당 없음,A80,S1-ii QLD 대체,롤링19년 2002-07-01,19
5479593126.538649,1176000000.0,1171969985.808439,1176000.0,0.1280865518564618,-0.26877250619400406,-0.2695206978539313,9,11415207.687781274,2016-11-17,1709409834.3565388,1352252944.6111832,60051446.45346664,-0.48118249787727385,2019-01-02,해당 없음,해당 없음,A80,S1-ii QLD 대체,롤링19년 2002-08-01,19
5676402173.941495,1180500000.0,1226594330.7594392,1180500.0,0.13068527755111073,-0.2686907440118641,-0.26944607854123215,17,12337804.331544846,2016-11-21,1690478682.0770624,1337995019.9937048,59458517.81881295,-0.4811824978772741,2019-01-02,해당 없음,해당 없음,A80,S1-ii QLD 대체,롤링19년 2002-09-03,19
5415514862.549853,1176000000.0,1154464839.032842,1176000.0,0.1271460172850055,-0.26862620604242515,-0.2693864396619444,9,11410826.521609515,2016-11-23,1677696270.9861846,1329332795.4406464,59058980.88506125,-0.48118249787727396,2019-01-02,해당 없음,해당 없음,A80,S1-ii QLD 대체,롤링19년 2002-10-01,19
5632825600.670176,1176000000.0,1217168263.0155907,1176000.0,0.1302372167819732,-0.26840052216383214,-0.26917996846736514,41,15766717.221300274,2016-12-19,1625748594.563097,1284585308.946985,57538633.22672875,-0.48118249787727374,2019-01-02,해당 없음,해당 없음,A80,S1-ii QLD 대체,롤링19년 2002-11-01,19
5535907826.707901,1180500000.0,1189433597.716834,1180500.0,0.12876715038289568,-0.2682695286536734,-0.2690628591776165,75,21819362.99708894,2016-12-27,1592313056.326422,1254771393.0955114,56483307.00886532,-0.4811824978772741,2019-01-02,해당 없음,해당 없음,A80,S1-ii QLD 대체,롤링19년 2002-12-02,19
5858223794.904069,1176000000.0,1281014337.8017066,1176000.0,0.13322583052642561,-0.26833258186261044,-0.2691195514865159,39,12230170.13334006,2016-12-22,1607424277.3868482,1271861364.9668024,56962146.73171728,-0.4811824978772735,2019-01-02,해당 없음,해당 없음,A80,S1-ii QLD 대체,롤링19년 2003-01-02,19
5700120504.549114,1180500000.0,1221166089.037239,1180500.0,0.13099235608658544,-0.26836585071125996,-0.269149270003327,10,5008118.11508745,2016-12-20,2031560786.6995022,1682094433.850567,57233045.4810447,-0.48118249787727385,2019-01-02,해당 없음,해당 없음,A80,S1-ii QLD 대체,롤링19년 2003-02-03,19
5493064182.916829,1180500000.0,1162840630.8259854,1180500.0,0.12816944032433936,-0.26834451042225405,-0.2691302357123645,2,1019603.988180697,2016-12-20,2024751082.2550342,1676715612.742835,57057114.710769564,-0.48118249787727385,2019-01-02,해당 없음,해당 없음,A80,S1-ii QLD 대체,롤링19년 2003-03-03,19
5507414545.353642,1176000000.0,1169979858.7327585,1176000.0,0.12846209549167564,-0.2681276396526927,-0.2689366890249417,8,3460753.9809527695,2017-03-01,1957210893.638496,1619187265.1530774,55332507.882355936,-0.48118249787727374,2019-01-02,해당 없음,해당 없음,A80,S1-ii QLD 대체,롤링19년 2003-04-01,19
5143355066.397706,1176000000.0,1068350936.3900205,1176000.0,0.1231839292230814,-0.26801823568614014,-0.26884151283647983,1,1083553.1907489896,2017-05-01,1913279572.3862753,1582053608.3210826,54327411.72253882,-0.4811824978772741,2019-01-02,해당 없음,해당 없음,A80,S1-ii QLD 대체,롤링19년 2003-05-01,19
4982165254.3140745,1180500000.0,1023172942.4732654,1180500.0,0.12058188622765958,-0.26783263778344735,-0.26867398636758244,22,8565784.145880133,2017-06-02,1863601119.290707,1539856951.7294176,53101040.941396795,-0.48118249787727363,2019-01-02,해당 없음,해당 없음,A80,S1-ii QLD 대체,롤링19년 2003-06-02,19
4810454895.583075,1176000000.0,976629156.9396112,1176000.0,0.1179423860971483,-0.26774858254814715,-0.26859705675996814,25,9564006.789532244,2017-06-07,1845214667.2573972,1524818070.494522,52632406.21149021,-0.4811824978772741,2019-01-02,해당 없음,해당 없음,A80,S1-ii QLD 대체,롤링19년 2003-07-01,19
5087305880.439245,1176000000.0,1055468601.5745981,1176000.0,0.1223439059034206,-0.2676709279354351,-0.2685261437622941,25,10189374.900094688,2017-07-19,1827208768.7644835,1509957132.3312497,52196081.8779409,-0.48118249787727385,2019-01-02,해당 없음,해당 없음,A80,S1-ii QLD 대체,롤링19년 2003-08-01,19
5012225650.255063,1180500000.0,1034659914.3212656,1180500.0,0.1210390755724746,-0.2675185962055544,-0.26838988627425686,59,17708159.104162276,2017-08-09,1788266424.300198,1475496558.6465898,51177359.45099734,-0.48118249787727374,2019-01-02,해당 없음,해당 없음,A80,S1-ii QLD 대체,롤링19년 2003-09-02,19
4863966358.299502,1176000000.0,993784075.1062214,1176000.0,0.11879399844674242,-0.26751498844329547,-0.26838675360994413,35,13470727.670807123,2017-08-09,1787205878.6917195,1476435062.7279992,51147850.11197309,-0.4811824978772741,2019-01-02,해당 없음,해당 없음,A80,S1-ii QLD 대체,롤링19년 2003-10-01,19
4884162734.877089,1180500000.0,1000330263.335162,1180500.0,0.11900001656266229,-0.2673364813105604,-0.26822986951704575,129,24426627.601855844,2017-10-02,1736123079.1050696,1432260566.456427,49832341.89432261,-0.4811824978772735,2019-01-02,해당 없음,해당 없음,A80,S1-ii QLD 대체,롤링19년 2003-11-03,19
4850277229.458637,1176000000.0,992684971.6934353,1176000.0,0.11857176976055465,-0.2672778052204734,-0.26818191187883866,142,27247200.243033886,2017-10-06,1712498323.5717006,1413119713.8938894,49202522.91137568,-0.4811824978772742,2019-01-02,해당 없음,해당 없음,A80,S1-ii QLD 대체,롤링19년 2003-12-01,19
4415319812.09925,1176000000.0,870703469.7310522,1176000.0,0.11123921751780828,-0.2685098349738604,-0.2756107978393353,396,30309960.045731515,2017-11-08,1687967456.9005733,1393200462.8643122,48549681.73617938,-0.48118249787727385,2019-01-02,해당 없음,해당 없음,A80,S1-ii QLD 대체,롤링19년 2004-01-02,19
4698911622.427264,1180500000.0,938206516.0893034,1180500.0,0.11598356702120934,-0.26721308476492256,-0.26813425644935873,396,29429528.50737062,2017-12-15,2097198250.7807932,1574345813.0048497,420917111.4039154,-0.8082480024052341,2023-01-03,해당 없음,해당 없음,A80,S1-ii QLD 대체,롤링19년 2004-02-02,19
4759640392.043737,1176000000.0,957294099.8095129,1176000.0,0.11712799572484058,-0.26718753222938274,-0.26811887465365725,430,31381108.404584825,2018-01-08,2071088042.1867907,1554760697.8122864,416167742.2350621,-0.8082480024052343,2023-01-03,해당 없음,해당 없음,A80,S1-ii QLD 대체,롤링19년 2004-03-01,19
4992716914.981384,1176000000.0,1022387211.6577165,1176000.0,0.1208484605271974,-0.26719649833903625,-0.2681242957086346,139,24533170.728161067,2017-12-18,2080205487.9121194,1563973896.459326,417810472.449988,-0.808248002405234,2023-01-03,해당 없음,해당 없음,A80,S1-ii QLD 대체,롤링19년 2004-04-01,19
5074284086.070276,1180500000.0,1044283221.6224123,1180500.0,0.12201345267248907,-0.2671827851874068,-0.2681160274723007,130,23329819.220343977,2018-01-08,2066424069.593667,1555310566.2127283,415290624.8390426,-0.8082480024052344,2023-01-03,해당 없음,해당 없음,A80,S1-ii QLD 대체,롤링19년 2004-05-03,19
5193840275.632074,1176000000.0,1079955867.1480227,1176000.0,0.12392027754223647,-0.2671638386046413,-0.26810475205799844,139,23660892.65450099,2018-01-12,2047166935.7838664,1539555706.908833,411791346.7449401,-0.8082480024052343,2023-01-03,해당 없음,해당 없음,A80,S1-ii QLD 대체,롤링19년 2004-06-01,19
5474968864.819923,1176000000.0,1159699876.5447226,1176000.0,0.1280221787780699,-0.2671475631241539,-0.2680952022888029,140,23278859.81820053,2018-01-17,2030579169.413869,1526961251.2206907,408769407.7904647,-0.8082480024052341,2023-01-03,해당 없음,해당 없음,A80,S1-ii QLD 대체,롤링19년 2004-07-01,19
5542611168.507624,1180500000.0,1177213714.1641326,1180500.0,0.12888222432949642,-0.2671423977947661,-0.26809220022917835,129,19938970.93691504,2018-01-17,2025400573.388284,1525910993.6273048,407805187.9940261,-0.808248002405234,2023-01-03,해당 없음,해당 없음,A80,S1-ii QLD 대체,롤링19년 2004-08-02,19
5565693769.958754,1176000000.0,1184953178.796523,1176000.0,0.12927531253438138,-0.2671343350916531,-0.2680874649277355,120,17371196.143939197,2018-01-17,2017375225.13736,1521407489.043671,406331969.0631425,-0.8082480024052343,2023-01-03,해당 없음,해당 없음,A80,S1-ii QLD 대체,롤링19년 2004-09-01,19
5232879744.577102,1176000000.0,1092517994.743351,1176000.0,0.12452290458654072,-0.2670897704289239,-0.2680583496776816,147,22136144.61878416,2018-01-23,1978726461.776188,1490820526.1378314,399631549.69405156,-0.8082480024052344,2023-01-03,해당 없음,해당 없음,A80,S1-ii QLD 대체,롤링19년 2004-10-01,19
5098621962.593582,1176000000.0,1054853948.9150422,1176000.0,0.12246610811508313,-0.2670810726310856,-0.26805283924925805,130,19501545.73383835,2018-01-23,1970718963.952787,1484954875.4177108,398275582.9277428,-0.8082480024052343,2023-01-03,해당 없음,해당 없음,A80,S1-ii QLD 대체,롤링19년 2004-11-01,19
5403328074.952086,1176000000.0,1141358590.7920609,1176000.0,0.1269850559440863,-0.26706515781753826,-0.2680427076904912,129,18409792.09477642,2018-01-26,1955761076.2491686,1473206084.8479795,395838643.3104296,-0.8082480024052343,2023-01-03,해당 없음,해당 없음,A80,S1-ii QLD 대체,롤링19년 2004-12-01,19
5686172361.624339,1180500000.0,1212700819.0455136,1180500.0,0.13083003528310022,-0.2670495543091712,-0.2680337455313755,129,17612106.16106209,2018-06-14,2802660403.6629868,2080536125.6462495,393072675.1522301,-0.8082480024052343,2023-01-03,해당 없음,해당 없음,A80,S1-ii QLD 대체,롤링19년 2005-01-03,19
5939364526.334926,1176000000.0,1284887257.495363,1176000.0,0.13428720049017115,-0.2670528417209962,-0.26803548603978133,59,12007330.29785633,2018-06-14,2807596987.7945414,2087489150.7567532,393712103.47343,-0.8082480024052341,2023-01-03,해당 없음,해당 없음,A80,S1-ii QLD 대체,롤링19년 2005-02-01,19
6172211137.008403,1176000000.0,1350803554.8464177,1176000.0,0.13727622759902303,-0.2670421035353032,-0.26802982327297176,55,10300720.468090683,2018-06-15,2791915118.8771024,2076558615.052142,391616266.76492393,-0.8082480024052345,2023-01-03,해당 없음,해당 없음,A80,S1-ii QLD 대체,롤링19년 2005-03-01,19
6398925437.707425,1176000000.0,1414556485.814787,1176000.0,0.14012921245452944,-0.26703937595248495,-0.26802839186698646,25,6389882.811416268,2018-06-15,2788012220.123104,2075745033.2802048,391083452.8655735,-0.8082480024052341,2023-01-03,해당 없음,해당 없음,A80,S1-ii QLD 대체,롤링19년 2005-04-01,19
6277342702.810242,1180500000.0,1378796058.3226068,1180500.0,0.13850175244268448,-0.26703691305037913,-0.26802710145822284,1,797819.2575569153,2018-06-15,2784497564.9671197,2075234666.4953475,390602596.3504543,-0.8082480024052341,2023-01-03,해당 없음,해당 없음,A80,S1-ii QLD 대체,롤링19년 2005-05-02,19
6457350309.478252,1176000000.0,1433007342.0288901,1176000.0,0.14074391329367655,-0.26699527229935005,-0.2680094125546708,23,10339792.46325612,2018-07-10,2711983308.242498,2016191347.601191,381043664.66508484,-0.8082480024052341,2023-01-03,해당 없음,해당 없음,A80,S1-ii QLD 대체,롤링19년 2005-06-01,19
6624363562.39356,1176000000.0,1480555674.943509,1176000.0,0.14277448842525692,-0.26697916002623867,-0.26800286595721234,42,11015880.356624663,2018-07-12,2684501642.1068826,1997055712.6530752,377348734.55901057,-0.8082480024052341,2023-01-03,해당 없음,해당 없음,A80,S1-ii QLD 대체,롤링19년 2005-07-01,19
6541894581.08166,1176000000.0,1458758638.4775176,1176000.0,0.14174324346216108,-0.2669478881524039,-0.26798968895861697,81,16520694.403822452,2018-07-25,2633387775.805685,1955154364.7294059,370548377.5537228,-0.8082480024052341,2023-01-03,해당 없음,해당 없음,A80,S1-ii QLD 대체,롤링19년 2005-08-01,19
6467506445.845293,1176000000.0,1438061673.6316879,1176000.0,0.14087960842661207,-0.2669358078625097,-0.26798461928670214,79,15655140.922476739,2018-08-27,2614085521.052976,1941624342.8754766,367975010.3425839,-0.8082480024052342,2023-01-03,해당 없음,해당 없음,A80,S1-ii QLD 대체,롤링19년 2005-09-01,19
6424574394.912043,1180500000.0,1425583688.9899797,1180500.0,0.14025399516759052,-0.2669116744396176,-0.26797445622505023,127,18418238.738246948,2018-08-31,2576152359.4386697,1912297558.482311,362949868.7545586,-0.8082480024052342,2023-01-03,해당 없음,해당 없음,A80,S1-ii QLD 대체,롤링19년 2005-10-03,19
6663083304.03084,1176000000.0,1494065572.079779,1176000.0,0.14314144556383018,-0.2669077296425223,-0.26797283247910697,79,14976492.554253906,2018-09-13,2569994212.7208605,1909224268.568726,362126952.95237267,-0.8082480024052342,2023-01-03,해당 없음,해당 없음,A80,S1-ii QLD 대체,롤링19년 2005-11-01,19
6952513585.021194,1176000000.0,1577467469.4420927,1176000.0,0.14644680001458013,-0.2668677826911431,-0.2679577403372633,217,23346959.915038705,2019-04-08,2504091938.3118916,1856723976.3937645,353543770.4591561,-0.8082480024052342,2023-01-03,해당 없음,해당 없음,A80,S1-ii QLD 대체,롤링19년 2005-12-01,19
7143992299.010643,1180500000.0,1606544698.249205,1180500.0,0.1484024614195222,-0.26686757409483897,-0.26795766508395946,178,18768239.121393383,2019-04-08,2953227718.737098,2221691313.30636,353497812.17647696,-0.8082480024052341,2023-01-03,해당 없음,해당 없음,A80,S1-ii QLD 대체,롤링19년 2006-01-03,19
7232532205.672637,1176000000.0,1632817831.470272,1176000.0,0.1494246308600629,-0.2668644265605058,-0.2679565143129067,89,15305825.746187806,2019-04-08,2947106340.314672,2217620314.112063,352825209.1846194,-0.8082480024052344,2023-01-03,해당 없음,해당 없음,A80,S1-ii QLD 대체,롤링19년 2006-02-01,19
7129070481.953484,1176000000.0,1604398993.7878609,1176000.0,0.14836947924007274,-0.26684718162013743,-0.26795014798787287,113,16495360.154241383,2019-04-23,2914191541.195231,2193538442.7189417,349202777.4005002,-0.8082480024052342,2023-01-03,해당 없음,해당 없음,A80,S1-ii QLD 대체,롤링19년 2006-03-01,19
6833287826.752925,1180500000.0,1520518673.525238,1180500.0,0.14501310678197005,-0.2668294467812131,-0.2679435580411498,128,17819378.724101126,2019-04-23,2881106187.499525,2168455438.787577,345565613.1709714,-0.8082480024052339,2023-01-03,해당 없음,해당 없음,A80,S1-ii QLD 대체,롤링19년 2006-04-03,19
6529700552.7031355,1176000000.0,1436116421.4983606,1176000.0,0.14161770960882253,-0.26682609172706895,-0.26794230578367106,79,14282751.419927597,2019-04-23,2874995503.67282,2165431166.1450553,344886598.0886039,-0.8082480024052343,2023-01-03,해당 없음,해당 없음,A80,S1-ii QLD 대체,롤링19년 2006-05-01,19
6653187291.675688,1176000000.0,1470899983.2035255,1176000.0,0.14307655134909122,-0.2668219918383008,-0.2679407793972506,50,10866817.94413203,2019-04-24,2867593710.6822267,2162365775.6816487,344058642.72628915,-0.8082480024052344,2023-01-03,해당 없음,해당 없음,A80,S1-ii QLD 대체,롤링19년 2006-06-01,19
6864132944.317123,1180500000.0,1529373403.9246001,1180500.0,0.14536602293199982,-0.26681348410023153,-0.2679376808342795,21,8982295.82241261,2019-04-24,2851977351.798902,2152076955.9414616,342332962.3924803,-0.8082480024052343,2023-01-03,해당 없음,해당 없음,A80,S1-ii QLD 대체,롤링19년 2006-07-03,19
7076737280.7757845,1176000000.0,1590850429.5737824,1176000.0,0.14778787615034078,-0.2668034103276802,-0.26793422815375223,4,7554899.636499107,2019-04-26,2833137066.12829,2140754363.9859285,340241845.8942786,-0.8082480024052342,2023-01-03,해당 없음,해당 없음,A80,S1-ii QLD 대체,롤링19년 2006-08-01,19
7062902995.573487,1176000000.0,1589260060.474755,1176000.0,0.14768425742469635,-0.2667639383996748,-0.26792094672374456,9,16216836.26059705,2019-07-02,2757675739.4658227,2081309537.75262,332222093.8226096,-0.808248002405234,2023-01-03,해당 없음,해당 없음,A80,S1-ii QLD 대체,롤링19년 2006-09-01,19
7404062265.216354,1180500000.0,1684948467.4582965,1180500.0,0.15118600005036373,-0.26674782121199325,-0.26791563647464967,9,16888835.155269474,2019-07-03,2728473220.3238034,2058841457.3870597,329020199.35326004,-0.8082480024052341,2023-01-03,해당 없음,해당 없음,A80,S1-ii QLD 대체,롤링19년 2006-10-02,19
7594002910.356671,1176000000.0,1741070391.7967582,1176000.0,0.15318208777920514,-0.2667203195786527,-0.2679067190577553,31,21202888.373258978,2019-07-12,2679694423.961301,2020152321.9293134,323650723.15510666,-0.8082480024052341,2023-01-03,해당 없음,해당 없음,A80,S1-ii QLD 대체,롤링19년 2006-11-01,19
7702679450.240666,1176000000.0,1772756833.75193,1176000.0,0.15433950227768117,-0.26669860099677833,-0.2679012832558575,41,24191553.632752866,2019-07-26,2639017247.89139,1987639660.1049235,319081803.35130537,-0.8082480024052342,2023-01-03,해당 없음,해당 없음,A80,S1-ii QLD 대체,롤링19년 2006-12-01,19
7552019524.745433,1180500000.0,1715834599.8468087,1180500.0,0.1526674828518185,-0.26668601152876403,-0.2678984152367294,41,23832494.483878553,2019-09-19,3014045239.5120454,2282758625.0921516,316410971.55714417,-0.8082480024052345,2023-01-03,해당 없음,해당 없음,A80,S1-ii QLD 대체,롤링19년 2007-01-03,19
7645810392.684379,1176000000.0,1745172255.410278,1176000.0,0.1537178861110537,-0.26665861704414406,-0.26789235802325784,116,28592892.51946482,2019-11-13,2957108023.4631777,2237917711.379375,310698430.38326234,-0.8082480024052343,2023-01-03,해당 없음,해당 없음,A80,S1-ii QLD 대체,롤링19년 2007-02-01,19
7651602021.747313,1176000000.0,1746945727.068983,1176000.0,0.15382714125771446,-0.2666540115935553,-0.26789129757916164,43,25454625.986884803,2019-11-14,2947941321.730021,2232171552.4435787,309767246.8106124,-0.8082480024052342,2023-01-03,해당 없음,해당 없음,A80,S1-ii QLD 대체,롤링19년 2007-03-01,19
7568706890.194639,1180500000.0,1723177277.8448367,1180500.0,0.15288501156468373,-0.26663704906687524,-0.2678872675834607,47,26306951.462020755,2019-11-22,2914767844.8614626,2206628418.918482,306419032.9567805,-0.8082480024052342,2023-01-03,해당 없음,해당 없음,A80,S1-ii QLD 대체,롤링19년 2007-04-02,19
7945632607.516267,1176000000.0,1832489524.453123,1176000.0,0.15668080807392318,-0.26660524764411575,-0.2678800582324733,123,31971892.476927757,2019-12-04,2853525136.3548365,2156952905.281845,300241396.8698927,-0.8082480024052343,2023-01-03,해당 없음,해당 없음,A80,S1-ii QLD 대체,롤링19년 2007-05-01,19
8483017304.309564,1176000000.0,1985390098.5150547,1176000.0,0.16173320625691,-0.26657986821406476,-0.26787462811814544,159,35348438.32317835,2019-12-20,2805829520.2568116,2119071948.116302,295401623.54201484,-0.808248002405234,2023-01-03,해당 없음,해당 없음,A80,S1-ii QLD 대체,롤링19년 2007-06-01,19
8461448405.227566,1180500000.0,1978324355.606775,1180500.0,0.16142356206621916,-0.26657234381133543,-0.26787307298855945,152,33126986.386398166,2019-12-23,2791883497.8251987,2108514695.167744,293982196.7674987,-0.8082480024052342,2023-01-03,해당 없음,해당 없음,A80,S1-ii QLD 대체,롤링19년 2007-07-02,19
7736234923.860899,1176000000.0,1775174808.794472,1176000.0,0.15462357500851695,-0.26656748783828754,-0.26787208258750694,123,30064539.421096265,2019-12-26,2782933393.340193,2102116763.7239873,293069442.75342953,-0.8082480024052343,2023-01-03,해당 없음,해당 없음,A80,S1-ii QLD 대체,롤링19년 2007-08-01,19
7540085701.825425,1180500000.0,1720171134.0935235,1180500.0,0.1525369007348754,-0.2665367050761135,-0.26786604275088777,182,34936495.71197951,2020-01-06,2726911332.681717,2057028311.8558784,287356554.97421074,-0.8082480024052343,2023-01-03,해당 없음,해당 없음,A80,S1-ii QLD 대체,롤링19년 2007-09-04,19
3869183787.908468,1230000000.0,726234515.8931037,1230000.0,0.09260656596075091,-0.23862145672427115,-0.46383643885028525,1719,104896048.06935117,2016-10-24,1021707885.9635502,626840649.5627955,61985419.35074133,-0.9774556918274715,2019-01-02,해당 없음,2000-11-22~2004-01-02,A80,S2 규칙이탈(36개월 매수중단),2000-01~2019-12,fixed
12819674540.062937,1594500000.0,3039430882.797966,1594500.0,0.12128515220729509,-0.28346750101191853,-0.46383643885028525,1719,104896048.06935117,2016-10-24,5396461722.425914,3989259926.174033,540114083.9438574,-0.95921089100594,2023-01-03,해당 없음,2000-11-22~2004-01-02,A80,S2 규칙이탈(36개월 매수중단),2000-01~2026-09,fixed
1050860649.422726,514500000.0,145883303.44580647,514500.0,0.16392731738327043,-0.2490748687787273,-0.2698972572566041,46,33244276.191181585,미도달,195649340.13316998,118099881.74035552,8743477.0184661,-0.8082480024052343,2023-01-03,해당 없음,해당 없음,A80,S2 규칙이탈(36개월 매수중단),2020-01~2026-09,fixed
1550085678.5678647,910500000.0,179578480.1331285,910500.0,0.06254462825192302,-0.23862145672427115,-0.46383643885028525,1719,104896048.06935117,미도달,523037532.74344254,215198417.56241828,41151468.88405768,-0.9995277776331998,2009-01-02,해당 없음,2000-11-22~2004-01-02,A80,S2 규칙이탈(36개월 매수중단),롤링14년 2000-01-03,14
1562761941.8822138,906000000.0,183867856.9350895,906000.0,0.06381595155622936,-0.23899090800236722,-0.4644192364329168,1592,98766319.29702216,미도달,525013437.8482412,219144602.96444666,41358648.8696217,-0.9995277776331998,2009-01-02,해당 없음,2000-11-22~2004-01-02,A80,S2 규칙이탈(36개월 매수중단),롤링14년 2000-02-01,14
1601806193.8041785,906000000.0,195671852.66460484,906000.0,0.06664533645350347,-0.23749524149791545,-0.4522590322788351,1596,100619556.18004003,미도달,517102449.6266959,211255824.8490882,40550449.74788166,-0.9995277776331998,2009-01-02,해당 없음,2000-11-22~2004-01-02,A80,S2 규칙이탈(36개월 매수중단),롤링14년 2000-03-01,14
1587968950.8179564,910500000.0,190606743.81784767,910500.0,0.06530645381427957,-0.23633723086271385,-0.44504729703371293,1723,104522317.50310227,미도달,508689962.40760136,207514419.56284565,39491731.25035711,-0.9993413209414616,2009-01-02,해당 없음,2000-12-15~2004-01-02,A80,S2 규칙이탈(36개월 매수중단),롤링14년 2000-04-03,14
1550645085.7244809,906000000.0,180549210.66483897,906000.0,0.0629735134795629,-0.23705779552512474,-0.42596468398269727,1593,97341530.94928646,미도달,512021100.1054429,213435495.46017346,39833144.04593819,-0.9989545728988742,2009-01-02,해당 없음,2000-12-20~2004-01-02,A80,S2 규칙이탈(36개월 매수중단),롤링14년 2000-05-01,14
1576043291.961478,906000000.0,186883249.38445216,906000.0,0.06482281829537441,-0.23703136826644855,-0.42608247169172453,1581,92943744.3344835,미도달,511814339.5822637,218366727.93620396,39820136.712819815,-0.9989089281795746,2009-01-02,해당 없음,2001-01-02~2004-01-02,A80,S2 규칙이탈(36개월 매수중단),롤링14년 2000-06-01,14
1608229010.1749024,910500000.0,194999022.81394732,910500.0,0.06674617250715635,-0.2356832153947137,-0.42673534910400934,1592,93329419.44804358,미도달,505627460.95394087,214111435.63092142,39197743.475106835,-0.9989089281795746,2009-01-02,해당 없음,2001-01-02~2004-01-02,A80,S2 규칙이탈(36개월 매수중단),롤링14년 2000-07-03,14
1613074308.0255566,906000000.0,196949868.6165569,906000.0,0.06742352991793114,-0.23613232492396974,-0.4268953618263459,1540,87254784.90660045,미도달,507560117.78741485,218901152.8306418,39398402.81278764,-0.9988646121134095,2009-01-02,해당 없음,2001-01-02~2004-01-02,A80,S2 규칙이탈(36개월 매수중단),롤링14년 2000-08-01,14
1644716410.9295871,906000000.0,206195382.13365725,906000.0,0.06964485079367659,-0.2337085235291283,-0.407215217438619,1596,90426350.39356157,미도달,497588451.83937496,213757779.50441188,38419654.73475456,-0.9988646121134095,2009-01-02,해당 없음,2001-01-02~2004-01-02,A80,S2 규칙이탈(36개월 매수중단),롤링14년 2000-09-01,14
1643133340.4055908,910500000.0,206008453.3249605,910500.0,0.06917731587307559,-0.23670239975600915,-0.4409401037413291,1518,91952385.48473918,미도달,479881356.95151937,194418630.06051356,37523703.23586813,-0.9890907666479586,2005-01-03,해당 없음,2001-02-28~2005-01-03,A80,S2 규칙이탈(36개월 매수중단),롤링14년 2000-10-02,14
1702109442.9210413,906000000.0,223932674.90705216,906000.0,0.07345540411544381,-0.23826888214580466,-0.4571266943597927,1517,91639207.97574916,미도달,474855733.1984586,192700524.2411288,36545732.046307795,-0.9861078650865701,2005-01-03,해당 없음,2001-03-09~2005-01-03,A80,S2 규칙이탈(36개월 매수중단),롤링14년 2000-11-01,14
1825166065.039501,906000000.0,258037961.31762785,906000.0,0.08131751916492228,-0.23847696677240993,-0.4573434937767973,1509,86501202.90631622,미도달,472850241.3060419,197753847.04479098,36632619.30465304,-0.9774055731562021,2005-01-03,해당 없음,2001-03-28~2005-01-03,A80,S2 규칙이탈(36개월 매수중단),롤링14년 2000-12-01,14
1764626489.151697,906000000.0,240471926.51374635,906000.0,0.07749880197216782,-0.24408916921719348,-0.47019590744207074,1438,86118013.20894194,미도달,463336446.91235346,199872556.57781965,35985647.69674954,-0.9931188712710975,2009-01-02,해당 없음,2001-04-04~2005-01-03,A80,S2 규칙이탈(36개월 매수중단),롤링14년 2001-01-02,14
1726811923.198049,906000000.0,227353806.62976995,906000.0,0.07508122787026678,-0.24967740465175858,-0.46140834198783187,1564,94602709.86140424,미도달,534078598.3681238,260950751.22632605,34461839.39510877,-0.9921379274077237,2009-01-02,해당 없음,2001-08-30~2005-01-03,A80,S2 규칙이탈(36개월 매수중단),롤링14년 2001-02-01,14
1816959239.916396,906000000.0,252041701.7992134,906000.0,0.08081411402487662,-0.3136167832170941,-0.4732434913506294,1430,90926906.54409319,미도달,532173865.53730977,262299235.6986798,34824983.824207604,-0.9803192959742859,2009-01-02,해당 없음,2002-05-03~2006-01-03,A80,S2 규칙이탈(36개월 매수중단),롤링14년 2001-03-01,14
1791443008.43481,910500000.0,242294414.0867771,910500.0,0.07890315260063141,-0.31534595709064894,-0.4852155110509855,1256,82776183.58634004,미도달,536120387.9003582,273623089.5807011,35300548.819976225,-0.9754252559601916,2009-01-02,해당 없음,2002-06-03~2006-01-03,A80,S2 규칙이탈(36개월 매수중단),롤링14년 2001-04-02,14
1746841900.9278033,906000000.0,232077381.23440897,906000.0,0.07638988130208234,-0.3108481934056041,-0.47157204983524614,1486,91036370.81911689,미도달,521814671.7844699,259766794.75991863,33648748.9254042,-0.9754252559601917,2009-01-02,해당 없음,2002-06-03~2006-01-03,A80,S2 규칙이탈(36개월 매수중단),롤링14년 2001-05-01,14
1830869159.13588,906000000.0,255019051.83965915,906000.0,0.08167671280550519,-0.3247109952440077,-0.452104255145542,1426,87420843.59954007,미도달,519068774.9066677,265655079.10986435,33938619.42055665,-0.9705445311684794,2009-01-02,해당 없음,2002-06-19~2006-01-03,A80,S2 규칙이탈(36개월 매수중단),롤링14년 2001-06-01,14
1815362356.7558622,910500000.0,249223503.1728378,910500.0,0.08039321051413371,-0.3243346776063357,-0.4332632352658411,1411,85004032.85166593,미도달,516694909.6271088,265572250.04147398,33670272.505577914,-0.9631890345678189,2009-01-02,해당 없음,2002-06-25~2006-01-03,A80,S2 규칙이탈(36개월 매수중단),롤링14년 2001-07-02,14
1908450128.7909622,906000000.0,275658606.05276895,906000.0,0.0862451805003081,-0.3317431934125926,-0.4199699640909754,1223,81213370.53957991,미도달,514667002.3264071,275658279.9658166,34221603.66609117,-0.9563445571227456,2009-01-02,해당 없음,2002-07-02~2006-01-03,A80,S2 규칙이탈(36개월 매수중단),롤링14년 2001-08-01,14
1853626443.2276323,910500000.0,257460592.8860083,910500.0,0.08266721453543065,-0.33295464015791254,-0.4131225250484788,424,67931424.27390254,미도달,533251277.7139793,289020811.81887215,35346306.686488725,-0.9398672905020786,2009-01-02,해당 없음,2002-07-25~2006-01-03,A80,S2 규칙이탈(36개월 매수중단),롤링14년 2001-09-04,14
1849238992.5883713,906000000.0,257125879.52264887,906000.0,0.0827363007299705,-0.3357676611723601,-0.417356559594916,360,54324578.47577876,미도달,551828725.6749607,305590281.94417745,36323972.023625575,-0.9398672905020785,2009-01-02,해당 없음,2002-07-25~2006-01-03,A80,S2 규칙이탈(36개월 매수중단),롤링14년 2001-10-01,14
1902585173.4817889,906000000.0,273091325.6332938,906000.0,0.08591492035266775,-0.3320050267582805,-0.4147977564853672,423,65512292.334653094,미도달,514990097.7637116,282679470.60625225,34505019.765710734,-0.9398672905020787,2009-01-02,해당 없음,2002-07-25~2006-01-03,A80,S2 규칙이탈(36개월 매수중단),롤링14년 2001-11-01,14
1898318750.5559213,910500000.0,271265601.6057738,910500.0,0.08534726068285256,-0.3309504619594956,-0.41715680031516256,444,68730395.51350246,미도달,501758560.3624704,274399246.59374386,33509425.507639423,-0.9398672905020785,2009-01-02,해당 없음,2002-07-25~2006-01-03,A80,S2 규칙이탈(36개월 매수중단),롤링14년 2001-12-03,14
1885131500.9233055,906000000.0,268480246.8063101,906000.0,0.08486888212343982,-0.3286011546336317,-0.4188271531829896,495,71736244.58467707,미도달,500059826.8981718,278123300.0209172,33189479.055175085,-0.9321178085964502,2009-01-02,해당 없음,2002-08-05~2006-01-03,A80,S2 규칙이탈(36개월 매수중단),롤링14년 2002-01-02,14
1879837682.3582463,906000000.0,263369333.9059143,906000.0,0.08458892032819086,-0.32921052633383474,-0.40559965426223454,421,66992130.78551169,미도달,545176256.5223477,315585284.83800554,33804720.762158744,-0.9093580728866286,2009-01-02,해당 없음,2002-10-07~2006-01-03,A80,S2 규칙이탈(36개월 매수중단),롤링14년 2002-02-01,14
1922408400.3733852,906000000.0,274919896.8697072,906000.0,0.08704839847968579,-0.3286214567641409,-0.40611891440975967,419,64296033.9066457,미도달,542362783.1385026,317397654.9108277,33538589.66605363,-0.9086618742146708,2009-01-02,해당 없음,2002-10-07~2006-01-03,A80,S2 규칙이탈(36개월 매수중단),롤링14년 2002-03-01,14
1709923567.6881516,906000000.0,216853774.4253332,906000.0,0.0739705086672558,-0.3253437412259427,-0.3913443700531366,418,63973868.542845875,미도달,405176640.91194636,205730017.86204562,39123809.458224714,-0.6079748137032314,2012-01-03,해당 없음,2008-10-27~2012-01-03,A80,S2 규칙이탈(36개월 매수중단),롤링14년 2002-04-01,14
1730001467.9548843,906000000.0,221901311.46306017,906000.0,0.07530868340261905,-0.28758537191930345,-0.3337196840826311,339,53651856.16540544,미도달,412432505.0917201,214635312.82420373,39537094.64474245,-0.6079748137032309,2012-01-03,해당 없음,2008-10-27~2012-01-03,A80,S2 규칙이탈(36개월 매수중단),롤링14년 2002-05-01,14
1853033599.9273403,910500000.0,254788719.05855307,910500.0,0.08264225340463612,-0.23984207167696037,-0.26408485529940273,247,41107767.2108286,미도달,422326736.9559591,224847677.65201432,40112428.68671748,-0.607974813703231,2012-01-03,해당 없음,2008-10-27~2012-01-03,A80,S2 규칙이탈(36개월 매수중단),롤링14년 2002-06-03,14
1844124464.368427,906000000.0,252946042.91904762,906000.0,0.08242056767925897,-0.19744330227655382,-0.21799023358668912,67,26292379.194840714,미도달,435396708.7541936,238233791.7127641,40836359.777494095,-0.6079748137032308,2012-01-03,해당 없음,2008-10-27~2012-01-03,A80,S2 규칙이탈(36개월 매수중단),롤링14년 2002-07-01,14
1898577760.7683265,906000000.0,267714957.55817732,906000.0,0.08569823317482188,-0.19723407612697785,-0.21752323891538994,9,11415207.687781274,미도달,448769946.64047724,250869751.67277393,41589975.64709285,-0.6079748137032315,2012-01-03,해당 없음,2008-10-27~2012-01-03,A80,S2 규칙이탈(36개월 매수중단),롤링14년 2002-08-01,14
1903479576.2386434,910500000.0,267918028.2442269,910500.0,0.08562366943334175,-0.19734259656182285,-0.21776560682854573,17,12337804.331544846,미도달,442108042.43315554,247470852.6048403,41195797.29021203,-0.6079748137032324,2012-01-03,해당 없음,2008-10-27~2012-01-03,A80,S2 규칙이탈(36개월 매수중단),롤링14년 2002-09-03,14
1869883568.3720703,906000000.0,259724727.12350702,906000.0,0.08395231380129982,-0.1974168202883715,-0.21793150287373997,9,11410826.521609515,미도달,437672957.1709028,246048539.22389692,40932788.11802073,-0.6079748137032317,2012-01-03,해당 없음,2008-10-27~2012-01-03,A80,S2 규칙이탈(36개월 매수중단),롤링14년 2002-10-01,14
1863595615.6410842,906000000.0,258550913.17116562,906000.0,0.08356736460943974,-0.19771672008665697,-0.21860161891658092,41,15766717.221300274,미도달,417478094.26815873,230084039.97825608,39909758.34016847,-0.607974813703231,2012-01-03,해당 없음,2008-10-27~2012-01-03,A80,S2 규칙이탈(36개월 매수중단),롤링14년 2002-11-01,14
1875434947.6954663,910500000.0,260928067.00526482,910500.0,0.08399433537637403,-0.19793782154151462,-0.2190965391229479,75,21819362.99708894,미도달,406083855.560242,220218791.07318142,39200142.16280709,-0.6079748137032313,2012-01-03,해당 없음,2008-10-27~2012-01-03,A80,S2 규칙이탈(36개월 매수중단),롤링14년 2002-12-02,14
1985104825.2191687,906000000.0,292808177.8074596,906000.0,0.09060899647272944,-0.19783376609587533,-0.21886356084468117,39,12230170.13334006,미도달,411218371.67498016,227921830.73882928,39530157.32913209,-0.6079748137032315,2012-01-03,해당 없음,2008-10-27~2012-01-03,A80,S2 규칙이탈(36개월 매수중단),롤링14년 2003-01-02,14
1965295834.7575018,910500000.0,284464457.3948926,910500.0,0.08916136465091233,-0.1977767808641896,-0.21873620214145095,10,5008118.11508745,미도달,454933621.2702636,263839571.53446546,39715399.26080403,-0.6079748137032323,2012-01-03,해당 없음,2008-10-27~2012-01-03,A80,S2 규칙이탈(36개월 매수중단),롤링14년 2003-02-03,14
2056801175.0991976,910500000.0,310274014.22268486,910500.0,0.09425417024701485,-0.19781257913275863,-0.218816303974804,2,1019603.988180697,미도달,452925221.16628265,262780257.0124903,39598112.37403406,-0.6079748137032321,2012-01-03,해당 없음,2008-10-27~2012-01-03,A80,S2 규칙이탈(36개월 매수중단),롤링14년 2003-03-03,14
1960262755.012455,906000000.0,284839077.20954716,906000.0,0.08920579066662766,-0.19818743055205268,-0.21965577667862768,8,3460753.9809527695,미도달,432424795.7881359,248194331.3667966,38445156.50767808,-0.6079748137032308,2012-01-03,해당 없음,2008-10-27~2012-01-03,A80,S2 규칙이탈(36개월 매수중단),롤링14년 2003-04-01,14
1993999291.444726,906000000.0,294634446.8418863,906000.0,0.09115798730942908,-0.1984216624349252,-0.22018100159970377,1,1083553.1907489896,미도달,416132391.5098482,236432207.47968143,37772360.60961042,-0.6079748137032321,2012-01-03,해당 없음,2008-10-27~2012-01-03,A80,S2 규칙이탈(36개월 매수중단),롤링14년 2003-05-01,14
1995611509.0763183,910500000.0,294423196.8187134,910500.0,0.09091414062669345,-0.19872605030650592,-0.22086416187385927,22,8565784.145880133,미도달,400203813.37592185,225051392.2829304,36956114.86732638,-0.6079748137032317,2012-01-03,해당 없음,2008-10-27~2012-01-03,A80,S2 규칙이탈(36개월 매수중단),롤링14년 2003-06-02,14
1979843627.3248749,906000000.0,291528236.16660166,906000.0,0.09031388109362566,-0.1988462009555455,-0.22113401746083672,25,9564006.789532244,미도달,394737167.3723735,221744821.5744345,36645030.308103,-0.6079748137032308,2012-01-03,해당 없음,2008-10-27~2012-01-03,A80,S2 규칙이탈(36개월 매수중단),롤링14년 2003-07-01,14
1993572389.2772615,906000000.0,295862872.0523793,906000.0,0.0910684713121399,-0.1989618875675646,-0.22139394845248972,25,10189374.900094688,미도달,388749879.52598727,217851303.95547366,36353504.86200771,-0.6079748137032324,2012-01-03,해당 없음,2008-10-27~2012-01-03,A80,S2 규칙이탈(36개월 매수중단),롤링14년 2003-08-01,14
1988425906.9748092,910500000.0,294007352.8712965,910500.0,0.09050094955103902,-0.1992451239714007,-0.22203075424508145,59,17708159.104162276,미도달,377886529.50296086,209092900.112771,35674775.3231423,-0.6079748137032311,2012-01-03,해당 없음,2008-10-27~2012-01-03,A80,S2 규칙이탈(36개월 매수중단),롤링14년 2003-09-02,14
2035971074.0245934,906000000.0,308350307.6649131,906000.0,0.09342102454344145,-0.1992515053272077,-0.2220451082822541,35,13470727.670807123,미도달,377656657.16457987,210540447.03788108,35661297.166954376,-0.6079748137032321,2012-01-03,해당 없음,2008-10-27~2012-01-03,A80,S2 규칙이탈(36개월 매수중단),롤링14년 2003-10-01,14
2019032756.9813228,910500000.0,303450402.86266255,910500.0,0.09217273023484948,-0.19963924392993704,-0.22277380214826514,129,24426627.601855844,미도달,362830000.1305655,199510946.28330204,34786305.82894706,-0.6079748137032324,2012-01-03,해당 없음,2008-10-27~2012-01-03,A80,S2 규칙이탈(36개월 매수중단),롤링14년 2003-11-03,14
2005136718.1582558,906000000.0,300980250.15750456,906000.0,0.0917036991746546,-0.1998342078597466,-0.22313621569613373,142,27247200.243033886,미도달,356636755.3468538,196025047.5132637,34373368.30504012,-0.6079748137032319,2012-01-03,해당 없음,2008-10-27~2012-01-03,A80,S2 규칙이탈(36개월 매수중단),롤링14년 2003-12-01,14
1978801837.799048,906000000.0,293746921.13496435,906000.0,0.09028833035922156,-0.20004391981634928,-0.22352620534330947,396,30309960.045731515,미도달,350229800.9108587,192435448.64214274,33945792.14694372,-0.6079748137032325,2012-01-03,해당 없음,2008-10-27~2012-01-03,A80,S2 규칙이탈(36개월 매수중단),롤링14년 2004-01-02,14
2095557347.602811,910500000.0,323938251.08679163,910500.0,0.09629561670713582,-0.20014743270708446,-0.22371876333373286,396,29429528.50737062,미도달,531688338.6176982,354431791.812484,33737970.471107595,-0.6079748137032327,2012-01-03,해당 없음,2008-10-27~2012-01-03,A80,S2 규칙이탈(36개월 매수중단),롤링14년 2004-02-02,14
2035076238.6670022,906000000.0,308290336.6225222,906000.0,0.09337593385500373,-0.20033724032419953,-0.224071952642799,430,31381108.404584825,미도달,524115366.32597303,349655513.02952707,33373143.14426202,-0.6079748137032324,2012-01-03,해당 없음,2008-10-27~2012-01-03,A80,S2 규칙이탈(36개월 매수중단),롤링14년 2004-03-01,14
1950170509.496219,906000000.0,283926409.4530524,906000.0,0.08869740414967188,-0.20026735918379168,-0.2239419041167212,139,24533170.728161067,미도달,526847600.60524666,353293480.2580004,33506696.985035192,-0.6079748137032316,2012-01-03,해당 없음,2008-10-27~2012-01-03,A80,S2 규칙이탈(36개월 매수중단),롤링14년 2004-04-01,14
1965440074.1150074,910500000.0,286880661.1878869,910500.0,0.08922620459918602,-0.20036574317896416,-0.2241250014780355,130,23329819.220343977,미도달,522891184.76909846,352318063.7330502,33316629.93909153,-0.6079748137032321,2012-01-03,해당 없음,2008-10-27~2012-01-03,A80,S2 규칙이탈(36개월 매수중단),롤링14년 2004-05-03,14
2023442045.2974532,906000000.0,304821332.0233565,906000.0,0.09272812525762275,-0.20049482275721597,-0.22437933950743139,139,23660892.65450099,미도달,517265884.9044342,347384482.0562602,33043279.480730955,-0.6079748137032315,2012-01-03,해당 없음,2008-10-27~2012-01-03,A80,S2 규칙이탈(36개월 매수중단),롤링14년 2004-06-01,14
2072494171.2089257,906000000.0,318786912.75851357,906000.0,0.09541147891085681,-0.20060198547942565,-0.22459555739238357,140,23278859.81820053,미도달,512360756.27067316,344041005.96037805,32810600.669828072,-0.6079748137032313,2012-01-03,해당 없음,2008-10-27~2012-01-03,A80,S2 규칙이탈(36개월 매수중단),롤링14년 2004-07-01,14
2146916430.4866447,910500000.0,338134065.12799704,910500.0,0.09901062626957996,-0.20063265034955813,-0.2246574365138566,129,19938970.93691504,2018-07-25,510935159.9447787,345686850.9783852,32745942.832259856,-0.6079748137032317,2012-01-03,해당 없음,2008-10-27~2012-01-03,A80,S2 규칙이탈(36개월 매수중단),롤링14년 2004-08-02,14
2221209442.504284,906000000.0,360162872.33415395,906000.0,0.10299252783897815,-0.20068419655795688,-0.22476146018994037,120,17371196.143939197,2018-07-25,508628075.6460381,345513623.4496541,32638304.695064932,-0.607974813703231,2012-01-03,해당 없음,2008-10-27~2012-01-03,A80,S2 규칙이탈(36개월 매수중단),롤링14년 2004-09-01,14
2181759027.485947,906000000.0,349723125.2224597,906000.0,0.10108997914341146,-0.2009400446234082,-0.22527791963132016,147,22136144.61878416,2018-08-31,495848496.30004036,335801548.0201324,32115834.496297706,-0.6079748137032321,2012-01-03,해당 없음,2008-10-27~2012-01-03,A80,S2 규칙이탈(36개월 매수중단),롤링14년 2004-10-01,14
2067586267.540393,906000000.0,317611994.9942809,906000.0,0.09509672720755294,-0.20099335783309302,-0.22538556673603427,130,19501545.73383835,2018-09-13,493084553.3179946,333911096.3890703,32009746.017987143,-0.6079748137032324,2012-01-03,해당 없음,2008-10-27~2012-01-03,A80,S2 규칙이탈(36개월 매수중단),롤링14년 2004-11-01,14
2045413526.769483,906000000.0,311635451.87899506,906000.0,0.09391457437449911,-0.2010923943879277,-0.22558554853589408,129,18409792.09477642,2018-09-20,487536398.6682678,329666302.62791765,31814016.725299932,-0.6079748137032317,2012-01-03,해당 없음,2008-10-27~2012-01-03,A80,S2 규칙이탈(36개월 매수중단),롤링14년 2004-12-01,14
1900906445.3646157,910500000.0,264965492.81632972,910500.0,0.08548416144490595,-0.238802575701354,-0.24353595297217057,129,17612106.16106209,미도달,523981205.76651657,341038434.5787982,40710052.21351939,-0.48118249787727363,2019-01-02,해당 없음,2008-10-27~2012-01-03,A80,S2 규칙이탈(36개월 매수중단),롤링14년 2005-01-03,14
2021896034.9701211,906000000.0,299967345.5327653,906000.0,0.09261331886814474,-0.2011693101680102,-0.2257408814044498,59,12007330.29785633,2018-10-03,525232531.7108767,344669004.2384928,40781681.500774875,-0.48118249787727396,2019-01-02,해당 없음,2008-10-27~2012-01-03,A80,S2 규칙이탈(36개월 매수중단),롤링14년 2005-02-01,14
2094031492.6863482,906000000.0,320305813.7344587,906000.0,0.0965346791601886,-0.20125347140004457,-0.2259108546847377,55,10300720.468090683,미도달,521770266.11516076,343167530.6193845,40566145.662366174,-0.48118249787727385,2019-01-02,해당 없음,2008-10-27~2012-01-03,A80,S2 규칙이탈(36개월 매수중단),롤링14년 2005-03-01,14
2165677030.102155,906000000.0,340306186.18845856,906000.0,0.10028822858482553,-0.20127133205872094,-0.2259469292882922,25,6389882.811416268,미도달,520995308.0386501,344450667.4935929,40514430.75656575,-0.4811824978772741,2019-01-02,해당 없음,2008-10-27~2012-01-03,A80,S2 규칙이탈(36개월 매수중단),롤링14년 2005-04-01,14
2294975035.37912,910500000.0,375273838.4144976,910500.0,0.10637365126265873,-0.20128707950657587,-0.22597873652062805,1,797819.2575569153,2019-04-05,520314176.5320345,345824183.4751013,40468697.119027175,-0.48118249787727385,2019-01-02,해당 없음,2008-10-27~2012-01-03,A80,S2 규칙이탈(36개월 매수중단),롤링14년 2005-05-02,14
2147460508.579207,906000000.0,335964692.74883485,906000.0,0.0992979592776509,-0.20171535949917485,-0.22684408682580048,23,10339792.46325612,2019-04-23,503334296.7324349,330823233.0139016,39469332.563339815,-0.48118249787727385,2019-01-02,해당 없음,2008-10-27~2012-01-03,A80,S2 규칙이탈(36개월 매수중단),롤링14년 2005-06-01,14
2229946812.0621686,906000000.0,359232590.58322686,906000.0,0.1035127794864985,-0.20188309140708882,-0.22718314221199798,42,11015880.356624663,2019-04-23,497359822.905785,328348844.8968258,39090292.866960645,-0.4811824978772741,2019-01-02,해당 없음,2008-10-27~2012-01-03,A80,S2 규칙이탈(36개월 매수중단),롤링14년 2005-07-01,14
2284833439.7696376,906000000.0,375369496.3292594,906000.0,0.10611046278569092,-0.2022242714732847,-0.2278730497322229,81,16520694.403822452,2019-04-30,485900193.68709457,317795758.14244777,38377940.759709656,-0.4811824978772734,2019-01-02,해당 없음,2008-10-27~2012-01-03,A80,S2 규칙이탈(36개월 매수중단),롤링14년 2005-08-01,14
2296111696.512654,906000000.0,378548294.6434825,906000.0,0.10666847142437441,-0.2023542257969666,-0.2281359145639007,79,15655140.922476739,2019-05-03,481752166.16113216,315860101.03503823,38112713.3465747,-0.4811824978772735,2019-01-02,해당 없음,2008-10-27~2012-01-03,A80,S2 규칙이탈(36개월 매수중단),롤링14년 2005-09-01,14
2236838801.11615,910500000.0,360873933.6375797,910500.0,0.10351313524883686,-0.20262496736688396,-0.22868369306566927,127,18418238.738246948,2019-07-02,473451576.81527305,309625127.69612074,37588011.62673298,-0.48118249787727374,2019-01-02,해당 없음,2008-10-27~2012-01-03,A80,S2 규칙이탈(36개월 매수중단),롤링14년 2005-10-03,14
2295911687.4188185,906000000.0,378691048.2215432,906000.0,0.10662534478801582,-0.2026657368037621,-0.22876619403043674,79,14976492.554253906,2019-07-02,472163610.7969806,310046441.60034466,37504495.5859425,-0.48118249787727363,2019-01-02,해당 없음,2008-10-27~2012-01-03,A80,S2 규칙이탈(36개월 매수중단),롤링14년 2005-11-01,14
2351183101.8885016,906000000.0,394997744.5720265,906000.0,0.1092724563303247,-0.20317041073080389,-0.2297902479452446,217,23041752.65786442,2019-07-10,456864308.09833443,297355047.6604274,36603047.05880334,-0.48118249787727374,2019-01-02,해당 없음,2008-10-27~2012-01-03,A80,S2 규칙이탈(36개월 매수중단),롤링14년 2005-12-01,14
2432451507.0684767,910500000.0,415406114.2681839,910500.0,0.11269632276260591,-0.20316746250464346,-0.22978425391216128,178,18473800.148796767,2019-07-10,693888339.0298214,505731924.3121254,36602482.968444526,-0.4811824978772735,2019-01-02,해당 없음,2008-10-27~2012-01-03,A80,S2 규칙이탈(36개월 매수중단),롤링14년 2006-01-03,14
2492947035.479414,906000000.0,433672622.247674,906000.0,0.115613121371798,-0.20320644856035397,-0.22986351675423122,89,14901830.09923485,2019-07-12,692377031.1598283,504973951.91870725,36533479.096812785,-0.4811824978772735,2019-01-02,해당 없음,2008-10-27~2012-01-03,A80,S2 규칙이탈(36개월 매수중단),롤링14년 2006-02-01,14
2355206986.013908,906000000.0,394928092.022126,906000.0,0.1094577599530539,-0.22160547017379206,-0.23029530301075896,113,15496010.674204767,2019-07-24,684190509.4959431,499878713.8032565,36157918.013732895,-0.4811824978772741,2019-01-02,해당 없음,2008-10-27~2012-01-03,A80,S2 규칙이탈(36개월 매수중단),롤링14년 2006-03-01,14
2097961642.6745014,910500000.0,321266683.3357906,910500.0,0.09642933390773896,-0.3000758338398357,-0.3025886744076469,128,16206647.276705325,2019-09-05,675917061.863625,493841951.4747423,35779268.40006932,-0.48118249787727363,2019-01-02,해당 없음,2008-10-27~2012-01-03,A80,S2 규칙이탈(36개월 매수중단),롤링14년 2006-04-03,14
2304425112.593282,906000000.0,380614431.69894016,906000.0,0.10703630408739401,-0.266688230281498,-0.2678989124591823,79,12571878.841021806,2019-09-19,674501583.4907944,494159497.44236475,35712626.49446794,-0.48118249787727374,2019-01-02,해당 없음,2008-10-27~2012-01-03,A80,S2 규칙이탈(36개월 매수중단),롤링14년 2006-05-01,14
2464951417.532937,906000000.0,425727146.1397834,906000.0,0.11445448243687792,-0.2666850333675399,-0.26789819096495915,50,9041352.245494366,2019-10-28,672804139.0481862,495209858.8520384,35631034.0284549,-0.48118249787727385,2019-01-02,해당 없음,2008-10-27~2012-01-03,A80,S2 규칙이탈(36개월 매수중단),롤링14년 2006-06-01,14
2492270354.89794,910500000.0,432118145.2756229,910500.0,0.11535867390208529,-0.2666780752129956,-0.26789663194246327,21,6880394.462783217,2019-11-01,668990643.5643556,493809536.2449664,35454165.78277985,-0.48118249787727374,2019-01-02,해당 없음,2008-10-27~2012-01-03,A80,S2 규칙이탈(36개월 매수중단),롤링14년 2006-07-03,14
2602766850.7291603,906000000.0,464408463.43813586,906000.0,0.1203164627653814,-0.2666697370151767,-0.267894784968272,2,5101799.166593313,2019-11-12,664489464.8616713,493312397.3188875,35243433.81692453,-0.48118249787727363,2019-01-02,해당 없음,2008-10-27~2012-01-03,A80,S2 규칙이탈(36개월 매수중단),롤링14년 2006-08-01,14
2753295389.404269,906000000.0,507726009.68134356,906000.0,0.12641313801937254,-0.2666349692523706,-0.26788677030170294,12,13769425.638596743,2019-11-22,643118467.576843,475969495.1922353,34398848.149492905,-0.4811824978772743,2019-01-02,해당 없음,2008-10-27~2012-01-03,A80,S2 규칙이탈(36개월 매수중단),롤링14년 2006-09-01,14
2569402214.509987,910500000.0,454764932.96635,910500.0,0.11869422391337267,-0.2666206916777759,-0.2678834926827196,12,14443950.478387356,2019-11-26,635392044.7370893,470124494.5505718,34062193.31801995,-0.48118249787727385,2019-01-02,해당 없음,2008-10-27~2012-01-03,A80,S2 규칙이탈(36개월 매수중단),롤링14년 2006-10-02,14
2387683153.0454984,906000000.0,405086872.7268962,906000.0,0.11092303664900573,-0.26659640891396097,-0.2678781273527646,28,18764998.01198244,2019-12-06,622608392.5431079,459483515.03828955,33496554.338219106,-0.4811824978772734,2019-01-02,해당 없음,2008-10-27~2012-01-03,A80,S2 규칙이탈(36개월 매수중단),롤링14년 2006-11-01,14
2549889861.0067267,906000000.0,451046957.88660616,906000.0,0.11807581139485065,-0.2665753610731131,-0.2678736890254251,81,21759682.99357432,2019-12-23,612388479.6657324,450655038.49799037,33013491.70375295,-0.4811824978772741,2019-01-02,해당 없음,2008-10-27~2012-01-03,A80,S2 규칙이탈(36개월 매수중단),롤링14년 2006-12-01,14
2615724550.3589253,906000000.0,469691074.5665537,906000.0,0.12085695329777683,-0.26656310086779134,-0.2678711939724019,81,21403799.39321661,2019-12-26,606571265.8946838,447338100.24995625,32735182.576533496,-0.48118249787727396,2019-01-02,해당 없음,2008-10-27~2012-01-03,A80,S2 규칙이탈(36개월 매수중단),롤링14년 2007-01-03,14
2622658174.6615634,906000000.0,464938758.85177755,906000.0,0.12117973159208191,-0.2665364294775012,-0.2678659918208949,103,26170419.63755402,2020-01-06,799458094.2908232,625023095.2623897,32137504.500607047,-0.48118249787727374,2019-01-02,해당 없음,2008-10-27~2012-01-03,A80,S2 규칙이탈(36개월 매수중단),롤링14년 2007-02-01,14
2663756334.9262857,906000000.0,476523615.80661666,906000.0,0.12293123942521193,-0.26653217958201525,-0.2678651910590767,101,23033228.674508035,2020-01-08,797088528.6275312,624219435.9623017,32043405.793875095,-0.48118249787727363,2019-01-02,해당 없음,2008-10-27~2012-01-03,A80,S2 규칙이탈(36개월 매수중단),롤링14년 2007-03-01,14
2786221134.7843137,910500000.0,509986117.5242319,910500.0,0.12752935589001618,-0.2665162376774506,-0.26786225619683857,102,23889864.54288861,2020-01-16,788097644.9313471,617109875.6688771,31692464.065099183,-0.4811824978772741,2019-01-02,해당 없음,2008-10-27~2012-01-03,A80,S2 규칙이탈(36개월 매수중단),롤링14년 2007-04-02,14
2801216163.532794,906000000.0,515919954.6846414,906000.0,0.12832340851234753,-0.2664860210306208,-0.2678569867971303,168,29563620.506204724,2020-01-23,770993486.814914,601492728.870168,31037851.408041965,-0.4811824978772741,2019-01-02,해당 없음,2008-10-27~2012-01-03,A80,S2 규칙이탈(36개월 매수중단),롤링14년 2007-05-01,14
2785150580.2369375,906000000.0,511714253.0057714,906000.0,0.12779305397123603,-0.2664618448933259,-0.26785304191052284,182,32948239.186619908,2020-02-05,757667482.3594666,590113719.3221161,30524151.112766046,-0.48118249787727374,2019-01-02,해당 없음,2008-10-27~2012-01-03,A80,S2 규칙이탈(36개월 매수중단),롤링14년 2007-06-01,14
2908535222.7051926,910500000.0,545291376.1076558,910500.0,0.13220158181823727,-0.26645466302769216,-0.2678519148331455,176,30729399.29354301,2020-02-05,753807388.7921128,587050518.8319755,30373465.56798852,-0.48118249787727363,2019-01-02,해당 없음,2008-10-27~2012-01-03,A80,S2 규칙이탈(36개월 매수중단),롤링14년 2007-07-02,14
3005220215.5540385,906000000.0,573837785.6947322,906000.0,0.13595644858108413,-0.26645009372181516,-0.26785120783540084,168,27668632.567255974,2020-02-05,751378982.5564137,585408343.1374334,30278087.346853126,-0.48118249787727385,2019-01-02,해당 없음,2008-10-27~2012-01-03,A80,S2 규칙이탈(36개월 매수중단),롤링14년 2007-08-01,14
3083652441.3342533,910500000.0,595111714.5510923,910500.0,0.13844954827125724,-0.2664205209248478,-0.26784682105126345,206,32554196.338255078,2020-02-14,735717814.655688,571528251.0119975,29667725.410999242,-0.48118249787727396,2019-01-02,해당 없음,2008-10-27~2012-01-03,A80,S2 규칙이탈(36개월 매수중단),롤링14년 2007-09-04,14
2934672305.6880913,906000000.0,554591727.2811017,906000.0,0.1333454315167693,-0.26639917666322277,-0.2678438650791507,247,34710847.69251317,2020-02-19,724619232.4854687,561602724.3433373,29235657.59624967,-0.48118249787727385,2019-01-02,해당 없음,2008-10-27~2012-01-03,A80,S2 규칙이탈(36개월 매수중단),롤링14년 2007-10-01,14
3106580515.111393,906000000.0,603166180.4807956,906000.0,0.13956124383150914,-0.26638923865783837,-0.2678425494665373,245,33335511.562092364,2020-07-20,719569139.5973481,556409085.948464,29036983.963403452,-0.48118249787727396,2019-01-02,해당 없음,2008-10-27~2012-01-03,A80,S2 규칙이탈(36개월 매수중단),롤링14년 2007-11-01,14
3130311954.3669324,910500000.0,608317325.7619047,910500.0,0.1401079234232739,-0.26639811743718866,-0.2678437138545353,204,31990093.657720655,2020-02-19,718688120.9316553,568847344.5796263,29214575.76738717,-0.4811824978772735,2019-01-02,해당 없음,2008-11-19~2012-01-03,A80,S2 규칙이탈(36개월 매수중단),롤링14년 2007-12-03,14
3250340152.3035707,906000000.0,643612116.733526,906000.0,0.1443720671180564,-0.26638221245701776,-0.2678416291789778,206,32342084.927744538,2020-07-20,710601539.4366279,562826809.3577024,28897321.508109983,-0.4811824978772741,2019-01-02,해당 없음,2008-11-19~2012-01-03,A80,S2 규칙이탈(36개월 매수중단),롤링14년 2008-01-02,14
3127768753.901337,906000000.0,601514093.4952642,906000.0,0.14019867078008647,-0.2663871869867507,-0.2678422651700535,169,26014398.650683016,2020-07-20,937543469.794339,784289932.558948,28996291.43276442,-0.4811824978772741,2019-01-02,해당 없음,2008-11-20~2012-01-03,A80,S2 규칙이탈(36개월 매수중단),롤링14년 2008-02-01,14
3069897490.1609054,910500000.0,583701025.9812288,910500.0,0.13804704504220217,-0.2663925861202283,-0.267842968059,102,19654286.394102424,2020-07-15,941133574.4381864,790253493.0886534,29104183.14624463,-0.48118249787727363,2019-01-02,해당 없음,2008-11-20~2012-01-03,A80,S2 규칙이탈(36개월 매수중단),롤링14년 2008-03-03,14
3089934154.000597,906000000.0,591439175.0426323,906000.0,0.13894653405957302,-0.2663499402985583,-0.26783726647748907,204,28046738.625941426,2020-08-03,914382775.322595,764751610.6002084,28274470.52966112,-0.4811824978772741,2019-01-02,해당 없음,2008-11-20~2012-01-03,A80,S2 규칙이탈(36개월 매수중단),롤링14년 2008-04-01,14
2873824377.309454,906000000.0,531209268.3686488,906000.0,0.13115132246779884,-0.2663088014855427,-0.26783193859701915,314,35456836.356662095,2020-08-17,889620790.5328608,741449296.6335346,27508338.60743591,-0.48118249787727374,2019-01-02,해당 없음,2008-11-20~2012-01-03,A80,S2 규칙이탈(36개월 매수중단),롤링14년 2008-05-01,14
2815772763.441678,910500000.0,513889427.1281583,910500.0,0.12868964450311937,-0.2662883689069674,-0.26782862483117276,327,36391848.331324846,2020-08-20,878154421.0084835,731323840.0562521,27154721.39159875,-0.48118249787727374,2019-01-02,해당 없음,2008-11-20~2012-01-03,A80,S2 규칙이탈(36개월 매수중단),롤링14년 2008-06-02,14
2834727463.098447,906000000.0,518796029.1716101,906000.0,0.1296270083543504,-0.2663522821439619,-0.2678375748649876,183,31077643.15771374,2020-08-03,923117657.6291419,784208091.3241153,28318673.611862663,-0.48118249787727385,2019-01-02,해당 없음,2009-03-09~2013-01-02,A80,S2 규칙이탈(36개월 매수중단),롤링14년 2008-07-01,14
3040782092.2116117,906000000.0,576513047.9179909,906000.0,0.1372839469934155,-0.26636504165100605,-0.2678393439471728,120,23101530.512414783,2020-07-31,931306126.1867464,793525418.5858299,28562143.36049416,-0.4811824978772742,2019-01-02,해당 없음,2009-03-09~2013-01-02,A80,S2 규칙이탈(36개월 매수중단),롤링14년 2008-08-01,14
2993383044.603642,910500000.0,561573715.0665606,910500.0,0.13530528893196386,-0.2663275692026519,-0.26783429444341444,243,37087050.04385382,2020-08-04,928663344.5893002,783710911.2012663,27854265.88706159,-0.48118249787727374,2019-01-02,해당 없음,해당 없음,A80,S2 규칙이탈(36개월 매수중단),롤링14년 2008-09-02,14
2909490506.7484894,906000000.0,539318194.9792666,906000.0,0.13242954347662428,-0.2663297170707587,-0.2678345707321548,199,31413377.738606125,2020-08-04,926435878.6999801,789602463.8334694,27894249.027138945,-0.48118249787727385,2019-01-02,해당 없음,해당 없음,A80,S2 규칙이탈(36개월 매수중단),롤링14년 2008-10-01,14
3074351800.572222,910500000.0,583641519.8847984,910500.0,0.1381634783282487,-0.26638216806805026,-0.2678415965408302,31,12875410.41108954,2020-07-20,955493435.8124433,826263234.4462976,28896682.519282307,-0.48118249787727363,2019-01-02,해당 없음,해당 없음,A80,S2 규칙이탈(36개월 매수중단),롤링14년 2008-11-03,14
3088934912.298909,906000000.0,588558035.97822,906000.0,0.13889752151704485,-0.26638204105238816,-0.2678415781327187,9,8227404.208069563,2020-07-20,959727095.6158402,834938491.8162384,28893847.262160882,-0.48118249787727374,2019-01-02,해당 없음,해당 없음,A80,S2 규칙이탈(36개월 매수중단),롤링14년 2008-12-01,14
2773386608.564404,906000000.0,500748258.6006351,906000.0,0.12726445518157012,-0.2663332965248678,-0.2700105947014383,43,15909038.731005937,2020-08-04,923270808.708009,800918204.1923473,27961290.662074223,-0.48118249787727396,2019-01-02,해당 없음,해당 없음,A80,S2 규칙이탈(36개월 매수중단),롤링14년 2009-01-02,14
2988277760.376296,910500000.0,552869996.6165268,910500.0,0.13509746383201973,-0.266345226579207,-0.267836615743584,8,10242854.161921352,2020-08-03,1188114799.5127456,919416642.1530817,254593243.75668454,-0.8082480024052339,2023-01-03,해당 없음,해당 없음,A80,S2 규칙이탈(36개월 매수중단),롤링14년 2009-02-02,14
3028192381.039409,910500000.0,564061568.2190402,910500.0,0.13659807933169782,-0.2663438329650969,-0.26783642810065966,5,8518201.160598218,2020-08-03,1190719499.80804,924248781.1608692,254373301.6429607,-0.8082480024052343,2023-01-03,해당 없음,해당 없음,A80,S2 규칙이탈(36개월 매수중단),롤링14년 2009-03-02,14
3118044970.3436017,906000000.0,591594941.342652,906000.0,0.1399295911985396,-0.26629821668143483,-0.2678303137939735,3,6165662.143614352,2020-08-18,1145024669.2083452,884610223.2222341,247459143.40287864,-0.8082480024052344,2023-01-03,해당 없음,해당 없음,A80,S2 규칙이탈(36개월 매수중단),롤링14년 2009-04-01,14
3158963302.023619,906000000.0,603789875.7017822,906000.0,0.14142748142383096,-0.2662624123084214,-0.2678242418980409,5,5525040.572549403,2020-08-24,1112423895.5369425,856444571.5754509,242487437.31512696,-0.8082480024052342,2023-01-03,해당 없음,해당 없음,A80,S2 규칙이탈(36개월 매수중단),롤링14년 2009-05-01,14
3162881131.775419,906000000.0,605714110.5268011,906000.0,0.1414680125172121,-0.26621857680858063,-0.26781706761489343,6,6018892.955669731,2020-08-28,1081967144.0465298,830382621.188365,236608180.50287303,-0.8082480024052343,2023-01-03,해당 없음,해당 없음,A80,S2 규칙이탈(36개월 매수중단),롤링14년 2009-06-01,14
3321328793.160585,906000000.0,650743525.1575875,906000.0,0.1467508950880393,-0.2661971952712193,-0.26781367167927717,7,6387612.54510355,2020-09-01,1068128190.7003593,819184668.4629978,233820268.428027,-0.8082480024052341,2023-01-03,해당 없음,해당 없음,A80,S2 규칙이탈(36개월 매수중단),롤링14년 2009-07-01,14
3246303260.0608397,910500000.0,629538512.6501265,910500.0,0.14406837765887548,-0.2661353265719648,-0.26779880745144,3,645118.4512719214,2020-09-02,1031473615.4209304,786711158.2784677,226825048.64521745,-0.8082480024052342,2023-01-03,해당 없음,해당 없음,A80,S2 규칙이탈(36개월 매수중단),롤링14년 2009-08-03,14
3263948958.35588,906000000.0,636249033.8464454,906000.0,0.14484145345949687,-0.26609433326210963,-0.2677840354539581,3,3208852.080988735,2021-02-05,1013169613.8673782,772859767.9830936,223088427.36590928,-0.8082480024052342,2023-01-03,해당 없음,해당 없음,A80,S2 규칙이탈(36개월 매수중단),롤링14년 2009-09-01,14
3108264130.4618225,906000000.0,592480811.9646289,906000.0,0.13961946481037443,-0.26608498126738545,-0.26778072374674744,1,308691.308691293,2021-02-08,1008631860.687321,768756120.198456,222246069.6905535,-0.8082480024052342,2023-01-03,해당 없음,해당 없음,A80,S2 규칙이탈(36개월 매수중단),롤링14년 2009-10-01,14
3055515528.82834,910500000.0,576850715.9997318,910500.0,0.13753097967397127,-0.26604217870070934,-0.26776562851201124,1,501673.58203318715,2021-04-01,990166252.139863,753985576.532102,218450028.81117883,-0.8082480024052342,2023-01-03,해당 없음,해당 없음,A80,S2 규칙이탈(36개월 매수중단),롤링14년 2009-11-02,14
3114942237.6388826,906000000.0,596034603.1976522,906000.0,0.1398088852127162,-0.2659688508195025,-0.2677406146456326,24,8675505.349799365,2021-04-09,957306467.7226884,726187248.0174885,212119160.10967398,-0.8082480024052342,2023-01-03,해당 없음,해당 없음,A80,S2 규칙이탈(36개월 매수중단),롤링14년 2009-12-01,14
3234337180.188948,910500000.0,625270631.5227259,910500.0,0.143618903321229,-0.2659250180333236,-0.2677262905739519,46,11679278.409235597,2021-04-16,1420496299.0750275,1049061182.5378494,208421262.52454078,-0.8082480024052343,2023-01-03,해당 없음,해당 없음,A80,S2 규칙이탈(36개월 매수중단),롤링14년 2010-01-04,14
3391698245.232731,906000000.0,670760152.1528881,906000.0,0.1489523486063885,-0.26592731064158004,-0.2677270923323226,11,6502124.130561173,2021-04-16,1421818170.283658,1053585709.7301564,208598810.28319275,-0.8082480024052342,2023-01-03,해당 없음,해당 없음,A80,S2 규칙이탈(36개월 매수중단),롤링14년 2010-02-01,14
3491331835.71522,906000000.0,699372722.2972621,906000.0,0.15209493625076356,-0.2658850358279765,-0.26771306819541385,4,1858152.2349312603,2021-06-10,1398180403.66393,1033922233.3811231,205162765.83436516,-0.8082480024052341,2023-01-03,해당 없음,해당 없음,A80,S2 규칙이탈(36개월 매수중단),롤링14년 2010-03-01,14
3560580497.435614,906000000.0,719572832.7601628,906000.0,0.15431740607573635,-0.26583119901996854,-0.267695990009138,22,6433879.232990593,2021-06-22,1368349372.8718433,1008553394.6849052,200848899.18676102,-0.8082480024052342,2023-01-03,해당 없음,해당 없음,A80,S2 규칙이탈(36개월 매수중단),롤링14년 2010-04-01,14
3455331625.2428555,910500000.0,689149320.7533319,910500.0,0.15078018716278307,-0.2657860271757835,-0.26768245892848275,62,9402467.19070986,2021-07-01,1343780418.9891005,988331272.8771461,197267935.04809946,-0.8082480024052341,2023-01-03,해당 없음,해당 없음,A80,S2 규칙이탈(36개월 매수중단),롤링14년 2010-05-03,14
3611312154.337974,906000000.0,734462035.457659,906000.0,0.15570717473781048,-0.26577339773288733,-0.26767885887733067,22,6672444.952957809,2021-07-01,1336990990.6764317,986748905.0647727,196259165.31803113,-0.8082480024052341,2023-01-03,해당 없음,해당 없음,A80,S2 규칙이탈(36개월 매수중단),롤링14년 2010-06-01,14
3745799238.101442,906000000.0,772172711.1666415,906000.0,0.15973344230854755,-0.2657805803774216,-0.26768094364838824,3,884947.8447577357,2021-07-01,1341289567.463709,993154198.3461165,196816901.955875,-0.8082480024052341,2023-01-03,해당 없음,해당 없음,A80,S2 규칙이탈(36개월 매수중단),롤링14년 2010-07-01,14
3618574870.8600144,910500000.0,735856465.9107573,910500.0,0.15575743944975187,-0.26571373252221475,-0.2676626886467801,30,7239285.181265563,2021-07-09,1304751881.659027,961388836.1632566,191569230.12743875,-0.8082480024052343,2023-01-03,해당 없음,해당 없음,A80,S2 규칙이탈(36개월 매수중단),롤링14년 2010-08-02,14
3654547874.434554,906000000.0,747236975.91819,906000.0,0.15700896596764555,-0.2657077141331641,-0.26766117815277113,1,308691.308691293,2021-07-09,1301639848.505025,961211874.9914519,191090467.75331923,-0.808248002405234,2023-01-03,해당 없음,해당 없음,A80,S2 규칙이탈(36개월 매수중단),롤링14년 2010-09-01,14
3612598363.8724084,906000000.0,736599236.0997168,906000.0,0.15573916246185168,-0.2656615655925755,-0.26766126261367507,3,5884604.290202111,2021-07-23,1264756358.027563,930779504.5264144,186357429.22471932,-0.8082480024052343,2023-01-03,해당 없음,해당 없음,A80,S2 규칙이탈(36개월 매수중단),롤링14년 2010-10-01,14
3669884090.8426332,906000000.0,753833199.3410027,906000.0,0.15741248599186863,-0.26561656938234,-0.2676616203814266,9,11207313.237208158,2021-08-13,1232353205.448667,904225777.9070415,181922155.29667288,-0.8082480024052343,2023-01-03,해당 없음,해당 없음,A80,S2 규칙이탈(36개월 매수중단),롤링14년 2010-11-01,14
3822279103.560758,906000000.0,797696506.7238508,906000.0,0.16183553148649205,-0.26556359489490966,-0.2676624081585035,32,17667121.680767983,2021-08-30,1198790034.2908504,876923547.2312802,176906985.925875,-0.8082480024052341,2023-01-03,해당 없음,해당 없음,A80,S2 규칙이탈(36개월 매수중단),롤링14년 2010-12-01,14
3867008987.020855,910500000.0,797890970.9354556,910500.0,0.16283747394167047,-0.2655246917262708,-0.26766324584131607,37,20970510.86949134,2021-10-29,1343413271.5813699,998765114.4525062,173364288.36276016,-0.8082480024052342,2023-01-03,해당 없음,해당 없음,A80,S2 규칙이탈(36개월 매수중단),롤링14년 2011-01-03,14
3872874340.5583615,906000000.0,801420197.8116924,906000.0,0.16316720824820455,-0.26549393510744457,-0.26766406982780966,50,22468420.74069634,2021-11-02,1322931052.1408477,981646022.0209506,170641640.23355994,-0.8082480024052342,2023-01-03,해당 없음,해당 없음,A80,S2 규칙이탈(36개월 매수중단),롤링14년 2011-02-01,14
3804432752.819169,906000000.0,782651729.3194978,906000.0,0.16132809295271738,-0.2654634047513187,-0.26766503550537857,103,23671308.785545975,2021-11-03,1303101135.1092603,966452052.7149734,167999354.62201217,-0.8082480024052343,2023-01-03,해당 없음,해당 없음,A80,S2 규칙이탈(36개월 매수중단),롤링14년 2011-03-01,14
3666758912.906519,906000000.0,743894436.2429357,906000.0,0.1573561738976754,-0.2654544146600407,-0.2676653448615083,50,20815659.594727844,2021-11-03,1297347028.0837445,962422989.7828066,167233342.910544,-0.8082480024052341,2023-01-03,해당 없음,해당 없음,A80,S2 규칙이탈(36개월 매수중단),롤링14년 2011-04-01,14
3516174426.885629,910500000.0,700679075.4009509,910500.0,0.15269712084989448,-0.26542483745958023,-0.26766646523015103,91,21753355.348603696,2021-11-05,1278702681.7052038,947200375.5367606,164754090.92262116,-0.8082480024052342,2023-01-03,해당 없음,해당 없음,A80,S2 규칙이탈(36개월 매수중단),롤링14년 2011-05-02,14
3543534418.4054,906000000.0,709659195.5575559,906000.0,0.153722951183522,-0.2654175764468337,-0.26766676065657047,37,18432502.922450364,2021-11-18,1274201219.1830451,945477142.5835071,164148225.255606,-0.808248002405234,2023-01-03,해당 없음,해당 없음,A80,S2 규칙이탈(36개월 매수중단),롤링14년 2011-06-01,14
3606521704.7287135,906000000.0,727827860.6414444,906000.0,0.1555874005587775,-0.2653927162215618,-0.26766784457742465,38,18363985.310501814,2021-12-27,1258943728.169451,933320613.451216,162117943.50777608,-0.8082480024052342,2023-01-03,해당 없음,해당 없음,A80,S2 규칙이탈(36개월 매수중단),롤링14년 2011-07-01,14
3773594624.886535,906000000.0,774837475.9281588,906000.0,0.16043338947925678,-0.2653922821117741,-0.26766785999003306,32,14087929.70752421,2021-12-27,1258623273.2210257,933945170.0000472,162081525.96791804,-0.8082480024052341,2023-01-03,해당 없음,해당 없음,A80,S2 규칙이탈(36개월 매수중단),롤링14년 2011-08-01,14
3860886152.5913863,906000000.0,799065401.6345469,906000.0,0.16295861718915516,-0.2654012010386897,-0.26766745542751924,3,3279839.282896757,2021-12-27,1264403309.6606307,941995297.7106586,162794277.225038,-0.8082480024052344,2023-01-03,해당 없음,해당 없음,A80,S2 규칙이탈(36개월 매수중단),롤링14년 2011-09-01,14
4042808086.3101773,910500000.0,849692936.9692276,910500.0,0.16763727231037687,-0.26536243161507256,-0.26766930618536755,1,308691.308691293,2023-04-28,1241908816.360873,925249825.2629822,159675329.35178852,-0.8082480024052342,2023-01-03,해당 없음,해당 없음,A80,S2 규칙이탈(36개월 매수중단),롤링14년 2011-10-03,14
4086702885.3998995,906000000.0,864663457.8950672,906000.0,0.16895676774459228,-0.2652959718274108,-0.26767309238542825,4,3008278.7995818555,2023-05-26,1201898003.7998254,890881696.5257374,154555691.79490262,-0.8082480024052339,2023-01-03,해당 없음,해당 없음,A80,S2 규칙이탈(36개월 매수중단),롤링14년 2011-11-01,14
4130852964.579815,906000000.0,877783694.9161959,906000.0,0.17021337702882,-0.2652534627714339,-0.2676759432824902,3,1365884.9625569284,2023-06-12,1177991004.0646691,872386436.2919077,151397859.96084225,-0.8082480024052342,2023-01-03,해당 없음,해당 없음,A80,S2 규칙이탈(36개월 매수중단),롤링14년 2011-12-01,14
4012240154.3310604,910500000.0,838262395.5483193,910500.0,0.16680270896053992,-0.26520529916763325,-0.2676785480601289,1,308691.3086913228,2023-06-15,1395150589.6149197,1034810260.736443,148002349.0371946,-0.8082480024052342,2023-01-03,해당 없음,해당 없음,A80,S2 규칙이탈(36개월 매수중단),롤링14년 2012-01-03,14
4043302852.511693,906000000.0,849252034.4912387,906000.0,0.16783773760601423,-0.2651358711424564,-0.267669471264536,4,3181449.3584881723,2023-06-30,1359257158.2351475,1003521918.3607147,144154964.31220868,-0.8082480024052341,2023-01-03,해당 없음,해당 없음,A80,S2 규칙이탈(36개월 매수중단),롤링14년 2012-02-01,14
3985601353.670467,906000000.0,833798762.4018338,906000.0,0.16638671498653593,-0.26508280144131446,-0.2676718767542362,15,7857064.555542588,2023-07-19,1330269169.2914562,978430727.1461774,140775143.04716364,-0.8082480024052341,2023-01-03,해당 없음,해당 없음,A80,S2 규칙이탈(36개월 매수중단),롤링14년 2012-03-01,14
3899221671.8147063,910500000.0,809126346.0782135,910500.0,0.1638219437064348,-0.2650228173351612,-0.2676795561266615,91,14022038.37447697,2023-11-14,1296515298.1909585,949915221.1280897,136840526.30899784,-0.8082480024052341,2023-01-03,해당 없음,해당 없음,A80,S2 규칙이탈(36개월 매수중단),롤링14년 2012-04-02,14
4139557584.9468513,906000000.0,878365154.222505,906000.0,0.17039841602574146,-0.26500529953559837,-0.2676821619672892,66,12405455.113160312,2023-12-01,1286770361.3684626,943780569.7398056,135701281.1187014,-0.8082480024052343,2023-01-03,해당 없음,해당 없음,A80,S2 규칙이탈(36개월 매수중단),롤링14년 2012-05-01,14
4498337172.301561,906000000.0,979258066.687558,906000.0,0.17937171904049176,-0.26501474077557585,-0.2676807927997724,11,5900722.821197301,2023-12-01,1291971932.8417444,952131007.1667925,136292226.49485198,-0.8082480024052339,2023-01-03,해당 없음,해당 없음,A80,S2 규칙이탈(36개월 매수중단),롤링14년 2012-06-01,14
4428337350.105618,910500000.0,959022158.0092709,910500.0,0.17747145569780023,-0.2649583815260602,-0.2676833730853614,59,10240649.62354356,2023-12-07,1264055887.2474911,928200427.1497711,133050047.41713871,-0.8082480024052341,2023-01-03,해당 없음,해당 없음,A80,S2 규칙이탈(36개월 매수중단),롤링14년 2012-07-02,14
4032096871.4045153,906000000.0,848755889.099097,906000.0,0.16756029583320148,-0.264933101996477,-0.26768174137362444,56,9056615.728373557,2023-12-11,1253185767.5065408,920298416.306657,131783687.82433191,-0.8082480024052342,2023-01-03,해당 없음,해당 없음,A80,S2 규칙이탈(36개월 매수중단),롤링14년 2012-08-01,14
3917580094.3926964,910500000.0,816083167.864342,910500.0,0.164241377945227,-0.26485558023702427,-0.26767638776540614,73,14644891.157203585,2023-12-13,1221165327.0344489,892880357.8728027,128063287.00785704,-0.808248002405234,2023-01-03,해당 없음,해당 없음,A80,S2 규칙이탈(36개월 매수중단),롤링14년 2012-09-04,14
2812672882.343633,1180500000.0,442191837.4004576,1180500.0,0.07508195680109171,-0.24762526933633355,-0.46383643885028525,1719,104896048.06935117,2016-10-24,1021707885.9635502,626840649.5627955,61985419.35074133,-0.9774556918274715,2019-01-02,해당 없음,2000-11-22~2004-01-02,A80,S2 규칙이탈(36개월 매수중단),롤링19년 2000-01-03,19
2996636664.6494412,1176000000.0,494711406.1145204,1176000.0,0.08036688194356074,-0.23899090800236722,-0.4644192364329168,1592,98766319.29702216,2016-10-24,1024787526.1998655,631941836.5159931,62125804.21284203,-0.9774556918274713,2019-01-02,해당 없음,2000-11-22~2004-01-02,A80,S2 규칙이탈(36개월 매수중단),롤링19년 2000-02-01,19
3090234229.0811667,1176000000.0,522056011.5225638,1176000.0,0.08288665002359656,-0.23749524149791545,-0.4522590322788351,1596,100619556.18004003,2016-11-09,1012304780.7556412,619907730.1390228,61543464.111310385,-0.9774556918274714,2019-01-02,해당 없음,2000-11-22~2004-01-02,A80,S2 규칙이탈(36개월 매수중단),롤링19년 2000-03-01,19
3208767475.003658,1180500000.0,554607061.4514863,1180500.0,0.0857677025919882,-0.23633723086271385,-0.44504729703371293,1723,104522317.50310227,2016-11-15,997623110.3527253,610675752.533361,60744260.41081139,-0.9685540865353301,2019-01-02,해당 없음,2000-12-15~2004-01-02,A80,S2 규칙이탈(36개월 매수중단),롤링19년 2000-04-03,19
3389821316.7235694,1176000000.0,606034308.537234,1176000.0,0.09031515436123572,-0.23705779552512474,-0.42596468398269727,1593,97341530.94928646,2016-11-10,1002792864.280889,618456532.0622971,60978130.74710276,-0.9500903972435863,2019-01-02,해당 없음,2000-12-20~2004-01-02,A80,S2 규칙이탈(36개월 매수중단),롤링19년 2000-05-01,19
3212399628.1953697,1176000000.0,555163686.2218168,1176000.0,0.08599764478122834,-0.23703136826644855,-0.42608247169172453,1581,92943744.3344835,2016-11-10,1002334973.1532929,623436749.1929873,60945489.34869273,-0.9479112784836835,2019-01-02,해당 없음,2001-01-02~2004-01-02,A80,S2 규칙이탈(36개월 매수중단),롤링19년 2000-06-01,19
3420320178.1198287,1180500000.0,612970263.2736869,1180500.0,0.09089503215551709,-0.2356832153947137,-0.42673534910400934,1592,93329419.44804358,2016-11-15,992565535.7595587,616010789.5325123,60489024.75433695,-0.9479112784836833,2019-01-02,해당 없음,2001-01-02~2004-01-02,A80,S2 규칙이탈(36개월 매수중단),롤링19년 2000-07-03,19
3482689984.9106503,1176000000.0,631074446.4952934,1176000.0,0.09246434899330236,-0.23613232492396974,-0.4268953618263459,1540,87254784.90660045,2016-11-15,995528700.9128408,621924787.6112254,60619940.84886351,-0.94579559078471,2019-01-02,해당 없음,2001-01-02~2004-01-02,A80,S2 규칙이탈(36개월 매수중단),롤링19년 2000-08-01,19
3478340281.463729,1176000000.0,630407845.7628545,1176000.0,0.09237559326038025,-0.2337085235291283,-0.407215217438619,1596,90426350.39356157,2016-11-17,979836921.1087581,611728844.2938561,59890900.62151067,-0.9457955907847104,2019-01-02,해당 없음,2001-01-02~2004-01-02,A80,S2 규칙이탈(36개월 매수중단),롤링19년 2000-09-01,19
3403810713.5874624,1180500000.0,609972155.365053,1180500.0,0.09051220230652096,-0.23670239975600915,-0.4409401037413291,1518,91952385.48473918,2016-12-09,953440232.3212607,583927662.7663226,58785455.91093751,-0.9036884465754984,2019-01-02,해당 없음,2001-02-28~2005-01-03,A80,S2 규칙이탈(36개월 매수중단),롤링19년 2000-10-02,19
3442561780.1603384,1176000000.0,622295933.4439135,1176000.0,0.09152882223604861,-0.23826888214580466,-0.4571266943597927,1517,91639207.97574916,2016-12-09,945492194.9246964,579712261.444463,58412882.29739743,-0.8773540678140491,2019-01-02,해당 없음,2001-03-09~2005-01-03,A80,S2 규칙이탈(36개월 매수중단),롤링19년 2000-11-01,19
3601882019.0478067,1176000000.0,666592899.812328,1176000.0,0.09516210862343952,-0.23847696677240993,-0.4573434937767973,1509,86501202.90631622,2016-12-09,943741077.6982372,585415181.9848224,58444339.32507524,-0.8005263726753797,2019-01-02,해당 없음,2001-03-28~2005-01-03,A80,S2 규칙이탈(36개월 매수중단),롤링19년 2000-12-01,19
3641118752.596921,1176000000.0,677286120.3076383,1176000.0,0.09600035419699555,-0.24408916921719348,-0.47019590744207074,1438,86118013.20894194,2016-12-15,931461563.5827228,585413780.0865045,58091094.87099373,-0.6714889053426754,2019-01-02,해당 없음,2001-04-04~2005-01-03,A80,S2 규칙이탈(36개월 매수중단),롤링19년 2001-01-02,19
3735667207.53279,1176000000.0,703880234.4806275,1176000.0,0.09802322330458046,-0.24967740465175858,-0.46140834198783187,1564,94602709.86140424,2016-12-22,1269959556.803871,886906434.073937,56982868.358718336,-0.6246577886683433,2019-01-02,해당 없음,2001-08-30~2005-01-03,A80,S2 규칙이탈(36개월 매수중단),롤링19년 2001-02-01,19
3572204541.319807,1176000000.0,656904610.0592796,1176000.0,0.09450313977709965,-0.3136167832170941,-0.4732434913506294,1430,90926906.54409319,2016-12-20,1271826266.8004098,891456424.9112542,57286451.627672575,-0.48118249787727396,2019-01-02,해당 없음,2002-05-03~2006-01-03,A80,S2 규칙이탈(36개월 매수중단),롤링19년 2001-03-01,19
3158326439.2594366,1180500000.0,537534869.0976865,1180500.0,0.08449105395722414,-0.3202222682120581,-0.4852155110509855,1256,82776183.58634004,2016-12-19,1279629020.3262596,906681923.3455509,57595733.31251787,-0.48118249787727385,2019-01-02,해당 없음,2002-06-03~2006-01-03,A80,S2 규칙이탈(36개월 매수중단),롤링19년 2001-04-02,19
3475674668.4300547,1176000000.0,629736084.3748376,1176000.0,0.09229774497908812,-0.3108481934056041,-0.47157204983524614,1486,91036370.81911689,2016-12-27,1250142292.4956806,879041549.7090139,56375988.78142401,-0.4811824978772733,2019-01-02,해당 없음,2002-06-03~2006-01-03,A80,S2 규칙이탈(36개월 매수중단),롤링19년 2001-05-01,19
3735780346.458093,1176000000.0,702267579.8121539,1176000.0,0.09807331566157053,-0.3247109952440077,-0.452104255145542,1426,87420843.59954007,2016-12-27,1249842817.3090398,887315369.4947045,56572505.79552519,-0.4811824978772735,2019-01-02,해당 없음,2002-06-19~2006-01-03,A80,S2 규칙이탈(36개월 매수중단),롤링19년 2001-06-01,19
3758002381.876165,1180500000.0,707152299.9712794,1180500.0,0.09839949699797276,-0.3243346776063357,-0.4332632352658411,1411,85004032.85166593,2016-12-27,1244866141.167476,885020039.727357,56363261.22251541,-0.4811824978772735,2019-01-02,해당 없음,2002-06-25~2006-01-03,A80,S2 규칙이탈(36개월 매수중단),롤링19년 2001-07-02,19
3987646172.6278095,1176000000.0,771987251.6818604,1176000.0,0.10319625647630776,-0.3317431934125926,-0.4199699640909754,1223,81213370.53957991,2016-12-22,1247502158.6404347,899652523.1368876,56737751.43083358,-0.48118249787727385,2019-01-02,해당 없음,2002-07-02~2006-01-03,A80,S2 규칙이탈(36개월 매수중단),롤링19년 2001-08-01,19
4278878244.8002267,1180500000.0,851136831.5691601,1180500.0,0.10860881604964426,-0.33295464015791254,-0.4131225250484788,424,67931424.27390254,2016-12-19,1276266362.8687558,922454805.6788046,57555615.832748026,-0.48118249787727363,2019-01-02,해당 없음,2002-07-25~2006-01-03,A80,S2 규칙이탈(36개월 매수중단),롤링19년 2001-09-04,19
4106796099.192285,1176000000.0,803297264.3048265,1176000.0,0.1055170897009115,-0.3357676611723601,-0.417356559594916,360,54324578.47577876,2016-12-15,1303683282.7766318,947235990.2200227,58265626.621173024,-0.48118249787727385,2019-01-02,해당 없음,2002-07-25~2006-01-03,A80,S2 규칙이탈(36개월 매수중단),롤링19년 2001-10-01,19
3820617104.9550815,1176000000.0,723821526.8561552,1176000.0,0.09982093293150553,-0.3320050267582805,-0.4147977564853672,423,65512292.334653094,2016-12-22,1250110263.9107783,909196702.8694129,56921317.28949359,-0.48118249787727385,2019-01-02,해당 없음,2002-07-25~2006-01-03,A80,S2 규칙이탈(36개월 매수중단),롤링19년 2001-11-01,19
4134879636.4491568,1180500000.0,812022554.1688504,1180500.0,0.1059336205611969,-0.3309504619594956,-0.41715680031516256,444,68730395.51350246,2017-01-11,1227711919.483951,892603118.7333605,56184787.11842168,-0.48118249787727385,2019-01-02,해당 없음,2002-07-25~2006-01-03,A80,S2 규칙이탈(36개월 매수중단),롤링19년 2001-12-03,19
4196883930.9979224,1176000000.0,830530636.9045941,1176000.0,0.10722023076435701,-0.3286011546336317,-0.4188271531829896,495,71736244.58467707,2017-02-17,1222477947.958857,893536216.6528383,55900158.77566915,-0.4811824978772734,2019-01-02,해당 없음,2002-08-05~2006-01-03,A80,S2 규칙이탈(36개월 매수중단),롤링19년 2002-01-02,19
4299962994.843666,1176000000.0,846207404.7743979,1176000.0,0.10915814340862826,-0.32921052633383474,-0.40559965426223454,421,66992130.78551169,2016-12-27,1578256063.6137028,1221318550.793683,56312906.62202987,-0.48118249787727385,2019-01-02,해당 없음,2002-10-07~2006-01-03,A80,S2 규칙이탈(36개월 매수중단),롤링19년 2002-02-01,19
4362497961.570526,1176000000.0,863486025.1848488,1176000.0,0.11033357755430039,-0.3286214567641409,-0.40611891440975967,419,64296033.9066457,2017-02-17,1571679186.1897566,1219858666.7492595,56097436.853383765,-0.4811824978772741,2019-01-02,해당 없음,2002-10-07~2006-01-03,A80,S2 규칙이탈(36개월 매수중단),롤링19년 2002-03-01,19
4128701091.1163063,1176000000.0,801840392.338259,1176000.0,0.10594638226348593,-0.3253437412259427,-0.3913443700531366,418,63973868.542845875,2017-09-12,1341655395.1546912,1013297302.1270385,50785122.49906579,-0.48118249787727363,2019-01-02,해당 없음,2008-10-27~2012-01-03,A80,S2 규칙이탈(36개월 매수중단),롤링19년 2002-04-01,19
4337043220.834893,1176000000.0,859692604.4138056,1176000.0,0.10982720303574528,-0.28758537191930345,-0.3337196840826311,339,53651856.16540544,2017-08-09,1358286935.5737796,1031129688.5704048,51323060.2353369,-0.48118249787727363,2019-01-02,해당 없음,2008-10-27~2012-01-03,A80,S2 규칙이탈(36개월 매수중단),롤링19년 2002-05-01,19
4417665840.704995,1180500000.0,880207813.7218562,1180500.0,0.11115013979993117,-0.2676378412171354,-0.26849495176363747,247,41107767.2108286,2017-08-02,1381322330.592186,1053607427.2246069,52077250.21556035,-0.48118249787727396,2019-01-02,해당 없음,2008-10-27~2012-01-03,A80,S2 규칙이탈(36개월 매수중단),롤링19년 2002-06-03,19
4678429687.167825,1176000000.0,953926121.4653798,1176000.0,0.11576355370449765,-0.26781019939546324,-0.26865275219775864,67,26292379.194840714,2017-06-02,1410890677.0311418,1082383472.564609,53023977.691451594,-0.48118249787727374,2019-01-02,해당 없음,2008-10-27~2012-01-03,A80,S2 규칙이탈(36개월 매수중단),롤링19년 2002-07-01,19
4966835295.740805,1176000000.0,1034152802.798686,1176000.0,0.12044790474256513,-0.2679679002816998,-0.2687957821178141,9,11415207.687781274,2017-05-25,1441515116.5413544,1110985902.100322,54012980.55569826,-0.48118249787727385,2019-01-02,해당 없음,2008-10-27~2012-01-03,A80,S2 규칙이탈(36개월 매수중단),롤링19년 2002-08-01,19
5147016909.28853,1180500000.0,1084025703.280878,1180500.0,0.12308360792754933,-0.26789326726812457,-0.26872883659737057,17,12337804.331544846,2017-06-01,1425723596.2231116,1099463592.0715985,53489942.93930189,-0.4811824978772741,2019-01-02,해당 없음,2008-10-27~2012-01-03,A80,S2 규칙이탈(36개월 매수중단),롤링19년 2002-09-03,19
4911952531.774891,1176000000.0,1019154052.647841,1176000.0,0.11955502936833244,-0.2678320536360781,-0.2686728683237174,9,11410826.521609515,2017-06-02,1415177268.6070542,1092681663.267266,53139369.52100655,-0.48118249787727396,2019-01-02,해당 없음,2008-10-27~2012-01-03,A80,S2 규칙이탈(36개월 매수중단),롤링19년 2002-10-01,19
5112212460.837926,1176000000.0,1076857826.0830836,1176000.0,0.12270703562494237,-0.26759090783196493,-0.2684524419958124,41,15766717.221300274,2017-08-04,1371563856.9484138,1055238023.3003346,51795767.78647326,-0.48118249787727374,2019-01-02,해당 없음,2008-10-27~2012-01-03,A80,S2 규칙이탈(36개월 매수중단),롤링19년 2002-11-01,19
5028249220.968034,1180500000.0,1052640645.0614903,1180500.0,0.1212887656171833,-0.2674743854148949,-0.26835080867629013,75,21819362.99708894,2017-09-11,1343871376.1157079,1030482150.0888097,50860687.425888024,-0.4811824978772741,2019-01-02,해당 없음,2008-10-27~2012-01-03,A80,S2 규칙이탈(36개월 매수중단),롤링19년 2002-12-02,19
5319159592.212452,1176000000.0,1135397822.0382273,1176000.0,0.12574662031084408,-0.2675283620156309,-0.2683979003903415,39,12230170.13334006,2017-08-09,1356475002.758089,1045358614.3411874,51289232.97368968,-0.4811824978772735,2019-01-02,해당 없음,2008-10-27~2012-01-03,A80,S2 규칙이탈(36개월 매수중단),롤링19년 2003-01-02,19
5176017860.637859,1180500000.0,1081127400.5594065,1180500.0,0.12350564628495428,-0.26755697565887704,-0.2684226808961442,10,5008118.11508745,2017-08-09,1740568732.7349439,1415981033.676673,51531072.791569196,-0.48118249787727385,2019-01-02,해당 없음,2008-10-27~2012-01-03,A80,S2 규칙이탈(36개월 매수중단),롤링19년 2003-02-03,19
4989805265.086036,1180500000.0,1028671654.3763025,1180500.0,0.12069528028136126,-0.26753870983505545,-0.26840688433762716,2,1019603.988180697,2017-08-09,1734863050.8116925,1411582450.616698,51375349.656460024,-0.48118249787727385,2019-01-02,해당 없음,2008-10-27~2012-01-03,A80,S2 규칙이탈(36개월 매수중단),롤링19년 2003-03-03,19
5007388174.791966,1176000000.0,1036503435.1648949,1176000.0,0.12106537383393594,-0.26733323152560207,-0.26822636799360355,8,3460753.9809527695,2017-10-02,1678191561.7504938,1363599650.3834536,49849738.45379636,-0.48118249787727374,2019-01-02,해당 없음,2008-10-27~2012-01-03,A80,S2 규칙이탈(36개월 매수중단),롤링19년 2003-04-01,19
4680232365.062938,1176000000.0,945087755.5471027,1176000.0,0.11582336432120224,-0.267260380718115,-0.26816869262327114,1,1083553.1907489896,2017-10-27,1640732555.3467705,1332228284.3764467,48961741.00255915,-0.4811824978772741,2019-01-02,해당 없음,2008-10-27~2012-01-03,A80,S2 규칙이탈(36개월 매수중단),롤링19년 2003-05-01,19
4538064508.859388,1180500000.0,905063840.4667577,1180500.0,0.1132812484707158,-0.2671967945710164,-0.2681242363501134,22,8565784.145880133,2017-12-18,1599031558.1243691,1296998879.3337393,47882020.912537396,-0.48118249787727363,2019-01-02,해당 없음,2008-10-27~2012-01-03,A80,S2 규칙이탈(36개월 매수중단),롤링19년 2003-06-02,19
4383613760.082809,1176000000.0,863311288.949662,1176000.0,0.11066812643062207,-0.267177922852712,-0.2681128758251027,25,9564006.789532244,2018-01-08,1583709712.189457,1284630409.007054,47469357.37462117,-0.4811824978772741,2019-01-02,해당 없음,2008-10-27~2012-01-03,A80,S2 규칙이탈(36개월 매수중단),롤링19년 2003-07-01,19
4637069593.465014,1176000000.0,935490517.9069709,1176000.0,0.1151105142024351,-0.2671604158160579,-0.26810249006203035,25,10189374.900094688,2018-01-12,1568524427.1864913,1272234250.1398795,47084373.79946948,-0.48118249787727385,2019-01-02,해당 없음,2008-10-27~2012-01-03,A80,S2 규칙이탈(36개월 매수중단),롤링19년 2003-08-01,19
4572548618.607977,1180500000.0,917499368.1692975,1180500.0,0.11386327819345078,-0.26711586161969236,-0.2680749341624705,59,17708159.104162276,2018-01-22,1536272234.7660425,1243574816.6215305,46188955.97023229,-0.48118249787727374,2019-01-02,해당 없음,2008-10-27~2012-01-03,A80,S2 규칙이탈(36개월 매수중단),롤링19년 2003-09-02,19
4437722651.583403,1176000000.0,880380082.6451571,1176000.0,0.11161949795817948,-0.2671146258224115,-0.26807413419541415,35,13470727.670807123,2018-01-22,1535504635.415689,1244783930.4956439,46166558.381531514,-0.4811824978772741,2019-01-02,해당 없음,2008-10-27~2012-01-03,A80,S2 규칙이탈(36개월 매수중단),롤링19년 2003-10-01,19
4460606420.809935,1180500000.0,887517792.5732238,1180500.0,0.11190027938931747,-0.2670531618428651,-0.26803551849752616,129,24426627.601855844,2018-06-14,1493099896.0961556,1208061380.318856,45008965.27505392,-0.4811824978772735,2019-01-02,해당 없음,2008-10-27~2012-01-03,A80,S2 규칙이탈(36개월 매수중단),롤링19년 2003-11-03,19
4432354558.019342,1176000000.0,881368092.1125721,1176000.0,0.11152233870263148,-0.26703076983170637,-0.2680243769614883,142,27247200.243033886,2018-06-15,1473744270.392837,1192566890.9199772,44451780.61345057,-0.4811824978772742,2019-01-02,해당 없음,2008-10-27~2012-01-03,A80,S2 규칙이탈(36개월 매수중단),롤링19년 2003-12-01,19
4037768569.3344026,1176000000.0,770654027.621446,1176000.0,0.1042040602163986,-0.26717126744005715,-0.2749568883883663,396,30309960.045731515,2018-07-09,1453707689.6290555,1176520084.9963167,43873434.083368346,-0.48118249787727385,2019-01-02,해당 없음,2008-10-27~2012-01-03,A80,S2 규칙이탈(36개월 매수중단),롤링19년 2004-01-02,19
4299000377.349896,1180500000.0,832846621.9790955,1180500.0,0.10900587765027986,-0.2670000169970903,-0.268011431113543,396,29429528.50737062,2018-07-10,1826567104.9498968,1340848137.8799164,382204475.2692753,-0.8082480024052341,2023-01-03,해당 없음,2008-10-27~2012-01-03,A80,S2 규칙이탈(36개월 매수중단),롤링19년 2004-02-02,19
4357221043.295273,1176000000.0,851115239.607554,1176000.0,0.11020807699715038,-0.2669822575881924,-0.2680042025889964,430,31381108.404584825,2018-07-12,1805359041.1062818,1325195054.0145879,378118532.35168725,-0.8082480024052343,2023-01-03,해당 없음,2008-10-27~2012-01-03,A80,S2 규칙이탈(36개월 매수중단),롤링19년 2004-03-01,19
4570109971.684334,1176000000.0,910519033.0343481,1176000.0,0.1139398506970862,-0.2669885550136185,-0.2680067453358286,139,24533170.728161067,2018-07-12,1812915197.904644,1333178008.7512372,379562984.6549439,-0.808248002405234,2023-01-03,해당 없음,2008-10-27~2012-01-03,A80,S2 규칙이탈(36개월 매수중단),롤링19년 2004-04-01,19
4647109195.150332,1180500000.0,931100229.9482607,1180500.0,0.11514480833525312,-0.2669790348993919,-0.26800285035765037,130,23329819.220343977,2018-07-12,1801733619.548591,1326547741.9898849,377397175.44452655,-0.8082480024052344,2023-01-03,해당 없음,2008-10-27~2012-01-03,A80,S2 규칙이탈(36개월 매수중단),롤링19년 2004-05-03,19
4758397437.405561,1176000000.0,964361114.0704563,1176000.0,0.11709556732746604,-0.2669652000015509,-0.2679969827156692,139,23660892.65450099,2018-07-13,1786020957.6775784,1313694846.9843893,374374752.07354766,-0.8082480024052343,2023-01-03,해당 없음,2008-10-27~2012-01-03,A80,S2 규칙이탈(36개월 매수중단),롤링19년 2004-06-01,19
5017905605.592065,1176000000.0,1037933752.8435524,1176000.0,0.12124611786230649,-0.2669531518843815,-0.2679918627215392,140,23278859.81820053,2018-07-19,1772466180.1621945,1303618268.880756,371782428.14004886,-0.8082480024052341,2023-01-03,해당 없음,2008-10-27~2012-01-03,A80,S2 규칙이탈(36개월 매수중단),롤링19년 2004-07-01,19
5081499496.915291,1180500000.0,1054283108.5688148,1180500.0,0.12212983949597743,-0.2669494604377659,-0.2679903057500055,129,19938970.93691504,2018-07-25,1768390223.4301949,1303412889.334462,370986611.67384815,-0.808248002405234,2023-01-03,해당 없음,2008-10-27~2012-01-03,A80,S2 규칙이탈(36개월 매수중단),롤링19년 2004-08-02,19
5104077403.331402,1176000000.0,1061823269.1501006,1176000.0,0.12255162744994488,-0.2669436700490798,-0.26798787017849035,120,17371196.143939197,2018-07-25,1761948123.4797726,1300210470.4920204,369746510.3625936,-0.8082480024052343,2023-01-03,해당 없음,2008-10-27~2012-01-03,A80,S2 규칙이탈(36개월 매수중단),롤링19년 2004-09-01,19
4804126150.475874,1176000000.0,978517436.9443253,1176000.0,0.11786203479298188,-0.26691615452631234,-0.267976281909449,147,22136144.61878416,2018-08-31,1729921280.1182852,1275108421.7542605,363979117.6138425,-0.8082480024052344,2023-01-03,해당 없음,2008-10-27~2012-01-03,A80,S2 규칙이탈(36개월 매수중단),롤링19년 2004-10-01,19
4682333083.182311,1176000000.0,944327464.3841314,1176000.0,0.11582187928978538,-0.2669105101011452,-0.26797391814718685,130,19501545.73383835,2018-09-13,1723265305.2581687,1270408193.8503404,362812926.6357271,-0.8082480024052343,2023-01-03,해당 없음,2008-10-27~2012-01-03,A80,S2 규칙이탈(36개월 매수중단),롤링19년 2004-11-01,19
4963519840.369441,1176000000.0,1024090724.2016513,1176000.0,0.12038227332777728,-0.2669006151463851,-0.267970019175955,129,18409792.09477642,2018-09-20,1710669283.2087123,1260763120.4664574,360702255.8911108,-0.8082480024052343,2023-01-03,해당 없음,2008-10-27~2012-01-03,A80,S2 규칙이탈(36개월 매수중단),롤링19년 2004-12-01,19
5226006695.388943,1180500000.0,1090304135.405652,1180500.0,0.1242795358648704,-0.2668895681308777,-0.26796576171188147,129,17612106.16106209,2019-04-04,2489145207.0810037,1817486980.1364014,358335161.79027694,-0.8082480024052343,2023-01-03,해당 없음,2008-10-27~2012-01-03,A80,S2 규칙이탈(36개월 매수중단),롤링19년 2005-01-03,19
5458374920.95918,1176000000.0,1156612048.2039142,1176000.0,0.1277499849867344,-0.26689233705664284,-0.2679668231613166,59,12007330.29785633,2018-10-03,2493490915.3100057,1823951632.074253,358922605.79261464,-0.8082480024052341,2023-01-03,해당 없음,2008-10-27~2012-01-03,A80,S2 규칙이탈(36개월 매수중단),롤링19년 2005-02-01,19
5674139437.070933,1176000000.0,1217631042.4871802,1176000.0,0.13077391056564863,-0.26688406514648877,-0.26796371652126816,55,10300720.468090683,2019-04-05,2480616232.1113534,1815310000.1881502,357135776.27690023,-0.8082480024052345,2023-01-03,해당 없음,2008-10-27~2012-01-03,A80,S2 규칙이탈(36개월 매수중단),롤링19년 2005-03-01,19
5883506523.127436,1176000000.0,1276485882.3635287,1176000.0,0.13364617329870596,-0.26688208300506555,-0.2679629828404332,25,6389882.811416268,2019-04-05,2477563635.9368663,1815144003.440193,356703273.3671752,-0.8082480024052341,2023-01-03,해당 없음,2008-10-27~2012-01-03,A80,S2 규칙이탈(36개월 매수중단),롤링19년 2005-04-01,19
5773528659.270784,1180500000.0,1243968943.807334,1180500.0,0.13203647040794766,-0.2668803272115806,-0.26796233421244375,1,797819.2575569153,2019-04-05,2474864755.555915,1815284495.3572235,356320231.11827147,-0.8082480024052341,2023-01-03,해당 없음,2008-10-27~2012-01-03,A80,S2 규칙이탈(36개월 매수중단),롤링19년 2005-05-02,19
5946799612.010535,1176000000.0,1296073802.5363681,1176000.0,0.13439115623114795,-0.2668411604372761,-0.26794787789472096,23,10339792.46325612,2019-04-23,2414327295.3190727,1765943714.6475344,348050635.5786112,-0.8082480024052341,2023-01-03,해당 없음,2008-10-27~2012-01-03,A80,S2 규칙이탈(36개월 매수중단),롤링19년 2005-06-01,19
6104828678.422963,1176000000.0,1341000691.827594,1176000.0,0.13647911112327366,-0.2668257415549792,-0.26794213150877033,42,11015880.356624663,2019-04-23,2391801780.9764986,1750742327.7990222,344906605.1491451,-0.8082480024052341,2023-01-03,해당 없음,2008-10-27~2012-01-03,A80,S2 규칙이탈(36개월 매수중단),롤링19년 2005-07-01,19
6035348380.713738,1176000000.0,1322709834.5086465,1176000.0,0.13553071059908406,-0.2667969469516731,-0.2679319837955113,81,16520694.403822452,2019-04-30,2349276967.151544,1715752298.3422513,339009543.9358578,-0.8082480024052341,2023-01-03,해당 없음,2008-10-27~2012-01-03,A80,S2 규칙이탈(36개월 매수중단),롤링19년 2005-08-01,19
5969817397.340475,1176000000.0,1304448454.7895868,1176000.0,0.13470358833618495,-0.26678621454752594,-0.2679283533723501,79,15655140.922476739,2019-05-03,2333544408.6626663,1704979387.9480982,336809842.3534198,-0.8082480024052342,2023-01-03,해당 없음,2008-10-27~2012-01-03,A80,S2 규칙이탈(36개월 매수중단),롤링19년 2005-09-01,19
5935808995.788971,1180500000.0,1294376654.078699,1180500.0,0.13414683277846115,-0.26676471477279995,-0.2679211655644027,127,18418238.738246948,2019-07-02,2302534180.8214173,1680939396.7711067,332469942.09140617,-0.8082480024052342,2023-01-03,해당 없음,2008-10-27~2012-01-03,A80,S2 규칙이탈(36개월 매수중단),롤링19년 2005-10-03,19
6156884254.432895,1176000000.0,1357923117.2058527,1176000.0,0.13705580515360927,-0.2667612565587876,-0.2679200219414043,79,14976492.554253906,2019-07-02,2297618398.4940715,1678807876.9388547,331775906.35389197,-0.8082480024052342,2023-01-03,해당 없음,2008-10-27~2012-01-03,A80,S2 규칙이탈(36개월 매수중단),롤링19년 2005-11-01,19
6432765033.072152,1176000000.0,1437294466.497589,1176000.0,0.14047064617091962,-0.2667233454149658,-0.26790765404517614,217,23041752.65786442,2019-07-10,2243401008.4238815,1635278671.7168422,324327457.96668214,-0.8082480024052342,2023-01-03,해당 없음,2008-10-27~2012-01-03,A80,S2 규칙이탈(36개월 매수중단),롤링19년 2005-12-01,19
6611036796.658389,1180500000.0,1464491838.5368814,1180500.0,0.14244333333322462,-0.26672331682198147,-0.267907646965045,178,18473800.148796767,2019-07-10,2648102614.392252,1964842646.1103969,324318390.3549702,-0.8082480024052341,2023-01-03,해당 없음,2008-10-27~2012-01-03,A80,S2 규칙이탈(36개월 매수중단),롤링19년 2006-01-03,19
6693815432.03343,1176000000.0,1489081356.3694997,1176000.0,0.1434810057067669,-0.2667203587849195,-0.2679066974684875,89,14901830.09923485,2019-07-12,2643145767.786834,1961737012.1095214,323745924.88461214,-0.8082480024052344,2023-01-03,해당 없음,2008-10-27~2012-01-03,A80,S2 규칙이탈(36개월 매수중단),롤링19년 2006-02-01,19
6603016588.87106,1176000000.0,1464113782.803265,1176000.0,0.14247936544278672,-0.26670552652385104,-0.2679028779480632,113,15496010.674204767,2019-07-24,2616341143.1204224,1942300180.6568174,320638534.36799586,-0.8082480024052342,2023-01-03,해당 없음,2008-10-27~2012-01-03,A80,S2 규칙이탈(36개월 매수중단),롤링19년 2006-03-01,19
6334121885.562747,1180500000.0,1387697393.118163,1180500.0,0.13917284583272824,-0.26669083914808667,-0.2678995037804113,128,16206647.276705325,2019-09-05,2589310170.1928444,1921838577.6973934,317506966.0309818,-0.8082480024052339,2023-01-03,해당 없음,2008-10-27~2012-01-03,A80,S2 규칙이탈(36개월 매수중단),롤링19년 2006-04-03,19
6054089907.796444,1176000000.0,1309875289.1839876,1176000.0,0.1357876867491753,-0.266688230281498,-0.2678989124591823,79,12571878.841021806,2019-09-19,2584562986.2673616,1919897327.7290878,316951874.5888665,-0.8082480024052343,2023-01-03,해당 없음,2008-10-27~2012-01-03,A80,S2 규칙이탈(36개월 매수중단),롤링19년 2006-05-01,19
6170463659.026371,1176000000.0,1342617914.0096436,1176000.0,0.13727361188748138,-0.2666850333675399,-0.26789819096495915,50,9041352.245494366,2019-10-28,2578792233.747693,1918052058.062479,316272070.07426983,-0.8082480024052344,2023-01-03,해당 없음,2008-10-27~2012-01-03,A80,S2 규칙이탈(36개월 매수중단),롤링19년 2006-06-01,19
6369180520.448594,1180500000.0,1397576358.30512,1180500.0,0.13960487475600775,-0.2666780752129956,-0.26789663194246327,21,6880394.462783217,2019-11-01,2566198474.788355,1910065537.4349837,314806250.7644642,-0.8082480024052343,2023-01-03,해당 없음,2008-10-27~2012-01-03,A80,S2 규칙이탈(36개월 매수중단),롤링19년 2006-07-03,19
6569991916.492894,1176000000.0,1455636149.0396714,1176000.0,0.14207779563334802,-0.2666697370151767,-0.267894784968272,2,5101799.166593313,2019-11-12,2551231717.0164948,1901654995.8019662,313057588.47586375,-0.8082480024052342,2023-01-03,해당 없음,2008-10-27~2012-01-03,A80,S2 규칙이탈(36개월 매수중단),롤링19년 2006-08-01,19
6566435608.821737,1176000000.0,1456722304.55513,1176000.0,0.14208107056144284,-0.2666349692523706,-0.26788677030170294,12,13769425.638596743,2019-11-22,2488062265.023118,1851797625.0039816,306076228.6919412,-0.808248002405234,2023-01-03,해당 없음,2008-10-27~2012-01-03,A80,S2 규칙이탈(36개월 매수중단),롤링19년 2006-09-01,19
6888043277.931849,1180500000.0,1546796936.0941155,1180500.0,0.1456397883320939,-0.2666206916777759,-0.2678834926827196,12,14443950.478387356,2019-11-26,2463656685.9540014,1833146976.0942452,303290658.8577102,-0.8082480024052341,2023-01-03,해당 없음,2008-10-27~2012-01-03,A80,S2 규칙이탈(36개월 매수중단),롤링19년 2006-10-02,19
7071395510.659285,1176000000.0,1600900723.6752944,1176000.0,0.1477159824333238,-0.26659640891396097,-0.2678781273527646,28,18764998.01198244,2019-12-06,2422879485.9697976,1800799606.426702,298612881.52329546,-0.8082480024052341,2023-01-03,해당 없음,2008-10-27~2012-01-03,A80,S2 규칙이탈(36개월 매수중단),롤링19년 2006-11-01,19
7178378325.926143,1176000000.0,1631971360.0751443,1176000.0,0.1489356084637416,-0.2665753610731131,-0.2678736890254251,81,21759682.99357432,2019-12-23,2388758375.4081783,1773486670.3104646,294617733.5909586,-0.8082480024052342,2023-01-03,해당 없음,2008-10-27~2012-01-03,A80,S2 규칙이탈(36개월 매수중단),롤링19년 2006-12-01,19
7042272724.17395,1180500000.0,1580273894.8180904,1180500.0,0.1473067957175042,-0.26656310086779134,-0.2678711939724019,81,21403799.39321661,2019-12-26,2741671391.009655,2051426424.5379329,292312033.36976033,-0.8082480024052345,2023-01-03,해당 없음,2008-10-27~2012-01-03,A80,S2 규칙이탈(36개월 매수중단),롤링19년 2007-01-03,19
7138119629.150418,1176000000.0,1609981162.3066738,1176000.0,0.14845131646836177,-0.2665364294775012,-0.2678659918208949,103,26170419.63755402,2020-01-06,2694282101.6119604,2014083022.5263996,287368401.37360334,-0.8082480024052343,2023-01-03,해당 없음,2008-10-27~2012-01-03,A80,S2 규칙이탈(36개월 매수중단),롤링19년 2007-02-01,19
7145663662.231144,1176000000.0,1612212691.9824648,1176000.0,0.1485825045251331,-0.26653217958201525,-0.2678651910590767,101,23033228.674508035,2020-01-08,2686865938.2880087,2009677020.338785,286585548.81220204,-0.8082480024052342,2023-01-03,해당 없음,2008-10-27~2012-01-03,A80,S2 규칙이탈(36개월 매수중단),롤링19년 2007-03-01,19
7073733498.991825,1180500000.0,1591404158.4352093,1180500.0,0.14769642555975854,-0.2665162376774506,-0.26786225619683857,102,23889864.54288861,2020-01-16,2659191938.9729533,1988449160.115131,283681806.9040787,-0.8082480024052342,2023-01-03,해당 없음,2008-10-27~2012-01-03,A80,S2 규칙이탈(36개월 매수중단),롤링19년 2007-04-02,19
7459462263.241479,1176000000.0,1705129709.7384958,1176000.0,0.1518469447954471,-0.2664860210306208,-0.2678569867971303,168,29563620.506204724,2020-01-23,2672583297.3203807,1992299601.3299975,278271260.0757127,-0.8082480024052343,2023-01-03,해당 없음,2008-10-27~2012-01-03,A80,S2 규칙이탈(36개월 매수중단),롤링19년 2007-05-01,19
7972421670.272531,1176000000.0,1850892799.1477494,1176000.0,0.15698780344892987,-0.2664618448933259,-0.26785304191052284,182,32948239.186619908,2020-02-05,2630629349.640918,1959131101.08542,274023587.4346717,-0.808248002405234,2023-01-03,해당 없음,2008-10-27~2012-01-03,A80,S2 규칙이탈(36개월 매수중단),롤링19년 2007-06-01,19
7954682924.533569,1180500000.0,1844843878.110689,1180500.0,0.15670136687767425,-0.26645466302769216,-0.2678519148331455,176,30729399.29354301,2020-02-05,2618349664.63569,1949963698.7871234,272775978.37051994,-0.8082480024052342,2023-01-03,해당 없음,2008-10-27~2012-01-03,A80,S2 규칙이탈(36개월 매수중단),롤링19년 2007-07-02,19
7273323390.010426,1176000000.0,1654033203.5595167,1176000.0,0.14989634855602613,-0.26645009372181516,-0.26785120783540084,168,27668632.567255974,2020-02-05,2610572138.330132,1944508342.988946,271984457.5942419,-0.8082480024052343,2023-01-03,해당 없음,2008-10-27~2012-01-03,A80,S2 규칙이탈(36개월 매수중단),롤링19년 2007-08-01,19
7096430741.381658,1180500000.0,1604199516.9947362,1180500.0,0.14788581463944528,-0.2664205209248478,-0.26784682105126345,206,32554196.338255078,2020-02-14,2560898316.6970396,1904604390.2658415,266938524.765428,-0.8082480024052343,2023-01-03,해당 없음,2008-10-27~2012-01-03,A80,S2 규칙이탈(36개월 매수중단),롤링19년 2007-09-04,19
2920816915.5705175,1230000000.0,475476390.41087264,1230000.0,0.07113685676640015,-0.28293712760882594,-0.36954670043377313,425,88726207.40053394,2017-10-02,80121872.22860596,46040238.268145174,0.0,,,해당 없음,해당 없음,C100,기본,2000-01~2019-12,fixed
7897148894.249463,1594500000.0,1760492510.2875504,1594500.0,0.09532834812560816,-0.28293712760882594,-0.36954670043377313,425,88726207.40053394,2017-10-02,766176456.821584,622580452.6465439,0.0,,,해당 없음,해당 없음,C100,기본,2000-01~2026-09,fixed
906990520.8603848,514500000.0,110142455.75680846,514500.0,0.12999352346823553,-0.20972559081985032,-0.2271076847695176,51,28490077.483436346,미도달,30975017.40552266,20730013.346182823,0.0,,,해당 없음,해당 없음,C100,기본,2020-01~2026-09,fixed
1381820497.036069,910500000.0,131425746.72166924,910500.0,0.04941691487708718,-0.28293712760882594,-0.36954670043377313,425,88726207.40053394,미도달,80121872.22860596,46040238.268145174,0.0,,,해당 없음,해당 없음,C100,기본,롤링14년 2000-01-03,14
1390191259.337676,906000000.0,135040220.10358718,906000.0,0.05049990980591656,-0.2829106052935759,-0.3695499445436897,420,84337245.86318257,미도달,80096271.67570983,46166821.3175434,0.0,,,해당 없음,해당 없음,C100,기본,롤링14년 2000-02-01,14
1421641002.2319293,906000000.0,143910883.10548562,906000.0,0.05309349364566496,-0.28235081690594854,-0.3696184860534586,420,82150738.56453916,미도달,79562907.19032605,45529688.56163435,0.0,,,해당 없음,해당 없음,C100,기본,롤링14년 2000-03-01,14
1415759059.294272,910500000.0,141020209.4730496,910500.0,0.05222333265087058,-0.2801816033494753,-0.36988239336847284,440,86924217.05087566,미도달,77411561.17195025,44334841.81536254,0.0,,,해당 없음,해당 없음,C100,기본,롤링14년 2000-04-03,14
1388575938.9708066,906000000.0,134607303.17634594,906000.0,0.0503981108143808,-0.2801419800495699,-0.36988657193442687,423,82619859.73950925,미도달,77365685.77222681,44461013.32020918,0.0,,,해당 없음,해당 없음,C100,기본,롤링14년 2000-05-01,14
1387482713.483189,906000000.0,134309851.81755757,906000.0,0.05031646510712386,-0.2792538335217375,-0.3699804925575778,429,82396335.37281871,미도달,76363948.33294265,43557637.964501925,0.0,,,해당 없음,해당 없음,C100,기본,롤링14년 2000-06-01,14
1405294421.7175093,910500000.0,138071652.1541104,910500.0,0.0513756180974806,-0.27851492781837195,-0.37005900923593205,429,81302397.35823289,미도달,75567517.6071281,42808970.00236181,0.0,,,해당 없음,해당 없음,C100,기본,롤링14년 2000-07-03,14
1399530640.0219524,906000000.0,137704825.8502545,906000.0,0.05128985309744223,-0.2782917265259287,-0.3700827943072048,422,77805459.03232265,미도달,75333213.70374389,42798375.4410404,0.0,,,해당 없음,해당 없음,C100,기본,롤링14년 2000-08-01,14
1410527780.4550023,906000000.0,140832479.35756564,906000.0,0.052210514852369404,-0.2765999913168953,-0.37024130732060356,448,80544558.85569942,미도달,73643056.87054864,41649552.81431207,0.0,,,해당 없음,해당 없음,C100,기본,롤링14년 2000-09-01,14
1445763109.4924679,910500000.0,149486119.32993865,910500.0,0.05463397442094633,-0.27673765968904196,-0.37022952534722975,422,75478400.6516015,미도달,73775077.58584426,41702684.20725979,0.0,,,해당 없음,해당 없음,C100,기본,롤링14년 2000-10-02,14
1481946824.752291,906000000.0,160968374.22143665,906000.0,0.0578108929635527,-0.27574207155897235,-0.3703147372589657,424,74986867.67024466,미도달,72841113.77027231,40990118.630662546,0.0,,,해당 없음,해당 없음,C100,기본,롤링14년 2000-11-01,14
1554409092.502771,906000000.0,181417694.8261492,906000.0,0.06327211853233108,-0.2747709741893798,-0.3703975565191606,428,74213114.61272913,미도달,71974413.46291944,39553114.49751735,0.0,,,해당 없음,해당 없음,C100,기본,롤링14년 2000-12-01,14
1511768054.5556762,906000000.0,169419583.98443505,906000.0,0.06007715655057415,-0.272736970047038,-0.37058922613908185,640,76983772.79931363,미도달,70297036.18703902,37689744.728453964,0.0,,,해당 없음,해당 없음,C100,기본,롤링14년 2001-01-02,14
1498926261.6397848,906000000.0,165815949.36540058,906000.0,0.059114265482633654,-0.2707495731436246,-0.3707785352836729,664,78965389.24254915,미도달,68809427.6831673,37062145.00957296,0.0,,,해당 없음,해당 없음,C100,기본,롤링14년 2001-02-01,14
1557505642.5172987,906000000.0,182298633.3035711,906000.0,0.06349752160659332,-0.27242057968303945,-0.37061935265634227,423,69054623.84347582,미도달,70050948.72906314,37770748.75754435,0.0,,,해당 없음,해당 없음,C100,기본,롤링14년 2001-03-01,14
1531299306.349511,910500000.0,173646687.06552917,910500.0,0.06119992384342174,-0.27139268684057005,-0.3707172574097388,423,67930271.21253437,미도달,69276346.11062391,36761669.23767001,0.0,,,해당 없음,해당 없음,C100,기본,롤링14년 2001-04-02,14
1492559941.665322,906000000.0,164022045.1528556,906000.0,0.05864462794883981,-0.2681999484143571,-0.37102163728113247,655,73001848.34644705,미도달,67080525.505957074,35633960.393612385,0.0,,,해당 없음,해당 없음,C100,기본,롤링14년 2001-05-01,14
1549344120.344458,906000000.0,180025555.19606975,906000.0,0.06291145069487426,-0.26811663521089846,-0.34641559562588775,446,68734751.58911061,미도달,67027103.85463876,35845360.19307503,0.0,,,해당 없음,해당 없음,C100,기본,롤링14년 2001-06-01,14
1541130292.2958262,910500000.0,176444674.99321353,910500.0,0.061931995079708174,-0.2670023444595794,-0.3371674486113505,446,67274604.31710345,미도달,66329924.77564697,35214695.05624291,0.0,,,해당 없음,해당 없음,C100,기본,롤링14년 2001-07-02,14
1585910494.668128,906000000.0,190337788.4672545,906000.0,0.06551014146563505,-0.2664718129733944,-0.33323394892673597,435,64174468.08391026,미도달,66008913.913773626,34982056.356808856,0.0,,,해당 없음,해당 없음,C100,기본,롤링14년 2001-08-01,14
1562991026.3770726,910500000.0,182572936.25083157,910500.0,0.0634856168092768,-0.26800254276588,-0.3330751596137823,399,55552404.023882985,미도달,66954244.44700411,35513706.60626043,0.0,,,해당 없음,해당 없음,C100,기본,롤링14년 2001-09-04,14
1546625194.6067934,906000000.0,179216093.83988756,906000.0,0.06267068654307612,-0.2681390453684277,-0.33306099342708884,358,50672182.348992646,미도달,67041455.446707554,34804760.25300941,0.0,,,해당 없음,해당 없음,C100,기본,롤링14년 2001-10-01,14
1575986464.4348452,906000000.0,187512445.43084422,906000.0,0.06480960291490748,-0.2659708782313457,-0.3332858845274316,371,51969325.84890261,미도달,65712010.16430713,34218330.80189306,0.0,,,해당 없음,해당 없음,C100,기본,롤링14년 2001-11-01,14
1574041204.7578301,910500000.0,185705915.1128479,910500.0,0.06430356033984795,-0.26384843213351894,-0.33345531132834216,400,52559129.90361294,미도달,64546233.157709345,33932809.49069384,0.0,,,해당 없음,해당 없음,C100,기본,롤링14년 2001-12-03,14
1559523345.563899,906000000.0,182907291.93174997,906000.0,0.06360485664366547,-0.26003752172131345,-0.33371133089161154,425,56155759.17011389,미도달,62702593.74862955,32674229.68078107,0.0,,,해당 없음,해당 없음,C100,기본,롤링14년 2002-01-02,14
1569780992.4878066,906000000.0,185796472.15370116,906000.0,0.06437227273744484,-0.25933186643669603,-0.3337779111521766,405,53039977.12069687,미도달,62386959.157132745,32309855.33463354,0.0,,,해당 없음,해당 없음,C100,기본,롤링14년 2002-02-01,14
1611314887.7165096,906000000.0,197523959.6012677,906000.0,0.06729966073290933,-0.2567135508086854,-0.3339430037267026,414,53398456.5124785,미도달,61279714.358699314,31428335.614686802,0.0,,,해당 없음,해당 없음,C100,기본,롤링14년 2002-03-01,14
1557058925.3675733,906000000.0,182228466.27444443,906000.0,0.06342183757912125,-0.2543026756047594,-0.3225819826832529,435,53019953.663890496,미도달,60341955.05195554,30923139.860535566,0.0,,,해당 없음,해당 없음,C100,기본,롤링14년 2002-04-01,14
1583802463.8662493,906000000.0,189746696.3795515,906000.0,0.06537360735026532,-0.23599532927316125,-0.28324223936758597,381,45697119.97435632,미도달,61008505.719907805,31276026.47714668,0.0,,,해당 없음,해당 없음,C100,기본,롤링14년 2002-05-01,14
1671695447.1057878,910500000.0,213229597.72006708,910500.0,0.0710953782737143,-0.2020376038125563,-0.2265362169432693,241,35636390.81997348,미도달,62296724.28422531,32166136.222836006,0.0,,,해당 없음,해당 없음,C100,기본,롤링14년 2002-06-03,14
1670124593.1535933,906000000.0,214008573.54185545,906000.0,0.0713319703633857,-0.18549543138688962,-0.18549543138688973,85,24858159.450881585,미도달,63751693.222237274,33361398.76517248,0.0,,,해당 없음,해당 없음,C100,기본,롤링14년 2002-07-01,14
1682459256.3054879,906000000.0,217436889.38790864,906000.0,0.07219253490349087,-0.18548279898745146,-0.18548279898745135,12,5990116.038472772,미도달,65467339.80683589,34460273.88456841,0.0,,,해당 없음,해당 없음,C100,기본,롤링14년 2002-08-01,14
1677267034.8876336,910500000.0,214729800.83883414,910500.0,0.07145909615501085,-0.1854937355529782,-0.185493735552978,35,8287443.318366438,미도달,63989881.34861434,33127237.586910922,0.0,,,해당 없음,해당 없음,C100,기본,롤링14년 2002-09-03,14
1635239722.3820255,906000000.0,204160784.80447185,906000.0,0.06894631828050171,-0.1855018522807137,-0.1855018522807138,36,9016063.872047007,미도달,62862446.56558826,32057224.5064667,0.0,,,해당 없음,해당 없음,C100,기본,롤링14년 2002-10-01,14
1649525815.3151145,906000000.0,208221233.21397415,906000.0,0.0699166119363719,-0.18551742330732401,-0.1855174233073239,47,13408220.863735378,미도달,60785409.61478571,31035980.140406992,0.0,,,해당 없음,해당 없음,C100,기본,롤링14년 2002-11-01,14
1682265389.096844,910500000.0,216208548.61380368,910500.0,0.07181557547356106,-0.18553164996577065,-0.18553164996577076,75,16588732.895881355,미도달,59130954.06913137,30325386.03570517,0.0,,,해당 없음,해당 없음,C100,기본,롤링14년 2002-12-02,14
1758536543.7352314,906000000.0,238975952.72384015,906000.0,0.07712037393182888,-0.18552963971071745,-0.18552963971071745,41,11214861.191339105,미도달,59346196.601829365,30146777.919130974,0.0,,,해당 없음,해당 없음,C100,기본,롤링14년 2003-01-02,14
1710255686.3578985,910500000.0,224075585.3834225,910500.0,0.07363678632780882,-0.1855264262663947,-0.1855264262663946,27,4807881.947492361,미도달,59692440.45449815,29977501.04788158,0.0,,,해당 없음,해당 없음,C100,기본,롤링14년 2003-02-03,14
1778582702.0621474,910500000.0,243337768.24387732,910500.0,0.07807340493233435,-0.18552811420571536,-0.18552811420571524,2,308691.308691293,미도달,59510232.769594185,30091858.357499197,0.0,,,해당 없음,해당 없음,C100,기본,롤링14년 2003-03-03,14
1690235491.2034678,906000000.0,219749229.0090915,906000.0,0.07267519246955988,-0.18556156256250167,-0.1855615625625019,8,3294741.464885175,미도달,56046891.735925466,27887506.78200925,0.0,,,해당 없음,해당 없음,C100,기본,롤링14년 2003-04-01,14
1716831075.823494,906000000.0,227263538.00583217,906000.0,0.0744783438639951,-0.18557529804255424,-0.18557529804255413,2,1790637.0100170672,미도달,54701520.81615649,27465053.059081458,0.0,,,해당 없음,해당 없음,C100,기본,롤링14년 2003-05-01,14
1703128095.5385761,910500000.0,222165906.2960453,910500.0,0.0732129421012296,-0.18559906380827118,-0.18559906380827096,26,9182958.164879441,미도달,52471286.308569536,25916034.497790754,0.0,,,해당 없음,해당 없음,C100,기본,롤링14년 2003-06-02,14
1714735345.6706088,906000000.0,226710091.32692415,906000.0,0.0742953687973509,-0.1856079986754906,-0.18560799867549038,26,8993961.581550777,미도달,51663222.835355416,25802345.76851939,0.0,,,해당 없음,해당 없음,C100,기본,롤링14년 2003-07-01,14
1709603338.3349872,906000000.0,225260254.4752626,906000.0,0.0739501702426282,-0.18561404194448738,-0.1856140419444876,25,7362263.03122887,미도달,51125705.60114405,25786089.25927388,0.0,,,해당 없음,해당 없음,C100,기본,롤링14년 2003-08-01,14
1703430005.3207586,910500000.0,222275705.65420014,910500.0,0.07322191968886946,-0.18563460465914716,-0.18563460465914705,59,12343826.811416537,미도달,49349332.027744874,24634591.85360927,0.0,,,해당 없음,해당 없음,C100,기본,롤링14년 2003-09-02,14
1747027190.3718786,906000000.0,235838062.9586822,906000.0,0.07639657596676384,-0.18563878107564258,-0.18563878107564258,34,9719161.295106322,미도달,48998151.42394608,24279400.542286314,0.0,,,해당 없음,해당 없음,C100,기본,롤링14년 2003-10-01,14
1716885646.6447904,910500000.0,226102026.80672422,910500.0,0.07408775744296202,-0.18566782316684916,-0.1856678231668495,128,17812130.47106701,미도달,46640994.82795443,22928247.52108492,0.0,,,해당 없음,해당 없음,C100,기본,롤링14년 2003-11-03,14
1695842900.295073,906000000.0,221453171.53833067,906000.0,0.0730394352995367,-0.1856866737394547,-0.18568667373945458,160,21313132.9793365,미도달,45147686.39176507,21875576.719683852,0.0,,,해당 없음,해당 없음,C100,기본,롤링14년 2003-12-01,14
1674598586.3191261,906000000.0,215478921.23856235,906000.0,0.07166251634349335,-0.18570694237411856,-0.18570694237411867,277,25070363.702096283,미도달,43607318.63728789,20920140.678151544,0.0,,,해당 없음,해당 없음,C100,기본,롤링14년 2004-01-02,14
1739540882.346198,910500000.0,232527772.17109457,910500.0,0.07556502736043959,-0.18571581647580826,-0.18571581647580815,248,24075326.382157654,미도달,42953699.38386694,20912304.84606833,0.0,,,해당 없음,해당 없음,C100,기본,롤링14년 2004-02-02,14
1684452412.8530579,906000000.0,218271444.82622674,906000.0,0.0723094270804083,-0.1857342805545934,-0.18573428055459362,437,26663134.35013494,미도달,41632367.40289874,20106758.848423906,0.0,,,해당 없음,해당 없음,C100,기본,롤링14년 2004-03-01,14
1631785141.066275,906000000.0,203404248.4776346,906000.0,0.06876819981567908,-0.18573098707552638,-0.1857309870755266,170,20918652.90947491,미도달,41864325.23874644,20174020.276522346,0.0,,,해당 없음,해당 없음,C100,기본,롤링14년 2004-04-01,14
1639062694.2730403,910500000.0,204190621.57434112,910500.0,0.06889411630822838,-0.18574246814784257,-0.18574246814784268,170,20720678.50359398,미도달,41062552.489194304,20163634.883199107,0.0,,,해당 없음,해당 없음,C100,기본,롤링14년 2004-05-03,14
1671481666.2060568,906000000.0,214603303.9331054,906000.0,0.07142958695233671,-0.18575145371881074,-0.18575145371881063,161,19517931.458195657,미도달,40448190.81484906,19892232.465075634,0.0,,,해당 없음,해당 없음,C100,기본,롤링14년 2004-06-01,14
1709415998.2992885,906000000.0,225305131.59646535,906000.0,0.07397844116904713,-0.18576195825602426,-0.18576195825602415,161,18797028.336770833,미도달,39744157.301455505,19574146.044250578,0.0,,,해당 없음,해당 없음,C100,기본,롤링14년 2004-07-01,14
1754599500.747967,910500000.0,236784136.53939143,910500.0,0.0765652447652512,-0.18577231062070942,-0.1857723106207093,161,17944146.713195205,미도달,39064846.39768841,19132572.336626418,0.0,,,해당 없음,해당 없음,C100,기본,롤링14년 2004-08-02,14
1783746738.6952024,906000000.0,246275522.06278986,906000.0,0.07870186954784136,-0.18578186326238222,-0.18578186326238222,157,16743657.098849922,미도달,38450427.757813275,18647925.08180661,0.0,,,해당 없음,해당 없음,C100,기본,롤링14년 2004-09-01,14
1765186093.4864788,906000000.0,241053270.26305774,906000.0,0.07758626557955008,-0.18580290824078205,-0.18580290824078194,247,19298189.721743733,미도달,37137248.17336669,17895959.765242547,0.0,,,해당 없음,해당 없음,C100,기본,롤링14년 2004-10-01,14
1725261908.3433368,906000000.0,229785860.90328038,906000.0,0.0749700124093806,-0.18580513610932792,-0.18580513610932803,137,15528262.068868846,미도달,37001385.66519003,17915146.313106567,0.0,,,해당 없음,해당 없음,C100,기본,롤링14년 2004-11-01,14
1725500220.1103709,906000000.0,229844569.68648422,906000.0,0.07499280836081877,-0.18580803527339795,-0.18580803527339818,117,11973637.569022447,미도달,36825467.2378362,18242972.50446222,0.0,,,해당 없음,해당 없음,C100,기본,롤링14년 2004-12-01,14
1630053527.269822,910500000.0,201658140.23694533,910500.0,0.06824807878637151,-0.19315357987280335,-0.19920399594960458,117,11686208.734020889,미도달,36041550.55389898,18080215.997658234,0.0,,,해당 없음,해당 없음,C100,기본,롤링14년 2005-01-03,14
1703921735.8606617,906000000.0,223754555.97266093,906000.0,0.07356289986759189,-0.18582489035804506,-0.18582489035804517,59,8363886.767981112,미도달,35822067.70793448,18131587.09219873,0.0,,,해당 없음,해당 없음,C100,기본,롤링14년 2005-02-01,14
1755236297.5268953,906000000.0,238228440.65554857,906000.0,0.07692817455256747,-0.18583557329624256,-0.18583557329624256,58,7187686.558427721,미도달,35202721.409216076,17943159.9141814,0.0,,,해당 없음,해당 없음,C100,기본,롤링14년 2005-03-01,14
1792353877.803571,906000000.0,248695026.25375992,906000.0,0.07930473016406996,-0.18584203895594542,-0.18584203895594553,25,4667195.944691181,미도달,34833942.26292813,17748625.799963303,0.0,,,해당 없음,해당 없음,C100,기본,롤링14년 2005-04-01,14
1866048921.5436034,910500000.0,268211220.22955924,910500.0,0.08347167961107312,-0.18584914150303444,-0.18584914150303422,4,1455014.3187604845,미도달,34433996.247780494,17503209.11824648,0.0,,,해당 없음,해당 없음,C100,기본,롤링14년 2005-05-02,14
1807127089.3040702,906000000.0,252880811.06292236,906000.0,0.08017229876762182,-0.18588204566071154,-0.18588204566071154,6,2278697.231659293,미도달,32648739.76477644,16523443.173770616,0.0,,,해당 없음,해당 없음,C100,기본,롤링14년 2005-06-01,14
1842362203.337773,906000000.0,262833546.50489327,906000.0,0.08238221046923021,-0.18590814435641323,-0.18590814435641323,18,5397733.575198233,미도달,31307273.786470562,15547266.859044803,0.0,,,해당 없음,해당 없음,C100,기본,롤링14년 2005-07-01,14
1886282640.4317222,906000000.0,275231385.98252547,906000.0,0.08494629796304513,-0.18592874726748898,-0.18592874726748887,50,7976941.359478265,미도달,30104513.749094296,15010470.016777571,0.0,,,해당 없음,해당 없음,C100,기본,롤링14년 2005-08-01,14
1915777220.3127396,906000000.0,283556640.00980204,906000.0,0.08668533581867538,-0.18594209200175615,-0.18594209200175615,51,8261656.487308472,미도달,29301754.9233475,14339883.675774489,0.0,,,해당 없음,해당 없음,C100,기본,롤링14년 2005-09-01,14
1881025925.6076467,910500000.0,272498184.2507228,910500.0,0.08433011923322639,-0.18596207924507324,-0.18596207924507335,85,10778333.020988405,미도달,28127916.321531817,13525686.042134186,0.0,,,해당 없음,해당 없음,C100,기본,롤링14년 2005-10-03,14
1891057227.5301547,906000000.0,276592017.32079065,906000.0,0.08521433140243498,-0.18596714994541086,-0.18596714994541108,53,8031422.463344604,미도달,27835314.49067428,13489474.036409304,0.0,,,해당 없음,해당 없음,C100,기본,롤링14년 2005-11-01,14
1919597998.2475739,906000000.0,284661516.2279012,906000.0,0.08691226815554952,-0.1859984503625316,-0.1859984503625317,215,14122396.041829526,미도달,26072615.663696803,12244408.494607244,0.0,,,해당 없음,해당 없음,C100,기본,롤링14년 2005-12-01,14
1944093998.3491733,910500000.0,290298945.1429966,910500.0,0.08798813636809645,-0.18600175087139137,-0.18600175087139126,95,10719097.296032667,미도달,25890890.005645562,12128470.802513415,0.0,,,해당 없음,해당 없음,C100,기본,롤링14년 2006-01-03,14
1985665931.081723,906000000.0,303286612.7158707,906000.0,0.09061716860315606,-0.18600349036428654,-0.18600349036428654,50,6795579.985525131,미도달,25795416.6198081,12189523.211281005,0.0,,,해당 없음,해당 없음,C100,기본,롤링14년 2006-02-01,14
1890144207.5474653,906000000.0,276352033.8581613,906000.0,0.08519297505147683,-0.20254752285527067,-0.20254752285527078,58,8554217.748326004,미도달,24761241.061948318,11663202.09211398,0.0,,,해당 없음,해당 없음,C100,기본,롤링14년 2006-03-01,14
1730108819.2535264,910500000.0,229951858.06935805,910500.0,0.0749604324979497,-0.2631418202325284,-0.2663852293215059,85,9462425.992355347,미도달,23883202.13701834,11125868.835790534,0.0,,,해당 없음,해당 없음,C100,기본,롤링14년 2006-04-03,14
1863977383.4751644,906000000.0,268977160.1562826,906000.0,0.08361505150439884,-0.2235258913743079,-0.22513436492316286,56,7060925.053996205,미도달,23549552.051639017,10807157.116560286,0.0,,,해당 없음,해당 없음,C100,기본,롤링14년 2006-05-01,14
1968277726.342553,906000000.0,298394652.5236106,906000.0,0.08970333164440272,-0.2235156161908528,-0.2251324230597408,19,5477217.249496639,미도달,23088839.051435668,10690911.298909355,0.0,,,해당 없음,해당 없음,C100,기본,롤링14년 2006-06-01,14
1945364903.4631863,910500000.0,290665166.3002531,910500.0,0.08806629051318675,-0.22350313923435938,-0.2251300942612401,5,3148161.620380312,미도달,22533423.21124783,10472004.997410266,0.0,,,해당 없음,해당 없음,C100,기본,롤링14년 2006-07-03,14
2002362372.209803,906000000.0,308017891.7658871,906000.0,0.09154992427716686,-0.22348086710305926,-0.2251260099926955,1,308691.308691293,미도달,21549779.3690272,9725296.398359355,0.0,,,해당 없음,해당 없음,C100,기본,롤링14년 2006-08-01,14
2057565867.813767,906000000.0,323597948.99871844,906000.0,0.09454536208679823,-0.2234500524919597,-0.2251204878756934,22,2862107.3529162407,미도달,20235767.862002388,9137909.112083819,0.0,,,해당 없음,해당 없음,C100,기본,롤링14년 2006-09-01,14
1965391785.8823786,910500000.0,296332345.6674013,910500.0,0.08921058742342024,-0.22343613357600167,-0.22511803019216714,2,582835.7544632256,미도달,19661828.506216865,9091832.23699963,0.0,,,해당 없음,해당 없음,C100,기본,롤링14년 2006-10-02,14
1864289469.246257,906000000.0,269091287.69784385,906000.0,0.08363326913949709,-0.22341105284367035,-0.22511364588951177,3,2526594.1792881787,미도달,18636151.264020223,8516166.438772973,0.0,,,해당 없음,해당 없음,C100,기본,롤링14년 2006-11-01,14
1942521455.5766459,906000000.0,291162146.1881626,906000.0,0.08818393713680298,-0.22338841379203855,-0.22510979382483187,3,4748860.923897356,미도달,17770410.724931624,8001499.768171483,0.0,,,해당 없음,해당 없음,C100,기본,롤링14년 2006-12-01,14
1959833192.09735,906000000.0,296046816.48916316,906000.0,0.08917006503452808,-0.22337023523395838,-0.22510676777302552,2,5523246.345053762,미도달,17096406.545173228,7844284.003699489,0.0,,,해당 없음,해당 없음,C100,기본,롤링14년 2007-01-03,14
1964954829.3446913,906000000.0,297500206.9299053,906000.0,0.08948708545306883,-0.2233366068347291,-0.22510133823658107,26,10685935.498314708,미도달,15934248.107339397,7098040.445219351,0.0,,,해당 없음,해당 없음,C100,기본,롤링14년 2007-02-01,14
2005496750.6358855,906000000.0,308934457.37201154,906000.0,0.09179752096675126,-0.22332911879801842,-0.22510016288892531,5,8317623.190282047,미도달,15727073.81767695,6859365.809225339,0.0,,,해당 없음,해당 없음,C100,기본,롤링14년 2007-03-01,14
2103868592.0311642,910500000.0,335414625.0609622,910500.0,0.09676638750910355,-0.22330895526576322,-0.22509702407874677,3,9418114.250931501,미도달,15186576.82047842,6645377.112718299,0.0,,,해당 없음,해당 없음,C100,기본,롤링14년 2007-04-02,14
2105786084.626974,906000000.0,337229023.2028091,906000.0,0.09713269246477864,-0.2232760737796643,-0.2250919387336764,21,13842911.157228112,미도달,14336182.927658686,6240622.331502823,0.0,,,해당 없음,해당 없음,C100,기본,롤링14년 2007-05-01,14
2116876444.7360442,906000000.0,340360663.1827051,906000.0,0.09778509507712,-0.22324738334429017,-0.22508775997349773,75,16968143.961856186,미도달,13619515.247868558,6000429.986106688,0.0,,,해당 없음,해당 없음,C100,기본,롤링14년 2007-06-01,14
2172258470.0494375,910500000.0,354711271.82170886,910500.0,0.10030477989825021,-0.22324108566018042,-0.22508687428894825,23,14107679.461676776,2021-06-28,13466523.897511266,6037435.9647230115,0.0,,,해당 없음,해당 없음,C100,기본,롤링14년 2007-07-02,14
2228765013.839806,906000000.0,371915536.9576702,906000.0,0.10339501087522943,-0.2232367647308111,-0.2250862731118508,6,10768720.269812167,2021-07-01,13358406.169560594,5851732.4751477,0.0,,,해당 없음,해당 없음,C100,기본,롤링14년 2007-08-01,14
2261399374.357342,910500000.0,379858094.3959969,910500.0,0.10466481764630417,-0.2232015874684633,-0.2250815743730843,47,15449137.631183058,2021-07-07,12509619.22815779,5219591.497621447,0.0,,,해당 없음,해당 없음,C100,기본,롤링14년 2007-09-04,14
2196219117.8412704,906000000.0,362744525.4356887,906000.0,0.10174588258865701,-0.22317683502674124,-0.2250784753584466,69,17284524.077520072,2021-07-09,11926770.797286153,4832847.643136198,0.0,,,해당 없음,해당 없음,C100,기본,롤링14년 2007-10-01,14
2283874335.3235183,906000000.0,387467404.06305516,906000.0,0.1060914365058734,-0.22317037263391237,-0.2250776928994498,27,14447741.29044503,2021-07-12,11776801.71494332,4592339.3917321265,0.0,,,해당 없음,해당 없음,C100,기본,롤링14년 2007-11-01,14
2264975107.642201,910500000.0,380870884.59694034,910500.0,0.10486700826580567,-0.2231512357681592,-0.22507543928399776,47,14783730.09367916,2021-07-23,11341185.48701598,4166220.089446409,0.0,,,해당 없음,해당 없음,C100,기본,롤링14년 2007-12-03,14
2350908437.0169787,906000000.0,406379089.9416933,906000.0,0.10920556633642953,-0.22312782149295085,-0.22507281063135431,69,16128884.849772125,2021-08-11,10815555.279299963,3629978.246584575,0.0,,,해당 없음,해당 없음,C100,기본,롤링14년 2008-01-02,14
2287827935.9630146,906000000.0,388588239.7584971,906000.0,0.10620503122633294,-0.22311859942854906,-0.22507181258919073,29,13937116.669565022,2021-08-11,10608261.917618604,3256174.432823863,0.0,,,해당 없음,해당 없음,C100,기본,롤링14년 2008-02-01,14
2262220933.7153454,910500000.0,380098672.6887002,910500.0,0.10476969411287895,-0.22311576165567926,-0.225071509638903,13,10177227.503334403,2021-08-12,10541829.224423524,2966045.2325943382,0.0,,,해당 없음,해당 없음,C100,기본,롤링14년 2008-03-03,14
2278369733.663191,906000000.0,385922936.00047016,906000.0,0.10580000747215353,-0.22307017794584894,-0.2250663204453529,94,16411917.90034303,2021-08-17,9580183.849326758,2764468.1863369513,0.0,,,해당 없음,해당 없음,C100,기본,롤링14년 2008-04-01,14
2174196228.5287266,906000000.0,356545434.99596506,906000.0,0.10069636795283494,-0.223024625092056,-0.22506133435799092,168,22273478.33128479,2021-10-29,8655525.454499666,2486605.7436918593,0.0,,,해당 없음,해당 없음,C100,기본,롤링14년 2008-05-01,14
2149277694.1485577,910500000.0,348337494.11986667,910500.0,0.09913491238127874,-0.2230016828966408,-0.2250589185387909,168,22838347.402886152,2021-11-01,8216249.345351159,2173452.1245873645,0.0,,,해당 없음,해당 없음,C100,기본,롤링14년 2008-06-02,14
2100602787.9503684,906000000.0,335982538.6642101,906000.0,0.09687096954574431,-0.22299934362825657,-0.22505867580863426,106,18829428.99956751,2021-11-02,8008661.404927834,1797978.6565384078,0.0,,,해당 없음,해당 없음,C100,기본,롤링14년 2008-07-01,14
2233378628.7230134,906000000.0,373346174.96010095,906000.0,0.10366481217264364,-0.22301234783817458,-0.2250600336022146,22,11474030.99056524,2021-11-01,8235240.623696613,2102745.560992952,0.0,,,해당 없음,해당 없음,C100,기본,롤링14년 2008-08-01,14
2179350950.110553,910500000.0,357032920.596678,910500.0,0.10065287938660139,-0.22292292593796148,-0.22505111325832539,208,26165950.49255088,2021-12-23,6717682.6134278355,1417466.962144109,0.0,,,해당 없음,해당 없음,C100,기본,롤링14년 2008-09-02,14
2115318709.1297636,906000000.0,340640302.5750616,906000.0,0.09762641005854306,-0.22291056119437758,-0.22504995665562688,182,24317798.780275702,2021-12-27,0.0,0.0,0.0,,,해당 없음,해당 없음,C100,기본,롤링14년 2008-10-01,14
2232706647.793436,910500000.0,372481759.63404596,910500.0,0.10329225876771253,-0.22296021762613305,-0.22505471475363126,16,8974085.85828039,2021-11-04,0.0,0.0,0.0,,,해당 없음,해당 없음,C100,기본,롤링14년 2008-11-03,14
2216047547.7312374,906000000.0,369051000.64214367,906000.0,0.10274343201044613,-0.2229299807643914,-0.22505178155181993,41,11181910.486216009,2021-12-22,0.0,0.0,0.0,,,해당 없음,해당 없음,C100,기본,롤링14년 2008-12-01,14
2023491804.8685107,906000000.0,314740406.5013748,906000.0,0.09274568647755337,-0.2274194364720994,-0.2315247285149169,103,15477232.728247315,2022-01-03,0.0,0.0,0.0,,,해당 없음,해당 없음,C100,기본,롤링14년 2009-01-02,14
2102413768.65623,910500000.0,335732486.03124434,910500.0,0.0966682820487191,-0.22289468411264857,-0.2250484989661664,22,9616529.315926164,2021-12-27,0.0,0.0,0.0,,,해당 없음,해당 없음,C100,기본,롤링14년 2009-02-02,14
2135226047.897426,910500000.0,344987231.45824826,910500.0,0.09842908399014887,-0.2228758756661976,-0.225046812141114,22,8951772.432881027,2022-01-04,0.0,0.0,0.0,,,해당 없음,해당 없음,C100,기본,롤링14년 2009-03-02,14
2170562090.103394,906000000.0,356221769.0035214,906000.0,0.10047805897272138,-0.22286216171432827,-0.22504560958880626,7,7216450.051452965,2022-03-29,0.0,0.0,0.0,,,해당 없음,해당 없음,C100,기본,롤링14년 2009-04-01,14
2239032447.2542095,906000000.0,375533921.0204178,906000.0,0.10396181044680881,-0.2228541387667089,-0.22504491678536886,3,3024118.6686874926,2022-08-10,0.0,0.0,0.0,,,해당 없음,해당 없음,C100,기본,롤링14년 2009-05-01,14
2169786351.028855,906000000.0,356002970.80301034,906000.0,0.10043646085385141,-0.22280895769604625,-0.22504116320618395,8,4867008.448411077,2022-08-15,0.0,0.0,0.0,,,해당 없음,해당 없음,C100,기본,롤링14년 2009-06-01,14
2235666029.482944,906000000.0,374584418.57211226,906000.0,0.10373457130831315,-0.22278662680269823,-0.22503940093454344,7,4779418.033593833,2022-08-18,0.0,0.0,0.0,,,해당 없음,해당 없음,C100,기본,롤링14년 2009-07-01,14
2204715898.8588815,910500000.0,364586933.01147956,910500.0,0.10192312534508921,-0.22273863450218878,-0.22503582221809781,3,910827.627668947,2023-04-28,0.0,0.0,0.0,,,해당 없음,해당 없음,C100,기본,롤링14년 2009-08-03,14
2212315352.518344,906000000.0,367998330.1974816,906000.0,0.10255646608470079,-0.2226975662354791,-0.22503298655909887,8,4588646.473116547,2023-06-29,0.0,0.0,0.0,,,해당 없음,해당 없음,C100,기본,롤링14년 2009-09-01,14
2160723974.240944,906000000.0,353446915.81154835,906000.0,0.09999915393880218,-0.22269644553758194,-0.22503291211527943,1,308691.308691293,2023-06-29,0.0,0.0,0.0,,,해당 없음,해당 없음,C100,기본,롤링14년 2009-10-01,14
2137811089.545467,910500000.0,345716345.7692345,910500.0,0.09853165475450211,-0.2226567262390543,-0.22503037469128018,1,2371166.6888693273,2023-08-04,0.0,0.0,0.0,,,해당 없음,해당 없음,C100,기본,롤링14년 2009-11-02,14
2124947031.631158,906000000.0,343355983.280583,906000.0,0.09812858208896852,-0.2226010033609832,-0.225027146755847,41,8462414.408413589,2023-09-05,0.0,0.0,0.0,,,해당 없음,해당 없음,C100,기본,롤링14년 2009-12-01,14
2204707345.9184346,910500000.0,364584520.64366096,910500.0,0.10188318054023376,-0.22257466217628152,-0.22502575614281206,46,8838320.601802647,2023-12-01,0.0,0.0,0.0,,,해당 없음,해당 없음,C100,기본,롤링14년 2010-01-04,14
2278763794.9832144,906000000.0,386740198.5850091,906000.0,0.10578673056673994,-0.22256262183065156,-0.22502400562231417,11,6333061.974191695,2023-12-07,0.0,0.0,0.0,,,해당 없음,해당 없음,C100,기본,롤링14년 2010-02-01,14
2330950447.490139,906000000.0,401459510.83055204,906000.0,0.1082920467917933,-0.22252176441677285,-0.22501421761508922,4,1168916.9955456555,2023-12-13,0.0,0.0,0.0,,,해당 없음,해당 없음,C100,기본,롤링14년 2010-03-01,14
2400926249.389639,906000000.0,421196275.46887237,906000.0,0.11161146588631977,-0.2224710122171566,-0.22500230555990286,6,3500052.973491937,2023-12-13,0.0,0.0,0.0,,,해당 없음,해당 없음,C100,기본,롤링14년 2010-04-01,14
2366445557.4713593,910500000.0,410202990.5688449,910500.0,0.1096906311908274,-0.22242431519768113,-0.22499167256197794,22,5965234.382185131,2024-01-08,0.0,0.0,0.0,,,해당 없음,해당 없음,C100,기본,롤링14년 2010-05-03,14
2432541428.3577743,906000000.0,430113377.2291161,906000.0,0.11294321075230261,-0.22239294381463737,-0.2249847037030227,23,6067641.386107862,2024-01-16,0.0,0.0,0.0,,,해당 없음,해당 없음,C100,기본,롤링14년 2010-06-01,14
2467492705.1997156,906000000.0,439971429.6717146,906000.0,0.11457650477780935,-0.22238646507900384,-0.22498328256166322,3,2510705.409670353,2024-01-16,0.0,0.0,0.0,,,해당 없음,해당 없음,C100,기본,롤링14년 2010-07-01,14
2461149812.8676677,910500000.0,436914447.2190858,910500.0,0.11399464262218942,-0.22232487953895397,-0.22497011581915094,34,6856208.581123978,2024-01-19,0.0,0.0,0.0,,,해당 없음,해당 없음,C100,기본,롤링14년 2010-08-02,14
2469178218.495634,906000000.0,440446830.8577427,906000.0,0.11459247187956469,-0.22230750784555975,-0.22496652385541704,3,4814613.863323778,2024-01-25,0.0,0.0,0.0,,,해당 없음,해당 없음,C100,기본,롤링14년 2010-09-01,14
2458781142.5721226,906000000.0,437514322.26393193,906000.0,0.11410985986419218,-0.22226656060011918,-0.22495822465323612,3,6039167.78887403,2024-02-07,0.0,0.0,0.0,,,해당 없음,해당 없음,C100,기본,롤링14년 2010-10-01,14
2530558135.6959534,906000000.0,457759115.19629437,906000.0,0.11723545656771034,-0.22221607413180433,-0.22494823708418032,9,8451710.493434578,2024-02-22,0.0,0.0,0.0,,,해당 없음,해당 없음,C100,기본,롤링14년 2010-11-01,14
2616978756.820973,906000000.0,482134162.1802744,906000.0,0.12093684723249114,-0.22213559642868352,-0.22493357348958487,35,14767692.028669626,2024-03-18,0.0,0.0,0.0,,,해당 없음,해당 없음,C100,기본,롤링14년 2010-12-01,14
2640401237.9139605,910500000.0,487472541.4629121,910500.0,0.12162402878355703,-0.22207945483131342,-0.22492214371145824,39,17328037.66491562,2024-03-20,0.0,0.0,0.0,,,해당 없음,해당 없음,C100,기본,롤링14년 2011-01-03,14
2651335076.8221235,906000000.0,491824406.2831631,906000.0,0.12229348202229247,-0.22203770351437124,-0.22491402840530317,50,17995039.376850933,2024-03-27,0.0,0.0,0.0,,,해당 없음,해당 없음,C100,기본,롤링14년 2011-02-01,14
2635394737.3848143,906000000.0,487328413.10853744,906000.0,0.12169750786069511,-0.2219926046438866,-0.22491121572791206,80,19830985.35794407,2024-04-09,0.0,0.0,0.0,,,해당 없음,해당 없음,C100,기본,롤링14년 2011-03-01,14
2592613560.0487576,906000000.0,475261927.1932393,906000.0,0.11990329203344659,-0.22198051642856464,-0.22491055355601464,50,17011784.119140655,2024-05-09,0.0,0.0,0.0,,,해당 없음,해당 없음,C100,기본,롤링14년 2011-04-01,14
2488628510.253146,910500000.0,444664849.04575884,910500.0,0.11523153003634594,-0.2219470152920936,-0.22491232999757504,76,17620700.348665267,2024-05-09,0.0,0.0,0.0,,,해당 없음,해당 없음,C100,기본,롤링14년 2011-05-02,14
2471057916.32224,906000000.0,440977002.0396061,906000.0,0.11469868127466587,-0.22193275269847146,-0.22491384356952515,39,15366512.6078704,2024-05-14,0.0,0.0,0.0,,,해당 없음,해당 없음,C100,기본,롤링14년 2011-06-01,14
2491138888.841982,906000000.0,446640866.08363587,906000.0,0.1155601021270816,-0.22190575641110255,-0.22491677529958343,49,15062253.27187714,2024-05-21,0.0,0.0,0.0,,,해당 없음,해당 없음,C100,기본,롤링14년 2011-07-01,14
2598011049.8453827,906000000.0,476784296.11023617,906000.0,0.12012486791967592,-0.22190698431098976,-0.22491664003649348,31,10597376.152397752,2024-05-21,0.0,0.0,0.0,,,해당 없음,해당 없음,C100,기본,롤링14년 2011-08-01,14
2655665990.749663,906000000.0,493045946.10887915,906000.0,0.12256808415538231,-0.2219006745640033,-0.22491733706230566,3,2747094.2887661457,2024-05-31,0.0,0.0,0.0,,,해당 없음,해당 없음,C100,기본,롤링14년 2011-09-01,14
2744304445.1842966,910500000.0,516778574.2827503,910500.0,0.12584867399977218,-0.22184809275294037,-0.2249233370989483,1,308691.308691293,2024-06-17,0.0,0.0,0.0,,,해당 없음,해당 없음,C100,기본,롤링14년 2011-10-03,14
2767865608.4834795,906000000.0,524691992.1363662,906000.0,0.12699033977591614,-0.22178687804050723,-0.22493076470515005,2,508028.1710367203,2024-07-03,0.0,0.0,0.0,,,해당 없음,해당 없음,C100,기본,롤링14년 2011-11-01,14
2837067655.1077294,906000000.0,544210518.1073083,906000.0,0.12975206086189253,-0.2217330806602712,-0.22493770027284354,2,436695.0237740278,2024-07-15,0.0,0.0,0.0,,,해당 없음,해당 없음,C100,기본,롤링14년 2011-12-01,14
2777378834.7932143,910500000.0,526107216.3504424,910500.0,0.12713344726171547,-0.22167645333355068,-0.22494542876000856,1,308691.3086913228,2024-10-04,141681952.54525375,104588998.10183637,0.0,,,해당 없음,해당 없음,C100,기본,롤링14년 2012-01-03,14
2828187080.894106,906000000.0,541705709.5804917,906000.0,0.1293469098030958,-0.22162851802237327,-0.22495232603496385,3,2235897.680010438,2024-10-11,138397576.52056918,101769046.00965111,0.0,,,해당 없음,해당 없음,C100,기본,롤링14년 2012-02-01,14
2842055673.5522723,906000000.0,545617364.5901625,906000.0,0.12995036272634597,-0.22158383893137856,-0.22495905740019917,11,4613853.129508257,2024-10-15,135423266.1384491,99619988.05830465,0.0,,,해당 없음,해당 없음,C100,기본,롤링14년 2012-03-01,14
2813305979.1344833,910500000.0,536240515.74955523,910500.0,0.1285985031174101,-0.2215242162343508,-0.22496850983732264,59,9033802.842128903,2024-11-06,131575613.74527979,96751867.1727088,0.0,,,해당 없음,해당 없음,C100,기본,롤링14년 2012-04-02,14
2895171571.5903487,906000000.0,560598772.9840285,906000.0,0.13191745560171605,-0.22149686090562382,-0.22497303139778646,59,8530942.184386253,2024-11-06,129853896.53806673,95479979.81792179,0.0,,,해당 없음,해당 없음,C100,기본,롤링14년 2012-05-01,14
3028118676.9581122,906000000.0,598096674.621328,906000.0,0.13683699213803077,-0.22148807151473737,-0.224974509354132,15,5302838.247742325,2024-11-06,129306622.40911838,94969111.59564106,0.0,,,해당 없음,해당 없음,C100,기본,롤링14년 2012-06-01,14
3025801323.4658175,910500000.0,596175186.7709411,910500.0,0.1365025199925823,-0.22143915681492876,-0.22498296197382706,59,7771194.956888109,2024-11-08,126499312.94705193,93053393.11845487,0.0,,,해당 없음,해당 없음,C100,기본,롤링14년 2012-07-02,14
2828020519.6853347,906000000.0,541658818.6178524,906000.0,0.12935693384453223,-0.2214136478417812,-0.22498752567437197,57,6834423.193834364,2024-11-12,125568152.32637541,92433495.35462254,0.0,,,해당 없음,해당 없음,C100,기본,롤링14년 2012-08-01,14
2748916571.1294913,910500000.0,518079486.00383455,910500.0,0.1260117611966977,-0.2294754558524127,-0.23255147895430373,64,10550572.883598238,2024-12-03,123418151.96098961,90571206.19977319,0.0,,,해당 없음,해당 없음,C100,기본,롤링14년 2012-09-04,14
2263585645.474608,1180500000.0,304051044.99920595,1180500.0,0.057179766449437515,-0.28293712760882594,-0.36954670043377313,425,88726207.40053394,2017-10-02,80121872.22860596,46040238.268145174,0.0,,,해당 없음,해당 없음,C100,기본,롤링19년 2000-01-03,19
2372890875.974197,1176000000.0,336134214.53952897,1176000.0,0.061277907380682076,-0.2829106052935759,-0.3695499445436897,420,84337245.86318257,2017-10-02,80096271.67570983,46166821.3175434,0.0,,,해당 없음,해당 없음,C100,기본,롤링19년 2000-02-01,19
2449390250.4090266,1176000000.0,357711183.87338483,1176000.0,0.06393173310243024,-0.28235081690594854,-0.3696184860534586,420,82150738.56453916,2017-10-02,79562907.19032605,45529688.56163435,0.0,,,해당 없음,해당 없음,C100,기본,롤링19년 2000-03-01,19
2502184160.9314747,1180500000.0,371370109.93482476,1180500.0,0.06551277689355715,-0.2801816033494753,-0.36988239336847284,440,86924217.05087566,2018-01-09,77411561.17195025,44334841.81536254,0.0,,,해당 없음,해당 없음,C100,기본,롤링19년 2000-04-03,19
2603915697.7058024,1176000000.0,401317747.9477551,1176000.0,0.0689641945391199,-0.2801419800495699,-0.36988657193442687,423,82619859.73950925,2018-01-09,77365685.77222681,44461013.32020918,0.0,,,해당 없음,해당 없음,C100,기본,롤링19년 2000-05-01,19
2523856065.907304,1176000000.0,378747720.4500001,1176000.0,0.06639236591633652,-0.2792538335217375,-0.3699804925575778,429,82396335.37281871,2018-01-12,76363948.33294265,43557637.964501925,0.0,,,해당 없음,해당 없음,C100,기본,롤링19년 2000-06-01,19
2638807567.263111,1180500000.0,409907923.97466475,1180500.0,0.06988973198751589,-0.27851492781837195,-0.37005900923593205,429,81302397.35823289,2018-01-17,75567517.6071281,42808970.00236181,0.0,,,해당 없음,해당 없음,C100,기본,롤링19년 2000-07-03,19
2675409912.179178,1176000000.0,421490517.99716425,1176000.0,0.07117387024507663,-0.2782917265259287,-0.3700827943072048,422,77805459.03232265,2018-01-17,75333213.70374389,42798375.4410404,0.0,,,해당 없음,해당 없음,C100,기본,롤링19년 2000-08-01,19
2706609979.3159804,1176000000.0,430316432.8824569,1176000.0,0.07212996080268697,-0.2765999913168953,-0.37024130732060356,448,80544558.85569942,2018-01-22,73643056.87054864,41649552.81431207,0.0,,,해당 없음,해당 없음,C100,기본,롤링19년 2000-09-01,19
2703341756.6658983,1180500000.0,428110096.7378292,1180500.0,0.07187272657089822,-0.27673765968904196,-0.37022952534722975,422,75478400.6516015,2018-01-22,73775077.58584426,41702684.20725979,0.0,,,해당 없음,해당 없음,C100,기본,롤링19년 2000-10-02,19
2692658083.9472885,1176000000.0,426373344.7636155,1176000.0,0.0716906123024894,-0.27574207155897235,-0.3703147372589657,424,74986867.67024466,2018-01-23,72841113.77027231,40990118.630662546,0.0,,,해당 없음,해당 없음,C100,기본,롤링19년 2000-11-01,19
2764328536.220623,1176000000.0,446599332.7978513,1176000.0,0.07385531928883896,-0.2747709741893798,-0.3703975565191606,428,74213114.61272913,2018-06-15,71974413.46291944,39553114.49751735,0.0,,,해당 없음,해당 없음,C100,기본,롤링19년 2000-12-01,19
2744680015.742288,1176000000.0,441086290.9857871,1176000.0,0.0732542241180167,-0.272736970047038,-0.37058922613908185,640,76983772.79931363,2018-07-06,70297036.18703902,37689744.728453964,0.0,,,해당 없음,해당 없음,C100,기본,롤링19년 2001-01-02,19
2808617146.3371096,1176000000.0,459138250.1774665,1176000.0,0.07511913245237087,-0.2707495731436246,-0.3707785352836729,664,78965389.24254915,2018-07-10,68809427.6831673,37062145.00957296,0.0,,,해당 없음,해당 없음,C100,기본,롤링19년 2001-02-01,19
2716886932.521825,1176000000.0,433225920.22792476,1176000.0,0.07244361195874582,-0.27242057968303945,-0.37061935265634227,423,69054623.84347582,2018-07-06,70050948.72906314,37770748.75754435,0.0,,,해당 없음,해당 없음,C100,기본,롤링19년 2001-03-01,19
2443151656.4615545,1180500000.0,354758119.14841336,1180500.0,0.06353996051089023,-0.2867812771585878,-0.3707172574097388,423,67930271.21253437,2018-07-10,69276346.11062391,36761669.23767001,0.0,,,해당 없음,해당 없음,C100,기본,롤링19년 2001-04-02,19
2656967017.865099,1176000000.0,416366861.51689535,1176000.0,0.07060395387277076,-0.2681999484143571,-0.37102163728113247,655,73001848.34644705,2018-07-13,67080525.505957074,35633960.393612385,0.0,,,해당 없음,해당 없음,C100,기본,롤링19년 2001-05-01,19
2817836673.241065,1176000000.0,461727813.70536906,1176000.0,0.0754243689795172,-0.26811663521089846,-0.34641559562588775,446,68734751.58911061,2018-07-13,67027103.85463876,35845360.19307503,0.0,,,해당 없음,해당 없음,C100,기본,롤링19년 2001-06-01,19
2776018743.5415998,1180500000.0,448668853.54971355,1180500.0,0.07403599595014268,-0.2670023444595794,-0.3371674486113505,446,67274604.31710345,2018-07-18,66329924.77564697,35214695.05624291,0.0,,,해당 없음,해당 없음,C100,기본,롤링19년 2001-07-02,19
2890178053.7103186,1176000000.0,482130433.3253085,1176000.0,0.07744921773247784,-0.2664718129733944,-0.33323394892673597,435,64174468.08391026,2018-07-19,66008913.913773626,34982056.356808856,0.0,,,해당 없음,해당 없음,C100,기본,롤링19년 2001-08-01,19
3011082507.461003,1180500000.0,514931302.71040195,1180500.0,0.08059843052813526,-0.26800254276588,-0.3330751596137823,399,55552404.023882985,2018-07-13,66954244.44700411,35513706.60626043,0.0,,,해당 없음,해당 없음,C100,기본,롤링19년 2001-09-04,19
2897290480.5607343,1176000000.0,484095277.05766577,1176000.0,0.07764673013790004,-0.2681390453684277,-0.33306099342708884,358,50672182.348992646,2018-07-13,67041455.446707554,34804760.25300941,0.0,,,해당 없음,해당 없음,C100,기본,롤링19년 2001-10-01,19
2763605965.9612203,1176000000.0,446404356.11777055,1176000.0,0.07381567420751402,-0.2659708782313457,-0.3332858845274316,371,51969325.84890261,2018-08-06,65712010.16430713,34218330.80189306,0.0,,,해당 없음,해당 없음,C100,기본,롤링19년 2001-11-01,19
2914594493.4612412,1180500000.0,487732996.5420154,1180500.0,0.07797647288594577,-0.26384843213351894,-0.33345531132834216,400,52559129.90361294,2018-08-29,64546233.157709345,33932809.49069384,0.0,,,해당 없음,해당 없음,C100,기본,롤링19년 2001-12-03,19
2899917518.98893,1176000000.0,484889494.6926562,1176000.0,0.07771469414582129,-0.26003752172131345,-0.33371133089161154,425,56155759.17011389,2018-09-18,62702593.74862955,32674229.68078107,0.0,,,해당 없음,해당 없음,C100,기본,롤링19년 2002-01-02,19
2942042774.795224,1176000000.0,496766974.85579354,1176000.0,0.07890589872708285,-0.25933186643669603,-0.3337779111521766,405,53039977.12069687,2018-09-20,62386959.157132745,32309855.33463354,0.0,,,해당 없음,해당 없음,C100,기본,롤링19년 2002-02-01,19
2990480538.3312945,1176000000.0,510441707.2105661,1176000.0,0.08026007190615506,-0.2567135508086854,-0.3339430037267026,414,53398456.5124785,2019-03-13,61279714.358699314,31428335.614686802,0.0,,,해당 없음,해당 없음,C100,기본,롤링19년 2002-03-01,19
3099673515.0214863,1176000000.0,541247196.6896507,1176000.0,0.08311348632095021,-0.2543026756047594,-0.3225819826832529,435,53019953.663890496,2019-03-15,60341955.05195554,30923139.860535566,0.0,,,해당 없음,해당 없음,C100,기본,롤링19년 2002-04-01,19
3204505725.9040394,1176000000.0,570790436.9543127,1176000.0,0.08579633592136476,-0.23599532927316125,-0.28324223936758597,381,45697119.97435632,2019-03-13,61008505.719907805,31276026.47714668,0.0,,,해당 없음,해당 없음,C100,기본,롤링19년 2002-05-01,19
3283537759.2248864,1180500000.0,591774096.0100691,1180500.0,0.08760567478964189,-0.22527336822140565,-0.2265362169432693,241,35636390.81997348,2018-09-20,62296724.28422531,32166136.222836006,0.0,,,해당 없음,해당 없음,C100,기본,롤링19년 2002-06-03,19
3380602277.2015157,1176000000.0,620373304.9399872,1176000.0,0.09008354258992704,-0.22534654676033883,-0.2264866739095045,85,24858159.450881585,2018-09-05,63751693.222237274,33361398.76517248,0.0,,,해당 없음,해당 없음,C100,기본,롤링19년 2002-07-01,19
3546743262.904437,1176000000.0,667182891.2491509,1176000.0,0.09392503175672784,-0.22543392300572107,-0.2265601475417438,12,5990116.038472772,2018-08-06,65467339.80683589,34460273.88456841,0.0,,,해당 없음,해당 없음,C100,기본,롤링19년 2002-08-01,19
3628156285.7644367,1180500000.0,688902922.8810092,1180500.0,0.09557447482272068,-0.22535975370006134,-0.22649783146311042,35,8287443.318366438,2018-09-04,63989881.34861434,33127237.586910922,0.0,,,해당 없음,해당 없음,C100,기본,롤링19년 2002-09-03,19
3517820239.107598,1176000000.0,659067340.8039922,1176000.0,0.0932508210023062,-0.22530266086898498,-0.22644997226523744,36,9016063.872047007,2018-09-13,62862446.56558826,32057224.5064667,0.0,,,해당 없음,해당 없음,C100,기본,롤링19년 2002-10-01,19
3619604967.5892043,1176000000.0,687806891.547692,1176000.0,0.09555367500469285,-0.2251944709780146,-0.2263594521454949,47,13408220.863735378,2019-03-14,60785409.61478571,31035980.140406992,0.0,,,해당 없음,해당 없음,C100,기본,롤링19년 2002-11-01,19
3567465230.3234873,1180500000.0,671853888.4469594,1180500.0,0.09425011304352036,-0.2251054193711185,-0.22628482212700873,75,16588732.895881355,2019-04-01,59130954.06913137,30325386.03570517,0.0,,,해당 없음,해당 없음,C100,기본,롤링19년 2002-12-02,19
3753067426.7181144,1176000000.0,725458253.0523456,1176000.0,0.09839300684989197,-0.22511760300075467,-0.2262950486544406,41,11214861.191339105,2019-03-29,59346196.601829365,30146777.919130974,0.0,,,해당 없음,해당 없음,C100,기본,롤링19년 2003-01-02,19
3706492496.620592,1180500000.0,711039044.6882846,1180500.0,0.097261029435782,-0.2251367872946204,-0.22631112894458771,27,4807881.947492361,2019-03-21,59692440.45449815,29977501.04788158,0.0,,,해당 없음,해당 없음,C100,기본,롤링19년 2003-02-03,19
3621159126.8302507,1180500000.0,686961118.819496,1180500.0,0.09544482819875144,-0.22512666575067475,-0.226302645234552,2,308691.308691293,2019-03-29,59510232.769594185,30091858.357499197,0.0,,,해당 없음,해당 없음,C100,기본,롤링19년 2003-03-03,19
3630822498.150011,1176000000.0,691016589.9427317,1176000.0,0.09577756496306838,-0.2249832621417175,-0.22618997555190135,8,3294741.464885175,2019-04-08,56046891.735925466,27887506.78200925,0.0,,,해당 없음,해당 없음,C100,기본,롤링19년 2003-04-01,19
3487324454.4015894,1176000000.0,650555772.9893975,1176000.0,0.09259128299346375,-0.22492575002829618,-0.22614495513792898,2,1790637.0100170672,2019-04-23,54701520.81615649,27465053.059081458,0.0,,,해당 없음,해당 없음,C100,기본,롤링19년 2003-05-01,19
3419481348.11021,1180500000.0,630187849.3290703,1180500.0,0.09087511921923086,-0.22480812137908524,-0.2260484002171136,26,9182958.164879441,2019-04-30,52471286.308569536,25916034.497790754,0.0,,,해당 없음,해당 없음,C100,기본,롤링19년 2003-06-02,19
3323260617.654972,1176000000.0,604319014.1943088,1176000.0,0.0887176862084833,-0.22476345882363824,-0.22636201512896714,26,8993961.581550777,2019-05-16,51663222.835355416,25802345.76851939,0.0,,,해당 없음,해당 없음,C100,기본,롤링19년 2003-07-01,19
3506169647.246978,1176000000.0,655906392.8863367,1176000.0,0.09303088390016938,-0.22472799982445546,-0.2259815726489044,25,7362263.03122887,2019-06-10,51125705.60114405,25786089.25927388,0.0,,,해당 없음,해당 없음,C100,기본,롤링19년 2003-08-01,19
3487647740.819761,1180500000.0,649438913.1026366,1180500.0,0.09244338990006677,-0.22460689238091402,-0.22587823859643763,59,12343826.811416537,2019-06-18,49349332.027744874,24634591.85360927,0.0,,,해당 없음,해당 없음,C100,기본,롤링19년 2003-09-02,19
3389439863.341369,1176000000.0,623004970.7193078,1176000.0,0.09028616723940529,-0.2245832921046581,-0.22585817796485907,34,9719161.295106322,2019-06-19,48998151.42394608,24279400.542286314,0.0,,,해당 없음,해당 없음,C100,기본,롤링19년 2003-10-01,19
3454343212.247499,1180500000.0,640076468.3869754,1180500.0,0.09166004823335226,-0.2244126947065992,-0.22571222354177245,128,17812130.47106701,2019-07-10,46640994.82795443,22928247.52108492,0.0,,,해당 없음,해당 없음,C100,기본,롤링19년 2003-11-03,19
3430401123.009358,1176000000.0,634609849.7397954,1176000.0,0.0912444429556535,-0.22429854925215198,-0.2256141753637495,160,21313132.9793365,2019-07-26,45147686.39176507,21875576.719683852,0.0,,,해당 없음,해당 없음,C100,기본,롤링19년 2003-12-01,19
3137392956.525096,1176000000.0,551984256.4248617,1176000.0,0.08409860198708566,-0.24169369605150282,-0.24425010437235284,277,25070363.702096283,2019-08-13,43607318.63728789,20920140.678151544,0.0,,,해당 없음,해당 없음,C100,기본,롤링19년 2004-01-02,19
3233155851.482291,1180500000.0,577726096.7992234,1180500.0,0.086359938098512,-0.22413341282845123,-0.22547360378139636,248,24075326.382157654,2019-09-04,42953699.38386694,20912304.84606833,0.0,,,해당 없음,해당 없음,C100,기본,롤링19년 2004-02-02,19
3294545857.5394716,1176000000.0,596322672.8147026,1176000.0,0.08803365550846493,-0.22403429073209458,-0.22538964064118705,437,26663134.35013494,2019-11-15,41632367.40289874,20106758.848423906,0.0,,,해당 없음,해당 없음,C100,기본,롤링19년 2004-03-01,19
3349431901.1596036,1176000000.0,611791026.9654964,1176000.0,0.08934939608335828,-0.22405049480153905,-0.22540313651475818,170,20918652.90947491,2019-11-14,41864325.23874644,20174020.276522346,0.0,,,해당 없음,해당 없음,C100,기본,롤링19년 2004-04-01,19
3422354804.8694534,1180500000.0,631092755.3323036,1180500.0,0.0909441701836865,-0.22399381982849198,-0.22535594508180412,170,20720678.50359398,2019-11-22,41062552.489194304,20163634.883199107,0.0,,,해당 없음,해당 없음,C100,기본,롤링19년 2004-05-03,19
3370990755.1358714,1176000000.0,617874329.0158737,1176000.0,0.08986101834307267,-0.22395958772351954,-0.22532896575607975,161,19517931.458195657,2019-11-26,40448190.81484906,19892232.465075634,0.0,,,해당 없음,해당 없음,C100,기본,롤링19년 2004-06-01,19
3482752741.0983615,1176000000.0,649399341.1038963,1176000.0,0.09247389739770069,-0.22392684722933776,-0.22530461299036764,161,18797028.336770833,2019-11-27,39744157.301455505,19574146.044250578,0.0,,,해당 없음,해당 없음,C100,기본,롤링19년 2004-07-01,19
3470926948.546946,1180500000.0,644798801.3032057,1180500.0,0.09207581190018316,-0.2239080458495889,-0.225293920976825,161,17944146.713195205,2019-12-04,39064846.39768841,19132572.336626418,0.0,,,해당 없음,해당 없음,C100,기본,롤링19년 2004-08-02,19
3513684932.386935,1176000000.0,658129115.1553301,1176000.0,0.09316252826672204,-0.2238916603674791,-0.22528492268876976,157,16743657.098849922,2019-12-06,38450427.757813275,18647925.08180661,0.0,,,해당 없음,해당 없음,C100,기본,롤링19년 2004-09-01,19
3394831588.077111,1176000000.0,624619178.993749,1176000.0,0.09044006571198893,-0.22385634880771,-0.22526576865349435,247,19298189.721743733,2020-01-06,37137248.17336669,17895959.765242547,0.0,,,해당 없음,해당 없음,C100,기본,롤링19년 2004-10-01,19
3352553259.298553,1176000000.0,612687780.4034697,1176000.0,0.08941029732167992,-0.2238526139830015,-0.22526376228443934,137,15528262.068868846,2020-01-06,37001385.66519003,17915146.313106567,0.0,,,해당 없음,해당 없음,C100,기본,롤링19년 2004-11-01,19
3431444458.739628,1176000000.0,634930636.9921721,1176000.0,0.09127666627008603,-0.22384753886947983,-0.2252610419993485,117,11973637.569022447,2020-01-08,36825467.2378362,18242972.50446222,0.0,,,해당 없음,해당 없음,C100,기본,롤링19년 2004-12-01,19
3577512619.8458395,1180500000.0,674863781.7327453,1180500.0,0.09446274898032897,-0.2238267279054601,-0.22525023100205133,117,11686208.734020889,2020-01-16,36041550.55389898,18080215.997658234,0.0,,,해당 없음,해당 없음,C100,기본,롤링19년 2005-01-03,19
3696037891.2589855,1176000000.0,709555779.2901366,1176000.0,0.09717618938980617,-0.22382106693428205,-0.2252474340163032,59,8363886.767981112,2020-01-16,35822067.70793448,18131587.09219873,0.0,,,해당 없음,해당 없음,C100,기본,롤링19년 2005-02-01,19
3802887863.5440397,1176000000.0,739693497.7373072,1176000.0,0.09945468810208699,-0.22380545523248685,-0.2252398089931945,58,7187686.558427721,2020-01-21,35202721.409216076,17943159.9141814,0.0,,,해당 없음,해당 없음,C100,기본,롤링19년 2005-03-01,19
3956331397.159619,1176000000.0,782969967.6105943,1176000.0,0.10264016603363396,-0.2237961772046736,-0.225235299066342,25,4667195.944691181,2020-01-23,34833942.26292813,17748625.799963303,0.0,,,해당 없음,해당 없음,C100,기본,롤링19년 2005-04-01,19
3931484791.3631825,1180500000.0,774692362.9991841,1180500.0,0.10197926041873849,-0.22378610623174133,-0.22523042282772254,4,1455014.3187604845,2020-01-30,34433996.247780494,17503209.11824648,0.0,,,해당 없음,해당 없음,C100,기본,롤링19년 2005-05-02,19
4013472505.182982,1176000000.0,799105671.9518462,1176000.0,0.10370753970647481,-0.2237409536436863,-0.22520892455341912,6,2278697.231659293,2020-02-05,32648739.76477644,16523443.173770616,0.0,,,해당 없음,해당 없음,C100,기본,롤링19년 2005-06-01,19
4033317825.326292,1176000000.0,804717696.2965271,1176000.0,0.10414697993275485,-0.22370742767903296,-0.22519359712132214,18,5397733.575198233,2020-02-18,31307273.786470562,15547266.859044803,0.0,,,해당 없음,해당 없음,C100,기본,롤링19년 2005-07-01,19
4075519094.7180324,1176000000.0,816630642.3196895,1176000.0,0.10491641555380418,-0.22368031884298423,-0.22518392573798984,50,7976941.359478265,2020-02-21,30104513.749094296,15010470.016777571,0.0,,,해당 없음,해당 없음,C100,기본,롤링19년 2005-08-01,19
4040966984.45718,1176000000.0,806891445.2813109,1176000.0,0.10425712547530122,-0.22366152962143215,-0.2251770189367075,51,8261656.487308472,2020-07-29,29301754.9233475,14339883.675774489,0.0,,,해당 없음,해당 없음,C100,기본,롤링19년 2005-09-01,19
4028152567.228063,1180500000.0,802020313.9385328,1180500.0,0.1038715843754935,-0.2236336005270797,-0.22516692234257474,85,10778333.020988405,2020-08-04,28127916.321531817,13525686.042134186,0.0,,,해당 없음,해당 없음,C100,기본,롤링19년 2005-10-03,19
4178227097.3163,1176000000.0,845613519.0553446,1176000.0,0.1068663041496344,-0.22362646855692025,-0.22516438204839717,53,8031422.463344604,2020-08-04,27835314.49067428,13489474.036409304,0.0,,,해당 없음,해당 없음,C100,기본,롤링19년 2005-11-01,19
4339449339.970108,1176000000.0,891105997.2265651,1176000.0,0.10987327787645886,-0.22358299238802393,-0.22514881306242063,215,14122396.041829526,2020-08-24,26072615.663696803,12244408.494607244,0.0,,,해당 없음,해당 없음,C100,기본,롤링19년 2005-12-01,19
4423097287.261777,1180500000.0,913427308.682449,1180500.0,0.11122635618357299,-0.22357873731403588,-0.22514750878635137,95,10719097.296032667,2020-08-24,25890890.005645562,12128470.802513415,0.0,,,해당 없음,해당 없음,C100,기본,롤링19년 2006-01-03,19
4481983139.3855,1176000000.0,931298389.416936,1176000.0,0.11236721918936934,-0.2235765095496013,-0.2251468910878588,50,6795579.985525131,2020-08-24,25795416.6198081,12189523.211281005,0.0,,,해당 없음,해당 없음,C100,기본,롤링19년 2006-02-01,19
4460753226.149383,1176000000.0,925317910.8997277,1176000.0,0.11203647650142583,-0.2235529376992894,-0.22514047126201175,58,8554217.748326004,2020-08-28,24761241.061948318,11663202.09211398,0.0,,,해당 없음,해당 없음,C100,기본,롤링19년 2006-03-01,19
4349814730.526486,1180500000.0,892765576.6335261,1180500.0,0.10993582856662656,-0.22353324380613793,-0.22513584491357097,85,9462425.992355347,2020-09-02,23883202.13701834,11125868.835790534,0.0,,,해당 없음,해당 없음,C100,기본,롤링19년 2006-04-03,19
4163936850.329061,1176000000.0,841605984.1407149,1176000.0,0.10662303157548264,-0.2235258913743079,-0.22513436492316286,56,7060925.053996205,2020-09-02,23549552.051639017,10807157.116560286,0.0,,,해당 없음,해당 없음,C100,기본,롤링19년 2006-05-01,19
4174894475.8566527,1176000000.0,844696043.4122028,1176000.0,0.10684285542464825,-0.2235156161908528,-0.2251324230597408,19,5477217.249496639,2020-09-02,23088839.051435668,10690911.298909355,0.0,,,해당 없음,해당 없음,C100,기본,롤링19년 2006-06-01,19
4271057352.6874337,1180500000.0,870552010.953246,1180500.0,0.10850406363626601,-0.22350313923435938,-0.2251300942612401,5,3148161.620380312,2021-02-02,22533423.21124783,10472004.997410266,0.0,,,해당 없음,해당 없음,C100,기본,롤링19년 2006-07-03,19
4359376642.817119,1176000000.0,896739096.2961558,1176000.0,0.11021908376138277,-0.22348086710305926,-0.2251260099926955,1,308691.308691293,2021-02-04,21549779.3690272,9725296.398359355,0.0,,,해당 없음,해당 없음,C100,기본,롤링19년 2006-08-01,19
4404770807.768573,1176000000.0,909552419.2423813,1176000.0,0.11106817198569109,-0.2234500524919597,-0.2251204878756934,22,2862107.3529162407,2021-03-08,20235767.862002388,9137909.112083819,0.0,,,해당 없음,해당 없음,C100,기본,롤링19년 2006-09-01,19
4584232776.078003,1180500000.0,958902112.1328342,1180500.0,0.11406625139162152,-0.22343613357600167,-0.22511803019216714,2,582835.7544632256,2021-03-09,19661828.506216865,9091832.23699963,0.0,,,해당 없음,해당 없음,C100,기본,롤링19년 2006-10-02,19
4668850932.130911,1176000000.0,984043751.5883868,1176000.0,0.11558161180564776,-0.22341105284367035,-0.22511364588951177,3,2526594.1792881787,2021-03-10,18636151.264020223,8516166.438772973,0.0,,,해당 없음,해당 없음,C100,기본,롤링19년 2006-11-01,19
4811567357.124851,1176000000.0,1024302528.6761175,1176000.0,0.11798957961108676,-0.22338841379203855,-0.22510979382483187,3,4748860.923897356,2021-03-15,17770410.724931624,8001499.768171483,0.0,,,해당 없음,해당 없음,C100,기본,롤링19년 2006-12-01,19
4741523210.947079,1180500000.0,1003280324.682474,1180500.0,0.11667759629299859,-0.22337023523395838,-0.22510676777302552,2,5523246.345053762,2021-04-01,345715819.344337,271756046.47147745,0.0,,,해당 없음,해당 없음,C100,기본,롤링19년 2007-01-03,19
4827109937.396536,1176000000.0,1028696959.7409781,1176000.0,0.11819736361002782,-0.2233366068347291,-0.22510133823658107,26,10685935.498314708,2021-04-12,337854586.98151726,264930972.63678378,0.0,,,해당 없음,해당 없음,C100,기본,롤링19년 2007-02-01,19
4892558952.704965,1176000000.0,1047156288.3134223,1176000.0,0.11929150818844513,-0.22332911879801842,-0.22510016288892531,5,8317623.190282047,2021-04-13,336180178.87436235,263430725.249904,0.0,,,해당 없음,해당 없음,C100,기본,롤링19년 2007-03-01,19
4873351575.4003315,1180500000.0,1040473087.5045666,1180500.0,0.11886107723916986,-0.22330895526576322,-0.22509702407874677,3,9418114.250931501,2021-05-03,331738252.1215325,259826882.76197833,0.0,,,해당 없음,해당 없음,C100,기본,롤링19년 2007-04-02,19
4988373966.950493,1176000000.0,1074188868.7998323,1176000.0,0.12077762362707056,-0.2232760737796643,-0.2250919387336764,21,13842911.157228112,2021-05-07,324687657.73198485,253950354.62432325,0.0,,,해당 없음,해당 없음,C100,기본,롤링19년 2007-05-01,19
5171064384.864628,1176000000.0,1125720526.2786376,1176000.0,0.12361743537842455,-0.22324738334429017,-0.22508775997349773,75,16968143.961856186,2021-06-22,318667923.71417046,249078884.54066575,0.0,,,해당 없음,해당 없음,C100,기본,롤링19년 2007-06-01,19
5214021034.720669,1180500000.0,1136566542.0992231,1180500.0,0.12413383052697224,-0.22324108566018042,-0.22508687428894825,23,14107679.461676776,2021-06-28,317364168.7021843,248264568.84783486,0.0,,,해당 없음,해당 없음,C100,기본,롤링19년 2007-07-02,19
4891746458.8535795,1176000000.0,1046935106.996264,1176000.0,0.11924098681423899,-0.234721057686048,-0.23526383593489042,6,10768720.269812167,2021-07-01,316469253.6745891,247405953.17202255,0.0,,,해당 없음,해당 없음,C100,기본,롤링19년 2007-08-01,19
4752595373.470591,1180500000.0,1006425360.6052082,1180500.0,0.11685189875089103,-0.24549678699548616,-0.24720566286734824,47,15449137.631183058,2021-07-07,309298008.04793984,241108875.95008847,0.0,,,해당 없음,해당 없음,C100,기본,롤링19년 2007-09-04,19
