date,close,adjclose,volume
2006-06-21,1.128906011581421,0.9827172160148621,1523200
2006-06-22,1.102344036102295,0.9595944881439209,13612800
2006-06-23,1.0990630388259888,0.9567384719848633,3411200
2006-06-26,1.103124976158142,0.9602746367454529,3622400
2006-06-27,1.0618749856948853,0.9243660569190979,6393600
2006-06-28,1.0748440027236938,0.9356557130813599,6374400
2006-06-29,1.1398439407348633,0.9922385215759277,11289600
2006-06-30,1.128906011581421,0.9827172160148621,15168000
2006-07-03,1.142030954360962,0.9941421747207642,2380800
2006-07-05,1.0970309972763062,0.9549698233604431,9900800
2006-07-06,1.0906250476837158,0.9493933916091919,5369600
2006-07-07,1.0667190551757812,0.928583025932312,4588800
2006-07-10,1.049062967300415,0.9132133722305298,7987200
2006-07-11,1.066249966621399,0.928174614906311,10604800
2006-07-12,1.024062991142273,0.8914506435394287,14598400
2006-07-13,0.9914060235023499,0.8630226254463196,26745600
2006-07-14,0.971094012260437,0.8453409671783447,13856000
2006-07-17,0.9757810235023499,0.8494210243225098,9868800
2006-07-18,0.981249988079071,0.8541818261146545,26054400
2006-07-19,1.002500057220459,0.8726800680160522,16940800
2006-07-20,0.9751560091972351,0.8488768935203552,12019200
2006-07-21,0.953125,0.8296990394592285,18630400
2006-07-24,0.9882810115814209,0.8603025674819946,15334400
2006-07-25,0.9979689717292786,0.868735671043396,21683200
2006-07-26,1.0,0.8705037832260132,23500800
2006-07-27,0.989844024181366,0.8616630434989929,12038400
2006-07-28,1.0293749570846558,0.8960747122764587,6752000
2006-07-31,1.027343988418579,0.8943067789077759,9958400
2006-08-01,0.9921879768371582,0.863703191280365,15609600
2006-08-02,1.0104689598083496,0.8796170949935913,13939200
2006-08-03,1.027343988418579,0.8943067789077759,19961600
2006-08-04,1.017969012260437,0.8861459493637085,18816000
2006-08-07,1.0056250095367432,0.8754003047943115,17017600
2006-08-08,0.9929689764976501,0.8643831610679626,28838400
2006-08-09,0.9925000071525574,0.8639750480651855,28825600
2006-08-10,1.0051560401916504,0.8749921321868896,23283200
2006-08-11,0.9953129887580872,0.8664237856864929,13305600
2006-08-14,1.0043749809265137,0.8743123412132263,19321600
2006-08-15,1.0567189455032349,0.919877827167511,22054400
2006-08-16,1.107030987739563,0.9636747241020203,31040000
2006-08-17,1.114063024520874,0.9697962999343872,44345600
2006-08-18,1.1124999523162842,0.9684354662895203,16934400
2006-08-21,1.0921880006790161,0.9507540464401245,16275200
2006-08-22,1.0950000286102295,0.9532015919685364,16268800
2006-08-23,1.0765630006790161,0.9371519088745117,18598400
2006-08-24,1.0848439931869507,0.9443608522415161,18432000
2006-08-25,1.089063048362732,0.9480333924293518,15257600
2006-08-28,1.104688048362732,0.9616352319717407,16588800
2006-08-29,1.111719012260437,0.9677555561065674,26617600
2006-08-30,1.1215629577636719,0.9763246774673462,22585600
2006-08-31,1.120313048362732,0.9752370119094849,9395200
2006-09-01,1.1304689645767212,0.9840775728225708,18496000
2006-09-05,1.1507810354232788,1.0017592906951904,21452800
2006-09-06,1.1059379577636719,0.9627227783203125,23398400
2006-09-07,1.096094012260437,0.9541541934013367,27027200
2006-09-08,1.107030987739563,0.9636747241020203,13990400
2006-09-11,1.1218750476837158,0.9765962958335876,26662400
2006-09-12,1.1654690504074097,1.014545202255249,19027200
2006-09-13,1.178905963897705,1.0262423753738403,22579200
2006-09-14,1.1776560544967651,1.0251543521881104,15187200
2006-09-15,1.1890629529953003,1.0350840091705322,15891200
2006-09-18,1.1881250143051147,1.0342671871185303,13184000
2006-09-19,1.1737500429153442,1.0217540264129639,20812800
2006-09-20,1.2085939645767212,1.052085518836975,21785600
2006-09-21,1.1929689645767212,1.0384840965270996,50976000
2006-09-22,1.1723439693450928,1.0205292701721191,18214400
2006-09-25,1.2156250476837158,1.0582062005996704,37670400
2006-09-26,1.2256250381469727,1.066911220550537,24934400
2006-09-27,1.2193750143051147,1.06147038936615,27929600
2006-09-28,1.2265629768371582,1.0677275657653809,14444800
2006-09-29,1.2171880006790161,1.059566617012024,12473600
2006-10-02,1.1875,1.0337231159210205,22822400
2006-10-03,1.195937991142273,1.04106867313385,20364800
2006-10-04,1.2507810592651367,1.0888099670410156,27206400
2006-10-05,1.2671879529953003,1.103091835975647,21580800
2006-10-06,1.2601560354232788,1.0969706773757935,21766400
2006-10-09,1.2664060592651367,1.1024116277694702,12217600
2006-10-10,1.2734379768371582,1.1085325479507446,16710400
2006-10-11,1.2687499523162842,1.1044520139694214,23334400
2006-10-12,1.3109380006790161,1.1411763429641724,26284800
2006-10-13,1.320937991142273,1.149881362915039,21683200
2006-10-16,1.323438048362732,1.1520578861236572,17868800
2006-10-17,1.2976560592651367,1.1296145915985107,35289600
2006-10-18,1.2796880006790161,1.1139731407165527,36768000
2006-10-19,1.290624976158142,1.1234937906265259,36089600
2006-10-20,1.2937500476837158,1.1262142658233643,21696000
2006-10-23,1.3168749809265137,1.146344542503357,34579200
2006-10-24,1.3043750524520874,1.1354632377624512,31315200
2006-10-25,1.3203129768371582,1.1493370532989502,24864000
2006-10-26,1.341405987739563,1.1676990985870361,30323200
2006-10-27,1.3034379482269287,1.1346477270126343,31724800
2006-10-30,1.318750023841858,1.1479765176773071,28748800
2006-10-31,1.3265630006790161,1.154778242111206,27744000
2006-11-01,1.290624976158142,1.1234937906265259,37939200
2006-11-02,1.2918750047683716,1.1245818138122559,29440000
2006-11-03,1.2843749523162842,1.1180534362792969,42656000
2006-11-06,1.3132810592651367,1.1432158946990967,28524800
2006-11-07,1.339843988418579,1.1663392782211304,34387200
2006-11-08,1.357969045639038,1.1821173429489136,41382400
2006-11-09,1.339063048362732,1.1656594276428223,32851200
2006-11-10,1.3539060354232788,1.1785805225372314,24953600
2006-11-13,1.3757810592651367,1.1976226568222046,28505600
2006-11-14,1.410938024520874,1.228226661682129,32083200
2006-11-15,1.4198440313339233,1.235979676246643,40307200
2006-11-16,1.4343750476837158,1.2486292123794556,26201600
2006-11-17,1.431249976158142,1.2459087371826172,24064000
2006-11-20,1.4367189407348633,1.250669240951538,20883200
2006-11-21,1.4406249523162842,1.2540693283081055,25177600
2006-11-22,1.4587500095367432,1.2698475122451782,20697600
2006-11-24,1.4495309591293335,1.2618221044540405,15078400
2006-11-27,1.3842190504074097,1.204967975616455,55340800
2006-11-28,1.388280987739563,1.2085038423538208,44339200
2006-11-29,1.410938024520874,1.228226661682129,36140800
2006-11-30,1.4065630435943604,1.2244185209274292,44883200
2006-12-01,1.3878129720687866,1.2080963850021362,59769600
2006-12-04,1.4226560592651367,1.2384271621704102,33427200
2006-12-05,1.4295309782028198,1.2444120645523071,24160000
2006-12-06,1.4190629720687866,1.2352994680404663,23872000
2006-12-07,1.384374976158142,1.205103874206543,42233600
2006-12-08,1.3984379768371582,1.2173453569412231,46950400
2006-12-11,1.4093749523162842,1.2268660068511963,27724800
2006-12-12,1.3909380435943604,1.2108166217803955,53401600
2006-12-13,1.394531011581421,1.2139440774917603,31980800
2006-12-14,1.424219012260437,1.2397880554199219,39392000
2006-12-15,1.433593988418579,1.2479488849639893,40691200
2006-12-18,1.4007810354232788,1.2193853855133057,45081600
2006-12-19,1.395313024520874,1.214625358581543,58912000
2006-12-20,1.301563024520874,1.2062405347824097,31494400
2006-12-21,1.283594012260437,1.189587950706482,36409600
2006-12-22,1.259374976158142,1.1671427488327026,48979200
2006-12-26,1.265625,1.172934651374817,16716800
2006-12-27,1.2779690027236938,1.1843745708465576,22560000
2006-12-28,1.2671879529953003,1.1743831634521484,18995200
2006-12-29,1.2662500143051147,1.1735142469406128,24550400
2007-01-03,1.270313024520874,1.1772795915603638,75315200
2007-01-04,1.3159379959106445,1.2195628881454468,43257600
2007-01-05,1.296875,1.2018957138061523,34419200
2007-01-08,1.3049999475479126,1.2094261646270752,32780800
2007-01-09,1.320937991142273,1.2241967916488647,50169600
2007-01-10,1.355468988418579,1.2561988830566406,39436800
2007-01-11,1.3781249523162842,1.277195692062378,47155200
2007-01-12,1.3921879529953003,1.2902288436889648,38764800
2007-01-16,1.3921879529953003,1.2902288436889648,40505600
2007-01-17,1.3668750524520874,1.266769289970398,31340800
2007-01-18,1.3109380006790161,1.214929223060608,90720000
2007-01-19,1.314844012260437,1.2185490131378174,59116800
2007-01-22,1.2890629768371582,1.1946560144424438,64390400
2007-01-23,1.2829689979553223,1.1890084743499756,46195200
2007-01-24,1.321874976158142,1.2250651121139526,38483200
2007-01-25,1.285938024520874,1.1917603015899658,61868800
2007-01-26,1.2770309448242188,1.1835054159164429,55136000
2007-01-29,1.2845309972763062,1.1904563903808594,51174400
2007-01-30,1.2879689931869507,1.193642497062683,24473600
2007-01-31,1.303905963897705,1.2084120512008667,71808000
2007-02-01,1.305469036102295,1.2098608016967773,55014400
2007-02-02,1.3167190551757812,1.2202867269515991,38931200
2007-02-05,1.3121880292892456,1.2160876989364624,31225600
2007-02-06,1.306249976158142,1.210584282875061,49286400
2007-02-07,1.3373440504074097,1.2394012212753296,54099200
2007-02-08,1.3378130197525024,1.2398356199264526,28684800
2007-02-09,1.2960939407348633,1.2011723518371582,61971200
2007-02-12,1.2857810258865356,1.1916148662567139,40531200
2007-02-13,1.2998440265655518,1.2046475410461426,40096000
2007-02-14,1.3387500047683716,1.24070405960083,51052800
2007-02-15,1.3529690504074097,1.2538822889328003,27660800
2007-02-16,1.348438024520874,1.2496827840805054,19801600
2007-02-20,1.364063024520874,1.2641634941101074,35174400
2007-02-21,1.3729690313339233,1.2724173069000244,71372800
2007-02-22,1.3875000476837158,1.2858842611312866,37625600
2007-02-23,1.375,1.2742993831634521,23622400
2007-02-26,1.3624999523162842,1.2627148628234863,39673600
2007-02-27,1.2312500476837158,1.1410772800445557,143776000
2007-02-28,1.2576559782028198,1.1655495166778564,87148800
2007-03-01,1.2445310354232788,1.1533857583999634,109964800
2007-03-02,1.2009379863739014,1.112985610961914,124332800
2007-03-05,1.1843750476837158,1.097635269165039,134688000
2007-03-06,1.2276560068130493,1.1377466917037964,109542400
2007-03-07,1.216405987739563,1.1273205280303955,84012800
2007-03-08,1.239063024520874,1.1483179330825806,76480000
2007-03-09,1.2346880435943604,1.144263505935669,65689600
2007-03-12,1.246093988418579,1.1548339128494263,41395200
2007-03-13,1.1989059448242188,1.1111019849777222,104352000
2007-03-14,1.2321879863739014,1.1419471502304077,152550400
2007-03-15,1.2287499904632568,1.1387605667114258,68441600
2007-03-16,1.2242189645767212,1.1345609426498413,71257600
2007-03-19,1.2489060163497925,1.1574403047561646,64025600
2007-03-20,1.265625,1.172934651374817,51993600
2007-03-21,1.3125,1.216376781463623,119865600
2007-03-22,1.3046879768371582,1.2091370820999146,85292800
2007-03-23,1.2932809591293335,1.1985652446746826,46451200
2007-03-26,1.3032809495925903,1.207833170890808,62470400
2007-03-27,1.2892190217971802,1.1949734687805176,41369600
2007-03-28,1.2625000476837158,1.1702075004577637,92390400
2007-03-29,1.260938048362732,1.1687597036361694,134150400
2007-03-30,1.2653130292892456,1.1728150844573975,75686400
2007-04-02,1.2606250047683716,1.1684694290161133,63814400
2007-04-03,1.297031044960022,1.202214002609253,67308800
2007-04-04,1.3046879768371582,1.2093112468719482,52313600
2007-04-05,1.318750023841858,1.2223453521728516,40307200
2007-04-09,1.312343955039978,1.2164077758789062,51251200
2007-04-10,1.3224999904632568,1.2258211374282837,37568000
2007-04-11,1.295469045639038,1.2007663249969482,65952000
2007-04-12,1.3179689645767212,1.2216215133666992,60236800
2007-04-13,1.3226560354232788,1.225965976715088,52838400
2007-04-16,1.3457809686660767,1.2474004030227661,45024000
2007-04-17,1.3512500524520874,1.252469778060913,48000000
2007-04-18,1.346094012260437,1.2476903200149536,36531200
2007-04-19,1.3471879959106445,1.2487043142318726,62374400
2007-04-20,1.3674999475479126,1.267531394958496,53209600
2007-04-23,1.3681249618530273,1.268110752105713,29760000
2007-04-24,1.3790630102157593,1.2782492637634277,48864000
2007-04-25,1.4187500476837158,1.315035104751587,53702400
2007-04-26,1.433593988418579,1.3287938833236694,61510400
2007-04-27,1.435155987739563,1.3302419185638428,105958400
2007-04-30,1.397655963897705,1.2954829931259155,50624000
2007-05-01,1.40625,1.303449034690857,75372800
2007-05-02,1.424219012260437,1.3201041221618652,49568000
2007-05-03,1.435155987739563,1.3302419185638428,55737600
2007-05-04,1.4385939836502075,1.3334283828735352,54489600
2007-05-07,1.4353129863739014,1.3303873538970947,31603200
2007-05-08,1.4345309734344482,1.3296626806259155,57024000
2007-05-09,1.4451559782028198,1.3395106792449951,56448000
2007-05-10,1.4089059829711914,1.3059110641479492,97267200
2007-05-11,1.4420310258865356,1.3366143703460693,70611200
2007-05-14,1.4212499856948853,1.317352533340454,78387200
2007-05-15,1.4007810354232788,1.2983797788619995,89324800
2007-05-16,1.4268749952316284,1.3225659132003784,71763200
2007-05-17,1.4115630388259888,1.3083735704421997,48966400
2007-05-18,1.4346879720687866,1.3298078775405884,54425600
2007-05-21,1.4546879529953003,1.3483458757400513,94963200
2007-05-22,1.4564059972763062,1.3499380350112915,48595200
2007-05-23,1.443593978881836,1.3380627632141113,54054400
2007-05-24,1.4028129577636719,1.3002631664276123,123494400
2007-05-25,1.4178129434585571,1.3141666650772095,52275200
2007-05-29,1.4359380006790161,1.330966591835022,60640000
2007-05-30,1.4614059925079346,1.3545726537704468,72908800
2007-05-31,1.4798439741134644,1.3716630935668945,60012800
2007-06-01,1.4785939455032349,1.3705041408538818,51859200
2007-06-04,1.4828130006790161,1.3744149208068848,35552000
2007-06-05,1.4848439693450928,1.3762969970703125,86380800
2007-06-06,1.4509379863739014,1.3448697328567505,93094400
2007-06-07,1.402500033378601,1.2999730110168457,156672000
2007-06-08,1.4401559829711914,1.3348760604858398,104294400
2007-06-11,1.4343750476837158,1.3295179605484009,55513600
2007-06-12,1.4149999618530273,1.3115592002868652,96966400
2007-06-13,1.4429689645767212,1.3374840021133423,89619200
2007-06-14,1.4684380292892456,1.3610904216766357,51564800
2007-06-15,1.496093988418579,1.3867251873016357,42892800
2007-06-18,1.4945310354232788,1.3852763175964355,30707200
2007-06-19,1.4926559925079346,1.3835382461547852,49184000
2007-06-20,1.4659379720687866,1.3587734699249268,69433600
2007-06-21,1.4934380054473877,1.384263277053833,97856000
2007-06-22,1.4642189741134644,1.3571799993515015,127193600
2007-06-25,1.457031011581421,1.350517988204956,94553600
2007-06-26,1.4406249523162842,1.335310697555542,103520000
2007-06-27,1.473438024520874,1.3657253980636597,100000000
2007-06-28,1.477187991142273,1.3692010641098022,84198400
2007-06-29,1.4864059686660767,1.3777451515197754,98572800
2007-07-02,1.5053130388259888,1.3952701091766357,60780800
2007-07-03,1.522655963897705,1.411345362663269,37523200
2007-07-05,1.5399999618530273,1.42742121219635,69324800
2007-07-06,1.558593988418579,1.4446558952331543,49600000
2007-07-09,1.559999942779541,1.445959448814392,41664000
2007-07-10,1.5345309972763062,1.4223518371582031,69132800
2007-07-11,1.5604690313339233,1.4463940858840942,72134400
2007-07-12,1.600780963897705,1.4837590456008911,63712000
2007-07-13,1.6243749856948853,1.505628228187561,59699200
2007-07-16,1.622655987739563,1.5040348768234253,57894400
2007-07-17,1.6389060020446777,1.519097089767456,52633600
2007-07-18,1.640625,1.5206903219223022,82022400
2007-07-19,1.6478129625320435,1.5273526906967163,63494400
2007-07-20,1.6339060068130493,1.5144627094268799,92166400
2007-07-23,1.631250023841858,1.512000560760498,62291200
2007-07-24,1.5868749618530273,1.4708696603775024,145600000
2007-07-25,1.589063048362732,1.4728976488113403,100384000
2007-07-26,1.553905963897705,1.4403107166290283,212934400
2007-07-27,1.4920309782028198,1.3829593658447266,217145600
2007-07-30,1.5340629816055298,1.421918272972107,214092800
2007-07-31,1.46875,1.361379861831665,228902400
2007-08-01,1.486562967300415,1.3778908252716064,324076800
2007-08-02,1.5159380435943604,1.4051183462142944,120908800
2007-08-03,1.4557809829711914,1.349359154701233,161267200
2007-08-06,1.484375,1.375862717628479,187257600
2007-08-07,1.5026559829711914,1.3928074836730957,139993600
2007-08-08,1.546718955039978,1.4336490631103516,137734400
2007-08-09,1.4695310592651367,1.3621039390563965,223526400
2007-08-10,1.4418749809265137,1.336469292640686,273875200
2007-08-13,1.4606250524520874,1.353848934173584,117228800
2007-08-14,1.4140629768371582,1.3106905221939087,161376000
2007-08-15,1.361719012260437,1.2621732950210571,190828800
2007-08-16,1.330469012260437,1.2332078218460083,437721600
2007-08-17,1.3778129816055298,1.2770910263061523,189926400
2007-08-20,1.386718988418579,1.285345435142517,153952000
2007-08-21,1.425781011581421,1.3215521574020386,120620800
2007-08-22,1.4590630531311035,1.3524013757705688,110560000
2007-08-23,1.453125,1.3468972444534302,138361600
2007-08-24,1.496093988418579,1.3867251873016357,93126400
2007-08-27,1.4667190313339233,1.3594974279403687,72812800
2007-08-28,1.403905987739563,1.3012762069702148,178016000
2007-08-29,1.4810940027236938,1.3728214502334595,131680000
2007-08-30,1.503906011581421,1.3939658403396606,196979200
2007-08-31,1.5301560163497925,1.4182968139648438,143507200
2007-09-04,1.5835939645767212,1.4678281545639038,119251200
2007-09-05,1.5509380102157593,1.437559723854065,164499200
2007-09-06,1.546875,1.433793544769287,128972800
2007-09-07,1.4957809448242188,1.3864350318908691,201273600
2007-09-10,1.4934380054473877,1.384263277053833,178432000
2007-09-11,1.53125,1.4193108081817627,141196800
2007-09-12,1.5379689931869507,1.4255388975143433,114886400
2007-09-13,1.5446879863739014,1.4317667484283447,111219200
2007-09-14,1.544530987739563,1.4316209554672241,86931200
2007-09-17,1.5185940265655518,1.407580018043518,100806400
2007-09-18,1.5978130102157593,1.4810080528259277,165324800
2007-09-19,1.6073440313339233,1.489842414855957,145990400
2007-09-20,1.5970309972763062,1.480283260345459,96998400
2007-09-21,1.616405963897705,1.4982414245605469,74963200
2007-09-24,1.6339060068130493,1.5144627094268799,102547200
2007-09-25,1.662343978881836,1.5408214330673218,82636800
2007-09-26,1.6771880388259888,1.5545802116394043,99923200
2007-09-27,1.699218988418579,1.5750012397766113,71392000
2007-09-28,1.6890629529953003,1.5655874013900757,90483200
2007-10-01,1.7179689407348633,1.5923802852630615,89824000
2007-10-02,1.7218749523162842,1.5960005521774292,72844800
2007-10-03,1.6953129768371582,1.571380376815796,78572800
2007-10-04,1.703125,1.5786213874816895,70720000
2007-10-05,1.7818750143051147,1.6516149044036865,120684800
2007-10-08,1.7953130006790161,1.6640702486038208,80102400
2007-10-09,1.8156249523162842,1.6828972101211548,99353600
2007-10-10,1.825780987739563,1.6923110485076904,102982400
2007-10-11,1.772655963897705,1.643069863319397,207078400
2007-10-12,1.8239059448242188,1.690572738647461,105504000
2007-10-15,1.7934379577636719,1.6623321771621704,119532800
2007-10-16,1.785156011581421,1.6546560525894165,129670400
2007-10-17,1.8232810497283936,1.6899936199188232,154982400
2007-10-18,1.8356250524520874,1.7014352083206177,142662400
2007-10-19,1.7478129863739014,1.620042324066162,293971200
2007-10-22,1.7846879959106445,1.654221773147583,272115200
2007-10-23,1.8465629816055298,1.711573600769043,173945600
2007-10-24,1.835155963897705,1.7010005712509155,341177600
2007-10-25,1.8143750429153442,1.6817388534545898,259436800
2007-10-26,1.8371880054473877,1.7028834819793701,192032000
2007-10-29,1.8551559448242188,1.719538688659668,182022400
2007-10-30,1.855468988418579,1.7198286056518555,148761600
2007-10-31,1.9135940074920654,1.7737044095993042,211872000
2007-11-01,1.8562500476837158,1.720552682876587,318470400
2007-11-02,1.875938057899475,1.7388014793395996,273952000
2007-11-05,1.853124976158142,1.717655897140503,210304000
2007-11-06,1.883594036102295,1.7458975315093994,196921600
2007-11-07,1.795469045639038,1.6642147302627563,251430400
2007-11-08,1.667188048362732,1.545311689376831,478278400
2007-11-09,1.5723439455032349,1.4574010372161865,403564800
2007-11-12,1.4898439645767212,1.3809317350387573,346969600
2007-11-13,1.6104689836502075,1.492739200592041,286867200
2007-11-14,1.5885939598083496,1.4724626541137695,293459200
2007-11-15,1.558593988418579,1.4446558952331543,276947200
2007-11-16,1.5892189741134644,1.4730422496795654,282041600
2007-11-19,1.5487500429153442,1.435531735420227,321907200
2007-11-20,1.5603129863739014,1.4462497234344482,462284800
2007-11-21,1.5125000476837158,1.401931643486023,405222400
2007-11-23,1.549375057220459,1.4361109733581543,116320000
2007-11-26,1.5078129768371582,1.3975871801376343,315123200
2007-11-27,1.5543750524520874,1.44074547290802,361331200
2007-11-28,1.647655963897705,1.527207374572754,313740800
2007-11-29,1.660156011581421,1.538793683052063,288147200
2007-11-30,1.6478129625320435,1.5273526906967163,439148800
2007-12-03,1.6176559925079346,1.4994001388549805,186739200
2007-12-04,1.602187991142273,1.4850631952285767,284204800
2007-12-05,1.6589059829711914,1.5376346111297607,294969600
2007-12-06,1.695937991142273,1.5719596147537231,244672000
2007-12-07,1.7073440551757812,1.5825318098068237,246080000
2007-12-10,1.717344045639038,1.5918010473251343,188812800
2007-12-11,1.6432809829711914,1.5231523513793945,340819200
2007-12-12,1.6653130054473877,1.5435734987258911,303686400
2007-12-13,1.640781044960022,1.5208349227905273,317657600
2007-12-14,1.615625023841858,1.4975175857543945,254803200
2007-12-17,1.5415630340576172,1.4288699626922607,345606400
2007-12-18,1.544374942779541,1.4314764738082886,362284800
2007-12-19,1.558593988418579,1.4446558952331543,329580800
2007-12-20,1.5403130054473877,1.5044499635696411,328115200
2007-12-21,1.59375,1.5566424131393433,217875200
2007-12-24,1.6124999523162842,1.5749555826187134,62067200
2007-12-26,1.628906011581421,1.590980052947998,111123200
2007-12-27,1.5835939645767212,1.5467228889465332,156108800
2007-12-28,1.5792189836502075,1.542449712753296,190265600
2007-12-31,1.5503129959106445,1.5142170190811157,148998400
2008-01-02,1.5007810592651367,1.4658381938934326,474828800
2008-01-03,1.509374976158142,1.4742323160171509,330675200
2008-01-04,1.378749966621399,1.346648097038269,620403200
2008-01-07,1.3609379529953003,1.3292510509490967,848998400
2008-01-08,1.298280954360962,1.2680531740188599,790464000
2008-01-09,1.339843988418579,1.3086482286453247,1060332800
2008-01-10,1.3406250476837158,1.3094111680984497,1146156800
2008-01-11,1.3035939931869507,1.2732422351837158,668806400
2008-01-14,1.337656021118164,1.3065110445022583,574457600
2008-01-15,1.276563048362732,1.2468405961990356,679347200
2008-01-16,1.239063024520874,1.2102134227752686,968864000
2008-01-17,1.2050000429153442,1.1769438982009888,962131200
2008-01-18,1.198438048362732,1.170534372329712,866348800
2008-01-22,1.1332809925079346,1.106895089149475,1192723200
2008-01-23,1.1432809829711914,1.116661787033081,1652576000
2008-01-24,1.176563024520874,1.1491689682006836,814208000
2008-01-25,1.125,1.0988065004348755,944288000
2008-01-28,1.1421879529953003,1.1155942678451538,713836800
2008-01-29,1.1475000381469727,1.1207826137542725,500620800
2008-01-30,1.1460939645767212,1.119409441947937,832857600
2008-01-31,1.1726560592651367,1.145353078842163,986067200
2008-02-01,1.2109379768371582,1.182743787765503,750764800
2008-02-04,1.1685940027236938,1.141385793685913,466259200
2008-02-05,1.1129690408706665,1.0870553255081177,784569600
2008-02-06,1.0656249523162842,1.04081392288208,638035200
2008-02-07,1.087499976158142,1.0621799230575562,1040883200
2008-02-08,1.1015629768371582,1.0759153366088867,685952000
2008-02-11,1.1262500286102295,1.1000274419784546,561113600
2008-02-12,1.117969036102295,1.0919392108917236,661849600
2008-02-13,1.1578129529953003,1.1308555603027344,470393600
2008-02-14,1.121250033378601,1.0951437950134277,708710400
2008-02-15,1.1171879768371582,1.0911763906478882,494227200
2008-02-19,1.1065629720687866,1.0807987451553345,607513600
2008-02-20,1.1167190074920654,1.090718388557434,685689600
2008-02-21,1.0996880531311035,1.0740835666656494,594752000
2008-02-22,1.109375,1.0835456848144531,707392000
2008-02-25,1.1139060258865356,1.0879712104797363,601376000
2008-02-26,1.1242189407348633,1.0980435609817505,669926400
2008-02-27,1.1314059495925903,1.1050631999969482,607328000
2008-02-28,1.107030987739563,1.0812557935714722,550195200
2008-02-29,1.0740629434585571,1.0490556955337524,793939200
2008-03-03,1.050781011581421,1.0263158082962036,770668800
2008-03-04,1.0593750476837158,1.0347095727920532,1067334400
2008-03-05,1.0796879529953003,1.0545490980148315,991846400
2008-03-06,1.0246880054473877,1.0008296966552734,798937600
2008-03-07,1.0192190408706665,0.9954883456230164,1026643200
2008-03-10,0.9785940051078796,0.9558093547821045,865478400
2008-03-11,1.0673439502716064,1.0424928665161133,963321600
2008-03-12,1.0465630292892456,1.0221960544586182,734310400
2008-03-13,1.063438057899475,1.0386779308319092,1361625600
2008-03-14,1.0206249952316284,0.9968612194061279,1296870400
2008-03-17,0.9943749904632568,0.9712227582931519,1173900800
2008-03-18,1.080469012260437,1.055312156677246,964576000
2008-03-19,1.026563048362732,1.0026609897613525,1051552000
2008-03-20,1.0556249618530273,1.0310466289520264,781843200
2008-03-24,1.1421879529953003,1.1155942678451538,675667200
2008-03-25,1.1507810354232788,1.1239871978759766,666425600
2008-03-26,1.1281249523162842,1.1018584966659546,616620800
2008-03-27,1.1050000190734863,1.0792717933654785,647513600
2008-03-28,1.0882810354232788,1.0629425048828125,655161600
2008-03-31,1.0929689407348633,1.067521333694458,513881600
2008-04-01,1.1848440170288086,1.157257080078125,625817600
2008-04-02,1.1929689645767212,1.16519296169281,643724800
2008-04-03,1.1950000524520874,1.1671764850616455,605100800
2008-04-04,1.2009379863739014,1.1729764938354492,755507200
2008-04-07,1.1942189931869507,1.1664141416549683,670982400
2008-04-08,1.183593988418579,1.156036376953125,531545600
2008-04-09,1.1578129529953003,1.1308555603027344,801152000
2008-04-10,1.1853129863739014,1.1577153205871582,785804800
2008-04-11,1.1217190027236938,1.0956014394760132,1047289600
2008-04-14,1.105468988418579,1.0797297954559326,834406400
2008-04-15,1.107030987739563,1.0812557935714722,934470400
2008-04-16,1.188905954360962,1.161224603652954,908249600
2008-04-17,1.191406011581421,1.1636661291122437,775168000
2008-04-18,1.2389060258865356,1.2100602388381958,1033152000
2008-04-21,1.2554689645767212,1.2262375354766846,628748800
2008-04-22,1.2312500476837158,1.202582597732544,728972800
2008-04-23,1.2443749904632568,1.2154020071029663,718752000
2008-04-24,1.2612500190734863,1.231884241104126,963091200
2008-04-25,1.2625000476837158,1.2331050634384155,660928000
2008-04-28,1.2668750286102295,1.2373782396316528,462329600
2008-04-29,1.2825000286102295,1.2526397705078125,662572800
2008-04-30,1.263280987739563,1.233867883682251,844825600
2008-05-01,1.342344045639038,1.311090111732483,1120076800
2008-05-02,1.357030987739563,1.3254348039627075,1012832000
2008-05-05,1.3395309448242188,1.308342695236206,642604800
2008-05-06,1.368906021118164,1.3370338678359985,889068800
2008-05-07,1.3156249523162842,1.284993052482605,1013568000
2008-05-08,1.3173439502716064,1.2866718769073486,1090342400
2008-05-09,1.3165630102157593,1.2859092950820923,889708800
2008-05-12,1.3657809495925903,1.3339815139770508,755699200
2008-05-13,1.3737499713897705,1.34176504611969,888793600
2008-05-14,1.3623440265655518,1.3306244611740112,893184000
2008-05-15,1.415624976158142,1.3826645612716675,880646400
2008-05-16,1.415624976158142,1.3826645612716675,776800000
2008-05-19,1.4018750190734863,1.3692349195480347,1040748800
2008-05-20,1.376405954360962,1.344359040260315,926176000
2008-05-21,1.3198440074920654,1.2891138792037964,1023104000
2008-05-22,1.317188024520874,1.2865201234817505,946060800
2008-05-23,1.3128130435943604,1.2822465896606445,738931200
2008-05-27,1.3571879863739014,1.3255884647369385,792563200
2008-05-28,1.3729690313339233,1.3410019874572754,839865600
2008-05-29,1.3979690074920654,1.365419626235962,882828800
2008-05-30,1.4140629768371582,1.3811389207839966,730227200
2008-06-02,1.3823440074920654,1.35015869140625,987193600
2008-06-03,1.365468978881836,1.3336764574050903,1074073600
2008-06-04,1.3887499570846558,1.3564153909683228,982099200
2008-06-05,1.441249966621399,1.4076931476593018,902118400
2008-06-06,1.3457809686660767,1.314447045326233,1139174400
2008-06-09,1.3431249856948853,1.3118528127670288,1036710400
2008-06-10,1.325624942779541,1.2947602272033691,933209600
2008-06-11,1.2648439407348633,1.2353945970535278,1009939200
2008-06-12,1.2671879529953003,1.2376840114593506,923110400
2008-06-13,1.314687967300415,1.2840778827667236,803302400
2008-06-16,1.3335939645767212,1.3025437593460083,713766400
2008-06-17,1.3270310163497925,1.2961336374282837,659014400
2008-06-18,1.2976560592651367,1.2674424648284912,866617600
2008-06-19,1.334375023841858,1.3033061027526855,1059968000
2008-06-20,1.2687499523162842,1.2392090559005737,1279577600
2008-06-23,1.240468978881836,1.2115870714187622,924038400
2008-06-24,1.2321879863739014,1.2039998769760132,938208000
2008-06-25,1.2587499618530273,1.2299540042877197,971648000
2008-06-26,1.1696879863739014,1.1429290771484375,1457721600
2008-06-27,1.1729689836502075,1.1461354494094849,1126060800
2008-06-30,1.1460939645767212,1.1198755502700806,830841600
2008-07-01,1.1760940551757812,1.14918851852417,1242892800
2008-07-02,1.1184380054473877,1.0928518772125244,1203097600
2008-07-03,1.1124999523162842,1.0870493650436401,739436800
2008-07-07,1.1293749809265137,1.1035387516021729,1230918400
2008-07-08,1.169374942779541,1.1426235437393188,1523456000
2008-07-09,1.124843955039978,1.0991114377975464,1279372800
2008-07-10,1.1442190408706665,1.1180429458618164,1150080000
2008-07-11,1.1089060306549072,1.0835381746292114,1525894400
2008-07-14,1.0928130149841309,1.0678131580352783,1135936000
2008-07-15,1.0881249904632568,1.0632323026657104,1623366400
2008-07-16,1.1401560306549072,1.1140732765197754,1204550400
2008-07-17,1.1353130340576172,1.1093409061431885,1253017600
2008-07-18,1.1209379434585571,1.0952948331832886,938035200
2008-07-21,1.1218750476837158,1.096210241317749,710099200
2008-07-22,1.1209379434585571,1.0952948331832886,1166649600
2008-07-23,1.1465630531311035,1.1203337907791138,1333984000
2008-07-24,1.1073440313339233,1.0820115804672241,1001952000
2008-07-25,1.1370309591293335,1.1110191345214844,740652800
2008-07-28,1.1024999618530273,1.0772783756256104,948441600
2008-07-29,1.1354689598083496,1.1094931364059448,920275200
2008-07-30,1.1549999713897705,1.1285772323608398,979865600
2008-07-31,1.1510939598083496,1.124760627746582,1066112000
2008-08-01,1.1232810020446777,1.0975844860076904,961113600
2008-08-04,1.100780963897705,1.0755988359451294,695328000
2008-08-05,1.1684379577636719,1.1417078971862793,883315200
2008-08-06,1.2034380435943604,1.1759076118469238,861612800
2008-08-07,1.1909379959106445,1.1636930704116821,841401600
2008-08-08,1.2376559972763062,1.2093428373336792,954188800
2008-08-11,1.260938048362732,1.2320917844772339,997164800
2008-08-12,1.2659380435943604,1.2369776964187622,819052800
2008-08-13,1.2598439455032349,1.231022834777832,958009600
2008-08-14,1.2899999618530273,1.2604888677597046,985248000
2008-08-15,1.290781021118164,1.2612521648406982,829344000
2008-08-18,1.2628129720687866,1.2339242696762085,825510400
2008-08-19,1.2312500476837158,1.2030831575393677,831500800
2008-08-20,1.2242189645767212,1.196212649345398,1024723200
2008-08-21,1.2096879482269287,1.1820143461227417,808377600
2008-08-22,1.243749976158142,1.2152972221374512,689868800
2008-08-25,1.1974999904632568,1.1701054573059082,795360000
2008-08-26,1.1926560401916504,1.1653717756271362,838393600
2008-08-27,1.204530954360962,1.176975131034851,805478400
2008-08-28,1.2110940217971802,1.183388352394104,680716800
2008-08-29,1.1731250286102295,1.1462880373001099,879635200
2008-09-02,1.1435940265655518,1.1174325942993164,1141542400
2008-09-03,1.122655987739563,1.0969735383987427,1236364800
2008-09-04,1.0503129959106445,1.0262852907180786,1763404800
2008-09-05,1.046718955039978,1.0227735042572021,1602617600
2008-09-08,1.0348440408706665,1.0111699104309082,1637305600
2008-09-09,0.9959380030632019,0.9731541872024536,1255411200
2008-09-10,1.0049999952316284,0.9820089936256409,890912000
2008-09-11,1.0456249713897705,1.0217044353485107,1328108800
2008-09-12,1.0496879816055298,1.02567458152771,977753600
2008-09-15,0.9810940027236938,0.9586498141288757,1582764800
2008-09-16,0.987500011920929,0.9649093151092529,2132230400
2008-09-17,0.8890630006790161,0.8687241077423096,2326515200
2008-09-18,0.9532809853553772,0.9314730763435364,2372896000
2008-09-19,0.989687979221344,0.9670472145080566,1062764800
2008-09-22,0.9148439764976501,0.8939154744148254,1072889600
2008-09-23,0.8968750238418579,0.8763576149940491,1784864000
2008-09-24,0.9154689908027649,0.8945260047912598,1331500800
2008-09-25,0.9248440265655518,0.9036867022514343,1528147200
2008-09-26,0.918749988079071,0.8977320194244385,1254144000
2008-09-29,0.7414060235023499,0.7244450449943542,2718585600
2008-09-30,0.8184379935264587,0.7997148036956787,1554534400
2008-10-01,0.7970309853553772,0.7787976861000061,1620377600
2008-10-02,0.7328130006790161,0.7160486578941345,1964652800
2008-10-03,0.6992189884185791,0.6832230687141418,2824569600
2008-10-06,0.6337500214576721,0.6192518472671509,3916358400
2008-10-07,0.5703129768371582,0.5572661757469177,3110828800
2008-10-08,0.5557810068130493,0.5430665612220764,4987097600
2008-10-09,0.5128129720687866,0.5010814666748047,4425280000
2008-10-10,0.5204690098762512,0.5085623264312744,4740928000
2008-10-13,0.6484379768371582,0.6336037516593933,2673683200
2008-10-14,0.588280975818634,0.5748230218887329,3801804800
2008-10-15,0.4807809889316559,0.4697822630405426,3394016000
2008-10-16,0.5354689955711365,0.5232192873954773,5613836800
2008-10-17,0.534375011920929,0.5221501588821411,4111097600
2008-10-20,0.5703129768371582,0.5572661757469177,2546252800
2008-10-21,0.5129690170288086,0.5012339353561401,2752345600
2008-10-22,0.4782809913158417,0.46733954548835754,2978137600
2008-10-23,0.473906010389328,0.46306464076042175,3661382400
2008-10-24,0.4465630054473877,0.436347097158432,3145766400
2008-10-27,0.4204689860343933,0.41085007786750793,2875110400
2008-10-28,0.508437991142273,0.4968065321445465,3720396800
2008-10-29,0.5139060020446777,0.5021495819091797,3313126400
2008-10-30,0.5406249761581421,0.5282570719718933,3164121600
2008-10-31,0.5434380173683167,0.5310059785842896,2557939200
2008-11-03,0.5459380149841309,0.5334487557411194,1531443200
2008-11-04,0.5770310163497925,0.5638303756713867,2004947200
2008-11-05,0.5140630006790161,0.5023030638694763,2146412800
2008-11-06,0.46546900272369385,0.4548207223415375,3151692800
2008-11-07,0.4857810139656067,0.4746679663658142,2520390400
2008-11-10,0.4776560068130493,0.46672889590263367,2019488000
2008-11-11,0.45875000953674316,0.448255330324173,2901536000
2008-11-12,0.4123440086841583,0.4029109477996826,2894784000
2008-11-13,0.4606249928474426,0.45008745789527893,4739315200
2008-11-14,0.4153130054473877,0.40581199526786804,4017075200
2008-11-17,0.39921900629997253,0.39008617401123047,3202387200
2008-11-18,0.3956249952316284,0.3865744173526764,4219782400
2008-11-19,0.35468798875808716,0.34657391905784607,3621836800
2008-11-20,0.32234400510787964,0.3149698078632355,5974124800
2008-11-21,0.3476560115814209,0.339702844619751,5362598400
2008-11-24,0.3890630006790161,0.3801625370979309,3662035200
2008-11-25,0.3864060044288635,0.37756627798080444,3014950400
2008-11-26,0.4182809889316559,0.40871211886405945,2864876800
2008-11-28,0.41312500834465027,0.40367403626441956,649408000
2008-12-01,0.3517189919948578,0.34367281198501587,2601382400
2008-12-02,0.37421900033950806,0.365658164024353,2950828800
2008-12-03,0.392969012260437,0.3839791417121887,3620761600
2008-12-04,0.37187498807907104,0.36336761713027954,3048198400
2008-12-05,0.40171900391578674,0.39252904057502747,3368147200
2008-12-08,0.4335939884185791,0.4236747920513153,2821516800
2008-12-09,0.43015599250793457,0.42031553387641907,2766342400
2008-12-10,0.4296880066394806,0.4198581874370575,2192640000
2008-12-11,0.4059379994869232,0.3966515064239502,1909267200
2008-12-12,0.4217190146446228,0.4120715260505676,2646476800
2008-12-15,0.40703099966049194,0.39771947264671326,1780428800
2008-12-16,0.4453130066394806,0.4351257383823395,2131968000
2008-12-17,0.4348439872264862,0.424896240234375,1832435200
2008-12-18,0.4207809865474701,0.4111548662185669,1739680000
2008-12-19,0.4254690110683441,0.41573566198349,1661164800
2008-12-22,0.4089060127735138,0.3995515704154968,1603526400
2008-12-23,0.4037500023841858,0.3945135772228241,1478828800
2008-12-24,0.4048439860343933,0.39558255672454834,361849600
2008-12-26,0.4051559865474701,0.3958873748779297,294259200
2008-12-29,0.3948439955711365,0.38581129908561707,872089600
2008-12-30,0.4128130078315735,0.4033691883087158,1143532800
2008-12-31,0.42015600204467773,0.410544216632843,1261484800
2009-01-02,0.4571880102157593,0.4467290937900543,1475475200
2009-01-05,0.4571880102157593,0.4467290937900543,1725651200
2009-01-06,0.46656298637390137,0.45588958263397217,2101619200
2009-01-07,0.44046899676322937,0.4303925335407257,1636352000
2009-01-08,0.44999998807907104,0.43970543146133423,1744870400
2009-01-09,0.4300000071525574,0.42016303539276123,1596710400
2009-01-12,0.4140630066394806,0.4045906066894531,1513324800
2009-01-13,0.41359400749206543,0.4041324257850647,1681273600
2009-01-14,0.38874998688697815,0.3798567056655884,1874438400
2009-01-15,0.4001559913158417,0.39100176095962524,2477337600
2009-01-16,0.4101560115814209,0.40077298879623413,2330841600
2009-01-20,0.3710939884185791,0.3626045882701874,2157945600
2009-01-21,0.3995310068130493,0.3903910517692566,2047974400
2009-01-22,0.39109399914741516,0.38214704394340515,2054265600
2009-01-23,0.39265599846839905,0.3836733400821686,2100006400
2009-01-26,0.3985939919948578,0.38947543501853943,1928780800
2009-01-27,0.4051559865474701,0.3958873748779297,1643763200
2009-01-28,0.4321880042552948,0.4223009943962097,2317088000
2009-01-29,0.411406010389328,0.4019944369792938,1822316800
2009-01-30,0.395781010389328,0.38672688603401184,1857670400
2009-02-02,0.4060940146446228,0.39680394530296326,1807820800
2009-02-03,0.419063001871109,0.40947628021240234,1952128000
2009-02-04,0.4193750023841858,0.40978115797042847,2168153600
2009-02-05,0.4384379982948303,0.42840805649757385,2627801600
2009-02-06,0.4607810080051422,0.45023980736732483,2390707200
2009-02-09,0.465938001871109,0.4552789330482483,1966048000
2009-02-10,0.4309380054473877,0.42107954621315,3138188800
2009-02-11,0.42781299352645874,0.41802603006362915,2021523200
2009-02-12,0.4375,0.4274914264678955,2845056000
2009-02-13,0.43281298875808716,0.4229116141796112,2116345600
2009-02-17,0.4000000059604645,0.3908493220806122,2483891200
2009-02-18,0.39890599250793457,0.3897804021835327,2430355200
2009-02-19,0.38749998807907104,0.3786352574825287,2036998400
2009-02-20,0.38859400153160095,0.3797042667865753,2976972800
2009-02-23,0.3618749976158142,0.35359644889831543,2659417600
2009-02-24,0.3843750059604645,0.3755817711353302,2595270400
2009-02-25,0.3799999952316284,0.37130680680274963,3262988800
2009-02-26,0.359375,0.3511536717414856,2592627200
2009-02-27,0.3518750071525574,0.34382539987564087,2482489600
2009-03-02,0.32968801259994507,0.3221457898616791,2789760000
2009-03-03,0.3290629982948303,0.3215351402759552,2486412800
2009-03-04,0.34578099846839905,0.33787065744400024,2718470400
2009-03-05,0.325780987739563,0.31832820177078247,2543084800
2009-03-06,0.32078099250793457,0.31344252824783325,2782803200
2009-03-09,0.3062500059604645,0.2992440462112427,2662112000
2009-03-10,0.3435940146446228,0.3357337415218353,2659622400
2009-03-11,0.3539060056209564,0.34580978751182556,2692896000
2009-03-12,0.3778130114078522,0.3691698908805847,2623270400
2009-03-13,0.38062500953674316,0.3719176948070526,2145433600
2009-03-16,0.36671900749206543,0.358329713344574,2177203200
2009-03-17,0.3943749964237213,0.38535308837890625,1769350400
2009-03-18,0.40437498688697815,0.3951241970062256,3108902400
2009-03-19,0.40421900153160095,0.3949717879295349,2050752000
2009-03-20,0.39250001311302185,0.3835209310054779,1976985600
2009-03-23,0.4387499988079071,0.4287128746509552,2146688000
2009-03-24,0.4232810139656067,0.4135977327823639,1861984000
2009-03-25,0.4260939955711365,0.4163464307785034,2333324800
2009-03-26,0.4528129994869232,0.44245412945747375,2657696000
2009-03-27,0.434688001871109,0.42474377155303955,1868876800
2009-03-30,0.4126560091972351,0.4032159149646759,1966278400
2009-03-31,0.4220309853553772,0.412376344203949,1843731200
2009-04-01,0.4337500035762787,0.42382732033729553,1945958400
2009-04-02,0.46156299114227295,0.4510039687156677,2867379200
2009-04-03,0.47843798995018005,0.46749281883239746,1767468800
2009-04-06,0.47562500834465027,0.4647442698478699,1833568000
2009-04-07,0.4495309889316559,0.4392472207546234,1613017600
2009-04-08,0.46656298637390137,0.45588958263397217,1609676800
2009-04-09,0.4945310056209564,0.48321783542633057,1943648000
2009-04-13,0.4932810068130493,0.4819962680339813,1383603200
2009-04-14,0.4806250035762787,0.4696299433708191,1497120000
2009-04-15,0.47999998927116394,0.46901920437812805,1583974400
2009-04-16,0.5037500262260437,0.4922258257865906,1849260800
2009-04-17,0.5040630102157593,0.49253174662590027,1452729600
2009-04-20,0.4715630114078522,0.4607751965522766,1469632000
2009-04-21,0.48515599966049194,0.47405722737312317,1668038400
2009-04-22,0.489531010389328,0.4783322215080261,2092883200
2009-04-23,0.4996879994869232,0.4882567226886749,1472755200
2009-04-24,0.5162500143051147,0.5044401288032532,1593561600
2009-04-27,0.5167189836502075,0.5048980116844177,1499513600
2009-04-28,0.5095310211181641,0.49787458777427673,1285670400
2009-04-29,0.5231249928474426,0.5111576318740845,1645292800
2009-04-30,0.5331249833106995,0.5209289789199829,1807251200
2009-05-01,0.535938024520874,0.5236776471138,1289958400
2009-05-04,0.5585939884185791,0.5458152294158936,1297952000
2009-05-05,0.5568749904632568,0.5441353917121887,1117676800
2009-05-06,0.5567190051078796,0.5439832210540771,1682528000
2009-05-07,0.5301560163497925,0.5180279016494751,1719552000
2009-05-08,0.5320309996604919,0.5198601484298706,1620915200
2009-05-11,0.5353130102157593,0.5230667591094971,1182342400
2009-05-12,0.5220310091972351,0.5100886225700378,1319705600
2009-05-13,0.49312499165534973,0.4818439781665802,1499219200
2009-05-14,0.5037500262260437,0.4922258257865906,1184128000
2009-05-15,0.5026559829711914,0.4911569058895111,1045017600
2009-05-18,0.5293750166893005,0.5172646045684814,923884800
2009-05-19,0.5354689955711365,0.5232192873954773,1040729600
2009-05-20,0.5310940146446228,0.518944501876831,1440819200
2009-05-21,0.5117189884185791,0.5000125765800476,1177772800
2009-05-22,0.5078129768371582,0.49619588255882263,789382400
2009-05-26,0.5465630292892456,0.5340595245361328,1449804800
2009-05-27,0.5375000238418579,0.5252037644386292,1290848000
2009-05-28,0.5520309805870056,0.5394023656845093,1210444800
2009-05-29,0.5640630125999451,0.5511592030525208,1094265600
2009-06-01,0.5981249809265137,0.5844418406486511,1440185600
2009-06-02,0.5981249809265137,0.5844418406486511,1315769600
2009-06-03,0.5965629816055298,0.5829156041145325,1234854400
2009-06-04,0.6085940003395081,0.5946714282035828,1252921600
2009-06-05,0.6101559996604919,0.5961977243423462,1269100800
2009-06-08,0.6054689884185791,0.5916179418563843,1068640000
2009-06-09,0.6156250238418579,0.6015415787696838,1092236800
2009-06-10,0.6107810139656067,0.5968085527420044,1295692800
2009-06-11,0.6101559996604919,0.5961977243423462,1083513600
2009-06-12,0.6057810187339783,0.5919227600097656,968550400
2009-06-15,0.5796880125999451,0.5664267539978027,1067923200
2009-06-16,0.5695310235023499,0.5565019845962524,1090803200
2009-06-17,0.5790629982948303,0.5658160448074341,1480448000
2009-06-18,0.5760939717292786,0.5629149079322815,898086400
2009-06-19,0.5890629887580872,0.5755871534347534,957408000
2009-06-22,0.5557810068130493,0.5430665612220764,1129862400
2009-06-23,0.5526559948921204,0.5400131940841675,1088000000
2009-06-24,0.5706250071525574,0.5575708150863647,989632000
2009-06-25,0.5939059853553772,0.5803194642066956,1075027200
2009-06-26,0.596094012260437,0.582457423210144,890060800
2009-06-29,0.5978130102157593,0.5841372013092041,800243200
2009-06-30,0.5953130125999451,0.5816943049430847,1058643200
2009-07-01,0.5962499976158142,0.5826098918914795,907660800
2009-07-02,0.5706250071525574,0.5575708150863647,689958400
2009-07-06,0.5653129816055298,0.5523805022239685,716096000
2009-07-07,0.5370309948921204,0.524745523929596,1064294400
2009-07-08,0.5418750047683716,0.529478907585144,1116870400
2009-07-09,0.5429689884185791,0.5305477380752563,738579200
2009-07-10,0.5484380125999451,0.5358915328979492,918297600
2009-07-13,0.5687500238418579,0.5557389855384827,700371200
2009-07-14,0.5728129744529724,0.5597088932991028,594323200
2009-07-15,0.6109380125999451,0.5969616770744324,867648000
2009-07-16,0.6256250143051147,0.6113129258155823,900710400
2009-07-17,0.6323440074920654,0.6178780794143677,669363200
2009-07-20,0.6446880102157593,0.629939615726471,854054400
2009-07-21,0.6546880006790161,0.6397110223770142,904377600
2009-07-22,0.6640629768371582,0.6488713026046753,907430400
2009-07-23,0.6940630078315735,0.6781851649284363,1230208000
2009-07-24,0.6934379935264587,0.6775745153427124,875334400
2009-07-27,0.6945310235023499,0.6786425113677979,850739200
2009-07-28,0.6990630030632019,0.6830708384513855,1101216000
2009-07-29,0.6934379935264587,0.6775745153427124,737420800
2009-07-30,0.7014060020446777,0.6853602528572083,1027475200
2009-07-31,0.6965630054473877,0.6806279420852661,804672000
2009-08-03,0.7176560163497925,0.7012384533882141,821120000
2009-08-04,0.7171880006790161,0.7007812261581421,738816000
2009-08-05,0.7073439955711365,0.6911623477935791,918073600
2009-08-06,0.6949999928474426,0.679100751876831,815564800
2009-08-07,0.7109379768371582,0.6946741342544556,834496000
2009-08-10,0.7032809853553772,0.6871922612190247,613286400
2009-08-11,0.690625011920929,0.6748258471488953,802438400
2009-08-12,0.7118750214576721,0.6955896615982056,865497600
2009-08-13,0.7190629839897156,0.7026132345199585,734745600
2009-08-14,0.7026559710502625,0.6865814328193665,659929600
2009-08-17,0.661719024181366,0.6465809941291809,836396800
2009-08-18,0.680312991142273,0.6647496819496155,552870400
2009-08-19,0.689844012260437,0.6740626692771912,616915200
2009-08-20,0.7065629959106445,0.6903992295265198,541452800
2009-08-21,0.724062979221344,0.7074987888336182,713913600
2009-08-24,0.7229689955711365,0.7064298987388611,703827200
2009-08-25,0.7278130054473877,0.7111631035804749,714003200
2009-08-26,0.7259380221366882,0.7093310952186584,665760000
2009-08-27,0.728905975818634,0.7122311592102051,697203200
2009-08-28,0.7306249737739563,0.7139107584953308,834809600
2009-08-31,0.7151560187339783,0.69879549741745,605267200
2009-09-01,0.6885939836502075,0.6728413701057434,1140915200
2009-09-02,0.6871880292892456,0.6714674830436707,685971200
2009-09-03,0.6965630054473877,0.6806279420852661,508556800
2009-09-04,0.7259380221366882,0.7093310952186584,589465600
2009-09-08,0.7404689788818359,0.7235295176506042,450502400
2009-09-09,0.7528129816055298,0.7355911135673523,695750400
2009-09-10,0.7668750286102295,0.749331533908844,523660800
2009-09-11,0.7681249976158142,0.7505528926849365,577024000
2009-09-14,0.7742189764976501,0.7565073370933533,530265600
2009-09-15,0.7793750166893005,0.7615455985069275,651955200
2009-09-16,0.802187979221344,0.7838364243507385,640851200
2009-09-17,0.801563024520874,0.7832257747650146,708736000
2009-09-18,0.8054689764976501,0.7870425581932068,465196800
2009-09-21,0.8089060187339783,0.790401041507721,515968000
2009-09-22,0.8123440146446228,0.7937602996826172,544307200
2009-09-23,0.8039060235023499,0.7855151891708374,875520000
2009-09-24,0.7901560068130493,0.7720798254013062,662336000
2009-09-25,0.7764059901237488,0.7586445212364197,590489600
2009-09-28,0.8026559948921204,0.7842938899993896,446092800
2009-09-29,0.7959380149841309,0.7777299284934998,533849600
2009-09-30,0.7964059710502625,0.7781868577003479,874406400
2009-10-01,0.75,0.7328425645828247,764659200
2009-10-02,0.7448440194129944,0.7278046011924744,680972800
2009-10-05,0.7571880221366882,0.7398661971092224,556038400
2009-10-06,0.7834380269050598,0.7655157446861267,782726400
2009-10-07,0.7879689931869507,0.7699428796768188,514700800
2009-10-08,0.7951560020446777,0.7769654989242554,578201600
2009-10-09,0.8032810091972351,0.7849046587944031,382720000
2009-10-12,0.8071879744529724,0.7887223362922668,377670400
2009-10-13,0.807030975818634,0.7885688543319702,437312000
2009-10-14,0.8292189836502075,0.8102492690086365,567334400
2009-10-15,0.8262500166893005,0.8073480725288391,500947200
2009-10-16,0.815625011920929,0.7969661355018616,632384000
2009-10-19,0.8306249976158142,0.8116229772567749,553945600
2009-10-20,0.8315629959106445,0.8125395178794861,606630400
2009-10-21,0.8282809853553772,0.8093327879905701,752947200
2009-10-22,0.8356249928474426,0.8165086507797241,638124800
2009-10-23,0.8289059996604919,0.8099433779716492,797702400
2009-10-26,0.8229690194129944,0.8041421175003052,875782400
2009-10-27,0.7985939979553223,0.7803246974945068,1075820800
2009-10-28,0.7621880173683167,0.7447518110275269,975084800
2009-10-29,0.7873439788818359,0.7693321108818054,686060800
2009-10-30,0.7453129887580872,0.7282626628875732,1137433600
2009-11-02,0.7512500286102295,0.734063982963562,1087539200
2009-11-03,0.7564060091972351,0.7391019463539124,779769600
2009-11-04,0.7589060068130493,0.7415449023246765,772992000
2009-11-05,0.7956249713897705,0.7774237394332886,564224000
2009-11-06,0.8054689764976501,0.7870425581932068,545548800
2009-11-09,0.8399999737739563,0.8207836151123047,539545600
2009-11-10,0.8426560163497925,0.8233786821365356,562867200
2009-11-11,0.8542190194129944,0.8346773386001587,626726400
2009-11-12,0.8453130125999451,0.8259749412536621,650150400
2009-11-13,0.8595309853553772,0.8398675918579102,488224000
2009-11-16,0.8770310282707214,0.8569674491882324,540908800
2009-11-17,0.8817189931869507,0.8615480661392212,521804800
2009-11-18,0.872655987739563,0.8526924848556519,541766400
2009-11-19,0.8445309996604919,0.8252108693122864,722201600
2009-11-20,0.8371880054473877,0.818035900592804,402931200
2009-11-23,0.862500011920929,0.8427689075469971,552499200
2009-11-24,0.857030987739563,0.8374250531196594,463801600
2009-11-25,0.8642190098762512,0.8444485664367676,264486400
2009-11-27,0.8384379744529724,0.819257378578186,394336000
2009-11-30,0.8393750190734863,0.8201729655265808,459718400
2009-12-01,0.8571879863739014,0.8375784754753113,465657600
2009-12-02,0.8601559996604919,0.8404784202575684,475456000
2009-12-03,0.8531249761581421,0.8336081504821777,494963200
2009-12-04,0.8615630269050598,0.8418533205986023,768160000
2009-12-07,0.8531249761581421,0.8336081504821777,384108800
2009-12-08,0.8426560163497925,0.8233786821365356,519616000
2009-12-09,0.8595309853553772,0.8398675918579102,546700800
2009-12-10,0.8682810068130493,0.8484175801277161,416896000
2009-12-11,0.8620309829711914,0.8423104882240295,403827200
2009-12-14,0.8778129816055298,0.8577316403388977,308512000
2009-12-15,0.8685939908027649,0.8487235307693481,294547200
2009-12-16,0.8709380030632019,0.8510138988494873,326617600
2009-12-17,0.8500000238418579,0.8305548429489136,382662400
2009-12-18,0.8765630125999451,0.8565102219581604,371008000
2009-12-21,0.8968750238418579,0.8763576149940491,373286400
2009-12-22,0.9075000286102295,0.8867393732070923,303424000
2009-12-23,0.9203130006790161,0.8992593884468079,303033600
2009-12-24,0.9371880292892456,0.9157483577728271,163264000
2009-12-28,0.9465630054473877,0.9249087572097778,257932800
2009-12-29,0.9392189979553223,0.9177327156066895,185433600
2009-12-30,0.9446880221366882,0.9230766892433167,328441600
2009-12-31,0.9293749928474426,0.9081138968467712,245497600
2010-01-04,0.9542189836502075,0.9323896169662476,328230400
2010-01-05,0.9548439979553223,0.933000385761261,325196800
2010-01-06,0.9443749785423279,0.9227709174156189,440864000
2010-01-07,0.9445310235023499,0.9229232668876648,328576000
2010-01-08,0.9598439931869507,0.9378860592842102,322451200
2010-01-11,0.9528130292892456,0.9310160279273987,412710400
2010-01-12,0.9290630221366882,0.9078090786933899,566784000
2010-01-13,0.9512500166893005,0.9294885396957397,566483200
2010-01-14,0.9524999856948853,0.9307098984718323,367180800
2010-01-15,0.9312499761581421,0.9099461436271667,603424000
2010-01-19,0.9604690074920654,0.9384965300559998,341350400
2010-01-20,0.9335939884185791,0.9122363924980164,603532800
2010-01-21,0.9153130054473877,0.8943737149238586,999916800
2010-01-22,0.8626559972763062,0.8429213166236877,964006400
2010-01-25,0.8676559925079346,0.8478069305419922,584448000
2010-01-26,0.869530975818634,0.8496390581130981,503206400
2010-01-27,0.8824999928474426,0.8623113632202148,632224000
2010-01-28,0.8384379744529724,0.819257378578186,932531200
2010-01-29,0.8084380030632019,0.7899435758590698,986380800
2010-02-01,0.8253129720687866,0.8064327239990234,573958400
2010-02-02,0.8404690027236938,0.8212416768074036,474022400
2010-02-03,0.8501560091972351,0.8307072520256042,507424000
2010-02-04,0.8018749952316284,0.7835307121276855,839059200
2010-02-05,0.8132809996604919,0.7946759462356567,1072064000
2010-02-08,0.8029689788818359,0.784599781036377,682425600
2010-02-09,0.8195310235023499,0.8007827401161194,816217600
2010-02-10,0.8160939812660217,0.7974243760108948,485977600
2010-02-11,0.8399999737739563,0.8207836151123047,557747200
2010-02-12,0.8440629839897156,0.8247537016868591,661081600
2010-02-16,0.8653129935264587,0.8455175161361694,337004800
2010-02-17,0.8745309710502625,0.8545246124267578,354073600
2010-02-18,0.8857809901237488,0.8655173778533936,313619200
2010-02-19,0.8846880197525024,0.8644492626190186,400153600
2010-02-22,0.8809379935264587,0.8607850670814514,348697600
2010-02-23,0.8585940003395081,0.8389521241188049,473395200
2010-02-24,0.8754690289497375,0.855441153049469,398432000
2010-02-25,0.877344012260437,0.8572733402252197,528851200
2010-02-26,0.8824999928474426,0.8623113632202148,403936000
2010-03-01,0.9073439836502075,0.8865869641304016,348070400
2010-03-02,0.9128130078315735,0.8919308185577393,506035200
2010-03-03,0.9150000214576721,0.8940678834915161,345363200
2010-03-04,0.9207810163497925,0.8997167348861694,292128000
2010-03-05,0.9479690194129944,0.9262826442718506,413708800
2010-03-08,0.9523440003395081,0.9305574297904968,282956800
2010-03-09,0.9653130173683167,0.9432298541069031,471680000
2010-03-10,0.9784380197525024,0.9560545682907104,436076800
2010-03-11,0.9854689836502075,0.9629248976707458,371385600
2010-03-12,0.9868749976158142,0.964298665523529,391430400
2010-03-15,0.9828130006790161,0.9603296518325806,318368000
2010-03-16,0.9948440194129944,0.972085177898407,357785600
2010-03-17,0.9984380006790161,0.975597083568573,386912000
2010-03-18,1.0054689645767212,0.9824671745300293,339347200
2010-03-19,0.9939060211181641,0.9711686372756958,445228800
2010-03-22,1.011718988418579,0.9885744452476501,368710400
2010-03-23,1.0262500047683716,1.0027726888656616,371296000
2010-03-24,1.0164060592651367,0.9931538701057434,317388800
2010-03-25,1.0120309591293335,0.9888791441917419,499904000
2010-03-26,1.015625,0.9923908114433289,408416000
2010-03-29,1.0246880054473877,1.001246452331543,274681600
2010-03-30,1.03125,1.0076583623886108,277843200
2010-03-31,1.0225000381469727,0.999108612537384,349491200
2010-04-01,1.0215630531311035,0.9981933236122131,415923200
2010-04-05,1.039687991142273,1.0159034729003906,266483200
2010-04-06,1.045469045639038,1.0215522050857544,311129600
2010-04-07,1.0415630340576172,1.017735481262207,550726400
2010-04-08,1.044530987739563,1.020635724067688,359904000
2010-04-09,1.0575000047683716,1.0333077907562256,287219200
2010-04-12,1.0590629577636719,1.0348349809646606,269728000
2010-04-13,1.0700000524520874,1.0455220937728882,307072000
2010-04-14,1.0957809686660767,1.0707131624221802,381024000
2010-04-15,1.1053129434585571,1.0800273418426514,393657600
2010-04-16,1.0792189836502075,1.0545300245285034,999302400
2010-04-19,1.0773439407348633,1.052698016166687,598419200
2010-04-20,1.0885939598083496,1.0636907815933228,424723200
2010-04-21,1.100780963897705,1.0755988359451294,548140800
2010-04-22,1.1123440265655518,1.0868972539901733,721132800
2010-04-23,1.1218750476837158,1.096210241317749,537888000
2010-04-26,1.116405963897705,1.0908664464950562,439411200
2010-04-27,1.0704690217971802,1.0459803342819214,973030400
2010-04-28,1.0714060068130493,1.0468957424163818,747993600
2010-04-29,1.1074999570846558,1.0821642875671387,405158400
2010-04-30,1.0656249523162842,1.0412468910217285,484979200
2010-05-03,1.0942189693450928,1.069187045097351,361849600
2010-05-04,1.0281250476837158,1.0046051740646362,715129600
2010-05-05,1.018125057220459,0.9948338866233826,731417600
2010-05-06,0.950780987739563,0.9290302395820618,1123078400
2010-05-07,0.9049999713897705,0.8842966556549072,1490803200
2010-05-10,0.9953129887580872,0.9725435376167297,589920000
2010-05-11,0.9942190051078796,0.9714745879173279,573747200
2010-05-12,1.03125,1.0076583623886108,476441600
2010-05-13,0.9990630149841309,0.9762078523635864,530073600
2010-05-14,0.961562991142273,0.9395655393600464,768224000
2010-05-17,0.9674999713897705,0.9453667998313904,538035200
2010-05-18,0.9407809972763062,0.9192589521408081,705484800
2010-05-19,0.924219012260437,0.9030759334564209,779827200
2010-05-20,0.8575000166893005,0.8378832340240479,1186252800
2010-05-21,0.8751559853553772,0.8551353216171265,1011052800
2010-05-24,0.8671879768371582,0.8473495841026306,668179200
2010-05-25,0.8692190051078796,0.8493340611457825,869248000
2010-05-26,0.8481249809265137,0.8287226557731628,659609600
2010-05-27,0.914687991142273,0.8937630653381348,600940800
2010-05-28,0.9029690027236938,0.882311999797821,505446400
2010-06-01,0.8856250047683716,0.8653647899627686,613779200
2010-06-02,0.9290630221366882,0.9078090786933899,454592000
2010-06-03,0.9454690217971802,0.9238399863243103,489971200
2010-06-04,0.8832809925079346,0.8630744218826294,932800000
2010-06-07,0.8503130078315735,0.8308606743812561,568774400
2010-06-08,0.8467190265655518,0.827349066734314,793881600
2010-06-09,0.8317189812660217,0.8126921653747559,502067200
2010-06-10,0.8790630102157593,0.8589528203010559,377747200
2010-06-11,0.8954690098762512,0.8749836683273315,392499200
2010-06-14,0.8956249952316284,0.8751361966133118,416998400
2010-06-15,0.9432809948921204,0.9217020273208618,344870400
2010-06-16,0.9523440003395081,0.9305574297904968,455020800
2010-06-17,0.957813024520874,0.9359014630317688,422809600
2010-06-18,0.9604690074920654,0.9384965300559998,312044800
2010-06-21,0.9465630054473877,0.9249087572097778,515155200
2010-06-22,0.9279689788818359,0.906740128993988,460352000
2010-06-23,0.9214059710502625,0.9003271460533142,485587200
2010-06-24,0.8926560282707214,0.8722348213195801,555456000
2010-06-25,0.8890630006790161,0.8687241077423096,475219200
2010-06-28,0.8835939764976501,0.8633804321289062,369177600
2010-06-29,0.8154690265655518,0.7968140244483948,779296000
2010-06-30,0.7906249761581421,0.7725381851196289,528710400
2010-07-01,0.785938024520874,0.7679582834243774,787232000
2010-07-02,0.7814059853553772,0.7635300755500793,488972800
2010-07-06,0.7854689955711365,0.7674999833106995,528659200
2010-07-07,0.8353130221366882,0.8162036538124084,507372800
2010-07-08,0.8440629839897156,0.8247537016868591,404166400
2010-07-09,0.8609380125999451,0.8412424325942993,346713600
2010-07-12,0.8656250238418579,0.8458223342895508,376147200
2010-07-13,0.8868749737739563,0.8665862083435059,490700800
2010-07-14,0.8971880078315735,0.876663327217102,426745600
2010-07-15,0.8993750214576721,0.8788002133369446,472128000
2010-07-16,0.8498439788818359,0.8304023146629333,554016000
2010-07-19,0.8635939955711365,0.8438379168510437,374937600
2010-07-20,0.883437991142273,0.8632277846336365,453990400
2010-07-21,0.8604689836502075,0.8407843708992004,551955200
2010-07-22,0.9035940170288086,0.8829227685928345,441241600
2010-07-23,0.9151560068130493,0.8942201137542725,457235200
2010-07-26,0.9293749928474426,0.9081138968467712,417894400
2010-07-27,0.9287499785423279,0.9075033664703369,385216000
2010-07-28,0.9145309925079346,0.8936095237731934,337273600
2010-07-29,0.900780975818634,0.8801740407943726,471974400
2010-07-30,0.9053130149841309,0.8846025466918945,494995200
2010-08-02,0.9384379982948303,0.9169697761535645,276499200
2010-08-03,0.9310939908027649,0.9097935557365417,295987200
2010-08-04,0.949999988079071,0.9282671213150024,324870400
2010-08-05,0.9454690217971802,0.9238399863243103,214611200
2010-08-06,0.9423440098762512,0.920786440372467,395404800
2010-08-09,0.9543750286102295,0.9325422048568726,227161600
2010-08-10,0.9395310282707214,0.9180375933647156,435065600
2010-08-11,0.887499988079071,0.8671968579292297,441561600
2010-08-12,0.8725000023841858,0.8525400161743164,439008000
2010-08-13,0.8603129982948303,0.8406320810317993,275264000
2010-08-16,0.8635939955711365,0.8438379168510437,314867200
2010-08-17,0.8854690194129944,0.8652125000953674,326419200
2010-08-18,0.8920310139656067,0.871624231338501,334668800
2010-08-19,0.8653129935264587,0.8455175161361694,435212800
2010-08-20,0.8675000071525574,0.8476546406745911,342144000
2010-08-23,0.8504689931869507,0.8310132622718811,343635200
2010-08-24,0.8196880221366882,0.800936222076416,515264000
2010-08-25,0.8342189788818359,0.8151348233222961,487040000
2010-08-26,0.8149999976158142,0.7963555455207825,465657600
2010-08-27,0.8354690074920654,0.8163562417030334,565452800
2010-08-30,0.8173440098762512,0.7986459136009216,343564800
2010-08-31,0.8128129839897156,0.7942185997962952,620857600
2010-09-01,0.859375,0.8397154211997986,467296000
2010-09-02,0.8793749809265137,0.8592578172683716,312345600
2010-09-03,0.909375011920929,0.8885716199874878,395308800
2010-09-07,0.895937979221344,0.8754419684410095,337491200
2010-09-08,0.9171879887580872,0.8962057828903198,337536000
2010-09-09,0.9240630269050598,0.902923583984375,295078400
2010-09-10,0.9307810068130493,0.9094879031181335,242131200
2010-09-13,0.9574999809265137,0.9355955719947815,272281600
2010-09-14,0.9651560187339783,0.9430765509605408,358387200
2010-09-15,0.9775000214576721,0.9551381468772888,304512000
2010-09-16,0.9850000143051147,0.9624664187431335,286163200
2010-09-17,0.9914060235023499,0.9687260985374451,450144000
2010-09-20,1.0259380340576172,1.0024678707122803,360742400
2010-09-21,1.0235940217971802,1.0001778602600098,645292800
2010-09-22,1.0201560258865356,0.9968178868293762,479168000
2010-09-23,1.019374966621399,0.9960553646087646,544032000
2010-09-24,1.0604690313339233,1.036208987236023,392294400
2010-09-27,1.0495309829711914,1.025520920753479,381331200
2010-09-28,1.0510940551757812,1.027048110961914,636076800
2010-09-29,1.0449999570846558,1.021093726158142,341593600
2010-09-30,1.0357810258865356,1.0120859146118164,517926400
2010-10-01,1.033594012260437,1.0099488496780396,369107200
2010-10-04,1.010938048362732,0.9878110289573669,388454400
2010-10-05,1.0595309734344482,1.035292148590088,366233600
2010-10-06,1.0426559448242188,1.0188034772872925,479635200
2010-10-07,1.0484379529953003,1.0244531631469727,370163200
2010-10-08,1.0612499713897705,1.0369720458984375,446214400
2010-10-11,1.0643750429153442,1.0400258302688599,250835200
2010-10-12,1.0800000429153442,1.055293321609497,415667200
2010-10-13,1.0967190265655518,1.0716298818588257,349728000
2010-10-14,1.0924999713897705,1.0675071477890015,357203200
2010-10-15,1.1385940313339233,1.1125469207763672,483948800
2010-10-18,1.1353130340576172,1.1093409061431885,383520000
2010-10-19,1.1082810163497925,1.0829272270202637,562809600
2010-10-20,1.1245310306549072,1.09880530834198,411257600
2010-10-21,1.1290630102157593,1.1032334566116333,427968000
2010-10-22,1.1446880102157593,1.1185014247894287,251724800
2010-10-25,1.1540629863739014,1.1276617050170898,336550400
2010-10-26,1.160938024520874,1.1343793869018555,317593600
2010-10-27,1.1692190170288086,1.1424710750579834,347468800
2010-10-28,1.1737500429153442,1.146898627281189,349484800
2010-10-29,1.1698440313339233,1.1430819034576416,281113600
2010-11-01,1.1701560020446777,1.143386721611023,355564800
2010-11-02,1.1946879625320435,1.1673572063446045,269388800
2010-11-03,1.2064059972763062,1.1788074970245361,482003200
2010-11-04,1.2348439693450928,1.2065945863723755,448454400
2010-11-05,1.2351560592651367,1.2069000005722046,332531200
2010-11-08,1.238281011581421,1.2099530696868896,171699200
2010-11-09,1.222656011581421,1.1946855783462524,302252800
2010-11-10,1.21875,1.190868854522705,310252800
2010-11-11,1.2217190265655518,1.193770170211792,301350400
2010-11-12,1.1806249618530273,1.1536160707473755,396966400
2010-11-15,1.173280954360962,1.1464399099349976,227020800
2010-11-16,1.1339060068130493,1.1079658269882202,441824000
2010-11-17,1.1401560306549072,1.1140732765197754,332787200
2010-11-18,1.1767189502716064,1.1497994661331177,310598400
2010-11-19,1.1784379482269287,1.1514792442321777,284230400
2010-11-22,1.1990629434585571,1.1716322898864746,387603200
2010-11-23,1.1615630388259888,1.1349903345108032,390035200
2010-11-24,1.2073440551757812,1.179723858833313,253817600
2010-11-26,1.1910940408706665,1.1638460159301758,118848000
2010-11-29,1.1906249523162842,1.1633875370025635,345734400
2010-11-30,1.159999966621399,1.133462905883789,450963200
2010-12-01,1.209218978881836,1.1815563440322876,319737600
2010-12-02,1.2346880435943604,1.2064425945281982,276473600
2010-12-03,1.2403130531311035,1.2119389772415161,241017600
2010-12-06,1.2392189502716064,1.2108699083328247,209593600
2010-12-07,1.2417190074920654,1.2133126258850098,341574400
2010-12-08,1.251405954360962,1.2227779626846313,271334400
2010-12-09,1.252500057220459,1.2238470315933228,268787200
2010-12-10,1.2692190408706665,1.240183711051941,274688000
2010-12-13,1.2607810497283936,1.2319387197494507,296960000
2010-12-14,1.2634379863739014,1.234534502029419,254560000
2010-12-15,1.2535940408706665,1.2249159812927246,233241600
2010-12-16,1.2714060544967651,1.2423206567764282,231820800
2010-12-17,1.2753130197525024,1.2461384534835815,209881600
2010-12-20,1.2779690027236938,1.2487330436706543,289990400
2010-12-21,1.2914060354232788,1.261862874031067,141920000
2010-12-22,1.2926559448242188,1.2630845308303833,129344000
2010-12-23,1.2857810258865356,1.2563666105270386,136089600
2010-12-27,1.285938024520874,1.2565199136734009,159072000
2010-12-28,1.282188057899475,1.252855896949768,108262400
2010-12-29,1.287343978881836,1.257893681526184,81356800
2010-12-30,1.2807810306549072,1.251481056213379,109811200
2010-12-31,1.2723439931869507,1.243237018585205,111283200
2011-01-03,1.3114060163497925,1.2814054489135742,231584000
2011-01-04,1.3090629577636719,1.2791157960891724,282304000
2011-01-05,1.331874966621399,1.3014061450958252,259660800
2011-01-06,1.340000033378601,1.3093451261520386,214099200
2011-01-07,1.3382810354232788,1.3076658248901367,232908800
2011-01-10,1.3471879959106445,1.3163686990737915,214297600
2011-01-11,1.350780963897705,1.3198795318603516,201600000
2011-01-12,1.3698439598083496,1.3385063409805298,180627200
2011-01-13,1.3729690313339233,1.3415601253509521,200313600
2011-01-14,1.3926559686660767,1.3607968091964722,199692800
2011-01-18,1.400156021118164,1.368125081062317,229184000
2011-01-19,1.368749976158142,1.3374378681182861,280384000
2011-01-20,1.3473440408706665,1.3165212869644165,308268800
2011-01-21,1.3271880149841309,1.2968262434005737,219827200
2011-01-24,1.3645310401916504,1.3333148956298828,240300800
2011-01-25,1.3674999475479126,1.3362163305282593,267814400
2011-01-26,1.383437991142273,1.3517894744873047,258854400
2011-01-27,1.399999976158142,1.367972731590271,253420800
2011-01-28,1.3289060592651367,1.2985050678253174,471219200
2011-01-31,1.3421880006790161,1.3114831447601318,261798400
2011-02-01,1.391563057899475,1.3597286939620972,277062400
2011-02-02,1.3871879577636719,1.3554534912109375,237203200
2011-02-03,1.3912500143051147,1.3594229221343994,224467200
2011-02-04,1.4081250429153442,1.3759115934371948,207417600
2011-02-07,1.421718955039978,1.3891949653625488,230598400
2011-02-08,1.4418749809265137,1.4088895320892334,187001600
2011-02-09,1.4354690313339233,1.40263032913208,212659200
2011-02-10,1.4406249523162842,1.407668113708496,349913600
2011-02-11,1.460155963897705,1.4267524480819702,282272000
2011-02-14,1.4671880006790161,1.4336236715316772,137292800
2011-02-15,1.4635939598083496,1.4301116466522217,176262400
2011-02-16,1.482969045639038,1.4490437507629395,256160000
2011-02-17,1.4817190170288086,1.4478223323822021,205248000
2011-02-18,1.4756250381469727,1.4418673515319824,169043200
2011-02-22,1.388280987739563,1.356521725654602,346508800
2011-02-23,1.3657809495925903,1.3345364332199097,460089600
2011-02-24,1.3790630102157593,1.3475143909454346,402124800
2011-02-25,1.4182809591293335,1.3858356475830078,247705600
2011-02-28,1.4254690408706665,1.3928591012954712,274624000
2011-03-01,1.3799999952316284,1.3484303951263428,545312000
2011-03-02,1.3934379816055298,1.3615607023239136,486470400
2011-03-03,1.4481250047683716,1.4149967432022095,271564800
2011-03-04,1.4321880340576172,1.399424433708191,289286400
2011-03-07,1.3951560258865356,1.3632394075393677,308518400
2011-03-08,1.4056249856948853,1.3734687566757202,315264000
2011-03-09,1.385938048362732,1.3542323112487793,336588800
2011-03-10,1.3440630435943604,1.3133156299591064,515859200
2011-03-11,1.359375,1.3282769918441772,324524800
2011-03-14,1.3495310544967651,1.3186583518981934,322336000
2011-03-15,1.3128130435943604,1.2827800512313843,474329600
2011-03-16,1.2495310306549072,1.2209458351135254,709523200
2011-03-17,1.2712500095367432,1.2421681880950928,315584000
2011-03-18,1.2660939693450928,1.2371301651000977,273683200
2011-03-21,1.3125,1.282474160194397,217376000
2011-03-22,1.3109380006790161,1.2809478044509888,159833600
2011-03-23,1.3240629434585571,1.2937729358673096,208262400
2011-03-24,1.3742189407348633,1.3427813053131104,195564800
2011-03-25,1.3776559829711914,1.3461397886276245,219187200
2011-03-28,1.3612500429153442,1.3301094770431519,147897600
2011-03-29,1.3879690170288086,1.3562172651290894,122169600
2011-03-30,1.401563048362732,1.3695000410079956,169632000
2011-03-31,1.4057810306549072,1.3736217021942139,144960000
2011-04-01,1.4068750143051147,1.374690294265747,171475200
2011-04-04,1.3984379768371582,1.3664461374282837,168844800
2011-04-05,1.3898439407348633,1.358048915863037,168787200
2011-04-06,1.3965630531311035,1.3646142482757568,207411200
2011-04-07,1.3959380388259888,1.3640034198760986,231155200
2011-04-08,1.3823440074920654,1.3507206439971924,157676800
2011-04-11,1.3731249570846558,1.3417123556137085,182732800
2011-04-12,1.3548439741134644,1.3238499164581299,247161600
2011-04-13,1.377187967300415,1.3456827402114868,251180800
2011-04-14,1.371250033378601,1.3398802280426025,211500800
2011-04-15,1.3668750524520874,1.335605502128601,192992000
2011-04-18,1.3471879959106445,1.3163686990737915,336262400
2011-04-19,1.3642189502716064,1.333010196685791,183955200
2011-04-20,1.4249999523162842,1.3924007415771484,226995200
2011-04-21,1.4476560354232788,1.4145385026931763,168262400
2011-04-25,1.4559379816055298,1.4226309061050415,126009600
2011-04-26,1.471250057220459,1.4375931024551392,147200000
2011-04-27,1.4918750524520874,1.4577456712722778,159257600
2011-04-28,1.488124966621399,1.4540815353393555,193920000
2011-04-29,1.486875057220459,1.4528603553771973,131334400
2011-05-02,1.480468988418579,1.4466009140014648,219321600
2011-05-03,1.4651559591293335,1.4316378831863403,240217600
2011-05-04,1.4620310068130493,1.4285846948623657,283552000
2011-05-05,1.4443750381469727,1.411332368850708,299654400
2011-05-06,1.455625057220459,1.4223252534866333,284672000
2011-05-09,1.4660940170288086,1.4325546026229858,155622400
2011-05-10,1.4901560544967651,1.4560662508010864,228844800
2011-05-11,1.4682810306549072,1.4346915483474731,284064000
2011-05-12,1.4848439693450928,1.4508752822875977,236800000
2011-05-13,1.4504690170288086,1.4172873497009277,263264000
2011-05-16,1.399999976158142,1.367972731590271,279456000
2011-05-17,1.407188057899475,1.374996304512024,345625600
2011-05-18,1.4320310354232788,1.3992706537246704,196480000
2011-05-19,1.439844012260437,1.4069052934646606,259456000
2011-05-20,1.417968988418579,1.3855305910110474,274259200
2011-05-23,1.377500057220459,1.3459874391555786,307392000
2011-05-24,1.3598439693450928,1.328735113143921,289401600
2011-05-25,1.3700000047683716,1.3386588096618652,205920000
2011-05-26,1.3875000476837158,1.3557581901550293,232396800
2011-05-27,1.4010939598083496,1.369041919708252,130086400
2011-05-31,1.444530963897705,1.4114845991134644,182912000
2011-06-01,1.3823440074920654,1.3507206439971924,361216000
2011-06-02,1.3889060020446777,1.3571325540542603,296288000
2011-06-03,1.347656011581421,1.3168262243270874,244384000
2011-06-06,1.324218988418579,1.2939255237579346,275699200
2011-06-07,1.3204690217971802,1.2902613878250122,183795200
2011-06-08,1.3004690408706665,1.2707183361053467,291296000
2011-06-09,1.3042190074920654,1.2743827104568481,167129600
2011-06-10,1.265781044960022,1.2368241548538208,212140800
2011-06-13,1.2639060020446777,1.2349920272827148,286105600
2011-06-14,1.2956249713897705,1.2659852504730225,162387200
2011-06-15,1.250156044960022,1.2215567827224731,301126400
2011-06-16,1.2395310401916504,1.211174488067627,307782400
2011-06-17,1.2310940027236938,1.2029305696487427,244172800
2011-06-20,1.2431249618530273,1.2146865129470825,181664000
2011-06-21,1.2960939407348633,1.2664434909820557,245536000
2011-06-22,1.278749942779541,1.249496579170227,193638400
2011-06-23,1.3025000095367432,1.2727031707763672,350662400
2011-06-24,1.257030963897705,1.2282745838165283,237824000
2011-06-27,1.297813057899475,1.2681236267089844,214291200
2011-06-28,1.3353129625320435,1.3047653436660767,187424000
2011-06-29,1.3470309972763062,1.3162155151367188,217228800
2011-06-30,1.3817189931869507,1.3501098155975342,181779200
2011-07-01,1.424062967300415,1.391485333442688,223680000
2011-07-05,1.4375,1.4046146869659424,235436800
2011-07-06,1.4457809925079346,1.4127062559127808,225888000
2011-07-07,1.4874999523162842,1.4534704685211182,203776000
2011-07-08,1.478281021118164,1.444462776184082,202688000
2011-07-11,1.4264060258865356,1.3937746286392212,306022400
2011-07-12,1.4026559591293335,1.3705679178237915,287379200
2011-07-13,1.414844036102295,1.3824771642684937,294278400
2011-07-14,1.3823440074920654,1.3507206439971924,309606400
2011-07-15,1.4187500476837158,1.386293888092041,222656000
2011-07-18,1.4040629863739014,1.3719428777694702,257024000
2011-07-19,1.4682810306549072,1.4346915483474731,157337600
2011-07-20,1.454530954360962,1.4212559461593628,195539200
2011-07-21,1.475780963897705,1.442020297050476,167936000
2011-07-22,1.5051560401916504,1.4707231521606445,166470400
2011-07-25,1.5,1.4656851291656494,201280000
2011-07-26,1.5053130388259888,1.4708765745162964,184896000
2011-07-27,1.4292190074920654,1.396522879600525,263609600
2011-07-28,1.433750033378601,1.4009504318237305,285440000
2011-07-29,1.4235939979553223,1.3910269737243652,242419200
2011-08-01,1.413280963897705,1.3809497356414795,297760000
2011-08-02,1.3403129577636719,1.3096510171890259,391955200
2011-08-03,1.364063024520874,1.3328577280044556,579257600
2011-08-04,1.239063024520874,1.210716962814331,667404800
2011-08-05,1.2223440408706665,1.1943812370300293,1010163200
2011-08-08,1.0792189836502075,1.0545300245285034,886297600
2011-08-09,1.1790629625320435,1.1520901918411255,622208000
2011-08-10,1.0824999809265137,1.057735800743103,704128000
2011-08-11,1.1776560544967651,1.1507152318954468,532646400
2011-08-12,1.1973439455032349,1.169952392578125,450003200
2011-08-15,1.2324999570846558,1.2043044567108154,247948800
2011-08-16,1.211719036102295,1.1839990615844727,391424000
2011-08-17,1.198438048362732,1.171021819114685,366169600
2011-08-18,1.0817190408706665,1.0569729804992676,450176000
2011-08-19,1.042188048362732,1.0183461904525757,312012800
2011-08-22,1.0489059686660767,1.0249103307724,410553600
2011-08-23,1.1342190504074097,1.1082719564437866,473881600
2011-08-24,1.1517189741134644,1.1253715753555298,455878400
2011-08-25,1.115468978881836,1.0899507999420166,446668800
2011-08-26,1.1698440313339233,1.1430819034576416,427737600
2011-08-29,1.2374999523162842,1.2091901302337646,255494400
2011-08-30,1.252344012260437,1.2236946821212769,342342400
2011-08-31,1.2581249475479126,1.2293435335159302,412832000
2011-09-01,1.2334380149841309,1.2052210569381714,249267200
2011-09-02,1.175781011581421,1.1488829851150513,272672000
2011-09-06,1.1762499809265137,1.149341344833374,393312000
2011-09-07,1.235313057899475,1.2070530652999878,299020800
2011-09-08,1.2239060401916504,1.1959073543548584,375699200
2011-09-09,1.169530987739563,1.1427757740020752,420704000
2011-09-12,1.200624942779541,1.1731585264205933,431276800
2011-09-13,1.2314059734344482,1.2032355070114136,350265600
2011-09-14,1.2667189836502075,1.2377408742904663,341222400
2011-09-15,1.3042190074920654,1.2743827104568481,423833600
2011-09-16,1.3264060020446777,1.2960624694824219,379180800
2011-09-19,1.3293750286102295,1.2989634275436401,399872000
2011-09-20,1.3179689645767212,1.287818193435669,384742400
2011-09-21,1.2715630531311035,1.2424737215042114,447129600
2011-09-22,1.1893750429153442,1.162165880203247,821017600
2011-09-23,1.2139060497283936,1.1861357688903809,474790400
2011-09-26,1.2417190074920654,1.2133126258850098,395289600
2011-09-27,1.2676559686660767,1.2386560440063477,387289600
2011-09-28,1.2301559448242188,1.2020142078399658,356844800
2011-09-29,1.201719045639038,1.1742277145385742,512838400
2011-09-30,1.1398439407348633,1.1137679815292358,522976000
2011-10-03,1.080312967300415,1.0555988550186157,422918400
2011-10-04,1.1245310306549072,1.09880530834198,844800000
2011-10-05,1.1823439598083496,1.155295968055725,623596800
2011-10-06,1.2214059829711914,1.1934640407562256,403289600
2011-10-07,1.2060940265655518,1.1785024404525757,429734400
2011-10-10,1.2885940074920654,1.259115219116211,199020800
2011-10-11,1.3048440217971802,1.2749937772750854,214009600
2011-10-12,1.3198440074920654,1.2896502017974854,263923200
2011-10-13,1.3445310592651367,1.3137726783752441,256140800
2011-10-14,1.392969012260437,1.3611023426055908,201920000
2011-10-17,1.352344036102295,1.321406602859497,243449600
2011-10-18,1.3839060068130493,1.3522467613220215,351449600
2011-10-19,1.330625057220459,1.3001846075057983,264595200
2011-10-20,1.318750023841858,1.288581132888794,275187200
2011-10-21,1.3506250381469727,1.3197271823883057,198899200
2011-10-24,1.406406044960022,1.3742319345474243,256755200
2011-10-25,1.3520309925079346,1.3211008310317993,262771200
2011-10-26,1.3481249809265137,1.3172844648361206,344857600
2011-10-27,1.423280954360962,1.3907206058502197,324787200
2011-10-28,1.4262499809265137,1.3936222791671753,178976000
2011-10-31,1.3792190551757812,1.3476669788360596,198496000
2011-11-01,1.3065630197525024,1.2766733169555664,396505600
2011-11-02,1.3276560306549072,1.29728364944458,259494400
2011-11-03,1.383437991142273,1.3517894744873047,260204800
2011-11-04,1.3696880340576172,1.3383538722991943,168108800
2011-11-07,1.3885940313339233,1.3568273782730103,202124800
2011-11-08,1.420469045639038,1.387973427772522,266240000
2011-11-09,1.3223439455032349,1.2920928001403809,295443200
2011-11-10,1.318750023841858,1.288581132888794,219596800
2011-11-11,1.367969036102295,1.3366743326187134,183942400
2011-11-14,1.352344036102295,1.321406602859497,161331200
2011-11-15,1.3817189931869507,1.3501098155975342,155987200
2011-11-16,1.3348439931869507,1.3043076992034912,224742400
2011-11-17,1.2757810354232788,1.2465953826904297,349638400
2011-11-18,1.2540630102157593,1.2253742218017578,234368000
2011-11-21,1.2065629959106445,1.1789604425430298,320736000
2011-11-22,1.212656021118164,1.1849147081375122,261612800
2011-11-23,1.1578129529953003,1.1313261985778809,258707200
2011-11-25,1.1410939693450928,1.1149893999099731,103091200
2011-11-28,1.2195310592651367,1.191632628440857,236576000
2011-11-29,1.2050000429153442,1.1774336099624634,238483200
2011-11-30,1.2939059734344482,1.2643059492111206,223404800
2011-12-01,1.3120310306549072,1.2820160388946533,221132800
2011-12-02,1.3025000095367432,1.2727031707763672,166988800
2011-12-05,1.3324999809265137,1.3020167350769043,181081600
2011-12-06,1.3260940313339233,1.295757532119751,179238400
2011-12-07,1.3273439407348633,1.2969785928726196,205849600
2011-12-08,1.2818750143051147,1.2525501251220703,259174400
2011-12-09,1.3223439455032349,1.2920928001403809,206336000
2011-12-12,1.2934379577636719,1.2638484239578247,189075200
2011-12-13,1.2635940313339233,1.2346868515014648,244780800
2011-12-14,1.2256250381469727,1.1975868940353394,289203200
2011-12-15,1.2178130149841309,1.1899534463882446,205100800
2011-12-16,1.2289060354232788,1.200792908668518,219481600
2011-12-19,1.207031011581421,1.1794182062149048,152716800
2011-12-20,1.277343988418579,1.2481231689453125,204902400
2011-12-21,1.2400000095367432,1.2116329669952393,263955200
2011-12-22,1.2612500190734863,1.2323966026306152,125043200
2011-12-23,1.283437967300415,1.2540770769119263,83904000
2011-12-27,1.2909380197525024,1.2614058256149292,79788800
2011-12-28,1.2634379863739014,1.234534502029419,158092800
2011-12-29,1.278905987739563,1.249649167060852,126259200
2011-12-30,1.2728129625320435,1.2436953783035278,80992000
2012-01-03,1.3192189931869507,1.2890397310256958,189516800
2012-01-04,1.330625057220459,1.3001846075057983,125881600
2012-01-05,1.353281021118164,1.3223224878311157,145849600
2012-01-06,1.361875057220459,1.3307197093963623,173971200
2012-01-09,1.3540630340576172,1.3230863809585571,169088000
2012-01-10,1.373594045639038,1.3421708345413208,133561600
2012-01-11,1.3798439502716064,1.3482779264450073,140518400
2012-01-12,1.3910939693450928,1.3592703342437744,197670400
2012-01-13,1.381250023841858,1.3496516942977905,193600000
2012-01-17,1.403905987739563,1.3717896938323975,157452800
2012-01-18,1.441406011581421,1.4084315299987793,211724800
2012-01-19,1.4604690074920654,1.427058458328247,187814400
2012-01-20,1.4565629959106445,1.4232416152954102,153158400
2012-01-23,1.456874966621399,1.4235467910766602,231923200
2012-01-24,1.451719045639038,1.4185084104537964,178534400
2012-01-25,1.4876559972763062,1.4536234140396118,227187200
2012-01-26,1.4768749475479126,1.4430890083312988,326771200
2012-01-27,1.4873440265655518,1.4533185958862305,177049600
2012-01-30,1.489063024520874,1.4549981355667114,263756800
2012-01-31,1.4926559925079346,1.458509087562561,220172800
2012-02-01,1.5160939693450928,1.4814107418060303,232448000
2012-02-02,1.526563048362732,1.4916402101516724,187366400
2012-02-03,1.5681250095367432,1.5322515964508057,146758400
2012-02-06,1.5667190551757812,1.530877709388733,149721600
2012-02-07,1.5728130340576172,1.536832332611084,227776000
2012-02-08,1.5873440504074097,1.5510309934616089,241804800
2012-02-09,1.611719012260437,1.5748482942581177,231404800
2012-02-10,1.589063048362732,1.5527104139328003,180582400
2012-02-13,1.6170309782028198,1.580039143562317,171155200
2012-02-14,1.625938057899475,1.5887420177459717,185171200
2012-02-15,1.6024999618530273,1.565840244293213,352332800
2012-02-16,1.647655963897705,1.6099631786346436,299283200
2012-02-17,1.6375000476837158,1.6000398397445679,151673600
2012-02-21,1.6456249952316284,1.6079787015914917,133996800
2012-02-22,1.6315629482269287,1.59423828125,163104000
2012-02-23,1.6534379720687866,1.6156127452850342,223916800
2012-02-24,1.6643749475479126,1.6262996196746826,208902400
2012-02-27,1.6684379577636719,1.6302696466445923,242604800
2012-02-28,1.7021880149841309,1.6632475852966309,276857600
2012-02-29,1.6882810592651367,1.6496587991714478,336422400
2012-03-01,1.7131249904632568,1.6739344596862793,221427200
2012-03-02,1.7112499475479126,1.6721022129058838,209164800
2012-03-05,1.6768749952316284,1.6385138034820557,258227200
2012-03-06,1.6432809829711914,1.605688452720642,280025600
2012-03-07,1.6675000190734863,1.6293532848358154,201158400
2012-03-08,1.7042189836502075,1.6652320623397827,167379200
2012-03-09,1.718593955039978,1.6792783737182617,130419200
2012-03-12,1.7200000286102295,1.680652141571045,174617600
2012-03-13,1.7831250429153442,1.7423334121704102,242240000
2012-03-14,1.797031044960022,1.7559211254119873,280025600
2012-03-15,1.805469036102295,1.7641656398773193,218937600
2012-03-16,1.8025000095367432,1.7612649202346802,168396800
2012-03-19,1.8307809829711914,1.7888988256454468,168576000
2012-03-20,1.8360940217971802,1.7940901517868042,205926400
2012-03-21,1.8370310068130493,1.7950059175491333,150438400
2012-03-22,1.8284380435943604,1.786609172821045,252243200
2012-03-23,1.827968955039978,1.7861510515213013,216089600
2012-03-26,1.890625,1.847373604774475,201772800
2012-03-27,1.895313024520874,1.8519545793533325,175948800
2012-03-28,1.8803130388259888,1.837297797203064,252966400
2012-03-29,1.8681249618530273,1.8253885507583618,182297600
2012-03-30,1.8585939407348633,1.8160755634307861,156454400
2012-04-02,1.8965630531311035,1.8531761169433594,183846400
2012-04-03,1.896875023841858,1.8534809350967407,242092800
2012-04-04,1.8454689979553223,1.8032506704330444,292652800
2012-04-05,1.8667190074920654,1.824014663696289,162201600
2012-04-09,1.8396879434585571,1.7976022958755493,327385600
2012-04-10,1.778905987739563,1.7382103204727173,407417600
2012-04-11,1.7976560592651367,1.7565315961837769,331948800
2012-04-12,1.8371880054473877,1.795159101486206,291372800
2012-04-13,1.782655954360962,1.7418745756149292,288684800
2012-04-16,1.7446880340576172,1.7047755718231201,237664000
2012-04-17,1.8131250143051147,1.7716468572616577,135564800
2012-04-18,1.802968978881836,1.7617229223251343,158099200
2012-04-19,1.765781044960022,1.7253860235214233,250995200
2012-04-20,1.753749966621399,1.713630199432373,215340800
2012-04-23,1.7237499952316284,1.6843161582946777,222835200
2012-04-24,1.703125,1.6641631126403809,221664000
2012-04-25,1.7935940027236938,1.7525625228881836,207820800
2012-04-26,1.815000057220459,1.7734787464141846,102976000
2012-04-27,1.836562991142273,1.7945486307144165,129600000
2012-04-30,1.8107810020446777,1.76935613155365,117510400
2012-05-01,1.8160940408706665,1.774548053741455,133696000
2012-05-02,1.8245309591293335,1.7827916145324707,118969600
2012-05-03,1.7865630388259888,1.7456929683685303,190444800
2012-05-04,1.6979689598083496,1.6591252088546753,221401600
2012-05-07,1.7003129720687866,1.661415457725525,171616000
2012-05-08,1.6875,1.6488957405090332,222617600
2012-05-09,1.6818749904632568,1.6433993577957153,248121600
2012-05-10,1.669374942779541,1.631185531616211,356230400
2012-05-11,1.6703130006790161,1.6321018934249878,95542400
2012-05-14,1.6396880149841309,1.602177381515503,108832000
2012-05-15,1.6278129816055298,1.590573787689209,141740800
2012-05-16,1.605625033378601,1.5688939094543457,125353600
2012-05-17,1.5378129482269287,1.502632975578308,112902400
2012-05-18,1.4990630149841309,1.464769721031189,150716800
2012-05-21,1.5796879529953003,1.54354989528656,112732800
2012-05-22,1.5768749713897705,1.5408014059066772,88070400
2012-05-23,1.5856250524520874,1.5493509769439697,185600000
2012-05-24,1.565000057220459,1.5291978120803833,102384000
2012-05-25,1.558750033378601,1.523091197013855,51385600
2012-05-29,1.5978130102157593,1.5612603425979614,117417600
2012-05-30,1.571874976158142,1.535915493965149,105878400
2012-05-31,1.5584379434585571,1.522786259651184,114307200
2012-06-01,1.4746880531311035,1.440951943397522,135331200
2012-06-04,1.4965629577636719,1.4623266458511353,117708800
2012-06-05,1.5096880197525024,1.475151538848877,101417600
2012-06-06,1.5800000429153442,1.5438551902770996,126076800
2012-06-07,1.5659379959106445,1.5301144123077393,93830400
2012-06-08,1.5978130102157593,1.5612603425979614,80960000
2012-06-11,1.546875,1.5114874839782715,118960000
2012-06-12,1.5796879529953003,1.54354989528656,100153600
2012-06-13,1.5584379434585571,1.522786259651184,91203200
2012-06-14,1.5703129768371582,1.5343893766403198,118316800
2012-06-15,1.6087499856948853,1.5719472169876099,77667200
2012-06-18,1.6390630006790161,1.6015664339065552,103148800
2012-06-19,1.6725000143051147,1.6342387199401855,104080000
2012-06-20,1.6771880388259888,1.6388194561004639,182857600
2012-06-21,1.5918749570846558,1.5554587841033936,151052800
2012-06-22,1.6246880292892456,1.5875205993652344,86742400
2012-06-25,1.5615630149841309,1.5258396863937378,129110400
2012-06-26,1.582813024520874,1.5466035604476929,109488000
2012-06-27,1.6012500524520874,1.5646185874938965,77593600
2012-06-28,1.5668749809265137,1.5310304164886475,136025600
2012-06-29,1.6637500524520874,1.625688910484314,102950400
2012-07-02,1.674375057220459,1.6360708475112915,70396800
2012-07-03,1.7018749713897705,1.662941575050354,44665600
2012-07-05,1.7037500143051147,1.6647740602493286,105907200
2012-07-06,1.660938024520874,1.622941493988037,104723200
2012-07-09,1.65625,1.6183604001998901,89248000
2012-07-10,1.6231249570846558,1.5859934091567993,134803200
2012-07-11,1.6043750047683716,1.5676718950271606,131379200
2012-07-12,1.5759379863739014,1.5398857593536377,124108800
2012-07-13,1.6215629577636719,1.584466814994812,109612800
2012-07-16,1.6134380102157593,1.5765279531478882,98345600
2012-07-17,1.628749966621399,1.591489315032959,126051200
2012-07-18,1.6737500429153442,1.6354604959487915,146134400
2012-07-19,1.7100000381469727,1.670880913734436,137782400
2012-07-20,1.6665630340576172,1.6284372806549072,107200000
2012-07-23,1.627187967300415,1.5899637937545776,109763200
2012-07-24,1.5993750095367432,1.5627868175506592,125699200
2012-07-25,1.5771880149841309,1.541107177734375,126812800
2012-07-26,1.617812991142273,1.5808030366897583,124224000
2012-07-27,1.6990629434585571,1.660193920135498,124211200
2012-07-30,1.693750023841858,1.6550028324127197,121913600
2012-07-31,1.6909379959106445,1.6522548198699951,140627200
2012-08-01,1.6821880340576172,1.6437052488327026,114822400
2012-08-02,1.6706249713897705,1.6324063539505005,141529600
2012-08-03,1.7321879863739014,1.692561149597168,130505600
2012-08-06,1.7599999904632568,1.7197372913360596,85302400
2012-08-07,1.789687991142273,1.7487456798553467,83692800
2012-08-08,1.7862499952316284,1.7453864812850952,70172800
2012-08-09,1.7971880435943604,1.7560744285583496,61443200
2012-08-10,1.8009380102157593,1.759738564491272,64825600
2012-08-13,1.808750033378601,1.7673721313476562,57510400
2012-08-14,1.8109380006790161,1.7695096731185913,74710400
2012-08-15,1.8200000524520874,1.7783645391464233,48051200
2012-08-16,1.8624999523162842,1.8198922872543335,93657600
2012-08-17,1.878749966621399,1.8357707262039185,49180800
2012-08-20,1.8849999904632568,1.8418772220611572,58902400
2012-08-21,1.8706250190734863,1.8278312683105469,115910400
2012-08-22,1.8846880197525024,1.841572880744934,102854400
2012-08-23,1.8550000190734863,1.8125637769699097,95843200
2012-08-24,1.8762500286102295,1.8333278894424438,82118400
2012-08-27,1.8828129768371582,1.83974027633667,62364800
2012-08-28,1.8828129768371582,1.83974027633667,64476800
2012-08-29,1.8825000524520874,1.8394347429275513,46963200
2012-08-30,1.8450000286102295,1.8027926683425903,57337600
2012-08-31,1.8709379434585571,1.8281371593475342,103340800
2012-09-04,1.8662500381469727,1.8235564231872559,80265600
2012-09-05,1.861562967300415,1.8189767599105835,62284800
2012-09-06,1.9431250095367432,1.8986728191375732,106201600
2012-09-07,1.9378130435943604,1.8934823274612427,64566400
2012-09-10,1.8896880149841309,1.8464579582214355,68544000
2012-09-11,1.883437991142273,1.8403511047363281,70592000
2012-09-12,1.895313024520874,1.8519545793533325,87795200
2012-09-13,1.943750023841858,1.8992832899093628,103171200
2012-09-14,1.9803129434585571,1.935010313987732,109203200
2012-09-17,1.9815629720687866,1.9362316131591797,50809600
2012-09-18,1.985313057899475,1.939895749092102,46108800
2012-09-19,1.9915629625320435,1.94600248336792,58841600
2012-09-20,1.9884380102157593,1.9429491758346558,72864000
2012-09-21,1.9900000095367432,1.944475769996643,48915200
2012-09-24,1.9637500047683716,1.9188258647918701,54489600
2012-09-25,1.9096879959106445,1.866000771522522,75536000
2012-09-26,1.8799999952316284,1.8369916677474976,82028800
2012-09-27,1.9306249618530273,1.8864586353302002,69936000
2012-09-28,1.9009380340576172,1.8574508428573608,87712000
2012-10-01,1.8921879529953003,1.8489009141921997,85872000
2012-10-02,1.9053130149841309,1.8617255687713623,83744000
2012-10-03,1.9268749952316284,1.8827946186065674,98425600
2012-10-04,1.941249966621399,1.8968406915664673,70044800
2012-10-05,1.9196879863739014,1.8757721185684204,76176000
2012-10-08,1.8871879577636719,1.8440152406692505,70921600
2012-10-09,1.8274999856948853,1.7856929302215576,123305600
2012-10-10,1.808750033378601,1.7673721313476562,108448000
2012-10-11,1.7946879863739014,1.7536314725875854,87644800
2012-10-12,1.7937500476837158,1.7527152299880981,90560000
2012-10-15,1.8190629482269287,1.7774487733840942,91878400
2012-10-16,1.8718750476837158,1.8290528059005737,92608000
2012-10-17,1.8706250190734863,1.8278312683105469,83411200
2012-10-18,1.8278130292892456,1.785999059677124,110323200
2012-10-19,1.7396880388259888,1.6998900175094604,127084800
2012-10-22,1.758437991142273,1.7182109355926514,131088000
2012-10-23,1.723438024520874,1.6840115785598755,132508800
2012-10-24,1.7084380388259888,1.6693546772003174,101766400
2012-10-25,1.7106250524520874,1.6714917421340942,99580800
2012-10-26,1.7206250429153442,1.6812632083892822,95478400
2012-10-31,1.6990629434585571,1.660193920135498,69708800
2012-11-01,1.7478129863739014,1.7078288793563843,67859200
2012-11-02,1.7059379816055298,1.6669116020202637,92390400
2012-11-05,1.7321879863739014,1.692561149597168,62732800
2012-11-06,1.7396880388259888,1.6998900175094604,109587200
2012-11-07,1.65625,1.6183604001998901,175779200
2012-11-08,1.6074999570846558,1.570725917816162,129654400
2012-11-09,1.6196880340576172,1.5826350450515747,151385600
2012-11-12,1.6168750524520874,1.5798861980438232,78038400
2012-11-13,1.5965629816055298,1.5600390434265137,107510400
2012-11-14,1.5571880340576172,1.5215648412704468,147760000
2012-11-15,1.5456249713897705,1.5102660655975342,160185600
2012-11-16,1.558750033378601,1.523091197013855,165094400
2012-11-19,1.6337499618530273,1.5963752269744873,113724800
2012-11-20,1.6346880197525024,1.5972918272018433,117488000
2012-11-21,1.6425000429153442,1.6049249172210693,79276800
2012-11-23,1.691249966621399,1.652559757232666,61795200
2012-11-26,1.7081249952316284,1.6690491437911987,81590400
2012-11-27,1.6946879625320435,1.6559191942214966,105158400
2012-11-28,1.7237499952316284,1.6843161582946777,120524800
2012-11-29,1.7440630197525024,1.7041645050048828,120460800
2012-11-30,1.7400000095367432,1.7001943588256836,78684800
2012-12-03,1.7340630292892456,1.6943931579589844,84460800
2012-12-04,1.7268749475479126,1.6873698234558105,87072000
2012-12-05,1.6906249523162842,1.6519488096237183,128528000
2012-12-06,1.7121880054473877,1.6730189323425293,95811200
2012-12-07,1.6915630102157593,1.6528657674789429,84918400
2012-12-10,1.7021880149841309,1.6632475852966309,68291200
2012-12-11,1.7468750476837158,1.706912636756897,106784000
2012-12-12,1.7374999523162842,1.697751760482788,97667200
2012-12-13,1.7109379768371582,1.671797275543213,109872000
2012-12-14,1.6790629625320435,1.6406515836715698,83673600
2012-12-17,1.725000023841858,1.6855378150939941,72534400
2012-12-18,1.7759380340576172,1.7353103160858154,193382400
2012-12-19,1.7603130340576172,1.7200429439544678,87712000
2012-12-20,1.7590630054473877,1.7188218832015991,94310400
2012-12-21,1.7243750095367432,1.6849271059036255,89622400
2012-12-24,1.715000033378601,1.6757664680480957,17148800
2012-12-26,1.6853129863739014,1.6492230892181396,36294400
2012-12-27,1.6790629625320435,1.6431071758270264,121686400
2012-12-28,1.6462500095367432,1.6109967231750488,83398400
2012-12-31,1.7128130197525024,1.676134705543518,182608000
2013-01-02,1.823438048362732,1.7843904495239258,169932800
2013-01-03,1.8065630197525024,1.7678769826889038,78960000
2013-01-04,1.7934379577636719,1.7550324201583862,59609600
2013-01-07,1.796875,1.7583962678909302,80233600
2013-01-08,1.7918750047683716,1.753503441810608,89875200
2013-01-09,1.7999999523162842,1.7614541053771973,70227200
2013-01-10,1.8221880197525024,1.7831672430038452,109206400
2013-01-11,1.828125,1.788977026939392,52985600
2013-01-14,1.8109380006790161,1.7721582651138306,67878400
2013-01-15,1.7937500476837158,1.7553386688232422,75315200
2013-01-16,1.8075000047683716,1.7687938213348389,72732800
2013-01-17,1.8240629434585571,1.7850017547607422,87804800
2013-01-18,1.8174999952316284,1.7785797119140625,60041600
2013-01-22,1.8240629434585571,1.7850017547607422,73785600
2013-01-23,1.8421880006790161,1.802739143371582,91958400
2013-01-24,1.7940629720687866,1.7556445598602295,96988800
2013-01-25,1.8121880292892456,1.7733813524246216,78489600
2013-01-28,1.8196879625320435,1.7807207107543945,92531200
2013-01-29,1.8128130435943604,1.7739931344985962,95520000
2013-01-30,1.8143750429153442,1.7755216360092163,96940800
2013-01-31,1.8037500381469727,1.7651240825653076,74070400
2013-02-01,1.845937967300415,1.806408405303955,76403200
2013-02-04,1.78125,1.7431060075759888,115728000
2013-02-05,1.836562991142273,1.7972344160079956,73308800
2013-02-06,1.8228130340576172,1.7837787866592407,75728000
2013-02-07,1.8265630006790161,1.7874486446380615,79718400
2013-02-08,1.8637499809265137,1.8238393068313599,64883200
2013-02-11,1.864063024520874,1.8241454362869263,52332800
2013-02-12,1.8487499952316284,1.8091604709625244,54332800
2013-02-13,1.861875057220459,1.8220045566558838,42649600
2013-02-14,1.8596880435943604,1.8198646306991577,46646400
2013-02-15,1.8506250381469727,1.81099534034729,61129600
2013-02-19,1.8765629529953003,1.8363779783248901,40140800
2013-02-20,1.818750023841858,1.7798030376434326,81913600
2013-02-21,1.7796880006790161,1.7415772676467896,129289600
2013-02-22,1.815000057220459,1.7761330604553223,61004800
2013-02-25,1.7696880102157593,1.7317914962768555,153708800
2013-02-26,1.7825000286102295,1.7443289756774902,128537600
2013-02-27,1.8184380531311035,1.7794976234436035,130291200
2013-02-28,1.8125,1.7736871242523193,98643200
2013-03-01,1.8271880149841309,1.7880604267120361,65846400
2013-03-04,1.8440630435943604,1.8045740127563477,86352000
2013-03-05,1.8996880054473877,1.8590075969696045,97840000
2013-03-06,1.8890630006790161,1.848610281944275,56294400
2013-03-07,1.8996880054473877,1.8590075969696045,45395200
2013-03-08,1.9018750190734863,1.8611481189727783,46614400
2013-03-11,1.9149999618530273,1.873991847038269,42518400
2013-03-12,1.901563048362732,1.8608423471450806,64576000
2013-03-13,1.8949999809265137,1.8544203042984009,63180800
2013-03-14,1.908437967300415,1.8675702810287476,52873600
2013-03-15,1.8978129625320435,1.8571727275848389,66950400
2013-03-18,1.8878129720687866,1.8473868370056152,54707200
2013-03-19,1.8825000524520874,1.8421878814697266,110000000
2013-03-20,1.9018750190734863,1.865204095840454,52937600
2013-03-21,1.861562967300415,1.825669765472412,88086400
2013-03-22,1.8962500095367432,1.8596878051757812,46230400
2013-03-25,1.8815629482269287,1.8452835083007812,86172800
2013-03-26,1.9034379720687866,1.8667371273040771,44544000
2013-03-27,1.9081250429153442,1.8713338375091553,47273600
2013-03-28,1.9184379577636719,1.8814479112625122,45878400
2013-04-01,1.8909380435943604,1.854478359222412,71558400
2013-04-02,1.9209380149841309,1.8838998079299927,70921600
2013-04-03,1.885938048362732,1.8495745658874512,86080000
2013-04-04,1.8875000476837158,1.8511065244674683,59216000
2013-04-05,1.8553129434585571,1.8195396661758423,86979200
2013-04-08,1.8753130435943604,1.8391544818878174,45264000
2013-04-09,1.899062991142273,1.862446665763855,86963200
2013-04-10,1.9740630388259888,1.9360002279281616,57779200
2013-04-11,1.9703129529953003,1.9323228597640991,64160000
2013-04-12,1.96875,1.9307899475097656,55929600
2013-04-15,1.891563057899475,1.8550913333892822,69660800
2013-04-16,1.942188024520874,1.9047400951385498,45411200
2013-04-17,1.8662500381469727,1.8302665948867798,122806400
2013-04-18,1.8137500286102295,1.7787785530090332,109776000
2013-04-19,1.864063024520874,1.828121542930603,109193600
2013-04-22,1.899999976158142,1.8633652925491333,65868800
2013-04-23,1.9368749856948853,1.8995295763015747,91984000
2013-04-24,1.9353129863739014,1.897997498512268,90688000
2013-04-25,1.9559379816055298,1.9182250499725342,83571200
2013-04-26,1.9450000524520874,1.907497525215149,78204800
2013-04-29,1.9803129434585571,1.9421298503875732,71712000
2013-04-30,2.007812976837158,1.969099760055542,83516800
2013-05-01,1.9909379482269287,1.9525502920150757,114310400
2013-05-02,2.0403130054473877,2.0009725093841553,46361600
2013-05-03,2.088749885559082,2.048475980758667,60713600
2013-05-06,2.104063034057617,2.0634939670562744,60169600
2013-05-07,2.101562976837158,2.061042308807373,57040000
2013-05-08,2.122499942779541,2.081575393676758,41248000
2013-05-09,2.1184380054473877,2.07759165763855,60803200
2013-05-10,2.1409380435943604,2.099658250808716,49872000
2013-05-13,2.148124933242798,2.1067066192626953,40915200
2013-05-14,2.1696879863739014,2.1278538703918457,43753600
2013-05-15,2.1781249046325684,2.1361279487609863,35145600
2013-05-16,2.174375057220459,2.1324501037597656,50179200
2013-05-17,2.2140629291534424,2.171373128890991,71779200
2013-05-20,2.207813024520874,2.165243625640869,60352000
2013-05-21,2.2118749618530273,2.169227123260498,64400000
2013-05-22,2.176563024520874,2.134596347808838,166185600
2013-05-23,2.1628129482269287,2.121110677719116,130096000
2013-05-24,2.1624999046325684,2.120803117752075,66115200
2013-05-28,2.190000057220459,2.1477739810943604,82128000
2013-05-29,2.168750047683716,2.1269338130950928,99123200
2013-05-30,2.1912500858306885,2.1490001678466797,67289600
2013-05-31,2.150624990463257,2.1091578006744385,79737600
2013-06-03,2.1596879959106445,2.118046522140503,107315200
2013-06-04,2.137187957763672,2.095980644226074,124944000
2013-06-05,2.082813024520874,2.042653799057007,97526400
2013-06-06,2.0981249809265137,2.0576705932617188,89244800
2013-06-07,2.1575000286102295,2.115901231765747,77740800
2013-06-10,2.1606249809265137,2.1189651489257812,56844800
2013-06-11,2.117187976837158,2.0763659477233887,88905600
2013-06-12,2.067812919616699,2.0279433727264404,96025600
2013-06-13,2.1184380054473877,2.07759165763855,83049600
2013-06-14,2.0924999713897705,2.0521538257598877,57596800
2013-06-17,2.1309380531311035,2.089850902557373,72758400
2013-06-18,2.166249990463257,2.1244819164276123,67235200
2013-06-19,2.1178131103515625,2.0769784450531006,101926400
2013-06-20,2.0143749713897705,1.9755350351333618,160064000
2013-06-21,1.9968750476837158,1.9583725929260254,88009600
2013-06-24,1.9565629959106445,1.9188379049301147,106896000
2013-06-25,1.9837499856948853,1.9455008506774902,76316800
2013-06-26,2.0174999237060547,1.9785996675491333,72160000
2013-06-27,2.0374999046325684,1.998214602470398,68038400
2013-06-28,2.039375066757202,2.000053644180298,78371200
2013-07-01,2.0687499046325684,2.028862476348877,81539200
2013-07-02,2.0693750381469727,2.0294744968414307,44448000
2013-07-03,2.0868749618530273,2.046637535095215,27404800
2013-07-05,2.117187976837158,2.0763659477233887,59292800
2013-07-08,2.1209380626678467,2.080043077468872,38166400
2013-07-09,2.1468749046325684,2.105480432510376,36035200
2013-07-10,2.1728129386901855,2.130918502807617,37033600
2013-07-11,2.262500047683716,2.2188761234283447,54336000
2013-07-12,2.2790629863739014,2.2351198196411133,43164800
2013-07-15,2.2896881103515625,2.245539426803589,40771200
2013-07-16,2.283750057220459,2.2397162914276123,49744000
2013-07-17,2.294063091278076,2.2498300075531006,46243200
2013-07-18,2.2825000286102295,2.2384910583496094,57660800
2013-07-19,2.2362499237060547,2.193132162094116,56723200
2013-07-22,2.247188091278076,2.203859329223633,34041600
2013-07-23,2.216249942779541,2.173517942428589,45657600
2013-07-24,2.2296879291534424,2.186696767807007,46150400
2013-07-25,2.2562499046325684,2.2127459049224854,41510400
2013-07-26,2.280625104904175,2.236651659011841,33664000
2013-07-29,2.2725000381469727,2.2286829948425293,46835200
2013-07-30,2.2956249713897705,2.2513623237609863,51635200
2013-07-31,2.3056249618530273,2.2611687183380127,55315200
2013-08-01,2.351249933242798,2.305915117263794,42681600
2013-08-02,2.3787500858306885,2.3328847885131836,36521600
2013-08-05,2.382188081741333,2.336256980895996,27232000
2013-08-06,2.353749990463257,2.308366060256958,50659200
2013-08-07,2.3450000286102295,2.299785614013672,64249600
2013-08-08,2.3662500381469727,2.3206255435943604,55721600
2013-08-09,2.349062919616699,2.303770065307617,40556800
2013-08-12,2.3578128814697266,2.3123509883880615,65683200
2013-08-13,2.3840630054473877,2.338095188140869,70147200
2013-08-14,2.367500066757202,2.3218514919281006,71340800
2013-08-15,2.288749933242798,2.244619846343994,57756800
2013-08-16,2.284374952316284,2.2403292655944824,57670400
2013-08-19,2.2771880626678467,2.233281135559082,57177600
2013-08-20,2.2971880435943604,2.2528951168060303,45008000
2013-08-21,2.28125,2.2372639179229736,63923200
2013-08-22,2.3243749141693115,2.279557943344116,55203200
2013-08-23,2.3575000762939453,2.312044620513916,61897600
2013-08-26,2.3581249713897705,2.312656879425049,78521600
2013-08-27,2.260624885559082,2.2170374393463135,118259200
2013-08-28,2.280937910079956,2.2369582653045654,59622400
2013-08-29,2.311875104904175,2.267298936843872,64089600
2013-08-30,2.2815630435943604,2.2375714778900146,68828800
2013-09-03,2.3053131103515625,2.260863780975342,62048000
2013-09-04,2.3571879863739014,2.3117380142211914,65494400
2013-09-05,2.3653130531311035,2.319706916809082,45568000
2013-09-06,2.3706250190734863,2.3249166011810303,91158400
2013-09-09,2.424999952316284,2.3782429695129395,49776000
2013-09-10,2.449687957763672,2.4024546146392822,70390400
2013-09-11,2.440624952316284,2.393566370010376,46428800
2013-09-12,2.4359378814697266,2.3889694213867188,51107200
2013-09-13,2.4403131008148193,2.3932604789733887,32937600
2013-09-16,2.4262499809265137,2.3794682025909424,38761600
2013-09-17,2.4593749046325684,2.4119555950164795,35030400
2013-09-18,2.517812967300415,2.469265937805176,45824000
2013-09-19,2.5293750762939453,2.480604887008667,30729600
2013-09-20,2.5112500190734863,2.4628303050994873,37628800
2013-09-23,2.500624895095825,2.452408790588379,39772800
2013-09-24,2.50156307220459,2.453329086303711,33462400
2013-09-25,2.486562967300415,2.4386184215545654,54444800
2013-09-26,2.523437976837158,2.474782705307007,40940800
2013-09-27,2.517812967300415,2.469265937805176,52864000
2013-09-30,2.499687910079956,2.451491355895996,79593600
2013-10-01,2.5556249618530273,2.5063493251800537,49129600
2013-10-02,2.5528130531311035,2.503591299057007,52505600
2013-10-03,2.494062900543213,2.4459738731384277,59833600
2013-10-04,2.5356249809265137,2.4867348670959473,39856000
2013-10-07,2.4937500953674316,2.445667028427124,51856000
2013-10-08,2.400624990463257,2.3543381690979004,89462400
2013-10-09,2.383125066757202,2.337174654006958,85142400
2013-10-10,2.481874942779541,2.43402099609375,87622400
2013-10-11,2.522813081741333,2.4741697311401367,66112000
2013-10-14,2.557499885559082,2.508187770843506,57417600
2013-10-15,2.538438081741333,2.4894933700561523,113964800
2013-10-16,2.5956249237060547,2.5455777645111084,88153600
2013-10-17,2.6253130435943604,2.574693441390991,78169600
2013-10-18,2.7100000381469727,2.6577467918395996,86137600
2013-10-21,2.721250057220459,2.668780565261841,74185600
2013-10-22,2.725938081741333,2.6733782291412354,107747200
2013-10-23,2.697499990463257,2.6454882621765137,109894400
2013-10-24,2.7200000286102295,2.6675546169281006,60364800
2013-10-25,2.757812976837158,2.7046384811401367,95027200
2013-10-28,2.760624885559082,2.707396984100342,82665600
2013-10-29,2.7684381008148193,2.7150588035583496,132425600
2013-10-30,2.7637500762939453,2.710461139678955,137129600
2013-10-31,2.7512500286102295,2.6982028484344482,118224000
2013-11-01,2.752187967300415,2.6991219520568848,85600000
2013-11-04,2.7587499618530273,2.705557346343994,39737600
2013-11-05,2.7665629386901855,2.7132201194763184,54521600
2013-11-06,2.765000104904175,2.7116870880126953,71820800
2013-11-07,2.661562919616699,2.6102449893951416,105452800
2013-11-08,2.733438014984131,2.6807339191436768,87696000
2013-11-11,2.7249999046325684,2.6724581718444824,56755200
2013-11-12,2.7321879863739014,2.6795079708099365,93792000
2013-11-13,2.799062967300415,2.7450928688049316,95593600
2013-11-14,2.8143749237060547,2.7601099014282227,94236800
2013-11-15,2.825313091278076,2.7708370685577393,82048000
2013-11-18,2.773437976837158,2.7199628353118896,99974400
2013-11-19,2.7543749809265137,2.7012670040130615,126345600
2013-11-20,2.7437500953674316,2.6908462047576904,172729600
2013-11-21,2.7956249713897705,2.7417213916778564,127251200
2013-11-22,2.827500104904175,2.772981882095337,128771200
2013-11-25,2.8399999141693115,2.78524112701416,93516800
2013-11-26,2.869688034057617,2.8143560886383057,91990400
2013-11-27,2.9090631008148193,2.8529720306396484,97398400
2013-11-29,2.9412500858306885,2.8845388889312744,46563200
2013-12-02,2.9262499809265137,2.8698275089263916,75283200
2013-12-03,2.921562910079956,2.86523175239563,88048000
2013-12-04,2.927187919616699,2.8707478046417236,92038400
2013-12-05,2.921875,2.86553692817688,84457600
2013-12-06,2.962812900543213,2.9056856632232666,95856000
2013-12-09,2.98593807220459,2.928365468978882,94905600
2013-12-10,2.9825000762939453,2.9249932765960693,74976000
2013-12-11,2.90625,2.8502135276794434,106236800
2013-12-12,2.89218807220459,2.836423397064209,103916800
2013-12-13,2.882812976837158,2.827228307723999,64057600
2013-12-16,2.914375066757202,2.858181953430176,57100800
2013-12-17,2.9040629863739014,2.848069429397583,43561600
2013-12-18,2.9715631008148193,2.9142677783966064,166835200
2013-12-19,2.952188014984131,2.89526629447937,114192000
2013-12-20,3.0115630626678467,2.953495740890503,93168000
2013-12-23,3.075313091278076,3.0160164833068848,67436800
2013-12-24,3.0793750286102295,3.02000093460083,31331200
2013-12-26,3.098438024520874,3.038695812225342,61670400
2013-12-27,3.0824999809265137,3.0230653285980225,75680000
2013-12-30,3.073124885559082,3.0138704776763916,55686400
2013-12-31,3.112499952316284,3.0524868965148926,55052800
2014-01-02,3.064687967300415,3.005596399307251,70310400
2014-01-03,3.021250009536743,2.962996006011963,92188800
2014-01-06,2.996562957763672,2.9387857913970947,131728000
2014-01-07,3.0512499809265137,2.992418050765991,132166400
2014-01-08,3.0668749809265137,3.007741928100586,117705600
2014-01-09,3.0450000762939453,2.9862892627716064,109100800
2014-01-10,3.064687967300415,3.005596399307251,104531200
2014-01-13,2.971874952316284,2.9145734310150146,146083200
2014-01-14,3.087812900543213,3.028276205062866,113846400
2014-01-15,3.1368749141693115,3.0763914585113525,104457600
2014-01-16,3.140312910079956,3.079763174057007,72393600
2014-01-17,3.103437900543213,3.0435996055603027,73616000
2014-01-21,3.150312900543213,3.0895702838897705,81907200
2014-01-22,3.168750047683716,3.107651948928833,69168000
2014-01-23,3.145937919616699,3.085279941558838,101129600
2014-01-24,3.017812967300415,2.959625244140625,152416000
2014-01-27,2.963749885559082,2.9066052436828613,204976000
2014-01-28,2.9593749046325684,2.902313709259033,94243200
2014-01-29,2.8965630531311035,2.8407135009765625,196211200
2014-01-30,2.9984378814697266,2.9406239986419678,97337600
2014-01-31,2.9856250286102295,2.928058624267578,121593600
2014-02-03,2.851562976837158,2.796581268310547,177078400
2014-02-04,2.890000104904175,2.8342769145965576,121347200
2014-02-05,2.875,2.819566011428833,108406400
2014-02-06,2.945625066757202,2.888829231262207,83212800
2014-02-07,3.0509378910064697,2.992111921310425,109321600
2014-02-10,3.0868749618530273,3.027355909347534,87689600
2014-02-11,3.156874895095825,3.096006155014038,117619200
2014-02-12,3.169374942779541,3.1082653999328613,98265600
2014-02-13,3.215625047683716,3.153623342514038,104150400
2014-02-14,3.2300000190734863,3.1677212715148926,84371200
2014-02-18,3.2615630626678467,3.1986751556396484,64608000
2014-02-19,3.2171878814697266,3.155156373977661,115001600
2014-02-20,3.2434380054473877,3.1809000968933105,111888000
2014-02-21,3.234375,3.1720118522644043,91769600
2014-02-24,3.273124933242798,3.2100141048431396,70592000
2014-02-25,3.263124942779541,3.2002077102661133,112841600
2014-02-26,3.257812976837158,3.1949985027313232,116316800
2014-02-27,3.3009378910064697,3.237290859222412,82201600
2014-02-28,3.291874885559082,3.228403091430664,106700800
2014-03-03,3.2437500953674316,3.181206703186035,104294400
2014-03-04,3.3265628814697266,3.2624223232269287,130777600
2014-03-05,3.3450000286102295,3.2805042266845703,85004800
2014-03-06,3.3371880054473877,3.2728428840637207,90723200
2014-03-07,3.304687976837158,3.240969657897949,124304000
2014-03-10,3.309688091278076,3.245873212814331,77929600
2014-03-11,3.28281307220459,3.2195162773132324,135974400
2014-03-12,3.3056249618530273,3.2418878078460693,110128000
2014-03-13,3.2140629291534424,3.1520912647247314,176160000
2014-03-14,3.1678130626678467,3.106733560562134,129161600
2014-03-17,3.2256250381469727,3.1634299755096436,93056000
2014-03-18,3.3028130531311035,3.239130735397339,108176000
2014-03-19,3.2684381008148193,3.205418348312378,128336000
2014-03-20,3.284374952316284,3.2210476398468018,98176000
2014-03-21,3.2043750286102295,3.142590045928955,169881600
2014-03-24,3.150624990463257,3.089876651763916,196688000
2014-03-25,3.169063091278076,3.1079587936401367,171043200
2014-03-26,3.0875000953674316,3.0279691219329834,162048000
2014-03-27,3.0531249046325684,2.9942562580108643,136320000
2014-03-28,3.0659379959106445,3.006822347640991,103923200
2014-03-31,3.1078128814697266,3.0478899478912354,107219200
2014-04-01,3.216249942779541,3.15423583984375,111977600
2014-04-02,3.233438014984131,3.171093463897705,107459200
2014-04-03,3.1828129291534424,3.121443748474121,103200000
2014-04-04,3.0109379291534424,2.952883243560791,228656000
2014-04-07,2.9571878910064697,2.9001693725585938,183072000
2014-04-08,3.0090630054473877,2.9510438442230225,135984000
2014-04-09,3.1131250858306885,3.053100109100342,105782400
2014-04-10,2.920938014984131,2.8646185398101807,244662400
2014-04-11,2.8531250953674316,2.7981131076812744,173683200
2014-04-14,2.8965630531311035,2.8407135009765625,149254400
2014-04-15,2.9149999618530273,2.858795166015625,180780800
2014-04-16,2.9909379482269287,2.9332685470581055,89075200
2014-04-17,2.9928131103515625,2.935107707977295,69481600
2014-04-21,3.0381250381469727,2.979545831680298,70403200
2014-04-22,3.0871880054473877,3.027662515640259,55772800
2014-04-23,3.0315630435943604,2.9731106758117676,64211200
2014-04-24,3.090625047683716,3.031034231185913,94345600
2014-04-25,2.9909379482269287,2.9332685470581055,84854400
2014-04-28,3.012500047683716,2.9544146060943604,147641600
2014-04-29,3.0578129291534424,2.998854637145996,62643200
2014-04-30,3.0740630626678467,3.014791250228882,65504000
2014-05-01,3.09375,3.0340981483459473,69664000
2014-05-02,3.0818750858306885,3.0224523544311523,92012800
2014-05-05,3.1131250858306885,3.053100109100342,59558400
2014-05-06,3.031874895095825,2.9734160900115967,79705600
2014-05-07,3.0134379863739014,2.955334424972534,105225600
2014-05-08,3.0087499618530273,2.950737237930298,110300800
2014-05-09,3.031874895095825,2.9734160900115967,88915200
2014-05-12,3.1290628910064697,3.068730354309082,48515200
2014-05-13,3.133125066757202,3.072714328765869,48579200
2014-05-14,3.1003129482269287,3.040534496307373,37392000
2014-05-15,3.0534379482269287,2.9945642948150635,81430400
2014-05-16,3.092813014984131,3.03317928314209,52339200
2014-05-19,3.137500047683716,3.077004909515381,45942400
2014-05-20,3.114063024520874,3.0540194511413574,58121600
2014-05-21,3.1728129386901855,3.1116364002227783,44745600
2014-05-22,3.1987500190734863,3.1370744705200195,46982400
2014-05-23,3.246875047683716,3.1842713356018066,26233600
2014-05-27,3.328749895095825,3.2645673751831055,33321600
2014-05-28,3.306562900543213,3.2428078651428223,55068800
2014-05-29,3.3481249809265137,3.283568859100342,39878400
2014-05-30,3.3503129482269287,3.2857141494750977,32217600
2014-06-02,3.3418750762939453,3.2774388790130615,31388800
2014-06-03,3.340312957763672,3.2759077548980713,26681600
2014-06-04,3.3628129959106445,3.297973394393921,28883200
2014-06-05,3.4206249713897705,3.354670286178589,39452800
2014-06-06,3.4593749046325684,3.3926737308502197,36284800
2014-06-09,3.4540629386901855,3.3874640464782715,30595200
2014-06-10,3.4646880626678467,3.3978841304779053,30547200
2014-06-11,3.462812900543213,3.396045446395874,36630400
2014-06-12,3.403749942779541,3.338121175765991,58752000
2014-06-13,3.4221880435943604,3.356203556060791,37555200
2014-06-16,3.427500009536743,3.3614132404327393,28521600
2014-06-17,3.4309380054473877,3.3647847175598145,31670400
2014-06-18,3.4728128910064697,3.4058523178100586,36428800
2014-06-19,3.465312957763672,3.3984968662261963,31721600
2014-06-20,3.471874952316284,3.404932737350464,25084800
2014-06-23,3.473750114440918,3.4067718982696533,27811200
2014-06-24,3.4674999713897705,3.400641918182373,60083200
2014-06-25,3.5065629482269287,3.444540023803711,47814400
2014-06-26,3.5093750953674316,3.4473016262054443,55641600
2014-06-27,3.538749933242798,3.4761569499969482,41836800
2014-06-30,3.5531249046325684,3.4902772903442383,30547200
2014-07-01,3.6315629482269287,3.5673279762268066,32204800
2014-07-02,3.6424999237060547,3.5780718326568604,34329600
2014-07-03,3.6853129863739014,3.6201276779174805,32624000
2014-07-07,3.664062976837158,3.5992534160614014,54601600
2014-07-08,3.577500104904175,3.5142219066619873,67916800
2014-07-09,3.630000114440918,3.565793037414551,50086400
2014-07-10,3.6075000762939453,3.5436911582946777,43686400
2014-07-11,3.650312900543213,3.5857465267181396,36265600
2014-07-14,3.698124885559082,3.6327133178710938,27360000
2014-07-15,3.672499895095825,3.607541799545288,59190400
2014-07-16,3.700313091278076,3.6348628997802734,27206400
2014-07-17,3.6028130054473877,3.5390868186950684,64441600
2014-07-18,3.713124990463257,3.6474480628967285,43590400
2014-07-21,3.70468807220459,3.6391594409942627,24688000
2014-07-22,3.755000114440918,3.688582181930542,25222400
2014-07-23,3.8009378910064697,3.7337069511413574,31715200
2014-07-24,3.793437957763672,3.7263405323028564,40937600
2014-07-25,3.759999990463257,3.6934938430786133,31808000
2014-07-28,3.7643749713897705,3.69779109954834,30073600
2014-07-29,3.753124952316284,3.6867403984069824,57894400
2014-07-30,3.781874895095825,3.714982032775879,38521600
2014-07-31,3.627500057220459,3.563337802886963,63817600
2014-08-01,3.601562976837158,3.537858724594116,73062400
2014-08-04,3.648750066757202,3.5842113494873047,44748800
2014-08-05,3.5946879386901855,3.5311050415039062,69804800
2014-08-06,3.5875000953674316,3.524045467376709,53731200
2014-08-07,3.5662500858306885,3.50317120552063,58691200
2014-08-08,3.6159379482269287,3.5519800186157227,47734400
2014-08-11,3.6596879959106445,3.5949554443359375,29232000
2014-08-12,3.6543750762939453,3.5897371768951416,34995200
2014-08-13,3.734062910079956,3.668015241622925,31372800
2014-08-14,3.7725000381469727,3.7057721614837646,34316800
2014-08-15,3.807499885559082,3.7401537895202637,49251200
2014-08-18,3.8678131103515625,3.7993996143341064,27491200
2014-08-19,3.9103128910064697,3.8411481380462646,18812800
2014-08-20,3.9124999046325684,3.8432962894439697,22620800
2014-08-21,3.9259378910064697,3.8564963340759277,18966400
2014-08-22,3.936875104904175,3.8672401905059814,24585600
2014-08-25,3.965625047683716,3.895482301712036,31219200
2014-08-26,3.9749999046325684,3.904691457748413,18704000
2014-08-27,3.9753129482269287,3.9049980640411377,14576000
2014-08-28,3.963749885559082,3.8936398029327393,24307200
2014-08-29,3.9956250190734863,3.9249510765075684,16944000
2014-09-02,4.01843786239624,3.9473605155944824,28064000
2014-09-03,3.971250057220459,3.901007890701294,42441600
2014-09-04,3.960624933242798,3.8905696868896484,43699200
2014-09-05,4.005000114440918,3.9341607093811035,33385600
2014-09-08,4.017813205718994,3.946746587753296,44963200
2014-09-09,3.952188014984131,3.882282257080078,57907200
2014-09-10,4.0134382247924805,3.942448616027832,34265600
2014-09-11,4.010313034057617,3.9393789768218994,48048000
2014-09-12,3.967813014984131,3.8976311683654785,78454400
2014-09-15,3.889688014984131,3.8208882808685303,77958400
2014-09-16,3.958125114440918,3.8881144523620605,62556800
2014-09-17,3.9725000858306885,3.902235269546509,39696000
2014-09-18,4.03000020980835,3.9587173461914062,21830400
2014-09-19,4.022812843322754,3.951657772064209,42764800
2014-09-22,3.9509379863739014,3.8810548782348633,46976000
2014-09-23,3.929063081741333,3.8595664501190186,50550400
2014-09-24,4.012813091278076,3.9418349266052246,39996800
2014-09-25,3.8446879386901855,3.7766835689544678,67840000
2014-09-26,3.9284379482269287,3.858952283859253,47913600
2014-09-29,3.916874885559082,3.8475937843322754,60716800
2014-09-30,3.9287500381469727,3.8592591285705566,63036800
2014-10-01,3.801563024520874,3.734321355819702,88470400
2014-10-02,3.799062967300415,3.731865644454956,98915200
2014-10-03,3.8753130435943604,3.806767225265503,50595200
2014-10-06,3.858438014984131,3.7901906967163086,48710400
2014-10-07,3.749375104904175,3.6830570697784424,69747200
2014-10-08,3.898437976837158,3.8294835090637207,66444800
2014-10-09,3.7674999237060547,3.7008614540100098,121603200
2014-10-10,3.578749895095825,3.515448808670044,78640000
2014-10-13,3.468437910079956,3.4070889949798584,134067200
2014-10-14,3.4668750762939453,3.4055535793304443,141110400
2014-10-15,3.424999952316284,3.3644189834594727,159776000
2014-10-16,3.379688024520874,3.319908380508423,155302400
2014-10-17,3.4700000286102295,3.4086239337921143,133523200
2014-10-20,3.572499990463257,3.509310722351074,66249600
2014-10-21,3.7593750953674316,3.6928799152374268,92204800
2014-10-22,3.719374895095825,3.6535871028900146,67129600
2014-10-23,3.833437919616699,3.765632390975952,80630400
2014-10-24,3.8918750286102295,3.8230366706848145,64921600
2014-10-27,3.9021880626678467,3.8331665992736816,57811200
2014-10-28,4.017499923706055,3.946439266204834,61228800
2014-10-29,3.986562967300415,3.916049003601074,96761600
2014-10-30,4.0059380531311035,3.935081720352173,63936000
2014-10-31,4.114375114440918,4.041601657867432,64524800
2014-11-03,4.138124942779541,4.064930438995361,32784000
2014-11-04,4.112500190734863,4.039760589599609,56838400
2014-11-05,4.110000133514404,4.037303447723389,55926400
2014-11-06,4.137499809265137,4.064316749572754,49459200
2014-11-07,4.128125190734863,4.055107116699219,41660800
2014-11-10,4.1596879959106445,4.086111545562744,31795200
2014-11-11,4.183437824249268,4.109442710876465,36137600
2014-11-12,4.199062824249268,4.124790668487549,28262400
2014-11-13,4.234063148498535,4.159172058105469,47875200
2014-11-14,4.259375095367432,4.184036731719971,24310400
2014-11-17,4.23312520980835,4.1582512855529785,30188800
2014-11-18,4.299063205718994,4.223020553588867,21846400
2014-11-19,4.259375095367432,4.184036731719971,36588800
2014-11-20,4.2978129386901855,4.221793174743652,19459200
2014-11-21,4.31374979019165,4.237448215484619,39462400
2014-11-24,4.382500171661377,4.304983615875244,25868800
2014-11-25,4.395625114440918,4.317875385284424,30569600
2014-11-26,4.452813148498535,4.374053001403809,28668800
2014-11-28,4.492499828338623,4.413037300109863,15664000
2014-12-01,4.389999866485596,4.312349796295166,47571200
2014-12-02,4.425000190734863,4.3467326164245605,30246400
2014-12-03,4.442812919616699,4.364229202270508,32976000
2014-12-04,4.435937881469727,4.357475757598877,40777600
2014-12-05,4.438125133514404,4.35962438583374,26636800
2014-12-08,4.372188091278076,4.294853687286377,37024000
2014-12-09,4.404375076293945,4.326471328735352,54467200
2014-12-10,4.263750076293945,4.188333034515381,53939200
2014-12-11,4.304687976837158,4.228546619415283,34550400
2014-12-12,4.210937976837158,4.13645601272583,48355200
2014-12-15,4.125,4.052037239074707,73699200
2014-12-16,3.989063024520874,3.9185051918029785,75068800
2014-12-17,4.1309380531311035,4.057870864868164,80835200
2014-12-18,4.335000038146973,4.25832462310791,61945600
2014-12-19,4.364062786102295,4.286872386932373,48790400
2014-12-22,4.3915629386901855,4.316359519958496,38771200
2014-12-23,4.3628129959106445,4.288100719451904,27267200
2014-12-24,4.3678131103515625,4.29301643371582,8214400
2014-12-26,4.429687976837158,4.353830814361572,16185600
2014-12-29,4.4278130531311035,4.351987838745117,20131200
2014-12-30,4.364999771118164,4.290250778198242,28761600
2014-12-31,4.273125171661377,4.199949741363525,36044800
2015-01-02,4.255312919616699,4.1824421882629395,49910400
2015-01-05,4.125625133514404,4.054975509643555,56867200
2015-01-06,4.01687479019165,3.948086738586426,52531200
2015-01-07,4.117187976837158,4.046682834625244,52400000
2015-01-08,4.274687767028809,4.201484203338623,52544000
2015-01-09,4.2196879386901855,4.147426605224609,55964800
2015-01-12,4.132812976837158,4.062039375305176,41520000
2015-01-13,4.12656307220459,4.055897235870361,75494400
2015-01-14,4.085625171661377,4.015659332275391,73990400
2015-01-15,3.9778130054473877,3.9096932411193848,57065600
2015-01-16,4.071562767028809,4.001838207244873,70736000
2015-01-20,4.134375095367432,4.063575267791748,62960000
2015-01-21,4.176249980926514,4.104732513427734,58675200
2015-01-22,4.330625057220459,4.256464004516602,63420800
2015-01-23,4.349374771118164,4.274893283843994,55900800
2015-01-26,4.340624809265137,4.266293525695801,45145600
2015-01-27,4.118124961853027,4.04760217666626,64156800
2015-01-28,4.073124885559082,4.003372669219971,67196800
2015-01-29,4.147812843322754,4.076782703399658,60240000
2015-01-30,4.087187767028809,4.017195701599121,50736000
2015-02-02,4.156562805175781,4.08538293838501,51113600
2015-02-03,4.236249923706055,4.163705348968506,51491200
2015-02-04,4.226562976837158,4.154183864593506,57708800
2015-02-05,4.300624847412109,4.2269768714904785,41363200
2015-02-06,4.248437881469727,4.175683975219727,41513600
2015-02-09,4.220938205718994,4.148655414581299,32976000
2015-02-10,4.352812767028809,4.2782721519470215,37068800
2015-02-11,4.385313034057617,4.310215473175049,40476800
2015-02-12,4.4853129386901855,4.408504009246826,42793600
2015-02-13,4.561874866485596,4.483753204345703,52553600
2015-02-17,4.5709381103515625,4.492661952972412,30774400
2015-02-18,4.584374904632568,4.505868434906006,27852800
2015-02-19,4.629063129425049,4.549790859222412,37606400
2015-02-20,4.690625190734863,4.610299587249756,42032000
2015-02-23,4.701562881469727,4.621049404144287,28160000
2015-02-24,4.707499980926514,4.626884937286377,33712000
2015-02-25,4.683125019073486,4.6029276847839355,32339200
2015-02-26,4.730625152587891,4.649615287780762,29814400
2015-02-27,4.689374923706055,4.609069347381592,25292800
2015-03-02,4.773749828338623,4.692000865936279,36713600
2015-03-03,4.726874828338623,4.645928382873535,48896000
2015-03-04,4.692812919616699,4.612448692321777,41088000
2015-03-05,4.707188129425049,4.626579761505127,34275200
2015-03-06,4.598437786102295,4.519690990447998,46400000
2015-03-09,4.624063014984131,4.544876575469971,29580800
2015-03-10,4.458125114440918,4.38178014755249,58320000
2015-03-11,4.4040632247924805,4.3286452293396,43008000
2015-03-12,4.463749885559082,4.3873090744018555,39644800
2015-03-13,4.422500133514404,4.346766471862793,60326400
2015-03-16,4.539062976837158,4.461331367492676,39872000
2015-03-17,4.5503129959106445,4.472390174865723,30633600
2015-03-18,4.641250133514404,4.561769485473633,36582400
2015-03-19,4.653749942779541,4.5740556716918945,28147200
2015-03-20,4.717813014984131,4.637021541595459,28662400
2015-03-23,4.694375038146973,4.61398458480835,28208000
2015-03-24,4.660937786102295,4.581120014190674,28886400
2015-03-25,4.444687843322754,4.370888710021973,73417600
2015-03-26,4.414999961853027,4.341693878173828,73030400
2015-03-27,4.4509382247924805,4.377035617828369,38044800
2015-03-30,4.559374809265137,4.483672618865967,51913600
2015-03-31,4.45468807220459,4.380722522735596,37097600
2015-04-01,4.408750057220459,4.335547924041748,47820800
2015-04-02,4.413125038146973,4.339850425720215,29948800
2015-04-06,4.48562479019165,4.41114616394043,45132800
2015-04-07,4.46999979019165,4.395780086517334,31840000
2015-04-08,4.540937900543213,4.465540885925293,44048000
2015-04-09,4.597813129425049,4.5214715003967285,32569600
2015-04-10,4.634687900543213,4.557733535766602,26812800
2015-04-13,4.61093807220459,4.534377098083496,33088000
2015-04-14,4.585312843322754,4.509180068969727,32924800
2015-04-15,4.639062881469727,4.562036037445068,32646400
2015-04-16,4.62781286239624,4.550972938537598,25638400
2015-04-17,4.4853129386901855,4.410840034484863,56896000
2015-04-20,4.618750095367432,4.542058944702148,42476800
2015-04-21,4.656875133514404,4.579554080963135,31036800
2015-04-22,4.707188129425049,4.629031658172607,38540800
2015-04-23,4.744999885559082,4.666214942932129,35187200
2015-04-24,4.870625019073486,4.789753437042236,35782400
2015-04-27,4.848437786102295,4.767934799194336,44921600
2015-04-28,4.825624942779541,4.745500564575195,40409600
2015-04-29,4.767813205718994,4.6886491775512695,52985600
2015-04-30,4.614375114440918,4.537757396697998,66310400
2015-05-01,4.739999771118164,4.6612982749938965,50771200
2015-05-04,4.75281286239624,4.673898220062256,32883200
2015-05-05,4.601874828338623,4.525466442108154,56124800
2015-05-06,4.540312767028809,4.464925289154053,69468800
2015-05-07,4.589687824249268,4.513481616973877,59894400
2015-05-08,4.702499866485596,4.624420642852783,46412800
2015-05-11,4.664374828338623,4.586928367614746,33456000
2015-05-12,4.625312805175781,4.548515796661377,35318400
2015-05-13,4.643125057220459,4.566031455993652,33769600
2015-05-14,4.777500152587891,4.698175430297852,39398400
2015-05-15,4.779687881469727,4.7003254890441895,25430400
2015-05-18,4.820624828338623,4.740584373474121,19603200
2015-05-19,4.8078131675720215,4.72798490524292,23190400
2015-05-20,4.813125133514404,4.733209609985352,20947200
2015-05-21,4.864999771118164,4.7842230796813965,15408000
2015-05-22,4.858749866485596,4.778075695037842,16776000
2015-05-26,4.742499828338623,4.663755893707275,20833600
2015-05-27,4.894999980926514,4.813724040985107,19657600
2015-05-28,4.87375020980835,4.792827606201172,13361600
2015-05-29,4.818749904632568,4.73874044418335,20968000
2015-06-01,4.845624923706055,4.765168190002441,24211200
2015-06-02,4.816249847412109,4.736280918121338,18238400
2015-06-03,4.844375133514404,4.763940811157227,20905600
2015-06-04,4.774374961853027,4.695102214813232,28294400
2015-06-05,4.749374866485596,4.670516490936279,30273600
2015-06-08,4.653749942779541,4.576479911804199,25294400
2015-06-09,4.638750076293945,4.561729907989502,36558400
2015-06-10,4.758749961853027,4.67973518371582,29083200
2015-06-11,4.775625228881836,4.696331024169922,23548800
2015-06-12,4.697500228881836,4.619503498077393,21289600
2015-06-15,4.653124809265137,4.575864315032959,30616000
2015-06-16,4.699999809265137,4.621960639953613,19147200
2015-06-17,4.726250171661377,4.647776126861572,30118400
2015-06-18,4.86062479019165,4.77992057800293,37004800
2015-06-19,4.814374923706055,4.734436511993408,21691200
2015-06-22,4.885624885559082,4.804502487182617,25342400
2015-06-23,4.894374847412109,4.813109397888184,18539200
2015-06-24,4.846250057220459,4.765783309936523,20600000
2015-06-25,4.823124885559082,4.743042469024658,18832000
2015-06-26,4.76437520980835,4.685269355773926,24121600
2015-06-29,4.541250228881836,4.465847969055176,60380800
2015-06-30,4.571875095367432,4.495963096618652,41563200
2015-07-01,4.641250133514404,4.564187049865723,35521600
2015-07-02,4.644999980926514,4.567875385284424,24888000
2015-07-06,4.623125076293945,4.546363830566406,30097600
2015-07-07,4.641250133514404,4.564187049865723,45302400
2015-07-08,4.481874942779541,4.407458782196045,34675200
2015-07-09,4.475625038146973,4.401312828063965,33920000
2015-07-10,4.615624904632568,4.538987636566162,30080000
2015-07-13,4.772500038146973,4.693258285522461,35947200
2015-07-14,4.836249828338623,4.755948543548584,27507200
2015-07-15,4.847499847412109,4.767011642456055,28744000
2015-07-16,4.982500076293945,4.899770736694336,29054400
2015-07-17,5.127500057220459,5.04236364364624,26270400
2015-07-20,5.166874885559082,5.081084728240967,32852800
2015-07-21,5.156875133514404,5.071251392364502,21862400
2015-07-22,5.045000076293945,4.961233139038086,25454400
2015-07-23,5.002500057220459,4.919439315795898,23305600
2015-07-24,4.90749979019165,4.826015949249268,25414400
2015-07-27,4.823124885559082,4.743042469024658,33828800
2015-07-28,4.90625,4.82478666305542,35726400
2015-07-29,4.946875095367432,4.8647379875183105,22785600
2015-07-30,4.991250038146973,4.908376693725586,29233600
2015-07-31,4.979374885559082,4.896698951721191,24971200
2015-08-03,4.95187520980835,4.869656085968018,31363200
2015-08-04,4.928750038146973,4.846914768218994,29428800
2015-08-05,5.003749847412109,4.920668125152588,31587200
2015-08-06,4.847499847412109,4.767011642456055,33689600
2015-08-07,4.831250190734863,4.75103235244751,34811200
2015-08-10,4.940625190734863,4.858592510223389,28721600
2015-08-11,4.816874980926514,4.73689603805542,34705600
2015-08-12,4.845624923706055,4.765168190002441,45950400
2015-08-13,4.828125,4.747960090637207,27896000
2015-08-14,4.84375,4.763325214385986,22438400
2015-08-17,4.924375057220459,4.8426103591918945,23760000
2015-08-18,4.876874923706055,4.795899391174316,18832000
2015-08-19,4.81125020980835,4.731365203857422,43784000
2015-08-20,4.547500133514404,4.471994400024414,57112000
2015-08-21,4.15749979019165,4.0884690284729,72264000
2015-08-24,3.844374895095825,3.780543327331543,62776000
2015-08-25,3.799375057220459,3.736290693283081,48299200
2015-08-26,4.179999828338623,4.110597133636475,62598400
2015-08-27,4.389999866485596,4.317107677459717,77176000
2015-08-28,4.394999980926514,4.322026252746582,35776000
2015-08-31,4.281875133514404,4.210779666900635,33188800
2015-09-01,4.023125171661377,3.9563252925872803,52409600
2015-09-02,4.241250038146973,4.170828819274902,34131200
2015-09-03,4.195000171661377,4.125347137451172,30068800
2015-09-04,4.096875190734863,4.028850555419922,36164800
2015-09-08,4.32687520980835,4.255032539367676,26227200
2015-09-09,4.231874942779541,4.161609172821045,33084800
2015-09-10,4.320000171661377,4.248271942138672,32974400
2015-09-11,4.368750095367432,4.296212196350098,22892800
2015-09-14,4.341875076293945,4.269783020019531,16958400
2015-09-15,4.442500114440918,4.368737697601318,25451200
2015-09-16,4.494375228881836,4.4197516441345215,29134400
2015-09-17,4.49875020980835,4.42405366897583,47859200
2015-09-18,4.37375020980835,4.301129341125488,29516800
2015-09-21,4.399374961853027,4.326327800750732,30708800
2015-09-22,4.268750190734863,4.197872638702393,33185600
2015-09-23,4.271249771118164,4.2003302574157715,22238400
2015-09-24,4.244999885559082,4.1745171546936035,38792000
2015-09-25,4.170000076293945,4.100761413574219,32265600
2015-09-28,3.932499885559082,3.8672049045562744,42627200
2015-09-29,3.893749952316284,3.8290984630584717,44256000
2015-09-30,4.065625190734863,3.998119354248047,46081600
2015-10-01,4.103125095367432,4.034997463226318,33644800
2015-10-02,4.246874809265137,4.176360607147217,46131200
2015-10-05,4.372499942779541,4.299900054931641,42155200
2015-10-06,4.331250190734863,4.259334087371826,29628800
2015-10-07,4.380000114440918,4.307275772094727,43841600
2015-10-08,4.414999961853027,4.341693878173828,47060800
2015-10-09,4.45187520980835,4.377957344055176,32612800
2015-10-12,4.477499961853027,4.403155326843262,16592000
2015-10-13,4.415625095367432,4.342309474945068,32056000
2015-10-14,4.405624866485596,4.332475662231445,24844800
2015-10-15,4.550000190734863,4.474453449249268,32547200
2015-10-16,4.590000152587891,4.513786792755127,21331200
2015-10-19,4.64187479019165,4.564802169799805,21553600
2015-10-20,4.59375,4.517475128173828,18777600
2015-10-21,4.535624980926514,4.460315704345703,21136000
2015-10-22,4.721250057220459,4.642858505249023,37652800
2015-10-23,4.985000133514404,4.902230262756348,33454400
2015-10-26,4.992499828338623,4.909605503082275,19278400
2015-10-27,5.009375095367432,4.926199913024902,15944000
2015-10-28,5.09375,5.00917387008667,28817600
2015-10-29,5.078125,4.993808269500732,17475200
2015-10-30,5.033750057220459,4.950170993804932,21201600
2015-11-02,5.148749828338623,5.063261985778809,16329600
2015-11-03,5.183125019073486,5.097065448760986,13467200
2015-11-04,5.184374809265137,5.098294734954834,21131200
2015-11-05,5.149374961853027,5.063875198364258,16120000
2015-11-06,5.161874771118164,5.076167583465576,25353600
2015-11-09,5.052499771118164,4.968608379364014,22112000
2015-11-10,5.021874904632568,4.938491344451904,16998400
2015-11-11,5.011875152587891,4.928658485412598,16364800
2015-11-12,4.913125038146973,4.831547737121582,22065600
2015-11-13,4.721875190734863,4.643473148345947,30329600
2015-11-16,4.856249809265137,4.775616645812988,21680000
2015-11-17,4.862500190734863,4.781763553619385,30881600
2015-11-18,5.046249866485596,4.962462902069092,26038400
2015-11-19,5.054999828338623,4.971067428588867,22539200
2015-11-20,5.121874809265137,5.036831855773926,16281600
2015-11-23,5.094375133514404,5.009788513183594,14972800
2015-11-24,5.088125228881836,5.00364351272583,19467200
2015-11-25,5.093124866485596,5.00855827331543,13878400
2015-11-27,5.109375,5.024540424346924,6292800
2015-11-30,5.081874847412109,4.997495651245117,17892800
2015-12-01,5.183750152587891,5.0976786613464355,19022400
2015-12-02,5.122499942779541,5.03744649887085,16875200
2015-12-03,4.946249961853027,4.8641228675842285,26660800
2015-12-04,5.174375057220459,5.088459491729736,25499200
2015-12-07,5.130000114440918,5.0448222160339355,14718400
2015-12-08,5.131875038146973,5.046667098999023,18996800
2015-12-09,4.974999904632568,4.892395973205566,30688000
2015-12-10,5.018125057220459,4.934804916381836,25616000
2015-12-11,4.789374828338623,4.709852695465088,33006400
2015-12-14,4.863749980926514,4.782991409301758,38403200
2015-12-15,4.920000076293945,4.838308811187744,23908800
2015-12-16,5.058125019073486,4.974141597747803,32404800
2015-12-17,4.918125152587891,4.836465358734131,29236800
2015-12-18,4.73562479019165,4.6569952964782715,34099200
2015-12-21,4.833125114440918,4.7528767585754395,27478400
2015-12-22,4.893125057220459,4.814743995666504,15635200
2015-12-23,4.966875076293945,4.887312412261963,13251200
2015-12-24,4.963125228881836,4.883623123168945,7520000
2015-12-28,4.953750133514404,4.874398708343506,18648000
2015-12-29,5.109375,5.027529716491699,15214400
2015-12-30,5.021249771118164,4.940817356109619,10608000
2015-12-31,4.897500038146973,4.81904935836792,20696000
2016-01-04,4.693124771118164,4.617948055267334,35806400
2016-01-05,4.668125152587891,4.593348979949951,26548800
2016-01-06,4.583749771118164,4.510324478149414,27740800
2016-01-07,4.29812479019165,4.229274749755859,48697600
2016-01-08,4.223124980926514,4.1554765701293945,42179200
2016-01-11,4.253125190734863,4.184995174407959,41776000
2016-01-12,4.351874828338623,4.282165050506592,38926400
2016-01-13,4.048749923706055,3.9838945865631104,50889600
2016-01-14,4.21875,4.151171684265137,68628800
2016-01-15,3.9574999809265137,3.894106388092041,65014400
2016-01-19,3.974375009536743,3.9107115268707275,39897600
2016-01-20,3.9518749713897705,3.8885724544525146,71588800
2016-01-21,3.961250066757202,3.897796630859375,39494400
2016-01-22,4.186874866485596,4.119806289672852,30761600
2016-01-25,4.065000057220459,3.999885082244873,21739200
2016-01-26,4.136875152587891,4.070608139038086,21836800
2016-01-27,3.929374933242798,3.866431474685669,35966400
2016-01-28,4.038125038146973,3.973440170288086,42700800
2016-01-29,4.207499980926514,4.140102386474609,38099200
2016-02-01,4.224374771118164,4.156705856323242,38388800
2016-02-02,4.04562520980835,3.9808201789855957,40942400
2016-02-03,4.008749961853027,3.944535493850708,61872000
2016-02-04,4.007500171661377,3.9433059692382812,38441600
2016-02-05,3.726249933242798,3.666559934616089,68220800
2016-02-08,3.6131250858306885,3.555248260498047,89908800
2016-02-09,3.588749885559082,3.5312633514404297,62656000
2016-02-10,3.619374990463257,3.5613975524902344,52228800
2016-02-11,3.612499952316284,3.5546324253082275,64488000
2016-02-12,3.716249942779541,3.656721353530884,37144000
2016-02-16,3.878124952316284,3.8160035610198975,39641600
2016-02-17,4.058750152587891,3.993734359741211,51164800
2016-02-18,3.96875,3.9051764011383057,37030400
2016-02-19,3.991874933242798,3.9279308319091797,21908800
2016-02-22,4.119999885559082,4.05400276184082,25412800
2016-02-23,3.984375,3.920551300048828,24014400
2016-02-24,4.060625076293945,3.9955801963806152,47172800
2016-02-25,4.138124942779541,4.071837902069092,36518400
2016-02-26,4.128749847412109,4.0626139640808105,28660800
2016-02-29,4.054999828338623,3.9900436401367188,23267200
2016-03-01,4.313125133514404,4.2440361976623535,29036800
2016-03-02,4.317500114440918,4.248341083526611,33582400
2016-03-03,4.302499771118164,4.233580112457275,27324800
2016-03-04,4.306250095367432,4.237270355224609,27908800
2016-03-07,4.254374980926514,4.186225891113281,33275200
2016-03-08,4.179999828338623,4.113041400909424,31656000
2016-03-09,4.235000133514404,4.167161464691162,33705600
2016-03-10,4.224374771118164,4.156705856323242,51094400
2016-03-11,4.368750095367432,4.298769474029541,34801600
2016-03-14,4.381875038146973,4.311684608459473,36288000
2016-03-15,4.380000114440918,4.309838771820068,18264000
2016-03-16,4.457499980926514,4.386097431182861,26411200
2016-03-17,4.452499866485596,4.3811774253845215,22763200
2016-03-18,4.469375133514404,4.3977813720703125,19916800
2016-03-21,4.501874923706055,4.429760932922363,18492800
2016-03-22,4.526875019073486,4.4543609619140625,20251200
2016-03-23,4.448124885559082,4.376872539520264,19715200
2016-03-24,4.450624942779541,4.379332065582275,31988800
2016-03-28,4.439374923706055,4.3682637214660645,21395200
2016-03-29,4.575624942779541,4.502330303192139,26508800
2016-03-30,4.626874923706055,4.552759647369385,21083200
2016-03-31,4.612500190734863,4.538613796234131,21683200
2016-04-01,4.707499980926514,4.6320929527282715,27049600
2016-04-04,4.670000076293945,4.595194339752197,15491200
2016-04-05,4.585625171661377,4.51216983795166,22894400
2016-04-06,4.73312520980835,4.657307147979736,24446400
2016-04-07,4.590624809265137,4.51708984375,25952000
2016-04-08,4.590624809265137,4.51708984375,20640000
2016-04-11,4.554999828338623,4.4820356369018555,21836800
2016-04-12,4.633124828338623,4.558909893035889,22438400
2016-04-13,4.750625133514404,4.674527168273926,29584000
2016-04-14,4.75,4.673912048339844,17824000
2016-04-15,4.724999904632568,4.6493120193481445,13128000
2016-04-18,4.775000095367432,4.698512077331543,15134400
2016-04-19,4.716249942779541,4.640703201293945,15326400
2016-04-20,4.721875190734863,4.646237373352051,16120000
2016-04-21,4.724374771118164,4.648696422576904,15380800
2016-04-22,4.583749771118164,4.510324478149414,20971200
2016-04-25,4.583125114440918,4.50970983505249,20844800
2016-04-26,4.541250228881836,4.468505382537842,21633600
2016-04-27,4.463125228881836,4.391633033752441,35660800
2016-04-28,4.359375,4.289544582366943,28190400
2016-04-29,4.309999942779541,4.240960597991943,34160000
2016-05-02,4.389999866485596,4.319677829742432,20142400
2016-05-03,4.310625076293945,4.241574764251709,17856000
2016-05-04,4.254374980926514,4.186225891113281,22870400
2016-05-05,4.253749847412109,4.185611248016357,14476800
2016-05-06,4.297500133514404,4.228660583496094,18067200
2016-05-09,4.320000171661377,4.250800609588623,18638400
2016-05-10,4.43874979019165,4.367647171020508,12568000
2016-05-11,4.360000133514404,4.290158271789551,14916800
2016-05-12,4.320000171661377,4.250800609588623,32142400
2016-05-13,4.289999961853027,4.221279621124268,16592000
2016-05-16,4.393750190734863,4.32336950302124,16824000
2016-05-17,4.284999847412109,4.216360569000244,19136000
2016-05-18,4.315000057220459,4.245880603790283,26556800
2016-05-19,4.271249771118164,4.202829837799072,20454400
2016-05-20,4.361249923706055,4.291388988494873,15123200
2016-05-23,4.349374771118164,4.2797040939331055,12968000
2016-05-24,4.526875019073486,4.4543609619140625,18547200
2016-05-25,4.591875076293945,4.518320083618164,18772800
2016-05-26,4.617499828338623,4.543534755706787,11008000
2016-05-27,4.664999961853027,4.590273857116699,11939200
2016-05-31,4.683750152587891,4.60872220993042,12563200
2016-06-01,4.681250095367432,4.606265068054199,13427200
2016-06-02,4.703750133514404,4.628403186798096,9129600
2016-06-03,4.65749979019165,4.582893371582031,15198400
2016-06-06,4.689374923706055,4.614258289337158,11830400
2016-06-07,4.67062520980835,4.5958075523376465,8638400
2016-06-08,4.683125019073486,4.6081085205078125,10907200
2016-06-09,4.666874885559082,4.592120170593262,15601600
2016-06-10,4.5625,4.489415645599365,18483200
2016-06-13,4.48312520980835,4.411312103271484,24073600
2016-06-14,4.487500190734863,4.415616989135742,19985600
2016-06-15,4.460000038146973,4.388556957244873,15638400
2016-06-16,4.486875057220459,4.415000915527344,27001600
2016-06-17,4.383124828338623,4.312912940979004,24080000
2016-06-20,4.433750152587891,4.362728595733643,17139200
2016-06-21,4.462500095367432,4.391016960144043,15651200
2016-06-22,4.438125133514404,4.369481086730957,18288000
2016-06-23,4.563125133514404,4.49254846572876,17403200
2016-06-24,4.192500114440918,4.127654075622559,44379200
2016-06-27,4.030624866485596,3.9682838916778564,34388800
2016-06-28,4.199999809265137,4.135038375854492,25536000
2016-06-29,4.346875190734863,4.279642105102539,23608000
2016-06-30,4.447500228881836,4.3787102699279785,19667200
2016-07-01,4.491875171661377,4.42240047454834,17614400
2016-07-05,4.435625076293945,4.367018699645996,14720000
2016-07-06,4.507500171661377,4.4377827644348145,21640000
2016-07-07,4.536250114440918,4.46608829498291,22222400
2016-07-08,4.676249980926514,4.603922367095947,23932800
2016-07-11,4.731249809265137,4.658071517944336,16667200
2016-07-12,4.776249885559082,4.7023749351501465,12889600
2016-07-13,4.755624771118164,4.682068824768066,13334400
2016-07-14,4.815625190734863,4.741143226623535,13686400
2016-07-15,4.801875114440918,4.727603912353516,11956800
2016-07-18,4.865624904632568,4.79036808013916,10432000
2016-07-19,4.82937479019165,4.7546796798706055,15460800
2016-07-20,4.943124771118164,4.86667013168335,15251200
2016-07-21,4.921249866485596,4.8451337814331055,10196800
2016-07-22,4.960000038146973,4.883284091949463,7872000
2016-07-25,4.962500095367432,4.885746002197266,7715200
2016-07-26,4.974999904632568,4.898050308227539,17550400
2016-07-27,5.038750171661377,4.960816860198975,19049600
2016-07-28,5.077499866485596,4.998965740203857,16355200
2016-07-29,5.096875190734863,5.018041610717773,13929600
2016-08-01,5.150000095367432,5.070345878601074,17864000
2016-08-02,5.071875095367432,4.993429183959961,23694400
2016-08-03,5.107500076293945,5.028502941131592,13172800
2016-08-04,5.135624885559082,5.056191444396973,14243200
2016-08-05,5.23312520980835,5.15218448638916,18352000
2016-08-08,5.223124980926514,5.14233922958374,9110400
2016-08-09,5.246874809265137,5.165721893310547,12280000
2016-08-10,5.21999979019165,5.139261722564697,10563200
2016-08-11,5.263750076293945,5.18233585357666,10595200
2016-08-12,5.270625114440918,5.18910551071167,12123200
2016-08-15,5.315625190734863,5.233409404754639,11044800
2016-08-16,5.257500171661377,5.176182746887207,10518400
2016-08-17,5.273125171661377,5.191565990447998,19310400
2016-08-18,5.278124809265137,5.196488380432129,12105600
2016-08-19,5.273749828338623,5.192180156707764,13158400
2016-08-22,5.28000020980835,5.198334217071533,9748800
2016-08-23,5.29812479019165,5.2161784172058105,10059200
2016-08-24,5.228750228881836,5.147876739501953,14985600
2016-08-25,5.211249828338623,5.130648136138916,9433600
2016-08-26,5.227499961853027,5.146646022796631,21740800
2016-08-29,5.242499828338623,5.16141414642334,7222400
2016-08-30,5.208125114440918,5.127570629119873,12595200
2016-08-31,5.194375038146973,5.114033222198486,12654400
2016-09-01,5.221250057220459,5.1404924392700195,18008000
2016-09-02,5.254374980926514,5.173105239868164,9112000
2016-09-06,5.320624828338623,5.2383317947387695,11809600
2016-09-07,5.32937479019165,5.246944427490234,9542400
2016-09-08,5.264999866485596,5.183566570281982,17118400
2016-09-09,4.998125076293945,4.9208197593688965,28272000
2016-09-12,5.175000190734863,5.094958305358887,32851200
2016-09-13,5.086249828338623,5.007580280303955,27662400
2016-09-14,5.137499809265137,5.058038234710693,26166400
2016-09-15,5.296249866485596,5.214333534240723,21566400
2016-09-16,5.289374828338623,5.207563400268555,19907200
2016-09-19,5.241875171661377,5.160799026489258,20796800
2016-09-20,5.261250019073486,5.179874420166016,12260800
2016-09-21,5.363124847412109,5.280172824859619,24152000
2016-09-22,5.450624942779541,5.366320610046387,14419200
2016-09-23,5.379374980926514,5.29617166519165,18270400
2016-09-26,5.290625095367432,5.208794593811035,13180800
2016-09-27,5.393125057220459,5.309709548950195,18976000
2016-09-28,5.413750171661377,5.330016613006592,15054400
2016-09-29,5.331874847412109,5.249407768249512,25457600
2016-09-30,5.408750057220459,5.325094223022461,20096000
2016-10-03,5.395625114440918,5.312171459197998,14316800
2016-10-04,5.381249904632568,5.298018455505371,25336000
2016-10-05,5.416874885559082,5.333091735839844,11352000
2016-10-06,5.413125038146973,5.329400062561035,15828800
2016-10-07,5.388750076293945,5.305401802062988,18608000
2016-10-10,5.453125,5.368781089782715,10912000
2016-10-11,5.296249866485596,5.214333534240723,19296000
2016-10-12,5.292500019073486,5.2106404304504395,9936000
2016-10-13,5.254374980926514,5.173105239868164,17497600
2016-10-14,5.262499809265137,5.181105136871338,15888000
2016-10-17,5.23562479019165,5.1546454429626465,11208000
2016-10-18,5.328125,5.2457146644592285,12230400
2016-10-19,5.324999809265137,5.242637634277344,8024000
2016-10-20,5.315000057220459,5.23279333114624,14680000
2016-10-21,5.355000019073486,5.27217435836792,10553600
2016-10-24,5.48312520980835,5.398317813873291,12548800
2016-10-25,5.445000171661377,5.360781669616699,15875200
2016-10-26,5.374374866485596,5.291250228881836,17249600
2016-10-27,5.32687520980835,5.2444844245910645,15204800
2016-10-28,5.253125190734863,5.171874046325684,25560000
2016-10-31,5.243124961853027,5.162029266357422,12478400
2016-11-01,5.168125152587891,5.088190078735352,19878400
2016-11-02,5.082499980926514,5.0038886070251465,18243200
2016-11-03,4.985000133514404,4.90789794921875,12520000
2016-11-04,4.946875095367432,4.870361328125,16256000
2016-11-07,5.18625020980835,5.106034755706787,17072000
2016-11-08,5.253125190734863,5.171874046325684,19294400
2016-11-09,5.297500133514404,5.215563774108887,27628800
2016-11-10,5.125625133514404,5.046346664428711,45632000
2016-11-11,5.131249904632568,5.05188512802124,24038400
2016-11-14,5.028749942779541,4.950969219207764,27435200
2016-11-15,5.168749809265137,5.088805198669434,20566400
2016-11-16,5.228125095367432,5.1472625732421875,11209600
2016-11-17,5.303124904632568,5.221101760864258,14073600
2016-11-18,5.264999866485596,5.183566570281982,9241600
2016-11-21,5.371250152587891,5.288172245025635,13617600
2016-11-22,5.40625,5.322631359100342,14211200
2016-11-23,5.362500190734863,5.279559135437012,13320000
2016-11-25,5.395625114440918,5.312171459197998,5251200
2016-11-28,5.372499942779541,5.289403915405273,12137600
2016-11-29,5.408124923706055,5.324477195739746,12667200
2016-11-30,5.273125171661377,5.191565990447998,18036800
2016-12-01,5.096250057220459,5.017425537109375,20212800
2016-12-02,5.111875057220459,5.032809734344482,18075200
2016-12-05,5.190625190734863,5.110342502593994,12681600
2016-12-06,5.21750020980835,5.136800765991211,14288000
2016-12-07,5.348124980926514,5.265405654907227,17998400
2016-12-08,5.366250038146973,5.283249378204346,17940800
2016-12-09,5.449999809265137,5.36570405960083,17382400
2016-12-12,5.400000095367432,5.316478252410889,12670400
2016-12-13,5.536874771118164,5.451235771179199,25563200
2016-12-14,5.511875152587891,5.4266228675842285,23904000
2016-12-15,5.529375076293945,5.443850994110107,20779200
2016-12-16,5.492499828338623,5.407546043395996,14985600
2016-12-19,5.536250114440918,5.450620651245117,13302400
2016-12-20,5.57937479019165,5.493077754974365,11360000
2016-12-21,5.56374979019165,5.48131799697876,5710400
2016-12-22,5.531875133514404,5.449915409088135,10484800
2016-12-23,5.538125038146973,5.456074237823486,4673600
2016-12-27,5.599374771118164,5.516415119171143,7228800
2016-12-28,5.510624885559082,5.428980827331543,12851200
2016-12-29,5.491875171661377,5.41050910949707,8950400
2016-12-30,5.382500171661377,5.302753925323486,16683200
2017-01-03,5.475625038146973,5.3944993019104,13486400
2017-01-04,5.533124923706055,5.45114803314209,9744000
2017-01-05,5.59499979019165,5.512106418609619,9990400
2017-01-06,5.693124771118164,5.608777046203613,13712000
2017-01-09,5.731249809265137,5.646337032318115,12824000
2017-01-10,5.756249904632568,5.6709675788879395,11523200
2017-01-11,5.783124923706055,5.69744348526001,19227200
2017-01-12,5.765625,5.680202960968018,15232000
2017-01-13,5.806875228881836,5.720841407775879,12737600
2017-01-17,5.770625114440918,5.685128688812256,10734400
2017-01-18,5.796875,5.710988998413086,11449600
2017-01-19,5.787499904632568,5.70175313949585,12588800
2017-01-20,5.813125133514404,5.726999759674072,15254400
2017-01-23,5.821875095367432,5.73561954498291,12027200
2017-01-24,5.901249885559082,5.813818454742432,12608000
2017-01-25,6.018750190734863,5.929577350616455,12539200
2017-01-26,6.028124809265137,5.938813209533691,11788800
2017-01-27,6.051249980926514,5.96159553527832,9688000
2017-01-30,5.960625171661377,5.872313499450684,16958400
2017-01-31,5.935625076293945,5.847684383392334,14944000
2017-02-01,6.016250133514404,5.927115440368652,19384000
2017-02-02,6.005624771118164,5.916647434234619,12419200
2017-02-03,6.036874771118164,5.947432518005371,13200000
2017-02-06,6.053124904632568,5.963444232940674,9465600
2017-02-07,6.096875190734863,6.006545066833496,13507200
2017-02-08,6.119999885559082,6.029327869415283,9296000
2017-02-09,6.162499904632568,6.071197986602783,15824000
2017-02-10,6.20187520980835,6.109989643096924,17462400
2017-02-13,6.272500038146973,6.179566860198975,14137600
2017-02-14,6.3125,6.2189741134643555,14966400
2017-02-15,6.385000228881836,6.290401458740234,14771200
2017-02-16,6.383124828338623,6.288553714752197,16126400
2017-02-17,6.43874979019165,6.343355178833008,10902400
2017-02-21,6.5,6.403697967529297,18315200
2017-02-22,6.505624771118164,6.409239292144775,13968000
2017-02-23,6.458749771118164,6.363058090209961,18371200
2017-02-24,6.478750228881836,6.382763385772705,17516800
2017-02-27,6.496874809265137,6.400619029998779,14411200
2017-02-28,6.455625057220459,6.359980583190918,14988800
2017-03-01,6.595624923706055,6.497905731201172,15451200
2017-03-02,6.530624866485596,6.433868885040283,11808000
2017-03-03,6.553124904632568,6.45603609085083,13326400
2017-03-06,6.525000095367432,6.4283270835876465,11216000
2017-03-07,6.49875020980835,6.402466773986816,10406400
2017-03-08,6.522500038146973,6.425863265991211,8952000
2017-03-09,6.53125,6.434484004974365,12166400
2017-03-10,6.587500095367432,6.4899001121521,11372800
2017-03-13,6.607500076293945,6.509604454040527,6617600
2017-03-14,6.573124885559082,6.475739479064941,9457600
2017-03-15,6.65500020980835,6.556403160095215,13812800
2017-03-16,6.650000095367432,6.551476001739502,11846400
2017-03-17,6.637499809265137,6.539159774780273,7243200
2017-03-20,6.651875019073486,6.5533223152160645,8475200
2017-03-21,6.45437479019165,6.358748435974121,17296000
2017-03-22,6.537499904632568,6.441826820373535,13499200
2017-03-23,6.506875038146973,6.411650657653809,11168000
2017-03-24,6.525625228881836,6.430125713348389,12824000
2017-03-27,6.551875114440918,6.455992221832275,11979200
2017-03-28,6.630000114440918,6.5329742431640625,12640000
2017-03-29,6.691874980926514,6.593943119049072,8689600
2017-03-30,6.710625171661377,6.612419605255127,10065600
2017-03-31,6.703750133514404,6.605644702911377,11584000
2017-04-03,6.693749904632568,6.595792293548584,11862400
2017-04-04,6.712500095367432,6.614267349243164,6385600
2017-04-05,6.661250114440918,6.563765525817871,16068800
2017-04-06,6.667500019073486,6.569925308227539,12670400
2017-04-07,6.660624980926514,6.563150405883789,10004800
2017-04-10,6.666874885559082,6.569308757781982,8843200
2017-04-11,6.610000133514404,6.513266086578369,16848000
2017-04-12,6.554999828338623,6.459071159362793,12068800
2017-04-13,6.499374866485596,6.404260158538818,13960000
2017-04-17,6.605625152587891,6.508955478668213,8764800
2017-04-18,6.588749885559082,6.492327690124512,12592000
2017-04-19,6.607500076293945,6.510802745819092,13726400
2017-04-20,6.712500095367432,6.614267349243164,13692800
2017-04-21,6.712500095367432,6.614267349243164,10641600
2017-04-24,6.874374866485596,6.7737717628479,11488000
2017-04-25,6.974374771118164,6.872308254241943,8708800
2017-04-26,6.95437479019165,6.852601528167725,11865600
2017-04-27,7.035624980926514,6.9326629638671875,9142400
2017-04-28,7.060625076293945,6.957297325134277,9145600
2017-05-01,7.179999828338623,7.074924468994141,8368000
2017-05-02,7.209374904632568,7.103870391845703,8174400
2017-05-03,7.162499904632568,7.057681560516357,9921600
2017-05-04,7.167500019073486,7.062608242034912,9598400
2017-05-05,7.21875,7.113108158111572,8523200
2017-05-08,7.25,7.143899440765381,6856000
2017-05-09,7.301249980926514,7.194400787353516,9747200
2017-05-10,7.307499885559082,7.200558662414551,7777600
2017-05-11,7.29562520980835,7.1888580322265625,12984000
2017-05-12,7.328750133514404,7.221498012542725,6872000
2017-05-15,7.37375020980835,7.265841007232666,7286400
2017-05-16,7.4375,7.3286566734313965,7971200
2017-05-17,7.056250095367432,6.952986240386963,24633600
2017-05-18,7.176249980926514,7.071228981018066,22795200
2017-05-19,7.240624904632568,7.134663105010986,13368000
2017-05-22,7.362500190734863,7.254755973815918,8078400
2017-05-23,7.374374866485596,7.266454696655273,10201600
2017-05-24,7.444375038146973,7.335431098937988,10771200
2017-05-25,7.567500114440918,7.456753730773926,13491200
2017-05-26,7.59375,7.482619762420654,7923200
2017-05-30,7.60812520980835,7.4967851638793945,5656000
2017-05-31,7.598750114440918,7.487546443939209,12798400
2017-06-01,7.664999961853027,7.55282735824585,13092800
2017-06-02,7.831250190734863,7.716645240783691,8580800
2017-06-05,7.829999923706055,7.715413570404053,7500800
2017-06-06,7.772500038146973,7.658754825592041,11993600
2017-06-07,7.828125,7.713564872741699,12206400
2017-06-08,7.846250057220459,7.731424808502197,14518400
2017-06-09,7.45187520980835,7.3428215980529785,39006400
2017-06-12,7.369375228881836,7.261528491973877,40088000
2017-06-13,7.488749980926514,7.379157066345215,23492800
2017-06-14,7.421875,7.313261032104492,21617600
2017-06-15,7.352499961853027,7.244900703430176,27932800
2017-06-16,7.299375057220459,7.19255256652832,17182400
2017-06-19,7.533750057220459,7.423496723175049,18313600
2017-06-20,7.418125152587891,7.309565544128418,13609600
2017-06-21,7.5625,7.452267646789551,18323200
2017-06-22,7.556875228881836,7.446723937988281,15884800
2017-06-23,7.612500190734863,7.5015387535095215,11470400
2017-06-26,7.544374942779541,7.434407711029053,20366400
2017-06-27,7.270625114440918,7.164647102355957,32388800
2017-06-28,7.473124980926514,7.364195346832275,24598400
2017-06-29,7.216249942779541,7.111064434051514,39684800
2017-06-30,7.207499980926514,7.102442264556885,19865600
2017-07-03,7.069375038146973,6.966330528259277,14022400
2017-07-05,7.206874847412109,7.101826190948486,15768000
2017-07-06,7.074999809265137,6.971872806549072,21062400
2017-07-07,7.222499847412109,7.117224216461182,13872000
2017-07-10,7.322500228881836,7.215765953063965,14107200
2017-07-11,7.362500190734863,7.255183696746826,15385600
2017-07-12,7.540625095367432,7.430710315704346,13705600
2017-07-13,7.571875095367432,7.461505889892578,11862400
2017-07-14,7.686874866485596,7.574829578399658,13230400
2017-07-17,7.695000171661377,7.5828351974487305,6811200
2017-07-18,7.800000190734863,7.686306476593018,7520000
2017-07-19,7.889999866485596,7.774993419647217,7757600
2017-07-20,7.909999847412109,7.794702529907227,9481600
2017-07-21,7.898749828338623,7.783615589141846,5974400
2017-07-24,7.96875,7.852596282958984,6931200
2017-07-25,7.934999942779541,7.819338798522949,6710400
2017-07-26,7.983749866485596,7.867377281188965,5128800
2017-07-27,7.889999866485596,7.774993419647217,22096000
2017-07-28,7.868750095367432,7.754054069519043,9999200
2017-07-31,7.798749923706055,7.685073375701904,9078400
2017-08-01,7.832499980926514,7.718331813812256,6574400
2017-08-02,7.875,7.760211944580078,11362400
2017-08-03,7.822500228881836,7.7084784507751465,10845600
2017-08-04,7.84250020980835,7.72818660736084,8856000
2017-08-07,7.9375,7.821800231933594,6524800
2017-08-08,7.914999961853027,7.799630641937256,12042400
2017-08-09,7.892499923706055,7.777457237243652,17067200
2017-08-10,7.550000190734863,7.439949035644531,24116800
2017-08-11,7.663750171661377,7.552042007446289,15600000
2017-08-14,7.862500190734863,7.74789571762085,13187200
2017-08-15,7.872499942779541,7.757748603820801,9633600
2017-08-16,7.902500152587891,7.787311553955078,11654400
2017-08-17,7.579999923706055,7.469511985778809,19133600
2017-08-18,7.559999942779541,7.449803829193115,19329600
2017-08-21,7.551249980926514,7.4411821365356445,11562400
2017-08-22,7.776249885559082,7.662902355194092,10056800
2017-08-23,7.71750020980835,7.605009078979492,9434400
2017-08-24,7.677499771118164,7.5655903816223145,11104000
2017-08-25,7.642499923706055,7.531101703643799,12544000
2017-08-28,7.681250095367432,7.569287300109863,6819200
2017-08-29,7.744999885559082,7.632106304168701,7864800
2017-08-30,7.929999828338623,7.81441068649292,12700800
2017-08-31,8.077500343322754,7.9597625732421875,10594400
2017-09-01,8.076250076293945,7.958530426025391,7959200
2017-09-05,7.927499771118164,7.811947822570801,16024800
2017-09-06,7.973750114440918,7.857522964477539,8940800
2017-09-07,8.012499809265137,7.8957085609436035,7624000
2017-09-08,7.87624979019165,7.761444568634033,7356000
2017-09-11,8.046250343322754,7.9289679527282715,7383200
2017-09-12,8.0912504196167,7.973312854766846,10645600
2017-09-13,8.113750457763672,7.995482444763184,5560800
2017-09-14,8.016249656677246,7.899403095245361,7819200
2017-09-15,8.067500114440918,7.949906826019287,7004000
2017-09-18,8.050000190734863,7.9326629638671875,6916000
2017-09-19,8.077500343322754,7.9597625732421875,4793600
2017-09-20,8.029999732971191,7.912951469421387,10851200
2017-09-21,7.925000190734863,7.809483051300049,8819200
2017-09-22,7.912499904632568,7.797165870666504,5692800
2017-09-25,7.747499942779541,7.634571552276611,12168000
2017-09-26,7.784999847412109,7.671524524688721,8515200
2017-09-27,7.923749923706055,7.808252334594727,12598400
2017-09-28,7.916250228881836,7.8008623123168945,8776800
2017-09-29,8.02750015258789,7.910490036010742,9125600
2017-10-02,8.038749694824219,7.92157506942749,8859200
2017-10-03,8.078749656677246,7.960990905761719,6309600
2017-10-04,8.09000015258789,7.972079753875732,6527200
2017-10-05,8.25,8.129746437072754,8244800
2017-10-06,8.267499923706055,8.146989822387695,7084000
2017-10-09,8.2524995803833,8.132209777832031,4552000
2017-10-10,8.263750076293945,8.143296241760254,6088000
2017-10-11,8.313750267028809,8.19256591796875,4819200
2017-10-12,8.282500267028809,8.161771774291992,6525600
2017-10-13,8.342499732971191,8.220897674560547,4937600
2017-10-16,8.399999618530273,8.277559280395508,5237600
2017-10-17,8.418749809265137,8.296038627624512,4802400
2017-10-18,8.399999618530273,8.277559280395508,4096800
2017-10-19,8.337499618530273,8.215970039367676,8650400
2017-10-20,8.380000114440918,8.257853507995605,5980800
2017-10-23,8.271249771118164,8.150687217712402,10334400
2017-10-24,8.302499771118164,8.18148136138916,10473600
2017-10-25,8.234999656677246,8.114965438842773,9878400
2017-10-26,8.1875,8.068158149719238,7840000
2017-10-27,8.649999618530273,8.52391529083252,13812000
2017-10-30,8.697500228881836,8.570723533630371,8524000
2017-10-31,8.760000228881836,8.632311820983887,5910400
2017-11-01,8.756250381469727,8.628616333007812,8323200
2017-11-02,8.7162504196167,8.589200973510742,8817600
2017-11-03,8.881250381469727,8.751794815063477,10007200
2017-11-06,8.943750381469727,8.813385009765625,4132000
2017-11-07,8.953749656677246,8.823236465454102,7084800
2017-11-08,9.02750015258789,8.895913124084473,4901600
2017-11-09,8.927499771118164,8.797369956970215,10623200
2017-11-10,8.930000305175781,8.799834251403809,5646400
2017-11-13,8.948749542236328,8.818312644958496,4464800
2017-11-14,8.887499809265137,8.757954597473145,7810400
2017-11-15,8.795000076293945,8.666803359985352,8024000
2017-11-16,9.023750305175781,8.892219543457031,9411200
2017-11-17,8.954999923706055,8.824470520019531,5201600
2017-11-20,8.9399995803833,8.809686660766602,4398400
2017-11-21,9.130000114440918,8.996919631958008,5812800
2017-11-22,9.154999732971191,9.02155590057373,4404000
2017-11-24,9.22249984741211,9.088071823120117,4624800
2017-11-27,9.212499618530273,9.078216552734375,7015200
2017-11-28,9.258749961853027,9.12379264831543,11962400
2017-11-29,8.94124984741211,8.810919761657715,19259200
2017-11-30,9.085000038146973,8.952576637268066,13880000
2017-12-01,9.007499694824219,8.876203536987305,17671200
2017-12-04,8.800000190734863,8.671728134155273,17936000
2017-12-05,8.802499771118164,8.674192428588867,14808800
2017-12-06,8.882499694824219,8.753026962280273,10258400
2017-12-07,8.944999694824219,8.814614295959473,9636800
2017-12-08,9.023750305175781,8.892219543457031,8942400
2017-12-11,9.163749694824219,9.030177116394043,7212800
2017-12-12,9.137499809265137,9.00430965423584,6592800
2017-12-13,9.170000076293945,9.036334037780762,7186400
2017-12-14,9.15625,9.022787094116211,7492000
2017-12-15,9.356249809265137,9.21987247467041,10990400
2017-12-18,9.517499923706055,9.378771781921387,9395200
2017-12-19,9.40999984741211,9.272836685180664,9002400
2017-12-20,9.386249542236328,9.249434471130371,11491200
2017-12-21,9.387499809265137,9.250665664672852,6385600
2017-12-22,9.364999771118164,9.228493690490723,6430400
2017-12-26,9.263750076293945,9.1287202835083,5585600
2017-12-27,9.265000343322754,9.129953384399414,4949600
2017-12-28,9.2837495803833,9.14842700958252,6582400
2017-12-29,9.166250228881836,9.032642364501953,9567200
2018-01-02,9.483750343322754,9.345510482788086,10641600
2018-01-03,9.668749809265137,9.527814865112305,10131200
2018-01-04,9.703749656677246,9.562305450439453,8392000
2018-01-05,9.896249771118164,9.75200080871582,9568800
2018-01-08,9.970000267028809,9.824677467346191,9283200
2018-01-09,9.978750228881836,9.833296775817871,9404000
2018-01-10,9.923749923706055,9.779098510742188,10728800
2018-01-11,10.061249732971191,9.914596557617188,11340800
2018-01-12,10.203749656677246,10.055020332336426,10579200
2018-01-16,10.146249771118164,9.998355865478516,19343200
2018-01-17,10.364999771118164,10.213916778564453,12359200
2018-01-18,10.368749618530273,10.21761417388916,10056000
2018-01-19,10.4350004196167,10.282896041870117,10224000
2018-01-22,10.65625,10.500922203063965,9268000
2018-01-23,10.829999923706055,10.672139167785645,10878400
2018-01-24,10.697500228881836,10.541571617126465,22814400
2018-01-25,10.68375015258789,10.528020858764648,12841600
2018-01-26,10.99625015258789,10.83596420288086,9285600
2018-01-29,10.897500038146973,10.738656044006348,13812000
2018-01-30,10.72249984741211,10.566206932067871,14988800
2018-01-31,10.801250457763672,10.643810272216797,11579200
2018-02-01,10.6225004196167,10.467665672302246,12460800
2018-02-02,10.192500114440918,10.043931007385254,31801600
2018-02-05,9.4037504196167,9.266679763793945,34402400
2018-02-06,9.882499694824219,9.738450050354004,32716000
2018-02-07,9.630000114440918,9.489630699157715,20606400
2018-02-08,8.827500343322754,8.698829650878906,23687200
2018-02-09,9.117500305175781,8.984601974487305,38595200
2018-02-12,9.449999809265137,9.312255859375,21568800
2018-02-13,9.53499984741211,9.396016120910645,11773600
2018-02-14,9.899999618530273,9.755697250366211,20396000
2018-02-15,10.255000114440918,10.105520248413086,22069600
2018-02-16,10.178750038146973,10.030381202697754,18961600
2018-02-20,10.203749656677246,10.055020332336426,14119200
2018-02-21,10.143750190734863,9.995894432067871,19419200
2018-02-22,10.154999732971191,10.006978988647461,16747200
2018-02-23,10.556249618530273,10.402379989624023,13585600
2018-02-26,10.833749771118164,10.675834655761719,13797600
2018-02-27,10.563750267028809,10.409770965576172,26056000
2018-02-28,10.431249618530273,10.27920150756836,15216000
2018-03-01,10.101249694824219,9.954010963439941,31126400
2018-03-02,10.27750015258789,10.127695083618164,19491200
2018-03-05,10.5,10.346951484680176,18609600
2018-03-06,10.587499618530273,10.433173179626465,18846400
2018-03-07,10.635000228881836,10.47998332977295,16130400
2018-03-08,10.75374984741211,10.597000122070312,11268800
2018-03-09,11.162500381469727,10.999794006347656,15151200
2018-03-12,11.265000343322754,11.100799560546875,15638400
2018-03-13,10.987500190734863,10.827343940734863,20951200
2018-03-14,10.978750228881836,10.818719863891602,17603200
2018-03-15,10.948749542236328,10.789156913757324,15205600
2018-03-16,10.896249771118164,10.737422943115234,12656000
2018-03-19,10.43375015258789,10.281665802001953,23240000
2018-03-20,10.492500305175781,10.339560508728027,10019200
2018-03-21,10.395000457763672,10.243481636047363,15803200
2018-03-22,9.8774995803833,9.733522415161133,26274400
2018-03-23,9.352499961853027,9.21617603302002,25210400
2018-03-26,10.056249618530273,9.909667015075684,24511200
2018-03-27,9.392499923706055,9.255593299865723,25253600
2018-03-28,9.1875,9.053580284118652,31148800
2018-03-29,9.524999618530273,9.386160850524902,18369600
2018-04-02,8.977499961853027,8.846643447875977,24124000
2018-04-03,9.170000076293945,9.036334037780762,24143200
2018-04-04,9.407500267028809,9.27037239074707,27109600
2018-04-05,9.5600004196167,9.42065143585205,24580000
2018-04-06,9.098750114440918,8.96612548828125,20556000
2018-04-09,9.204999923706055,9.070826530456543,15968000
2018-04-10,9.609999656677246,9.469923973083496,16132800
2018-04-11,9.510000228881836,9.371380805969238,13467200
2018-04-12,9.727499961853027,9.585709571838379,13984000
2018-04-13,9.636249542236328,9.495787620544434,13190400
2018-04-16,9.772500038146973,9.630054473876953,8600800
2018-04-17,10.188750267028809,10.040236473083496,10188800
2018-04-18,10.236249923706055,10.087043762207031,9190400
2018-04-19,10.0625,9.915828704833984,12736800
2018-04-20,9.734999656677246,9.593099594116211,16163200
2018-04-23,9.682499885559082,9.541364669799805,13684800
2018-04-24,9.271249771118164,9.136109352111816,21473600
2018-04-25,9.300000190734863,9.16444206237793,17077600
2018-04-26,9.675000190734863,9.533975601196289,13362400
2018-04-27,9.69124984741211,9.54998779296875,17289600
2018-04-30,9.550000190734863,9.410797119140625,15795200
2018-05-01,9.760000228881836,9.61773681640625,15316000
2018-05-02,9.654999732971191,9.514266014099121,12085600
2018-05-03,9.648750305175781,9.508108139038086,18940000
2018-05-04,10.012499809265137,9.866555213928223,12237600
2018-05-07,10.170000076293945,10.021760940551758,11336000
2018-05-08,10.147500038146973,9.99958610534668,11168000
2018-05-09,10.382499694824219,10.231163024902344,10900000
2018-05-10,10.592499732971191,10.438101768493652,13800800
2018-05-11,10.572500228881836,10.418394088745117,11444800
2018-05-14,10.603750228881836,10.449189186096191,11264800
2018-05-15,10.369999885559082,10.218846321105957,18564800
2018-05-16,10.508749961853027,10.355570793151855,10063200
2018-05-17,10.420000076293945,10.268115997314453,10403200
2018-05-18,10.3125,10.162182807922363,7439200
2018-05-21,10.432499885559082,10.28043270111084,11191200
2018-05-22,10.40250015258789,10.250871658325195,7474400
2018-05-23,10.576250076293945,10.422088623046875,10725600
2018-05-24,10.56624984741211,10.412233352661133,10844000
2018-05-25,10.588749885559082,10.434404373168945,8568800
2018-05-29,10.493749618530273,10.340790748596191,12250400
2018-05-30,10.640000343322754,10.484907150268555,8212800
2018-05-31,10.626250267028809,10.471358299255371,13189600
2018-06-01,10.960000038146973,10.80024528503418,9189600
2018-06-04,11.147500038146973,10.98501205444336,8380000
2018-06-05,11.220000267028809,11.0564546585083,8060000
2018-06-06,11.353750228881836,11.188257217407227,7833600
2018-06-07,11.176250457763672,11.013344764709473,9358400
2018-06-08,11.164999961853027,11.002256393432617,9008800
2018-06-11,11.225000381469727,11.061380386352539,5928000
2018-06-12,11.34375,11.1784029006958,5282400
2018-06-13,11.333749771118164,11.168545722961426,10618400
2018-06-14,11.569999694824219,11.401354789733887,9347200
2018-06-15,11.488750457763672,11.3212890625,12302400
2018-06-18,11.475000381469727,11.3077392578125,11745600
2018-06-19,11.404999732971191,11.238757133483887,12672800
2018-06-20,11.567500114440918,11.398890495300293,9612000
2018-06-21,11.362500190734863,11.196879386901855,11680000
2018-06-22,11.289999961853027,11.125435829162598,8013600
2018-06-25,10.798749923706055,10.641345024108887,25484800
2018-06-26,10.890000343322754,10.731266975402832,14937600
2018-06-27,10.581250190734863,10.427014350891113,18160000
2018-06-28,10.773750305175781,10.616707801818848,16586400
2018-06-29,10.807499885559082,10.649968147277832,10381600
2018-07-02,10.970000267028809,10.810101509094238,8789600
2018-07-03,10.713749885559082,10.55758285522461,8424800
2018-07-05,10.979999542236328,10.819955825805664,10808000
2018-07-06,11.311249732971191,11.146374702453613,9174400
2018-07-09,11.521249771118164,11.353315353393555,9883200
2018-07-10,11.538749694824219,11.370558738708496,8161600
2018-07-11,11.423749923706055,11.257234573364258,9681600
2018-07-12,11.798749923706055,11.626770973205566,9515200
2018-07-13,11.822500228881836,11.650174140930176,7636000
2018-07-16,11.771249771118164,11.599671363830566,7059200
2018-07-17,11.918749809265137,11.745020866394043,8197600
2018-07-18,11.866250038146973,11.693284034729004,8352000
2018-07-19,11.75,11.578728675842285,9615200
2018-07-20,11.734999656677246,11.563948631286621,10312800
2018-07-23,11.80875015258789,11.636625289916992,7251200
2018-07-24,11.911250114440918,11.737629890441895,11300800
2018-07-25,12.237500190734863,12.059123039245605,10581600
2018-07-26,11.882499694824219,11.709299087524414,11900000
2018-07-27,11.555000305175781,11.386573791503906,18134400
2018-07-30,11.223750114440918,11.060152053833008,14644800
2018-07-31,11.352499961853027,11.187024116516113,11528800
2018-08-01,11.47249984741211,11.305272102355957,9388800
2018-08-02,11.78499984741211,11.6132173538208,12026400
2018-08-03,11.852499961853027,11.679736137390137,8567200
2018-08-06,12.0,11.825084686279297,10143200
2018-08-07,12.071249961853027,11.895297050476074,7208800
2018-08-08,12.092499732971191,11.916236877441406,6814400
2018-08-09,12.082500457763672,11.906381607055664,6632800
2018-08-10,11.90250015258789,11.729004859924316,12099200
2018-08-13,11.881250381469727,11.708069801330566,9997600
2018-08-14,12.024999618530273,11.84972095489502,6780800
2018-08-15,11.736249923706055,11.565178871154785,13655200
2018-08-16,11.801250457763672,11.629233360290527,8097600
2018-08-17,11.807499885559082,11.635393142700195,9157600
2018-08-20,11.789999961853027,11.618147850036621,9772800
2018-08-21,11.87125015258789,11.698213577270508,10044000
2018-08-22,11.958749771118164,11.78443717956543,5916800
2018-08-23,11.923749923706055,11.749946594238281,9630400
2018-08-24,12.142499923706055,11.965507507324219,6557600
2018-08-27,12.387499809265137,12.206937789916992,8938400
2018-08-28,12.426250457763672,12.245123863220215,6043200
2018-08-29,12.713749885559082,12.528432846069336,6626400
2018-08-30,12.65999984741211,12.475464820861816,8798400
2018-08-31,12.6899995803833,12.505026817321777,5545600
2018-09-04,12.587499618530273,12.404024124145508,6148000
2018-09-05,12.261249542236328,12.082526206970215,11512000
2018-09-06,12.039999961853027,11.864501953125,14222400
2018-09-07,11.96500015258789,11.790595054626465,13063200
2018-09-10,12.020000457763672,11.844796180725098,7935200
2018-09-11,12.202500343322754,12.024635314941406,8543200
2018-09-12,12.137499809265137,11.960582733154297,11160800
2018-09-13,12.375,12.194621086120605,8707200
2018-09-14,12.3100004196167,12.13056755065918,10212800
2018-09-17,11.962499618530273,11.788131713867188,9657600
2018-09-18,12.1537504196167,11.976595878601074,6864000
2018-09-19,12.138750076293945,11.961813926696777,5288800
2018-09-20,12.391249656677246,12.21063232421875,9399200
2018-09-21,12.265000343322754,12.086221694946289,7732000
2018-09-24,12.324999809265137,12.145346641540527,8125600
2018-09-25,12.363750457763672,12.183533668518066,4893600
2018-09-26,12.3725004196167,12.192155838012695,7184000
2018-09-27,12.582500457763672,12.399093627929688,7039200
2018-09-28,12.585000038146973,12.401557922363281,5012800
2018-10-01,12.626250267028809,12.442206382751465,8796800
2018-10-02,12.567500114440918,12.38431453704834,5109600
2018-10-03,12.603750228881836,12.420035362243652,5771200
2018-10-04,12.114999771118164,11.938409805297852,14784800
2018-10-05,11.824999809265137,11.652633666992188,17824800
2018-10-08,11.672499656677246,11.502359390258789,15397600
2018-10-09,11.737500190734863,11.566410064697266,12202400
2018-10-10,10.71500015258789,10.558816909790039,37497600
2018-10-11,10.446249961853027,10.293981552124023,37673600
2018-10-12,11.026249885559082,10.865528106689453,25358400
2018-10-15,10.74625015258789,10.589611053466797,20704800
2018-10-16,11.37125015258789,11.205500602722168,14580800
2018-10-17,11.385000228881836,11.219049453735352,15159200
2018-10-18,10.876250267028809,10.7177152633667,19958400
2018-10-19,10.835000038146973,10.677068710327148,21019200
2018-10-22,10.948749542236328,10.789156913757324,14622400
2018-10-23,10.8774995803833,10.718949317932129,30164800
2018-10-24,9.867500305175781,9.723668098449707,24856000
2018-10-25,10.5337495803833,10.380207061767578,21328800
2018-10-26,10.0287504196167,9.882568359375,36252800
2018-10-29,9.642499923706055,9.501951217651367,25815200
2018-10-30,9.896249771118164,9.75200080871582,25826400
2018-10-31,10.351249694824219,10.20036792755127,20238400
2018-11-01,10.649999618530273,10.494763374328613,15801600
2018-11-02,10.328749656677246,10.178194999694824,23082400
2018-11-05,10.257499694824219,10.107983589172363,11281600
2018-11-06,10.413749694824219,10.261957168579102,9108000
2018-11-07,11.057499885559082,10.896326065063477,16076000
2018-11-08,10.922499656677246,10.76329231262207,9666400
2018-11-09,10.551250457763672,10.397453308105469,14313600
2018-11-12,9.927499771118164,9.782792091369629,17848000
2018-11-13,9.931249618530273,9.786490440368652,16548000
2018-11-14,9.765000343322754,9.622663497924805,15684800
2018-11-15,10.112500190734863,9.965097427368164,18927200
2018-11-16,10.045000076293945,9.898581504821777,13453600
2018-11-19,9.383749961853027,9.246971130371094,17876000
2018-11-20,9.055000305175781,8.923011779785156,24724800
2018-11-21,9.18375015258789,9.049884796142578,12043200
2018-11-23,9.050000190734863,8.918084144592285,4828000
2018-11-26,9.467499732971191,9.329501152038574,12930400
2018-11-27,9.53499984741211,9.396016120910645,9388000
2018-11-28,10.135000228881836,9.987272262573242,16129600
2018-11-29,10.074999809265137,9.928145408630371,11163200
2018-11-30,10.229999542236328,10.080885887145996,8653600
2018-12-03,10.569999694824219,10.415929794311523,14574400
2018-12-04,9.760000228881836,9.61773681640625,18368800
2018-12-06,9.899999618530273,9.755697250366211,28344000
2018-12-07,9.237500190734863,9.10285472869873,22570400
2018-12-10,9.4350004196167,9.297473907470703,25332800
2018-12-11,9.493749618530273,9.355367660522461,16714400
2018-12-12,9.662500381469727,9.521657943725586,15156000
2018-12-13,9.671250343322754,9.530282020568848,12075200
2018-12-14,9.171250343322754,9.037568092346191,13204800
2018-12-17,8.786250114440918,8.658180236816406,25010400
2018-12-18,8.882499694824219,8.753026962280273,16136800
2018-12-19,8.462499618530273,8.33914852142334,27059200
2018-12-20,8.208749771118164,8.089099884033203,32672000
2018-12-21,7.679999828338623,7.568054676055908,40079200
2018-12-24,7.315000057220459,7.208375453948975,20820000
2018-12-26,8.210000038146973,8.09586238861084,35284800
2018-12-27,8.2787504196167,8.163656234741211,29698400
2018-12-28,8.268750190734863,8.15379810333252,23563200
2018-12-31,8.398750305175781,8.281990051269531,18244000
2019-01-02,8.461250305175781,8.343620300292969,17621600
2019-01-03,7.893750190734863,7.784008979797363,21891200
2019-01-04,8.601249694824219,8.481672286987305,25744800
2019-01-07,8.774999618530273,8.653009414672852,16092000
2019-01-08,8.949999809265137,8.825573921203613,14865600
2019-01-09,9.083749771118164,8.957465171813965,16208000
2019-01-10,9.130000114440918,9.003073692321777,13630400
2019-01-11,9.074999809265137,8.948838233947754,8992800
2019-01-14,8.90999984741211,8.786131858825684,11020000
2019-01-15,9.261249542236328,9.132498741149902,17195200
2019-01-16,9.258749961853027,9.13003158569336,12770400
2019-01-17,9.390000343322754,9.259459495544434,14449600
2019-01-18,9.572500228881836,9.439421653747559,18348800
2019-01-22,9.207500457763672,9.079497337341309,21948800
2019-01-23,9.21875,9.09058952331543,20761600
2019-01-24,9.329999923706055,9.200292587280273,11466400
2019-01-25,9.5649995803833,9.432026863098145,14160800
2019-01-28,9.319999694824219,9.190430641174316,11272000
2019-01-29,9.137499809265137,9.010468482971191,8624000
2019-01-30,9.619999885559082,9.486261367797852,18242400
2019-01-31,9.896249771118164,9.758670806884766,18085600
2019-02-01,9.805000305175781,9.66868782043457,13536000
2019-02-04,10.046250343322754,9.906585693359375,10956800
2019-02-05,10.227499961853027,10.08531665802002,10905600
2019-02-06,10.15999984741211,10.018754005432129,10268800
2019-02-07,9.886249542236328,9.748808860778809,25721600
2019-02-08,9.917499542236328,9.779624938964844,13643200
2019-02-11,9.904999732971191,9.767298698425293,8244000
2019-02-12,10.201250076293945,10.059432029724121,8245600
2019-02-13,10.207500457763672,10.065590858459473,11249600
2019-02-14,10.225000381469727,10.082849502563477,16321600
2019-02-15,10.321249961853027,10.177762031555176,13076800
2019-02-19,10.354999542236328,10.211043357849121,10092000
2019-02-20,10.353750228881836,10.20981216430664,13265600
2019-02-21,10.268750190734863,10.125990867614746,10931200
2019-02-22,10.425000190734863,10.280068397521973,8028000
2019-02-25,10.5,10.354029655456543,9064000
2019-02-26,10.518750190734863,10.372518539428711,9204800
2019-02-27,10.501250267028809,10.355257987976074,9379200
2019-02-28,10.452500343322754,10.30718994140625,6304000
2019-03-01,10.604999542236328,10.457568168640137,7465600
2019-03-04,10.600000381469727,10.45263671875,14304800
2019-03-05,10.614999771118164,10.467428207397461,6786400
2019-03-06,10.489999771118164,10.34416675567627,9884000
2019-03-07,10.234999656677246,10.092710494995117,16847200
2019-03-08,10.198749542236328,10.056963920593262,12748800
2019-03-11,10.625,10.477290153503418,8944800
2019-03-12,10.744999885559082,10.595620155334473,10898400
2019-03-13,10.901249885559082,10.749698638916016,9967200
2019-03-14,10.859999656677246,10.709024429321289,5555200
2019-03-15,11.046250343322754,10.892685890197754,9206400
2019-03-18,11.103750228881836,10.949385643005371,9306400
2019-03-19,11.18375015258789,11.02827262878418,10556800
2019-03-20,11.267499923706055,11.118685722351074,13987200
2019-03-21,11.613750457763672,11.460362434387207,12127200
2019-03-22,11.09375,10.947232246398926,21494400
2019-03-25,11.0649995803833,10.918861389160156,17850400
2019-03-26,11.164999961853027,11.017539024353027,11055200
2019-03-27,11.032500267028809,10.88679027557373,12356000
2019-03-28,11.067500114440918,10.921327590942383,11332000
2019-03-29,11.241250038146973,11.09278392791748,11311200
2019-04-01,11.542499542236328,11.390053749084473,10333600
2019-04-02,11.613750457763672,11.460362434387207,8560800
2019-04-03,11.7475004196167,11.592348098754883,11328800
2019-04-04,11.737500190734863,11.582480430603027,10709600
2019-04-05,11.852499961853027,11.695960998535156,8264800
2019-04-08,11.913749694824219,11.756401062011719,10833600
2019-04-09,11.829999923706055,11.67375659942627,8942400
2019-04-10,11.957500457763672,11.799571990966797,6844800
2019-04-11,11.898750305175781,11.74160099029541,6588000
2019-04-12,11.99625015258789,11.837811470031738,7475200
2019-04-15,11.9975004196167,11.839048385620117,7102400
2019-04-16,12.078749656677246,11.919222831726074,7738400
2019-04-17,12.15999984741211,11.999398231506348,7839200
2019-04-18,12.186249732971191,12.025303840637207,6980000
2019-04-22,12.258749961853027,12.096847534179688,5758400
2019-04-23,12.567500114440918,12.401516914367676,9048800
2019-04-24,12.487500190734863,12.322572708129883,7058400
2019-04-25,12.572500228881836,12.406452178955078,8656800
2019-04-26,12.609999656677246,12.44345474243164,9377600
2019-04-29,12.647500038146973,12.480462074279785,5885600
2019-04-30,12.460000038146973,12.29543685913086,10799200
2019-05-01,12.363750457763672,12.200457572937012,13489600
2019-05-02,12.270000457763672,12.107948303222656,17077600
2019-05-03,12.654999732971191,12.487861633300781,11482400
2019-05-06,12.507499694824219,12.342308044433594,12828800
2019-05-07,12.005000114440918,11.84644603729248,26300000
2019-05-08,11.932499885559082,11.774904251098633,16962400
2019-05-09,11.822500228881836,11.666357040405273,25925600
2019-05-10,11.8462495803833,11.689793586730957,19810400
2019-05-13,11.015000343322754,10.869522094726562,28607200
2019-05-14,11.257499694824219,11.108819007873535,14888800
2019-05-15,11.5649995803833,11.412256240844727,20064000
2019-05-16,11.800000190734863,11.64415454864502,19188000
2019-05-17,11.55875015258789,11.406089782714844,19876000
2019-05-20,11.177499771118164,11.029876708984375,18007200
2019-05-21,11.401249885559082,11.25067138671875,9770400
2019-05-22,11.300000190734863,11.1507568359375,7378400
2019-05-23,10.948749542236328,10.804145812988281,18256000
2019-05-24,10.93375015258789,10.789346694946289,10604000
2019-05-28,10.851249694824219,10.707934379577637,10436000
2019-05-29,10.677499771118164,10.536478042602539,17305600
2019-05-30,10.768750190734863,10.62652587890625,13569600
2019-05-31,10.4087495803833,10.271279335021973,16176800
2019-06-03,9.9712495803833,9.839555740356445,30019200
2019-06-04,10.516249656677246,10.377358436584473,14740800
2019-06-05,10.671250343322754,10.530313491821289,16856800
2019-06-06,10.835000038146973,10.691901206970215,12558400
2019-06-07,11.25,11.101418495178223,14323200
2019-06-10,11.507499694824219,11.35551643371582,14978400
2019-06-11,11.547499656677246,11.394988059997559,12202400
2019-06-12,11.420000076293945,11.269174575805664,7091200
2019-06-13,11.552499771118164,11.399924278259277,7874400
2019-06-14,11.4375,11.286441802978516,8337600
2019-06-17,11.582500457763672,11.429529190063477,6988000
2019-06-18,11.920000076293945,11.762569427490234,13854400
2019-06-19,12.007499694824219,11.848912239074707,12580800
2019-06-20,12.226249694824219,12.064773559570312,14650400
2019-06-21,12.196249961853027,12.035170555114746,11025600
2019-06-24,12.192500114440918,12.031471252441406,5284800
2019-06-25,11.765000343322754,11.614498138427734,13850400
2019-06-26,11.869999885559082,11.718152046203613,8439200
2019-06-27,11.96500015258789,11.81194019317627,6425600
2019-06-28,12.001250267028809,11.84772777557373,10090400
2019-07-01,12.3125,12.154994010925293,11168800
2019-07-02,12.412500381469727,12.253716468811035,7073600
2019-07-03,12.588749885559082,12.427711486816406,4602400
2019-07-05,12.547499656677246,12.38698673248291,7598400
2019-07-08,12.362500190734863,12.204355239868164,4544800
2019-07-09,12.487500190734863,12.327754974365234,6504000
2019-07-10,12.731249809265137,12.568387031555176,8825600
2019-07-11,12.711250305175781,12.548644065856934,9186400
2019-07-12,12.857500076293945,12.693022727966309,5073600
2019-07-15,12.928750038146973,12.763360977172852,4829600
2019-07-16,12.800000190734863,12.636256217956543,6689600
2019-07-17,12.677499771118164,12.515324592590332,4691200
2019-07-18,12.717499732971191,12.55481243133545,8288800
2019-07-19,12.501250267028809,12.341328620910645,9793600
2019-07-22,12.7162504196167,12.553579330444336,5620000
2019-07-23,12.876250267028809,12.711533546447754,6175200
2019-07-24,13.055000305175781,12.887996673583984,6628800
2019-07-25,12.802499771118164,12.638726234436035,8358400
2019-07-26,13.0600004196167,12.892932891845703,5265600
2019-07-29,12.979999542236328,12.81395435333252,6031200
2019-07-30,12.859999656677246,12.695488929748535,4669600
2019-07-31,12.518750190734863,12.35860824584961,15574400
2019-08-01,12.3774995803833,12.219161033630371,20566400
2019-08-02,12.017499923706055,11.86376667022705,18462400
2019-08-05,11.146249771118164,11.003663063049316,26062400
2019-08-06,11.473750114440918,11.326972961425781,14356000
2019-08-07,11.572500228881836,11.424460411071777,21372000
2019-08-08,12.095000267028809,11.940276145935059,11144000
2019-08-09,11.864999771118164,11.713217735290527,15328000
2019-08-12,11.595000267028809,11.446674346923828,10623200
2019-08-13,12.114999771118164,11.9600191116333,17779200
2019-08-14,11.361249923706055,11.215913772583008,19658400
2019-08-15,11.3462495803833,11.201105117797852,15259200
2019-08-16,11.704999923706055,11.555266380310059,8902400
2019-08-19,12.0625,11.908193588256836,8017600
2019-08-20,11.899999618530273,11.747769355773926,8296800
2019-08-21,12.106249809265137,11.951382637023926,5812800
2019-08-22,12.02750015258789,11.873640060424805,8872800
2019-08-23,11.270000457763672,11.125831604003906,18804800
2019-08-26,11.598750114440918,11.450376510620117,9049600
2019-08-27,11.55875015258789,11.410889625549316,10804000
2019-08-28,11.626250267028809,11.477522850036621,7570400
2019-08-29,11.982500076293945,11.829216003417969,9375200
2019-08-30,11.928750038146973,11.776155471801758,8736000
2019-09-03,11.692500114440918,11.542927742004395,10075200
2019-09-04,12.029999732971191,11.876108169555664,6433600
2019-09-05,12.47249984741211,12.312948226928711,7368800
2019-09-06,12.443750381469727,12.284565925598145,6122400
2019-09-09,12.385000228881836,12.226566314697266,6916800
2019-09-10,12.326250076293945,12.16856861114502,7916800
2019-09-11,12.547499656677246,12.38698673248291,6238400
2019-09-12,12.641249656677246,12.47953987121582,11579200
2019-09-13,12.55875015258789,12.398094177246094,5365600
2019-09-16,12.432499885559082,12.273459434509277,7053600
2019-09-17,12.551250457763672,12.390689849853516,3535200
2019-09-18,12.550000190734863,12.389456748962402,7505600
2019-09-19,12.586250305175781,12.425243377685547,4820800
2019-09-20,12.319999694824219,12.162399291992188,8774400
2019-09-23,12.327500343322754,12.16980266571045,6104000
2019-09-24,11.992500305175781,11.839089393615723,15376000
2019-09-25,12.263750076293945,12.106868743896484,9322400
2019-09-26,12.173749923706055,12.018017768859863,9116000
2019-09-27,11.882499694824219,11.730494499206543,11147200
2019-09-30,12.0912504196167,11.936575889587402,8552000
2019-10-01,11.892499923706055,11.74036693572998,10512800
2019-10-02,11.483750343322754,11.336846351623535,12161600
2019-10-03,11.739999771118164,11.589818000793457,13472000
2019-10-04,12.086250305175781,11.931639671325684,8134400
2019-10-07,12.005000114440918,11.851428985595703,6994400
2019-10-08,11.632499694824219,11.483694076538086,11548800
2019-10-09,11.881250381469727,11.72926139831543,6865600
2019-10-10,12.046250343322754,11.892151832580566,6428800
2019-10-11,12.351249694824219,12.193246841430664,13950400
2019-10-14,12.362500190734863,12.204355239868164,4255200
2019-10-15,12.667499542236328,12.505452156066895,6500000
2019-10-16,12.603750228881836,12.442519187927246,5408000
2019-10-17,12.673749923706055,12.511621475219727,5344000
2019-10-18,12.428750038146973,12.269757270812988,7823200
2019-10-21,12.647500038146973,12.485709190368652,4286400
2019-10-22,12.444999694824219,12.285799026489258,5113600
2019-10-23,12.491250038146973,12.33145809173584,3968800
2019-10-24,12.727499961853027,12.564684867858887,5922400
2019-10-25,12.923749923706055,12.758426666259766,6609600
2019-10-28,13.1850004196167,13.016332626342773,5828000
2019-10-29,12.987500190734863,12.821361541748047,6106400
2019-10-30,13.0912504196167,12.923782348632812,6336800
2019-10-31,13.111249923706055,12.943527221679688,7887200
2019-11-01,13.356249809265137,13.185394287109375,6411200
2019-11-04,13.510000228881836,13.337175369262695,7344800
2019-11-05,13.515000343322754,13.342111587524414,4214400
2019-11-06,13.4662504196167,13.293985366821289,5488800
2019-11-07,13.556249618530273,13.382833480834961,6590400
2019-11-08,13.663749694824219,13.488959312438965,4704800
2019-11-11,13.625,13.450703620910645,3490400
2019-11-12,13.696249961853027,13.521042823791504,4613600
2019-11-13,13.677499771118164,13.502532005310059,6140000
2019-11-14,13.6850004196167,13.509936332702637,4528000
2019-11-15,13.854999542236328,13.677762031555176,4488000
2019-11-18,13.90999984741211,13.732060432434082,5767200
2019-11-19,13.94124984741211,13.762908935546875,4820800
2019-11-20,13.772500038146973,13.59631633758545,10796000
2019-11-21,13.710000038146973,13.534618377685547,4807200
2019-11-22,13.729999542236328,13.554360389709473,4209600
2019-11-25,14.052499771118164,13.872735023498535,4988000
2019-11-26,14.104999542236328,13.924564361572266,3788800
2019-11-27,14.300000190734863,14.117071151733398,6480000
2019-11-29,14.164999961853027,13.983797073364258,2859200
2019-12-02,13.852499961853027,13.675293922424316,10956800
2019-12-03,13.651249885559082,13.476618766784668,11588000
2019-12-04,13.789999961853027,13.613595008850098,4644800
2019-12-05,13.842499732971191,13.665419578552246,6520000
2019-12-06,14.131250381469727,13.950477600097656,6270400
2019-12-09,14.012499809265137,13.833246231079102,4480800
2019-12-10,13.988750457763672,13.809800148010254,5700000
2019-12-11,14.138750076293945,13.957880973815918,4825600
2019-12-12,14.350000381469727,14.16643238067627,16383200
2019-12-13,14.436249732971191,14.251575469970703,15720000
2019-12-16,14.712499618530273,14.524291038513184,6349600
2019-12-17,14.728750228881836,14.540337562561035,5134400
2019-12-18,14.75,14.56131362915039,3756800
2019-12-19,14.944999694824219,14.753819465637207,5753600
2019-12-20,15.068750381469727,14.875986099243164,7419200
2019-12-23,15.137499809265137,14.943855285644531,5128000
2019-12-24,15.138750076293945,14.951263427734375,3299200
2019-12-26,15.414999961853027,15.224092483520508,3947200
2019-12-27,15.3774995803833,15.187054634094238,6070400
2019-12-30,15.170000076293945,14.982126235961914,9577600
2019-12-31,15.236249923706055,15.047555923461914,5025600
2020-01-02,15.736249923706055,15.541363716125488,7477600
2020-01-03,15.457500457763672,15.266064643859863,10924000
2020-01-06,15.641249656677246,15.447541236877441,6679200
2020-01-07,15.633749961853027,15.440133094787598,5158400
2020-01-08,15.869999885559082,15.673457145690918,9110400
2020-01-09,16.1512508392334,15.951226234436035,7167200
2020-01-10,16.06624984741211,15.867280006408691,8929600
2020-01-13,16.426250457763672,16.22281837463379,5419200
2020-01-14,16.30500030517578,16.103073120117188,7709600
2020-01-15,16.3075008392334,16.10553550720215,6817600
2020-01-16,16.614999771118164,16.409229278564453,4939200
2020-01-17,16.783750534057617,16.575891494750977,5762400
2020-01-21,16.768749237060547,16.561073303222656,6591200
2020-01-22,16.853750228881836,16.645029067993164,5920000
2020-01-23,16.953750610351562,16.743783950805664,5767200
2020-01-24,16.66374969482422,16.457374572753906,13505600
2020-01-27,15.977499961853027,15.779624938964844,14857600
2020-01-28,16.459999084472656,16.256147384643555,5929600
2020-01-29,16.511249542236328,16.306764602661133,8316800
2020-01-30,16.631250381469727,16.42527961730957,9340000
2020-01-31,16.092500686645508,15.893203735351562,14463200
2020-02-03,16.571250915527344,16.36602020263672,8365600
2020-02-04,17.333749771118164,17.119081497192383,7303200
2020-02-05,17.466249465942383,17.249937057495117,13258400
2020-02-06,17.756250381469727,17.536344528198242,5023200
2020-02-07,17.596250534057617,17.378328323364258,5877600
2020-02-10,18.032499313354492,17.80917739868164,5871200
2020-02-11,18.032499313354492,17.80917739868164,13471200
2020-02-12,18.386249542236328,18.158546447753906,8524800
2020-02-13,18.325000762939453,18.098051071166992,8584000
2020-02-14,18.422500610351562,18.19434928894043,5173600
2020-02-18,18.453750610351562,18.225210189819336,7386400
2020-02-19,18.799999237060547,18.567169189453125,4651200
2020-02-20,18.434999465942383,18.20669174194336,10793600
2020-02-21,17.748750686645508,17.528940200805664,11076800
2020-02-24,16.3700008392334,16.167266845703125,32115200
2020-02-25,15.486249923706055,15.294459342956543,32688800
2020-02-26,15.619999885559082,15.426555633544922,28350400
2020-02-27,14.056249618530273,13.882170677185059,44845600
2020-02-28,14.197500228881836,14.021671295166016,52608800
2020-03-02,15.5337495803833,15.34136962890625,27213600
2020-03-03,14.542499542236328,14.362397193908691,36943200
2020-03-04,15.736249923706055,15.541363716125488,19877600
2020-03-05,14.788749694824219,14.605597496032715,23922400
2020-03-06,14.289999961853027,14.113025665283203,25092000
2020-03-09,12.322500228881836,12.169892311096191,18062400
2020-03-10,13.643750190734863,13.474778175354004,27948800
2020-03-11,12.453749656677246,12.299515724182129,29296000
2020-03-12,10.148750305175781,10.023062705993652,36395200
2020-03-13,12.082500457763672,11.932863235473633,32360800
2020-03-16,9.148750305175781,9.035447120666504,23924800
2020-03-17,10.382499694824219,10.25391674041748,31902400
2020-03-18,9.732500076293945,9.611968040466309,30875200
2020-03-19,9.866250038146973,9.744059562683105,35715200
2020-03-20,9.077500343322754,8.965079307556152,36707200
2020-03-23,9.123749732971191,9.010754585266113,33055200
2020-03-24,10.512499809265137,10.382306098937988,31956000
2020-03-25,10.323749542236328,10.19698429107666,28396800
2020-03-26,11.4350004196167,11.294591903686523,22880000
2020-03-27,10.5962495803833,10.46613883972168,17913600
2020-03-30,11.407500267028809,11.267430305480957,16922400
2020-03-31,11.197500228881836,11.060007095336914,20289600
2020-04-01,10.262499809265137,10.136487007141113,15729600
2020-04-02,10.670000076293945,10.538985252380371,17881600
2020-04-03,10.380000114440918,10.252545356750488,11934400
2020-04-06,11.856249809265137,11.710667610168457,16623200
2020-04-07,11.8100004196167,11.66498851776123,23536800
2020-04-08,12.323749542236328,12.172429084777832,18464800
2020-04-09,12.354999542236328,12.203295707702637,20278400
2020-04-13,12.638750076293945,12.483559608459473,13797600
2020-04-14,13.731249809265137,13.562644958496094,23470400
2020-04-15,13.417499542236328,13.252747535705566,14076000
2020-04-16,13.926250457763672,13.75525188446045,23693600
2020-04-17,14.15625,13.982427597045898,17477600
2020-04-20,13.828749656677246,13.65894889831543,14834400
2020-04-21,12.800000190734863,12.642829895019531,24203200
2020-04-22,13.5912504196167,13.424365043640137,14567200
2020-04-23,13.526249885559082,13.360161781311035,16400000
2020-04-24,13.9712495803833,13.799697875976562,12976800
2020-04-27,14.141249656677246,13.967612266540527,13344800
2020-04-28,13.637499809265137,13.470046997070312,18484800
2020-04-29,14.567500114440918,14.388626098632812,16485600
2020-04-30,14.6225004196167,14.442953109741211,14748000
2020-05-01,13.738750457763672,13.570054054260254,15874400
2020-05-04,14.082500457763672,13.909584045410156,11196800
2020-05-05,14.396249771118164,14.219480514526367,11768000
2020-05-06,14.571249961853027,14.392332077026367,11310400
2020-05-07,14.957500457763672,14.773838996887207,10453600
2020-05-08,15.350000381469727,15.161521911621094,11151200
2020-05-11,15.604999542236328,15.413387298583984,9703200
2020-05-12,14.982500076293945,14.798530578613281,10824000
2020-05-13,14.608750343322754,14.42937183380127,18562400
2020-05-14,14.927499771118164,14.744206428527832,16701600
2020-05-15,15.119999885559082,14.934342384338379,13533600
2020-05-18,15.698749542236328,15.505987167358398,15345600
2020-05-19,15.59749984741211,15.405980110168457,14496800
2020-05-20,16.232500076293945,16.033184051513672,10851200
2020-05-21,15.875,15.680072784423828,14448800
2020-05-22,15.973750114440918,15.777608871459961,7922400
2020-05-26,15.90999984741211,15.714642524719238,12181600
2020-05-27,16.061250686645508,15.86403751373291,21416800
2020-05-28,15.998749732971191,15.802303314208984,16858400
2020-05-29,16.43375015258789,16.231962203979492,23090400
2020-06-01,16.608749389648438,16.404809951782227,9300800
2020-06-02,16.815000534057617,16.608530044555664,10876800
2020-06-03,16.962499618530273,16.75421905517578,7372000
2020-06-04,16.719999313354492,16.514699935913086,14243200
2020-06-05,17.375,17.161649703979492,12560800
2020-06-08,17.6612491607666,17.444385528564453,12563200
2020-06-09,17.90250015258789,17.682676315307617,11370400
2020-06-10,18.34749984741211,18.122215270996094,15496800
2020-06-11,16.533750534057617,16.33073616027832,20905600
2020-06-12,16.764999389648438,16.559144973754883,24397600
2020-06-15,17.18375015258789,16.972753524780273,16255200
2020-06-16,17.801250457763672,17.582672119140625,17252000
2020-06-17,17.887500762939453,17.667861938476562,10474400
2020-06-18,17.998750686645508,17.777746200561523,11544800
2020-06-19,17.97624969482422,17.75551986694336,12873600
2020-06-22,18.422500610351562,18.1962947845459,8647200
2020-06-23,18.716249465942383,18.486438751220703,8218400
2020-06-24,17.966249465942383,17.74564552307129,16951200
2020-06-25,18.311250686645508,18.086408615112305,11276800
2020-06-26,17.416250228881836,17.2023983001709,15106400
2020-06-29,17.783750534057617,17.565387725830078,12743200
2020-06-30,18.46125030517578,18.234567642211914,9148800
2020-07-01,18.931249618530273,18.698793411254883,9286400
2020-07-02,19.1875,18.9518985748291,9366400
2020-07-06,20.136249542236328,19.889001846313477,8572800
2020-07-07,19.85124969482422,19.607498168945312,10094400
2020-07-08,20.366249084472656,20.11617660522461,8076000
2020-07-09,20.704999923706055,20.450763702392578,12246400
2020-07-10,21.013750076293945,20.755722045898438,9117600
2020-07-13,20.138750076293945,19.891468048095703,16536000
2020-07-14,20.4325008392334,20.181610107421875,21487200
2020-07-15,20.477500915527344,20.226064682006836,14611200
2020-07-16,20.19124984741211,19.94332504272461,11288800
2020-07-17,20.256250381469727,20.007532119750977,9411200
2020-07-20,21.420000076293945,21.156984329223633,7736800
2020-07-21,20.96875,20.71127700805664,11613600
2020-07-22,21.116249084472656,20.856964111328125,7987200
2020-07-23,20.002500534057617,19.75688934326172,16324000
2020-07-24,19.61750030517578,19.376619338989258,15490400
2020-07-27,20.325000762939453,20.0754337310791,10046400
2020-07-28,19.81999969482422,19.57663345336914,7340000
2020-07-29,20.278749465942383,20.029748916625977,6929600
2020-07-30,20.482500076293945,20.23099708557129,8896800
2020-07-31,21.209999084472656,20.949560165405273,11823200
2020-08-03,21.771249771118164,21.503921508789062,7482400
2020-08-04,21.940000534057617,21.670602798461914,7414400
2020-08-05,22.05500030517578,21.784191131591797,6196800
2020-08-06,22.616249084472656,22.338544845581055,7689600
2020-08-07,22.107500076293945,21.836048126220703,11301600
2020-08-10,21.90999984741211,21.640968322753906,10324000
2020-08-11,21.092500686645508,20.833507537841797,11932800
2020-08-12,22.153749465942383,21.881725311279297,9388000
2020-08-13,22.241249084472656,21.96815299987793,8996000
2020-08-14,22.200000762939453,21.927410125732422,5904000
2020-08-17,22.6924991607666,22.413860321044922,5020800
2020-08-18,23.135000228881836,22.850927352905273,4248000
2020-08-19,22.832500457763672,22.55214500427246,6243600
2020-08-20,23.46500015258789,23.176876068115234,4279600
2020-08-21,23.77750015258789,23.485536575317383,4805200
2020-08-24,24.084999084472656,23.789262771606445,5148400
2020-08-25,24.459999084472656,24.159652709960938,4954400
2020-08-26,25.497499465942383,25.184419631958008,6337600
2020-08-27,25.327499389648438,25.01650619506836,9339600
2020-08-28,25.592500686645508,25.27825164794922,5770000
2020-08-31,26.040000915527344,25.720258712768555,6781200
2020-09-01,26.899999618530273,26.5696964263916,7399200
2020-09-02,27.40250015258789,27.066030502319336,10671200
2020-09-03,24.592500686645508,24.2905330657959,21334400
2020-09-04,23.940000534057617,23.64604949951172,22371200
2020-09-08,21.657499313354492,21.39156723022461,14596800
2020-09-09,22.920000076293945,22.638566970825195,15787600
2020-09-10,21.979999542236328,21.71010971069336,15222800
2020-09-11,21.702499389648438,21.436017990112305,15321600
2020-09-14,22.457500457763672,22.18174934387207,10220400
2020-09-15,23.09749984741211,22.81389045715332,9455200
2020-09-16,22.334999084472656,22.060749053955078,11146800
2020-09-17,21.670000076293945,21.403919219970703,12571600
2020-09-18,21.09749984741211,20.838443756103516,16731200
2020-09-21,21.280000686645508,21.018707275390625,15192800
2020-09-22,22.042499542236328,21.771841049194336,9837200
2020-09-23,20.6875,20.433483123779297,11753600
2020-09-24,20.895000457763672,20.63843536376953,14940400
2020-09-25,21.885000228881836,21.61627769470215,9966800
2020-09-28,22.762500762939453,22.482999801635742,7680400
2020-09-29,22.5575008392334,22.280521392822266,7970800
2020-09-30,22.912500381469727,22.63115882873535,11083200
2020-10-01,23.607500076293945,23.317625045776367,10772400
2020-10-02,22.27750015258789,22.00395393371582,15080400
2020-10-05,23.24250030517578,22.957109451293945,8582000
2020-10-06,22.3799991607666,22.105199813842773,11046000
2020-10-07,23.200000762939453,22.915132522583008,5386400
2020-10-08,23.40999984741211,23.1225528717041,6250000
2020-10-09,24.1200008392334,23.823835372924805,8204400
2020-10-12,25.602500915527344,25.288131713867188,11895200
2020-10-13,25.584999084472656,25.270845413208008,10455200
2020-10-14,25.177499771118164,24.868345260620117,9660000
2020-10-15,24.822500228881836,24.5177059173584,9642000
2020-10-16,24.5625,24.260900497436523,10963200
2020-10-19,23.735000610351562,23.44356346130371,9526400
2020-10-20,23.88249969482422,23.589248657226562,10346800
2020-10-21,23.822500228881836,23.529987335205078,7973200
2020-10-22,23.829999923706055,23.537395477294922,9636000
2020-10-23,23.9375,23.643573760986328,6109600
2020-10-26,23.18000030517578,22.895374298095703,13420000
2020-10-27,23.537500381469727,23.248483657836914,9899200
2020-10-28,21.71500015258789,21.448362350463867,16731600
2020-10-29,22.4375,22.161989212036133,11930800
2020-10-30,21.375,21.112537384033203,14191200
2020-11-02,21.434999465942383,21.171804428100586,8594800
2020-11-03,22.15250015258789,21.880491256713867,8650800
2020-11-04,24.135000228881836,23.83864974975586,12656400
2020-11-05,25.405000686645508,25.093055725097656,10176000
2020-11-06,25.447500228881836,25.135034561157227,7578400
2020-11-09,24.3700008392334,24.070764541625977,14152400
2020-11-10,23.53499984741211,23.246017456054688,11485600
2020-11-11,24.577499389648438,24.275714874267578,7230400
2020-11-12,24.344999313354492,24.046072006225586,6288800
2020-11-13,24.792499542236328,24.488079071044922,4542000
2020-11-16,25.122499465942383,24.814022064208984,5726400
2020-11-17,24.959999084472656,24.653520584106445,4220000
2020-11-18,24.607500076293945,24.305347442626953,5259600
2020-11-19,24.979999542236328,24.67327308654785,4780800
2020-11-20,24.65999984741211,24.357202529907227,3907200
2020-11-23,24.657499313354492,24.354736328125,6552800
2020-11-24,25.362499237060547,25.051074981689453,5338800
2020-11-25,25.68000030517578,25.36467742919922,5023600
2020-11-27,26.135000228881836,25.814090728759766,3326400
2020-11-30,26.202499389648438,25.88076400756836,5148000
2020-12-01,26.950000762939453,26.61908721923828,4608000
2020-12-02,26.969999313354492,26.63884162902832,4815200
2020-12-03,27.032499313354492,26.70056915283203,5140400
2020-12-04,27.287500381469727,26.95244026184082,3401200
2020-12-07,27.575000762939453,27.236412048339844,3628000
2020-12-08,27.7450008392334,27.404319763183594,3881600
2020-12-09,26.52750015258789,26.20177459716797,8483600
2020-12-10,26.700000762939453,26.37215805053711,7340000
2020-12-11,26.602500915527344,26.275850296020508,6267200
2020-12-14,26.950000762939453,26.61908721923828,5519200
2020-12-15,27.549999237060547,27.211715698242188,3863600
2020-12-16,27.854999542236328,27.512969970703125,5317200
2020-12-17,28.217500686645508,27.871021270751953,4388400
2020-12-18,28.022499084472656,27.678415298461914,7573200
2020-12-21,27.950000762939453,27.60680389404297,7365200
2020-12-22,28.084999084472656,27.740148544311523,6357600
2020-12-23,27.80500030517578,27.463586807250977,4632800
2020-12-24,28.047500610351562,27.70311164855957,2612400
2020-12-28,28.61750030517578,28.2661075592041,4510800
2020-12-29,28.670000076293945,28.317964553833008,4793200
2020-12-30,28.645000457763672,28.293270111083984,3214800
2020-12-31,28.77750015258789,28.42414093017578,4652000
2021-01-04,27.967500686645508,27.62409019470215,10180000
2021-01-05,28.422500610351562,28.073503494262695,8942800
2021-01-06,27.65999984741211,27.32036590576172,9966000
2021-01-07,29.010000228881836,28.653789520263672,6424400
2021-01-08,29.739999771118164,29.37482452392578,9081200
2021-01-11,28.854999542236328,28.500690460205078,8142800
2021-01-12,28.78499984741211,28.431550979614258,6837200
2021-01-13,29.157499313354492,28.79947853088379,4868400
2021-01-14,28.837499618530273,28.48340606689453,5456400
2021-01-15,28.389999389648438,28.041400909423828,5389200
2021-01-19,29.229999542236328,28.871089935302734,6685200
2021-01-20,30.5674991607666,30.192161560058594,5584400
2021-01-21,31.082500457763672,30.700841903686523,6775200
2021-01-22,30.887500762939453,30.508235931396484,5576800
2021-01-25,31.434999465942383,31.04901695251465,14268400
2021-01-26,31.479999542236328,31.093463897705078,9333200
2021-01-27,29.78499984741211,29.41927146911621,12130800
2021-01-28,30.082500457763672,29.713125228881836,9271200
2021-01-29,28.842500686645508,28.488346099853516,11287200
2021-02-01,30.260000228881836,29.888442993164062,9096400
2021-02-02,31.252500534057617,30.868757247924805,6991600
2021-02-03,30.982500076293945,30.60207176208496,7540400
2021-02-04,31.72249984741211,31.332984924316406,4824400
2021-02-05,31.94499969482422,31.552753448486328,7433200
2021-02-08,32.345001220703125,31.947845458984375,5049200
2021-02-09,32.334999084472656,31.937963485717773,3492400
2021-02-10,32.1775016784668,31.782394409179688,5258800
2021-02-11,32.53499984741211,32.1355094909668,4302000
2021-02-12,32.89500045776367,32.4910888671875,3381600
2021-02-16,32.724998474121094,32.32316970825195,4618800
2021-02-17,32.407501220703125,32.009586334228516,6291600
2021-02-18,32.11249923706055,31.718196868896484,5330400
2021-02-19,31.842500686645508,31.451509475708008,4489600
2021-02-22,30.1924991607666,29.82176971435547,8728800
2021-02-23,30.0049991607666,29.636571884155273,17403200
2021-02-24,30.4950008392334,30.12055778503418,9657200
2021-02-25,28.334999084472656,27.987077713012695,16296800
2021-02-26,28.635000228881836,28.283395767211914,19246400
2021-03-01,30.327499389648438,29.95511245727539,8928000
2021-03-02,29.344999313354492,28.984676361083984,7660000
2021-03-03,27.655000686645508,27.3154296875,11431200
2021-03-04,26.727500915527344,26.399316787719727,26453600
2021-03-05,27.547500610351562,27.209247589111328,17203600
2021-03-08,25.979999542236328,25.660993576049805,11614000
2021-03-09,28.03499984741211,27.690759658813477,8753600
2021-03-10,27.86750030517578,27.525320053100586,14217200
2021-03-11,29.15999984741211,28.80194854736328,8259600
2021-03-12,28.672500610351562,28.320436477661133,9356400
2021-03-15,29.292499542236328,28.93282127380371,5027200
2021-03-16,29.612499237060547,29.24888801574707,7150400
2021-03-17,29.84749984741211,29.481006622314453,8042000
2021-03-18,28.00749969482422,27.663597106933594,12377600
2021-03-19,28.260000228881836,27.912996292114258,9916800
2021-03-22,29.274999618530273,28.91553497314453,8472000
2021-03-23,28.97249984741211,28.616748809814453,9600400
2021-03-24,28.012500762939453,27.668537139892578,8714800
2021-03-25,27.9325008392334,27.589521408081055,10858000
2021-03-26,28.764999389648438,28.411794662475586,8796400
2021-03-29,28.739999771118164,28.387102127075195,8086400
2021-03-30,28.459999084472656,28.11054229736328,6412400
2021-03-31,29.297500610351562,28.937761306762695,6393600
2021-04-01,30.325000762939453,29.9526424407959,6406000
2021-04-05,31.540000915527344,31.15272331237793,7248400
2021-04-06,31.47249984741211,31.0860538482666,5124000
2021-04-07,31.627500534057617,31.239151000976562,4508400
2021-04-08,32.29249954223633,31.895986557006836,3505600
2021-04-09,32.6875,32.286128997802734,5977600
2021-04-12,32.592498779296875,32.19230270385742,3947200
2021-04-13,33.352500915527344,32.94296646118164,4570000
2021-04-14,32.54999923706055,32.15032958984375,5747600
2021-04-15,33.52750015258789,33.115821838378906,6026800
2021-04-16,33.61750030517578,33.20471954345703,4457600
2021-04-19,32.997501373291016,32.59232711791992,6363600
2021-04-20,32.494998931884766,32.09599685668945,6347600
2021-04-21,33.06999969482422,32.663936614990234,5561200
2021-04-22,32.275001525878906,31.87870979309082,7203600
2021-04-23,33.084999084472656,32.67875671386719,4764400
2021-04-26,33.51250076293945,33.10100555419922,4052800
2021-04-27,33.20500183105469,32.79728698730469,4010800
2021-04-28,32.942501068115234,32.538002014160156,5616400
2021-04-29,33.217498779296875,32.80961990356445,6563200
2021-04-30,32.76750183105469,32.36515808105469,4820000
2021-05-03,32.432498931884766,32.034263610839844,5927200
2021-05-04,31.260000228881836,30.876163482666016,9809600
2021-05-05,31.03499984741211,30.653926849365234,6844000
2021-05-06,31.520000457763672,31.132970809936523,7207200
2021-05-07,32.01499938964844,31.621891021728516,5674800
2021-05-10,30.387500762939453,30.014375686645508,8011200
2021-05-11,30.329999923706055,29.957578659057617,8990000
2021-05-12,28.760000228881836,28.406862258911133,9091200
2021-05-13,29.204999923706055,28.84639549255371,9386800
2021-05-14,30.479999542236328,30.105737686157227,8473200
2021-05-17,30.112499237060547,29.74275016784668,6804800
2021-05-18,29.697500228881836,29.332847595214844,6408800
2021-05-19,29.767499923706055,29.401988983154297,13063200
2021-05-20,30.920000076293945,30.540340423583984,9842800
2021-05-21,30.56999969482422,30.19463539123535,10658400
2021-05-24,31.607500076293945,31.219398498535156,6468000
2021-05-25,31.690000534057617,31.30088233947754,5461600
2021-05-26,31.899999618530273,31.508302688598633,4153200
2021-05-27,31.670000076293945,31.281124114990234,3494400
2021-05-28,31.844999313354492,31.453977584838867,5952400
2021-06-01,31.649999618530273,31.261371612548828,4544400
2021-06-02,31.770000457763672,31.379901885986328,3727800
2021-06-03,31.084999084472656,30.70331382751465,4663800
2021-06-04,32.18000030517578,31.784868240356445,6406800
2021-06-07,32.345001220703125,31.947845458984375,4148600
2021-06-08,32.369998931884766,31.972536087036133,4288400
2021-06-09,32.400001525878906,32.002166748046875,3653000
2021-06-10,33.08000183105469,32.67381286621094,3531600
2021-06-11,33.2400016784668,32.831844329833984,2649600
2021-06-14,33.875,33.45906066894531,3428600
2021-06-15,33.42499923706055,33.01457214355469,3032000
2021-06-16,33.185001373291016,32.777523040771484,6306400
2021-06-17,34.025001525878906,33.60721206665039,5353800
2021-06-18,33.494998931884766,33.08372116088867,5902200
2021-06-21,33.900001525878906,33.4837532043457,7340200
2021-06-22,34.53499984741211,34.1109504699707,3735800
2021-06-23,34.560001373291016,34.135643005371094,4704800
2021-06-24,34.9900016784668,34.56035614013672,3644800
2021-06-25,34.915000915527344,34.48628234863281,3307400
2021-06-28,35.755001068115234,35.31596755981445,2578400
2021-06-29,36.0099983215332,35.56782913208008,2170400
2021-06-30,35.904998779296875,35.46412658691406,2516400
2021-07-01,35.93000030517578,35.48882293701172,3110000
2021-07-02,36.7400016784668,36.28887176513672,2966600
2021-07-06,37.04999923706055,36.595069885253906,2962400
2021-07-07,37.18000030517578,36.72346878051758,3650200
2021-07-08,36.779998779296875,36.3283805847168,6300600
2021-07-09,37.224998474121094,36.767913818359375,3614200
2021-07-12,37.5099983215332,37.04941940307617,3513200
2021-07-13,37.494998931884766,37.03460693359375,5558200
2021-07-14,37.625,37.16300582885742,4879000
2021-07-15,37.095001220703125,36.6395149230957,5503400
2021-07-16,36.5,36.051822662353516,4855200
2021-07-19,35.900001525878906,35.45918655395508,13662600
2021-07-20,36.73500061035156,36.28394317626953,7660800
2021-07-21,37.275001525878906,36.81730270385742,4796800
2021-07-22,37.79499816894531,37.33092498779297,4153800
2021-07-23,38.654998779296875,38.180355072021484,4845600
2021-07-26,38.7400016784668,38.264320373535156,4782000
2021-07-27,37.88999938964844,37.424747467041016,8540200
2021-07-28,38.15999984741211,37.691436767578125,6524600
2021-07-29,38.310001373291016,37.839595794677734,3819200
2021-07-30,37.900001525878906,37.43463134765625,4870600
2021-08-02,37.89500045776367,37.42969512939453,9445200
2021-08-03,38.35499954223633,37.88404083251953,5711400
2021-08-04,38.47999954223633,38.00750732421875,3463000
2021-08-05,38.96500015258789,38.4865608215332,3099200
2021-08-06,38.61000061035156,38.13591003417969,3444800
2021-08-09,38.75,38.27419662475586,2604800
2021-08-10,38.36000061035156,37.888980865478516,3344000
2021-08-11,38.23500061035156,37.76552200317383,2856600
2021-08-12,38.505001068115234,38.032203674316406,2949200
2021-08-13,38.755001068115234,38.27912902832031,2254400
2021-08-16,38.78499984741211,38.30876541137695,4969200
2021-08-17,38.10499954223633,37.637115478515625,4737200
2021-08-18,37.3650016784668,36.90619659423828,4988200
2021-08-19,37.73500061035156,37.27165603637695,10185200
2021-08-20,38.52000045776367,38.047019958496094,5549600
2021-08-23,39.65999984741211,39.17301559448242,3810000
2021-08-24,39.904998779296875,39.415016174316406,2759000
2021-08-25,39.95000076293945,39.4594612121582,3226400
2021-08-26,39.48500061035156,39.00016784667969,3864400
2021-08-27,40.2599983215332,39.765647888183594,3742200
2021-08-30,41.165000915527344,40.659542083740234,3975800
2021-08-31,41.08000183105469,40.575584411621094,3753200
2021-09-01,41.224998474121094,40.71880340576172,3672200
2021-09-02,41.17499923706055,40.66941833496094,3180400
2021-09-03,41.435001373291016,40.92622375488281,2811800
2021-09-07,41.53499984741211,41.025001525878906,3041800
2021-09-08,41.26499938964844,40.75830841064453,4814600
2021-09-09,40.939998626708984,40.43730163574219,3812200
2021-09-10,40.33000183105469,39.83479690551758,5649800
2021-09-13,40.275001525878906,39.78046798706055,6193600
2021-09-14,40.040000915527344,39.54835510253906,5696600
2021-09-15,40.630001068115234,40.131103515625,3364000
2021-09-16,40.70500183105469,40.2051887512207,3707200
2021-09-17,39.7400016784668,39.25202941894531,5933400
2021-09-20,38.084999084472656,37.61735916137695,14432400
2021-09-21,38.15999984741211,37.691436767578125,7007000
2021-09-22,38.88999938964844,38.4124755859375,6998800
2021-09-23,39.599998474121094,39.1137580871582,6841200
2021-09-24,39.665000915527344,39.177955627441406,3990600
2021-09-27,39.04999923706055,38.57050704956055,6146800
2021-09-28,36.81999969482422,36.367889404296875,12348400
2021-09-29,36.72999954223633,36.27899169921875,7409000
2021-09-30,36.3849983215332,35.938228607177734,8754400
2021-10-01,36.875,36.42221450805664,9564600
2021-10-04,35.345001220703125,34.9110107421875,12422000
2021-10-05,36.290000915527344,35.844398498535156,8216200
2021-10-06,36.744998931884766,36.2938117980957,8508200
2021-10-07,37.41999816894531,36.96052169799805,5256200
2021-10-08,37.040000915527344,36.58518981933594,4585000
2021-10-11,36.474998474121094,36.027122497558594,4333000
2021-10-12,36.22999954223633,35.785133361816406,4932400
2021-10-13,36.79999923706055,36.3481330871582,4573400
2021-10-14,38.150001525878906,37.68156051635742,5528000
2021-10-15,38.630001068115234,38.15567398071289,3799000
2021-10-18,39.40999984741211,38.92608642578125,4577800
2021-10-19,39.98500061035156,39.4940299987793,3963600
2021-10-20,39.88999938964844,39.40018844604492,3802200
2021-10-21,40.380001068115234,39.88418197631836,3066600
2021-10-22,39.689998626708984,39.20264434814453,4902400
2021-10-25,40.5,40.00270462036133,4804600
2021-10-26,40.724998474121094,40.224937438964844,5430600
2021-10-27,40.935001373291016,40.43236541748047,3991600
2021-10-28,41.86000061035156,41.34600067138672,3595800
2021-10-29,42.27000045776367,41.750972747802734,4382400
2021-11-01,42.55500030517578,42.032474517822266,4304600
2021-11-02,42.915000915527344,42.38804626464844,3240400
2021-11-03,43.81999969482422,43.28193664550781,4803400
2021-11-04,44.93000030517578,44.37831115722656,5058800
2021-11-05,45.02000045776367,44.46719741821289,5388000
2021-11-08,44.900001525878906,44.348670959472656,3865800
2021-11-09,44.26499938964844,43.72148132324219,5863000
2021-11-10,42.974998474121094,42.44731521606445,7582200
2021-11-11,43.21500015258789,42.68436813354492,4129000
2021-11-12,44.119998931884766,43.578250885009766,3584400
2021-11-15,44.10499954223633,43.563446044921875,4993600
2021-11-16,44.724998474121094,44.17582702636719,5156400
2021-11-17,44.76499938964844,44.21533966064453,3583800
2021-11-18,45.685001373291016,45.1240348815918,6605000
2021-11-19,46.189998626708984,45.62283706665039,4075600
2021-11-22,45.1349983215332,44.580787658691406,8661600
2021-11-23,44.709999084472656,44.1610107421875,8533200
2021-11-24,45.025001525878906,44.47214889526367,5404800
2021-11-26,43.224998474121094,42.694244384765625,9370400
2021-11-29,45.14500045776367,44.59067153930664,6771400
2021-11-30,43.80500030517578,43.26712417602539,13698400
2021-12-01,42.31999969482422,41.800357818603516,10846200
2021-12-02,42.94499969482422,42.41768264770508,12959800
2021-12-03,41.45000076293945,40.941036224365234,13186200
2021-12-06,42.130001068115234,41.612693786621094,9277400
2021-12-07,44.665000915527344,44.1165657043457,8152800
2021-12-08,45.040000915527344,44.486968994140625,6692400
2021-12-09,43.709999084472656,43.17328643798828,7616200
2021-12-10,44.654998779296875,44.106685638427734,6575600
2021-12-13,43.36000061035156,42.82759094238281,6913800
2021-12-14,42.4900016784668,41.9682731628418,9612800
2021-12-15,44.38999938964844,43.844940185546875,11968200
2021-12-16,42.119998931884766,41.602813720703125,12277000
2021-12-17,41.689998626708984,41.17809295654297,13475200
2021-12-20,40.849998474121094,40.34840774536133,11559800
2021-12-21,42.68000030517578,42.155941009521484,8665800
2021-12-22,43.72999954223633,43.19304656982422,7392600
2021-12-23,44.400001525878906,43.854820251464844,7158600
2021-12-27,45.82500076293945,45.2623176574707,7256800
2021-12-28,45.45000076293945,44.891929626464844,8987400
2021-12-29,45.40999984741211,44.852413177490234,6671800
2021-12-30,45.095001220703125,44.54129409790039,5771200
2021-12-31,44.5099983215332,43.963462829589844,10505200
2022-01-03,45.435001373291016,44.87710952758789,12321800
2022-01-04,44.244998931884766,43.701717376708984,12080400
2022-01-05,41.494998931884766,40.98548889160156,19416000
2022-01-06,41.46500015258789,40.95586013793945,21080800
2022-01-07,40.54999923706055,40.052093505859375,14856400
2022-01-10,40.64500045776367,40.14592361450195,26443400
2022-01-11,41.84000015258789,41.32625198364258,21613000
2022-01-12,42.16999816894531,41.65219497680664,16403600
2022-01-13,40.03499984741211,39.54341506958008,21576200
2022-01-14,40.540000915527344,40.042213439941406,23671400
2022-01-18,38.54999923706055,38.07664108276367,19022800
2022-01-19,37.65999984741211,37.19757080078125,21533600
2022-01-20,36.665000915527344,36.21479034423828,18105000
2022-01-21,34.599998474121094,34.17515182495117,30147800
2022-01-24,35.02000045776367,34.589996337890625,40041000
2022-01-25,33.27000045776367,32.861480712890625,45231000
2022-01-26,33.32500076293945,32.91581344604492,26151200
2022-01-27,32.54999923706055,32.15032958984375,31453800
2022-01-28,34.6349983215332,34.209720611572266,34542600
2022-01-31,36.85499954223633,36.402462005615234,15154800
2022-02-01,37.29499816894531,36.83705520629883,14213600
2022-02-02,37.91999816894531,37.45438003540039,14866600
2022-02-03,34.810001373291016,34.382572174072266,20256200
2022-02-04,35.70000076293945,35.26164627075195,12168600
2022-02-07,35.13999938964844,34.708526611328125,13006400
2022-02-08,35.93000030517578,35.48882293701172,10682800
2022-02-09,37.45500183105469,36.99509048461914,10437000
2022-02-10,35.75,35.3110237121582,20919000
2022-02-11,33.494998931884766,33.08372116088867,20967000
2022-02-14,33.584999084472656,33.172607421875,21453600
2022-02-15,35.22999954223633,34.79741668701172,12314800
2022-02-16,35.19499969482422,34.762847900390625,13161000
2022-02-17,33.10499954223633,32.698509216308594,12042400
2022-02-18,32.34000015258789,31.942895889282227,17350400
2022-02-22,31.684999465942383,31.295942306518555,18384000
2022-02-23,30.075000762939453,29.705711364746094,20689000
2022-02-24,32.09000015258789,31.695972442626953,31324600
2022-02-25,33.08000183105469,32.67381286621094,17812000
2022-02-28,33.334999084472656,32.92568588256836,15971200
2022-03-01,32.2400016784668,31.844135284423828,15366600
2022-03-02,33.29999923706055,32.89111328125,13087800
2022-03-03,32.349998474121094,31.952775955200195,13261400
2022-03-04,31.440000534057617,31.053953170776367,12057200
2022-03-07,29.104999542236328,28.747623443603516,15477000
2022-03-08,28.81999969482422,28.466123580932617,29354000
2022-03-09,30.93000030517578,30.550214767456055,15465000
2022-03-10,30.235000610351562,29.863750457763672,14806400
2022-03-11,28.954999923706055,28.59946632385254,11842600
2022-03-14,27.860000610351562,27.517911911010742,17040600
2022-03-15,29.579999923706055,29.216793060302734,17767800
2022-03-16,31.795000076293945,31.40459442138672,21507400
2022-03-17,32.53499984741211,32.1355094909668,13647600
2022-03-18,33.88999938964844,33.473873138427734,14640200
2022-03-21,33.70000076293945,33.28620147705078,13864000
2022-03-22,35.0099983215332,34.580116271972656,13091000
2022-03-23,34.005001068115234,33.58746337890625,12659000
2022-03-24,35.52000045776367,35.0838508605957,14963400
2022-03-25,35.470001220703125,35.03446578979492,13492000
2022-03-28,36.564998626708984,36.11602020263672,13447800
2022-03-29,37.79499816894531,37.33092498779297,13109400
2022-03-30,36.9900016784668,36.53581237792969,10161800
2022-03-31,35.959999084472656,35.51845169067383,18050400
2022-04-01,35.935001373291016,35.49375915527344,13742200
2022-04-04,37.380001068115234,36.9210205078125,10275600
2022-04-05,35.744998931884766,35.306087493896484,15053400
2022-04-06,34.150001525878906,33.730682373046875,18505000
2022-04-07,34.334999084472656,33.91340637207031,23844200
2022-04-08,33.36000061035156,32.950382232666016,16143000
2022-04-11,31.790000915527344,31.3996524810791,12651800
2022-04-12,31.540000915527344,31.15272331237793,17267000
2022-04-13,32.790000915527344,32.38737487792969,9644600
2022-04-14,31.28499984741211,30.900850296020508,13048400
2022-04-18,31.385000228881836,30.9996280670166,10158600
2022-04-19,32.71500015258789,32.313297271728516,10597400
2022-04-20,31.760000228881836,31.370019912719727,11112600
2022-04-21,30.489999771118164,30.115612030029297,15518200
2022-04-22,28.860000610351562,28.505632400512695,17695400
2022-04-25,29.6200008392334,29.25629997253418,20252600
2022-04-26,27.334999084472656,26.99935531616211,17151800
2022-04-27,27.30500030517578,26.969722747802734,22371200
2022-04-28,29.225000381469727,28.86614990234375,21608600
2022-04-29,26.600000381469727,26.27338218688965,21359800
2022-05-02,27.4950008392334,27.157394409179688,41917000
2022-05-03,27.579999923706055,27.241348266601562,15773400
2022-05-04,29.43000030517578,29.068632125854492,26193600
2022-05-05,26.5049991607666,26.179550170898438,21008600
2022-05-06,25.84000015258789,25.52271270751953,23935200
2022-05-09,23.790000915527344,23.497882843017578,20535800
2022-05-10,24.375,24.07570457458496,31727200
2022-05-11,22.90999984741211,22.62868881225586,29229400
2022-05-12,22.809999465942383,22.529916763305664,26040200
2022-05-13,24.475000381469727,24.174474716186523,13575400
2022-05-16,23.924999237060547,23.631229400634766,12234800
2022-05-17,25.15999984741211,24.851062774658203,12646200
2022-05-18,22.65999984741211,22.38176155090332,11742200
2022-05-19,22.434999465942383,22.159523010253906,17992400
2022-05-20,22.280000686645508,22.006431579589844,16167600
2022-05-23,23.024999618530273,22.742279052734375,13331600
2022-05-24,22.040000915527344,21.76937484741211,14160000
2022-05-25,22.670000076293945,22.391633987426758,13620800
2022-05-26,23.915000915527344,23.621349334716797,8656400
2022-05-27,25.5,25.186887741088867,13309200
2022-05-31,25.334999084472656,25.023914337158203,11966200
2022-06-01,24.96500015258789,24.658456802368164,11093600
2022-06-02,26.34000015258789,26.016571044921875,11470600
2022-06-03,24.93000030517578,24.62388801574707,10348600
2022-06-06,25.1200008392334,24.811553955078125,8605800
2022-06-07,25.565000534057617,25.251089096069336,7821400
2022-06-08,25.18000030517578,24.870817184448242,5292200
2022-06-09,23.80500030517578,23.512704849243164,7298400
2022-06-10,22.110000610351562,21.83851432800293,16818000
2022-06-13,20.075000762939453,19.828500747680664,19895600
2022-06-14,20.170000076293945,19.922332763671875,12524200
2022-06-15,21.155000686645508,20.895244598388672,19030800
2022-06-16,19.459999084472656,19.221052169799805,28909800
2022-06-17,19.90999984741211,19.665529251098633,16117000
2022-06-21,20.915000915527344,20.65818977355957,14404600
2022-06-22,20.844999313354492,20.589046478271484,11397000
2022-06-23,21.46500015258789,21.201431274414062,10545400
2022-06-24,22.975000381469727,22.692893981933594,8389200
2022-06-27,22.584999084472656,22.307682037353516,7038600
2022-06-28,21.200000762939453,20.93968963623047,10029800
2022-06-29,21.260000228881836,20.998952865600586,10130800
2022-06-30,20.704999923706055,20.450763702392578,11290800
2022-07-01,20.975000381469727,20.717453002929688,12950600
2022-07-05,21.69499969482422,21.428607940673828,9101400
2022-07-06,21.959999084472656,21.69035530090332,9548800
2022-07-07,22.895000457763672,22.613872528076172,5611400
2022-07-08,22.969999313354492,22.68795394897461,6734400
2022-07-11,21.959999084472656,21.69035530090332,6936800
2022-07-12,21.545000076293945,21.280454635620117,7321400
2022-07-13,21.46500015258789,21.201431274414062,11671000
2022-07-14,21.610000610351562,21.344655990600586,9062400
2022-07-15,22.3799991607666,22.105199813842773,7206000
2022-07-18,22.0049991607666,21.73480224609375,7378000
2022-07-19,23.344999313354492,23.058345794677734,8199000
2022-07-20,24.084999084472656,23.789262771606445,9271800
2022-07-21,24.774999618530273,24.470794677734375,7491000
2022-07-22,23.905000686645508,23.61147117614746,8823200
2022-07-25,23.649999618530273,23.359603881835938,9322800
2022-07-26,22.69499969482422,22.416332244873047,4909400
2022-07-27,24.614999771118164,24.312753677368164,12328400
2022-07-28,25.079999923706055,24.77204704284668,11962600
2022-07-29,26.010000228881836,25.69062614440918,8710600
2022-08-01,25.979999542236328,25.660993576049805,5901400
2022-08-02,25.80500030517578,25.48814582824707,6476400
2022-08-03,27.209999084472656,26.875892639160156,6720800
2022-08-04,27.44499969482422,27.108003616333008,5514800
2022-08-05,27.010000228881836,26.6783447265625,10551200
2022-08-08,26.834999084472656,26.505495071411133,6903400
2022-08-09,26.219999313354492,25.898046493530273,5850400
2022-08-10,27.68000030517578,27.340118408203125,11302000
2022-08-11,27.364999771118164,27.02898597717285,6851400
2022-08-12,28.44499969482422,28.09572410583496,5083600
2022-08-15,28.875,28.520448684692383,4667600
2022-08-16,28.739999771118164,28.387102127075195,6352200
2022-08-17,28.075000762939453,27.73027229309082,8123400
2022-08-18,28.219999313354492,27.873491287231445,4834400
2022-08-19,27.110000610351562,26.77712059020996,6553200
2022-08-22,25.674999237060547,25.359739303588867,13726800
2022-08-23,25.6299991607666,25.315296173095703,6612000
2022-08-24,25.774999618530273,25.45850944519043,5331800
2022-08-25,26.670000076293945,26.3425235748291,7587200
2022-08-26,24.479999542236328,24.179412841796875,11767200
2022-08-29,24.0,23.705307006835938,9565000
2022-08-30,23.459999084472656,23.171937942504883,8286200
2022-08-31,23.184999465942383,22.900314331054688,17338000
2022-09-01,23.200000762939453,22.915132522583008,10762800
2022-09-02,22.53499984741211,22.258298873901367,13055400
2022-09-06,22.209999084472656,21.93728256225586,10722600
2022-09-07,23.100000381469727,22.81635856628418,11316400
2022-09-08,23.334999084472656,23.048471450805664,11207200
2022-09-09,24.344999313354492,24.046072006225586,6408800
2022-09-12,24.920000076293945,24.614009857177734,7567400
2022-09-13,22.174999237060547,21.9027156829834,12905800
2022-09-14,22.540000915527344,22.26323699951172,7933400
2022-09-15,21.760000228881836,21.49281120300293,9872400
2022-09-16,21.4950008392334,21.23106575012207,8808600
2022-09-19,21.84000015258789,21.571828842163086,8166000
2022-09-20,21.475000381469727,21.211313247680664,9361400
2022-09-21,20.700000762939453,20.44582748413086,15802000
2022-09-22,20.200000762939453,19.951967239379883,11582400
2022-09-23,19.540000915527344,19.30007553100586,13828600
2022-09-26,19.344999313354492,19.10746192932129,10924200
2022-09-27,19.395000457763672,19.15685272216797,13018200
2022-09-28,20.149999618530273,19.9025821685791,9776800
2022-09-29,19.014999389648438,18.781518936157227,13093400
2022-09-30,18.329999923706055,18.104930877685547,12365400
2022-10-03,19.19499969482422,18.959306716918945,12673600
2022-10-04,20.399999618530273,20.14950942993164,12115200
2022-10-05,20.364999771118164,20.11494255065918,10373800
2022-10-06,20.040000915527344,19.793930053710938,11859200
2022-10-07,18.5049991607666,18.27777671813965,12149800
2022-10-10,18.110000610351562,17.887630462646484,8529800
2022-10-11,17.65999984741211,17.443157196044922,14375400
2022-10-12,17.6299991607666,17.41352081298828,9579000
2022-10-13,18.43000030517578,18.203697204589844,22276800
2022-10-14,17.309999465942383,17.097450256347656,15657600
2022-10-17,18.485000610351562,18.258026123046875,12955800
2022-10-18,18.774999618530273,18.544462203979492,17131400
2022-10-19,18.614999771118164,18.38643455505371,9111800
2022-10-20,18.405000686645508,18.17900848388672,12220400
2022-10-21,19.28499984741211,19.04820442199707,12779800
2022-10-24,19.704999923706055,19.463043212890625,11592200
2022-10-25,20.510000228881836,20.258159637451172,8550600
2022-10-26,19.59000015258789,19.349458694458008,12766000
2022-10-27,18.864999771118164,18.633358001708984,9520800
2022-10-28,20.030000686645508,19.784055709838867,10842400
2022-10-31,19.540000915527344,19.30007553100586,9882600
2022-11-01,19.145000457763672,18.909921646118164,10109800
2022-11-02,17.834999084472656,17.616003036499023,16235200
2022-11-03,17.139999389648438,16.92953872680664,12666600
2022-11-04,17.684999465942383,17.467851638793945,13356600
2022-11-07,18.06999969482422,17.848119735717773,5524000
2022-11-08,18.31999969482422,18.09505271911621,9044400
2022-11-09,17.459999084472656,17.2456111907959,7479000
2022-11-10,20.040000915527344,19.793930053710938,16590200
2022-11-11,20.780000686645508,20.524845123291016,10517600
2022-11-14,20.405000686645508,20.154449462890625,19760200
2022-11-15,20.979999542236328,20.722389221191406,13337000
2022-11-16,20.395000457763672,20.144569396972656,6324200
2022-11-17,20.290000915527344,20.040861129760742,13683000
2022-11-18,20.295000076293945,20.045799255371094,8882000
2022-11-21,19.8700008392334,19.626014709472656,4776000
2022-11-22,20.440000534057617,20.18901824951172,8834800
2022-11-23,20.844999313354492,20.589046478271484,8342400
2022-11-25,20.559999465942383,20.307546615600586,2779600
2022-11-28,19.950000762939453,19.705036163330078,4054800
2022-11-29,19.655000686645508,19.413660049438477,4890400
2022-11-30,21.450000762939453,21.18661880493164,14528800
2022-12-01,21.489999771118164,21.22612762451172,7831000
2022-12-02,21.31999969482422,21.058212280273438,7703600
2022-12-05,20.579999923706055,20.327301025390625,6606600
2022-12-06,19.729999542236328,19.48773956298828,9560400
2022-12-07,19.559999465942383,19.319826126098633,11128600
2022-12-08,20.03499984741211,19.78899383544922,5958600
2022-12-09,19.774999618530273,19.532188415527344,7095400
2022-12-12,20.2549991607666,20.006288528442383,5270200
2022-12-13,20.69499969482422,20.440887451171875,16672200
2022-12-14,20.375,20.124814987182617,12088200
2022-12-15,19.0049991607666,18.771636962890625,13833200
2022-12-16,18.6299991607666,18.4012451171875,20766800
2022-12-19,18.125,17.90244483947754,7875200
2022-12-20,18.075000762939453,17.853057861328125,8547800
2022-12-21,18.604999542236328,18.376548767089844,7561800
2022-12-22,17.6299991607666,17.464679718017578,12134000
2022-12-23,17.71500015258789,17.548885345458984,7979600
2022-12-27,17.18000030517578,17.018905639648438,7173200
2022-12-28,16.725000381469727,16.56816864013672,7322000
2022-12-29,17.53499984741211,17.370569229125977,7830200
2022-12-30,17.520000457763672,17.355716705322266,6488200
2023-01-03,17.274999618530273,17.113014221191406,10744400
2023-01-04,17.440000534057617,17.276464462280273,10703200
2023-01-05,16.8700008392334,16.711811065673828,8770800
2023-01-06,17.799999237060547,17.633089065551758,9068400
2023-01-09,18.03499984741211,17.86588478088379,10445600
2023-01-10,18.34000015258789,18.168025970458984,7259400
2023-01-11,18.959999084472656,18.782207489013672,6547600
2023-01-12,19.139999389648438,18.960525512695312,13126400
2023-01-13,19.405000686645508,19.223039627075195,7118200
2023-01-17,19.469999313354492,19.287429809570312,5573000
2023-01-18,18.969999313354492,18.792116165161133,7323400
2023-01-19,18.59000015258789,18.415679931640625,8381800
2023-01-20,19.6299991607666,19.445926666259766,6992200
2023-01-23,20.489999771118164,20.29786491394043,15408800
2023-01-24,20.395000457763672,20.203752517700195,11212400
2023-01-25,20.28499984741211,20.094783782958984,12435200
2023-01-26,21.06999969482422,20.872425079345703,9152400
2023-01-27,21.485000610351562,21.28353500366211,11035400
2023-01-30,20.600000381469727,20.40683364868164,9410800
2023-01-31,21.235000610351562,21.03588104248047,10618800
2023-02-01,22.155000686645508,21.94725227355957,16668600
2023-02-02,23.71500015258789,23.492624282836914,15147200
2023-02-03,22.860000610351562,22.645641326904297,17743200
2023-02-06,22.479999542236328,22.26920509338379,13271600
2023-02-07,23.415000915527344,23.1954402923584,17696600
2023-02-08,22.559999465942383,22.34845542907715,8346000
2023-02-09,22.145000457763672,21.93734359741211,9880600
2023-02-10,21.864999771118164,21.65997314453125,9519400
2023-02-13,22.56999969482422,22.35835838317871,7921400
2023-02-14,22.875,22.66050148010254,12703800
2023-02-15,23.2450008392334,23.02703094482422,9261400
2023-02-16,22.334999084472656,22.12556266784668,11092600
2023-02-17,22.014999389648438,21.808565139770508,7646400
2023-02-21,20.969999313354492,20.773359298706055,7102800
2023-02-22,21.0,20.803083419799805,9557600
2023-02-23,21.364999771118164,21.164661407470703,12213600
2023-02-24,20.6299991607666,20.436552047729492,12301000
2023-02-27,20.934999465942383,20.738689422607422,8575200
2023-02-28,20.864999771118164,20.669347763061523,6760600
2023-03-01,20.530000686645508,20.337491989135742,8565200
2023-03-02,20.8799991607666,20.684206008911133,8872200
2023-03-03,21.729999542236328,21.5262393951416,9703800
2023-03-06,21.760000228881836,21.55595588684082,8407200
2023-03-07,21.225000381469727,21.025972366333008,10278000
2023-03-08,21.44499969482422,21.243907928466797,8041200
2023-03-09,20.65999984741211,20.466272354125977,10255800
2023-03-10,20.084999084472656,19.89666175842285,30820800
2023-03-13,20.389999389648438,20.19880485534668,30307800
2023-03-14,21.329999923706055,21.129987716674805,13031000
2023-03-15,21.540000915527344,21.3380184173584,18626200
2023-03-16,22.665000915527344,22.452470779418945,16590200
2023-03-17,22.440000534057617,22.229581832885742,12643400
2023-03-20,22.604999542236328,22.393033981323242,8176800
2023-03-21,23.235000610351562,23.017122268676758,7240800
2023-03-22,22.600000381469727,22.38808250427246,24747800
2023-03-23,23.149999618530273,22.93292236328125,12797200
2023-03-24,23.30500030517578,23.086469650268555,7752000
2023-03-27,22.969999313354492,22.754610061645508,6827600
2023-03-28,22.739999771118164,22.52676773071289,7862200
2023-03-29,23.575000762939453,23.353940963745117,6727800
2023-03-30,23.989999771118164,23.765043258666992,8303200
2023-03-31,24.78499984741211,24.55259132385254,7233800
2023-04-03,24.65999984741211,24.428762435913086,8188000
2023-04-04,24.4950008392334,24.265308380126953,6524000
2023-04-05,23.985000610351562,23.76009178161621,8331400
2023-04-06,24.329999923706055,24.101858139038086,8803400
2023-04-10,24.274999618530273,24.047372817993164,6597000
2023-04-11,23.96500015258789,23.740278244018555,5338600
2023-04-12,23.530000686645508,23.30936050415039,8870200
2023-04-13,24.450000762939453,24.220733642578125,7159200
2023-04-14,24.344999313354492,24.116718292236328,6523200
2023-04-17,24.3700008392334,24.141483306884766,6663400
2023-04-18,24.385000228881836,24.156343460083008,6720600
2023-04-19,24.354999542236328,24.126619338989258,7118600
2023-04-20,23.979999542236328,23.75514030456543,10049200
2023-04-21,24.010000228881836,23.78485870361328,8053600
2023-04-24,23.905000686645508,23.68084144592285,5432200
2023-04-25,23.010000228881836,22.794235229492188,10007200
2023-04-26,23.270000457763672,23.051799774169922,7649800
2023-04-27,24.53499984741211,24.3049373626709,13067400
2023-04-28,24.8700008392334,24.636795043945312,7154800
2023-05-01,24.80500030517578,24.572404861450195,6884000
2023-05-02,24.360000610351562,24.131576538085938,7979400
2023-05-03,24.059999465942383,23.834392547607422,10127800
2023-05-04,23.875,23.651123046875,7362000
2023-05-05,24.875,24.641746520996094,6692400
2023-05-08,24.989999771118164,24.755666732788086,5566600
2023-05-09,24.674999237060547,24.443620681762695,5099200
2023-05-10,25.209999084472656,24.973602294921875,9513800
2023-05-11,25.360000610351562,25.12220001220703,7098400
2023-05-12,25.174999237060547,24.938932418823242,7470200
2023-05-15,25.44499969482422,25.206401824951172,7146600
2023-05-16,25.489999771118164,25.2509765625,5980600
2023-05-17,26.114999771118164,25.870121002197266,7689400
2023-05-18,27.05500030517578,26.801305770874023,10012800
2023-05-19,26.934999465942383,26.682430267333984,7781200
2023-05-22,27.094999313354492,26.840930938720703,6917800
2023-05-23,26.415000915527344,26.167308807373047,5407400
2023-05-24,26.135000228881836,25.889930725097656,7873200
2023-05-25,27.389999389648438,27.13316535949707,9238800
2023-05-26,28.795000076293945,28.524988174438477,9572800
2023-05-30,29.040000915527344,28.76769256591797,9288400
2023-05-31,28.65999984741211,28.391252517700195,8536000
2023-06-01,29.3700008392334,29.0945987701416,6621400
2023-06-02,29.799999237060547,29.52056312561035,8838800
2023-06-05,29.834999084472656,29.555234909057617,6077000
2023-06-06,29.825000762939453,29.545330047607422,5470200
2023-06-07,28.799999237060547,28.529939651489258,8243600
2023-06-08,29.4950008392334,29.21842384338379,6031800
2023-06-09,29.709999084472656,29.431407928466797,8509600
2023-06-12,30.725000381469727,30.4368896484375,5299600
2023-06-13,31.174999237060547,30.882671356201172,6533600
2023-06-14,31.6299991607666,31.333404541015625,9163200
2023-06-15,32.36000061035156,32.05656433105469,12554400
2023-06-16,31.940000534057617,31.6404972076416,6792600
2023-06-20,31.864999771118164,31.566200256347656,5751400
2023-06-21,30.9950008392334,30.704360961914062,6789600
2023-06-22,31.709999084472656,31.412656784057617,4765800
2023-06-23,31.06999969482422,30.778656005859375,5761000
2023-06-26,30.235000610351562,29.951486587524414,6571600
2023-06-27,31.264999389648438,30.971824645996094,10757200
2023-06-28,31.3700008392334,31.07584571838379,9968600
2023-06-29,31.229999542236328,30.93715476989746,6941800
2023-06-30,32.189998626708984,31.88814926147461,6290800
2023-07-03,32.345001220703125,32.04170608520508,3440600
2023-07-05,32.31999969482422,32.01693344116211,4058000
2023-07-06,31.81999969482422,31.521621704101562,7080200
2023-07-07,31.59000015258789,31.293781280517578,7112200
2023-07-10,31.6299991607666,31.333404541015625,9980800
2023-07-11,31.920000076293945,31.62068748474121,10915800
2023-07-12,32.72999954223633,32.42308807373047,11074400
2023-07-13,33.80500030517578,33.488014221191406,6168000
2023-07-14,33.790000915527344,33.4731559753418,7406600
2023-07-17,34.404998779296875,34.08237838745117,9326800
2023-07-18,34.97999954223633,34.65199279785156,12493000
2023-07-19,34.88999938964844,34.562835693359375,9836000
2023-07-20,33.310001373291016,32.99765396118164,10129200
2023-07-21,33.10499954223633,32.79457473754883,8124000
2023-07-24,33.209999084472656,32.89859390258789,10284000
2023-07-25,33.66999816894531,33.354278564453125,10330600
2023-07-26,33.435001373291016,33.12147521972656,6982200
2023-07-27,33.25,32.9382209777832,16236400
2023-07-28,34.45500183105469,34.131919860839844,8282600
2023-07-31,34.51499938964844,34.19136047363281,5744800
2023-08-01,34.31999969482422,33.9981803894043,5208800
2023-08-02,32.79999923706055,32.492427825927734,13333800
2023-08-03,32.68000030517578,32.37355422973633,7784200
2023-08-04,32.3650016784668,32.0615119934082,14143000
2023-08-07,32.915000915527344,32.606361389160156,6114800
2023-08-08,32.34000015258789,32.0367431640625,10888600
2023-08-09,31.6200008392334,31.32349967956543,7037800
2023-08-10,31.725000381469727,31.427513122558594,13651800
2023-08-11,31.309999465942383,31.016407012939453,8892800
2023-08-14,32.02000045776367,31.719743728637695,5633400
2023-08-15,31.325000762939453,31.031265258789062,5414800
2023-08-16,30.645000457763672,30.357643127441406,6374000
2023-08-17,29.959999084472656,29.67906379699707,9601400
2023-08-18,29.8799991607666,29.599815368652344,7514600
2023-08-21,30.850000381469727,30.560718536376953,8257000
2023-08-22,30.7549991607666,30.46660614013672,7614000
2023-08-23,31.71500015258789,31.417604446411133,8116200
2023-08-24,30.31999969482422,30.035690307617188,10530400
2023-08-25,30.815000534057617,30.526046752929688,14986600
2023-08-28,31.280000686645508,30.9866886138916,5851200
2023-08-29,32.619998931884766,32.314117431640625,8184000
2023-08-30,32.97999954223633,32.67074203491211,7393400
2023-08-31,33.13999938964844,32.82923889160156,5388000
2023-09-01,33.095001220703125,32.78466796875,5922400
2023-09-05,33.154998779296875,32.84410095214844,4413600
2023-09-06,32.56999969482422,32.26458740234375,6877200
2023-09-07,32.08000183105469,31.77918243408203,6219600
2023-09-08,32.154998779296875,31.853477478027344,6527200
2023-09-11,32.915000915527344,32.606361389160156,7382200
2023-09-12,32.185001373291016,31.883203506469727,7969800
2023-09-13,32.41999816894531,32.11599349975586,7316200
2023-09-14,32.935001373291016,32.62617111206055,7829400
2023-09-15,31.780000686645508,31.481998443603516,10794000
2023-09-18,31.860000610351562,31.561248779296875,5146600
2023-09-19,31.719999313354492,31.422563552856445,6375200
2023-09-20,30.799999237060547,30.596071243286133,10784400
2023-09-21,29.635000228881836,29.438785552978516,8599200
2023-09-22,29.65999984741211,29.4636173248291,7559200
2023-09-25,29.924999237060547,29.72686004638672,5793000
2023-09-26,29.014999389648438,28.82288932800293,6881200
2023-09-27,29.170000076293945,28.976863861083984,9552000
2023-09-28,29.6299991607666,29.43381690979004,9031600
2023-09-29,29.674999237060547,29.4785213470459,11351800
2023-10-02,30.149999618530273,29.95037269592285,9423200
2023-10-03,29.084999084472656,28.892423629760742,10531000
2023-10-04,29.8700008392334,29.672231674194336,10016800
2023-10-05,29.674999237060547,29.4785213470459,6617000
2023-10-06,30.655000686645508,30.452030181884766,10872000
2023-10-09,30.975000381469727,30.769912719726562,6528800
2023-10-10,31.295000076293945,31.087791442871094,7793000
2023-10-11,31.75,31.53978157043457,6928000
2023-10-12,31.4950008392334,31.286468505859375,10319000
2023-10-13,30.71500015258789,30.511632919311523,9706000
2023-10-16,31.420000076293945,31.21196746826172,6193400
2023-10-17,31.204999923706055,30.998390197753906,8118200
2023-10-18,30.325000762939453,30.124216079711914,9828200
2023-10-19,29.780000686645508,29.582826614379883,16464600
2023-10-20,28.895000457763672,28.70368194580078,11697200
2023-10-23,29.049999237060547,28.85765838623047,36769400
2023-10-24,29.6299991607666,29.43381690979004,8863400
2023-10-25,28.15999984741211,27.973548889160156,12723400
2023-10-26,27.075000762939453,26.895732879638672,17080400
2023-10-27,27.334999084472656,27.154010772705078,14958000
2023-10-30,27.924999237060547,27.7401065826416,15122600
2023-10-31,28.209999084472656,28.02322006225586,8014600
2023-11-01,29.190000534057617,28.99673080444336,13525000
2023-11-02,30.225000381469727,30.024879455566406,13622200
2023-11-03,30.924999237060547,30.720239639282227,8676600
2023-11-06,31.165000915527344,30.958654403686523,7315800
2023-11-07,31.7450008392334,31.534812927246094,7065600
2023-11-08,31.795000076293945,31.58448600769043,6037400
2023-11-09,31.290000915527344,31.082826614379883,9564600
2023-11-10,32.65999984741211,32.443756103515625,15628400
2023-11-13,32.46500015258789,32.25004577636719,7899600
2023-11-14,33.849998474121094,33.62586975097656,11581600
2023-11-15,33.89500045776367,33.67057800292969,8840200
2023-11-16,33.95500183105469,33.73018264770508,8899800
2023-11-17,33.95000076293945,33.72521209716797,5736400
2023-11-20,34.779998779296875,34.54971694946289,11375000
2023-11-21,34.334999084472656,34.107666015625,8832800
2023-11-22,34.630001068115234,34.40071487426758,11136200
2023-11-24,34.5099983215332,34.2815055847168,2595000
2023-11-27,34.45000076293945,34.22190856933594,4448200
2023-11-28,34.619998931884766,34.39077377319336,6934600
2023-11-29,34.540000915527344,34.31131362915039,9940200
2023-11-30,34.35499954223633,34.12753677368164,7866800
2023-12-01,34.55500030517578,34.326210021972656,7126600
2023-12-04,33.88999938964844,33.66560745239258,8523400
2023-12-05,34.05500030517578,33.82952117919922,7302000
2023-12-06,33.65999984741211,33.437137603759766,5998600
2023-12-07,34.60499954223633,34.375877380371094,5838800
2023-12-08,34.875,34.64409637451172,8000800
2023-12-11,35.474998474121094,35.2401237487793,5527600
2023-12-12,36.040000915527344,35.8013801574707,5436000
2023-12-13,36.939998626708984,36.69541549682617,7928800
2023-12-14,36.86000061035156,36.61594772338867,8718600
2023-12-15,37.130001068115234,36.884159088134766,8727400
2023-12-18,37.66999816894531,37.42057800292969,6906800
2023-12-19,38.040000915527344,37.78813552856445,5965200
2023-12-20,36.85499954223633,36.648555755615234,8167600
2023-12-21,37.709999084472656,37.4987678527832,6424600
2023-12-22,37.814998626708984,37.603179931640625,7050000
2023-12-26,38.255001068115234,38.04071044921875,3625600
2023-12-27,38.400001525878906,38.18490219116211,4740400
2023-12-28,38.33000183105469,38.115291595458984,3925600
2023-12-29,38.0,37.78714370727539,7528400
2024-01-02,36.720001220703125,36.514305114746094,9588000
2024-01-03,35.935001373291016,35.73371505737305,9925800
2024-01-04,35.540000915527344,35.340919494628906,6966000
2024-01-05,35.630001068115234,35.430416107177734,7603600
2024-01-08,37.09000015258789,36.88223648071289,7127000
2024-01-09,37.23500061035156,37.02642059326172,5750000
2024-01-10,37.720001220703125,37.50871276855469,5419400
2024-01-11,37.84000015258789,37.62804412841797,7780200
2024-01-12,37.88999938964844,37.677757263183594,6328000
2024-01-16,37.875,37.662837982177734,7434200
2024-01-17,37.43000030517578,37.22032928466797,9561000
2024-01-18,38.5,38.284339904785156,9237000
2024-01-19,39.994998931884766,39.77096176147461,10636800
2024-01-22,40.095001220703125,39.870399475097656,8290600
2024-01-23,40.415000915527344,40.18861389160156,5471600
2024-01-24,40.845001220703125,40.61620330810547,11427600
2024-01-25,40.92499923706055,40.69575500488281,8001600
2024-01-26,40.42499923706055,40.19855499267578,7150800
2024-01-29,41.26499938964844,41.03384780883789,6252800
2024-01-30,40.689998626708984,40.46207046508789,5167600
2024-01-31,39.099998474121094,38.8809814453125,14639800
2024-02-01,40.029998779296875,39.80577087402344,9338600
2024-02-02,41.369998931884766,41.13826370239258,10507400
2024-02-05,41.220001220703125,40.98910140991211,6399200
2024-02-06,41.06999969482422,40.839942932128906,6142200
2024-02-07,41.89500045776367,41.66032409667969,5831400
2024-02-08,42.029998779296875,41.7945671081543,4085600
2024-02-09,42.84000015258789,42.600032806396484,5793600
2024-02-12,42.4900016784668,42.251991271972656,5187200
2024-02-13,41.154998779296875,40.924461364746094,11005000
2024-02-14,42.060001373291016,41.824398040771484,7728000
2024-02-15,42.27000045776367,42.03321838378906,7730000
2024-02-16,41.505001068115234,41.27250671386719,7759600
2024-02-20,40.869998931884766,40.64105987548828,8186200
2024-02-21,40.529998779296875,40.3029670715332,7356600
2024-02-22,42.89500045776367,42.654720306396484,8965600
2024-02-23,42.619998931884766,42.38125991821289,7262400
2024-02-26,42.56999969482422,42.33153533935547,5209000
2024-02-27,42.775001525878906,42.53539276123047,4686000
2024-02-28,42.290000915527344,42.0531120300293,3813000
2024-02-29,43.02000045776367,42.779022216796875,6100000
2024-03-01,44.30500030517578,44.05681610107422,6217600
2024-03-04,43.94499969482422,43.6988410949707,6141600
2024-03-05,42.380001068115234,42.14260482788086,8465800
2024-03-06,42.900001525878906,42.65969467163086,6384400
2024-03-07,44.189998626708984,43.942466735839844,6978400
2024-03-08,42.880001068115234,42.639808654785156,10652400
2024-03-11,42.55500030517578,42.316627502441406,8074800
2024-03-12,43.790000915527344,43.54471206665039,7163200
2024-03-13,43.08000183105469,42.83869171142578,4144400
2024-03-14,42.85499954223633,42.61494064331055,7269800
2024-03-15,41.81999969482422,41.58574676513672,6586800
2024-03-18,42.61000061035156,42.371315002441406,5561400
2024-03-19,42.810001373291016,42.570194244384766,4733800
2024-03-20,43.79999923706055,43.582645416259766,9219800
2024-03-21,44.18000030517578,43.960758209228516,6303000
2024-03-22,44.255001068115234,44.03538513183594,5832000
2024-03-25,43.94499969482422,43.7269287109375,4242400
2024-03-26,43.65999984741211,43.44334030151367,5007600
2024-03-27,43.95000076293945,43.73190689086914,6829600
2024-03-28,43.7400016784668,43.52294921875,5932000
2024-04-01,43.94499969482422,43.7269287109375,5497800
2024-04-02,43.165000915527344,42.95079803466797,5965400
2024-04-03,43.334999084472656,43.119956970214844,5091600
2024-04-04,41.98500061035156,41.77665328979492,9408600
2024-04-05,42.98500061035156,42.771690368652344,9035800
2024-04-08,43.0099983215332,42.79656982421875,5717400
2024-04-09,43.310001373291016,43.09507751464844,7480000
2024-04-10,42.52000045776367,42.308998107910156,9474200
2024-04-11,43.89500045776367,43.67717742919922,6481000
2024-04-12,42.474998474121094,42.264225006103516,9770200
2024-04-15,41.060001373291016,40.85624313354492,20375400
2024-04-16,41.060001373291016,40.85624313354492,8559200
2024-04-17,40.05500030517578,39.85623550415039,8073600
2024-04-18,39.564998626708984,39.3686637878418,7749600
2024-04-19,37.939998626708984,37.75172424316406,11067200
2024-04-22,38.685001373291016,38.49303436279297,8090000
2024-04-23,39.845001220703125,39.64727783203125,6423000
2024-04-24,40.10499954223633,39.90597915649414,6341800
2024-04-25,39.68000030517578,39.48309326171875,7856200
2024-04-26,40.915000915527344,40.71196365356445,16079800
2024-04-29,41.22999954223633,41.025394439697266,5073000
2024-04-30,39.65999984741211,39.46319580078125,5158400
2024-05-01,39.07500076293945,38.8810920715332,11989600
2024-05-02,40.060001373291016,39.861202239990234,5431600
2024-05-03,41.65999984741211,41.45326232910156,5837800
2024-05-06,42.59000015258789,42.3786506652832,4026800
2024-05-07,42.56999969482422,42.35874557495117,3822800
2024-05-08,42.525001525878906,42.3139762878418,2550200
2024-05-09,42.68000030517578,42.468204498291016,2669000
2024-05-10,42.8849983215332,42.672183990478516,4574000
2024-05-13,43.07500076293945,42.861244201660156,3147400
2024-05-14,43.61000061035156,43.393592834472656,5012600
2024-05-15,44.95000076293945,44.7269401550293,6462600
2024-05-16,44.76499938964844,44.54286193847656,4388000
2024-05-17,44.720001220703125,44.49808883666992,4363200
2024-05-20,45.33000183105469,45.10505676269531,3577200
2024-05-21,45.48500061035156,45.259281158447266,2838200
2024-05-22,45.470001220703125,45.24436569213867,4075200
2024-05-23,45.029998779296875,44.806541442871094,7033400
2024-05-24,45.880001068115234,45.65232849121094,4924400
2024-05-28,46.20500183105469,45.97571563720703,3476600
2024-05-29,45.55500030517578,45.32893753051758,3680200
2024-05-30,44.560001373291016,44.3388786315918,3318000
2024-05-31,44.560001373291016,44.3388786315918,5934000
2024-06-03,44.845001220703125,44.62246322631836,4175800
2024-06-04,45.06999969482422,44.84634780883789,3824000
2024-06-05,46.88999938964844,46.657310485839844,4699200
2024-06-06,46.849998474121094,46.61750793457031,3274600
2024-06-07,46.7400016784668,46.508060455322266,3349000
2024-06-10,47.11000061035156,46.876224517822266,2651800
2024-06-11,47.73500061035156,47.49812316894531,3227800
2024-06-12,48.9900016784668,48.74689865112305,4820800
2024-06-13,49.494998931884766,49.249385833740234,3417800
2024-06-14,49.98500061035156,49.73695755004883,3886600
2024-06-17,51.20000076293945,50.945926666259766,4282400
2024-06-18,51.21500015258789,50.960853576660156,4113800
2024-06-20,50.400001525878906,50.14989471435547,5670000
2024-06-21,50.099998474121094,49.851383209228516,3283200
2024-06-24,48.974998474121094,48.731964111328125,4279200
2024-06-25,50.09000015258789,49.84143829345703,3653400
2024-06-26,50.2400016784668,50.043643951416016,2900400
2024-06-27,50.470001220703125,50.272743225097656,3387600
2024-06-28,49.904998779296875,49.70995330810547,6420200
2024-07-01,50.51499938964844,50.317569732666016,4247800
2024-07-02,51.560001373291016,51.358482360839844,4374400
2024-07-03,52.39500045776367,52.190223693847656,3810600
2024-07-05,53.459999084472656,53.25105667114258,5120400
2024-07-08,53.724998474121094,53.515010833740234,4022000
2024-07-09,53.779998779296875,53.569801330566406,3915600
2024-07-10,54.915000915527344,54.70036697387695,4492400
2024-07-11,52.470001220703125,52.264923095703125,11170200
2024-07-12,53.064998626708984,52.85759735107422,6546000
2024-07-15,53.36000061035156,53.15144729614258,5799400
2024-07-16,53.38999938964844,53.18132781982422,4686000
2024-07-17,50.244998931884766,50.04861831665039,8610600
2024-07-18,49.75,49.5555534362793,6969000
2024-07-19,48.845001220703125,48.65409469604492,7341400
2024-07-22,50.275001525878906,50.07850646972656,5351000
2024-07-23,49.93000030517578,49.7348518371582,3006000
2024-07-24,46.31999969482422,46.13896560668945,8864800
2024-07-25,45.30500030517578,45.1279296875,10057400
2024-07-26,46.220001220703125,46.03935241699219,5543200
2024-07-29,46.36000061035156,46.17880630493164,4943200
2024-07-30,45.08000183105469,44.90380859375,7852200
2024-07-31,47.755001068115234,47.568355560302734,8010600
2024-08-01,45.44499969482422,45.26738357543945,10456200
2024-08-02,43.25,43.080963134765625,23179600
2024-08-05,40.744998931884766,40.58574676513672,13239600
2024-08-06,41.45000076293945,41.28799819946289,9835400
2024-08-07,40.529998779296875,40.37158966064453,10463400
2024-08-08,43.02000045776367,42.85186004638672,9644800
2024-08-09,43.45500183105469,43.285160064697266,5869400
2024-08-12,43.6150016784668,43.44453811645508,5364200
2024-08-13,45.76499938964844,45.58612823486328,5930200
2024-08-14,45.79999923706055,45.620994567871094,5412800
2024-08-15,48.09000015258789,47.90204620361328,5241000
2024-08-16,48.17499923706055,47.98670959472656,5839400
2024-08-19,49.439998626708984,49.24676513671875,5369000
2024-08-20,49.220001220703125,49.02762985229492,10537400
2024-08-21,49.69499969482422,49.500762939453125,4822600
2024-08-22,48.08000183105469,47.89208221435547,6161400
2024-08-23,49.1150016784668,48.92304229736328,6503200
2024-08-26,48.14500045776367,47.95682907104492,4811000
2024-08-27,48.43000030517578,48.24071502685547,5530400
2024-08-28,47.310001373291016,47.12509536743164,14859200
2024-08-29,47.165000915527344,46.98065948486328,8166400
2024-08-30,48.275001525878906,48.08632278442383,3913800
2024-09-03,45.310001373291016,45.132911682128906,8750200
2024-09-04,45.06999969482422,44.89385223388672,6797600
2024-09-05,45.15999984741211,44.98350143432617,6771600
2024-09-06,42.720001220703125,42.553035736083984,7841000
2024-09-09,43.790000915527344,43.61885452270508,4455400
2024-09-10,44.584999084472656,44.41073989868164,4513400
2024-09-11,46.48500061035156,46.30331802368164,21973600
2024-09-12,47.435001373291016,47.249603271484375,6297600
2024-09-13,47.814998626708984,47.628116607666016,5788400
2024-09-16,47.380001068115234,47.19481658935547,4989400
2024-09-17,47.43000030517578,47.24462127685547,5042400
2024-09-18,46.98500061035156,46.80136489868164,9610800
2024-09-19,49.3849983215332,49.19198226928711,7565600
2024-09-20,49.15999984741211,48.967857360839844,4389000
2024-09-23,49.41999816894531,49.226837158203125,3702200
2024-09-24,49.88999938964844,49.69500732421875,6006600
2024-09-25,49.98500061035156,49.81509780883789,3107800
2024-09-26,50.69499969482422,50.522682189941406,5234800
2024-09-27,50.099998474121094,49.92970657348633,4736400
2024-09-30,50.349998474121094,50.17885971069336,6042400
2024-10-01,48.92499923706055,48.758697509765625,7386000
2024-10-02,49.09000015258789,48.92313766479492,3421400
2024-10-03,49.0099983215332,48.84340286254883,5250000
2024-10-04,50.17499923706055,50.00444793701172,6669600
2024-10-07,49.04499816894531,48.878292083740234,4444200
2024-10-08,50.5099983215332,50.338314056396484,3400000
2024-10-09,51.29499816894531,51.12063980102539,4126400
2024-10-10,51.185001373291016,51.011016845703125,4275200
2024-10-11,51.290000915527344,51.115665435791016,4889400
2024-10-14,52.150001525878906,51.97274398803711,9945800
2024-10-15,50.75,50.57749938964844,10941800
2024-10-16,50.76499938964844,50.59244155883789,9462600
2024-10-17,50.845001220703125,50.672176361083984,3931800
2024-10-18,51.46500015258789,51.290069580078125,2761800
2024-10-21,51.65999984741211,51.48440933227539,4592800
2024-10-22,51.7599983215332,51.58406448364258,3890600
2024-10-23,50.15999984741211,49.989501953125,4582600
2024-10-24,50.96500015258789,50.79176712036133,3311600
2024-10-25,51.54999923706055,51.37477111816406,6929000
2024-10-28,51.56999969482422,51.39470672607422,3535600
2024-10-29,52.54499816894531,52.36639404296875,4629000
2024-10-30,51.75,51.574100494384766,4261200
2024-10-31,49.13999938964844,48.972965240478516,8799200
2024-11-01,49.82500076293945,49.655643463134766,5359200
2024-11-04,49.51499938964844,49.3466911315918,4660600
2024-11-05,50.779998779296875,50.60739517211914,4177600
2024-11-06,53.540000915527344,53.35801315307617,9537200
2024-11-07,55.224998474121094,55.03728485107422,5141600
2024-11-08,55.29999923706055,55.11203384399414,3458600
2024-11-11,55.22999954223633,55.04227066040039,5074800
2024-11-12,55.03499984741211,54.847930908203125,4291400
2024-11-13,54.880001068115234,54.69346237182617,3293600
2024-11-14,54.09000015258789,53.90614318847656,3939000
2024-11-15,51.474998474121094,51.30002975463867,7093800
2024-11-18,52.209999084472656,52.032535552978516,4297800
2024-11-19,52.904998779296875,52.72517395019531,4783200
2024-11-20,52.84000015258789,52.66039276123047,5953400
2024-11-21,53.224998474121094,53.04408645629883,5367000
2024-11-22,53.36000061035156,53.178627014160156,3869800
2024-11-25,53.525001525878906,53.34306716918945,4661800
2024-11-26,54.084999084472656,53.901161193847656,3162600
2024-11-27,53.224998474121094,53.04408645629883,3628200
2024-11-29,54.10499954223633,53.92109298706055,2598400
2024-12-02,55.28499984741211,55.09708023071289,5273000
2024-12-03,55.6349983215332,55.44588851928711,3279200
2024-12-04,56.9900016784668,56.796287536621094,4539200
2024-12-05,56.67499923706055,56.482357025146484,2433600
2024-12-06,57.665000915527344,57.468994140625,4528000
2024-12-09,56.7400016784668,56.54713821411133,4050400
2024-12-10,56.32500076293945,56.133548736572266,4187600
2024-12-11,58.35499954223633,58.156646728515625,3927200
2024-12-12,57.59000015258789,57.39424133300781,3539800
2024-12-13,58.439998626708984,58.24135971069336,3579000
2024-12-16,60.125,59.920631408691406,4078600
2024-12-17,59.59000015258789,59.387447357177734,4227000
2024-12-18,55.290000915527344,55.10206604003906,9103000
2024-12-19,54.755001068115234,54.56888198852539,9644600
2024-12-20,55.724998474121094,55.535587310791016,9987600
2024-12-23,56.7400016784668,56.57810592651367,4810400
2024-12-24,58.27000045776367,58.10374069213867,2841800
2024-12-26,58.165000915527344,57.99903869628906,3195600
2024-12-27,56.58000183105469,56.41856384277344,6193600
2024-12-30,55.064998626708984,54.90788269042969,6596400
2024-12-31,54.119998931884766,53.965576171875,6637600
2025-01-02,53.880001068115234,53.72626495361328,8256800
2025-01-03,55.63999938964844,55.48124313354492,6843400
2025-01-06,56.904998779296875,56.74263000488281,5248000
2025-01-07,54.85499954223633,54.698486328125,6579800
2025-01-08,54.8650016784668,54.708457946777344,6203000
2025-01-10,53.1150016784668,52.96344757080078,24778400
2025-01-13,52.78499984741211,52.6343879699707,4882000
2025-01-14,52.65999984741211,52.50975036621094,5988800
2025-01-15,55.040000915527344,54.882957458496094,6318000
2025-01-16,54.30500030517578,54.150054931640625,4321600
2025-01-17,56.095001220703125,55.9349479675293,5983600
2025-01-21,56.70000076293945,56.5382194519043,6641400
2025-01-22,58.18000030517578,58.01399612426758,20804400
2025-01-23,58.435001373291016,58.26826858520508,4767200
2025-01-24,57.744998931884766,57.58023452758789,4596000
2025-01-27,54.33000183105469,54.174983978271484,12186000
2025-01-28,55.96500015258789,55.80531311035156,5140200
2025-01-29,55.7400016784668,55.580963134765625,3849000
2025-01-30,56.20500183105469,56.04463195800781,5598400
2025-01-31,56.005001068115234,55.84519958496094,5608600
2025-02-03,55.1150016784668,54.95774459838867,6997800
2025-02-04,56.459999084472656,56.29890441894531,3644400
2025-02-05,56.95500183105469,56.7924919128418,3631400
2025-02-06,57.529998779296875,57.365848541259766,3693400
2025-02-07,56.07500076293945,55.91500473022461,4503400
2025-02-10,57.39500045776367,57.23124313354492,2721000
2025-02-11,57.125,56.96200180053711,2220400
2025-02-12,57.189998626708984,57.026824951171875,4213400
2025-02-13,58.81999969482422,58.65216827392578,5266000
2025-02-14,59.27000045776367,59.100887298583984,6285600
2025-02-18,59.529998779296875,59.360145568847656,6538600
2025-02-19,59.560001373291016,59.390052795410156,2730400
2025-02-20,59.029998779296875,58.861572265625,4167600
2025-02-21,56.56999969482422,56.408592224121094,5246200
2025-02-24,55.20500183105469,55.0474853515625,6613400
2025-02-25,53.80500030517578,53.6514778137207,7208600
2025-02-26,54.04999923706055,53.895782470703125,5547000
2025-02-27,51.06999969482422,50.92428207397461,20766000
2025-02-28,52.64500045776367,52.494789123535156,9041600
2025-03-03,50.39500045776367,50.2512092590332,9457800
2025-03-04,50.025001525878906,49.88226318359375,12562400
2025-03-05,51.334999084472656,51.18852233886719,10075400
2025-03-06,48.5099983215332,48.37158966064453,7609000
2025-03-07,49.18000030517578,49.039676666259766,8447400
2025-03-10,45.45500183105469,45.3253059387207,9306200
2025-03-11,45.125,44.99625015258789,9621800
2025-03-12,46.165000915527344,46.03327941894531,7135000
2025-03-13,44.474998474121094,44.34810256958008,7399200
2025-03-14,46.595001220703125,46.46205520629883,6040400
2025-03-17,47.19499969482422,47.06033706665039,33021400
2025-03-18,45.599998474121094,45.469886779785156,5057800
2025-03-19,46.7599983215332,46.62657928466797,6574800
2025-03-20,46.45000076293945,46.317466735839844,5467000
2025-03-21,46.779998779296875,46.646522521972656,6196000
2025-03-24,48.75,48.610904693603516,6242600
2025-03-25,49.33000183105469,49.189247131347656,4001000
2025-03-26,47.505001068115234,47.3819465637207,6238600
2025-03-27,46.939998626708984,46.81840133666992,6267400
2025-03-28,44.470001220703125,44.35480499267578,8245800
2025-03-31,44.439998626708984,44.32488250732422,31218600
2025-04-01,45.1349983215332,45.0180778503418,9454400
2025-04-02,45.79499816894531,45.676368713378906,8060800
2025-04-03,40.900001525878906,40.79404830932617,10364800
2025-04-04,35.904998779296875,35.811988830566406,21589800
2025-04-07,36.0099983215332,35.916717529296875,24840600
2025-04-08,34.66999816894531,34.5801887512207,23193200
2025-04-09,42.814998626708984,42.70408630371094,37896400
2025-04-10,39.314998626708984,39.21315383911133,17448400
2025-04-11,40.70500183105469,40.59955596923828,9625800
2025-04-14,41.27000045776367,41.16309356689453,11640800
2025-04-15,41.3650016784668,41.257850646972656,6603000
2025-04-16,38.880001068115234,38.7792854309082,16537400
2025-04-17,38.81999969482422,38.71943664550781,8891600
2025-04-21,36.91999816894531,36.82435989379883,9018800
2025-04-22,38.80500030517578,38.7044792175293,9504400
2025-04-23,40.529998779296875,40.42500686645508,11145200
2025-04-24,42.834999084472656,42.724037170410156,8749200
2025-04-25,43.779998779296875,43.66659164428711,6968200
2025-04-28,43.7599983215332,43.64664077758789,4880400
2025-04-29,44.29999923706055,44.185237884521484,4523200
2025-04-30,44.290000915527344,44.17526626586914,6723800
2025-05-01,45.375,45.2574577331543,22707800
2025-05-02,46.77000045776367,46.648841857910156,5397000
2025-05-05,46.220001220703125,46.10027313232422,3589600
2025-05-06,45.369998931884766,45.252464294433594,5648800
2025-05-07,45.709999084472656,45.59159469604492,9409200
2025-05-08,46.619998931884766,46.499229431152344,6169200
2025-05-09,46.540000915527344,46.41944122314453,4620200
2025-05-12,50.33000183105469,50.199623107910156,9100400
2025-05-13,51.845001220703125,51.710693359375,7795200
2025-05-14,52.46500015258789,52.32909393310547,6100800
2025-05-15,52.58000183105469,52.44379425048828,5064800
2025-05-16,53.029998779296875,52.89262771606445,5194200
2025-05-19,53.10499954223633,52.967437744140625,6118800
2025-05-20,52.724998474121094,52.588417053222656,4190800
2025-05-21,51.2599983215332,51.12721252441406,7939800
2025-05-22,51.45000076293945,51.31671905517578,4672800
2025-05-23,50.470001220703125,50.33926010131836,7199600
2025-05-27,52.814998626708984,52.678184509277344,4745400
2025-05-28,52.3650016784668,52.22935104370117,3210600
2025-05-29,52.55500030517578,52.41885757446289,4067400
2025-05-30,52.3650016784668,52.22935104370117,5291800
2025-06-02,53.16999816894531,53.03226089477539,3449800
2025-06-03,54.01499938964844,53.87508010864258,3973600
2025-06-04,54.29499816894531,54.154354095458984,3940400
2025-06-05,53.44499969482422,53.306549072265625,7350400
2025-06-06,54.474998474121094,54.33388137817383,4288600
2025-06-09,54.625,54.483497619628906,3214000
2025-06-10,55.35499954223633,55.211605072021484,4771600
2025-06-11,54.970001220703125,54.82760238647461,8108000
2025-06-12,55.220001220703125,55.076961517333984,5104200
2025-06-13,53.80500030517578,53.665618896484375,7400600
2025-06-16,55.28499984741211,55.14178466796875,5108000
2025-06-17,54.185001373291016,54.044639587402344,4457800
2025-06-18,54.15999984741211,54.01970291137695,4966400
2025-06-20,53.67499923706055,53.535953521728516,5328800
2025-06-23,54.79499816894531,54.653053283691406,6551600
2025-06-24,56.45500183105469,56.30876159667969,5531600
2025-06-25,56.665000915527344,56.58034896850586,5296800
2025-06-26,57.73500061035156,57.64875411987305,5577800
2025-06-27,58.1150016784668,58.02818298339844,6156000
2025-06-30,58.85499954223633,58.7670783996582,6690400
2025-07-01,57.83000183105469,57.74361038208008,6996800
2025-07-02,58.64500045776367,58.55738830566406,5045200
2025-07-03,59.744998931884766,59.6557502746582,4315000
2025-07-07,58.849998474121094,58.762081146240234,6357800
2025-07-08,58.89500045776367,58.8070182800293,3404600
2025-07-09,59.724998474121094,59.63577651977539,4030600
2025-07-10,59.53499984741211,59.44606018066406,3561200
2025-07-11,59.25,59.1614875793457,3797200
2025-07-14,59.654998779296875,59.565879821777344,3245800
2025-07-15,59.75,59.66073989868164,5046400
2025-07-16,59.880001068115234,59.79054641723633,5898400
2025-07-17,60.84000015258789,60.74911117553711,5011800
2025-07-18,60.685001373291016,60.59434509277344,6542200
2025-07-21,61.310001373291016,61.218406677246094,4801200
2025-07-22,60.665000915527344,60.574371337890625,7200800
2025-07-23,61.209999084472656,61.118560791015625,7623800
2025-07-24,61.47999954223633,61.38815689086914,5132600
2025-07-25,61.724998474121094,61.63279342651367,4364600
2025-07-28,62.1150016784668,62.02220916748047,4544200
2025-07-29,61.93000030517578,61.83749008178711,5170400
2025-07-30,62.07500076293945,61.98226547241211,5327400
2025-07-31,61.3849983215332,61.293296813964844,8180400
2025-08-01,58.935001373291016,58.84695816040039,9479800
2025-08-04,61.099998474121094,61.008724212646484,6182400
2025-08-05,60.255001068115234,60.16498947143555,4372200
2025-08-06,61.77000045776367,61.6777229309082,5789200
2025-08-07,62.185001373291016,62.092105865478516,6093400
2025-08-08,63.310001373291016,63.21542739868164,5211800
2025-08-11,62.900001525878906,62.80603790283203,6339000
2025-08-12,64.5,64.40364074707031,7203600
2025-08-13,64.55000305175781,64.45357513427734,5422200
2025-08-14,64.43499755859375,64.33873748779297,5745800
2025-08-15,63.83000183105469,63.73464584350586,5608600
2025-08-18,63.790000915527344,63.694705963134766,3912000
2025-08-19,62.040000915527344,61.947322845458984,6192400
2025-08-20,61.28499984741211,61.19344711303711,8544600
2025-08-21,60.724998474121094,60.63428497314453,4594800
2025-08-22,62.56999969482422,62.47652816772461,10276000
2025-08-25,62.19499969482422,62.10208511352539,4631400
2025-08-26,62.69499969482422,62.601341247558594,4834000
2025-08-27,62.869998931884766,62.77607727050781,7315600
2025-08-28,63.6349983215332,63.53993606567383,10720800
2025-08-29,62.11000061035156,62.017215728759766,7505400
2025-09-02,61.08000183105469,60.9887580871582,10894000
2025-09-03,62.0099983215332,61.917362213134766,9083400
2025-09-04,63.13999938964844,63.045677185058594,6589400
2025-09-05,63.279998779296875,63.185462951660156,7853800
2025-09-08,63.900001525878906,63.804542541503906,6027000
2025-09-09,64.24500274658203,64.14903259277344,6153600
2025-09-10,64.28500366210938,64.18896484375,7311200
2025-09-11,65.01499938964844,64.9178695678711,7643600
2025-09-12,65.57499694824219,65.4770278930664,6465400
2025-09-15,66.69000244140625,66.59037780761719,5914200
2025-09-16,66.54000091552734,66.44059753417969,4658000
2025-09-17,66.25499725341797,66.1560287475586,7769800
2025-09-18,67.4800033569336,67.37918853759766,4336200
2025-09-19,68.36000061035156,68.25787353515625,4208800
2025-09-22,69.15499877929688,69.05168914794922,5058400
2025-09-23,68.22000122070312,68.11808776855469,4513000
2025-09-24,67.7249984741211,67.64415740966797,5326600
2025-09-25,67.11499786376953,67.03488159179688,5032000
2025-09-26,67.65499877929688,67.5742416381836,3117400
2025-09-29,68.26000213623047,68.17852020263672,4276000
2025-09-30,68.5999984741211,68.51810455322266,3456600
2025-10-01,69.26000213623047,69.17733001708984,4213600
2025-10-02,69.81999969482422,69.73666381835938,3962800
2025-10-03,69.19000244140625,69.10741424560547,3938800
2025-10-06,70.23500061035156,70.15115356445312,3741600
2025-10-07,69.4800033569336,69.39706420898438,3275600
2025-10-08,71.05999755859375,70.97517395019531,2534200
2025-10-09,70.875,70.79039764404297,2289400
2025-10-10,65.90499877929688,65.82633209228516,9907600
2025-10-13,68.71499633789062,68.63297271728516,7482400
2025-10-14,67.80000305175781,67.71907806396484,8362200
2025-10-15,68.72000122070312,68.63796997070312,6604600
2025-10-16,68.20999908447266,68.12857818603516,8831200
2025-10-17,69.08000183105469,68.9975357055664,7761200
2025-10-20,70.80500030517578,70.7204818725586,4817000
2025-10-21,70.76499938964844,70.68052673339844,4708600
2025-10-22,69.36000061035156,69.27720642089844,7780600
2025-10-23,70.55000305175781,70.46578979492188,5162600
2025-10-24,71.98999786376953,71.90406799316406,7029000
2025-10-27,74.56999969482422,74.4809799194336,4927400
2025-10-28,75.69499969482422,75.60464477539062,5344800
2025-10-29,76.38500213623047,76.29381561279297,7443000
2025-10-30,74.0250015258789,73.93663024902344,7706000
2025-10-31,74.73999786376953,74.65078735351562,5028400
2025-11-03,75.41000366210938,75.31999206542969,4294200
2025-11-04,72.31999969482422,72.23367309570312,7876600
2025-11-05,73.2699966430664,73.18253326416016,5082000
2025-11-06,70.52999877929688,70.44580078125,7409600
2025-11-07,70.05500030517578,69.97137451171875,9751200
2025-11-10,73.125,73.03771209716797,6672200
2025-11-11,72.73500061035156,72.6481704711914,4370800
2025-11-12,72.61000061035156,72.52332305908203,5287600
2025-11-13,69.625,69.5418930053711,8550000
2025-11-14,69.69499969482422,69.61180877685547,9982000
2025-11-17,68.5,68.4182357788086,8383600
2025-11-18,66.83499908447266,66.75521850585938,9274400
2025-11-19,67.59500122070312,67.51431274414062,6362400
2025-11-20,64.41000366210938,64.33312225341797,7790000
2025-11-21,65.36000061035156,65.28197479248047,10246000
2025-11-24,68.7300033569336,68.64795684814453,6323800
2025-11-25,69.51000213623047,69.42703247070312,6988000
2025-11-26,70.73999786376953,70.65555572509766,5542200
2025-11-28,71.80999755859375,71.72428131103516,4196700
2025-12-01,71.3499984741211,71.26483154296875,3899600
2025-12-02,72.47000122070312,72.38349151611328,4059600
2025-12-03,72.79000091552734,72.70310974121094,3311300
2025-12-04,72.62000274658203,72.53331756591797,3357200
2025-12-05,73.22000122070312,73.13259887695312,3703900
2025-12-08,72.88999938964844,72.80299377441406,2875400
2025-12-09,73.0999984741211,73.01273345947266,2782400
2025-12-10,73.66000366210938,73.57207489013672,4132600
2025-12-11,73.18000030517578,73.09264373779297,5511400
2025-12-12,70.33999633789062,70.25603485107422,8015500
2025-12-15,69.62999725341797,69.54688262939453,5727600
2025-12-16,69.9000015258789,69.81656646728516,6377200
2025-12-17,67.27999877929688,67.1996841430664,9929200
2025-12-18,69.23999786376953,69.15734100341797,5479100
2025-12-19,71.05000305175781,70.9651870727539,5733500
2025-12-22,71.66999816894531,71.5844497680664,4336300
2025-12-23,72.36000061035156,72.27362823486328,4157400
2025-12-24,72.7300033569336,72.66629028320312,2534000
2025-12-26,72.68000030517578,72.61632537841797,2707500
2025-12-29,71.95999908447266,71.8969497680664,4585500
2025-12-30,71.61000061035156,71.5472640991211,2467300
2025-12-31,70.41000366210938,70.34832000732422,3960500
2026-01-02,70.0999984741211,70.03858184814453,7355500
2026-01-05,71.19999694824219,71.13761901855469,5097800
2026-01-06,72.45999908447266,72.39651489257812,4801600
2026-01-07,72.58999633789062,72.52639770507812,4126600
2026-01-08,71.75,71.68714141845703,4344600
2026-01-09,73.13999938964844,73.07592010498047,4090000
2026-01-12,73.2699966430664,73.20580291748047,3879200
2026-01-13,73.01000213623047,72.94603729248047,4804900
2026-01-14,71.48999786376953,71.42736053466797,5370100
2026-01-15,71.94000244140625,71.8769760131836,4026000
2026-01-16,71.75,71.68714141845703,4071300
2026-01-20,68.7300033569336,68.66978454589844,7404900
2026-01-21,70.54000091552734,70.47820281982422,9095800
2026-01-22,71.61000061035156,71.5472640991211,4275600
2026-01-23,72.05000305175781,71.98687744140625,4766500
2026-01-26,72.66000366210938,72.59634399414062,3777100
2026-01-27,73.95999908447266,73.89520263671875,3335500
2026-01-28,74.36000061035156,74.29485321044922,4422900
2026-01-29,73.5199966430664,73.45558166503906,6630900
2026-01-30,71.70999908447266,71.64717102050781,6850500
2026-02-02,72.7300033569336,72.66629028320312,4547900
2026-02-03,70.45999908447266,70.39826965332031,4970500
2026-02-04,67.9800033569336,67.92044830322266,10802600
2026-02-05,66.04000091552734,65.98214721679688,12348100
2026-02-06,68.79000091552734,68.729736328125,11017200
2026-02-09,69.83000183105469,69.7688217163086,6467000
2026-02-10,69.18000030517578,69.11939239501953,3960700
2026-02-11,69.5199966430664,69.45909118652344,4081200
2026-02-12,66.69000244140625,66.63157653808594,6782700
2026-02-13,66.91999816894531,66.86137390136719,4856000
2026-02-17,66.7699966430664,66.71150207519531,4688200
2026-02-18,67.75,67.69064331054688,3790900
2026-02-19,67.23999786376953,67.18109130859375,3421200
2026-02-20,68.4000015258789,68.34007263183594,3453200
2026-02-23,66.75,66.69152069091797,4681200
2026-02-24,68.12999725341797,68.0703125,3174600
2026-02-25,70.08000183105469,70.01860809326172,2925400
2026-02-26,68.44000244140625,68.38004302978516,3747000
2026-02-27,67.98999786376953,67.93042755126953,3752000
2026-03-02,68.12999725341797,68.0703125,4495300
2026-03-03,66.68000030517578,66.62158203125,6669400
2026-03-04,68.6500015258789,68.58985900878906,5079700
2026-03-05,68.26000213623047,68.2001953125,5983400
2026-03-06,66.19000244140625,66.13201141357422,6292600
2026-03-09,67.94000244140625,67.88047790527344,6123900
2026-03-10,67.91000366210938,67.85050964355469,5540600
2026-03-11,67.9000015258789,67.84051513671875,5077500
2026-03-12,65.58000183105469,65.52254486083984,5388300
2026-03-13,64.76000213623047,64.70326232910156,5815100
2026-03-16,66.19000244140625,66.13201141357422,3004600
2026-03-17,66.8499984741211,66.79142761230469,3213900
2026-03-18,64.94999694824219,64.8930892944336,4568200
2026-03-19,64.52999877929688,64.47346496582031,5470700
2026-03-20,62.130001068115234,62.07556915283203,7178100
2026-03-23,63.58000183105469,63.52429962158203,19902000
2026-03-24,62.63999938964844,62.585121154785156,5354100
2026-03-25,63.43000030517578,63.3875846862793,3108400
2026-03-26,60.43000030517578,60.389591217041016,5020800
2026-03-27,58.04999923706055,58.01118087768555,7692800
2026-03-30,57.15999984741211,57.12177658081055,8459000
2026-03-31,61.0,60.95920944213867,9515200
2026-04-01,62.4900016784668,62.44821548461914,6712200
2026-04-02,62.599998474121094,62.558135986328125,5847700
2026-04-06,63.349998474121094,63.30763626098633,5359900
2026-04-07,63.38999938964844,63.34761047363281,5676600
2026-04-08,67.08000183105469,67.03514862060547,5157600
2026-04-09,68.01000213623047,67.96452331542969,3493200
2026-04-10,68.19000244140625,68.14440155029297,4318400
2026-04-13,69.58999633789062,69.54346466064453,3796300
2026-04-14,72.0999984741211,72.05178833007812,14742700
2026-04-15,74.11000061035156,74.06044006347656,4557900
2026-04-16,74.80000305175781,74.74998474121094,3949400
2026-04-17,76.7300033569336,76.67869567871094,5542400
2026-04-20,76.2699966430664,76.218994140625,4289200
2026-04-21,75.66999816894531,75.61940002441406,6332200
2026-04-22,78.18000030517578,78.12772369384766,4155900
2026-04-23,77.30000305175781,77.2483139038086,5395800
2026-04-24,80.23999786376953,80.18634033203125,4817100
2026-04-27,80.29000091552734,80.23631286621094,3866600
2026-04-28,78.66999816894531,78.61739349365234,3800200
2026-04-29,79.63999938964844,79.58674621582031,5793000
2026-04-30,81.05000305175781,80.99580383300781,4916100
2026-05-01,82.5999984741211,82.54476165771484,4503300
2026-05-04,82.27999877929688,82.2249755859375,4732800
2026-05-05,84.38999938964844,84.33356475830078,3972100
2026-05-06,87.8499984741211,87.79125213623047,5090100
2026-05-07,87.66000366210938,87.60138702392578,7225600
2026-05-08,91.72000122070312,91.6586685180664,3645200
2026-05-11,92.26000213623047,92.19831085205078,3982000
2026-05-12,90.69000244140625,90.62935638427734,5528200
2026-05-13,92.55000305175781,92.48811340332031,3761500
2026-05-14,93.9000015258789,93.83721160888672,4528700
2026-05-15,91.02999877929688,90.96912384033203,6414500
2026-05-18,90.19999694824219,90.13967895507812,6049100
2026-05-19,89.12999725341797,89.07039642333984,4158100
2026-05-20,92.05000305175781,91.98844909667969,3884100
2026-05-21,92.37999725341797,92.31822204589844,3999800
2026-05-22,93.0999984741211,93.0377426147461,4042000
2026-05-26,96.4000015258789,96.33554077148438,4142400
2026-05-27,96.19000244140625,96.12567901611328,4035800
2026-05-28,97.79000091552734,97.724609375,3614200
2026-05-29,98.45999908447266,98.39415740966797,4821500
2026-06-01,99.62999725341797,99.5633773803711,4830700
2026-06-02,100.52999877929688,100.46277618408203,3891700
2026-06-03,100.0,99.9331283569336,4401500
2026-06-04,99.0199966430664,98.95378112792969,4130800
2026-06-05,89.54000091552734,89.4801254272461,8437900
2026-06-08,92.25,92.18830871582031,6023600
2026-06-09,90.12000274658203,90.05973815917969,10184800
2026-06-10,86.51000213623047,86.45215606689453,7232200
2026-06-11,92.18000030517578,92.11836242675781,6688400
2026-06-12,93.37999725341797,93.31755065917969,7289100
2026-06-15,99.18000030517578,99.11367797851562,4768600
2026-06-16,95.45999908447266,95.39616394042969,3520400
2026-06-17,93.55999755859375,93.4974365234375,5566100
2026-06-18,97.91000366210938,97.84452819824219,3727200
2026-06-22,97.68000030517578,97.61468505859375,3493600
2026-06-23,91.22000122070312,91.15900421142578,5692200
2026-06-24,90.37000274658203,90.37000274658203,4405200
2026-06-25,91.7699966430664,91.7699966430664,4754900
2026-06-26,89.12000274658203,89.12000274658203,4520400
2026-06-29,93.68000030517578,93.68000030517578,4209300
2026-06-30,96.76000213623047,96.76000213623047,3942000
2026-07-01,93.9000015258789,93.9000015258789,4558100
2026-07-02,90.61000061035156,90.61000061035156,6283700
2026-07-06,93.13999938964844,93.13999938964844,2936200
2026-07-07,89.69000244140625,89.69000244140625,4543600
2026-07-08,90.13999938964844,90.13999938964844,4867500
2026-07-09,93.13999938964844,93.13999938964844,2926500
2026-07-10,93.69999694824219,93.69999694824219,2857700
2026-07-13,90.12999725341797,90.12999725341797,5029600
2026-07-14,92.12999725341797,92.12999725341797,3908600
2026-07-15,91.61000061035156,91.61000061035156,4532900
2026-07-16,88.56999969482422,88.56999969482422,4334400
2026-07-17,85.91000366210938,85.91000366210938,5352100
2026-07-20,86.02999877929688,86.02999877929688,3420000
2026-07-21,89.2300033569336,89.2300033569336,2825000
2026-07-22,88.27999877929688,88.27999877929688,2507100
2026-07-23,85.0,85.0,5985900
2026-07-24,83.0,83.0,4115500
2026-07-27,82.4800033569336,82.4800033569336,4033400
2026-07-28,80.87000274658203,80.87000274658203,5230500
2026-07-29,77.58000183105469,77.58000183105469,8074300
2026-07-30,82.68000030517578,82.68000030517578,5777700
2026-07-31,83.66999816894531,83.66999816894531,7395200
2026-08-03,86.62000274658203,86.62000274658203,4177400
2026-08-04,92.45999908447266,92.45999908447266,5541100
2026-08-05,90.80000305175781,90.80000305175781,4812900
2026-08-06,90.12999725341797,90.12999725341797,4441300
2026-08-07,92.20999908447266,92.20999908447266,4855400
2026-08-10,91.62999725341797,91.62999725341797,3544000
2026-08-11,90.9800033569336,90.9800033569336,2804900
2026-08-12,92.31999969482422,92.31999969482422,3455100
2026-08-13,94.43000030517578,94.43000030517578,4060500
2026-08-14,94.1500015258789,94.1500015258789,2800200
2026-08-17,93.83999633789062,93.83999633789062,2850100
2026-08-18,90.6500015258789,90.6500015258789,3872600
2026-08-19,90.25,90.25,2973400
2026-08-20,88.94999694824219,88.94999694824219,3857100
2026-08-21,89.52999877929688,89.52999877929688,2571000
2026-08-24,87.72000122070312,87.72000122070312,3890200
2026-08-25,88.80000305175781,88.80000305175781,2925800
2026-08-26,88.93000030517578,88.93000030517578,3281500
2026-08-27,91.37999725341797,91.37999725341797,3731700
2026-08-28,90.16999816894531,90.16999816894531,3702900
2026-08-31,90.23999786376953,90.23999786376953,2853700
2026-09-01,87.91999816894531,87.91999816894531,5051000
2026-09-02,88.30999755859375,88.30999755859375,2406400
2026-09-03,90.37999725341797,90.37999725341797,4711700
2026-09-04,90.68000030517578,90.68000030517578,3151700
2026-09-08,90.52999877929688,90.52999877929688,3991200
2026-09-09,89.9800033569336,89.9800033569336,2641500
2026-09-10,88.0199966430664,88.0199966430664,6216579
