date,close,adjclose,volume
2010-02-11,0.21627600491046906,0.20558194816112518,6912000
2010-02-12,0.21716099977493286,0.20642322301864624,17203200
2010-02-16,0.22557300329208374,0.21441926062107086,19238400
2010-02-17,0.22940100729465485,0.21805799007415771,38361600
2010-02-18,0.23375000059604645,0.22219190001487732,77721600
2010-02-19,0.23375000059604645,0.22219190001487732,92966400
2010-02-22,0.23210899531841278,0.22063206136226654,50995200
2010-02-23,0.22304700314998627,0.21201813220977783,82252800
2010-02-24,0.22979199886322021,0.21842962503433228,70617600
2010-02-25,0.2296610027551651,0.21830514073371887,91238400
2010-02-26,0.2325260043144226,0.22102844715118408,57600000
2010-03-01,0.24250000715255737,0.23050925135612488,28454400
2010-03-02,0.2439579963684082,0.23189517855644226,48422400
2010-03-03,0.24531300365924835,0.23318316042423248,47961600
2010-03-04,0.24802100658416748,0.23575730621814728,29452800
2010-03-05,0.2589839994907379,0.24617822468280792,26880000
2010-03-08,0.26036500930786133,0.24749085307121277,25344000
2010-03-09,0.2649739980697632,0.25187206268310547,46425600
2010-03-10,0.2714579999446869,0.2580353915691376,40089600
2010-03-11,0.2739579975605011,0.2604117691516876,53913600
2010-03-12,0.27458301186561584,0.2610059082508087,36134400
2010-03-15,0.27273398637771606,0.2592483460903168,42393600
2010-03-16,0.27789101004600525,0.26415035128593445,46579200
2010-03-17,0.27981799840927124,0.2659819722175598,39820800
2010-03-18,0.2826560139656067,0.26867973804473877,52185600
2010-03-19,0.2776559889316559,0.2639269232749939,40051200
2010-03-22,0.2851560115814209,0.2710561752319336,58790400
2010-03-23,0.2911199927330017,0.2767252027988434,55334400
2010-03-24,0.28697898983955383,0.27278897166252136,89241600
2010-03-25,0.28518199920654297,0.2710808515548706,93926400
2010-03-26,0.28666698932647705,0.27249228954315186,84288000
2010-03-29,0.29059898853302,0.2762299180030823,38054400
2010-03-30,0.2936460077762604,0.27912622690200806,39897600
2010-03-31,0.28968799114227295,0.2753639221191406,59558400
2010-04-01,0.2891150116920471,0.27481943368911743,116620800
2010-04-05,0.2974739968776703,0.2827650010585785,67584000
2010-04-06,0.2997399866580963,0.2849189341068268,58713600
2010-04-07,0.2980470061302185,0.283309668302536,106252800
2010-04-08,0.29911500215530396,0.28432488441467285,69657600
2010-04-09,0.30450499057769775,0.2894483208656311,58099200
2010-04-12,0.3057290017604828,0.2906118333339691,48806400
2010-04-13,0.3103390038013458,0.29499390721321106,67238400
2010-04-14,0.3212760090827942,0.3053900897502899,61094400
2010-04-15,0.32557299733161926,0.3094746768474579,45772800
2010-04-16,0.3139840066432953,0.29845866560935974,129484800
2010-04-19,0.31349000334739685,0.29798904061317444,112742400
2010-04-20,0.31812500953674316,0.30239495635032654,56102400
2010-04-21,0.32372400164604187,0.30771708488464355,83980800
2010-04-22,0.32851600646972656,0.3122721314430237,122841600
2010-04-23,0.33286499977111816,0.3164060711860657,82368000
2010-04-26,0.330390989780426,0.314054399728775,80524800
2010-04-27,0.3100000023841858,0.2946716248989105,133747200
2010-04-28,0.3107289969921112,0.2953645586967468,125068800
2010-04-29,0.3265889883041382,0.31044042110443115,84748800
2010-04-30,0.307343989610672,0.2921469807624817,88512000
2010-05-03,0.31989601254463196,0.3040783703327179,52608000
2010-05-04,0.29161500930786133,0.2771957516670227,137241600
2010-05-05,0.28682300448417664,0.2726406157016754,138508800
2010-05-06,0.25872400403022766,0.24593104422092438,217804800
2010-05-07,0.2398959994316101,0.22803401947021484,248256000
2010-05-10,0.27567699551582336,0.2620457410812378,189273600
2010-05-11,0.2754949927330017,0.2618727684020996,147033600
2010-05-12,0.29033899307250977,0.2759827971458435,108556800
2010-05-13,0.277213990688324,0.2635067403316498,105561600
2010-05-14,0.2601560056209564,0.24729225039482117,154176000
2010-05-17,0.26367199420928955,0.25063440203666687,136857600
2010-05-18,0.2535940110683441,0.2410546988248825,190617600
2010-05-19,0.2469010055065155,0.23469267785549164,237772800
2010-05-20,0.2219270020723343,0.21095354855060577,272985600
2010-05-21,0.22364600002765656,0.21258755028247833,234316800
2010-05-24,0.22549499571323395,0.21434509754180908,155020800
2010-05-25,0.2239059954881668,0.2128346562385559,172646400
2010-05-26,0.2169789969921112,0.2062501758337021,208320000
2010-05-27,0.24046899378299713,0.22857868671417236,173222400
2010-05-28,0.2371090054512024,0.22538484632968903,166694400
2010-06-01,0.2305469959974289,0.21914730966091156,202713600
2010-06-02,0.24677099287509918,0.23456907272338867,113433600
2010-06-03,0.2531769871711731,0.24065828323364258,114854400
2010-06-04,0.2281769961118698,0.2168944925069809,245952000
2010-06-07,0.21494799852371216,0.20431962609291077,168729600
2010-06-08,0.21375000476837158,0.20318087935447693,265920000
2010-06-09,0.2090359926223755,0.19869990646839142,229440000
2010-06-10,0.22638000547885895,0.21518634259700775,155520000
2010-06-11,0.23229199647903442,0.22080598771572113,125337600
2010-06-14,0.23242199420928955,0.22092954814434052,227404800
2010-06-15,0.2494010031223297,0.2370690256357193,200102400
2010-06-16,0.2544269859790802,0.2418464571237564,158361600
2010-06-17,0.25697898864746094,0.2442723512649536,163046400
2010-06-18,0.2576819956302643,0.2449405938386917,139584000
2010-06-21,0.25091099739074707,0.23850437998771667,219916800
2010-06-22,0.24497400224208832,0.23286095261573792,179596800
2010-06-23,0.24169300496578217,0.22974218428134918,224716800
2010-06-24,0.22997400164604187,0.21860265731811523,239424000
2010-06-25,0.22981800138950348,0.21845437586307526,177561600
2010-06-28,0.22776000201702118,0.21649809181690216,164160000
2010-06-29,0.20234400033950806,0.19233882427215576,438220800
2010-06-30,0.19234399497509003,0.18283326923847198,183667200
2010-07-01,0.19046899676322937,0.18105098605155945,252326400
2010-07-02,0.18942700326442719,0.18006055057048798,147379200
2010-07-06,0.19041700661182404,0.18100158870220184,156556800
2010-07-07,0.20841099321842194,0.1981058567762375,160780800
2010-07-08,0.21192699670791626,0.2014479786157608,207360000
2010-07-09,0.2178650051355362,0.20709238946437836,142656000
2010-07-12,0.22033900022506714,0.20944403111934662,98918400
2010-07-13,0.22786499559879303,0.21659791469573975,174144000
2010-07-14,0.2315099984407425,0.22006270289421082,109516800
2010-07-15,0.2323179990053177,0.22083072364330292,114201600
2010-07-16,0.21362000703811646,0.20305728912353516,181363200
2010-07-19,0.21843799948692322,0.20763705670833588,124224000
2010-07-20,0.22533899545669556,0.2141968309879303,127948800
2010-07-21,0.21744799613952637,0.20669597387313843,172492800
2010-07-22,0.23210899531841278,0.22063206136226654,126451200
2010-07-23,0.23815099895000458,0.22637531161308289,138854400
2010-07-26,0.24338500201702118,0.23135051131248474,100761600
2010-07-27,0.24333299696445465,0.23130106925964355,119692800
2010-07-28,0.2383590042591095,0.22657300531864166,77568000
2010-07-29,0.232682004570961,0.22117671370506287,152755200
2010-07-30,0.23427100479602814,0.22268719971179962,129830400
2010-08-02,0.24687500298023224,0.23466794192790985,90163200
2010-08-03,0.2443230003118515,0.23224212229251862,64012800
2010-08-04,0.25137999653816223,0.23895017802715302,80908800
2010-08-05,0.24989600479602814,0.23753957450389862,66470400
2010-08-06,0.24872399866580963,0.236425518989563,152755200
2010-08-09,0.2530730068683624,0.24055951833724976,85632000
2010-08-10,0.24770799279212952,0.23545975983142853,158016000
2010-08-11,0.22731800377368927,0.21607796847820282,154905600
2010-08-12,0.22091099619865417,0.20998774468898773,145920000
2010-08-13,0.21650999784469604,0.20580433309078217,57945600
2010-08-16,0.21773399412631989,0.20696784555912018,95424000
2010-08-17,0.22601599991321564,0.2148403525352478,120076800
2010-08-18,0.22804699838161469,0.21677091717720032,71155200
2010-08-19,0.21966099739074707,0.2087995558977127,102412800
2010-08-20,0.2189060002565384,0.20808185636997223,88588800
2010-08-23,0.21286499500274658,0.20233957469463348,108211200
2010-08-24,0.20065100491046906,0.190729558467865,144806400
2010-08-25,0.2066670060157776,0.19644810259342194,144153600
2010-08-26,0.19992199540138245,0.1900366246700287,132979200
2010-08-27,0.20653599500656128,0.19632355868816376,192460800
2010-08-30,0.19984400272369385,0.1899624764919281,105139200
2010-08-31,0.198853999376297,0.18902142345905304,156441600
2010-09-01,0.21552099287509918,0.2048642635345459,129638400
2010-09-02,0.22291700541973114,0.21189457178115845,54297600
2010-09-03,0.23427100479602814,0.22268719971179962,135283200
2010-09-07,0.22856800258159637,0.21726614236831665,97382400
2010-09-08,0.23664100468158722,0.22493994235992432,113894400
2010-09-09,0.23963500559329987,0.22778594493865967,90355200
2010-09-10,0.24221399426460266,0.2302374243736267,63936000
2010-09-13,0.25289100408554077,0.24038651585578918,83712000
2010-09-14,0.2560940086841583,0.24343109130859375,84748800
2010-09-15,0.2604430019855499,0.24756504595279694,67660800
2010-09-16,0.26411500573158264,0.2510554790496826,93772800
2010-09-17,0.26692700386047363,0.253728449344635,114816000
2010-09-20,0.28083300590515137,0.26694682240486145,105561600
2010-09-21,0.27994799613952637,0.26610562205314636,173875200
2010-09-22,0.27862000465393066,0.26484331488609314,96576000
2010-09-23,0.277785986661911,0.26405054330825806,137088000
2010-09-24,0.29351601004600525,0.27900272607803345,126528000
2010-09-27,0.2901560068130493,0.2758088707923889,97113600
2010-09-28,0.29088500142097473,0.27650174498558044,146227200
2010-09-29,0.2885420024394989,0.274274617433548,63859200
2010-09-30,0.2846350073814392,0.2705608904361725,177484800
2010-10-01,0.2837499976158142,0.26971954107284546,117043200
2010-10-04,0.27390599250793457,0.26036232709884644,123840000
2010-10-05,0.2942970097064972,0.27974510192871094,109785600
2010-10-06,0.2867969870567322,0.2726159393787384,88512000
2010-10-07,0.28960898518562317,0.2752888798713684,78950400
2010-10-08,0.29544299840927124,0.2808344066143036,68544000
2010-10-11,0.29604199528694153,0.2814038395881653,38131200
2010-10-12,0.3021880090236664,0.28724589943885803,97728000
2010-10-13,0.30953100323677063,0.29422590136528015,96844800
2010-10-14,0.30781298875808716,0.29259276390075684,79756800
2010-10-15,0.3274480104446411,0.31125694513320923,119577600
2010-10-18,0.3274480104446411,0.31125694513320923,86976000
2010-10-19,0.314426988363266,0.2988796830177307,127296000
2010-10-20,0.3209640085697174,0.3050934672355652,93465600
2010-10-21,0.3232029974460602,0.30722182989120483,109708800
2010-10-22,0.32950499653816223,0.31321221590042114,58713600
2010-10-25,0.33450499176979065,0.31796497106552124,77184000
2010-10-26,0.3365100026130676,0.31987079977989197,74841600
2010-10-27,0.33997398614883423,0.3231634795665741,112857600
2010-10-28,0.3419269919395447,0.3250199258327484,107788800
2010-10-29,0.340285986661911,0.32346007227897644,80755200
2010-11-01,0.34106799960136414,0.3242034614086151,85209600
2010-11-02,0.3514060080051422,0.3340303301811218,68121600
2010-11-03,0.35648399591445923,0.3388572335243225,115161600
2010-11-04,0.3691149950027466,0.35086360573768616,111859200
2010-11-05,0.3695569932460785,0.3512837588787079,113971200
2010-11-08,0.3704949915409088,0.35217535495758057,103449600
2010-11-09,0.36450499296188354,0.3464815318584442,121881600
2010-11-10,0.3700779974460602,0.35177895426750183,91968000
2010-11-11,0.36385399103164673,0.3458627462387085,121843200
2010-11-12,0.34533900022506714,0.32826322317123413,218265600
2010-11-15,0.34164100885391235,0.32474809885025024,119193600
2010-11-16,0.32468798756599426,0.30863338708877563,181632000
2010-11-17,0.3277600109577179,0.311553418636322,111168000
2010-11-18,0.3429949879646301,0.3260350823402405,138739200
2010-11-19,0.34380200505256653,0.32680222392082214,93427200
2010-11-22,0.3528650104999542,0.33541715145111084,147456000
2010-11-23,0.33619800209999084,0.319574236869812,185856000
2010-11-24,0.3558329939842224,0.3382384479045868,129484800
2010-11-26,0.35359400510787964,0.33611005544662476,59673600
2010-11-29,0.3486720025539398,0.33143147826194763,176524800
2010-11-30,0.3354170024394989,0.3188318610191345,200716800
2010-12-01,0.35674500465393066,0.3391053378582001,206860800
2010-12-02,0.36757799983024597,0.34940263628959656,132134400
2010-12-03,0.3706510066986084,0.35232365131378174,175449600
2010-12-06,0.3700000047683716,0.35170483589172363,99072000
2010-12-07,0.3703390061855316,0.3520270884037018,164428800
2010-12-08,0.37546899914741516,0.3569034934043884,93427200
2010-12-09,0.37585899233818054,0.3572741448879242,99878400
2010-12-10,0.38374999165534973,0.3647749125957489,88204800
2010-12-13,0.37924501299858093,0.3604927062988281,80755200
2010-12-14,0.3808329999446869,0.3620022237300873,76876800
2010-12-15,0.37695300579071045,0.35831406712532043,95577600
2010-12-16,0.3848179876804352,0.36579012870788574,86131200
2010-12-17,0.3859899938106537,0.36690422892570496,61209600
2010-12-20,0.3870309889316559,0.3678937256336212,126144000
2010-12-21,0.3934110105037689,0.3739582598209381,33600000
2010-12-22,0.39382800459861755,0.37435466051101685,43200000
2010-12-23,0.3908329904079437,0.3715077042579651,36864000
2010-12-27,0.3909899890422821,0.3716569244861603,64166400
2010-12-28,0.3892970085144043,0.3700477182865143,63475200
2010-12-29,0.39161500334739685,0.3722510039806366,45465600
2010-12-30,0.38867199420928955,0.3694536089897156,28761600
2010-12-31,0.3851040005683899,0.36606210470199585,48729600
2011-01-03,0.4025000035762787,0.38259783387184143,133516800
2011-01-04,0.40187498927116394,0.3820037543773651,131520000
2011-01-05,0.4118489921092987,0.3914845585823059,122880000
2011-01-06,0.41557300090789795,0.39502444863319397,104524800
2011-01-07,0.41460898518562317,0.3941081166267395,152409600
2011-01-10,0.41927099227905273,0.39853957295417786,86054400
2011-01-11,0.4211980104446411,0.4003712832927704,109939200
2011-01-12,0.4297400116920471,0.40849095582962036,134092800
2011-01-13,0.4310939908027649,0.40977802872657776,131443200
2011-01-14,0.4404430091381073,0.4186647832393646,61286400
2011-01-18,0.44395801424980164,0.42200595140457153,138124800
2011-01-19,0.4290890097618103,0.40787211060523987,149952000
2011-01-20,0.4194529950618744,0.39871254563331604,189465600
2011-01-21,0.4098699986934662,0.3896034359931946,104832000
2011-01-24,0.4267970025539398,0.4056934416294098,86438400
2011-01-25,0.4282810091972351,0.4071040451526642,95846400
2011-01-26,0.4349220097064972,0.41341668367385864,99379200
2011-01-27,0.4433070123195648,0.4213871657848358,111360000
2011-01-28,0.4098699986934662,0.3896034359931946,254553600
2011-01-31,0.41593798995018005,0.3953714072704315,159974400
2011-02-01,0.4390360116958618,0.41732731461524963,203443200
2011-02-02,0.4370569884777069,0.41544610261917114,92121600
2011-02-03,0.4387499988079071,0.4170553684234619,131558400
2011-02-04,0.44666698575019836,0.4245809018611908,135936000
2011-02-07,0.45315098762512207,0.4307442903518677,103795200
2011-02-08,0.46281298995018005,0.4399286210536957,133977600
2011-02-09,0.46000000834465027,0.43725472688674927,130406400
2011-02-10,0.4622400104999542,0.43938392400741577,142080000
2011-02-11,0.47171899676322937,0.44839420914649963,94540800
2011-02-14,0.47468799352645874,0.4512163996696472,59635200
2011-02-15,0.4734640121459961,0.45005297660827637,93235200
2011-02-16,0.4822140038013458,0.45837029814720154,141120000
2011-02-17,0.4817970097064972,0.457973837852478,86745600
2011-02-18,0.4790630042552948,0.45537516474723816,128179200
2011-02-22,0.43687498569488525,0.41527312994003296,241843200
2011-02-23,0.4260939955711365,0.4050251841545105,194265600
2011-02-24,0.43216100335121155,0.4107922315597534,320524800
2011-02-25,0.4506770074367523,0.4283927083015442,108345600
2011-02-28,0.45395800471305847,0.4315114915370941,104313600
2011-03-01,0.4321349859237671,0.4107675552368164,122899200
2011-03-02,0.4382289946079254,0.41656023263931274,114105600
2011-03-03,0.46437498927116394,0.44141340255737305,132825600
2011-03-04,0.45750001072883606,0.4348783791065216,109420800
2011-03-07,0.4392710030078888,0.4175507426261902,137568000
2011-03-08,0.4438540041446686,0.42190709710121155,128774400
2011-03-09,0.43489599227905273,0.41339194774627686,97056000
2011-03-10,0.41499999165534973,0.39447975158691406,174892800
2011-03-11,0.42192700505256653,0.40106430649757385,102547200
2011-03-14,0.4178130030632019,0.39715373516082764,78912000
2011-03-15,0.4007290005683899,0.38091444969177246,187852800
2011-03-16,0.3713020086288452,0.35294249653816223,216768000
2011-03-17,0.38098999857902527,0.36215153336524963,116486400
2011-03-18,0.3789060115814209,0.36017048358917236,118713600
2011-03-21,0.400052011013031,0.38027092814445496,95251200
2011-03-22,0.3989579975605011,0.3792310059070587,64358400
2011-03-23,0.4050000011920929,0.38497424125671387,104544000
2011-03-24,0.427031010389328,0.40591591596603394,130656000
2011-03-25,0.43015599250793457,0.4088863432407379,148300800
2011-03-28,0.42286500334739685,0.40195590257644653,88838400
2011-03-29,0.4350000023841858,0.4134908616542816,67296000
2011-03-30,0.4414060115814209,0.4195801317691803,67545600
2011-03-31,0.44328099489212036,0.42136242985725403,56428800
2011-04-01,0.44395801424980164,0.42200595140457153,75552000
2011-04-04,0.4399479925632477,0.41819414496421814,62419200
2011-04-05,0.43494799733161926,0.41344141960144043,53932800
2011-04-06,0.4382289946079254,0.41656023263931274,66393600
2011-04-07,0.43812501430511475,0.41646140813827515,71942400
2011-04-08,0.43156298995018005,0.4102238416671753,50457600
2011-04-11,0.42765599489212036,0.40650999546051025,56083200
2011-04-12,0.4192189872264862,0.39849022030830383,66566400
2011-04-13,0.42921900749206543,0.40799564123153687,70848000
2011-04-14,0.4268749952316284,0.40576761960983276,67872000
2011-04-15,0.42411500215530396,0.40314406156539917,149683200
2011-04-18,0.41593798995018005,0.3953714072704315,125760000
2011-04-19,0.42343801259994507,0.40250056982040405,107328000
2011-04-20,0.45161500573158264,0.42928430438041687,131155200
2011-04-21,0.4630729854106903,0.44017571210861206,64972800
2011-04-25,0.46650999784469604,0.44344279170036316,45350400
2011-04-26,0.47453099489212036,0.4510672390460968,44793600
2011-04-27,0.484375,0.4604244530200958,62668800
2011-04-28,0.4836460053920746,0.4597315192222595,66028800
2011-04-29,0.4813019931316376,0.45750337839126587,52416000
2011-05-02,0.4786979854106903,0.4550281763076782,53875200
2011-05-03,0.47150999307632446,0.44819557666778564,52204800
2011-05-04,0.46875,0.4455720782279968,81945600
2011-05-05,0.46171900629997253,0.4388887882232666,95750400
2011-05-06,0.4657289981842041,0.44270041584968567,76838400
2011-05-09,0.47078099846839905,0.44750258326530457,41875200
2011-05-10,0.48286500573158264,0.45898911356925964,55353600
2011-05-11,0.4724479913711548,0.4490872025489807,64704000
2011-05-12,0.4807809889316559,0.4570081830024719,60288000
2011-05-13,0.4637500047683716,0.44081932306289673,74054400
2011-05-16,0.4396350085735321,0.41789665818214417,79718400
2011-05-17,0.44322898983955383,0.4213128983974457,89740800
2011-05-18,0.454010009765625,0.4315608739852905,42566400
2011-05-19,0.4579170048236847,0.4352746605873108,52627200
2011-05-20,0.4478130042552948,0.4256702959537506,43660800
2011-05-23,0.4283849895000458,0.40720295906066895,77433600
2011-05-24,0.4203130006790161,0.3995300233364105,67929600
2011-05-25,0.42500001192092896,0.40398532152175903,53913600
2011-05-26,0.43296900391578674,0.4115603566169739,47136000
2011-05-27,0.439426988363266,0.4176988899707794,35059200
2011-05-31,0.4605729877948761,0.4377993941307068,55315200
2011-06-01,0.4311459958553314,0.4098273515701294,92352000
2011-06-02,0.43364599347114563,0.4122037887573242,46790400
2011-06-03,0.41395801305770874,0.3934892416000366,81388800
2011-06-06,0.4039579927921295,0.3839837908744812,53472000
2011-06-07,0.4016149938106537,0.38175663352012634,55852800
2011-06-08,0.392969012260437,0.37353816628456116,93523200
2011-06-09,0.3946880102157593,0.3751721680164337,44064000
2011-06-10,0.37656301259994507,0.3579432964324951,55699200
2011-06-13,0.3768230080604553,0.3581904470920563,58982400
2011-06-14,0.3908329904079437,0.3715077042579651,58521600
2011-06-15,0.3694790005683899,0.3512096405029297,89337600
2011-06-16,0.3643229901790619,0.34630852937698364,85171200
2011-06-17,0.36161500215530396,0.3437345027923584,89971200
2011-06-20,0.36640599370002747,0.34828853607177734,47212800
2011-06-21,0.3908329904079437,0.3715077042579651,74284800
2011-06-22,0.38203099370002747,0.3631409704685211,62208000
2011-06-23,0.3926039934158325,0.37319114804267883,115852800
2011-06-24,0.3719269931316376,0.35353654623031616,94041600
2011-06-27,0.38999998569488525,0.3707159161567688,74361600
2011-06-28,0.4074999988079071,0.3873507082462311,57676800
2011-06-29,0.4126040041446686,0.3922022581100464,68409600
2011-06-30,0.4282810091972351,0.4071040451526642,90432000
2011-07-01,0.4481250047683716,0.42596685886383057,76723200
2011-07-05,0.45458298921585083,0.43210554122924805,73286400
2011-07-06,0.45942699909210205,0.436710000038147,79833600
2011-07-07,0.4780209958553314,0.45438462495803833,107097600
2011-07-08,0.4740630090236664,0.4506222903728485,146035200
2011-07-11,0.44864600896835327,0.4264621138572693,135417600
2011-07-12,0.4377079904079437,0.41606491804122925,100646400
2011-07-13,0.4435420036315918,0.42161041498184204,114796800
2011-07-14,0.4282810091972351,0.4071040451526642,123436800
2011-07-15,0.4453130066394806,0.42329391837120056,96403200
2011-07-18,0.43796899914741516,0.4163130223751068,84691200
2011-07-19,0.46885401010513306,0.4456709027290344,144864000
2011-07-20,0.46229198575019836,0.43943333625793457,107078400
2011-07-21,0.47166699171066284,0.44834479689598083,131212800
2011-07-22,0.486301988363266,0.46225616335868835,91468800
2011-07-25,0.48343798518180847,0.45953378081321716,80102400
2011-07-26,0.48609399795532227,0.462058424949646,103353600
2011-07-27,0.4492189884185791,0.4270067512989044,144057600
2011-07-28,0.45161500573158264,0.42928430438041687,123398400
2011-07-29,0.4472399950027466,0.4251255989074707,149740800
2011-08-01,0.4411979913711548,0.41938233375549316,197337600
2011-08-02,0.40770798921585083,0.3875483274459839,177004800
2011-08-03,0.4182809889316559,0.397598534822464,175584000
2011-08-04,0.3613539934158325,0.34348633885383606,292108800
2011-08-05,0.35338500142097473,0.335911363363266,317836800
2011-08-08,0.29130199551582336,0.27689823508262634,385459200
2011-08-09,0.3311980068683624,0.3148214817047119,425856000
2011-08-10,0.29213500022888184,0.27768996357917786,323577600
2011-08-11,0.32963499426841736,0.3133357763290405,286348800
2011-08-12,0.33802101016044617,0.32130712270736694,250291200
2011-08-15,0.3526040017604828,0.3351690471172333,151488000
2011-08-16,0.3435420095920563,0.3265551030635834,150643200
2011-08-17,0.33796900510787964,0.32125765085220337,212236800
2011-08-18,0.28895801305770874,0.2746700644493103,328723200
2011-08-19,0.2727600038051605,0.25927290320396423,287328000
2011-08-22,0.2752079963684082,0.26159998774528503,216460800
2011-08-23,0.3092710077762604,0.2939787209033966,286137600
2011-08-24,0.3165630102157593,0.3009101450443268,197164800
2011-08-25,0.30135399103164673,0.28645315766334534,152582400
2011-08-26,0.3231250047683716,0.3071475923061371,222412800
2011-08-29,0.35062500834465027,0.33328789472579956,226464000
2011-08-30,0.3577600121498108,0.34007012844085693,228940800
2011-08-31,0.35984399914741516,0.3420509696006775,256454400
2011-09-01,0.34968799352645874,0.3323972523212433,197836800
2011-09-02,0.32520800828933716,0.30912771821022034,154137600
2011-09-06,0.32515600323677063,0.3090782165527344,170054400
2011-09-07,0.34973999857902527,0.3324466049671173,160089600
2011-09-08,0.34489598870277405,0.3278421461582184,199046400
2011-09-09,0.32218798995018005,0.3062569499015808,207648000
2011-09-12,0.33427101373672485,0.31774261593818665,239712000
2011-09-13,0.34724000096321106,0.3300703167915344,280243200
2011-09-14,0.3622399866580963,0.34432849287986755,233625600
2011-09-15,0.3786979913711548,0.35997274518013,235372800
2011-09-16,0.38859400153160095,0.3693793714046478,246220800
2011-09-19,0.3895829916000366,0.37031957507133484,247449600
2011-09-20,0.3840630054473877,0.36507245898246765,239155200
2011-09-21,0.364531010389328,0.346506267786026,234451200
2011-09-22,0.3290629982948303,0.31279200315475464,335462400
2011-09-23,0.3393230140209198,0.32254475355148315,261504000
2011-09-26,0.350832998752594,0.3334856629371643,246988800
2011-09-27,0.3615629971027374,0.3436850607395172,259027200
2011-09-28,0.34453099966049194,0.3274952471256256,269184000
2011-09-29,0.334322988986969,0.3177919387817383,336556800
2011-09-30,0.30833300948143005,0.29308709502220154,287462400
2011-10-03,0.28416699171066284,0.27011609077453613,410649600
2011-10-04,0.3014580011367798,0.28655198216438293,689280000
2011-10-05,0.3243750035762787,0.3083358705043793,520569600
2011-10-06,0.34104201197624207,0.3241787552833557,456460800
2011-10-07,0.3340100049972534,0.3174944221973419,288364800
2011-10-10,0.3682810068130493,0.35007086396217346,216960000
2011-10-11,0.37614598870277405,0.35754701495170593,200947200
2011-10-12,0.38218799233436584,0.3632901906967163,258950400
2011-10-13,0.3924480080604553,0.3730429410934448,187161600
2011-10-14,0.4140630066394806,0.393589049577713,191481600
2011-10-17,0.394896000623703,0.3753698468208313,1094342400
2011-10-18,0.40921899676322937,0.38898465037345886,285792000
2011-10-19,0.3856250047683716,0.3665573000907898,242246400
2011-10-20,0.38072898983955383,0.3619033098220825,203174400
2011-10-21,0.39427098631858826,0.3747757077217102,188428800
2011-10-24,0.41890600323677063,0.3981926739215851,197356800
2011-10-25,0.39515599608421326,0.37561696767807007,200755200
2011-10-26,0.39359399676322937,0.3741322457790375,383692800
2011-10-27,0.42531299591064453,0.4042827785015106,330528000
2011-10-28,0.4267190098762512,0.4056193232536316,127161600
2011-10-31,0.4055730104446411,0.385518878698349,157977600
2011-11-01,0.37416699528694153,0.35566580295562744,392870400
2011-11-02,0.3833850026130676,0.3644280433654785,243648000
2011-11-03,0.40671899914741516,0.3866082429885864,285561600
2011-11-04,0.4004170000553131,0.38061779737472534,158323200
2011-11-07,0.4093230068683624,0.3890834450721741,223084800
2011-11-08,0.4229690134525299,0.4020547866821289,205900800
2011-11-09,0.3792189955711365,0.3604680001735687,222144000
2011-11-10,0.3776560127735138,0.3589824140071869,177945600
2011-11-11,0.39885398745536804,0.37913209199905396,171532800
2011-11-14,0.39208298921585083,0.3726959228515625,113126400
2011-11-15,0.4046880006790161,0.3846776485443115,220108800
2011-11-16,0.3847399950027466,0.36571601033210754,242092800
2011-11-17,0.3582809865474701,0.3405653238296509,445920000
2011-11-18,0.34968799352645874,0.3323972523212433,236198400
2011-11-21,0.3293749988079071,0.31308862566947937,272352000
2011-11-22,0.3322399854660034,0.31581199169158936,320659200
2011-11-23,0.310155987739563,0.2948199212551117,310272000
2011-11-25,0.3031249940395355,0.2881365418434143,123552000
2011-11-28,0.33442699909210205,0.31789088249206543,262752000
2011-11-29,0.32838499546051025,0.3121475875377655,234432000
2011-11-30,0.36442700028419495,0.3464074432849884,242457600
2011-12-01,0.37224000692367554,0.3538341522216797,183475200
2011-12-02,0.36869800090789795,0.350467324256897,129081600
2011-12-05,0.38078099489212036,0.3619527518749237,189158400
2011-12-06,0.3778649866580963,0.3591809570789337,140025600
2011-12-07,0.37843799591064453,0.3597256541252136,154080000
2011-12-08,0.3591670095920563,0.34140750765800476,259795200
2011-12-09,0.3761979937553406,0.35759642720222473,196243200
2011-12-12,0.36385399103164673,0.3458627462387085,214579200
2011-12-13,0.3515630066394806,0.33417949080467224,231590400
2011-12-14,0.335207998752594,0.31863319873809814,409939200
2011-12-15,0.33260399103164673,0.3161579370498657,306950400
2011-12-16,0.33677101135253906,0.32011890411376953,280934400
2011-12-19,0.3274480104446411,0.31125694513320923,199296000
2011-12-20,0.3565100133419037,0.3388819396495819,267705600
2011-12-21,0.3416669964790344,0.32477277517318726,343718400
2011-12-22,0.3499999940395355,0.33269378542900085,200947200
2011-12-23,0.3590629994869232,0.3413086235523224,110918400
2011-12-27,0.3618229925632477,0.3439321517944336,139776000
2011-12-28,0.35020801424980164,0.3328915536403656,200294400
2011-12-29,0.357030987739563,0.33937719464302063,135436800
2011-12-30,0.35411500930786133,0.3366053104400635,115622400
2012-01-03,0.3742710053920746,0.3557646870613098,202732800
2012-01-04,0.3787499964237213,0.3600222170352936,119692800
2012-01-05,0.38807299733161926,0.36888423562049866,138796800
2012-01-06,0.39208298921585083,0.3726959228515625,207494400
2012-01-09,0.3888019919395447,0.3695771098136902,153945600
2012-01-10,0.39677101373672485,0.37715214490890503,157305600
2012-01-11,0.3995310068130493,0.37977564334869385,137241600
2012-01-12,0.4042710065841675,0.3842812478542328,154329600
2012-01-13,0.39963498711586,0.3798745572566986,155155200
2012-01-17,0.4103649854660034,0.3900739550590515,129024000
2012-01-18,0.4266670048236847,0.4055698812007904,213830400
2012-01-19,0.4352079927921295,0.4136885106563568,226790400
2012-01-20,0.4332810044288635,0.4118568003177643,80179200
2012-01-23,0.433228999376297,0.41180741786956787,137664000
2012-01-24,0.43083301186561584,0.4095299243927002,95596800
2012-01-25,0.4472920000553131,0.42517510056495667,202521600
2012-01-26,0.44255200028419495,0.42066943645477295,187084800
2012-01-27,0.446927011013031,0.42482811212539673,168844800
2012-01-30,0.4476560056209564,0.42552101612091064,168672000
2012-01-31,0.4492189884185791,0.4270067512989044,198201600
2012-02-01,0.4602600038051605,0.4375018775463104,175737600
2012-02-02,0.4650000035762787,0.442007452249527,145190400
2012-02-03,0.483489990234375,0.45958319306373596,155040000
2012-02-06,0.48302099108695984,0.45913732051849365,130828800
2012-02-07,0.4851039946079254,0.46111738681793213,130176000
2012-02-08,0.49317699670791626,0.46879124641418457,154886400
2012-02-09,0.5041149854660034,0.47918829321861267,152544000
2012-02-10,0.49333301186561584,0.46893951296806335,194803200
2012-02-13,0.5066149830818176,0.48156481981277466,159206400
2012-02-14,0.5110419988632202,0.48577284812927246,173875200
2012-02-15,0.4996350109577179,0.47492989897727966,383865600
2012-02-16,0.5205209851264954,0.49478307366371155,252268800
2012-02-17,0.5160940289497375,0.4905751347541809,161932800
2012-02-21,0.5204690098762512,0.4947337806224823,164371200
2012-02-22,0.5135939717292786,0.48819872736930847,125376000
2012-02-23,0.5233330130577087,0.49745607376098633,210144000
2012-02-24,0.5284379720687866,0.5023086667060852,134572800
2012-02-27,0.5309900045394897,0.504734456539154,184819200
2012-02-28,0.546875,0.5198338031768799,191980800
2012-02-29,0.539687991142273,0.5130023956298828,266092800
2012-03-01,0.5528129935264587,0.5254783034324646,234643200
2012-03-02,0.5511459708213806,0.5238938927650452,166252800
2012-03-05,0.5339580178260803,0.5075558423995972,244454400
2012-03-06,0.5186460018157959,0.49300098419189453,215558400
2012-03-07,0.5304170250892639,0.5041899085044861,187238400
2012-03-08,0.5472400188446045,0.5201809406280518,124761600
2012-03-09,0.5538539886474609,0.5264679789543152,154944000
2012-03-12,0.5547400116920471,0.5273101329803467,151507200
2012-03-13,0.5859900116920471,0.5570149421691895,191462400
2012-03-14,0.5925520062446594,0.5632526278495789,243052800
2012-03-15,0.5970829725265503,0.5675594210624695,196819200
2012-03-16,0.5957810282707214,0.5663219094276428,138297600
2012-03-19,0.6087499856948853,0.5786495208740234,191961600
2012-03-20,0.6120830178260803,0.5818177461624146,184396800
2012-03-21,0.6118749976158142,0.5816201567649841,156576000
2012-03-22,0.6081770062446594,0.5781050324440002,213216000
2012-03-23,0.6073439717292786,0.5773130059242249,157497600
2012-03-26,0.6390630006790161,0.6074636578559875,158553600
2012-03-27,0.641510009765625,0.6097897291183472,179251200
2012-03-28,0.6340100169181824,0.6026605367660522,190368000
2012-03-29,0.6274999976158142,0.5964726209640503,172300800
2012-03-30,0.6231250166893005,0.592313826084137,126451200
2012-04-02,0.6421350240707397,0.6103837490081787,125452800
2012-04-03,0.6421880125999451,0.6104342341423035,167500800
2012-04-04,0.6159899830818176,0.5855315923690796,205152000
2012-04-05,0.627240002155304,0.596225380897522,154656000
2012-04-09,0.6128129959106445,0.5825117230415344,143904000
2012-04-10,0.5832290053367615,0.5543904900550842,293433600
2012-04-11,0.5916669964790344,0.5624113082885742,168806400
2012-04-12,0.6115099787712097,0.5812730193138123,178291200
2012-04-13,0.5838540196418762,0.5549846887588501,183321600
2012-04-16,0.5654690265655518,0.537508487701416,200486400
2012-04-17,0.5988019704818726,0.5691933631896973,189254400
2012-04-18,0.5944269895553589,0.5650347471237183,128294400
2012-04-19,0.5752080082893372,0.5467661619186401,199200000
2012-04-20,0.5690100193023682,0.5408745408058167,171033600
2012-04-23,0.5546879768371582,0.5272608399391174,140140800
2012-04-24,0.5448960065841675,0.5179529190063477,129696000
2012-04-25,0.5881770253181458,0.5590938925743103,152409600
2012-04-26,0.5986980199813843,0.5690946578979492,142483200
2012-04-27,0.6089580059051514,0.5788474678993225,104928000
2012-04-30,0.5963019728660583,0.5668171048164368,96172800
2012-05-01,0.5996879935264587,0.5700355172157288,104678400
2012-05-02,0.6036459803581238,0.5737979412078857,77184000
2012-05-03,0.5848960280418396,0.5559751391410828,100550400
2012-05-04,0.5419790148735046,0.5151801109313965,182169600
2012-05-07,0.5427600145339966,0.5159224271774292,211046400
2012-05-08,0.5367709994316101,0.5102295279502869,276480000
2012-05-09,0.5338019728660583,0.5074074268341064,269529600
2012-05-10,0.5283330082893372,0.5022087693214417,406137600
2012-05-11,0.5278130173683167,0.5017145276069641,96172800
2012-05-14,0.5132290124893188,0.4878517687320709,164400000
2012-05-15,0.5087500214576721,0.48359414935112,151276800
2012-05-16,0.4977079927921295,0.47309815883636475,148598400
2012-05-17,0.46708300709724426,0.4439874589443207,260640000
2012-05-18,0.4483329951763153,0.42616456747055054,281923200
2012-05-21,0.48604199290275574,0.4620090425014496,206409600
2012-05-22,0.48427098989486694,0.46032556891441345,193238400
2012-05-23,0.48697900772094727,0.46289968490600586,161952000
2012-05-24,0.47822898626327515,0.4545822739601135,154800000
2012-05-25,0.4755209982395172,0.4520082473754883,62496000
2012-05-29,0.4932290017604828,0.46884065866470337,141360000
2012-05-30,0.48124998807907104,0.4574539363384247,124617600
2012-05-31,0.47437500953674316,0.45091894268989563,166080000
2012-06-01,0.43708300590515137,0.4154708683490753,224342400
2012-06-04,0.44645801186561584,0.4243822991847992,228345600
2012-06-05,0.4526039958000183,0.43022438883781433,196483200
2012-06-06,0.48354199528694153,0.4596326947212219,171724800
2012-06-07,0.4781250059604645,0.4544835686683655,171408000
2012-06-08,0.4921880066394806,0.4678511321544647,126384000
2012-06-11,0.46864598989486694,0.44547319412231445,181795200
2012-06-12,0.48343798518180847,0.45953378081321716,134995200
2012-06-13,0.47395798563957214,0.4505224823951721,96998400
2012-06-14,0.4792709946632385,0.45557284355163574,131414400
2012-06-15,0.4969789981842041,0.47240525484085083,168758400
2012-06-18,0.5097919702529907,0.48458465933799744,176668800
2012-06-19,0.5265629887580872,0.5005264282226562,162518400
2012-06-20,0.5284379720687866,0.5023086667060852,194428800
2012-06-21,0.48885399103164673,0.464682012796402,155788800
2012-06-22,0.5040630102157593,0.47913891077041626,140044800
2012-06-25,0.47416698932647705,0.45072120428085327,134160000
2012-06-26,0.4833329916000366,0.45943400263786316,136684800
2012-06-27,0.4921880066394806,0.4678511321544647,116985600
2012-06-28,0.47447898983955383,0.4510177969932556,209184000
2012-06-29,0.5208330154418945,0.49507978558540344,246595200
2012-07-02,0.5249999761581421,0.4990405738353729,125107200
2012-07-03,0.5375000238418579,0.5109227895736694,92947200
2012-07-05,0.5393750071525574,0.5127049684524536,118560000
2012-07-06,0.5181249976158142,0.49250563979148865,145248000
2012-07-09,0.5163540244102478,0.49082210659980774,96124800
2012-07-10,0.5005210041999817,0.47577205300331116,172665600
2012-07-11,0.4936459958553314,0.4692370295524597,221088000
2012-07-12,0.4793750047683716,0.4556716978549957,215356800
2012-07-13,0.5002080202102661,0.47547459602355957,141120000
2012-07-16,0.4964579939842224,0.47190994024276733,108739200
2012-07-17,0.5040630102157593,0.47913891077041626,173606400
2012-07-18,0.5245829820632935,0.49864432215690613,187440000
2012-07-19,0.5416669845581055,0.5148835778236389,216249600
2012-07-20,0.5208330154418945,0.49507978558540344,164726400
2012-07-23,0.5015630125999451,0.4767625033855438,221788800
2012-07-24,0.49010398983955383,0.46587011218070984,252192000
2012-07-25,0.47916701436042786,0.45547395944595337,196675200
2012-07-26,0.4979169964790344,0.4732968509197235,231024000
2012-07-27,0.5356249809265137,0.5091403722763062,271305600
2012-07-30,0.5323960185050964,0.5060709714889526,183235200
2012-07-31,0.5327079892158508,0.5063675045967102,132748800
2012-08-01,0.5274999737739563,0.5014171004295349,150921600
2012-08-02,0.5219789743423462,0.49616900086402893,165830400
2012-08-03,0.5516669750213623,0.5243890881538391,195081600
2012-08-06,0.5640630125999451,0.536172091960907,127612800
2012-08-07,0.5780209898948669,0.5494399666786194,140601600
2012-08-08,0.5770829916000366,0.5485482215881348,85929600
2012-08-09,0.581978976726532,0.5532021522521973,77500800
2012-08-10,0.5843750238418579,0.5554798245429993,93350400
2012-08-13,0.5879169702529907,0.558846652507782,71904000
2012-08-14,0.5887500047683716,0.5596385598182678,110160000
2012-08-15,0.5929170250892639,0.5635995268821716,71654400
2012-08-16,0.6141669750213623,0.5837987065315247,139017600
2012-08-17,0.6226040124893188,0.591818630695343,113606400
2012-08-20,0.625,0.5940960049629211,91910400
2012-08-21,0.617812991142273,0.5872644782066345,218227200
2012-08-22,0.6244789958000183,0.593600869178772,113750400
2012-08-23,0.6106250286102295,0.5804319381713867,109641600
2012-08-24,0.6214579939842224,0.5907291173934937,104236800
2012-08-27,0.6244789958000183,0.593600869178772,75379200
2012-08-28,0.6243749856948853,0.5935019254684448,87657600
2012-08-29,0.6245830059051514,0.5936996936798096,73737600
2012-08-30,0.605521023273468,0.5755801796913147,124272000
2012-08-31,0.6184380054473877,0.5878585577011108,168816000
2012-09-04,0.6158329844474792,0.5853824615478516,149625600
2012-09-05,0.6130210161209106,0.5827094912528992,100828800
2012-09-06,0.6535419821739197,0.6212267279624939,154656000
2012-09-07,0.6507290005683899,0.6185527443885803,109670400
2012-09-10,0.6267709732055664,0.595779538154602,150604800
2012-09-11,0.6240630149841309,0.5932053327560425,140352000
2012-09-12,0.6294789910316467,0.5983535647392273,153888000
2012-09-13,0.6545829772949219,0.6222162246704102,233616000
2012-09-14,0.6713539958000183,0.6381579637527466,286377600
2012-09-17,0.6726040244102478,0.6393463015556335,152323200
2012-09-18,0.6738539934158325,0.640534520149231,100742400
2012-09-19,0.6783329844474792,0.6447919607162476,137520000
2012-09-20,0.6767709851264954,0.6433071494102478,144921600
2012-09-21,0.6767709851264954,0.6433071494102478,145056000
2012-09-24,0.6642709970474243,0.6314252614974976,139872000
2012-09-25,0.6376039981842041,0.6060769557952881,153148800
2012-09-26,0.6208329796791077,0.5901350975036621,244800000
2012-09-27,0.6471880078315735,0.6151869893074036,183244800
2012-09-28,0.6316670179367065,0.6004334688186646,157977600
2012-10-01,0.628957986831665,0.5978582501411438,156499200
2012-10-02,0.6330209970474243,0.6017204523086548,165043200
2012-10-03,0.6449999809265137,0.6131071448326111,159820800
2012-10-04,0.6524999737739563,0.6202362775802612,152342400
2012-10-05,0.6412500143051147,0.6095424294471741,116534400
2012-10-08,0.6242709755897522,0.5934030413627625,104841600
2012-10-09,0.5921880006790161,0.5629063248634338,182188800
2012-10-10,0.5849999785423279,0.5560739040374756,155808000
2012-10-11,0.5797920227050781,0.5511235594749451,142396800
2012-10-12,0.5796880125999451,0.5510246753692627,109180800
2012-10-15,0.5912500023841858,0.5620148181915283,116332800
2012-10-16,0.6169790029525757,0.586471676826477,142742400
2012-10-17,0.6151040196418762,0.5846893787384033,133401600
2012-10-18,0.5940629839897156,0.5646888017654419,173520000
2012-10-19,0.5511459708213806,0.5238938927650452,285312000
2012-10-22,0.5597919821739197,0.5321123600006104,211132800
2012-10-23,0.5432289838790894,0.5163683891296387,282038400
2012-10-24,0.5378130078315735,0.5112201571464539,207052800
2012-10-25,0.5378130078315735,0.5112201571464539,233625600
2012-10-26,0.5434380173683167,0.516567051410675,192192000
2012-10-31,0.5329170227050781,0.5065662264823914,148204800
2012-11-01,0.5555210113525391,0.5280525088310242,183724800
2012-11-02,0.535207986831665,0.5087438821792603,183427200
2012-11-05,0.5483329892158508,0.5212199687957764,150355200
2012-11-06,0.5516669750213623,0.5243890881538391,182582400
2012-11-07,0.5120829939842224,0.4867623746395111,383731200
2012-11-08,0.4881249964237213,0.4639890491962433,310473600
2012-11-09,0.4934380054473877,0.46903929114341736,436598400
2012-11-12,0.4941670000553131,0.4697323143482208,164419200
2012-11-13,0.48343798518180847,0.45953378081321716,345734400
2012-11-14,0.46614599227905273,0.44309672713279724,294950400
2012-11-15,0.4619790017604828,0.439135879278183,310396800
2012-11-16,0.4671880006790161,0.44408726692199707,372614400
2012-11-19,0.5008329749107361,0.4760686755180359,345580800
2012-11-20,0.5009379982948303,0.4761683940887451,218467200
2012-11-21,0.5044789910316467,0.4795343279838562,160761600
2012-11-23,0.5276039838790894,0.5015159249305725,129321600
2012-11-26,0.534375011920929,0.507952094078064,196944000
2012-11-27,0.5283330082893372,0.5022087693214417,359788800
2012-11-28,0.5425000190734863,0.5156753659248352,281001600
2012-11-29,0.5518749952316284,0.5245867967605591,249177600
2012-11-30,0.5498960018157959,0.522705614566803,228470400
2012-12-03,0.5471879839897156,0.5201316475868225,336825600
2012-12-04,0.543645977973938,0.5167646408081055,336748800
2012-12-05,0.5268750190734863,0.5008230209350586,436617600
2012-12-06,0.536562979221344,0.5100318789482117,306249600
2012-12-07,0.527396023273468,0.5013183355331421,240748800
2012-12-10,0.5320829749107361,0.5057734847068787,210441600
2012-12-11,0.5526040196418762,0.5252797603607178,344976000
2012-12-12,0.5488539934158325,0.5217152833938599,301238400
2012-12-13,0.5364580154418945,0.5099320411682129,338515200
2012-12-14,0.5212500095367432,0.495476096868515,274128000
2012-12-17,0.5415629744529724,0.5147846341133118,193219200
2012-12-18,0.5666670203208923,0.5386472940444946,456326400
2012-12-19,0.558542013168335,0.5309242010116577,361286400
2012-12-20,0.5589579939842224,0.5313196778297424,291580800
2012-12-21,0.5415629744529724,0.5147846341133118,336624000
2012-12-24,0.5369790196418762,0.5104273557662964,52425600
2012-12-26,0.5242710113525391,0.49834784865379333,158563200
2012-12-27,0.5213540196418762,0.49557504057884216,308150400
2012-12-28,0.5062500238418579,0.4812178313732147,164284800
2012-12-31,0.5392709970474243,0.5126060843467712,423052800
2013-01-02,0.5895829796791077,0.5604302287101746,354720000
2013-01-03,0.5810419917106628,0.5523115396499634,310732800
2013-01-04,0.5753129720687866,0.5468658208847046,152208000
2013-01-07,0.5759379863739014,0.5474600791931152,182822400
2013-01-08,0.5726040005683899,0.5442909598350525,175036800
2013-01-09,0.5784379839897156,0.5498365163803101,153993600
2013-01-10,0.5886459946632385,0.5595396161079407,235555200
2013-01-11,0.5908330082893372,0.5616185069084167,106060800
2013-01-14,0.5832290053367615,0.5543904900550842,147369600
2013-01-15,0.5745829939842224,0.546172022819519,216844800
2013-01-16,0.5810419917106628,0.5523115396499634,152217600
2013-01-17,0.5899999737739563,0.5608265995979309,230620800
2013-01-18,0.586667001247406,0.5576584935188293,206044800
2013-01-22,0.5890629887580872,0.559935986995697,252566400
2013-01-23,0.5986459851264954,0.5690451264381409,225081600
2013-01-24,0.5747920274734497,0.5463707447052002,246124800
2013-01-25,0.5833330154418945,0.554489254951477,170409600
2013-01-28,0.5874999761581421,0.5584502220153809,249590400
2013-01-29,0.5874999761581421,0.5584502220153809,213888000
2013-01-30,0.5842710137367249,0.5553808808326721,159158400
2013-01-31,0.5805209875106812,0.5518163442611694,203433600
2013-02-01,0.5995830297470093,0.5699359178543091,286070400
2013-02-04,0.5690630078315735,0.5409249663352966,274224000
2013-02-05,0.5940629839897156,0.5646888017654419,280089600
2013-02-06,0.5885419845581055,0.5594409108161926,250972800
2013-02-07,0.5899999737739563,0.5608265995979309,218572800
2013-02-08,0.6079170107841492,0.5778577923774719,203913600
2013-02-11,0.6077079772949219,0.5776591300964355,111062400
2013-02-12,0.6006249785423279,0.570926308631897,129542400
2013-02-13,0.6076040267944336,0.5775603652000427,186806400
2013-02-14,0.6063539981842041,0.576371967792511,137001600
2013-02-15,0.6011459827423096,0.5714216232299805,118598400
2013-02-19,0.6142709851264954,0.5838975310325623,127296000
2013-02-20,0.5862500071525574,0.5572622418403625,163958400
2013-02-21,0.567188024520874,0.5391425490379333,265286400
2013-02-22,0.5838540196418762,0.5549846887588501,132364800
2013-02-25,0.5620830059051514,0.5342900156974792,240604800
2013-02-26,0.5688539743423462,0.5407261848449707,168460800
2013-02-27,0.5861459970474243,0.5571632385253906,171072000
2013-02-28,0.5839580297470093,0.5550834536552429,163516800
2013-03-01,0.5899999737739563,0.5608265995979309,123216000
2013-03-04,0.597603976726532,0.5680546760559082,150969600
2013-03-05,0.6238539814949036,0.5930067896842957,228086400
2013-03-06,0.6198959946632385,0.5892444252967834,207619200
2013-03-07,0.6253129839897156,0.5943934321403503,110284800
2013-03-08,0.6260420083999634,0.5950865149497986,169718400
2013-03-11,0.6324999928474426,0.6012250781059265,123878400
2013-03-12,0.6247919797897339,0.5938982963562012,178108800
2013-03-13,0.6228129863739014,0.5920171737670898,160838400
2013-03-14,0.6291670203208923,0.5980570316314697,154339200
2013-03-15,0.6232290267944336,0.5924125909805298,159888000
2013-03-18,0.6189579963684082,0.5883527398109436,214742400
2013-03-19,0.616457998752594,0.5859764218330383,287500800
2013-03-20,0.628229022026062,0.5971653461456299,153484800
2013-03-21,0.6081249713897705,0.5780552625656128,214742400
2013-03-22,0.6248959898948669,0.5939971804618835,142761600
2013-03-25,0.6185420155525208,0.5879574418067932,228931200
2013-03-26,0.6280210018157959,0.5969677567481995,123830400
2013-03-27,0.6313539743423462,0.600135862827301,191798400
2013-03-28,0.6349999904632568,0.6036015748977661,266697600
2013-04-01,0.6227080225944519,0.5919173359870911,249628800
2013-04-02,0.636771023273468,0.605285108089447,337776000
2013-04-03,0.6198959946632385,0.5892444252967834,177206400
2013-04-04,0.6202080249786377,0.5895408987998962,189936000
2013-04-05,0.6050000190734863,0.5750849843025208,338284800
2013-04-08,0.6142709851264954,0.5838975310325623,223603200
2013-04-09,0.6263539791107178,0.5953829884529114,332620800
2013-04-10,0.6630210280418396,0.6302371621131897,182448000
2013-04-11,0.6618750095367432,0.6291476488113403,167558400
2013-04-12,0.6611459851264954,0.6284546852111816,218592000
2013-04-15,0.6209380030632019,0.5902349352836609,203846400
2013-04-16,0.6468750238418579,0.6148894429206848,193718400
2013-04-17,0.6090630292892456,0.5789470672607422,315619200
2013-04-18,0.5827080011367798,0.5538952946662903,253670400
2013-04-19,0.6068750023841858,0.5768671631813049,183014400
2013-04-22,0.6255210041999817,0.5945913791656494,161088000
2013-04-23,0.6439579725265503,0.6121166348457336,272966400
2013-04-24,0.6423959732055664,0.6106320023536682,224179200
2013-04-25,0.6528130173683167,0.6205338835716248,192508800
2013-04-26,0.6472920179367065,0.6152859330177307,91881600
2013-04-29,0.6644790172576904,0.6316230297088623,137097600
2013-04-30,0.6790630221366882,0.6454857587814331,123897600
2013-05-01,0.6704170107841492,0.6372674107551575,128688000
2013-05-02,0.6946880221366882,0.6603381633758545,97516800
2013-05-03,0.7189580202102661,0.6834080815315247,133996800
2013-05-06,0.7282289862632751,0.6922206282615662,97008000
2013-05-07,0.7264580130577087,0.6905373334884644,104275200
2013-05-08,0.7378129959106445,0.7013309001922607,85305600
2013-05-09,0.7352079749107361,0.6988547444343567,110918400
2013-05-10,0.7477080225944519,0.7107366323471069,127027200
2013-05-13,0.7506250143051147,0.7135093808174133,133286400
2013-05-14,0.761667013168335,0.724005401134491,133920000
2013-05-15,0.7672920227050781,0.7293522953987122,131366400
2013-05-16,0.7644789814949036,0.7266783118247986,155404800
2013-05-17,0.7860419750213623,0.7471750974655151,150000000
2013-05-20,0.7825000286102295,0.7438083291053772,151363200
2013-05-21,0.7854170203208923,0.7465810179710388,160915200
2013-05-22,0.7662500143051147,0.7283617854118347,316982400
2013-05-23,0.7579169869422913,0.7204408049583435,145737600
2013-05-24,0.7574999928474426,0.7200444340705872,67747200
2013-05-28,0.7731249928474426,0.734896719455719,161817600
2013-05-29,0.7614579796791077,0.723806619644165,159638400
2013-05-30,0.7738540172576904,0.7355899810791016,86121600
2013-05-31,0.7517709732055664,0.714598536491394,123331200
2013-06-03,0.7561460137367249,0.7187573909759521,222633600
2013-06-04,0.7447919845581055,0.7079647183418274,138556800
2013-06-05,0.7162500023841858,0.6808341145515442,190560000
2013-06-06,0.7250000238418579,0.6891513466835022,190944000
2013-06-07,0.755312979221344,0.7179655432701111,233088000
2013-06-10,0.7556250095367432,0.7182621359825134,135331200
2013-06-11,0.7337499856948853,0.6974688172340393,222105600
2013-06-12,0.7083330154418945,0.6733086109161377,223488000
2013-06-13,0.7337499856948853,0.6974688172340393,151699200
2013-06-14,0.7208330035209656,0.6851904392242432,124339200
2013-06-17,0.7408329844474792,0.7042016386985779,158851200
2013-06-18,0.7583330273628235,0.7208362817764282,101404800
2013-06-19,0.7344790101051331,0.6981617212295532,175708800
2013-06-20,0.680312991142273,0.6466740369796753,241257600
2013-06-21,0.6707289814949036,0.6375638842582703,236985600
2013-06-24,0.6499999761581421,0.6178597211837769,221136000
2013-06-25,0.6638540029525757,0.6310288906097412,132422400
2013-06-26,0.6819790005683899,0.6482575535774231,119865600
2013-06-27,0.6895830035209656,0.6554855704307556,113683200
2013-06-28,0.691457986831665,0.6572680473327637,156076800
2013-07-01,0.706250011920929,0.6713286638259888,103891200
2013-07-02,0.7065629959106445,0.6716260313987732,124377600
2013-07-03,0.7161459922790527,0.6807351112365723,53769600
2013-07-05,0.7319790124893188,0.6957854628562927,114441600
2013-07-08,0.734375,0.6980628967285156,88281600
2013-07-09,0.7478129863739014,0.7108362317085266,84316800
2013-07-10,0.7604169845581055,0.7228171229362488,100867200
2013-07-11,0.8078129887580872,0.7678695321083069,153024000
2013-07-12,0.8162500262260437,0.7758893966674805,83510400
2013-07-15,0.8226040005683899,0.781929075717926,91622400
2013-07-16,0.8193749785423279,0.7788597941398621,85219200
2013-07-17,0.8252080082893372,0.7844045162200928,79104000
2013-07-18,0.8191670179367065,0.7786620855331421,101136000
2013-07-19,0.7942709922790527,0.7549973130226135,108595200
2013-07-22,0.800000011920929,0.7604431509971619,85852800
2013-07-23,0.7821879982948303,0.7435117363929749,86428800
2013-07-24,0.7895830273628235,0.7505410313606262,105744000
2013-07-25,0.8038539886474609,0.7641063928604126,81110400
2013-07-26,0.817188024520874,0.7767811417579651,77654400
2013-07-29,0.8134379982948303,0.7732164859771729,72345600
2013-07-30,0.8255209922790527,0.7847020030021667,120960000
2013-07-31,0.8307290077209473,0.7896524667739868,110179200
2013-08-01,0.8560420274734497,0.8137139081954956,77596800
2013-08-02,0.8703129887580872,0.8272790908813477,97104000
2013-08-05,0.8721879720687866,0.8290614485740662,79440000
2013-08-06,0.8566669821739197,0.8143079876899719,93820800
2013-08-07,0.8517709970474243,0.8096540570259094,120585600
2013-08-08,0.8631250262260437,0.820446789264679,130598400
2013-08-09,0.8538540005683899,0.8116340637207031,98534400
2013-08-12,0.8591669797897339,0.8166844248771667,68822400
2013-08-13,0.8734380006790161,0.8302497863769531,154483200
2013-08-14,0.8637499809265137,0.8210406303405762,94368000
2013-08-15,0.8204169869422913,0.7798503041267395,132883200
2013-08-16,0.8174999952316284,0.7770776152610779,70176000
2013-08-19,0.8142709732055664,0.7740083336830139,90115200
2013-08-20,0.8254169821739197,0.7846032381057739,88752000
2013-08-21,0.817188024520874,0.7767811417579651,159686400
2013-08-22,0.840520977973938,0.7989601492881775,71260800
2013-08-23,0.8582289814949036,0.8157928586006165,76512000
2013-08-26,0.8589580059051514,0.8164856433868408,74918400
2013-08-27,0.8048959970474243,0.76509690284729,200131200
2013-08-28,0.8153129816055298,0.7749988436698914,102038400
2013-08-29,0.8321880102157593,0.7910393476486206,129465600
2013-08-30,0.8166670203208923,0.7762858271598816,121996800
2013-09-03,0.8301039934158325,0.7890583872795105,85699200
2013-09-04,0.8571879863739014,0.8148031830787659,83078400
2013-09-05,0.8609380125999451,0.8183677196502686,48451200
2013-09-06,0.864063024520874,0.8213383555412292,122121600
2013-09-09,0.894478976726532,0.8502501845359802,94281600
2013-09-10,0.9080209732055664,0.8631227016448975,151929600
2013-09-11,0.9034379720687866,0.8587661981582642,106118400
2013-09-12,0.8993750214576721,0.854904294013977,66921600
2013-09-13,0.902292013168335,0.8576770424842834,80860800
2013-09-16,0.8946880102157593,0.8504489064216614,132374400
2013-09-17,0.9126039743423462,0.8674790859222412,66940800
2013-09-18,0.9461460113525391,0.8993626832962036,127507200
2013-09-19,0.9519789814949036,0.9049072265625,71404800
2013-09-20,0.9415630102157593,0.8950061202049255,108153600
2013-09-23,0.9362499713897705,0.8899556994438171,134889600
2013-09-24,0.9364579916000366,0.8901536464691162,82003200
2013-09-25,0.9276040196418762,0.8817374110221863,108662400
2013-09-26,0.9488540291786194,0.9019365906715393,89020800
2013-09-27,0.9443749785423279,0.8976791501045227,73200000
2013-09-30,0.9384379982948303,0.8920356035232544,123292800
2013-10-01,0.9665629863739014,0.9187700152397156,87888000
2013-10-02,0.964792013168335,0.9170865416526794,86313600
2013-10-03,0.9312499761581421,0.8852031826972961,161577600
2013-10-04,0.9552080035209656,0.9079766273498535,92112000
2013-10-07,0.9315630197525024,0.8855005502700806,99340800
2013-10-08,0.878853976726532,0.8353977799415588,234777600
2013-10-09,0.8691669702529907,0.8261898159980774,218448000
2013-10-10,0.9243749976158142,0.8786680102348328,144720000
2013-10-11,0.9452080130577087,0.8984709978103638,130147200
2013-10-14,0.964792013168335,0.9170865416526794,140956800
2013-10-15,0.9544789791107178,0.90728360414505,162076800
2013-10-16,0.9870830178260803,0.9382753968238831,129302400
2013-10-17,1.003021001815796,0.9534253478050232,166368000
2013-10-18,1.0526039600372314,1.000556468963623,135110400
2013-10-21,1.0586459636688232,1.0062998533248901,99369600
2013-10-22,1.0622919797897339,1.0097655057907104,157660800
2013-10-23,1.0452079772949219,0.9935262799263,161184000
2013-10-24,1.0582289695739746,1.0059032440185547,108547200
2013-10-25,1.0793750286102295,1.0260038375854492,140467200
2013-10-28,1.0815629959106445,1.0280838012695312,83251200
2013-10-29,1.086771011352539,1.0330342054367065,84105600
2013-10-30,1.0833330154418945,1.0297662019729614,198662400
2013-10-31,1.0763540267944336,1.02313232421875,141782400
2013-11-01,1.0758329629898071,1.022636890411377,163132800
2013-11-04,1.0810420513153076,1.0275884866714478,91641600
2013-11-05,1.0856250524520874,1.0319451093673706,132124800
2013-11-06,1.0837500095367432,1.0301622152328491,163910400
2013-11-07,1.0236459970474243,0.9730305075645447,232934400
2013-11-08,1.0640629529953003,1.0114489793777466,118080000
2013-11-11,1.0589580535888672,1.006596565246582,63494400
2013-11-12,1.0641670227050781,1.0115480422973633,108777600
2013-11-13,1.1022919416427612,1.0477877855300903,126470400
2013-11-14,1.1108330488204956,1.055906891822815,118819200
2013-11-15,1.118541955947876,1.0632344484329224,89203200
2013-11-18,1.08760404586792,1.0338259935379028,143846400
2013-11-19,1.0768749713897705,1.023627519607544,102192000
2013-11-20,1.0693750381469727,1.016498327255249,125865600
2013-11-21,1.1020829677581787,1.0475890636444092,86592000
2013-11-22,1.1194789409637451,1.0641248226165771,87014400
2013-11-25,1.1268750429153442,1.071155071258545,92582400
2013-11-26,1.1455210447311401,1.0888794660568237,106713600
2013-11-27,1.1684379577636719,1.1106630563735962,137894400
2013-11-29,1.1876039505004883,1.1288812160491943,91622400
2013-12-02,1.1802079677581787,1.1218512058258057,165936000
2013-12-03,1.1767710447311401,1.118584156036377,134544000
2013-12-04,1.179792046546936,1.1214556694030762,133996800
2013-12-05,1.1761460304260254,1.1179901361465454,126480000
2013-12-06,1.2004170417785645,1.1410610675811768,142588800
2013-12-09,1.214792013168335,1.1547250747680664,112608000
2013-12-10,1.21260404586792,1.1526451110839844,93004800
2013-12-11,1.1672919988632202,1.1095736026763916,148464000
2013-12-12,1.1578129529953003,1.1005635261535645,107347200
2013-12-13,1.152292013168335,1.0953153371810913,81206400
2013-12-16,1.1720830202102661,1.1141279935836792,74966400
2013-12-17,1.164687991142273,1.1070985794067383,72960000
2013-12-18,1.2048959732055664,1.1453181505203247,161596800
2013-12-19,1.1940629482269287,1.1350210905075073,117177600
2013-12-20,1.2300000190734863,1.169180989265442,113750400
2013-12-23,1.2697919607162476,1.2070050239562988,112502400
2013-12-24,1.2715630531311035,1.2086890935897827,38006400
2013-12-26,1.2839579582214355,1.2204710245132446,55814400
2013-12-27,1.2745829820632935,1.211559534072876,73939200
2013-12-30,1.2679170370101929,1.2052234411239624,53078400
2013-12-31,1.2928129434585571,1.2288882732391357,64176000
2014-01-02,1.262603998184204,1.2001726627349854,98976000
2014-01-03,1.235103964805603,1.1740326881408691,97545600
2014-01-06,1.221979022026062,1.161556601524353,125923200
2014-01-07,1.2536460161209106,1.1916576623916626,92313600
2014-01-08,1.2630209922790527,1.2005695104599,93264000
2014-01-09,1.25,1.1881920099258423,105561600
2014-01-10,1.2625000476837158,1.2000738382339478,119942400
2014-01-13,1.206354022026062,1.1467039585113525,173107200
2014-01-14,1.2754169702529907,1.2123522758483887,138076800
2014-01-15,1.3052079677581787,1.240670084953308,120528000
2014-01-16,1.3079169988632202,1.243245244026184,70512000
2014-01-17,1.2846879959106445,1.2211648225784302,84460800
2014-01-21,1.313438057899475,1.2484934329986572,88022400
2014-01-22,1.325624942779541,1.260077714920044,78432000
2014-01-23,1.3096879720687866,1.2449283599853516,129052800
2014-01-24,1.2320829629898071,1.1711610555648804,141648000
2014-01-27,1.1962499618530273,1.137100100517273,177729600
2014-01-28,1.1958329677581787,1.136703372001648,109497600
2014-01-29,1.1581250429153442,1.1008602380752563,136497600
2014-01-30,1.2191669940948486,1.1588839292526245,116438400
2014-01-31,1.2106250524520874,1.1507641077041626,84532800
2014-02-03,1.130416989326477,1.0745220184326172,183926400
2014-02-04,1.152500033378601,1.095513105392456,90672000
2014-02-05,1.1418750286102295,1.0854134559631348,108513600
2014-02-06,1.1856249570846558,1.1270002126693726,73977600
2014-02-07,1.2485419511795044,1.186806082725525,111456000
2014-02-10,1.2714580297470093,1.2085893154144287,83284800
2014-02-11,1.315000057220459,1.2499780654907227,117504000
2014-02-12,1.3212499618530273,1.2559189796447754,108451200
2014-02-13,1.3552080392837524,1.2881982326507568,106507200
2014-02-14,1.3591669797897339,1.2919610738754272,94876800
2014-02-18,1.380416989326477,1.3121602535247803,69292800
2014-02-19,1.350208044052124,1.2834450006484985,136531200
2014-02-20,1.3697919845581055,1.3020609617233276,102643200
2014-02-21,1.3627079725265503,1.2953273057937622,83976000
2014-02-24,1.386667013168335,1.3181012868881226,99422400
2014-02-25,1.3816670179367065,1.313348650932312,92985600
2014-02-26,1.3770829439163208,1.3089913129806519,82929600
2014-02-27,1.4041670560836792,1.3347363471984863,87964800
2014-02-28,1.397083044052124,1.3280022144317627,136718400
2014-03-03,1.3664580583572388,1.2988920211791992,158558400
2014-03-04,1.4214580059051514,1.3511722087860107,108993600
2014-03-05,1.4331250190734863,1.3622623682022095,77064000
2014-03-06,1.4277080297470093,1.357113003730774,92803200
2014-03-07,1.4072920083999634,1.3377065658569336,132518400
2014-03-10,1.410207986831665,1.3404784202575684,75580800
2014-03-11,1.3927079439163208,1.3238438367843628,119774400
2014-03-12,1.4083329439163208,1.338696002960205,109612800
2014-03-13,1.3485419750213623,1.2818615436553955,188414400
2014-03-14,1.3208329677581787,1.2555224895477295,107318400
2014-03-17,1.3560420274734497,1.2889906167984009,116942400
2014-03-18,1.4047919511795044,1.3353303670883179,113006400
2014-03-19,1.3816670179367065,1.313348650932312,136444800
2014-03-20,1.3925000429153442,1.3236461877822876,87638400
2014-03-21,1.3414579629898071,1.2751277685165405,198307200
2014-03-24,1.3077080249786377,1.2430466413497925,266145600
2014-03-25,1.3197920322418213,1.2545331716537476,172516800
2014-03-26,1.269582986831665,1.2068066596984863,201331200
2014-03-27,1.2470829486846924,1.1854190826416016,201993600
2014-03-28,1.2552080154418945,1.1931426525115967,166440000
2014-03-31,1.2802079916000366,1.2169064283370972,162441600
2014-04-01,1.3495830297470093,1.282851219177246,178041600
2014-04-02,1.3602080345153809,1.2929508686065674,163224000
2014-04-03,1.328125,1.2624539136886597,159619200
2014-04-04,1.222707986831665,1.1622496843338013,371011200
2014-04-07,1.1860419511795044,1.127396583557129,312662400
2014-04-08,1.2191669940948486,1.1588839292526245,243240000
2014-04-09,1.2816669940948486,1.2182931900024414,221961600
2014-04-10,1.1633330583572388,1.105810523033142,322276800
2014-04-11,1.1227079629898071,1.0671939849853516,211876800
2014-04-14,1.1479170322418213,1.0911569595336914,281275200
2014-04-15,1.1593749523162842,1.1020482778549194,562051200
2014-04-16,1.2043750286102295,1.1448230743408203,251414400
2014-04-17,1.2050000429153442,1.1454172134399414,176625600
2014-04-21,1.2322920560836792,1.1713597774505615,144249600
2014-04-22,1.2625000476837158,1.2000738382339478,150321600
2014-04-23,1.228124976158142,1.1673986911773682,131366400
2014-04-24,1.2643749713897705,1.201856255531311,250776000
2014-04-25,1.2033330202102661,1.1438325643539429,244747200
2014-04-28,1.216249942779541,1.1561105251312256,482083200
2014-04-29,1.2431249618530273,1.181657314300537,243633600
2014-04-30,1.2541669607162476,1.192152976989746,184075200
2014-05-01,1.2654169797897339,1.2028467655181885,143750400
2014-05-02,1.259166955947876,1.1969057321548462,151905600
2014-05-05,1.2770830392837524,1.2139359712600708,115790400
2014-05-06,1.2277079820632935,1.1670022010803223,161644800
2014-05-07,1.2166670560836792,1.1565074920654297,261907200
2014-05-08,1.212499976158142,1.1525461673736572,219216000
2014-05-09,1.226667046546936,1.1660128831863403,156475200
2014-05-12,1.2864580154418945,1.2228474617004395,127684800
2014-05-13,1.289167046546936,1.2254222631454468,117729600
2014-05-14,1.2699999809265137,1.2072031497955322,98640000
2014-05-15,1.240625023841858,1.1792807579040527,201480000
2014-05-16,1.2637499570846558,1.2012622356414795,142910400
2014-05-19,1.2908329963684082,1.227005958557129,120528000
2014-05-20,1.2766669988632202,1.2135404348373413,162331200
2014-05-21,1.3127080202102661,1.247799277305603,123619200
2014-05-22,1.3289580345153809,1.2632460594177246,126480000
2014-05-23,1.3587499856948853,1.2915648221969604,95136000
2014-05-27,1.4097919464111328,1.3400826454162598,118387200
2014-05-28,1.3964580297470093,1.3274083137512207,118435200
2014-05-29,1.4247920513153076,1.3543412685394287,87302400
2014-05-30,1.4235420227050781,1.353153109550476,113347200
2014-06-02,1.4199999570846558,1.3497862815856934,101270400
2014-06-03,1.417917013168335,1.3478059768676758,95102400
2014-06-04,1.4329169988632202,1.3620647192001343,105355200
2014-06-05,1.4702080488204956,1.3975117206573486,176107200
2014-06-06,1.4939579963684082,1.4200870990753174,79219200
2014-06-09,1.4912500381469727,1.4175132513046265,124171200
2014-06-10,1.4997919797897339,1.4256325960159302,72796800
2014-06-11,1.497499942779541,1.4234541654586792,96979200
2014-06-12,1.4583330154418945,1.3862240314483643,120974400
2014-06-13,1.4683330059051514,1.395729422569275,72019200
2014-06-16,1.4737499952316284,1.4008785486221313,89956800
2014-06-17,1.4758330583572388,1.4028584957122803,95640000
2014-06-18,1.5027079582214355,1.428404450416565,114801600
2014-06-19,1.4968750476837158,1.4228602647781372,105950400
2014-06-20,1.5022920370101929,1.428009271621704,56592000
2014-06-23,1.503957986831665,1.4295926094055176,69408000
2014-06-24,1.4997919797897339,1.4256325960159302,160248000
2014-06-25,1.5270830392837524,1.451816439628601,84523200
2014-06-26,1.53125,1.4557781219482422,87580800
2014-06-27,1.5464580059051514,1.4702365398406982,73857600
2014-06-30,1.5579169988632202,1.4811304807662964,54451200
2014-07-01,1.6102080345153809,1.5308443307876587,66057600
2014-07-02,1.6164580583572388,1.5367863178253174,81801600
2014-07-03,1.6475000381469727,1.5662983655929565,64636800
2014-07-07,1.6316670179367065,1.551245927810669,87950400
2014-07-08,1.5747920274734497,1.4971740245819092,151752000
2014-07-09,1.6104170083999634,1.5310428142547607,136963200
2014-07-10,1.5952080488204956,1.5165836811065674,123244800
2014-07-11,1.6229170560836792,1.5429269075393677,121689600
2014-07-14,1.6539579629898071,1.5724377632141113,107059200
2014-07-15,1.636667013168335,1.5559992790222168,148536000
2014-07-16,1.6552079916000366,1.5736263990402222,106608000
2014-07-17,1.5891669988632202,1.5108405351638794,160924800
2014-07-18,1.6643749475479126,1.5823414325714111,116976000
2014-07-21,1.6583329439163208,1.5765972137451172,94900800
2014-07-22,1.691249966621399,1.6078921556472778,107457600
2014-07-23,1.7229169607162476,1.6379978656768799,102460800
2014-07-24,1.7168749570846558,1.632253885269165,87460800
2014-07-25,1.6958329677581787,1.6122488975524902,92856000
2014-07-28,1.6979169845581055,1.6142302751541138,91963200
2014-07-29,1.6893750429153442,1.606109380722046,79252800
2014-07-30,1.709583044052124,1.6253212690353394,107611200
2014-07-31,1.605417013168335,1.5262895822525024,138916800
2014-08-01,1.5868749618530273,1.5086612701416016,172324800
2014-08-04,1.6193749904632568,1.5395596027374268,144182400
2014-08-05,1.5814579725265503,1.5035114288330078,167539200
2014-08-06,1.5787500143051147,1.5009366273880005,119299200
2014-08-07,1.5635420083999634,1.486478567123413,153604800
2014-08-08,1.5968749523162842,1.5181689262390137,124464000
2014-08-11,1.6258330345153809,1.545699119567871,74352000
2014-08-12,1.6220829486846924,1.5421339273452759,90931200
2014-08-13,1.6747920513153076,1.5922452211380005,81278400
2014-08-14,1.700624942779541,1.616804599761963,103089600
2014-08-15,1.7237499952316284,1.6387903690338135,155956800
2014-08-18,1.7654169797897339,1.6784032583236694,79348800
2014-08-19,1.7958329916000366,1.7073200941085815,78628800
2014-08-20,1.7958329916000366,1.7073200941085815,70651200
2014-08-21,1.806041955947876,1.7170262336730957,67900800
2014-08-22,1.8131250143051147,1.7237602472305298,76814400
2014-08-25,1.8333330154418945,1.7429721355438232,67977600
2014-08-26,1.8395830392837524,1.748914122581482,41716800
2014-08-27,1.839792013168335,1.7491127252578735,36715200
2014-08-28,1.8322919607162476,1.7419825792312622,64838400
2014-08-29,1.8537499904632568,1.762382984161377,52272000
2014-09-02,1.8691669702529907,1.7770397663116455,64300800
2014-09-03,1.8370829820632935,1.746537208557129,82636800
2014-09-04,1.8312499523162842,1.7409918308258057,82084800
2014-09-05,1.8595830202102661,1.767928123474121,83227200
2014-09-08,1.8689579963684082,1.776841163635254,70872000
2014-09-09,1.8235419988632202,1.73366379737854,129393600
2014-09-10,1.865833044052124,1.7738703489303589,72417600
2014-09-11,1.8643749952316284,1.7724841833114624,119318400
2014-09-12,1.8350000381469727,1.7445569038391113,113740800
2014-09-15,1.7797919511795044,1.6920697689056396,128486400
2014-09-16,1.8279169797897339,1.7378226518630981,126892800
2014-09-17,1.8368749618530273,1.7463394403457642,113553600
2014-09-18,1.8764580488204956,1.7839715480804443,79512000
2014-09-19,1.8722920417785645,1.7800108194351196,110217600
2014-09-22,1.8214579820632935,1.7316821813583374,108177600
2014-09-23,1.8056249618530273,1.7166296243667603,100800000
2014-09-24,1.8641669750213623,1.77228581905365,116582400
2014-09-25,1.7458330392837524,1.6597847938537598,212798400
2014-09-26,1.8016669750213623,1.7128667831420898,148252800
2014-09-29,1.7956249713897705,1.7071223258972168,114537600
2014-09-30,1.802291989326477,1.7134606838226318,154094400
2014-10-01,1.7160420417785645,1.6314619779586792,213480000
2014-10-02,1.7152080535888672,1.630669355392456,217972800
2014-10-03,1.7668750286102295,1.6797897815704346,153676800
2014-10-06,1.7547919750213623,1.6683019399642944,147307200
2014-10-07,1.6806249618530273,1.5977908372879028,163651200
2014-10-08,1.7777080535888672,1.6900887489318848,213129600
2014-10-09,1.6891670227050781,1.6059118509292603,223022400
2014-10-10,1.5627080202102661,1.4856853485107422,296428800
2014-10-13,1.4895830154418945,1.416164517402649,273302400
2014-10-14,1.492292046546936,1.4187405109405518,370809600
2014-10-15,1.4604170322418213,1.3884364366531372,485097600
2014-10-16,1.4377080202102661,1.3668463230133057,335961600
2014-10-17,1.4939579963684082,1.4203243255615234,264350400
2014-10-20,1.5583330392837524,1.4815261363983154,154464000
2014-10-21,1.6802079677581787,1.597394347190857,211699200
2014-10-22,1.6541670560836792,1.5726368427276611,187920000
2014-10-23,1.7297919988632202,1.6445344686508179,169886400
2014-10-24,1.769582986831665,1.6823641061782837,170563200
2014-10-27,1.7762500047683716,1.6887028217315674,138244800
2014-10-28,1.855625033378601,1.7641650438308716,159686400
2014-10-29,1.8333330154418945,1.7429721355438232,179404800
2014-10-30,1.8447920083999634,1.753866195678711,161985600
2014-10-31,1.9208329916000366,1.8261595964431763,176371200
2014-11-03,1.9406249523162842,1.8449755907058716,140961600
2014-11-04,1.9199999570846558,1.8253672122955322,138648000
2014-11-05,1.9197920560836792,1.8251696825027466,138744000
2014-11-06,1.9362499713897705,1.8408164978027344,97272000
2014-11-07,1.9314579963684082,1.8362607955932617,110812800
2014-11-10,1.9512499570846558,1.8550770282745361,103372800
2014-11-11,1.9697920083999634,1.8727052211761475,105619200
2014-11-12,1.980625033378601,1.8830044269561768,96201600
2014-11-13,2.006042003631592,1.9071686267852783,182164800
2014-11-14,2.024583101272583,1.9247961044311523,114816000
2014-11-17,2.005625009536743,1.9067717790603638,141355200
2014-11-18,2.0506250858306885,1.9495543241500854,111820800
2014-11-19,2.024583101272583,1.9247961044311523,148809600
2014-11-20,2.0514578819274902,1.9503459930419922,99556800
2014-11-21,2.0662500858306885,1.9644088745117188,152947200
2014-11-24,2.112916946411133,2.0087757110595703,126206400
2014-11-25,2.1197919845581055,2.0153121948242188,151536000
2014-11-26,2.1631250381469727,2.056509494781494,105633600
2014-11-28,2.1954169273376465,2.087209701538086,72571200
2014-12-01,2.114375114440918,2.010162591934204,156187200
2014-12-02,2.137083053588867,2.0317506790161133,129892800
2014-12-03,2.1564579010009766,2.050170660018921,131942400
2014-12-04,2.1500000953674316,2.0440313816070557,154036800
2014-12-05,2.1514580249786377,2.045417547225952,113630400
2014-12-08,2.1050000190734863,2.001249313354492,169281600
2014-12-09,2.1254169940948486,2.020659923553467,170688000
2014-12-10,2.0225000381469727,1.922815203666687,134529600
2014-12-11,2.0541670322418213,1.952921748161316,136032000
2014-12-12,1.9862500429153442,1.8883519172668457,153787200
2014-12-15,1.9266669750213623,1.831705927848816,235948800
2014-12-16,1.8310420513153076,1.7407941818237305,212856000
2014-12-17,1.9293750524520874,1.834280252456665,182726400
2014-12-18,2.0708329677581787,1.9687663316726685,186744000
2014-12-19,2.0939579010009766,1.9907517433166504,154828800
2014-12-22,2.112916946411133,2.00911545753479,110457600
2014-12-23,2.092708110809326,1.9898996353149414,115920000
2014-12-24,2.09708309173584,1.9940598011016846,43982400
2014-12-26,2.139583110809326,2.0344717502593994,86088000
2014-12-29,2.140000104904175,2.034868001937866,62328000
2014-12-30,2.0958330631256104,1.992870807647705,123859200
2014-12-31,2.030208110809326,1.9304695129394531,117091200
2015-01-02,2.0135419368743896,1.91462242603302,122227200
2015-01-05,1.9229170083999634,1.8284499645233154,127017600
2015-01-06,1.8466670513153076,1.7559455633163452,168643200
2015-01-07,1.9177080392837524,1.823496699333191,137467200
2015-01-08,2.027082920074463,1.9274979829788208,144936000
2015-01-09,1.9860420227050781,1.888473391532898,181420800
2015-01-12,1.9249999523162842,1.8304303884506226,165254400
2015-01-13,1.9233330488204956,1.8288451433181763,199708800
2015-01-14,1.8937499523162842,1.800715446472168,216148800
2015-01-15,1.8185420036315918,1.729202389717102,196012800
2015-01-16,1.8833329677581787,1.790810227394104,141796800
2015-01-20,1.9249999523162842,1.8304303884506226,141892800
2015-01-21,1.9545830488204956,1.8585600852966309,133531200
2015-01-22,2.063333034515381,1.9619675874710083,162657600
2015-01-23,2.077083110809326,1.9750422239303589,142358400
2015-01-26,2.072499990463257,1.9706834554672241,100804800
2015-01-27,1.9120830297470093,1.8181480169296265,223987200
2015-01-28,1.8791669607162476,1.786849021911621,188928000
2015-01-29,1.933542013168335,1.8385528326034546,176558400
2015-01-30,1.8891669511795044,1.79635751247406,218222400
2015-02-02,1.9387500286102295,1.8435050249099731,198844800
2015-02-03,1.9916670322418213,1.8938225507736206,182332800
2015-02-04,1.9864579439163208,1.888869047164917,124632000
2015-02-05,2.0391669273376465,1.938988447189331,100324800
2015-02-06,2.0020830631256104,1.9037266969680786,123528000
2015-02-09,1.9800000190734863,1.882728099822998,95793600
2015-02-10,2.07479190826416,1.9728635549545288,119256000
2015-02-11,2.0981249809265137,1.9950501918792725,121852800
2015-02-12,2.1714580059051514,2.0647804737091064,153100800
2015-02-13,2.226249933242798,2.116880178451538,120897600
2015-02-17,2.2322919368743896,2.1226258277893066,82728000
2015-02-18,2.241874933242798,2.13173770904541,70478400
2015-02-19,2.275624990463257,2.163830041885376,75590400
2015-02-20,2.3193750381469727,2.205430746078491,90772800
2015-02-23,2.3285419940948486,2.2141475677490234,78974400
2015-02-24,2.3333330154418945,2.218703269958496,104601600
2015-02-25,2.3145830631256104,2.200873851776123,112550400
2015-02-26,2.349792003631592,2.234353542327881,116337600
2015-02-27,2.3187499046325684,2.20483660697937,88790400
2015-03-02,2.3812499046325684,2.264266014099121,89044800
2015-03-03,2.34708309173584,2.2317774295806885,128390400
2015-03-04,2.321042060852051,2.2070162296295166,116640000
2015-03-05,2.331249952316284,2.216722249984741,92347200
2015-03-06,2.251041889190674,2.1404547691345215,149726400
2015-03-09,2.272707939147949,2.1610562801361084,113270400
2015-03-10,2.1468749046325684,2.041405200958252,191966400
2015-03-11,2.1091670989990234,2.005549907684326,223152000
2015-03-12,2.149583101272583,2.043980360031128,122390400
2015-03-13,2.121875047683716,2.0176334381103516,198115200
2015-03-16,2.203125,2.0948915481567383,114960000
2015-03-17,2.21541690826416,2.1065797805786133,97363200
2015-03-18,2.2791669368743896,2.1671981811523438,167822400
2015-03-19,2.290208101272583,2.17769718170166,111384000
2015-03-20,2.337707996368408,2.2228634357452393,104812800
2015-03-23,2.318125009536743,2.20424222946167,99235200
2015-03-24,2.2945830821990967,2.181856632232666,92980800
2015-03-25,2.1343750953674316,2.029721975326538,175886400
2015-03-26,2.116874933242798,2.01308012008667,196560000
2015-03-27,2.13729190826416,2.0324959754943848,98544000
2015-03-30,2.2141671180725098,2.1056015491485596,151214400
2015-03-31,2.145625114440918,2.0404202938079834,124507200
2015-04-01,2.109375,2.005948066711426,175876800
2015-04-02,2.112916946411133,2.0093157291412354,110577600
2015-04-06,2.163749933242798,2.057657241821289,150945600
2015-04-07,2.153749942779541,2.048147201538086,114691200
2015-04-08,2.2049999237060547,2.096884250640869,169142400
2015-04-09,2.246042013168335,2.135913848876953,110928000
2015-04-10,2.2729170322418213,2.161470890045166,113385600
2015-04-13,2.256042003631592,2.1454224586486816,115200000
2015-04-14,2.2366669178009033,2.126997947692871,168974400
2015-04-15,2.276249885559082,2.164640426635742,95356800
2015-04-16,2.2683329582214355,2.157111406326294,90888000
2015-04-17,2.162292003631592,2.056269645690918,186427200
2015-04-20,2.258958101272583,2.14819598197937,142195200
2015-04-21,2.287916898727417,2.1757357120513916,127387200
2015-04-22,2.325000047683716,2.2109999656677246,121915200
2015-04-23,2.352916955947876,2.237548351287842,131001600
2015-04-24,2.444999933242798,2.3251166343688965,142416000
2015-04-27,2.429374933242798,2.3102574348449707,161160000
2015-04-28,2.4135420322418213,2.295201301574707,171753600
2015-04-29,2.367500066757202,2.2514164447784424,193953600
2015-04-30,2.2562499046325684,2.1456212997436523,308169600
2015-05-01,2.3475000858306885,2.2323968410491943,190012800
2015-05-04,2.355833053588867,2.240321636199951,131971200
2015-05-05,2.2441670894622803,2.1341307163238525,280694400
2015-05-06,2.1962499618530273,2.0885627269744873,213398400
2015-05-07,2.2339580059051514,2.124422073364258,168619200
2015-05-08,2.31583309173584,2.202282428741455,178377600
2015-05-11,2.290416955947876,2.178112506866455,139027200
2015-05-12,2.2608330249786377,2.1499786376953125,190334400
2015-05-13,2.2725000381469727,2.16107439994812,132499200
2015-05-14,2.3731250762939453,2.256765604019165,176832000
2015-05-15,2.3729169368743896,2.2565674781799316,146505600
2015-05-18,2.402082920074463,2.2843031883239746,110587200
2015-05-19,2.3952078819274902,2.2777652740478516,98577600
2015-05-20,2.399167060852051,2.2815310955047607,111264000
2015-05-21,2.436875104904175,2.317389965057373,92222400
2015-05-22,2.4302079677581787,2.311049461364746,79819200
2015-05-26,2.3460419178009033,2.231010675430298,140457600
2015-05-27,2.4589579105377197,2.3383898735046387,134289600
2015-05-28,2.44083309173584,2.321153402328491,90643200
2015-05-29,2.399583101272583,2.281925916671753,106060800
2015-06-01,2.4206249713897705,2.301936149597168,137160000
2015-06-02,2.3985419273376465,2.2809362411499023,131462400
2015-06-03,2.4195830821990967,2.300945520401001,117067200
2015-06-04,2.366874933242798,2.250821590423584,185702400
2015-06-05,2.3489580154418945,2.23378324508667,138590400
2015-06-08,2.277082920074463,2.165433168411255,144422400
2015-06-09,2.2658329010009766,2.154733896255493,153000000
2015-06-10,2.3556249141693115,2.2401235103607178,154766400
2015-06-11,2.368541955947876,2.2524073123931885,117081600
2015-06-12,2.308332920074463,2.195150136947632,120897600
2015-06-15,2.2764580249786377,2.1648383140563965,200884800
2015-06-16,2.3112499713897705,2.1979241371154785,101265600
2015-06-17,2.330625057220459,2.2163493633270264,168388800
2015-06-18,2.4291670322418213,2.3100595474243164,162628800
2015-06-19,2.392082929611206,2.2747936248779297,84628800
2015-06-22,2.44979190826416,2.3296730518341064,131716800
2015-06-23,2.4558329582214355,2.3354179859161377,114907200
2015-06-24,2.4181249141693115,2.2995588779449463,84902400
2015-06-25,2.402292013168335,2.2845020294189453,85204800
2015-06-26,2.357707977294922,2.2421042919158936,131904000
2015-06-29,2.191041946411133,2.0836100578308105,273744000
2015-06-30,2.2160420417785645,2.107384443283081,176793600
2015-07-01,2.261457920074463,2.150573492050171,141624000
2015-07-02,2.2699999809265137,2.1586968898773193,105523200
2015-07-06,2.250833034515381,2.140469789505005,131808000
2015-07-07,2.26229190826416,2.1513664722442627,250329600
2015-07-08,2.1489579677581787,2.0435900688171387,184881600
2015-07-09,2.1427080631256104,2.0376458168029785,125260800
2015-07-10,2.2422919273376465,2.13234806060791,123259200
2015-07-13,2.356874942779541,2.241312026977539,104860800
2015-07-14,2.4041669368743896,2.286285161972046,102201600
2015-07-15,2.4156250953674316,2.2971818447113037,119140800
2015-07-16,2.509999990463257,2.3869292736053467,139680000
2015-07-17,2.6247920989990234,2.4960927963256836,143328000
2015-07-20,2.6541669368743896,2.5240273475646973,95889600
2015-07-21,2.6468749046325684,2.517092704772949,87408000
2015-07-22,2.559999942779541,2.4344775676727295,108388800
2015-07-23,2.5293750762939453,2.4053544998168945,96782400
2015-07-24,2.4574999809265137,2.337003231048584,106473600
2015-07-27,2.3943750858306885,2.2769739627838135,120624000
2015-07-28,2.4574999809265137,2.337003231048584,155596800
2015-07-29,2.484999895095825,2.3631551265716553,121737600
2015-07-30,2.519582986831665,2.396042585372925,137044800
2015-07-31,2.5118749141693115,2.3887124061584473,109036800
2015-08-03,2.4887499809265137,2.3667216300964355,147734400
2015-08-04,2.472707986831665,2.3514654636383057,141350400
2015-08-05,2.530625104904175,2.406543254852295,127411200
2015-08-06,2.4091670513153076,2.2910399436950684,175296000
2015-08-07,2.399583101272583,2.281925916671753,160176000
2015-08-10,2.4806249141693115,2.358994722366333,133804800
2015-08-11,2.3860421180725098,2.2690489292144775,173289600
2015-08-12,2.407083034515381,2.2890584468841553,224347200
2015-08-13,2.396250009536743,2.278756618499756,140659200
2015-08-14,2.4091670513153076,2.2910399436950684,145982400
2015-08-17,2.4683330059051514,2.3473050594329834,125356800
2015-08-18,2.428957939147949,2.309860944747925,108998400
2015-08-19,2.3833329677581787,2.2664730548858643,235516800
2015-08-20,2.1870830059051514,2.079845905303955,300019200
2015-08-21,1.9149999618530273,1.8211033344268799,380289600
2015-08-24,1.6881250143051147,1.6053526401519775,392716800
2015-08-25,1.6658329963684082,1.5841532945632935,289665600
2015-08-26,1.90625,1.8127822875976562,285019200
2015-08-27,2.0552079677581787,1.9544365406036377,485952000
2015-08-28,2.053541898727417,1.9528522491455078,214094400
2015-08-31,1.9772919416427612,1.8803409337997437,206870400
2015-09-01,1.7979170083999634,1.709761381149292,313862400
2015-09-02,1.9441670179367065,1.8488401174545288,180278400
2015-09-03,1.9120830297470093,1.8183293342590332,223224000
2015-09-04,1.8481249809265137,1.757507562637329,279643200
2015-09-08,2.005000114440918,1.906690239906311,225350400
2015-09-09,1.9352079629898071,1.840320348739624,281284800
2015-09-10,1.9970829486846924,1.8991615772247314,247161600
2015-09-11,2.0293750762939453,1.92987060546875,189720000
2015-09-14,2.0112500190734863,1.912634015083313,176664000
2015-09-15,2.08145809173584,1.97939932346344,152654400
2015-09-16,2.1162500381469727,2.012485980987549,140414400
2015-09-17,2.1220829486846924,2.0180325508117676,242361600
2015-09-18,2.032291889190674,1.9326441287994385,272342400
2015-09-21,2.0495829582214355,1.9490877389907837,200313600
2015-09-22,1.9591670036315918,1.8631047010421753,283795200
2015-09-23,1.962291955947876,1.8660762310028076,223761600
2015-09-24,1.9395829439163208,1.8444812297821045,293836800
2015-09-25,1.8925000429153442,1.7997066974639893,283824000
2015-09-28,1.7293750047683716,1.6445798873901367,360057600
2015-09-29,1.7037500143051147,1.6202116012573242,365750400
2015-09-30,1.816457986831665,1.7273929119110107,333864000
2015-10-01,1.8418749570846558,1.7515640258789062,219264000
2015-10-02,1.9375,1.8425003290176392,317404800
2015-10-05,2.0258328914642334,1.926501750946045,208152000
2015-10-06,1.9968750476837158,1.8989639282226562,230121600
2015-10-07,2.0289580821990967,1.929473876953125,253108800
2015-10-08,2.0537500381469727,1.953050136566162,291873600
2015-10-09,2.078749895095825,1.9768242835998535,175224000
2015-10-12,2.096250057220459,1.9934661388397217,152539200
2015-10-13,2.0552079677581787,1.9544365406036377,212966400
2015-10-14,2.0464580059051514,1.9461153745651245,183331200
2015-10-15,2.1464579105377197,2.041212558746338,214569600
2015-10-16,2.1731250286102295,2.066572427749634,132643200
2015-10-19,2.212083101272583,2.1036198139190674,163622400
2015-10-20,2.175416946411133,2.068751573562622,145252800
2015-10-21,2.1404170989990234,2.035468101501465,176496000
2015-10-22,2.267292022705078,2.1561217308044434,259752000
2015-10-23,2.4558329582214355,2.3354179859161377,204057600
2015-10-26,2.463124990463257,2.3423519134521484,119889600
2015-10-27,2.4791669845581055,2.35760760307312,104462400
2015-10-28,2.5366671085357666,2.4122889041900635,208958400
2015-10-29,2.527292013168335,2.4033732414245605,99825600
2015-10-30,2.4927079677581787,2.3704848289489746,120072000
2015-11-02,2.5777080059051514,2.451317071914673,110601600
2015-11-03,2.602292060852051,2.4746954441070557,123624000
2015-11-04,2.603332996368408,2.4756855964660645,145833600
2015-11-05,2.5804169178009033,2.453892946243286,142252800
2015-11-06,2.5889580249786377,2.4620156288146973,136248000
2015-11-09,2.505625009536743,2.382768392562866,151315200
2015-11-10,2.487916946411133,2.36592960357666,98721600
2015-11-11,2.476875066757202,2.3554279804229736,100828800
2015-11-12,2.4049999713897705,2.2870776653289795,137928000
2015-11-13,2.2635419368743896,2.152555465698242,197697600
2015-11-16,2.357917070388794,2.2423033714294434,185544000
2015-11-17,2.366041898727417,2.2500295639038086,221414400
2015-11-18,2.501667022705078,2.379005193710327,196276800
2015-11-19,2.5054171085357666,2.382570743560791,103958400
2015-11-20,2.5552079677581787,2.4299211502075195,101995200
2015-11-23,2.53458309173584,2.4103071689605713,112876800
2015-11-24,2.5266671180725098,2.4027793407440186,132494400
2015-11-25,2.532291889190674,2.408128023147583,55977600
2015-11-27,2.5414578914642334,2.416844606399536,27206400
2015-11-30,2.5254170894622803,2.40159010887146,93273600
2015-12-01,2.600416898727417,2.472912549972534,117043200
2015-12-02,2.5531249046325684,2.4279398918151855,122092800
2015-12-03,2.422916889190674,2.3041164875030518,225912000
2015-12-04,2.5893750190734863,2.4624123573303223,173289600
2015-12-07,2.5577080249786377,2.432297706604004,138451200
2015-12-08,2.5579171180725098,2.4324965476989746,162600000
2015-12-09,2.4387500286102295,2.3191726207733154,289732800
2015-12-10,2.4733328819274902,2.352059841156006,162926400
2015-12-11,2.3037500381469727,2.1907918453216553,294873600
2015-12-14,2.355417013168335,2.2399260997772217,232344000
2015-12-15,2.3954169750213623,2.2779643535614014,191558400
2015-12-16,2.5012500286102295,2.378607988357544,196512000
2015-12-17,2.397083044052124,2.2795488834381104,189513600
2015-12-18,2.2654170989990234,2.154338836669922,204955200
2015-12-21,2.3327078819274902,2.2183303833007812,128059200
2015-12-22,2.3768749237060547,2.260331630706787,134044800
2015-12-23,2.4312500953674316,2.312040328979492,109896000
2015-12-24,2.4262499809265137,2.307285785675049,48480000
2015-12-28,2.4256250858306885,2.3066914081573486,102672000
2015-12-29,2.536250114440918,2.4118924140930176,145305600
2015-12-30,2.4714579582214355,2.3502774238586426,89592000
2015-12-31,2.3797919750213623,2.2631051540374756,175905600
2016-01-04,2.234375,2.1248183250427246,265867200
2016-01-05,2.2143750190734863,2.105799436569214,132326400
2016-01-06,2.1549999713897705,2.04933500289917,243787200
2016-01-07,1.9500000476837158,1.8543872833251953,340348800
2016-01-08,1.9039579629898071,1.8106026649475098,331819200
2016-01-11,1.9206249713897705,1.8264522552490234,336177600
2016-01-12,1.9854170083999634,1.8880674839019775,317520000
2016-01-13,1.7777080535888672,1.6905431747436523,413400000
2016-01-14,1.8927079439163208,1.799904227256775,363417600
2016-01-15,1.71875,1.6344760656356812,564715200
2016-01-19,1.7260420322418213,1.6414103507995605,259228800
2016-01-20,1.7104170322418213,1.6265515089035034,554697600
2016-01-21,1.7166670560836792,1.6324950456619263,338112000
2016-01-22,1.8645830154418945,1.7731586694717407,286881600
2016-01-25,1.7806249856948853,1.6933172941207886,277084800
2016-01-26,1.8314579725265503,1.7416574954986572,243038400
2016-01-27,1.695207953453064,1.6120880842208862,358315200
2016-01-28,1.7620830535888672,1.6756842136383057,315571200
2016-01-29,1.8768750429153442,1.7848477363586426,257716800
2016-02-01,1.8875000476837158,1.7949515581130981,228240000
2016-02-02,1.7677079439163208,1.6810333728790283,256867200
2016-02-03,1.7427079677581787,1.6572591066360474,471302400
2016-02-04,1.7395830154418945,1.6542874574661255,284035200
2016-02-05,1.5606249570846558,1.4841036796569824,429777600
2016-02-08,1.4893749952316284,1.4163477420806885,514963200
2016-02-09,1.4720829725265503,1.399903655052185,459494400
2016-02-10,1.4895830154418945,1.4165452718734741,375528000
2016-02-11,1.4860420227050781,1.4131782054901123,477076800
2016-02-12,1.549375057220459,1.4734057188034058,316430400
2016-02-16,1.652500033378601,1.5714744329452515,299313600
2016-02-17,1.7666670083999634,1.680043339729309,365232000
2016-02-18,1.7066669464111328,1.6229852437973022,257899200
2016-02-19,1.7243750095367432,1.6398249864578247,238934400
2016-02-22,1.8058329820632935,1.7172889709472656,248265600
2016-02-23,1.7158329486846924,1.631701946258545,267825600
2016-02-24,1.7668750286102295,1.6802412271499634,350558400
2016-02-25,1.8156249523162842,1.7266007661819458,259598400
2016-02-26,1.8114579916000366,1.7226381301879883,248577600
2016-02-29,1.7635420560836792,1.6770715713500977,229968000
2016-03-01,1.9322919845581055,1.8375474214553833,311136000
2016-03-02,1.9343750476837158,1.8395284414291382,193972800
2016-03-03,1.9235420227050781,1.8292264938354492,206596800
2016-03-04,1.9268749952316284,1.8323962688446045,237844800
2016-03-07,1.8910419940948486,1.7983201742172241,189124800
2016-03-08,1.8410420417785645,1.7507718801498413,212563200
2016-03-09,1.8762500286102295,1.7842530012130737,208344000
2016-03-10,1.8691669702529907,1.777517557144165,343454400
2016-03-11,1.9660420417785645,1.8696426153182983,169660800
2016-03-14,1.9774999618530273,1.880538821220398,157166400
2016-03-15,1.9762500524520874,1.879350185394287,193118400
2016-03-16,2.0266671180725098,1.927295446395874,176457600
2016-03-17,2.0208330154418945,1.9217473268508911,127507200
2016-03-18,2.0325000286102295,1.9328423738479614,147537600
2016-03-21,2.0566670894622803,1.9558241367340088,136008000
2016-03-22,2.075000047683716,1.973258137702942,127214400
2016-03-23,2.025624990463257,1.9263042211532593,154454400
2016-03-24,2.0250000953674316,1.925709843635559,127022400
2016-03-28,2.0177080631256104,1.9187755584716797,129384000
2016-03-29,2.1141669750213623,2.0105044841766357,179793600
2016-03-30,2.1458330154418945,2.0406181812286377,209884800
2016-03-31,2.1333329677581787,2.028730869293213,118521600
2016-04-01,2.2043750286102295,2.09628963470459,163022400
2016-04-04,2.1770830154418945,2.070335626602173,136632000
2016-04-05,2.118541955947876,2.014664888381958,146841600
2016-04-06,2.2200000286102295,2.1111483573913574,182088000
2016-04-07,2.124166965484619,2.0200142860412598,252225600
2016-04-08,2.1191670894622803,2.0152595043182373,166243200
2016-04-11,2.0964579582214355,1.9936639070510864,137059200
2016-04-12,2.1454169750213623,2.04022216796875,182424000
2016-04-13,2.2291669845581055,2.119866132736206,162182400
2016-04-14,2.2306249141693115,2.1212522983551025,111240000
2016-04-15,2.2135419845581055,2.1050071716308594,83092800
2016-04-18,2.2462499141693115,2.1361117362976074,101462400
2016-04-19,2.2074999809265137,2.0992612838745117,158582400
2016-04-20,2.2129170894622803,2.1044130325317383,107769600
2016-04-21,2.2135419845581055,2.1050071716308594,133473600
2016-04-22,2.113332986831665,2.009711742401123,201321600
2016-04-25,2.1116669178009033,2.008126974105835,96950400
2016-04-26,2.0827078819274902,1.9805879592895508,109315200
2016-04-27,2.032707929611206,1.9330400228500366,183004800
2016-04-28,1.9606250524520874,1.8644912242889404,160771200
2016-04-29,1.9293750524520874,1.8347737789154053,191260800
2016-05-02,1.980417013168335,1.8833129405975342,118017600
2016-05-03,1.9277080297470093,1.8331884145736694,145963200
2016-05-04,1.8895829916000366,1.7969324588775635,155145600
2016-05-05,1.8885420560836792,1.795942783355713,143976000
2016-05-06,1.9158329963684082,1.8218954801559448,156849600
2016-05-09,1.9327080249786377,1.8379430770874023,118540800
2016-05-10,2.0137500762939453,1.9150114059448242,116481600
2016-05-11,1.9587500095367432,1.8627082109451294,127065600
2016-05-12,1.931249976158142,1.836556315422058,184742400
2016-05-13,1.9079170227050781,1.8143677711486816,155966400
2016-05-16,1.9814579486846924,1.8843027353286743,117292800
2016-05-17,1.9054169654846191,1.8119902610778809,187228800
2016-05-18,1.9270830154418945,1.8325940370559692,237969600
2016-05-19,1.8966670036315918,1.8036692142486572,254097600
2016-05-20,1.9600000381469727,1.8638969659805298,125352000
2016-05-23,1.9504170417785645,1.8547838926315308,86928000
2016-05-24,2.0697920322418213,1.9683057069778442,150004800
2016-05-25,2.114375114440918,2.010702133178711,140846400
2016-05-26,2.132082939147949,2.0275416374206543,95270400
2016-05-27,2.1641669273376465,2.0580532550811768,107140800
2016-05-31,2.1770830154418945,2.070335626602173,112948800
2016-06-01,2.177917003631592,2.0711288452148438,100536000
2016-06-02,2.1902079582214355,2.082817554473877,104659200
2016-06-03,2.160207986831665,2.054288625717163,155529600
2016-06-06,2.183332920074463,2.0762791633605957,85996800
2016-06-07,2.167917013168335,2.061619520187378,77107200
2016-06-08,2.177500009536743,2.0707321166992188,82262400
2016-06-09,2.167917013168335,2.061619520187378,99729600
2016-06-10,2.0950000286102295,1.9922772645950317,161760000
2016-06-13,2.041249990463257,1.9411633014678955,119049600
2016-06-14,2.0422921180725098,1.942153811454773,141729600
2016-06-15,2.0239579677581787,1.924718976020813,106377600
2016-06-16,2.0385420322418213,1.9385876655578613,164361600
2016-06-17,1.96875,1.8722177743911743,167020800
2016-06-20,2.004167079925537,1.9058985710144043,139243200
2016-06-21,2.024167060852051,1.9249175786972046,86414400
2016-06-22,2.0110421180725098,1.9124363660812378,103296000
2016-06-23,2.0958330631256104,1.9930698871612549,128558400
2016-06-24,1.8391669988632202,1.7489886283874512,325502400
2016-06-27,1.7320829629898071,1.6471549272537231,235963200
2016-06-28,1.8406250476837158,1.7503752708435059,199468800
2016-06-29,1.9362499713897705,1.8413114547729492,208464000
2016-06-30,2.006666898727417,1.9082756042480469,165811200
2016-07-01,2.0341670513153076,1.9344276189804077,131424000
2016-07-05,1.9981249570846558,1.900152325630188,130939200
2016-07-06,2.045207977294922,1.9449267387390137,173476800
2016-07-07,2.0645830631256104,1.9633523225784302,126230400
2016-07-08,2.1600000858306885,2.054091215133667,150043200
2016-07-11,2.1968750953674316,2.0891573429107666,142646400
2016-07-12,2.2314579486846924,2.122044086456299,115790400
2016-07-13,2.2158329486846924,2.1071863174438477,126412800
2016-07-14,2.2608330249786377,2.1499786376953125,109905600
2016-07-15,2.2481250762939453,2.137894868850708,85416000
2016-07-18,2.292917013168335,2.180490493774414,83860800
2016-07-19,2.269166946411133,2.1579041481018066,78667200
2016-07-20,2.346874952316284,2.2318027019500732,90724800
2016-07-21,2.3329169750213623,2.2185287475585938,112804800
2016-07-22,2.359999895095825,2.24428391456604,86803200
2016-07-25,2.3620829582214355,2.246264934539795,76243200
2016-07-26,2.369999885559082,2.253793239593506,136353600
2016-07-27,2.416249990463257,2.2977757453918457,130564800
2016-07-28,2.442500114440918,2.3227388858795166,87120000
2016-07-29,2.4585421085357666,2.3379950523376465,102633600
2016-08-01,2.4970829486846924,2.374645948410034,105316800
2016-08-02,2.44083309173584,2.321153402328491,161107200
2016-08-03,2.4639580249786377,2.3431448936462402,85334400
2016-08-04,2.486042022705078,2.3641459941864014,84028800
2016-08-05,2.5579171180725098,2.4324965476989746,123480000
2016-08-08,2.5497920513153076,2.4247703552246094,75902400
2016-08-09,2.566667079925537,2.440817356109619,79819200
2016-08-10,2.546875,2.4219961166381836,87720000
2016-08-11,2.579792022705078,2.4532997608184814,68649600
2016-08-12,2.584583044052124,2.457854986190796,68275200
2016-08-15,2.6170830726623535,2.488762140274048,57254400
2016-08-16,2.5758330821990967,2.4495341777801514,62596800
2016-08-17,2.5879170894622803,2.4610257148742676,89836800
2016-08-18,2.59041690826416,2.4634029865264893,56755200
2016-08-19,2.5868749618530273,2.4600350856781006,73617600
2016-08-22,2.5893750190734863,2.4624123573303223,73243200
2016-08-23,2.6047921180725098,2.4770734310150146,62654400
2016-08-24,2.5545830726623535,2.429326295852661,71198400
2016-08-25,2.5425000190734863,2.4178354740142822,58444800
2016-08-26,2.5547919273376465,2.429525136947632,107313600
2016-08-29,2.561875104904175,2.436260461807251,49833600
2016-08-30,2.538749933242798,2.4142696857452393,65750400
2016-08-31,2.532083034515381,2.407928943634033,71616000
2016-09-01,2.543333053588867,2.4186275005340576,85953600
2016-09-02,2.573124885559082,2.4469590187072754,90739200
2016-09-06,2.620832920074463,2.4923276901245117,65985600
2016-09-07,2.625624895095825,2.496884346008301,58075200
2016-09-08,2.580625057220459,2.4540913105010986,70065600
2016-09-09,2.384999990463257,2.2680580615997314,160915200
2016-09-12,2.5072920322418213,2.38435435295105,130651200
2016-09-13,2.448124885559082,2.3280880451202393,125308800
2016-09-14,2.4795830249786377,2.358003616333008,111528000
2016-09-15,2.594583034515381,2.4673655033111572,131860800
2016-09-16,2.5916669368743896,2.4645917415618896,81523200
2016-09-19,2.5577080249786377,2.432297706604004,91670400
2016-09-20,2.5718750953674316,2.445770740509033,75782400
2016-09-21,2.646667003631592,2.516895294189453,138600000
2016-09-22,2.7085421085357666,2.5757362842559814,78100800
2016-09-23,2.659791946411133,2.529376268386841,73065600
2016-09-26,2.59375,2.4665725231170654,81883200
2016-09-27,2.6672921180725098,2.536508560180664,82900800
2016-09-28,2.681874990463257,2.550377607345581,75696000
2016-09-29,2.625,2.496290445327759,114830400
2016-09-30,2.678957939147949,2.547602891921997,79987200
2016-10-03,2.672916889190674,2.541858196258545,81758400
2016-10-04,2.657707929611206,2.5273945331573486,112204800
2016-10-05,2.6854169368743896,2.5537452697753906,68856000
2016-10-06,2.6812500953674316,2.5497827529907227,74529600
2016-10-07,2.663749933242798,2.5331404209136963,90561600
2016-10-10,2.7114579677581787,2.5785090923309326,59889600
2016-10-11,2.599375009536743,2.471921920776367,129643200
2016-10-12,2.5939579010009766,2.4667704105377197,82056000
2016-10-13,2.563541889190674,2.437845468521118,104428800
2016-10-14,2.5693750381469727,2.4433929920196533,81811200
2016-10-17,2.5516669750213623,2.4265527725219727,55862400
2016-10-18,2.6170830726623535,2.488762140274048,76968000
2016-10-19,2.6181249618530273,2.4897525310516357,47054400
2016-10-20,2.6070830821990967,2.4792516231536865,69950400
2016-10-21,2.6354169845581055,2.5061967372894287,58632000
2016-10-24,2.7314579486846924,2.5975284576416016,68649600
2016-10-25,2.704166889190674,2.57157564163208,59712000
2016-10-26,2.652292013168335,2.5222442150115967,95308800
2016-10-27,2.6152079105377197,2.486978530883789,103041600
2016-10-28,2.569999933242798,2.4439871311187744,142958400
2016-10-31,2.555417060852051,2.430119514465332,56904000
2016-11-01,2.5029170513153076,2.3801932334899902,101923200
2016-11-02,2.4377079010009766,2.3181817531585693,81763200
2016-11-03,2.367500066757202,2.2514164447784424,87014400
2016-11-04,2.340625047683716,2.2258591651916504,84921600
2016-11-07,2.5083329677581787,2.385343551635742,100963200
2016-11-08,2.557499885559082,2.4321000576019287,110587200
2016-11-09,2.5933330059051514,2.4661762714385986,183292800
2016-11-10,2.4700000286102295,2.3488903045654297,247968000
2016-11-11,2.467916965484619,2.346909523010254,113563200
2016-11-14,2.384582996368408,2.2676618099212646,177552000
2016-11-15,2.494999885559082,2.3726651668548584,105571200
2016-11-16,2.5356249809265137,2.411297559738159,86337600
2016-11-17,2.594374895095825,2.467167615890503,75537600
2016-11-18,2.5652079582214355,2.439429998397827,63057600
2016-11-21,2.642292022705078,2.5127346515655518,83625600
2016-11-22,2.6660420894622803,2.535320281982422,76680000
2016-11-23,2.633958101272583,2.5048093795776367,73824000
2016-11-25,2.659374952316284,2.528980255126953,38280000
2016-11-28,2.644582986831665,2.514913320541382,71467200
2016-11-29,2.6700000762939453,2.5390844345092773,74582400
2016-11-30,2.5835421085357666,2.4568655490875244,151296000
2016-12-01,2.441667079925537,2.321946382522583,186384000
2016-12-02,2.451457977294922,2.3312573432922363,102984000
2016-12-05,2.508125066757202,2.385145902633667,89942400
2016-12-06,2.526249885559082,2.4023821353912354,69254400
2016-12-07,2.619999885559082,2.4915356636047363,148867200
2016-12-08,2.6360421180725098,2.506791114807129,113016000
2016-12-09,2.6977078914642334,2.5654335021972656,102672000
2016-12-12,2.660207986831665,2.5297718048095703,95150400
2016-12-13,2.764167070388794,2.628633975982666,169195200
2016-12-14,2.743957996368408,2.6094160079956055,142377600
2016-12-15,2.760624885559082,2.625265121459961,106425600
2016-12-16,2.7270829677581787,2.5933678150177,114753600
2016-12-19,2.7604169845581055,2.6250674724578857,83572800
2016-12-20,2.793750047683716,2.656766653060913,62784000
2016-12-21,2.7839579582214355,2.647454261779785,48288000
2016-12-22,2.7597920894622803,2.6244733333587646,65520000
2016-12-23,2.7683329582214355,2.6325957775115967,32251200
2016-12-27,2.8087499141693115,2.6710309982299805,75643200
2016-12-28,2.7437500953674316,2.609217882156372,91339200
2016-12-29,2.730417013168335,2.59653902053833,85728000
2016-12-30,2.650624990463257,2.520658493041992,105384000
2017-01-03,2.714792013168335,2.5816798210144043,97646400
2017-01-04,2.7610421180725098,2.625662326812744,66513600
2017-01-05,2.809999942779541,2.6722195148468018,61372800
2017-01-06,2.8812499046325684,2.739976406097412,95798400
2017-01-09,2.910417079925537,2.7677128314971924,66172800
2017-01-10,2.9270830154418945,2.783561944961548,66336000
2017-01-11,2.949583053588867,2.8049590587615967,94104000
2017-01-12,2.9345829486846924,2.790693998336792,80517600
2017-01-13,2.9683330059051514,2.822789192199707,58612800
2017-01-17,2.9404170513153076,2.796241521835327,55531200
2017-01-18,2.9604170322418213,2.8152613639831543,49329600
2017-01-19,2.952500104904175,2.8077328205108643,59731200
2017-01-20,2.9716670513153076,2.8259596824645996,56846400
2017-01-23,2.978332996368408,2.832298755645752,55250400
2017-01-24,3.040416955947876,2.89133882522583,51691200
2017-01-25,3.129167079925537,2.9757375717163086,56148000
2017-01-26,3.142082929611206,2.9880199432373047,50856000
2017-01-27,3.157083034515381,3.002284288406372,33249600
2017-01-30,3.0854170322418213,2.9341328144073486,75043200
2017-01-31,3.0683329105377197,2.9178857803344727,59616000
2017-02-01,3.126667022705078,2.9733598232269287,72511200
2017-02-02,3.1187500953674316,2.9658310413360596,57895200
2017-02-03,3.1458330154418945,2.991586208343506,48192000
2017-02-06,3.1575000286102295,3.002681016921997,41707200
2017-02-07,3.190000057220459,3.0335874557495117,46634400
2017-02-08,3.2079169750213623,3.0506255626678467,36967200
2017-02-09,3.2412500381469727,3.0823240280151367,51525600
2017-02-10,3.2733330726623535,3.1128342151641846,47872800
2017-02-13,3.3308329582214355,3.1675150394439697,42988800
2017-02-14,3.3620829582214355,3.197232246398926,62664000
2017-02-15,3.4200000762939453,3.252309799194336,73564800
2017-02-16,3.4170830249786377,3.2495360374450684,63950400
2017-02-17,3.4600000381469727,3.290348529815674,51607200
2017-02-21,3.515000104904175,3.342651844024658,66729600
2017-02-22,3.5154170989990234,3.343048334121704,43056000
2017-02-23,3.4774999618530273,3.306990385055542,62676000
2017-02-24,3.4962499141693115,3.324821949005127,50731200
2017-02-27,3.506666898727417,3.3347272872924805,52437600
2017-02-28,3.4791669845581055,3.3085758686065674,41904000
2017-03-01,3.5916669368743896,3.415560007095337,63254400
2017-03-02,3.5350000858306885,3.3616714477539062,42919200
2017-03-03,3.553333044052124,3.379105567932129,34646400
2017-03-06,3.528749942779541,3.355727434158325,38774400
2017-03-07,3.5112500190734863,3.339085578918457,35428800
2017-03-08,3.5291669368743896,3.356123924255371,38652000
2017-03-09,3.5399999618530273,3.366426706314087,44172000
2017-03-10,3.578749895095825,3.403275966644287,51456000
2017-03-13,3.5995829105377197,3.4230871200561523,33883200
2017-03-14,3.5729169845581055,3.39772891998291,53020800
2017-03-15,3.6354169845581055,3.457165002822876,63813600
2017-03-16,3.6333329677581787,3.4551825523376465,38875200
2017-03-17,3.6245830059051514,3.446861743927002,35320800
2017-03-20,3.6354169845581055,3.457165002822876,36696000
2017-03-21,3.4733328819274902,3.303027868270874,93568800
2017-03-22,3.5416669845581055,3.368011474609375,71373600
2017-03-23,3.5133330821990967,3.341066360473633,59064000
2017-03-24,3.5325000286102295,3.3592936992645264,51686400
2017-03-27,3.5512499809265137,3.377124547958374,75259200
2017-03-28,3.617917060852051,3.4405224323272705,84000000
2017-03-29,3.665832996368408,3.486088752746582,48170400
2017-03-30,3.68416690826416,3.5035243034362793,52927200
2017-03-31,3.675416946411133,3.4952030181884766,54146400
2017-04-03,3.6675000190734863,3.4876747131347656,64521600
2017-04-04,3.68416690826416,3.5035243034362793,32424000
2017-04-05,3.642082929611206,3.463503360748291,73360800
2017-04-06,3.6449999809265137,3.4662773609161377,61651200
2017-04-07,3.6408329010009766,3.462315082550049,41575200
2017-04-10,3.6449999809265137,3.4662773609161377,48376800
2017-04-11,3.5991671085357666,3.42269229888916,85346400
2017-04-12,3.5516669750213623,3.377520799636841,68095200
2017-04-13,3.509582996368408,3.3375003337860107,61370400
2017-04-17,3.592916965484619,3.416748523712158,36333600
2017-04-18,3.5824999809265137,3.406841993331909,50755200
2017-04-19,3.5950000286102295,3.418729543685913,57568800
2017-04-20,3.6820828914642334,3.501542568206787,82492800
2017-04-21,3.680417060852051,3.499957799911499,54026400
2017-04-24,3.814167022705078,3.627150058746338,60072000
2017-04-25,3.898750066757202,3.7075858116149902,64113600
2017-04-26,3.881666898727417,3.691340208053589,87660000
2017-04-27,3.949583053588867,3.7559261322021484,57676800
2017-04-28,3.97208309173584,3.7773232460021973,68500800
2017-05-01,4.072082996368408,3.872419834136963,64634400
2017-05-02,4.096250057220459,3.895401954650879,60412800
2017-05-03,4.055832862854004,3.856966972351074,73586400
2017-05-04,4.059999942779541,3.860928773880005,72607200
2017-05-05,4.1041669845581055,3.90293025970459,54506400
2017-05-08,4.128749847412109,3.926307439804077,61267200
2017-05-09,4.174167156219482,3.9694983959198,75717600
2017-05-10,4.180832862854004,3.975837230682373,56193600
2017-05-11,4.170833110809326,3.966327428817749,62433600
2017-05-12,4.1979169845581055,3.99208402633667,58538400
2017-05-15,4.2370829582214355,4.0293288230896,69340800
2017-05-16,4.290417194366455,4.080049514770508,77066400
2017-05-17,3.9658329486846924,3.771379232406616,140236800
2017-05-18,4.066249847412109,3.866872787475586,120384000
2017-05-19,4.115417003631592,3.913628101348877,72844800
2017-05-22,4.22208309173584,4.015064716339111,65354400
2017-05-23,4.232500076293945,4.024971961975098,68858400
2017-05-24,4.290832996368408,4.080443382263184,64941600
2017-05-25,4.403749942779541,4.187824726104736,87504000
2017-05-26,4.422500133514404,4.205655097961426,54856800
2017-05-30,4.431666851043701,4.214373588562012,55192800
2017-05-31,4.426249980926514,4.209221363067627,96902400
2017-06-01,4.4791669845581055,4.259542942047119,74092800
2017-06-02,4.632082939147949,4.404961585998535,83244000
2017-06-05,4.62833309173584,4.401395797729492,51477600
2017-06-06,4.575832843780518,4.351470470428467,77733600
2017-06-07,4.625833034515381,4.399018287658691,81410400
2017-06-08,4.638332843780518,4.410904884338379,92563200
2017-06-09,4.302917003631592,4.091936111450195,233138400
2017-06-12,4.224999904632568,4.017838954925537,166449600
2017-06-13,4.323750019073486,4.111745834350586,126492000
2017-06-14,4.265832901000977,4.05666971206665,139012800
2017-06-15,4.2083330154418945,4.001987934112549,141158400
2017-06-16,4.157917022705078,3.954045057296753,93856800
2017-06-19,4.359167098999023,4.1454267501831055,110944800
2017-06-20,4.2604169845581055,4.051519870758057,85939200
2017-06-21,4.384167194366455,4.169201850891113,83589600
2017-06-22,4.379167079925537,4.16444730758667,68445600
2017-06-23,4.428332805633545,4.211202144622803,68786400
2017-06-26,4.3695831298828125,4.155331611633301,105681600
2017-06-27,4.129167079925537,3.9267055988311768,144088800
2017-06-28,4.302499771118164,4.091538906097412,120861600
2017-06-29,4.0833330154418945,3.8831186294555664,231564000
2017-06-30,4.069167137145996,3.869647264480591,98616000
2017-07-03,3.9583330154418945,3.764247417449951,81684000
2017-07-05,4.071249961853027,3.8716278076171875,114033600
2017-07-06,3.963749885559082,3.7693982124328613,106324800
2017-07-07,4.082499980926514,3.882326602935791,89623200
2017-07-10,4.167916774749756,3.9635541439056396,92114400
2017-07-11,4.202083110809326,3.996046304702759,108571200
2017-07-12,4.3516669273376465,4.138294696807861,105307200
2017-07-13,4.3804168701171875,4.16563606262207,91476000
2017-07-14,4.483333110809326,4.2635040283203125,84636000
2017-07-17,4.485833168029785,4.26588249206543,100663200
2017-07-18,4.574999809265137,4.350677013397217,84182400
2017-07-19,4.658750057220459,4.43032169342041,104234400
2017-07-20,4.676249980926514,4.446963787078857,108460800
2017-07-21,4.6691670417785645,4.440227508544922,86916000
2017-07-24,4.730000019073486,4.498077392578125,88732800
2017-07-25,4.698332786560059,4.467963695526123,94180800
2017-07-26,4.740417003631592,4.507984638214111,60607200
2017-07-27,4.655832767486572,4.427547454833984,188956800
2017-07-28,4.640832901000977,4.41328239440918,70022400
2017-07-31,4.580417156219482,4.355829238891602,88716000
2017-08-01,4.610416889190674,4.384357929229736,61156800
2017-08-02,4.644166946411133,4.416452884674072,110366400
2017-08-03,4.595832824707031,4.370488166809082,72640800
2017-08-04,4.613749980926514,4.387526988983154,71488800
2017-08-07,4.6954169273376465,4.46519136428833,54837600
2017-08-08,4.677917003631592,4.448548793792725,103886400
2017-08-09,4.65958309173584,4.431112766265869,99081600
2017-08-10,4.357082843780518,4.1434454917907715,163382400
2017-08-11,4.456666946411133,4.238147258758545,105271200
2017-08-14,4.630000114440918,4.402980327606201,95488800
2017-08-15,4.638332843780518,4.410904884338379,72297600
2017-08-16,4.662499904632568,4.433887004852295,99052800
2017-08-17,4.375833034515381,4.161275863647461,158582400
2017-08-18,4.360416889190674,4.146615982055664,129852000
2017-08-21,4.352499961853027,4.139086723327637,86481600
2017-08-22,4.546249866485596,4.323336601257324,94264800
2017-08-23,4.49541711807251,4.274996757507324,84076800
2017-08-24,4.457917213439941,4.239335536956787,97180800
2017-08-25,4.427917003631592,4.210806369781494,92620800
2017-08-28,4.466667175292969,4.247657299041748,66242400
2017-08-29,4.521667003631592,4.299958229064941,85123200
2017-08-30,4.678332805633545,4.448944568634033,106248000
2017-08-31,4.81125020980835,4.575343608856201,106176000
2017-09-01,4.80791711807251,4.572174549102783,71001600
2017-09-05,4.679166793823242,4.449737071990967,129235200
2017-09-06,4.719583034515381,4.488171577453613,85557600
2017-09-07,4.74875020980835,4.515908718109131,73970400
2017-09-08,4.631667137145996,4.404565811157227,82646400
2017-09-11,4.779167175292969,4.544834136962891,85279200
2017-09-12,4.819582939147949,4.583268642425537,73418400
2017-09-13,4.839582920074463,4.602287769317627,51604800
2017-09-14,4.7579169273376465,4.524624824523926,73576800
2017-09-15,4.796249866485596,4.561079025268555,79264800
2017-09-18,4.78458309173584,4.549984931945801,91509600
2017-09-19,4.804999828338623,4.569399833679199,56942400
2017-09-20,4.764999866485596,4.5313615798950195,107306400
2017-09-21,4.673333168029785,4.444189071655273,84890400
2017-09-22,4.6616668701171875,4.433094501495361,62167200
2017-09-25,4.515417098999023,4.294016361236572,135520800
2017-09-26,4.546249866485596,4.323336601257324,95090400
2017-09-27,4.669582843780518,4.440622329711914,111348000
2017-09-28,4.6616668701171875,4.433094501495361,64536000
2017-09-29,4.7604169845581055,4.527002811431885,88248000
2017-10-02,4.773749828338623,4.539682865142822,92205600
2017-10-03,4.803750038146973,4.568212032318115,62738400
2017-10-04,4.816249847412109,4.580098628997803,90153600
2017-10-05,4.954999923706055,4.712045192718506,94291200
2017-10-06,4.972917079925537,4.729084014892578,85960800
2017-10-09,4.960416793823242,4.717196464538574,68851200
2017-10-10,4.970832824707031,4.727100849151611,71757600
2017-10-11,5.014166831970215,4.768311977386475,59788800
2017-10-12,4.9870829582214355,4.742555141448975,66180000
2017-10-13,5.042916774749756,4.795650959014893,48873600
2017-10-16,5.09499979019165,4.845179557800293,57079200
2017-10-17,5.112916946411133,4.862219333648682,60189600
2017-10-18,5.093332767486572,4.8435959815979,57900000
2017-10-19,5.037083148956299,4.790103435516357,80680800
2017-10-20,5.073750019073486,4.824972152709961,66554400
2017-10-23,4.9791669845581055,4.7350263595581055,61456800
2017-10-24,5.00458288192749,4.759198188781738,58872000
2017-10-25,4.943749904632568,4.701346397399902,89191200
2017-10-26,4.897916793823242,4.657761573791504,72768000
2017-10-27,5.320000171661377,5.059149265289307,147818400
2017-10-30,5.357916831970215,5.0952067375183105,96556800
2017-10-31,5.414583206176758,5.1490936279296875,60196800
2017-11-01,5.40749979019165,5.14235782623291,83064000
2017-11-02,5.380000114440918,5.116207122802734,91780800
2017-11-03,5.53000020980835,5.258852005004883,86700000
2017-11-06,5.586249828338623,5.312343597412109,76096800
2017-11-07,5.595417022705078,5.321061611175537,93321600
2017-11-08,5.665417194366455,5.387629508972168,68863200
2017-11-09,5.574583053588867,5.301248550415039,163195200
2017-11-10,5.5729169845581055,5.299664497375488,66436800
2017-11-13,5.589582920074463,5.3155131340026855,75144000
2017-11-14,5.533332824707031,5.262020111083984,91000800
2017-11-15,5.452083110809326,5.184754371643066,80668800
2017-11-16,5.65625,5.37891149520874,80853600
2017-11-17,5.592916965484619,5.318683624267578,69352800
2017-11-20,5.579166889190674,5.30560827255249,50059200
2017-11-21,5.755000114440918,5.4728193283081055,70742400
2017-11-22,5.77791690826416,5.494613170623779,60117600
2017-11-24,5.842916965484619,5.556426048278809,39952800
2017-11-27,5.8333330154418945,5.547311782836914,66837600
2017-11-28,5.87624979019165,5.588125228881836,70305600
2017-11-29,5.574166774749756,5.300853252410889,208288800
2017-11-30,5.712500095367432,5.43240213394165,118780800
2017-12-01,5.636250019073486,5.35989236831665,170294400
2017-12-04,5.441667079925537,5.174850940704346,165444000
2017-12-05,5.449583053588867,5.18237829208374,115480800
2017-12-06,5.521667003631592,5.250927448272705,94759200
2017-12-07,5.576250076293945,5.302833557128906,76156800
2017-12-08,5.650000095367432,5.3729681968688965,88401600
2017-12-11,5.779582977294922,5.496196269989014,71568000
2017-12-12,5.7579169273376465,5.475593566894531,73377600
2017-12-13,5.7866668701171875,5.502933979034424,83342400
2017-12-14,5.7783331871032715,5.495008945465088,71246400
2017-12-15,5.966249942779541,5.673710823059082,111669600
2017-12-18,6.1195831298828125,5.819526195526123,81081600
2017-12-19,6.019999980926514,5.724825859069824,98868000
2017-12-20,5.994999885559082,5.701051712036133,71150400
2017-12-21,5.9920830726623535,5.698278427124023,66518400
2017-12-22,5.97208309173584,5.679258823394775,42492000
2017-12-26,5.875417232513428,5.587332725524902,48866400
2017-12-27,5.875417232513428,5.587332725524902,45196800
2017-12-28,5.891250133514404,5.602389812469482,46730400
2017-12-29,5.78000020980835,5.496593952178955,68558400
2018-01-02,6.076666831970215,5.778714656829834,91735200
2018-01-03,6.25458288192749,5.947906970977783,85224000
2018-01-04,6.291250228881836,5.982776641845703,70024800
2018-01-05,6.481249809265137,6.163459777832031,82380000
2018-01-08,6.553332805633545,6.23200798034668,72252000
2018-01-09,6.558332920074463,6.236763954162598,104169600
2018-01-10,6.511666774749756,6.192386150360107,95853600
2018-01-11,6.642083168029785,6.316407203674316,74839200
2018-01-12,6.782917022705078,6.4503350257873535,89560800
2018-01-16,6.730416774749756,6.400409698486328,165021600
2018-01-17,6.942500114440918,6.6020941734313965,82624800
2018-01-18,6.949166774749756,6.608434200286865,94394400
2018-01-19,7.015832901000977,6.671831130981445,84948000
2018-01-22,7.235000133514404,6.880251884460449,103862400
2018-01-23,7.418333053588867,7.054595470428467,129343200
2018-01-24,7.267917156219482,6.911554336547852,209073600
2018-01-25,7.258749961853027,6.902838230133057,133300800
2018-01-26,7.582917213439941,7.211109638214111,106437600
2018-01-29,7.482500076293945,7.115616798400879,132348000
2018-01-30,7.291250228881836,6.933744430541992,132506400
2018-01-31,7.381249904632568,7.019330978393555,110997600
2018-02-01,7.196667194366455,6.84379768371582,127968000
2018-02-02,6.757082939147949,6.425768852233887,190185600
2018-02-05,5.977083206176758,5.684013843536377,230628000
2018-02-06,6.437917232513428,6.122251987457275,239383200
2018-02-07,6.183332920074463,5.880149841308594,176112000
2018-02-08,5.417082786560059,5.151471138000488,216405600
2018-02-09,5.672082901000977,5.39396858215332,320344800
2018-02-12,5.9895830154418945,5.6959004402160645,175056000
2018-02-13,6.0625,5.765242576599121,108055200
2018-02-14,6.417500019073486,6.1028361320495605,168115200
2018-02-15,6.7529168128967285,6.421806335449219,190375200
2018-02-16,6.677499771118164,6.350087642669678,170553600
2018-02-20,6.7108330726623535,6.381786346435547,145869600
2018-02-21,6.650416851043701,6.324331760406494,177477600
2018-02-22,6.65166711807251,6.325522422790527,166603200
2018-02-23,7.047916889190674,6.702340602874756,142768800
2018-02-26,7.3308329582214355,6.971385955810547,133951200
2018-02-27,7.068333148956299,6.721757411956787,173308800
2018-02-28,6.926249980926514,6.586641311645508,153014400
2018-03-01,6.592916965484619,6.269652366638184,251916000
2018-03-02,6.774167060852051,6.442014694213867,193399200
2018-03-05,6.986667156219482,6.644094944000244,148881600
2018-03-06,7.074999809265137,6.728096961975098,142060800
2018-03-07,7.1279168128967285,6.778419494628906,133764000
2018-03-08,7.234167098999023,6.879460334777832,115168800
2018-03-09,7.655416965484619,7.280054569244385,147348000
2018-03-12,7.769999980926514,7.389019012451172,132679200
2018-03-13,7.487916946411133,7.120767593383789,182292000
2018-03-14,7.462500095367432,7.096597194671631,133622400
2018-03-15,7.429166793823242,7.064898490905762,110896800
2018-03-16,7.380000114440918,7.0181427001953125,78268800
2018-03-19,6.9166669845581055,6.57752799987793,194232000
2018-03-20,6.96750020980835,6.62586784362793,92193600
2018-03-21,6.866666793823242,6.5299787521362305,132496800
2018-03-22,6.364999771118164,6.052909851074219,205879200
2018-03-23,5.850832939147949,5.5639543533325195,217598400
2018-03-26,6.509167194366455,6.190009117126465,183504000
2018-03-27,5.885000228881836,5.596445083618164,273614400
2018-03-28,5.6820831298828125,5.403477668762207,242289600
2018-03-29,5.99666690826416,5.70263671875,197073600
2018-04-02,5.46416711807251,5.196247100830078,244953600
2018-04-03,5.647500038146973,5.370590686798096,221805600
2018-04-04,5.914583206176758,5.62457799911499,216729600
2018-04-05,6.007500171661377,5.712940216064453,183355200
2018-04-06,5.55916690826416,5.286590099334717,232291200
2018-04-09,5.670416831970215,5.392384052276611,175891200
2018-04-10,6.045000076293945,5.748600959777832,194875200
2018-04-11,5.943333148956299,5.651918411254883,143440800
2018-04-12,6.15166711807251,5.850037574768066,142766400
2018-04-13,6.060417175292969,5.7632622718811035,142485600
2018-04-16,6.194167137145996,5.890453338623047,118298400
2018-04-17,6.59041690826416,6.267274856567383,124147200
2018-04-18,6.636250019073486,6.3108601570129395,118089600
2018-04-19,6.4558329582214355,6.139289379119873,129019200
2018-04-20,6.146249771118164,5.844884872436523,140812800
2018-04-23,6.097917079925537,5.798923492431641,123333600
2018-04-24,5.709167003631592,5.429234027862549,213019200
2018-04-25,5.7316670417785645,5.450630187988281,210816000
2018-04-26,6.087082862854004,5.7886199951171875,141993600
2018-04-27,6.101250171661377,5.8020920753479,164858400
2018-04-30,5.971250057220459,5.678466320037842,161124000
2018-05-01,6.165417194366455,5.863112449645996,116978400
2018-05-02,6.05791711807251,5.760884761810303,143652000
2018-05-03,6.058332920074463,5.761279582977295,196072800
2018-05-04,6.399167060852051,6.0854010581970215,185932800
2018-05-07,6.551249980926514,6.23002815246582,139063200
2018-05-08,6.529582977294922,6.209423542022705,126715200
2018-05-09,6.748332977294922,6.417447090148926,114996000
2018-05-10,6.9583330154418945,6.617150783538818,119006400
2018-05-11,6.9375,6.597339153289795,119697600
2018-05-14,6.968332767486572,6.626659870147705,109183200
2018-05-15,6.742917060852051,6.412296295166016,174520800
2018-05-16,6.8670830726623535,6.530375003814697,89712000
2018-05-17,6.789583206176758,6.456674098968506,103219200
2018-05-18,6.680832862854004,6.3532562255859375,85466400
2018-05-21,6.797500133514404,6.464204788208008,116892000
2018-05-22,6.762083053588867,6.430522441864014,96943200
2018-05-23,6.9320831298828125,6.592188358306885,123045600
2018-05-24,6.926249980926514,6.586641311645508,71110400
2018-05-25,6.943749904632568,6.6032819747924805,63081600
2018-05-29,6.855000019073486,6.518884658813477,94451200
2018-05-30,7.00124979019165,6.657961845397949,70806400
2018-05-31,6.986249923706055,6.643698215484619,81056800
2018-06-01,7.31125020980835,6.952763080596924,77171200
2018-06-04,7.49875020980835,7.131070137023926,64049600
2018-06-05,7.576250076293945,7.204770088195801,55900000
2018-06-06,7.701250076293945,7.3236403465271,57628000
2018-06-07,7.522500038146973,7.153656005859375,78452000
2018-06-08,7.517499923706055,7.148900985717773,49320800
2018-06-11,7.576250076293945,7.204770088195801,40836000
2018-06-12,7.696249961853027,7.318885326385498,47848000
2018-06-13,7.6875,7.310564994812012,72247200
2018-06-14,7.921249866485596,7.532854080200195,90452800
2018-06-15,7.84250020980835,7.457964897155762,77689600
2018-06-18,7.824999809265137,7.441322326660156,68726400
2018-06-19,7.755000114440918,7.374755859375,107633600
2018-06-20,7.917500019073486,7.529287815093994,79644800
2018-06-21,7.712500095367432,7.334339141845703,102280800
2018-06-22,7.635000228881836,7.260639190673828,62227200
2018-06-25,7.147500038146973,6.797042369842529,171306400
2018-06-26,7.226250171661377,6.871931552886963,94165600
2018-06-27,6.93625020980835,6.5961503982543945,131838400
2018-06-28,7.106249809265137,6.757814407348633,111300000
2018-06-29,7.138750076293945,6.788721084594727,78536000
2018-07-02,7.298749923706055,6.94087553024292,83296800
2018-07-03,7.047500133514404,6.701946258544922,56425600
2018-07-05,7.306250095367432,6.9480085372924805,65622400
2018-07-06,7.635000228881836,7.260639190673828,75012000
2018-07-09,7.847499847412109,7.46272087097168,72377600
2018-07-10,7.866250038146973,7.480550765991211,66784000
2018-07-11,7.75124979019165,7.371188640594482,79829600
2018-07-12,8.133749961853027,7.734933853149414,81352000
2018-07-13,8.157500267028809,7.757521152496338,67876000
2018-07-16,8.102499961853027,7.705216884613037,55560000
2018-07-17,8.2524995803833,7.8478617668151855,75593600
2018-07-18,8.199999809265137,7.797933578491211,46537600
2018-07-19,8.078749656677246,7.682631492614746,76874400
2018-07-20,8.067500114440918,7.671932697296143,57396000
2018-07-23,8.137499809265137,7.738500595092773,63027200
2018-07-24,8.241250038146973,7.837164878845215,95066400
2018-07-25,8.585000038146973,8.16405963897705,77241600
2018-07-26,8.210000038146973,7.8074445724487305,111888000
2018-07-27,7.867499828338623,7.481738567352295,118098400
2018-07-30,7.528749942779541,7.1595988273620605,100805600
2018-07-31,7.678750038146973,7.302244186401367,95712000
2018-08-01,7.783750057220459,7.402095794677734,69301600
2018-08-02,8.09375,7.696896076202393,92242400
2018-08-03,8.166250228881836,7.765841007232666,72133600
2018-08-06,8.31624984741211,7.908486843109131,68068000
2018-08-07,8.397500038146973,7.985752105712891,71970400
2018-08-08,8.420000076293945,8.007148742675781,63434400
2018-08-09,8.412500381469727,8.000016212463379,54530400
2018-08-10,8.2162504196167,7.813388824462891,85626400
2018-08-13,8.192500114440918,7.790803909301758,92674400
2018-08-14,8.34375,7.93463659286499,60727200
2018-08-15,8.039999961853027,7.645781517028809,115857600
2018-08-16,8.113750457763672,7.715916633605957,65142400
2018-08-17,8.112500190734863,7.714727401733398,70262400
2018-08-20,8.0962495803833,7.699272155761719,67461600
2018-08-21,8.180000305175781,7.778915882110596,67069600
2018-08-22,8.274999618530273,7.869259834289551,63313600
2018-08-23,8.233750343322754,7.830030918121338,71133600
2018-08-24,8.462499618530273,8.047563552856445,63956800
2018-08-27,8.717499732971191,8.290060043334961,72851200
2018-08-28,8.756250381469727,8.326910972595215,65224800
2018-08-29,9.0625,8.618145942687988,65735200
2018-08-30,9.011249542236328,8.56941032409668,87863200
2018-08-31,9.037500381469727,8.59437370300293,63180000
2018-09-04,8.930000305175781,8.492142677307129,80209600
2018-09-05,8.574999809265137,8.154549598693848,107729600
2018-09-06,8.3412504196167,7.932260990142822,115504800
2018-09-07,8.258749961853027,7.853805065155029,77009600
2018-09-10,8.331250190734863,7.922751426696777,55448800
2018-09-11,8.516249656677246,8.098678588867188,70522400
2018-09-12,8.442500114440918,8.028545379638672,88261600
2018-09-13,8.692500114440918,8.266289710998535,74676000
2018-09-14,8.626250267028809,8.203287124633789,76688000
2018-09-17,8.262499809265137,7.857371807098389,72823200
2018-09-18,8.458749771118164,8.043996810913086,72758400
2018-09-19,8.4399995803833,8.026168823242188,58962400
2018-09-20,8.704999923706055,8.278173446655273,62683200
2018-09-21,8.56624984741211,8.146227836608887,60281600
2018-09-24,8.640000343322754,8.216364860534668,52875200
2018-09-25,8.675000190734863,8.249645233154297,43259200
2018-09-26,8.666250228881836,8.24132251739502,70920000
2018-09-27,8.90625,8.469558715820312,58525600
2018-09-28,8.892499923706055,8.45648193359375,61857600
2018-10-01,8.943750381469727,8.505218505859375,68232000
2018-10-02,8.892499923706055,8.45648193359375,64787200
2018-10-03,8.918749809265137,8.481444358825684,66569600
2018-10-04,8.40999984741211,7.99763822555542,150889600
2018-10-05,8.09375,7.696896076202393,132924000
2018-10-08,7.948750019073486,7.5590057373046875,119353600
2018-10-09,8.010000228881836,7.617252349853516,104289600
2018-10-10,6.971250057220459,6.629433631896973,242856000
2018-10-11,6.68874979019165,6.360785961151123,222432000
2018-10-12,7.253749847412109,6.898082733154297,168488000
2018-10-15,6.980000019073486,6.637754917144775,159735200
2018-10-16,7.581250190734863,7.2095255851745605,124466400
2018-10-17,7.606249809265137,7.233299732208252,130120800
2018-10-18,7.078750133514404,6.731663227081299,156348800
2018-10-19,7.050000190734863,6.704324245452881,134836800
2018-10-22,7.15625,6.805363655090332,114926400
2018-10-23,7.077499866485596,6.730474948883057,176781600
2018-10-24,6.114999771118164,5.8151679039001465,204842400
2018-10-25,6.742499828338623,6.411900043487549,152073600
2018-10-26,6.21875,5.91383171081543,244761600
2018-10-29,5.886250019073486,5.597635269165039,217961600
2018-10-30,6.113749980926514,5.813979625701904,184865600
2018-10-31,6.526249885559082,6.206252574920654,180157600
2018-11-01,6.81125020980835,6.477280139923096,126066400
2018-11-02,6.506249904632568,6.187233924865723,174357600
2018-11-05,6.442500114440918,6.126609802246094,102600800
2018-11-06,6.578750133514404,6.2561798095703125,111461600
2018-11-07,7.183750152587891,6.831514358520508,138552000
2018-11-08,7.06125020980835,6.715022087097168,117524800
2018-11-09,6.702499866485596,6.373861789703369,136739200
2018-11-12,6.113749980926514,5.813979625701904,154367200
2018-11-13,6.111249923706055,5.811601638793945,154454400
2018-11-14,5.956250190734863,5.664201736450195,156124000
2018-11-15,6.275000095367432,5.967322826385498,169816800
2018-11-16,6.206250190734863,5.901944160461426,134324800
2018-11-19,5.611249923706055,5.336118221282959,186492000
2018-11-20,5.300000190734863,5.0401291847229,202991200
2018-11-21,5.418749809265137,5.153057098388672,115115200
2018-11-23,5.298749923706055,5.038939952850342,56880000
2018-11-26,5.662499904632568,5.384855270385742,119964800
2018-11-27,5.721250057220459,5.440725326538086,120163200
2018-11-28,6.263750076293945,5.9566240310668945,195064800
2018-11-29,6.206250190734863,5.901944160461426,129044800
2018-11-30,6.336249828338623,6.02556848526001,116635200
2018-12-03,6.661250114440918,6.334634304046631,149343200
2018-12-04,5.928750038146973,5.638050556182861,210096000
2018-12-06,6.014999866485596,5.720070838928223,196156000
2018-12-07,5.426249980926514,5.160189151763916,222987200
2018-12-10,5.596250057220459,5.321852684020996,176468800
2018-12-11,5.65625,5.37891149520874,172163200
2018-12-12,5.798749923706055,5.514425277709961,169451200
2018-12-13,5.800000190734863,5.51561164855957,164724800
2018-12-14,5.362500190734863,5.099565505981445,156177600
2018-12-17,5.016250133514404,4.770291805267334,200592800
2018-12-18,5.099999904632568,4.849936008453369,157893600
2018-12-19,4.731249809265137,4.499266147613525,307862400
2018-12-20,4.541250228881836,4.318582534790039,320818400
2018-12-21,4.102499961853027,3.9013450145721436,369034400
2018-12-24,3.7987499237060547,3.6124889850616455,175600800
2018-12-26,4.482500076293945,4.268471717834473,378235200
2018-12-27,4.546249866485596,4.329178810119629,341834400
2018-12-28,4.527500152587891,4.311323642730713,304842400
2018-12-31,4.630000114440918,4.408929347991943,216966400
2019-01-02,4.696249961853027,4.472015857696533,271665600
2019-01-03,4.241250038146973,4.038741588592529,330510400
2019-01-04,4.783750057220459,4.5553388595581055,272964000
2019-01-07,4.93625020980835,4.700557708740234,213106400
2019-01-08,5.078750133514404,4.836251258850098,211622400
2019-01-09,5.198750019073486,4.9505228996276855,178098400
2019-01-10,5.24875020980835,4.998136520385742,175131200
2019-01-11,5.18625020980835,4.938620090484619,120804800
2019-01-14,5.051249980926514,4.810066223144531,111383200
2019-01-15,5.331250190734863,5.076695919036865,145125600
2019-01-16,5.338749885559082,5.083837985992432,135892800
2019-01-17,5.463749885559082,5.202869415283203,142040000
2019-01-18,5.613749980926514,5.345706939697266,166908800
2019-01-22,5.303750038146973,5.050509452819824,181734400
2019-01-23,5.308750152587891,5.055270671844482,166093600
2019-01-24,5.402500152587891,5.1445441246032715,128115200
2019-01-25,5.59499979019165,5.327852725982666,139513600
2019-01-28,5.388750076293945,5.131450176239014,140359200
2019-01-29,5.236249923706055,4.986232280731201,122530400
2019-01-30,5.628749847412109,5.35999059677124,175824000
2019-01-31,5.87624979019165,5.595674514770508,160575200
2019-02-01,5.801249980926514,5.524255752563477,141561600
2019-02-04,6.013750076293945,5.726608753204346,110976800
2019-02-05,6.172500133514404,5.877779483795166,128916800
2019-02-06,6.12375020980835,5.831357002258301,145420000
2019-02-07,5.87375020980835,5.5932936668396,209793600
2019-02-08,5.903749942779541,5.621860504150391,144722400
2019-02-11,5.889999866485596,5.608768463134766,121196800
2019-02-12,6.144999980926514,5.851592063903809,128226400
2019-02-13,6.15749979019165,5.863495826721191,127609600
2019-02-14,6.179999828338623,5.884920597076416,153369600
2019-02-15,6.253749847412109,5.9551496505737305,142496000
2019-02-19,6.291250228881836,5.990859031677246,103572800
2019-02-20,6.286250114440918,5.9860968589782715,171065600
2019-02-21,6.215000152587891,5.918248653411865,128493600
2019-02-22,6.349999904632568,6.046803951263428,119637600
2019-02-25,6.420000076293945,6.113463401794434,124102400
2019-02-26,6.440000057220459,6.13250732421875,105356800
2019-02-27,6.420000076293945,6.113463401794434,115844000
2019-02-28,6.380000114440918,6.075372219085693,92063200
2019-03-01,6.507500171661377,6.196783542633057,140156800
2019-03-04,6.508749961853027,6.197973251342773,213088000
2019-03-05,6.525000095367432,6.213447093963623,100348800
2019-03-06,6.412499904632568,6.106320381164551,123468800
2019-03-07,6.178750038146973,5.883730888366699,169306400
2019-03-08,6.143750190734863,5.850401878356934,174936800
2019-03-11,6.527500152587891,6.2158284187316895,128468000
2019-03-12,6.633749961853027,6.317005157470703,151606400
2019-03-13,6.777500152587891,6.453891277313232,145129600
2019-03-14,6.747499942779541,6.425323963165283,95443200
2019-03-15,6.914999961853027,6.584826469421387,138845600
2019-03-18,6.977499961853027,6.644341468811035,148994400
2019-03-19,7.047500133514404,6.710999965667725,164380800
2019-03-20,7.12624979019165,6.788397312164307,183522400
2019-03-21,7.456250190734863,7.102753162384033,151957600
2019-03-22,6.96875,6.638363838195801,267601600
2019-03-25,6.925000190734863,6.596688270568848,210369600
2019-03-26,7.019999980926514,6.687184810638428,175872000
2019-03-27,6.882500171661377,6.556203365325928,176810400
2019-03-28,6.926249980926514,6.597879886627197,128437600
2019-03-29,7.082499980926514,6.74672269821167,126980000
2019-04-01,7.361249923706055,7.012255668640137,122364800
2019-04-02,7.442500114440918,7.089654445648193,106728800
2019-04-03,7.571249961853027,7.212299823760986,151384000
2019-04-04,7.559999942779541,7.201582908630371,143620800
2019-04-05,7.673749923706055,7.309941291809082,104654400
2019-04-08,7.733749866485596,7.367095947265625,103460000
2019-04-09,7.648749828338623,7.286125659942627,104121600
2019-04-10,7.772500038146973,7.404008865356445,99244000
2019-04-11,7.713749885559082,7.348043441772461,111770400
2019-04-12,7.808750152587891,7.438539981842041,95228000
2019-04-15,7.815000057220459,7.444495677947998,83369600
2019-04-16,7.891250133514404,7.517129898071289,94287200
2019-04-17,7.96999979019165,7.592146396636963,114422400
2019-04-18,7.994999885559082,7.615961074829102,91903200
2019-04-22,8.0625,7.680260181427002,75756800
2019-04-23,8.368749618530273,7.971991062164307,104954400
2019-04-24,8.287500381469727,7.894593715667725,95075200
2019-04-25,8.380000114440918,7.982707500457764,119690400
2019-04-26,8.40999984741211,8.011284828186035,110516800
2019-04-29,8.454999923706055,8.054153442382812,83797600
2019-04-30,8.261249542236328,7.869587421417236,127595200
2019-05-01,8.166250228881836,7.779092311859131,125916000
2019-05-02,8.06624984741211,7.68383264541626,141288800
2019-05-03,8.446249961853027,8.045818328857422,108889600
2019-05-06,8.295000076293945,7.901736259460449,161715200
2019-05-07,7.8125,7.442113399505615,237529600
2019-05-08,7.743750095367432,7.376621246337891,161237600
2019-05-09,7.621250152587891,7.259930610656738,220417600
2019-05-10,7.642499923706055,7.280172348022461,227858400
2019-05-13,6.852499961853027,6.527625560760498,234920800
2019-05-14,7.067500114440918,6.732433319091797,140192000
2019-05-15,7.361249923706055,7.012255668640137,176160000
2019-05-16,7.591249942779541,7.23135232925415,174026400
2019-05-17,7.355000019073486,7.006302356719971,182510400
2019-05-20,6.986249923706055,6.655035018920898,184368800
2019-05-21,7.196249961853027,6.855079650878906,114487200
2019-05-22,7.102499961853027,6.765773296356201,128912800
2019-05-23,6.767499923706055,6.4466552734375,207680800
2019-05-24,6.757500171661377,6.437129974365234,137225600
2019-05-28,6.684999942779541,6.368066787719727,116903200
2019-05-29,6.517499923706055,6.208508014678955,177921600
2019-05-30,6.59499979019165,6.282332897186279,136428000
2019-05-31,6.277500152587891,5.97988748550415,140600800
2019-06-03,5.87624979019165,5.597660541534424,241812800
2019-06-04,6.352499961853027,6.051331996917725,163869600
2019-06-05,6.492499828338623,6.184693336486816,152316800
2019-06-06,6.642499923706055,6.327581882476807,100302400
2019-06-07,7.021249771118164,6.6883745193481445,151548000
2019-06-10,7.277500152587891,6.9324774742126465,183272000
2019-06-11,7.304999828338623,6.958672523498535,137447200
2019-06-12,7.181250095367432,6.840790271759033,110176000
2019-06-13,7.298749923706055,6.9527201652526855,98559200
2019-06-14,7.203750133514404,6.862222671508789,77144800
2019-06-17,7.335000038146973,6.987250804901123,75050400
2019-06-18,7.652500152587891,7.289699554443359,141829600
2019-06-19,7.742499828338623,7.375431060791016,136979200
2019-06-20,7.954999923706055,7.577856540679932,119355200
2019-06-21,7.918749809265137,7.543324947357178,104646400
2019-06-24,7.916250228881836,7.540944576263428,68938400
2019-06-25,7.511250019073486,7.155144691467285,139623200
2019-06-26,7.606249809265137,7.24564266204834,94115200
2019-06-27,7.68874979019165,7.3242292404174805,75270400
2019-06-28,7.721250057220459,7.355188846588135,98932800
2019-07-01,8.0287504196167,7.648111343383789,144820800
2019-07-02,8.126250267028809,7.7409892082214355,81248800
2019-07-03,8.306249618530273,7.912453651428223,67127200
2019-07-05,8.2524995803833,7.861251354217529,116844800
2019-07-08,8.078749656677246,7.695740222930908,105787200
2019-07-09,8.199999809265137,7.811239719390869,88595200
2019-07-10,8.442500114440918,8.042243957519531,154109600
2019-07-11,8.420000076293945,8.020809173583984,127849600
2019-07-12,8.561249732971191,8.155364990234375,89192800
2019-07-15,8.633749961853027,8.224425315856934,73394400
2019-07-16,8.511249542236328,8.107735633850098,111992000
2019-07-17,8.385000228881836,7.987469673156738,92508000
2019-07-18,8.421250343322754,8.022004127502441,135568000
2019-07-19,8.217499732971191,7.8279128074646,140779200
2019-07-22,8.411250114440918,8.01247787475586,95506400
2019-07-23,8.573749542236328,8.16727066040039,116049600
2019-07-24,8.756250381469727,8.341119766235352,109244800
2019-07-25,8.506250381469727,8.102974891662598,150075200
2019-07-26,8.758749961853027,8.343501091003418,111478400
2019-07-29,8.677499771118164,8.26610279083252,113275200
2019-07-30,8.561249732971191,8.155364990234375,111504000
2019-07-31,8.199999809265137,7.811239719390869,196340800
2019-08-01,8.085000038146973,7.701693534851074,298384800
2019-08-02,7.715000152587891,7.349234580993652,246920000
2019-08-05,6.90500020980835,6.57763671875,302484800
2019-08-06,7.18874979019165,6.847933292388916,213540800
2019-08-07,7.293749809265137,6.9479570388793945,307908800
2019-08-08,7.776249885559082,7.407580852508545,219056000
2019-08-09,7.546249866485596,7.188486099243164,221366400
2019-08-12,7.293749809265137,6.9479570388793945,213311200
2019-08-13,7.772500038146973,7.404008865356445,239259200
2019-08-14,7.076250076293945,6.740768909454346,304930400
2019-08-15,7.046249866485596,6.712189674377441,208939200
2019-08-16,7.371250152587891,7.021782398223877,164405600
2019-08-19,7.716249942779541,7.350424766540527,120044000
2019-08-20,7.557499885559082,7.199202060699463,125264000
2019-08-21,7.75,7.382575988769531,101481600
2019-08-22,7.675000190734863,7.311131954193115,152629600
2019-08-23,6.972499847412109,6.641936302185059,302350400
2019-08-26,7.255000114440918,6.911043167114258,146585600
2019-08-27,7.211249828338623,6.869369029998779,154579200
2019-08-28,7.283750057220459,6.938430309295654,127824800
2019-08-29,7.614999771118164,7.253976345062256,141523200
2019-08-30,7.56125020980835,7.202775001525879,136103200
2019-09-03,7.341249942779541,6.993204116821289,128785600
2019-09-04,7.650000095367432,7.287318229675293,100464800
2019-09-05,8.072500228881836,7.689785957336426,126744000
2019-09-06,8.050000190734863,7.6683526039123535,115038400
2019-09-09,7.99875020980835,7.619532108306885,112312800
2019-09-10,7.932499885559082,7.556423664093018,136765600
2019-09-11,8.146249771118164,7.76003885269165,111400800
2019-09-12,8.2475004196167,7.856490135192871,139931200
2019-09-13,8.15999984741211,7.77313756942749,107610400
2019-09-16,8.047499656677246,7.665970802307129,97124000
2019-09-17,8.1537504196167,7.767184734344482,90796000
2019-09-18,8.148750305175781,7.762422561645508,142063200
2019-09-19,8.1850004196167,7.796953201293945,132770400
2019-09-20,7.927499771118164,7.551660537719727,123512800
2019-09-23,7.934999942779541,7.558805465698242,89409600
2019-09-24,7.621250152587891,7.259930610656738,203765600
2019-09-25,7.864999771118164,7.492123603820801,152304000
2019-09-26,7.786250114440918,7.417108058929443,136214400
2019-09-27,7.503749847412109,7.148000240325928,188492000
2019-09-30,7.703750133514404,7.338518142700195,117103200
2019-10-01,7.517499923706055,7.161098957061768,158454400
2019-10-02,7.132500171661377,6.794351100921631,270824000
2019-10-03,7.367499828338623,7.0182108879089355,240521600
2019-10-04,7.677499771118164,7.313512802124023,168977600
2019-10-07,7.606249809265137,7.24564266204834,162530400
2019-10-08,7.260000228881836,6.915806293487549,235405600
2019-10-09,7.480000019073486,7.125375270843506,152269600
2019-10-10,7.643750190734863,7.281363487243652,176239200
2019-10-11,7.929999828338623,7.554041862487793,222509600
2019-10-14,7.93874979019165,7.562376022338867,91493600
2019-10-15,8.239999771118164,7.849343299865723,140721600
2019-10-16,8.178750038146973,7.790998935699463,117193600
2019-10-17,8.234999656677246,7.844581127166748,121839200
2019-10-18,7.99875020980835,7.619532108306885,154444000
2019-10-21,8.210000038146973,7.820766925811768,94176000
2019-10-22,8.020000457763672,7.639774799346924,125023200
2019-10-23,8.057499885559082,7.675497531890869,96905600
2019-10-24,8.288749694824219,7.895783424377441,122484800
2019-10-25,8.477499961853027,8.075584411621094,129177600
2019-10-28,8.736249923706055,8.322067260742188,111596000
2019-10-29,8.53499984741211,8.130358695983887,107028000
2019-10-30,8.654999732971191,8.244670867919922,118984800
2019-10-31,8.661250114440918,8.25062370300293,123296000
2019-11-01,8.896249771118164,8.47448444366455,115052800
2019-11-04,9.055000305175781,8.62570571899414,99926400
2019-11-05,9.06624984741211,8.636420249938965,103229600
2019-11-06,9.008749961853027,8.581647872924805,115329600
2019-11-07,9.100000381469727,8.668572425842285,125719200
2019-11-08,9.207500457763672,8.770977020263672,81607200
2019-11-11,9.168749809265137,8.734064102172852,76092800
2019-11-12,9.243749618530273,8.805506706237793,128692000
2019-11-13,9.229999542236328,8.792409896850586,111758400
2019-11-14,9.227499961853027,8.790029525756836,106651200
2019-11-15,9.401249885559082,8.955541610717773,90586400
2019-11-18,9.449999809265137,9.001980781555176,96696000
2019-11-19,9.488750457763672,9.03889274597168,112120000
2019-11-20,9.322500228881836,8.880524635314941,150380000
2019-11-21,9.25,8.811461448669434,90659200
2019-11-22,9.274999618530273,8.83527660369873,83668000
2019-11-25,9.5962495803833,9.141295433044434,80078400
2019-11-26,9.6537504196167,9.196069717407227,83690400
2019-11-27,9.848750114440918,9.38182544708252,81556800
2019-11-29,9.717499732971191,9.256795883178711,53796000
2019-12-02,9.404999732971191,8.959111213684082,151815200
2019-12-03,9.193750381469727,8.757880210876465,156052000
2019-12-04,9.329999923706055,8.88766860961914,87659200
2019-12-05,9.37874984741211,8.934106826782227,89080800
2019-12-06,9.668749809265137,9.210357666015625,92941600
2019-12-09,9.550000190734863,9.097238540649414,77928800
2019-12-10,9.5287504196167,9.076996803283691,112048000
2019-12-11,9.672499656677246,9.2139310836792,90596000
2019-12-12,9.893750190734863,9.424691200256348,183164000
2019-12-13,9.982500076293945,9.509233474731445,160996000
2019-12-16,10.268750190734863,9.781913757324219,99388000
2019-12-17,10.282500267028809,9.795011520385742,84548800
2019-12-18,10.306249618530273,9.817633628845215,71408000
2019-12-19,10.516249656677246,10.017679214477539,83384800
2019-12-20,10.641249656677246,10.136751174926758,99548000
2019-12-23,10.720000267028809,10.211771011352539,72427200
2019-12-24,10.729999542236328,10.224992752075195,39898400
2019-12-26,11.008749961853027,10.490620613098145,64258400
2019-12-27,10.976249694824219,10.459650039672852,99750400
2019-12-30,10.757499694824219,10.251197814941406,112905600
2019-12-31,10.818750381469727,10.309566497802734,84380000
2020-01-02,11.354999542236328,10.820573806762695,131072000
2020-01-03,11.046250343322754,10.526357650756836,145180000
2020-01-06,11.256250381469727,10.726473808288574,128095200
2020-01-07,11.242500305175781,10.713371276855469,107699200
2020-01-08,11.501250267028809,10.959942817687988,159164800
2020-01-09,11.791250228881836,11.23629379272461,145423200
2020-01-10,11.694999694824219,11.144574165344238,137604000
2020-01-13,12.103750228881836,11.534086227416992,116558400
2020-01-14,11.962499618530273,11.399481773376465,145737600
2020-01-15,11.970000267028809,11.406632423400879,133003200
2020-01-16,12.303750038146973,11.724672317504883,121100800
2020-01-17,12.487500190734863,11.899775505065918,144402400
2020-01-21,12.481249809265137,11.893818855285645,138882400
2020-01-22,12.56624984741211,11.97481918334961,136148800
2020-01-23,12.682499885559082,12.085596084594727,143588800
2020-01-24,12.353750228881836,11.772320747375488,239374400
2020-01-27,11.59000015258789,11.044515609741211,198626400
2020-01-28,12.12874984741211,11.55790901184082,171862400
2020-01-29,12.172499656677246,11.599597930908203,137877600
2020-01-30,12.3100004196167,11.73062801361084,200249600
2020-01-31,11.704999923706055,11.154104232788086,220384000
2020-02-03,12.242500305175781,11.666306495666504,173688000
2020-02-04,13.078749656677246,12.463196754455566,140248800
2020-02-05,13.229999542236328,12.607328414916992,174612000
2020-02-06,13.552499771118164,12.914650917053223,113132800
2020-02-07,13.3774995803833,12.747886657714844,154052000
2020-02-10,13.859999656677246,13.207676887512207,123248800
2020-02-11,13.869999885559082,13.217207908630371,193770400
2020-02-12,14.276249885559082,13.604337692260742,121608000
2020-02-13,14.2212495803833,13.551924705505371,155282400
2020-02-14,14.317500114440918,13.643645286560059,113969600
2020-02-18,14.342499732971191,13.667470932006836,130167200
2020-02-19,14.757499694824219,14.062934875488281,105627200
2020-02-20,14.337499618530273,13.662703514099121,227657600
2020-02-21,13.517499923706055,12.881298065185547,207107200
2020-02-24,11.960000038146973,11.397101402282715,269674400
2020-02-25,10.992500305175781,10.475138664245605,300793600
2020-02-26,11.143750190734863,10.619267463684082,335736000
2020-02-27,9.477499961853027,9.031439781188965,425116000
2020-02-28,9.625,9.171998977661133,494222400
2020-03-02,10.938750267028809,10.423917770385742,363518400
2020-03-03,9.9087495803833,9.44239330291748,548126400
2020-03-04,11.111249923706055,10.588295936584473,315827200
2020-03-05,10.136249542236328,9.659184455871582,386972000
2020-03-06,9.604999542236328,9.152939796447754,393519200
2020-03-09,7.653749942779541,7.2935261726379395,406964800
2020-03-10,8.845000267028809,8.428709983825684,456252800
2020-03-11,7.707499980926514,7.344746112823486,430928000
2020-03-12,5.59499979019165,5.331670761108398,618225600
2020-03-13,7.105000019073486,6.770602226257324,556290400
2020-03-16,4.65625,4.437102317810059,658290400
2020-03-17,5.414999961853027,5.160141944885254,762020800
2020-03-18,4.913750171661377,4.682483673095703,848999200
2020-03-19,5.027500152587891,4.790879726409912,804808800
2020-03-20,4.43874979019165,4.22983980178833,782255200
2020-03-23,4.452499866485596,4.2429423332214355,820073600
2020-03-24,5.445000171661377,5.188730716705322,829824000
2020-03-25,5.318749904632568,5.068422794342041,834874400
2020-03-26,6.184999942779541,5.893901824951172,649240000
2020-03-27,5.542500019073486,5.281641006469727,557143200
2020-03-30,6.125,5.836726188659668,416621600
2020-03-31,5.954999923706055,5.674726486206055,731904000
2020-04-01,5.216249942779541,4.970747470855713,535589600
2020-04-02,5.525000095367432,5.264965057373047,467531200
2020-04-03,5.302499771118164,5.052936553955078,554484000
2020-04-06,6.412499904632568,6.110696315765381,518616800
2020-04-07,6.400000095367432,6.098783016204834,658009600
2020-04-08,6.808750152587891,6.488295555114746,518180000
2020-04-09,6.833749771118164,6.512119770050049,553297600
2020-04-13,7.071249961853027,6.738441467285156,426961600
2020-04-14,7.988749980926514,7.612758636474609,490049600
2020-04-15,7.723750114440918,7.360230922698975,431688000
2020-04-16,8.137499809265137,7.754508018493652,562920000
2020-04-17,8.3412504196167,7.94866943359375,463564800
2020-04-20,8.071249961853027,7.691375732421875,386998400
2020-04-21,7.178750038146973,6.840881824493408,519489600
2020-04-22,7.81374979019165,7.445995330810547,274185600
2020-04-23,7.762499809265137,7.397156715393066,424868000
2020-04-24,8.137499809265137,7.754508018493652,317981600
2020-04-27,8.296250343322754,7.905787467956543,304741600
2020-04-28,7.847499847412109,7.478156566619873,386247200
2020-04-29,8.663749694824219,8.255989074707031,346104000
2020-04-30,8.7212495803833,8.310783386230469,380544800
2020-05-01,7.93874979019165,7.565110683441162,346245600
2020-05-04,8.21875,7.831932067871094,200756000
2020-05-05,8.481249809265137,8.08207893371582,288714400
2020-05-06,8.648750305175781,8.241695404052734,311880800
2020-05-07,8.986249923706055,8.563312530517578,289489600
2020-05-08,9.348750114440918,8.908751487731934,262202400
2020-05-11,9.581250190734863,9.13031005859375,269384000
2020-05-12,9.011249542236328,8.58713436126709,339363200
2020-05-13,8.670000076293945,8.261946678161621,491119200
2020-05-14,8.957500457763672,8.53591537475586,402999200
2020-05-15,9.111249923706055,8.682429313659668,357806400
2020-05-18,9.638750076293945,9.185101509094238,296474400
2020-05-19,9.5649995803833,9.114821434020996,261430400
2020-05-20,10.125,9.648467063903809,285416000
2020-05-21,9.813750267028809,9.3518648147583,322693600
2020-05-22,9.90250015258789,9.43643856048584,209664800
2020-05-26,9.861249923706055,9.397130966186523,245202400
2020-05-27,10.0,9.529348373413086,347291200
2020-05-28,9.936249732971191,9.468599319458008,303992800
2020-05-29,10.3462495803833,9.85930347442627,358492800
2020-06-01,10.473750114440918,9.980801582336426,209881600
2020-06-02,10.682499885559082,10.179726600646973,250714400
2020-06-03,10.827500343322754,10.317902565002441,215033600
2020-06-04,10.607500076293945,10.108257293701172,266408800
2020-06-05,11.236249923706055,10.707413673400879,281394400
2020-06-08,11.486249923706055,10.945648193359375,218544800
2020-06-09,11.742500305175781,11.189839363098145,213179200
2020-06-10,12.166250228881836,11.593644142150879,302911200
2020-06-11,10.375,9.886700630187988,383332000
2020-06-12,10.600000381469727,10.101110458374023,411876800
2020-06-15,10.973750114440918,10.457269668579102,398184800
2020-06-16,11.553750038146973,11.00997257232666,383217600
2020-06-17,11.666250228881836,11.117177963256836,258858400
2020-06-18,11.756250381469727,11.20294189453125,212785600
2020-06-19,11.739999771118164,11.187455177307129,289950400
2020-06-22,12.157500267028809,11.585306167602539,220133600
2020-06-23,12.475000381469727,11.887864112854004,234898400
2020-06-24,11.739999771118164,11.187455177307129,392821600
2020-06-25,12.051250457763672,11.484055519104004,301703200
2020-06-26,11.1850004196167,10.658578872680664,375940800
2020-06-29,11.542499542236328,10.999252319335938,259609600
2020-06-30,12.206250190734863,11.63176155090332,251388800
2020-07-01,12.642499923706055,12.047478675842285,252137600
2020-07-02,12.911250114440918,12.303581237792969,228152000
2020-07-06,13.859999656677246,13.207676887512207,211984000
2020-07-07,13.587499618530273,12.948001861572266,246099200
2020-07-08,14.109999656677246,13.445913314819336,239931200
2020-07-09,14.462499618530273,13.781821250915527,317596000
2020-07-10,14.768750190734863,14.073657989501953,242789600
2020-07-13,13.856249809265137,13.20410442352295,374584800
2020-07-14,14.149999618530273,13.484028816223145,459751200
2020-07-15,14.220000267028809,13.550735473632812,367544000
2020-07-16,13.914999961853027,13.260087966918945,299972000
2020-07-17,13.979999542236328,13.322031021118164,231003200
2020-07-20,15.170000076293945,14.456023216247559,251621600
2020-07-21,14.6850004196167,13.99384880065918,294313600
2020-07-22,14.854999542236328,14.155848503112793,227788800
2020-07-23,13.69124984741211,13.046870231628418,336648800
2020-07-24,13.286250114440918,12.660932540893555,357218400
2020-07-27,14.0,13.341089248657227,267624000
2020-07-28,13.473750114440918,12.839605331420898,238702400
2020-07-29,13.932499885559082,13.276765823364258,194280800
2020-07-30,14.1587495803833,13.492365837097168,302200000
2020-07-31,14.922499656677246,14.220170021057129,359815200
2020-08-03,15.478750228881836,14.750240325927734,217868000
2020-08-04,15.680000305175781,14.942020416259766,211008000
2020-08-05,15.805000305175781,15.061137199401855,162381600
2020-08-06,16.40999984741211,15.63766098022461,192064000
2020-08-07,15.873749732971191,15.126651763916016,296708000
2020-08-10,15.65999984741211,14.922959327697754,254311200
2020-08-11,14.771249771118164,14.07603931427002,310273600
2020-08-12,15.876250267028809,15.129033088684082,221247200
2020-08-13,15.987500190734863,15.235047340393066,234281600
2020-08-14,15.94124984741211,15.190974235534668,199737600
2020-08-17,16.467500686645508,15.692455291748047,126664800
2020-08-18,16.951250076293945,16.1534366607666,149313600
2020-08-19,16.6200008392334,15.837778091430664,205847200
2020-08-20,17.303749084472656,16.489349365234375,152774400
2020-08-21,17.665000915527344,16.833593368530273,164280000
2020-08-24,17.99250030517578,17.14568519592285,251384000
2020-08-25,18.412500381469727,17.545915603637695,172556800
2020-08-26,19.591249465942383,18.669185638427734,219663200
2020-08-27,19.41374969482422,18.500043869018555,302602400
2020-08-28,19.7137508392334,18.78592300415039,198145600
2020-08-31,20.170000076293945,19.220701217651367,180398400
2020-09-01,21.217500686645508,20.21889877319336,193147200
2020-09-02,21.81624984741211,20.789464950561523,289369600
2020-09-03,18.466249465942383,17.597135543823242,443024800
2020-09-04,17.704999923706055,16.8717098236084,561480800
2020-09-08,15.202500343322754,14.486993789672852,426824800
2020-09-09,16.508750915527344,15.731764793395996,290352000
2020-09-10,15.553750038146973,14.821711540222168,465936800
2020-09-11,15.213749885559082,14.497711181640625,385797600
2020-09-14,15.9975004196167,15.244576454162598,269032800
2020-09-15,16.677499771118164,15.892566680908203,300889600
2020-09-16,15.876250267028809,15.129033088684082,306141600
2020-09-17,15.145000457763672,14.43220043182373,446844800
2020-09-18,14.5600004196167,13.874732971191406,463042400
2020-09-21,14.732500076293945,14.039112091064453,375314400
2020-09-22,15.537500381469727,14.806227684020996,315066400
2020-09-23,14.098750114440918,13.435190200805664,405507200
2020-09-24,14.305000305175781,13.631733894348145,375036000
2020-09-25,15.307499885559082,14.587052345275879,324478400
2020-09-28,16.21500015258789,15.4518404006958,273331200
2020-09-29,16.045000076293945,15.289840698242188,221805600
2020-09-30,16.362499237060547,15.59239673614502,338768000
2020-10-01,17.12874984741211,16.32258415222168,278676000
2020-10-02,15.7162504196167,14.9765625,399553600
2020-10-05,16.707500457763672,15.921161651611328,210790400
2020-10-06,15.8100004196167,15.065899848937988,345648800
2020-10-07,16.641250610351562,15.858028411865234,225088800
2020-10-08,16.886249542236328,16.091493606567383,197893600
2020-10-09,17.637500762939453,16.807392120361328,195271200
2020-10-12,19.282499313354492,18.374967575073242,294116800
2020-10-13,19.28499984741211,18.377351760864258,283861600
2020-10-14,18.80875015258789,17.923511505126953,296589600
2020-10-15,18.420000076293945,17.553062438964844,249076800
2020-10-16,18.137500762939453,17.283857345581055,228096800
2020-10-19,17.236249923706055,16.42502212524414,277555200
2020-10-20,17.34749984741211,16.531038284301758,274710400
2020-10-21,17.302499771118164,16.4881534576416,242572800
2020-10-22,17.311250686645508,16.496492385864258,239163200
2020-10-23,17.412500381469727,16.59297752380371,191088000
2020-10-26,16.618749618530273,15.836586952209473,317113600
2020-10-27,17.011249542236328,16.210613250732422,223860000
2020-10-28,15.015000343322754,14.308318138122559,369440000
2020-10-29,15.7787504196167,15.036121368408203,276374400
2020-10-30,14.681249618530273,13.990276336669922,461622400
2020-11-02,14.686249732971191,13.995040893554688,302272000
2020-11-03,15.425000190734863,14.699021339416504,269938400
2020-11-04,17.510000228881836,16.685888290405273,338375200
2020-11-05,18.861249923706055,17.973546981811523,300264800
2020-11-06,18.924999237060547,18.034292221069336,270302400
2020-11-09,17.770000457763672,16.93365478515625,331731200
2020-11-10,16.811250686645508,16.02002716064453,337333600
2020-11-11,17.94124984741211,17.096845626831055,253661600
2020-11-12,17.678749084472656,16.846696853637695,286687200
2020-11-13,18.142499923706055,17.28862190246582,209495200
2020-11-16,18.559999465942383,17.686471939086914,213748800
2020-11-17,18.388750076293945,17.523279190063477,182704000
2020-11-18,17.962499618530273,17.117094039916992,154341600
2020-11-19,18.407499313354492,17.541149139404297,159341600
2020-11-20,18.033750534057617,17.184986114501953,129993600
2020-11-23,18.037500381469727,17.188562393188477,179060800
2020-11-24,18.774999618530273,17.8913516998291,156015200
2020-11-25,19.12874984741211,18.22845458984375,128677600
2020-11-27,19.6512508392334,18.726360321044922,92927200
2020-11-30,19.752500534057617,18.822851181030273,184622400
2020-12-01,20.528749465942383,19.562562942504883,169989600
2020-12-02,20.611249923706055,19.64118194580078,146129600
2020-12-03,20.69499969482422,19.720989227294922,157461600
2020-12-04,20.948749542236328,19.96279525756836,127088000
2020-12-07,21.303749084472656,20.301088333129883,124028000
2020-12-08,21.498750686645508,20.486907958984375,133925600
2020-12-09,20.05875015258789,19.11468505859375,244878400
2020-12-10,20.30500030517578,19.349346160888672,173346400
2020-12-11,20.162500381469727,19.21354866027832,169819200
2020-12-14,20.592500686645508,19.623315811157227,146684800
2020-12-15,21.232500076293945,20.233192443847656,157417600
2020-12-16,21.5887508392334,20.572675704956055,137590400
2020-12-17,22.03125,20.994348526000977,139275200
2020-12-18,21.791250228881836,20.765642166137695,168756000
2020-12-21,21.709999084472656,20.688215255737305,203596800
2020-12-22,21.881250381469727,20.85140609741211,160330400
2020-12-23,21.551250457763672,20.536943435668945,119434400
2020-12-24,21.831249237060547,20.80375862121582,77065600
2020-12-28,22.486249923706055,21.427932739257812,117052800
2020-12-29,22.552499771118164,21.49106788635254,121142400
2020-12-30,22.548749923706055,21.487489700317383,104807200
2020-12-31,22.725000381469727,21.655447006225586,106708000
2021-01-04,21.731250762939453,20.70846939086914,197472000
2021-01-05,22.2762508392334,21.22781753540039,118712800
2021-01-06,21.354999542236328,20.349925994873047,210730400
2021-01-07,22.897499084472656,21.819826126098633,123695200
2021-01-08,23.78499984741211,22.66555404663086,152815200
2021-01-11,22.733749389648438,21.66378402709961,140325600
2021-01-12,22.635000228881836,21.56968116760254,146031200
2021-01-13,23.075000762939453,21.988975524902344,108750400
2021-01-14,22.7237491607666,21.654251098632812,118236000
2021-01-15,22.171249389648438,21.127756118774414,141692000
2021-01-19,23.13249969482422,22.04376792907715,120967200
2021-01-20,24.7450008392334,23.58037567138672,121736000
2021-01-21,25.360000610351562,24.16642951965332,92168400
2021-01-22,25.1299991607666,23.947250366210938,81878800
2021-01-25,25.827499389648438,24.611923217773438,153170400
2021-01-26,25.854999542236328,24.638132095336914,90968800
2021-01-27,23.770000457763672,22.651264190673828,188900800
2021-01-28,24.1200008392334,22.984792709350586,90021600
2021-01-29,22.61750030517578,21.553003311157227,184278400
2021-02-01,24.280000686645508,23.13726234436035,105659600
2021-02-02,25.454999923706055,24.2569580078125,92746400
2021-02-03,25.162500381469727,23.978225708007812,95172000
2021-02-04,26.052499771118164,24.826337814331055,72808800
2021-02-05,26.325000762939453,25.086013793945312,86615200
2021-02-08,26.84000015258789,25.5767765045166,76994800
2021-02-09,26.827499389648438,25.564855575561523,65768800
2021-02-10,26.637500762939453,25.38380241394043,123548000
2021-02-11,27.0674991607666,25.793563842773438,98860000
2021-02-12,27.52750015258789,26.231914520263672,77471600
2021-02-16,27.297500610351562,26.012746810913086,88663600
2021-02-17,26.917499542236328,25.65062713623047,105986800
2021-02-18,26.55500030517578,25.30518341064453,110202000
2021-02-19,26.204999923706055,24.97165870666504,93377200
2021-02-22,24.174999237060547,23.037199020385742,132734800
2021-02-23,23.959999084472656,22.832321166992188,199274800
2021-02-24,24.537500381469727,23.38264274597168,123042000
2021-02-25,21.975000381469727,20.940744400024414,237792000
2021-02-26,22.30500030517578,21.255212783813477,209318400
2021-03-01,24.25,23.108673095703125,133707200
2021-03-02,23.087499618530273,22.000885009765625,151693200
2021-03-03,21.084999084472656,20.092628479003906,231542400
2021-03-04,20.042499542236328,19.09919548034668,432037200
2021-03-05,20.940000534057617,19.954456329345703,336656400
2021-03-08,19.149999618530273,18.248701095581055,235731600
2021-03-09,21.405000686645508,20.397573471069336,173429200
2021-03-10,21.22249984741211,20.22365951538086,203371200
2021-03-11,22.69499969482422,21.62685775756836,158935600
2021-03-12,22.1299991607666,21.088449478149414,166590000
2021-03-15,22.837499618530273,21.762653350830078,126701600
2021-03-16,23.212499618530273,22.12000274658203,168770400
2021-03-17,23.5049991607666,22.398738861083984,196370800
2021-03-18,21.34749984741211,20.342775344848633,228253600
2021-03-19,21.6200008392334,20.602453231811523,193286400
2021-03-22,22.772499084472656,21.700708389282227,141101200
2021-03-23,22.475000381469727,21.41720962524414,187780800
2021-03-24,21.34000015258789,20.33563232421875,190483600
2021-03-25,21.225000381469727,20.226041793823242,239874400
2021-03-26,22.162500381469727,21.11941909790039,215060400
2021-03-29,22.149999618530273,21.10750389099121,190589200
2021-03-30,21.834999084472656,20.807331085205078,148349600
2021-03-31,22.815000534057617,21.7412109375,161968800
2021-04-01,23.975000381469727,22.846616744995117,145087200
2021-04-05,25.415000915527344,24.218843460083008,130539600
2021-04-06,25.354999542236328,24.161666870117188,120606800
2021-04-07,25.542499542236328,24.34033966064453,98987200
2021-04-08,26.34000015258789,25.100305557250977,113619200
2021-04-09,26.8174991607666,25.55533218383789,129438400
2021-04-12,26.712499618530273,25.455278396606445,109632000
2021-04-13,27.627500534057617,26.327211380004883,115022000
2021-04-14,26.657499313354492,25.402862548828125,161227600
2021-04-15,27.834999084472656,26.52493667602539,120798000
2021-04-16,27.952499389648438,26.636911392211914,117488000
2021-04-19,27.190000534057617,25.91029930114746,159168000
2021-04-20,26.594999313354492,25.343297958374023,158283600
2021-04-21,27.267499923706055,25.984155654907227,111057200
2021-04-22,26.274999618530273,25.03836441040039,174848400
2021-04-23,27.264999389648438,25.98177146911621,107686000
2021-04-26,27.80500030517578,26.496353149414062,99976800
2021-04-27,27.440000534057617,26.148536682128906,119312800
2021-04-28,27.157499313354492,25.879329681396484,118950000
2021-04-29,27.43000030517578,26.13900375366211,148124400
2021-04-30,26.915000915527344,25.648244857788086,118440400
2021-05-03,26.475000381469727,25.22895050048828,134222000
2021-05-04,25.079999923706055,23.89961051940918,211234000
2021-05-05,24.787500381469727,23.620874404907227,136429200
2021-05-06,25.329999923706055,24.13784408569336,169663200
2021-05-07,25.950000762939453,24.72866439819336,158706800
2021-05-10,24.0,22.870439529418945,184214800
2021-05-11,23.8799991607666,22.756080627441406,228806800
2021-05-12,22.0625,21.024127960205078,236158000
2021-05-13,22.52750015258789,21.467241287231445,208602000
2021-05-14,23.99250030517578,22.863292694091797,144263200
2021-05-17,23.587499618530273,22.477352142333984,138542400
2021-05-18,23.092500686645508,22.005647659301758,131684000
2021-05-19,23.177499771118164,22.086647033691406,191889600
2021-05-20,24.517499923706055,23.363582611083984,139226400
2021-05-21,24.112499237060547,22.97764015197754,128133200
2021-05-24,25.31999969482422,24.12831687927246,92181600
2021-05-25,25.4424991607666,24.245046615600586,106728800
2021-05-26,25.700000762939453,24.49043083190918,78034800
2021-05-27,25.399999618530273,24.204547882080078,83216800
2021-05-28,25.647499084472656,24.440397262573242,81857200
2021-06-01,25.397499084472656,24.202163696289062,103863600
2021-06-02,25.530000686645508,24.328432083129883,83178800
2021-06-03,24.727500915527344,23.563697814941406,121032000
2021-06-04,25.9950008392334,24.771543502807617,91175200
2021-06-07,26.225000381469727,24.990718841552734,62193200
2021-06-08,26.2549991607666,25.019302368164062,92944400
2021-06-09,26.28499984741211,25.04789161682129,77803600
2021-06-10,27.09000015258789,25.81501007080078,117206800
2021-06-11,27.30500030517578,26.01988983154297,68338800
2021-06-14,28.06999969482422,26.748882293701172,90823200
2021-06-15,27.549999237060547,26.25335693359375,90108000
2021-06-16,27.2549991607666,25.97224235534668,157778000
2021-06-17,28.272499084472656,26.94184684753418,144323600
2021-06-18,27.59749984741211,26.29862403869629,142894400
2021-06-21,28.102500915527344,26.779857635498047,107708400
2021-06-22,28.887500762939453,27.527908325195312,103578800
2021-06-23,28.9375,27.57555389404297,93996800
2021-06-24,29.469999313354492,28.082992553710938,93672400
2021-06-25,29.377500534057617,27.994842529296875,86993200
2021-06-28,30.417499542236328,28.985898971557617,88787600
2021-06-29,30.760000228881836,29.312274932861328,74560000
2021-06-30,30.625,29.18362808227539,80546800
2021-07-01,30.639999389648438,29.197925567626953,83834800
2021-07-02,31.68000030517578,30.188976287841797,93502000
2021-07-06,32.10499954223633,30.59397315979004,109599600
2021-07-07,32.310001373291016,30.789331436157227,115275600
2021-07-08,31.75,30.255685806274414,152524400
2021-07-09,32.287498474121094,30.76788902282715,92875600
2021-07-12,32.692501068115234,31.153820037841797,87126000
2021-07-13,32.67499923706055,31.13715171813965,119450000
2021-07-14,32.852500915527344,31.306293487548828,136042800
2021-07-15,32.17250061035156,30.65829849243164,137192800
2021-07-16,31.38249969482422,29.905475616455078,127402800
2021-07-19,30.6299991607666,29.188398361206055,202286400
2021-07-20,31.639999389648438,30.150861740112305,121544800
2021-07-21,32.36249923706055,30.83935546875,81763200
2021-07-22,33.04249954223633,31.487354278564453,94957600
2021-07-23,34.13999938964844,32.53319549560547,103898400
2021-07-26,34.282501220703125,32.66899490356445,85977600
2021-07-27,33.162498474121094,31.601703643798828,178782000
2021-07-28,33.525001525878906,31.947145462036133,143940400
2021-07-29,33.689998626708984,32.1043815612793,88638400
2021-07-30,33.185001373291016,31.623149871826172,113118800
2021-08-02,33.17499923706055,31.613615036010742,109120000
2021-08-03,33.752498626708984,32.16393280029297,126835600
2021-08-04,33.91999816894531,32.32355499267578,96856800
2021-08-05,34.557498931884766,32.93104553222656,77340400
2021-08-06,34.10749816894531,32.50222396850586,86306000
2021-08-09,34.290000915527344,32.676143646240234,68421600
2021-08-10,33.77750015258789,32.1877555847168,106162400
2021-08-11,33.595001220703125,32.01384735107422,93188000
2021-08-12,33.94499969482422,32.347373962402344,79490800
2021-08-13,34.28499984741211,32.67137145996094,73289600
2021-08-16,34.345001220703125,32.72854995727539,122458400
2021-08-17,33.442501068115234,31.868528366088867,166395200
2021-08-18,32.470001220703125,30.941802978515625,130084800
2021-08-19,32.932498931884766,31.382530212402344,163247600
2021-08-20,33.95000076293945,32.352142333984375,125082400
2021-08-23,35.462501525878906,33.793460845947266,96532400
2021-08-24,35.8125,34.126983642578125,72686800
2021-08-25,35.852500915527344,34.165103912353516,76127200
2021-08-26,35.244998931884766,33.586185455322266,107004800
2021-08-27,36.275001525878906,34.56771469116211,92320000
2021-08-30,37.477500915527344,35.713623046875,91270400
2021-08-31,37.372501373291016,35.613563537597656,91796000
2021-09-01,37.57749938964844,35.80891799926758,95568000
2021-09-02,37.525001525878906,35.75887680053711,95038400
2021-09-03,37.86249923706055,36.08049392700195,93201200
2021-09-07,38.01750183105469,36.228206634521484,90370800
2021-09-08,37.627498626708984,35.85655975341797,126846000
2021-09-09,37.224998474121094,35.472999572753906,110573600
2021-09-10,36.38750076293945,34.6749153137207,138435600
2021-09-13,36.30500030517578,34.596309661865234,155549200
2021-09-14,35.99250030517578,34.29850387573242,119258400
2021-09-15,36.790000915527344,35.058475494384766,111785200
2021-09-16,36.86249923706055,35.12755584716797,105230800
2021-09-17,35.560001373291016,33.88636016845703,154650400
2021-09-20,33.372501373291016,31.80182647705078,243827200
2021-09-21,33.415000915527344,31.842323303222656,143401200
2021-09-22,34.39250183105469,32.77381896972656,175338800
2021-09-23,35.34749984741211,33.68385696411133,138739200
2021-09-24,35.4474983215332,33.7791633605957,109550400
2021-09-27,34.592498779296875,32.964393615722656,156710800
2021-09-28,31.707500457763672,30.215185165405273,297646000
2021-09-29,31.497499465942383,30.015064239501953,195061200
2021-09-30,31.142499923706055,29.676776885986328,234624000
2021-10-01,31.709999084472656,30.217565536499023,208708000
2021-10-04,29.760000228881836,28.35934829711914,257236000
2021-10-05,30.905000686645508,29.450456619262695,162612800
2021-10-06,31.514999389648438,30.0317440032959,234990800
2021-10-07,32.36750030517578,30.8441219329834,150815200
2021-10-08,31.8700008392334,30.37003517150879,157132000
2021-10-11,31.162500381469727,29.695837020874023,136215200
2021-10-12,30.844999313354492,29.393274307250977,174403600
2021-10-13,31.5674991607666,30.081769943237305,140921200
2021-10-14,33.310001373291016,31.742263793945312,121750000
2021-10-15,33.9275016784668,32.33069610595703,102858000
2021-10-18,34.94499969482422,33.30030822753906,100876400
2021-10-19,35.712501525878906,34.03169250488281,106450800
2021-10-20,35.599998474121094,33.92448043823242,118709600
2021-10-21,36.23749923706055,34.53197479248047,92100400
2021-10-22,35.31999969482422,33.657657623291016,140248400
2021-10-25,36.380001068115234,34.66776657104492,118951600
2021-10-26,36.720001220703125,34.99177169799805,167975600
2021-10-27,37.0099983215332,35.26811981201172,145068000
2021-10-28,38.224998474121094,36.425941467285156,130737600
2021-10-29,38.790000915527344,36.96434783935547,134514400
2021-11-01,39.17250061035156,37.3288459777832,130045600
2021-11-02,39.69499969482422,37.826751708984375,120171200
2021-11-03,40.95500183105469,39.0274543762207,145210400
2021-11-04,42.48249816894531,40.48305130004883,160879600
2021-11-05,42.63999938964844,40.633148193359375,170505600
2021-11-08,42.46500015258789,40.46638488769531,112919600
2021-11-09,41.59000015258789,39.632568359375,176237600
2021-11-10,39.76750183105469,37.89583969116211,193953600
2021-11-11,40.09000015258789,38.20316696166992,115438000
2021-11-12,41.36249923706055,39.415771484375,127640800
2021-11-15,41.349998474121094,39.40386199951172,139458400
2021-11-16,42.20500183105469,40.218624114990234,103181600
2021-11-17,42.255001068115234,40.26626968383789,115936000
2021-11-18,43.54750061035156,41.4979362487793,173683200
2021-11-19,44.28499984741211,42.20072555541992,129214400
2021-11-22,42.75,40.737972259521484,179044800
2021-11-23,42.16749954223633,40.18287658691406,226025600
2021-11-24,42.557498931884766,40.55452346801758,198241600
2021-11-26,40.209999084472656,38.3175163269043,177682400
2021-11-29,42.70750045776367,40.69746398925781,158932000
2021-11-30,40.872501373291016,38.948829650878906,302586000
2021-12-01,38.775001525878906,36.950042724609375,302551200
2021-12-02,39.505001068115234,37.64570236206055,396432800
2021-12-03,37.52000045776367,35.75411605834961,480573600
2021-12-06,38.397499084472656,36.59031677246094,304828000
2021-12-07,41.86000061035156,39.889862060546875,270578400
2021-12-08,42.442501068115234,40.44493865966797,205243600
2021-12-09,40.61000061035156,38.698692321777344,212802000
2021-12-10,41.86750030517578,39.89699935913086,203075200
2021-12-13,40.067501068115234,38.181724548339844,179145200
2021-12-14,38.875,37.04534149169922,230933600
2021-12-15,41.4474983215332,39.496768951416016,269061200
2021-12-16,38.28499984741211,36.48311233520508,296220000
2021-12-17,37.70000076293945,35.92564392089844,300020800
2021-12-20,36.5724983215332,34.85121536254883,241866000
2021-12-21,39.01750183105469,37.18114471435547,219124800
2021-12-22,40.40999984741211,38.50809860229492,177222800
2021-12-23,41.369998931884766,39.42292022705078,131308400
2021-12-27,43.34749984741211,41.30735778808594,125963200
2021-12-28,42.837501525878906,40.821346282958984,144825200
2021-12-29,42.77000045776367,40.75702667236328,115494800
2021-12-30,42.369998931884766,40.375850677490234,113271600
2021-12-31,41.58250045776367,39.625423431396484,120497200
2022-01-03,42.782501220703125,40.768943786621094,153010400
2022-01-04,41.119998931884766,39.1846809387207,213296400
2022-01-05,37.337501525878906,35.5802116394043,266490400
2022-01-06,37.23500061035156,35.4825325012207,308453200
2022-01-07,36.01750183105469,34.32233810424805,285426800
2022-01-10,36.150001525878906,34.448604583740234,358434800
2022-01-11,37.7400016784668,35.96376419067383,308653600
2022-01-12,38.16999816894531,36.373531341552734,276742400
2022-01-13,35.400001525878906,33.73389434814453,173531800
2022-01-14,35.935001373291016,34.243717193603516,178451600
2022-01-18,33.345001220703125,31.77561378479004,155320000
2022-01-19,32.185001373291016,30.670211791992188,183284400
2022-01-20,30.940000534057617,29.483810424804688,172197000
2022-01-21,28.334999084472656,27.001407623291016,342054600
2022-01-24,28.7450008392334,27.39211654663086,510169200
2022-01-25,26.625,25.371891021728516,347498000
2022-01-26,26.575000762939453,25.324243545532227,415676200
2022-01-27,25.780000686645508,24.566661834716797,323528200
2022-01-28,28.184999465942383,26.85846710205078,334032400
2022-01-31,30.915000915527344,29.45998191833496,227502200
2022-02-01,31.5049991607666,30.022216796875,203691600
2022-02-02,32.25,30.732152938842773,201630400
2022-02-03,28.3700008392334,27.034765243530273,211150000
2022-02-04,29.350000381469727,27.968643188476562,193068800
2022-02-07,28.684999465942383,27.334941864013672,153912200
2022-02-08,29.65999984741211,28.264047622680664,158593200
2022-02-09,31.5,30.0174503326416,151075400
2022-02-10,29.40999984741211,28.025819778442383,254286600
2022-02-11,26.639999389648438,25.38618278503418,268511200
2022-02-14,26.71500015258789,25.457656860351562,190125000
2022-02-15,28.649999618530273,27.30158042907715,163444600
2022-02-16,28.645000457763672,27.29681968688965,186181000
2022-02-17,26.104999542236328,24.87636375427246,157671200
2022-02-18,25.219999313354492,24.03302001953125,226165400
2022-02-22,24.440000534057617,23.28972816467285,262876200
2022-02-23,22.56999969482422,21.50774383544922,260920400
2022-02-24,24.780000686645508,23.613727569580078,389734800
2022-02-25,25.954999923706055,24.733427047729492,238372200
2022-02-28,26.229999542236328,24.995481491088867,243401000
2022-03-01,25.020000457763672,23.842432022094727,248145000
2022-03-02,26.21500015258789,24.98119354248047,219495800
2022-03-03,25.1200008392334,23.937725067138672,223888600
2022-03-04,24.045000076293945,22.913314819335938,231391000
2022-03-07,21.360000610351562,20.354690551757812,249752600
2022-03-08,21.065000534057617,20.073570251464844,355936000
2022-03-09,23.31999969482422,22.222440719604492,219074200
2022-03-10,22.56999969482422,21.50774383544922,225574800
2022-03-11,21.170000076293945,20.173633575439453,197814800
2022-03-14,19.93000030517578,18.991992950439453,246265200
2022-03-15,21.774999618530273,20.75015640258789,211407200
2022-03-16,24.219999313354492,23.08008575439453,326175000
2022-03-17,25.030000686645508,23.851961135864258,192061600
2022-03-18,26.584999084472656,25.333772659301758,201569600
2022-03-21,26.395000457763672,25.152719497680664,221094600
2022-03-22,27.954999923706055,26.639293670654297,186689200
2022-03-23,26.774999618530273,25.514835357666016,205499400
2022-03-24,28.510000228881836,27.168176651000977,171150600
2022-03-25,28.46500015258789,27.12529182434082,198789400
2022-03-28,29.760000228881836,28.35934829711914,183407400
2022-03-29,31.28499984741211,29.81256866455078,204013400
2022-03-30,30.344999313354492,28.91680908203125,167818800
2022-03-31,29.09000015258789,27.72088050842285,168098800
2022-04-01,28.96500015258789,27.601757049560547,176162600
2022-04-04,30.774999618530273,29.32657241821289,137515000
2022-04-05,28.739999771118164,27.387351989746094,172097600
2022-04-06,26.850000381469727,25.586307525634766,296859800
2022-04-07,27.024999618530273,25.753067016601562,229654000
2022-04-08,25.920000076293945,24.7000732421875,204182400
2022-04-11,24.079999923706055,22.946672439575195,185914600
2022-04-12,23.770000457763672,22.651264190673828,247928200
2022-04-13,25.19499969482422,24.009199142456055,190084600
2022-04-14,23.5,22.393972396850586,167843600
2022-04-18,23.565000534057617,22.455915451049805,175525400
2022-04-19,25.079999923706055,23.89961051940918,172372600
2022-04-20,23.950000762939453,22.822795867919922,215629400
2022-04-21,22.545000076293945,21.48392105102539,268626400
2022-04-22,20.7549991607666,19.778167724609375,248824800
2022-04-25,21.524999618530273,20.51192283630371,332878800
2022-04-26,19.104999542236328,18.205821990966797,332263200
2022-04-27,19.020000457763672,18.12482452392578,316698600
2022-04-28,21.030000686645508,20.040218353271484,344698400
2022-04-29,18.264999389648438,17.405353546142578,320116800
2022-05-02,19.125,18.224882125854492,311905600
2022-05-03,19.170000076293945,18.267763137817383,285565600
2022-05-04,21.06999969482422,20.078336715698242,438806800
2022-05-05,17.93000030517578,17.08612632751465,455552600
2022-05-06,17.30500030517578,16.490535736083984,466794400
2022-05-09,15.260000228881836,14.541787147521973,420419800
2022-05-10,15.78499984741211,15.042078018188477,463579600
2022-05-11,14.380000114440918,13.703204154968262,529531800
2022-05-12,14.265000343322754,13.593616485595703,590993000
2022-05-13,15.8149995803833,15.070664405822754,395948000
2022-05-16,15.324999809265137,14.603726387023926,318388000
2022-05-17,16.479999542236328,15.704363822937012,307981400
2022-05-18,14.074999809265137,13.41256046295166,328105200
2022-05-19,13.789999961853027,13.140973091125488,392015600
2022-05-20,13.670000076293945,13.026618003845215,458111200
2022-05-23,14.345000267028809,13.669853210449219,341040600
2022-05-24,13.449999809265137,12.816976547241211,366488600
2022-05-25,13.989999771118164,13.331561088562012,361283800
2022-05-26,15.15999984741211,14.446493148803711,337131600
2022-05-27,16.645000457763672,15.861602783203125,315035800
2022-05-31,16.524999618530273,15.747248649597168,369158600
2022-06-01,16.139999389648438,15.38036823272705,398894200
2022-06-02,17.450000762939453,16.62871551513672,336861400
2022-06-03,16.06999969482422,15.3136625289917,324723800
2022-06-06,16.270000457763672,15.504250526428223,300958600
2022-06-07,16.665000915527344,15.880661964416504,274886600
2022-06-08,16.325000762939453,15.556662559509277,225706000
2022-06-09,14.994999885559082,14.28925895690918,275959400
2022-06-10,13.395000457763672,12.764565467834473,343352200
2022-06-13,11.539999961853027,10.996868133544922,426731400
2022-06-14,11.614999771118164,11.068338394165039,393201000
2022-06-15,12.449999809265137,11.86404037475586,549823000
2022-06-16,10.930000305175781,10.415579795837402,424284400
2022-06-17,11.335000038146973,10.801518440246582,441181000
2022-06-21,12.1899995803833,11.616275787353516,318408200
2022-06-22,12.145000457763672,11.573393821716309,388973600
2022-06-23,12.664999961853027,12.06892204284668,365372800
2022-06-24,13.989999771118164,13.331561088562012,303635000
2022-06-27,13.65999984741211,13.01708984375,338262000
2022-06-28,12.414999961853027,11.830686569213867,373741600
2022-06-29,12.4399995803833,11.854511260986328,380182200
2022-06-30,12.0,11.435219764709473,512407800
2022-07-01,12.194999694824219,11.621041297912598,417200800
2022-07-05,12.824999809265137,12.221392631530762,441108000
2022-07-06,13.069999694824219,12.454856872558594,412245800
2022-07-07,13.880000114440918,13.226736068725586,275732600
2022-07-08,13.944999694824219,13.288676261901855,319458400
2022-07-11,13.055000305175781,12.44056510925293,258448200
2022-07-12,12.675000190734863,12.078451156616211,319233000
2022-07-13,12.595000267028809,12.002213478088379,361151000
2022-07-14,12.725000381469727,12.126096725463867,351647000
2022-07-15,13.395000457763672,12.764565467834473,308760400
2022-07-18,13.085000038146973,12.469152450561523,319900400
2022-07-19,14.229999542236328,13.560262680053711,298643400
2022-07-20,14.944999694824219,14.241612434387207,377126200
2022-07-21,15.579999923706055,14.846724510192871,319381800
2022-07-22,14.765000343322754,14.070084571838379,298800800
2022-07-25,14.545000076293945,13.860440254211426,220897600
2022-07-26,13.664999961853027,13.021852493286133,231755600
2022-07-27,15.369999885559082,14.646608352661133,341919000
2022-07-28,15.8100004196167,15.065899848937988,324071800
2022-07-29,16.68000030517578,15.894957542419434,292146400
2022-08-01,16.655000686645508,15.871131896972656,285283000
2022-08-02,16.5,15.723427772521973,325375000
2022-08-03,17.81999969482422,16.981294631958008,294213800
2022-08-04,18.075000762939453,17.224302291870117,253567200
2022-08-05,17.645000457763672,16.814533233642578,283898600
2022-08-08,17.46500015258789,16.643009185791016,267787800
2022-08-09,16.864999771118164,16.071245193481445,218406000
2022-08-10,18.25,17.39105987548828,271554400
2022-08-11,17.975000381469727,17.12900733947754,273361000
2022-08-12,18.989999771118164,18.096233367919922,211187000
2022-08-15,19.44499969482422,18.529821395874023,196308400
2022-08-16,19.31999969482422,18.410701751708984,220755800
2022-08-17,18.649999618530273,17.772235870361328,262838400
2022-08-18,18.774999618530273,17.8913516998291,192140800
2022-08-19,17.674999237060547,16.843122482299805,224256600
2022-08-22,16.28499984741211,15.518547058105469,224975400
2022-08-23,16.229999542236328,15.466132164001465,219509800
2022-08-24,16.354999542236328,15.585249900817871,187005600
2022-08-25,17.21500015258789,16.404773712158203,222052600
2022-08-26,15.119999885559082,14.40837574005127,366276600
2022-08-29,14.654999732971191,13.96526050567627,248441000
2022-08-30,14.164999961853027,13.498324394226074,327014800
2022-08-31,13.904999732971191,13.250558853149414,341030600
2022-09-01,13.920000076293945,13.264854431152344,397320400
2022-09-02,13.34000015258789,12.712150573730469,454463000
2022-09-06,13.03499984741211,12.42150592803955,361083400
2022-09-07,13.805000305175781,13.155266761779785,331569600
2022-09-08,14.029999732971191,13.369677543640137,410799800
2022-09-09,14.920000076293945,14.217789649963379,298735800
2022-09-12,15.46500015258789,14.737140655517578,273141200
2022-09-13,12.920000076293945,12.311920166015625,391296600
2022-09-14,13.210000038146973,12.588271141052246,309291800
2022-09-15,12.545000076293945,11.954568862915039,393730600
2022-09-16,12.300000190734863,11.721099853515625,392143600
2022-09-19,12.595000267028809,12.002213478088379,302692600
2022-09-20,12.295000076293945,11.716333389282227,322118600
2022-09-21,11.619999885559082,11.073101043701172,591115200
2022-09-22,11.1899995803833,10.663341522216797,431084000
2022-09-23,10.654999732971191,10.153519630432129,561304000
2022-09-26,10.510000228881836,10.015344619750977,490607800
2022-09-27,10.520000457763672,10.024874687194824,543921200
2022-09-28,11.135000228881836,10.610930442810059,512039000
2022-09-29,10.194999694824219,9.715171813964844,540195600
2022-09-30,9.65999984741211,9.205350875854492,513197600
2022-10-03,10.329999923706055,9.843817710876465,447222600
2022-10-04,11.289999961853027,10.758634567260742,463323600
2022-10-05,11.289999961853027,10.758634567260742,458399000
2022-10-06,11.005000114440918,10.487048149108887,475087200
2022-10-07,9.75,9.291115760803223,501945200
2022-10-10,9.444999694824219,9.000468254089355,412999600
2022-10-11,9.069999694824219,8.643117904663086,529747000
2022-10-12,9.050000190734863,8.624062538146973,401483800
2022-10-13,9.654999732971191,9.200586318969727,829507200
2022-10-14,8.78499984741211,8.371533393859863,670132600
2022-10-17,9.649999618530273,9.195821762084961,460050800
2022-10-18,9.890000343322754,9.42452621459961,692553800
2022-10-19,9.770000457763672,9.310174942016602,519702200
2022-10-20,9.604999542236328,9.152939796447754,529703000
2022-10-21,10.28499984741211,9.800934791564941,627458000
2022-10-24,10.635000228881836,10.1344633102417,549244000
2022-10-25,11.274999618530273,10.744340896606445,476799600
2022-10-26,10.529999732971191,10.034402847290039,558931800
2022-10-27,9.949999809265137,9.481701850891113,513258800
2022-10-28,10.850000381469727,10.339344024658203,510777200
2022-10-31,10.475000381469727,9.98199462890625,419122200
2022-11-01,10.149999618530273,9.672287940979004,430464800
2022-11-02,9.100000381469727,8.671706199645996,662952600
2022-11-03,8.574999809265137,8.171417236328125,424463600
2022-11-04,8.975000381469727,8.552592277526855,764740400
2022-11-07,9.260000228881836,8.824177742004395,401886800
2022-11-08,9.460000038146973,9.014762878417969,592112600
2022-11-09,8.800000190734863,8.38582706451416,431138200
2022-11-10,10.725000381469727,10.220229148864746,656884800
2022-11-11,11.335000038146973,10.801518440246582,614268400
2022-11-14,11.03499984741211,10.515637397766113,428451800
2022-11-15,11.479999542236328,10.939691543579102,636531400
2022-11-16,11.015000343322754,10.496578216552734,383358800
2022-11-17,10.930000305175781,10.415579795837402,426924400
2022-11-18,10.920000076293945,10.406049728393555,389577000
2022-11-21,10.59000015258789,10.091580390930176,288222600
2022-11-22,11.03499984741211,10.515637397766113,292477200
2022-11-23,11.364999771118164,10.83010482788086,357567000
2022-11-25,11.130000114440918,10.60616683959961,134753000
2022-11-28,10.640000343322754,10.139226913452148,262765200
2022-11-29,10.385000228881836,9.89622974395752,275805400
2022-11-30,11.779999732971191,11.22557544708252,545469800
2022-12-01,11.845000267028809,11.287515640258789,411007200
2022-12-02,11.704999923706055,11.154104232788086,363310000
2022-12-05,11.114999771118164,10.591870307922363,301980000
2022-12-06,10.40999984741211,9.920050621032715,339801000
2022-12-07,10.28499984741211,9.800934791564941,347335800
2022-12-08,10.649999618530273,10.148757934570312,377840200
2022-12-09,10.444999694824219,9.953407287597656,354007800
2022-12-12,10.824999809265137,10.315520286560059,225655000
2022-12-13,11.164999961853027,10.639516830444336,695385600
2022-12-14,10.899999618530273,10.386990547180176,578911000
2022-12-15,9.819999694824219,9.357820510864258,428053200
2022-12-16,9.529999732971191,9.081469535827637,351284200
2022-12-19,9.135000228881836,8.705059051513672,310533000
2022-12-20,9.095000267028809,8.66694164276123,345762400
2022-12-21,9.489999771118164,9.043351173400879,326374600
2022-12-22,8.770000457763672,8.400611877441406,460900400
2022-12-23,8.795000076293945,8.42456340789795,330134600
2022-12-27,8.420000076293945,8.065353393554688,263200600
2022-12-28,8.079999923706055,7.739675998687744,364869200
2022-12-29,8.649999618530273,8.28566837310791,306109800
2022-12-30,8.649999618530273,8.28566837310791,301941200
2023-01-03,8.454999923706055,8.098880767822266,359851800
2023-01-04,8.585000038146973,8.223405838012695,435272800
2023-01-05,8.180000305175781,7.8354644775390625,362504000
2023-01-06,8.819999694824219,8.448509216308594,466895200
2023-01-09,9.005000114440918,8.625716209411621,372042800
2023-01-10,9.244999885559082,8.855607032775879,328723000
2023-01-11,9.704999923706055,9.296231269836426,302550000
2023-01-12,9.854999542236328,9.43991470336914,561852600
2023-01-13,10.050000190734863,9.626701354980469,319566000
2023-01-17,10.104999542236328,9.679384231567383,279515800
2023-01-18,9.729999542236328,9.320178985595703,373300200
2023-01-19,9.425000190734863,9.02802562713623,332741400
2023-01-20,10.194999694824219,9.765592575073242,322650400
2023-01-23,10.864999771118164,10.40737533569336,388084200
2023-01-24,10.800000190734863,10.345111846923828,290013000
2023-01-25,10.720000267028809,10.268484115600586,436167200
2023-01-26,11.34000015258789,10.862366676330566,406837800
2023-01-27,11.664999961853027,11.173677444458008,376822200
2023-01-30,10.96500015258789,10.503162384033203,347816000
2023-01-31,11.454999923706055,10.97252368927002,316513800
2023-02-01,12.194999694824219,11.681355476379395,543277600
2023-02-02,13.454999923706055,12.888285636901855,535770200
2023-02-03,12.760000228881836,12.222558975219727,534808400
2023-02-06,12.4350004196167,11.911247253417969,323632400
2023-02-07,13.204999923706055,12.648815155029297,519789200
2023-02-08,12.494999885559082,11.968721389770508,362514400
2023-02-09,12.15999984741211,11.647830963134766,395196800
2023-02-10,11.90999984741211,11.408360481262207,367863400
2023-02-13,12.475000381469727,11.949562072753906,279739800
2023-02-14,12.744999885559082,12.208189010620117,511474400
2023-02-15,13.029999732971191,12.481185913085938,275527400
2023-02-16,12.28499984741211,11.767565727233887,388993000
2023-02-17,12.020000457763672,11.513726234436035,389804800
2023-02-21,11.175000190734863,10.704317092895508,300937600
2023-02-22,11.1850004196167,10.713897705078125,334677400
2023-02-23,11.46500015258789,10.98210334777832,359540000
2023-02-24,10.885000228881836,10.426531791687012,345563600
2023-02-27,11.119999885559082,10.651632308959961,277508800
2023-02-28,11.0649995803833,10.598950386047363,254631600
2023-03-01,10.795000076293945,10.340320587158203,308773800
2023-03-02,11.055000305175781,10.589372634887695,315874600
2023-03-03,11.729999542236328,11.235939979553223,303353200
2023-03-06,11.779999732971191,11.283835411071777,303699800
2023-03-07,11.34000015258789,10.862366676330566,352663000
2023-03-08,11.494999885559082,11.010839462280273,290985600
2023-03-09,10.890000343322754,10.43132209777832,393667400
2023-03-10,10.4399995803833,10.000274658203125,629715200
2023-03-13,10.664999961853027,10.215798377990723,659081400
2023-03-14,11.390000343322754,10.910262107849121,434325800
2023-03-15,11.555000305175781,11.068312644958496,549118800
2023-03-16,12.470000267028809,11.94477367401123,456714200
2023-03-17,12.28499984741211,11.767565727233887,403540600
2023-03-20,12.414999961853027,11.892088890075684,328356000
2023-03-21,12.9399995803833,12.394976615905762,270290200
2023-03-22,12.34000015258789,11.889156341552734,475836200
2023-03-23,12.779999732971191,12.313081741333008,392994400
2023-03-24,12.90999984741211,12.438332557678223,338830200
2023-03-27,12.645000457763672,12.183013916015625,273591200
2023-03-28,12.4350004196167,11.98068618774414,236041400
2023-03-29,13.114999771118164,12.635842323303223,238730600
2023-03-30,13.470000267028809,12.977871894836426,260300000
2023-03-31,14.130000114440918,13.613759994506836,254044200
2023-04-03,14.029999732971191,13.517413139343262,250232600
2023-04-04,13.890000343322754,13.382529258728027,232180800
2023-04-05,13.444999694824219,12.953786849975586,258274000
2023-04-06,13.71500015258789,13.213922500610352,241920600
2023-04-10,13.6850004196167,13.185018539428711,237057600
2023-04-11,13.420000076293945,12.92970085144043,208521600
2023-04-12,13.0649995803833,12.587668418884277,348038600
2023-04-13,13.8149995803833,13.310267448425293,247523000
2023-04-14,13.734999656677246,13.233190536499023,285332200
2023-04-17,13.75,13.247642517089844,228617800
2023-04-18,13.760000228881836,13.257277488708496,212829800
2023-04-19,13.729999542236328,13.228372573852539,191850600
2023-04-20,13.40999984741211,12.920064926147461,273695200
2023-04-21,13.4350004196167,12.944151878356934,228888000
2023-04-24,13.354999542236328,12.867073059082031,215290800
2023-04-25,12.600000381469727,12.139657974243164,276576000
2023-04-26,12.8100004196167,12.341986656188965,249724600
2023-04-27,13.845000267028809,13.339171409606934,255631200
2023-04-28,14.125,13.608942031860352,261072200
2023-05-01,14.085000038146973,13.570403099060059,178002600
2023-05-02,13.710000038146973,13.209104537963867,249312000
2023-05-03,13.4399995803833,12.948967933654785,340267600
2023-05-04,13.289999961853027,12.804448127746582,242621600
2023-05-05,14.104999542236328,13.589673042297363,195603200
2023-05-08,14.220000267028809,13.700472831726074,151477000
2023-05-09,13.944999694824219,13.435518264770508,129681400
2023-05-10,14.395000457763672,13.869078636169434,303102000
2023-05-11,14.515000343322754,13.98469352722168,194683000
2023-05-12,14.364999771118164,13.84017562866211,210763400
2023-05-15,14.585000038146973,14.052136421203613,172935200
2023-05-16,14.640000343322754,14.105127334594727,159327000
2023-05-17,15.164999961853027,14.610944747924805,202209200
2023-05-18,15.979999542236328,15.39616870880127,271867600
2023-05-19,15.869999885559082,15.29018783569336,198058400
2023-05-22,16.03499984741211,15.449159622192383,166624800
2023-05-23,15.414999961853027,14.851812362670898,212630000
2023-05-24,15.164999961853027,14.610944747924805,235945000
2023-05-25,16.260000228881836,15.665939331054688,261747000
2023-05-26,17.489999771118164,16.850997924804688,252784400
2023-05-30,17.735000610351562,17.087047576904297,270612800
2023-05-31,17.375,16.740203857421875,210289000
2023-06-01,18.0049991607666,17.347187042236328,216759200
2023-06-02,18.40999984741211,17.737390518188477,216505600
2023-06-05,18.450000762939453,17.775930404663086,206261800
2023-06-06,18.43000030517578,17.75666046142578,159509000
2023-06-07,17.489999771118164,16.850997924804688,228485400
2023-06-08,18.09000015258789,17.4290828704834,188153800
2023-06-09,18.309999465942383,17.641040802001953,207944000
2023-06-12,19.2450008392334,18.54188346862793,154857400
2023-06-13,19.674999237060547,18.95616912841797,266534200
2023-06-14,20.094999313354492,19.36082649230957,305313000
2023-06-15,20.799999237060547,20.040071487426758,255874000
2023-06-16,20.399999618530273,19.654682159423828,224810400
2023-06-20,20.299999237060547,19.55833625793457,168249800
2023-06-21,19.424999237060547,18.774497985839844,199266600
2023-06-22,20.06999969482422,19.397897720336914,210199200
2023-06-23,19.475000381469727,18.82282257080078,225152400
2023-06-26,18.704999923706055,18.0786075592041,216900000
2023-06-27,19.6299991607666,18.972631454467773,195354000
2023-06-28,19.75,19.088611602783203,217352600
2023-06-29,19.614999771118164,18.95813751220703,198266400
2023-06-30,20.5,19.813495635986328,184308800
2023-07-03,20.639999389648438,19.94881248474121,79868000
2023-07-05,20.625,19.93431282043457,139007400
2023-07-06,20.139999389648438,19.46555519104004,170473400
2023-07-07,19.934999465942383,19.26741600036621,168624800
2023-07-10,19.950000762939453,19.281917572021484,172013600
2023-07-11,20.235000610351562,19.557373046875,162478600
2023-07-12,20.985000610351562,20.282257080078125,230335400
2023-07-13,22.030000686645508,21.29226303100586,164773200
2023-07-14,22.010000228881836,21.272930145263672,186056400
2023-07-17,22.6200008392334,21.862504959106445,145525200
2023-07-18,23.15999984741211,22.38442039489746,196113200
2023-07-19,23.15999984741211,22.38442039489746,200573800
2023-07-20,21.53499984741211,20.813838958740234,233862800
2023-07-21,21.344999313354492,20.630197525024414,205108600
2023-07-24,21.43000030517578,20.712352752685547,126429200
2023-07-25,21.860000610351562,21.127952575683594,138199200
2023-07-26,21.635000228881836,20.91048812866211,205764600
2023-07-27,21.450000762939453,20.731685638427734,261103200
2023-07-28,22.610000610351562,21.852840423583984,204487600
2023-07-31,22.655000686645508,21.896331787109375,159009200
2023-08-01,22.479999542236328,21.727191925048828,153056600
2023-08-02,21.010000228881836,20.306419372558594,258044000
2023-08-03,20.860000610351562,20.16144371032715,201340200
2023-08-04,20.56999969482422,19.88115119934082,247452800
2023-08-07,21.079999923706055,20.37407684326172,149792200
2023-08-08,20.540000915527344,19.85215950012207,188780000
2023-08-09,19.854999542236328,19.19010353088379,199430600
2023-08-10,19.94499969482422,19.277082443237305,260554200
2023-08-11,19.545000076293945,18.89047622680664,201573800
2023-08-14,20.19499969482422,19.51871109008789,142553600
2023-08-15,19.575000762939453,18.91947364807129,162553600
2023-08-16,18.924999237060547,18.291240692138672,190222000
2023-08-17,18.28499984741211,17.67266845703125,210232800
2023-08-18,18.200000762939453,17.59052276611328,247002000
2023-08-21,19.079999923706055,18.44104766845703,191487200
2023-08-22,18.9950008392334,18.358896255493164,180368000
2023-08-23,19.889999389648438,19.223926544189453,175454000
2023-08-24,18.579999923706055,17.957794189453125,232397200
2023-08-25,19.020000457763672,18.383058547973633,278289400
2023-08-28,19.44499969482422,18.793827056884766,182641000
2023-08-29,20.684999465942383,19.9923038482666,187495600
2023-08-30,21.030000686645508,20.32575225830078,185958200
2023-08-31,21.219999313354492,20.509382247924805,162242800
2023-09-01,21.145000457763672,20.436899185180664,165058400
2023-09-05,21.200000762939453,20.490055084228516,123778600
2023-09-06,20.639999389648438,19.94881248474121,148058200
2023-09-07,20.190000534057617,19.513879776000977,168623000
2023-09-08,20.25,19.571868896484375,149541600
2023-09-11,20.940000534057617,20.238759994506836,141712800
2023-09-12,20.270000457763672,19.59119987487793,155524200
2023-09-13,20.469999313354492,19.784502029418945,170849400
2023-09-14,20.950000762939453,20.248430252075195,152379800
2023-09-15,19.875,19.209426879882812,179839600
2023-09-18,19.920000076293945,19.25292205810547,124798200
2023-09-19,19.799999237060547,19.13693618774414,148741400
2023-09-20,18.875,18.307178497314453,196038400
2023-09-21,17.799999237060547,17.264514923095703,216821200
2023-09-22,17.815000534057617,17.279064178466797,188181200
2023-09-25,18.049999237060547,17.506990432739258,162538400
2023-09-26,17.2450008392334,16.726213455200195,210679400
2023-09-27,17.350000381469727,16.828054428100586,256871600
2023-09-28,17.770000457763672,17.235416412353516,268145800
2023-09-29,17.809999465942383,17.274211883544922,286858200
2023-10-02,18.235000610351562,17.686429977416992,236463200
2023-10-03,17.270000457763672,16.75046157836914,266539000
2023-10-04,17.969999313354492,17.429399490356445,252759200
2023-10-05,17.780000686645508,17.2451171875,218006200
2023-10-06,18.674999237060547,18.11319351196289,294897400
2023-10-09,18.950000762939453,18.379920959472656,210966000
2023-10-10,19.260000228881836,18.68059539794922,216109600
2023-10-11,19.670000076293945,19.07826042175293,191710800
2023-10-12,19.440000534057617,18.855178833007812,236509200
2023-10-13,18.704999923706055,18.142292022705078,259511000
2023-10-16,19.334999084472656,18.753339767456055,173152200
2023-10-17,19.149999618530273,18.573902130126953,210387000
2023-10-18,18.34000015258789,17.788272857666016,263165200
2023-10-19,17.850000381469727,17.313013076782227,370050400
2023-10-20,17.045000076293945,16.5322265625,277722800
2023-10-23,17.19499969482422,16.677717208862305,263599000
2023-10-24,17.68000030517578,17.14812660217285,245074600
2023-10-25,16.385000228881836,15.892083168029785,328363200
2023-10-26,15.430000305175781,14.965812683105469,374047400
2023-10-27,15.649999618530273,15.179195404052734,294702200
2023-10-30,16.155000686645508,15.6690034866333,264305600
2023-10-31,16.389999389648438,15.896934509277344,222923600
2023-11-01,17.235000610351562,16.716516494750977,332635600
2023-11-02,18.149999618530273,17.603981018066406,234134000
2023-11-03,18.790000915527344,18.2247314453125,228661200
2023-11-06,19.0049991607666,18.433265686035156,183599600
2023-11-07,19.540000915527344,18.952171325683594,204502200
2023-11-08,19.575000762939453,18.986120223999023,187960200
2023-11-09,19.110000610351562,18.53510856628418,258365200
2023-11-10,20.385000228881836,19.771753311157227,248927600
2023-11-13,20.200000762939453,19.592313766479492,180430400
2023-11-14,21.469999313354492,20.824106216430664,233552400
2023-11-15,21.530000686645508,20.882307052612305,218432600
2023-11-16,21.565000534057617,20.916248321533203,178045000
2023-11-17,21.579999923706055,20.930797576904297,157517000
2023-11-20,22.350000381469727,21.677635192871094,165655600
2023-11-21,21.94499969482422,21.284822463989258,148275200
2023-11-22,22.200000762939453,21.53215217590332,171446400
2023-11-24,22.09000015258789,21.425457000732422,63975400
2023-11-27,22.024999618530273,21.362409591674805,121856400
2023-11-28,22.200000762939453,21.53215217590332,158349000
2023-11-29,22.1200008392334,21.45455551147461,177523200
2023-11-30,21.934999465942383,21.275121688842773,186394600
2023-12-01,22.1200008392334,21.45455551147461,172937600
2023-12-04,21.489999771118164,20.843509674072266,181143600
2023-12-05,21.645000457763672,20.993844985961914,167540400
2023-12-06,21.260000228881836,20.62042808532715,163000600
2023-12-07,22.149999618530273,21.483654022216797,162755400
2023-12-08,22.415000915527344,21.740680694580078,181789000
2023-12-11,22.985000610351562,22.29353141784668,151540000
2023-12-12,23.540000915527344,22.831836700439453,142899400
2023-12-13,24.3700008392334,23.63686752319336,230081400
2023-12-14,24.329999923706055,23.59807586669922,202697800
2023-12-15,24.6200008392334,23.87934684753418,156731000
2023-12-18,25.135000228881836,24.37885284423828,116436000
2023-12-19,25.510000228881836,24.742572784423828,120349600
2023-12-20,24.270000457763672,23.64321517944336,176165000
2023-12-21,25.075000762939453,24.427425384521484,149089400
2023-12-22,25.174999237060547,24.524839401245117,132420000
2023-12-26,25.635000228881836,24.972965240478516,87371200
2023-12-27,25.770000457763672,25.10447883605957,111495600
2023-12-28,25.704999923706055,25.041156768798828,85768200
2023-12-29,25.350000381469727,24.69532585144043,134245400
2024-01-02,24.065000534057617,23.443511962890625,176270600
2024-01-03,23.295000076293945,22.693397521972656,167812200
2024-01-04,22.905000686645508,22.313467025756836,143735400
2024-01-05,22.989999771118164,22.396270751953125,170481600
2024-01-08,24.375,23.745508193969727,135374200
2024-01-09,24.53499984741211,23.9013729095459,148431600
2024-01-10,25.020000457763672,24.37384605407715,147621000
2024-01-11,25.139999389648438,24.490747451782227,190228400
2024-01-12,25.170000076293945,24.519975662231445,128214000
2024-01-16,25.155000686645508,24.505361557006836,145874000
2024-01-17,24.719999313354492,24.081594467163086,166554600
2024-01-18,25.780000686645508,25.114219665527344,182140800
2024-01-19,27.270000457763672,26.56574058532715,186359400
2024-01-22,27.3799991607666,26.67289924621582,149656600
2024-01-23,27.704999923706055,26.989505767822266,112172000
2024-01-24,28.15999984741211,27.43276023864746,179718600
2024-01-25,28.239999771118164,27.51068878173828,151395200
2024-01-26,27.719999313354492,27.004117965698242,128382600
2024-01-29,28.53499984741211,27.798070907592773,115977200
2024-01-30,27.96500015258789,27.2427921295166,119554400
2024-01-31,26.31999969482422,25.640274047851562,203451600
2024-02-01,27.25,26.546255111694336,162261400
2024-02-02,28.6200008392334,27.880876541137695,198505000
2024-02-05,28.475000381469727,27.739622116088867,139947800
2024-02-06,28.309999465942383,27.57887840270996,140124200
2024-02-07,29.155000686645508,28.402061462402344,131823400
2024-02-08,29.274999618530273,28.518957138061523,98922200
2024-02-09,30.135000228881836,29.35675048828125,110222000
2024-02-12,29.780000686645508,29.010921478271484,116255000
2024-02-13,28.3700008392334,27.6373348236084,188933000
2024-02-14,29.270000457763672,28.51409149169922,156151400
2024-02-15,29.514999389648438,28.75275993347168,130057200
2024-02-16,28.704999923706055,27.963682174682617,151933000
2024-02-20,28.040000915527344,27.31585693359375,163321000
2024-02-21,27.690000534057617,26.974891662597656,152898600
2024-02-22,30.084999084472656,29.308042526245117,179279200
2024-02-23,29.809999465942383,29.040143966674805,140390800
2024-02-26,29.770000457763672,29.001174926757812,109875400
2024-02-27,29.954999923706055,29.1814022064209,109399800
2024-02-28,29.469999313354492,28.708921432495117,123503400
2024-02-29,30.18000030517578,29.400585174560547,136959800
2024-03-01,31.565000534057617,30.749820709228516,140959600
2024-03-04,31.190000534057617,30.384506225585938,120418600
2024-03-05,29.520000457763672,28.757633209228516,193207000
2024-03-06,30.065000534057617,29.288557052612305,181677400
2024-03-07,31.405000686645508,30.593950271606445,142370800
2024-03-08,30.030000686645508,29.254465103149414,296451200
2024-03-11,29.68000030517578,28.913501739501953,146770000
2024-03-12,30.940000534057617,30.140960693359375,170560000
2024-03-13,30.219999313354492,29.43955421447754,143779800
2024-03-14,29.975000381469727,29.200881958007812,162480400
2024-03-15,28.8799991607666,28.13416290283203,140883800
2024-03-18,29.69499969482422,28.928112030029297,129193800
2024-03-19,29.899999618530273,29.127819061279297,118810000
2024-03-20,30.850000381469727,30.161725997924805,156556000
2024-03-21,31.25,30.55280113220215,126541800
2024-03-22,31.315000534057617,30.61635398864746,91574800
2024-03-25,30.9950008392334,30.30348777770996,86669400
2024-03-26,30.704999923706055,30.019960403442383,93986000
2024-03-27,30.975000381469727,30.283935546875,111388600
2024-03-28,30.780000686645508,30.093286514282227,87023400
2024-04-01,30.969999313354492,30.27904510498047,112290600
2024-04-02,30.139999389648438,29.467565536499023,109672800
2024-04-03,30.34000015258789,29.663103103637695,111683800
2024-04-04,28.90999984741211,28.26500701904297,167520400
2024-04-05,29.93000030517578,29.262248992919922,154897200
2024-04-08,29.950000762939453,29.28180694580078,89725400
2024-04-09,30.260000228881836,29.584890365600586,119965000
2024-04-10,29.46500015258789,28.80762481689453,202080600
2024-04-11,30.850000381469727,30.161725997924805,146931200
2024-04-12,29.360000610351562,28.704967498779297,172589800
2024-04-15,27.885000228881836,27.26287078857422,203656200
2024-04-16,27.889999389648438,27.267765045166016,163766200
2024-04-17,26.854999542236328,26.255855560302734,171026400
2024-04-18,26.375,25.786563873291016,172781600
2024-04-19,24.739999771118164,24.188039779663086,250807600
2024-04-22,25.459999084472656,24.891979217529297,142604800
2024-04-23,26.594999313354492,26.00165557861328,151835000
2024-04-24,26.854999542236328,26.255855560302734,144316800
2024-04-25,26.424999237060547,25.835447311401367,172827200
2024-04-26,27.639999389648438,27.02334213256836,135994600
2024-04-29,27.969999313354492,27.345975875854492,102355000
2024-04-30,26.3700008392334,25.78167724609375,125248600
2024-05-01,25.799999237060547,25.22439193725586,208076800
2024-05-02,26.7549991607666,26.158082962036133,124829800
2024-05-03,28.350000381469727,27.717500686645508,150878000
2024-05-06,29.280000686645508,28.626750946044922,82530800
2024-05-07,29.280000686645508,28.626750946044922,93320400
2024-05-08,29.225000381469727,28.57297706604004,78027200
2024-05-09,29.385000228881836,28.72941017150879,81439200
2024-05-10,29.584999084472656,28.924945831298828,92669600
2024-05-13,29.780000686645508,29.115598678588867,67722000
2024-05-14,30.334999084472656,29.658212661743164,92952800
2024-05-15,31.735000610351562,31.02698516845703,130481400
2024-05-16,31.540000915527344,30.836328506469727,87715200
2024-05-17,31.469999313354492,30.767892837524414,70099600
2024-05-20,32.119998931884766,31.40338706970215,74539000
2024-05-21,32.28499984741211,31.564714431762695,62314000
2024-05-22,32.26499938964844,31.545156478881836,80039400
2024-05-23,31.78499984741211,31.075864791870117,130877800
2024-05-24,32.67499923706055,31.94601058959961,82558000
2024-05-28,33.029998779296875,32.293087005615234,83186400
2024-05-29,32.34000015258789,31.618484497070312,79282200
2024-05-30,31.299999237060547,30.601686477661133,84703600
2024-05-31,31.264999389648438,30.567466735839844,143746400
2024-06-03,31.56999969482422,30.86566162109375,111435000
2024-06-04,31.80500030517578,31.095422744750977,88491800
2024-06-05,33.724998474121094,32.97258377075195,104871400
2024-06-06,33.685001373291016,32.93347930908203,73031200
2024-06-07,33.560001373291016,32.81126022338867,89943400
2024-06-10,33.915000915527344,33.15834045410156,72041800
2024-06-11,34.6150016784668,33.84273147583008,71386800
2024-06-12,35.97999954223633,35.17727279663086,124402600
2024-06-13,36.55500030517578,35.73944854736328,87285000
2024-06-14,37.084999084472656,36.25761795043945,71555000
2024-06-17,38.43000030517578,37.572608947753906,93354600
2024-06-18,38.45000076293945,37.592166900634766,66433200
2024-06-20,37.54499816894531,36.70735549926758,105455000
2024-06-21,37.20000076293945,36.37005615234375,77341800
2024-06-24,35.939998626708984,35.13816833496094,93754600
2024-06-25,37.13999938964844,36.31139373779297,77675000
2024-06-26,37.22999954223633,36.53858947753906,72549600
2024-06-27,37.5,36.80358123779297,74115400
2024-06-28,36.90999984741211,36.22454071044922,107803000
2024-07-01,37.51499938964844,36.81829833984375,86557400
2024-07-02,38.665000915527344,37.94694900512695,74950200
2024-07-03,39.6150016784668,38.87929916381836,56150400
2024-07-05,40.814998626708984,40.0570182800293,79624600
2024-07-08,41.084999084472656,40.32200241088867,73365600
2024-07-09,41.17499923706055,40.41032409667969,72033600
2024-07-10,42.46500015258789,41.676368713378906,77554800
2024-07-11,39.67499923706055,38.93818664550781,149329000
2024-07-12,40.31999969482422,39.57121276855469,101019800
2024-07-15,40.619998931884766,39.86563491821289,109900400
2024-07-16,40.650001525878906,39.89508056640625,83637600
2024-07-17,37.07500076293945,36.386470794677734,142840000
2024-07-18,36.52000045776367,35.84178161621094,131678400
2024-07-19,35.529998779296875,34.87016677856445,118249600
2024-07-22,37.08000183105469,36.39138412475586,112808600
2024-07-23,36.68000030517578,35.998809814453125,87127000
2024-07-24,32.724998474121094,32.117252349853516,159575200
2024-07-25,31.635000228881836,31.047500610351562,188128000
2024-07-26,32.540000915527344,31.93568992614746,137407000
2024-07-29,32.72999954223633,32.122161865234375,115640800
2024-07-30,31.395000457763672,30.81195831298828,143063600
2024-07-31,34.13999938964844,33.5059814453125,173408400
2024-08-01,31.68000030517578,31.091665267944336,210693200
2024-08-02,29.3700008392334,28.82456398010254,209844000
2024-08-05,26.809999465942383,26.31210708618164,287924400
2024-08-06,27.479999542236328,26.969661712646484,192909400
2024-08-07,26.594999313354492,26.101099014282227,182751600
2024-08-08,29.030000686645508,28.49087905883789,152879200
2024-08-09,29.424999237060547,28.878541946411133,125592400
2024-08-12,29.625,29.0748291015625,108972600
2024-08-13,31.780000686645508,31.18980598449707,108962800
2024-08-14,31.834999084472656,31.243785858154297,124710600
2024-08-15,34.22999954223633,33.59430694580078,106424800
2024-08-16,34.31999969482422,33.68263626098633,89675200
2024-08-19,35.650001525878906,34.98793411254883,91599800
2024-08-20,35.43000030517578,34.77202224731445,97859000
2024-08-21,35.915000915527344,35.24801254272461,103000800
2024-08-22,34.189998626708984,33.55504608154297,127496400
2024-08-23,35.26499938964844,34.610084533691406,128753200
2024-08-26,34.22999954223633,33.59430694580078,84981400
2024-08-27,34.52000045776367,33.87892532348633,71532600
2024-08-28,33.349998474121094,32.73065185546875,118625800
2024-08-29,33.17499923706055,32.558895111083984,120033600
2024-08-30,34.30500030517578,33.66791915893555,92946800
2024-09-03,31.174999237060547,30.59604263305664,147572600
2024-09-04,30.90999984741211,30.335966110229492,96798400
2024-09-05,31.010000228881836,30.434106826782227,110171600
2024-09-06,28.4950008392334,27.9658145904541,169904600
2024-09-09,29.55500030517578,29.006128311157227,110835000
2024-09-10,30.350000381469727,29.786361694335938,91582400
2024-09-11,32.28499984741211,31.68543243408203,163475200
2024-09-12,33.2400016784668,32.62269973754883,109802600
2024-09-13,33.67499923706055,33.04961395263672,87966600
2024-09-16,33.224998474121094,32.607975006103516,82331000
2024-09-17,33.244998931884766,32.627601623535156,103114400
2024-09-18,32.810001373291016,32.20068359375,166396200
2024-09-19,35.290000915527344,34.634620666503906,114801400
2024-09-20,35.064998626708984,34.41380310058594,96759600
2024-09-23,35.32500076293945,34.66897201538086,69837000
2024-09-24,35.82500076293945,35.15968704223633,81259600
2024-09-25,35.834999084472656,35.28275680541992,64724800
2024-09-26,36.595001220703125,36.03104782104492,107003200
2024-09-27,35.96500015258789,35.41075897216797,82930600
2024-09-30,36.244998931884766,35.68644332885742,85862800
2024-10-01,34.709999084472656,34.17509460449219,134760200
2024-10-02,34.84000015258789,34.30309295654297,79119400
2024-10-03,34.7599983215332,34.22433090209961,97749400
2024-10-04,35.98500061035156,35.430450439453125,110700400
2024-10-07,34.79999923706055,34.26370620727539,82403400
2024-10-08,36.310001373291016,35.75044250488281,77914000
2024-10-09,37.185001373291016,36.61195373535156,78696200
2024-10-10,37.05500030517578,36.48395919799805,86060600
2024-10-11,37.150001525878906,36.577491760253906,70735200
2024-10-14,38.099998474121094,37.51285171508789,67691200
2024-10-15,36.58000183105469,36.01628112792969,106307600
2024-10-16,36.560001373291016,35.996585845947266,70784200
2024-10-17,36.66999816894531,36.10489273071289,97697800
2024-10-18,37.31999969482422,36.74488067626953,64151600
2024-10-21,37.525001525878906,36.94671630859375,74995800
2024-10-22,37.6349983215332,37.055023193359375,76308000
2024-10-23,35.89500045776367,35.34183883666992,118172200
2024-10-24,36.75,36.183658599853516,78612800
2024-10-25,37.369998931884766,36.79410171508789,114826000
2024-10-28,37.404998779296875,36.82855987548828,69162200
2024-10-29,38.439998626708984,37.847618103027344,78545200
2024-10-30,37.584999084472656,37.00578689575195,80473200
2024-10-31,34.724998474121094,34.18986511230469,138905200
2024-11-01,35.46500015258789,34.918460845947266,96678800
2024-11-04,35.1349983215332,34.59354782104492,82214400
2024-11-05,36.470001220703125,35.90797805786133,79352600
2024-11-06,39.43000030517578,38.822357177734375,118794200
2024-11-07,41.275001525878906,40.6389274597168,99545200
2024-11-08,41.375,40.73738479614258,70060000
2024-11-11,41.29999923706055,40.66353988647461,70806000
2024-11-12,41.07500076293945,40.442012786865234,68286000
2024-11-13,40.89500045776367,40.26478576660156,74989000
2024-11-14,40.029998779296875,39.41311264038086,77651400
2024-11-15,37.1349983215332,36.56272888183594,120601600
2024-11-18,37.8849983215332,37.30116653442383,77551200
2024-11-19,38.64500045776367,38.04945373535156,80088200
2024-11-20,38.599998474121094,38.005149841308594,101260600
2024-11-21,38.97999954223633,38.379295349121094,109865600
2024-11-22,39.125,38.52206039428711,79934800
2024-11-25,39.30500030517578,38.69929122924805,91515800
2024-11-26,39.915000915527344,39.299888610839844,69747200
2024-11-27,38.95000076293945,38.34975814819336,78463600
2024-11-29,39.94499969482422,39.32942199707031,40865800
2024-12-02,41.2400016784668,40.604469299316406,73638200
2024-12-03,41.60499954223633,40.96384048461914,84810800
2024-12-04,43.125,42.46041488647461,69992600
2024-12-05,42.77000045776367,42.11088943481445,54020400
2024-12-06,43.869998931884766,43.193931579589844,62740600
2024-12-09,42.845001220703125,42.18473434448242,69577600
2024-12-10,42.380001068115234,41.726905822753906,71541600
2024-12-11,44.64500045776367,43.956993103027344,74897800
2024-12-12,43.7599983215332,43.085628509521484,66348400
2024-12-13,44.70000076293945,44.011146545410156,79663600
2024-12-16,46.64500045776367,45.92617416381836,69967600
2024-12-17,46.02000045776367,45.3108024597168,69168200
2024-12-18,41.04499816894531,40.4124755859375,134849200
2024-12-19,40.46500015258789,39.84141159057617,113317600
2024-12-20,41.51499938964844,40.87522506713867,145241000
2024-12-23,42.529998779296875,42.01374053955078,83645800
2024-12-24,44.220001220703125,43.6832275390625,48139600
2024-12-26,44.125,43.589378356933594,59062000
2024-12-27,42.33000183105469,41.816165924072266,102139000
2024-12-30,40.630001068115234,40.136802673339844,102844000
2024-12-31,39.564998626708984,39.0847282409668,105177600
2025-01-02,39.314998626708984,38.8377685546875,141370600
2025-01-03,41.20000076293945,40.699886322021484,92431600
2025-01-06,42.60499954223633,42.08782196044922,92050000
2025-01-07,40.310001373291016,39.820682525634766,111021000
2025-01-08,40.34000015258789,39.850318908691406,96021200
2025-01-10,38.415000915527344,37.94868850708008,145651600
2025-01-13,38.01499938964844,37.553550720214844,113382000
2025-01-14,37.880001068115234,37.42018508911133,125271000
2025-01-15,40.439998626708984,39.94910430908203,106919200
2025-01-16,39.6150016784668,39.134124755859375,93055400
2025-01-17,41.56999969482422,41.06539535522461,87352200
2025-01-21,42.2599983215332,41.74701690673828,83451800
2025-01-22,43.900001525878906,43.36710739135742,86265400
2025-01-23,44.16999816894531,43.63383102416992,60481000
2025-01-24,43.375,42.848480224609375,72479200
2025-01-27,39.56999969482422,39.089664459228516,161821600
2025-01-28,41.32500076293945,40.823368072509766,101033400
2025-01-29,41.06999969482422,40.57146453857422,118481200
2025-01-30,41.584999084472656,41.0802116394043,115171000
2025-01-31,41.36000061035156,40.85793685913086,118146600
2025-02-03,40.36000061035156,39.870079040527344,153257000
2025-02-04,41.82500076293945,41.31729507446289,84634600
2025-02-05,42.369998931884766,41.85567855834961,79694800
2025-02-06,43.005001068115234,42.482967376708984,76431000
2025-02-07,41.3650016784668,40.862876892089844,110870400
2025-02-10,42.81999969482422,42.30021667480469,65594200
2025-02-11,42.51499938964844,41.99892044067383,62602800
2025-02-12,42.599998474121094,42.0828857421875,96986600
2025-02-13,44.39500045776367,43.85609817504883,92920200
2025-02-14,44.915000915527344,44.36979293823242,76057400
2025-02-18,45.19499969482422,44.646392822265625,68825200
2025-02-19,45.20000076293945,44.651329040527344,68515800
2025-02-20,44.650001525878906,44.10800552368164,80266000
2025-02-21,41.85499954223633,41.34693145751953,118627200
2025-02-24,40.349998474121094,39.860198974609375,106467400
2025-02-25,38.810001373291016,38.33890151977539,151194400
2025-02-26,39.060001373291016,38.58586120605469,126351400
2025-02-27,35.81999969482422,35.38518524169922,206751000
2025-02-28,37.459999084472656,37.005279541015625,186358000
2025-03-03,35.040000915527344,34.614654541015625,183891600
2025-03-04,34.654998779296875,34.23432922363281,261673800
2025-03-05,36.005001068115234,35.56794357299805,201266600
2025-03-06,33.02000045776367,32.61918258666992,245645400
2025-03-07,33.70500183105469,33.295867919921875,270354600
2025-03-10,29.905000686645508,29.5419921875,312271600
2025-03-11,29.55500030517578,29.196237564086914,278978600
2025-03-12,30.565000534057617,30.193979263305664,283837200
2025-03-13,28.895000457763672,28.544252395629883,242454600
2025-03-14,30.94499969482422,30.569366455078125,198217000
2025-03-17,31.545000076293945,31.162084579467773,180300800
2025-03-18,29.954999923706055,29.591384887695312,175652400
2025-03-19,31.1200008392334,30.74224281311035,185186400
2025-03-20,30.799999237060547,30.42612648010254,176818200
2025-03-21,31.09000015258789,30.71260643005371,160982000
2025-03-24,33.064998626708984,32.663631439208984,126823000
2025-03-25,33.654998779296875,33.24646759033203,111139400
2025-03-26,31.690000534057617,31.397680282592773,157006400
2025-03-27,31.149999618530273,30.86266326904297,144736000
2025-03-28,28.670000076293945,28.40553855895996,207264200
2025-03-31,28.649999618530273,28.385723114013672,213709000
2025-04-01,29.309999465942383,29.039634704589844,194196400
2025-04-02,29.96500015258789,29.6885929107666,246174800
2025-04-03,25.149999618530273,24.91800880432129,280231400
2025-04-04,20.545000076293945,20.355487823486328,516053400
2025-04-07,20.625,20.434749603271484,791455200
2025-04-08,19.450000762939453,19.27058982849121,502295400
2025-04-09,26.30500030517578,26.06235694885254,713864000
2025-04-10,23.06999969482422,22.857192993164062,563385400
2025-04-11,24.290000915527344,24.06594467163086,358585800
2025-04-14,24.799999237060547,24.57123565673828,294861400
2025-04-15,24.895000457763672,24.665363311767578,209340200
2025-04-16,22.645000457763672,22.43611717224121,269148800
2025-04-17,22.579999923706055,22.37171745300293,202191600
2025-04-21,20.93000030517578,20.736934661865234,229539400
2025-04-22,22.530000686645508,22.322179794311523,260222800
2025-04-23,24.024999618530273,23.80338478088379,303995400
2025-04-24,26.06999969482422,25.82952308654785,240615400
2025-04-25,26.93000030517578,26.681591033935547,226103200
2025-04-28,26.90999984741211,26.661773681640625,191356800
2025-04-29,27.434999465942383,27.181930541992188,169808000
2025-04-30,27.440000534057617,27.186885833740234,268446600
2025-05-01,28.385000228881836,28.123167037963867,205481600
2025-05-02,29.71500015258789,29.440898895263672,195097800
2025-05-05,29.200000762939453,28.93065071105957,138579000
2025-05-06,28.3700008392334,28.108308792114258,165885800
2025-05-07,28.700000762939453,28.435264587402344,207867200
2025-05-08,29.55500030517578,29.282377243041992,197621600
2025-05-09,29.485000610351562,29.213024139404297,146818800
2025-05-12,33.05500030517578,32.750091552734375,202490000
2025-05-13,34.56999969482422,34.25111770629883,170595400
2025-05-14,35.18000030517578,34.85548782348633,161184800
2025-05-15,35.290000915527344,34.964473724365234,161694800
2025-05-16,35.724998474121094,35.39545822143555,127627200
2025-05-19,35.81999969482422,35.48958206176758,143794200
2025-05-20,35.44499969482422,35.118045806884766,134069400
2025-05-21,33.970001220703125,33.65665054321289,219255200
2025-05-22,34.14500045776367,33.83003616333008,173542000
2025-05-23,33.15999984741211,32.85411834716797,214220800
2025-05-27,35.470001220703125,35.142822265625,130539600
2025-05-28,35.01499938964844,34.692012786865234,132542600
2025-05-29,35.185001373291016,34.86044692993164,193248800
2025-05-30,35.0,34.67715072631836,187118200
2025-06-02,35.80500030517578,35.47472381591797,137925400
2025-06-03,36.63999938964844,36.302024841308594,128728400
2025-06-04,36.935001373291016,36.594303131103516,128889000
2025-06-05,36.07500076293945,35.74223327636719,198008800
2025-06-06,37.10499954223633,36.76272964477539,131215400
2025-06-09,37.27000045776367,36.926212310791016,100363800
2025-06-10,37.9900016784668,37.63957214355469,122693000
2025-06-11,37.599998474121094,37.2531623840332,181652000
2025-06-12,37.845001220703125,37.495906829833984,126110000
2025-06-13,36.415000915527344,36.0791015625,210666200
2025-06-16,37.900001525878906,37.55039978027344,116668600
2025-06-17,36.779998779296875,36.44072723388672,135418200
2025-06-18,36.72999954223633,36.39118957519531,142661400
2025-06-20,36.224998474121094,35.89085006713867,163355000
2025-06-23,37.349998474121094,37.00546646118164,167572800
2025-06-24,39.04999923706055,38.689788818359375,113191600
2025-06-25,39.2400016784668,38.98686599731445,101438200
2025-06-26,40.314998626708984,40.054927825927734,100144200
2025-06-27,40.709999084472656,40.4473762512207,146023600
2025-06-30,41.5,41.23228073120117,113721400
2025-07-01,40.44499969482422,40.18408966064453,140390000
2025-07-02,41.25,40.9838981628418,100285000
2025-07-03,42.404998779296875,42.131446838378906,83484600
2025-07-07,41.459999084472656,41.19253921508789,139674800
2025-07-08,41.51499938964844,41.2471809387207,115515400
2025-07-09,42.375,42.10164260864258,117976200
2025-07-10,42.18000030517578,41.907894134521484,110317800
2025-07-11,41.86000061035156,41.58995819091797,106937600
2025-07-14,42.30500030517578,42.0320930480957,97311400
2025-07-15,42.415000915527344,42.141380310058594,123257600
2025-07-16,42.53499984741211,42.2606086730957,166357600
2025-07-17,43.525001525878906,43.244224548339844,97330800
2025-07-18,43.375,43.09518814086914,98496200
2025-07-21,44.03499984741211,43.75092697143555,87720400
2025-07-22,43.349998474121094,43.07034683227539,108345200
2025-07-23,43.91999816894531,43.63666915893555,118025200
2025-07-24,44.209999084472656,43.924800872802734,90378200
2025-07-25,44.459999084472656,44.17318344116211,79003200
2025-07-28,44.89500045776367,44.60538101196289,95592000
2025-07-29,44.689998626708984,44.40169906616211,116251200
2025-07-30,44.845001220703125,44.55570602416992,145527600
2025-07-31,44.10499954223633,43.82048034667969,178874600
2025-08-01,41.459999084472656,41.19253921508789,219781200
2025-08-04,43.72999954223633,43.447898864746094,108586000
2025-08-05,42.81999969482422,42.54376983642578,152088400
2025-08-06,44.41999816894531,44.133445739746094,128995200
2025-08-07,44.869998931884766,44.58053970336914,169239200
2025-08-08,46.08000183105469,45.782737731933594,104522600
2025-08-11,45.67499923706055,45.38035202026367,94617000
2025-08-12,47.36000061035156,47.054481506347656,119469600
2025-08-13,47.43000030517578,47.1240234375,96058600
2025-08-14,47.29999923706055,46.994869232177734,106385800
2025-08-15,46.630001068115234,46.32918930053711,96167400
2025-08-18,46.56999969482422,46.26957702636719,73371400
2025-08-19,44.66999816894531,44.381832122802734,111118600
2025-08-20,43.85499954223633,43.57209014892578,164404200
2025-08-21,43.244998931884766,42.966026306152344,119920000
2025-08-22,45.189998626708984,44.898475646972656,132726400
2025-08-25,44.79499816894531,44.50602722167969,80452600
2025-08-26,45.314998626708984,45.02267074584961,84374600
2025-08-27,45.52000045776367,45.22635269165039,90055200
2025-08-28,46.349998474121094,46.050994873046875,90658000
2025-08-29,44.68000030517578,44.39176940917969,121887000
2025-09-02,43.540000915527344,43.259124755859375,166668000
2025-09-03,44.55500030517578,44.267574310302734,119929800
2025-09-04,45.7599983215332,45.46480178833008,101759600
2025-09-05,45.90999984741211,45.61383819580078,172625800
2025-09-08,46.564998626708984,46.26460647583008,101696800
2025-09-09,46.94499969482422,46.64215850830078,94620800
2025-09-10,46.994998931884766,46.69183349609375,120818800
2025-09-11,47.78499984741211,47.47673797607422,91247200
2025-09-12,48.380001068115234,48.067901611328125,92235200
2025-09-15,49.6150016784668,49.2949333190918,78114400
2025-09-16,49.47999954223633,49.160804748535156,77137200
2025-09-17,49.165000915527344,48.847835540771484,147697200
2025-09-18,50.4900016784668,50.16429138183594,123401600
2025-09-19,51.4900016784668,51.1578369140625,84365400
2025-09-22,52.36000061035156,52.02222442626953,81054600
2025-09-23,51.30500030517578,50.974029541015625,99930600
2025-09-24,50.70500183105469,50.426063537597656,101055600
2025-09-25,50.025001525878906,49.74980163574219,122820600
2025-09-26,50.625,50.346500396728516,124097400
2025-09-29,51.29999923706055,51.01778793334961,92393200
2025-09-30,51.70000076293945,51.41558837890625,92323800
2025-10-01,52.43000030517578,52.141571044921875,93996400
2025-10-02,53.06999969482422,52.77804946899414,89158600
2025-10-03,52.349998474121094,52.06201171875,103096400
2025-10-06,53.52000045776367,53.2255744934082,82476800
2025-10-07,52.654998779296875,52.365333557128906,100185800
2025-10-08,54.439998626708984,54.1405143737793,86931000
2025-10-09,54.224998474121094,53.92669677734375,87956200
2025-10-10,48.53499984741211,48.268001556396484,238009400
2025-10-13,51.6150016784668,51.331058502197266,114511200
2025-10-14,50.564998626708984,50.286827087402344,147230000
2025-10-15,51.599998474121094,51.316139221191406,127069400
2025-10-16,51.025001525878906,50.744300842285156,159344000
2025-10-17,51.994998931884766,51.70896530151367,142274000
2025-10-20,53.94499969482422,53.64823532104492,79928800
2025-10-21,53.8849983215332,53.588565826416016,79811400
2025-10-22,52.29999923706055,52.01228713989258,134380800
2025-10-23,53.61000061035156,53.31507873535156,91245000
2025-10-24,55.279998779296875,54.97589111328125,84387600
2025-10-27,58.21500015258789,57.894744873046875,77489400
2025-10-28,59.54499816894531,59.217430114746094,92239400
2025-10-29,60.30500030517578,59.97325134277344,133060800
2025-10-30,57.54499816894531,57.22842788696289,127234200
2025-10-31,58.36000061035156,58.03894805908203,122666800
2025-11-03,59.15999984741211,58.83454895019531,83598000
2025-11-04,55.540000915527344,55.234466552734375,124762800
2025-11-05,56.619998931884766,56.30852127075195,109730000
2025-11-06,53.44499969482422,53.15098571777344,156461400
2025-11-07,52.88999938964844,52.59904098510742,183589400
2025-11-10,56.35499954223633,56.044979095458984,119878800
2025-11-11,55.88999938964844,55.58253860473633,102665600
2025-11-12,55.775001525878906,55.46817398071289,125708400
2025-11-13,52.33000183105469,52.0421257019043,201264400
2025-11-14,52.369998931884766,52.08190155029297,222397600
2025-11-17,51.025001525878906,50.744300842285156,186327000
2025-11-18,49.18000030517578,48.909454345703125,267348000
2025-11-19,50.025001525878906,49.74980163574219,184263600
2025-11-20,46.45000076293945,46.1944694519043,178246300
2025-11-21,47.47999954223633,47.21879959106445,179618600
2025-11-24,51.08000183105469,50.79900360107422,93894200
2025-11-25,52.0099983215332,51.723880767822266,101851900
2025-11-26,53.369998931884766,53.07640075683594,75598100
2025-11-28,54.540000915527344,54.23996353149414,34381600
2025-12-01,54.04999923706055,53.752655029296875,66359600
2025-12-02,55.29999923706055,54.995784759521484,79504400
2025-12-03,55.689998626708984,55.383636474609375,69844900
2025-12-04,55.5099983215332,55.204627990722656,63958000
2025-12-05,56.150001525878906,55.84111022949219,73206000
2025-12-08,55.79999923706055,55.4930305480957,69700000
2025-12-09,56.0099983215332,55.701873779296875,48736000
2025-12-10,56.650001525878906,56.33835983276367,100261100
2025-12-11,56.11000061035156,55.80133056640625,99683900
2025-12-12,52.81999969482422,52.5294303894043,138448500
2025-12-15,52.02000045776367,51.733829498291016,98696300
2025-12-16,52.33000183105469,52.0421257019043,105953700
2025-12-17,49.400001525878906,49.128238677978516,125606200
2025-12-18,51.5099983215332,51.22663116455078,109222100
2025-12-19,53.52000045776367,53.2255744934082,72957800
2025-12-22,54.25,53.951560974121094,64783100
2025-12-23,55.0099983215332,54.70737838745117,48197100
2025-12-24,55.36000061035156,55.14166259765625,25855000
2025-12-26,55.310001373291016,55.09185791015625,37244200
2025-12-29,54.4900016784668,54.27509307861328,50635300
2025-12-30,54.099998474121094,53.886627197265625,38976800
2025-12-31,52.720001220703125,52.5120735168457,57199400
2026-01-02,52.349998474121094,52.143531799316406,107226600
2026-01-05,53.599998474121094,53.38859939575195,77968000
2026-01-06,55.0099983215332,54.79303741455078,68915800
2026-01-07,55.16999816894531,54.95240783691406,65588300
2026-01-08,54.189998626708984,53.97627258300781,83760300
2026-01-09,55.7599983215332,55.540077209472656,78706300
2026-01-12,55.88999938964844,55.6695671081543,59673900
2026-01-13,55.599998474121094,55.380714416503906,88611000
2026-01-14,53.83000183105469,53.617698669433594,117421500
2026-01-15,54.380001068115234,54.16552734375,90483000
2026-01-16,54.13999938964844,53.92646789550781,75855900
2026-01-20,50.72999954223633,50.5299186706543,129209100
2026-01-21,52.72999954223633,52.52203369140625,150230100
2026-01-22,53.900001525878906,53.68741989135742,90992300
2026-01-23,54.380001068115234,54.16552734375,78066100
2026-01-26,55.08000183105469,54.86276626586914,58084300
2026-01-27,56.540000915527344,56.31700897216797,51981200
2026-01-28,57.060001373291016,56.834957122802734,76172100
2026-01-29,56.040000915527344,55.81897735595703,122642300
2026-01-30,54.0,53.787025451660156,110170700
2026-02-02,55.099998474121094,54.88268280029297,74665800
2026-02-03,52.52000045776367,52.31285858154297,129992200
2026-02-04,49.7599983215332,49.56374740600586,142536200
2026-02-05,47.63999938964844,47.45210647583008,158712900
2026-02-06,50.59000015258789,50.39047622680664,117934600
2026-02-09,51.7400016784668,51.53593826293945,71272700
2026-02-10,51.02000045776367,50.81877517700195,70660900
2026-02-11,51.400001525878906,51.19728088378906,92393800
2026-02-12,48.2599983215332,48.06966018676758,131150000
2026-02-13,48.470001220703125,48.27883529663086,123216600
2026-02-17,48.349998474121094,48.159305572509766,117089700
2026-02-18,49.38999938964844,49.19520568847656,81370800
2026-02-19,48.83000183105469,48.63741683959961,83447500
2026-02-20,50.060001373291016,49.86256408691406,118813800
2026-02-23,48.2400016784668,48.049739837646484,91951800
2026-02-24,49.779998779296875,49.58366775512695,71023300
2026-02-25,51.869998931884766,51.66542434692383,54217200
2026-02-26,50.04999923706055,49.85260009765625,105583800
2026-02-27,49.52000045776367,49.3246955871582,93802200
2026-03-02,49.70000076293945,49.50398635864258,108545900
2026-03-03,48.099998474121094,47.91029357910156,163365500
2026-03-04,50.2599983215332,50.061771392822266,99738400
2026-03-05,49.79999923706055,49.60358810424805,129713200
2026-03-06,47.540000915527344,47.352500915527344,141012200
2026-03-09,49.38999938964844,49.19520568847656,159005500
2026-03-10,49.400001525878906,49.20516586303711,115057200
2026-03-11,49.349998474121094,49.15536117553711,91104300
2026-03-12,46.83000183105469,46.64530563354492,130823900
2026-03-13,45.93000030517578,45.74885177612305,141952500
2026-03-16,47.459999084472656,47.2728157043457,81421500
2026-03-17,48.15999984741211,47.97005844116211,74570100
2026-03-18,46.099998474121094,45.91817855834961,105059300
2026-03-19,45.689998626708984,45.509796142578125,138384900
2026-03-20,43.08000183105469,42.91009521484375,137952500
2026-03-23,44.56999969482422,44.39421463012695,139354300
2026-03-24,43.619998931884766,43.447959899902344,105505200
2026-03-25,44.38999938964844,44.288028717041016,79294400
2026-03-26,41.22999954223633,41.13528823852539,117558900
2026-03-27,38.779998779296875,38.690914154052734,124795700
2026-03-30,37.88999938964844,37.80295944213867,111446500
2026-03-31,41.68000030517578,41.58425521850586,149516200
2026-04-01,43.22999954223633,43.13069152832031,116135500
2026-04-02,43.33000183105469,43.230464935302734,111377300
2026-04-06,44.099998474121094,43.998695373535156,69245100
2026-04-07,44.150001525878906,44.048580169677734,131796200
2026-04-08,48.0,47.88973617553711,102015100
2026-04-09,48.959999084472656,48.847530364990234,78953600
2026-04-10,49.16999816894531,49.057044982910156,65481600
2026-04-13,50.65999984741211,50.54362487792969,67169100
2026-04-14,53.40999984741211,53.28730773925781,72362300
2026-04-15,55.650001525878906,55.52216339111328,83244000
2026-04-16,56.43000030517578,56.30037307739258,86398100
2026-04-17,58.59000015258789,58.45541000366211,103604000
2026-04-20,58.08000183105469,57.94658279418945,67652800
2026-04-21,57.400001525878906,57.26814270019531,91775200
2026-04-22,60.209999084472656,60.071685791015625,73399800
2026-04-23,59.220001220703125,59.083961486816406,92856900
2026-04-24,62.560001373291016,62.416290283203125,80250700
2026-04-27,62.63999938964844,62.4961051940918,56615000
2026-04-28,60.7400016784668,60.60047149658203,80631600
2026-04-29,61.86000061035156,61.717899322509766,77081400
2026-04-30,63.540000915527344,63.394039154052734,81042700
2026-05-01,65.30000305175781,65.1500015258789,67762900
2026-05-04,64.91000366210938,64.76089477539062,60813800
2026-05-05,67.38999938964844,67.23519134521484,54098800
2026-05-06,71.56999969482422,71.40559387207031,70169000
2026-05-07,71.33999633789062,71.17611694335938,93509100
2026-05-08,76.27999877929688,76.10477447509766,68713700
2026-05-11,76.95999908447266,76.78321075439453,60475000
2026-05-12,74.95999908447266,74.78780364990234,90651600
2026-05-13,77.23999786376953,77.06256866455078,64416400
2026-05-14,78.94999694824219,78.76863861083984,58472800
2026-05-15,75.33999633789062,75.16693115234375,81260600
2026-05-18,74.31999969482422,74.14927673339844,87710100
2026-05-19,72.93000030517578,72.76246643066406,85973700
2026-05-20,76.51000213623047,76.33424377441406,70647500
2026-05-21,76.94999694824219,76.77323150634766,74958100
2026-05-22,77.83999633789062,77.66118621826172,58330500
2026-05-26,81.94999694824219,81.7617416381836,62579600
2026-05-27,81.66999816894531,81.48239135742188,66221000
2026-05-28,83.68000030517578,83.4877700805664,55265900
2026-05-29,84.55999755859375,84.36575317382812,67644100
2026-06-01,86.04000091552734,85.84235382080078,57216000
2026-06-02,87.22000122070312,87.01964569091797,48355000
2026-06-03,86.55999755859375,86.36115264892578,62154500
2026-06-04,85.22000122070312,85.02423858642578,59614600
2026-06-05,73.05000305175781,72.88219451904297,118961300
2026-06-08,76.2699966430664,76.09479522705078,77319000
2026-06-09,73.72000122070312,73.55065155029297,132485700
2026-06-10,69.2699966430664,69.11087036132812,91465200
2026-06-11,76.01000213623047,75.83539581298828,116288800
2026-06-12,77.5199966430664,77.3419189453125,94070700
2026-06-15,84.58999633789062,84.39567565917969,59758000
2026-06-16,79.93000030517578,79.74639129638672,67086700
2026-06-17,77.54000091552734,77.36187744140625,78089600
2026-06-18,82.87000274658203,82.67963409423828,61063000
2026-06-22,82.58000183105469,82.39030456542969,61888900
2026-06-23,74.44000244140625,74.26900482177734,82341800
2026-06-24,73.30000305175781,73.30000305175781,72009700
2026-06-25,74.94999694824219,74.94999694824219,105261200
2026-06-26,71.83000183105469,71.83000183105469,70427700
2026-06-29,77.19000244140625,77.19000244140625,79128400
2026-06-30,81.0,81.0,58466200
2026-07-01,77.45999908447266,77.45999908447266,63348200
2026-07-02,73.3499984741211,73.3499984741211,87308500
2026-07-06,76.41999816894531,76.41999816894531,54545100
2026-07-07,72.2300033569336,72.2300033569336,70992900
2026-07-08,72.72000122070312,72.72000122070312,70748500
2026-07-09,76.33999633789062,76.33999633789062,51726600
2026-07-10,77.02999877929688,77.02999877929688,46034400
2026-07-13,72.63999938964844,72.63999938964844,63317500
2026-07-14,75.0199966430664,75.0199966430664,58097300
2026-07-15,74.44000244140625,74.44000244140625,68547800
2026-07-16,70.73999786376953,70.73999786376953,66953300
2026-07-17,67.52999877929688,67.52999877929688,75465200
2026-07-20,67.6500015258789,67.6500015258789,50076700
2026-07-21,71.37000274658203,71.37000274658203,37772500
2026-07-22,70.27999877929688,70.27999877929688,36062100
2026-07-23,66.30000305175781,66.30000305175781,80277500
2026-07-24,64.0,64.0,69267700
2026-07-27,63.400001525878906,63.400001525878906,70531600
2026-07-28,61.560001373291016,61.560001373291016,73235900
2026-07-29,57.75,57.75,103582900
2026-07-30,63.29999923706055,63.29999923706055,75877800
2026-07-31,64.62000274658203,64.62000274658203,86709900
2026-08-03,67.95999908447266,67.95999908447266,62223600
2026-08-04,74.81999969482422,74.81999969482422,73728500
2026-08-05,72.83999633789062,72.83999633789062,70885800
2026-08-06,72.02999877929688,72.02999877929688,60887200
2026-08-07,74.47000122070312,74.47000122070312,59409800
2026-08-10,73.80000305175781,73.80000305175781,44224500
2026-08-11,73.05999755859375,73.05999755859375,43674100
2026-08-12,74.5999984741211,74.5999984741211,46867300
2026-08-13,77.1500015258789,77.1500015258789,49822600
2026-08-14,76.79000091552734,76.79000091552734,36616800
2026-08-17,76.4000015258789,76.4000015258789,39828100
2026-08-18,72.52999877929688,72.52999877929688,51330500
2026-08-19,72.05999755859375,72.05999755859375,49118200
2026-08-20,70.4800033569336,70.4800033569336,56681700
2026-08-21,71.16999816894531,71.16999816894531,47654300
2026-08-24,69.01000213623047,69.01000213623047,46660700
2026-08-25,70.2699966430664,70.2699966430664,44163200
2026-08-26,70.47000122070312,70.47000122070312,40461400
2026-08-27,73.30000305175781,73.30000305175781,48782800
2026-08-28,71.8499984741211,71.8499984741211,58068000
2026-08-31,71.91999816894531,71.91999816894531,42308100
2026-09-01,69.1500015258789,69.1500015258789,57328900
2026-09-02,69.5999984741211,69.5999984741211,38887400
2026-09-03,72.02999877929688,72.02999877929688,46695100
2026-09-04,72.37000274658203,72.37000274658203,47352200
2026-09-08,72.16000366210938,72.16000366210938,48309000
2026-09-09,71.55000305175781,71.55000305175781,38220500
2026-09-10,69.20999908447266,69.20999908447266,54833615
