최종자산_세전,최종자산_세후,최종자산_원화,CAGR_세전,CAGR_세후,CAGR_원화,MDD,MDD고점,MDD저점,최장회복_거래일,회복완료,연변동성,Sharpe,Sortino,Calmar,최악의연도,최악연도,최악롤링3년,최악롤링5년,총매매횟수,연평균매매,총세금,연평균세금,세금비중,Sharpe_세후,최악롤링10년,최악롤링3년_세후,key,포트폴리오,구간,구간명,원천징수,합성
46319.83651570849,40007.39644786979,53520718.300440535,0.07988193868349347,0.07198477286550764,0.08118399143861854,-0.6159770353132836,2000-03-24,2002-10-09,2694,True,0.204960744194963,0.3960044900594643,0.555438907832696,0.12968330652597432,-0.3459019016231717,2008,-0.25509250114976234,-0.08947022086158385,19,0.9518886679920477,6155.633494161941,308.39356670552866,0.13289411097283071,0.3589471882276721,-0.010180353136204134,-0.25509250114976234,P3,P3 코어70(SPY60/SCHD20/IEF10/GLD10):위성30(TQQQ60/SGOV40),A,A 2000–2019,미적용,기본
33015.529870306695,29358.40221296937,44250714.68517206,0.19588076678206856,0.17505492980753967,0.22234016847732962,-0.3292847106969723,2020-02-19,2020-03-23,367,True,0.2233816007082873,0.782108324700743,1.0919867890818014,0.5948674822085193,-0.22744243158669053,2022,0.09132334142094112,0.15612962894316817,6,0.8978622327790974,3626.1225466749397,542.6264143480313,0.10983081479895253,0.694789870765115,,0.09132334142094112,P3,P3 코어70(SPY60/SCHD20/IEF10/GLD10):위성30(TQQQ60/SGOV40),B,B 2020–2026,미적용,기본
156426.17915918448,124998.31565400903,209658007.92705494,0.1087566614591644,0.0994635207891692,0.11595534781566763,-0.6159770353132836,2000-03-24,2002-10-09,2694,True,0.2107970138078915,0.5011749333967843,0.7020987821848662,0.1765596040505815,-0.3459019016231717,2008,-0.25509250114976234,-0.08947022086158385,26,0.9757259865971706,25987.45725266823,975.2552833465963,0.16613240438624108,0.4591051159990476,-0.010180353136204134,-0.25509250114976234,P3,P3 코어70(SPY60/SCHD20/IEF10/GLD10):위성30(TQQQ60/SGOV40),C,C 2000–2026,미적용,기본
13657.370782627655,13239.476363801223,14521062.910921028,0.024405299791469215,0.021953414232871005,0.01974542721943351,-0.6159770353132836,2000-03-24,2002-10-09,2694,True,0.22587134849279092,0.12456199706328575,0.17475978567640366,0.039620470232395545,-0.3459019016231717,2008,-0.25509250114976234,-0.08947022086158385,12,0.9253365973072215,417.89441882643206,32.22441662921079,0.03059845306081892,0.11392211013179289,-0.010180353136204134,-0.25509250114976234,P3,P3 코어70(SPY60/SCHD20/IEF10/GLD10):위성30(TQQQ60/SGOV40),S1,2000–2012,미적용,기본
56525.53658833643,48113.46342743538,67185687.53353079,0.21256432965695926,0.19102968048406876,0.22767856236677897,-0.3373227985641807,2020-02-19,2020-03-23,244,True,0.19124275395398033,1.0700543405430196,1.4761795852643433,0.6301510913633539,-0.05559117520169865,2018,0.06494466675236654,0.075154181119367,8,0.8896734333627537,8209.63703769967,912.9869962490365,0.14523766660525003,0.9526762980898071,,0.06367680425642086,P3,P3 코어70(SPY60/SCHD20/IEF10/GLD10):위성30(TQQQ60/SGOV40),S2,2013–2021,미적용,기본
19335.710057890632,17901.055547168882,25915652.190590814,0.15159434672429795,0.13277374955227783,0.1809511557053285,-0.28101812549858796,2022-01-03,2022-10-14,362,True,0.1996995410632436,0.6017760223778695,0.8580259722976423,0.5394468647007599,-0.2338606702937983,2022,0.0936718813141606,,4,0.8549618320610687,1434.6545107217507,306.643712215336,0.07419714644181316,0.5141039525156911,,0.0936718813141606,P3,P3 코어70(SPY60/SCHD20/IEF10/GLD10):위성30(TQQQ60/SGOV40),S3,2022–2026,미적용,기본
43600.492929008025,37922.827634507994,50378625.559751615,0.07661365728716385,0.06911476505620628,0.07791176935706767,-0.5407016787404665,2000-03-24,2002-10-09,1832,True,0.18225488158439446,0.40457143337172313,0.5683409437895144,0.1416930264866774,-0.3180226851045004,2008,-0.209362431002999,-0.06202666298069648,19,0.9518886679920477,5631.156939388389,282.11760412045214,0.12915351550169976,0.3642786036201187,0.0015029853433026208,-0.209362431002999,A80,"A80 P3 구성, 코어80:위성20",A,A 2000–2019,미적용,기본
29595.878343152668,26473.570439261704,39667355.74332752,0.1764724047840016,0.15700753907386522,0.2025023877105876,-0.30841555456410386,2020-02-19,2020-03-23,368,True,0.19814064720135155,0.7720547211743324,1.0801109963493905,0.572190352180574,-0.1948947935884362,2022,0.08074671715207216,0.14262199398033637,6,0.8978622327790974,3122.3079038909614,467.233724335227,0.1054980652268204,0.6770145648330721,,0.08074671715207216,A80,"A80 P3 구성, 코어80:위성20",B,B 2020–2026,미적용,기본
131634.43712396175,107874.53617462976,176429636.07724592,0.10159993777385723,0.09340131551057707,0.10875215856136644,-0.5407016787404665,2000-03-24,2002-10-09,1832,True,0.18759282480864337,0.5039334921708818,0.7071189348953809,0.18790386967269723,-0.3180226851045004,2008,-0.209362431002999,-0.06202666298069648,26,0.9757259865971706,21612.012072009777,811.0539154350654,0.16418205254038107,0.46087939896683616,0.0015029853433026208,-0.209362431002999,A80,"A80 P3 구성, 코어80:위성20",C,C 2000–2026,미적용,기본
14791.489198642128,14286.567221358539,15726902.975564256,0.030726222828360683,0.02796937418091816,0.02603759728531263,-0.5407016787404665,2000-03-24,2002-10-09,1832,True,0.20189812135126806,0.14443894554931058,0.2029839311884068,0.05682657190918226,-0.3180226851045004,2008,-0.209362431002999,-0.06202666298069648,12,0.9253365973072215,504.92197728358707,38.93523203043572,0.034135979853194186,0.13117030536071075,0.0015029853433026208,-0.209362431002999,A80,"A80 P3 구성, 코어80:위성20",S1,2000–2012,미적용,기본
46547.65231051937,40195.094760027794,55326074.05976021,0.18665544807513124,0.1674488538388592,0.20144673473095498,-0.3177305218196699,2020-02-19,2020-03-23,146,True,0.16952087792636197,1.0563516854512198,1.4594641070606862,0.5874646445866752,-0.05015663526459213,2018,0.049899506483047196,0.06262450657527996,8,0.8896734333627537,6352.557550491567,706.4627108225396,0.13647428463445713,0.9319188799864693,,0.049899506483047196,A80,"A80 P3 구성, 코어80:위성20",S2,2013–2021,미적용,기본
18354.861779509538,17089.01579636378,24601021.243076634,0.1388514124761806,0.12158922659633586,0.16788337452856505,-0.2535049567814863,2022-01-03,2022-10-14,363,True,0.1754447068979079,0.5955297060491187,0.8510128837781229,0.5477266174162676,-0.19988103191075368,2022,0.08074671715207193,,4,0.8549618320610687,1265.8459831457571,270.5625002143603,0.0689651602039785,0.5022968519242588,,0.08074671715207193,A80,"A80 P3 구성, 코어80:위성20",S3,2022–2026,미적용,기본
36644.34352125322,32051.703022611142,42341073.16506725,0.06727947768103237,0.06014333159826313,0.0685663351926018,-0.5595442251119627,2000-03-24,2002-10-09,2669,True,0.17512490925083077,0.3640012729275878,0.5120787038105014,0.1202397856354786,-0.3154679752137838,2008,-0.21677466819288438,-0.0728961369146146,19,0.9518886679920477,4592.640498642089,230.08854983256592,0.12533013440337443,0.32403660657897493,-0.008031173410767534,-0.21677466819288438,A-Q1,A-Q1 위성 QLD60/SGOV40,A,A 2000–2019,미적용,기본
28007.152876183318,25069.381525370718,37537986.9999485,0.16679871395892065,0.1476099030619218,0.19261466211002864,-0.2854609547390671,2020-02-19,2020-03-23,388,True,0.18714935215308562,0.7618134105152556,1.0705328664473333,0.5843135854127136,-0.19629187661570402,2022,0.06726029437411118,0.12898515808793132,6,0.8978622327790974,2937.771350812598,439.6189907391774,0.10489360927903585,0.6614298567963086,,0.06726029437411118,A-Q1,A-Q1 위성 QLD60/SGOV40,B,B 2020–2026,미적용,기본
104413.42856863522,87042.76620438551,139945318.31054178,0.09206402240415223,0.08463223005181808,0.09915433054098277,-0.5595442251119627,2000-03-24,2002-10-09,2669,True,0.17928505858408,0.4702130056861266,0.6613101847069096,0.16453395151335995,-0.3154679752137838,2008,-0.21677466819288438,-0.0728961369146146,26,0.9757259865971706,16700.501214214528,626.7351163041044,0.1599459135013137,0.4288860913890844,-0.008031173410767534,-0.21677466819288438,A-Q1,A-Q1 위성 QLD60/SGOV40,C,C 2000–2026,미적용,기본
13493.025083018205,13174.234171271984,14346323.989268277,0.023449416023976655,0.021564192673577454,0.01879389162990419,-0.5595442251119627,2000-03-24,2002-10-09,2669,True,0.19618147810632572,0.10670815897336701,0.15015134923765272,0.041908065478264055,-0.3154679752137838,2008,-0.21677466819288438,-0.0728961369146146,12,0.9253365973072215,318.7909117462185,24.58240812730938,0.0236263484122205,0.09729227154248318,-0.008031173410767534,-0.21677466819288438,A-Q1,A-Q1 위성 QLD60/SGOV40,S1,2000–2012,미적용,기본
42503.20176776789,36644.89317650494,50518880.58915123,0.1747204492256731,0.15550478254452016,0.18936296987742596,-0.2936484499715071,2020-02-19,2020-03-23,146,True,0.1578268439044371,1.0582820135543216,1.4683223988111316,0.5949987110186563,-0.03877805089983066,2018,0.046609450508087846,0.059922186964091795,8,0.8896734333627537,5858.308591262945,651.4976897609276,0.1378321714037451,0.9208970971681356,,0.046609450508087846,A-Q1,A-Q1 위성 QLD60/SGOV40,S2,2013–2021,미적용,기본
17533.672949079064,16370.083364209348,23500381.85365067,0.12776415184788426,0.11133275664737918,0.15651347392959347,-0.24940241574777933,2022-01-03,2022-10-14,381,True,0.16521849903500185,0.5625489331570265,0.8054320746017212,0.5122811319401659,-0.20082996512679585,2022,0.06726029437411118,,4,0.8549618320610687,1163.5895848697166,248.7061708118478,0.06636313955718176,0.4678025614098195,,0.06726029437411118,A-Q1,A-Q1 위성 QLD60/SGOV40,S3,2022–2026,미적용,기본
38829.824068111535,33609.478535553644,44866308.51774015,0.07038147284119622,0.06266693561855652,0.07167207054065083,-0.6760810016233211,2000-03-24,2002-10-09,3009,True,0.21764920927996717,0.3445589594507602,0.48528830809715484,0.10410213076865796,-0.3829105195291339,2008,-0.28692419183286333,-0.11411380708232999,19,0.9518886679920477,5220.345532557888,261.53619765498763,0.1344416478272181,0.31066291344911867,-0.02855678463378486,-0.28692419183286333,A-Q2,A-Q2 위성 QLD90/SGOV10,A,A 2000–2019,미적용,기본
32870.25447044895,29038.456160357586,44056002.066742726,0.19509184471839403,0.17312970160104313,0.2215337911569366,-0.3322945417646824,2020-02-19,2020-03-23,389,True,0.23033188646597158,0.7624028111938105,1.073213572373262,0.5871051738687606,-0.25173165292582744,2022,0.07004484688417967,0.14436971581344382,6,0.8978622327790974,3831.7983100913584,573.4044977096332,0.11657343004558197,0.6730947356808219,,0.07004484688417967,A-Q2,A-Q2 위성 QLD90/SGOV10,B,B 2020–2026,미적용,기본
130169.08236379748,106257.27029054344,174465621.09219775,0.10113724892248,0.09278166113202979,0.10828646566768008,-0.6760810016233211,2000-03-24,2002-10-09,3009,True,0.22200689176070307,0.45565203575502106,0.6417130017987529,0.14959338996309893,-0.3829105195291339,2008,-0.28692419183286333,-0.11411380708232999,26,0.9757259865971706,21936.76185678423,823.241100209922,0.1685251325308971,0.4196827433656331,-0.02855678463378486,-0.28692419183286333,A-Q2,A-Q2 위성 QLD90/SGOV10,C,C 2000–2026,미적용,기본
11761.101717897116,11624.493496576371,12504873.790536929,0.012665036056181744,0.01175312593261868,0.008058568257607757,-0.6760810016233211,2000-03-24,2002-10-09,3009,True,0.2446383518076231,0.08584503242623202,0.12095822796605056,0.018733015756650526,-0.3829105195291339,2008,-0.28692419183286333,-0.11411380708232999,12,0.9253365973072215,136.60822132074483,10.534048890094155,0.011615257192518387,0.08212911170842484,-0.02855678463378486,-0.28692419183286333,A-Q2,A-Q2 위성 QLD90/SGOV10,S1,2000–2012,미적용,기본
56678.83491249523,48027.86881275997,67367896.3886427,0.2129296007455641,0.19079385722521236,0.22804838644453285,-0.34034380220091853,2020-02-19,2020-03-23,169,True,0.1927370566349519,1.0647941221061543,1.4798951261945188,0.6256309043050041,-0.04777379928317249,2018,0.05454415754044439,0.07126879220530347,8,0.8896734333627537,8650.966099735258,962.0668389820323,0.1526313325439951,0.9425705161001793,,0.05454415754044439,A-Q2,A-Q2 위성 QLD90/SGOV10,S2,2013–2021,미적용,기본
18671.893123637084,17246.476051411373,25025938.353610784,0.14302756182336895,0.12379016075246341,0.17216598360179325,-0.30583053143676486,2022-01-03,2022-10-14,384,True,0.20446838195310113,0.5557643782580917,0.7959317093127911,0.46766933684298323,-0.2574501966749513,2022,0.07004484688417922,,4,0.8549618320610687,1425.417072225713,304.669297880305,0.07634025445557269,0.46844169836643457,,0.07004484688417922,A-Q2,A-Q2 위성 QLD90/SGOV10,S3,2022–2026,미적용,기본
38612.28167447691,33358.90876143378,44614946.98359109,0.07008023612294512,0.06226860913765453,0.07137047061038104,-0.7397362821037606,2000-03-24,2002-10-09,3342,True,0.2513905986590183,0.328661621630388,0.4624836280187124,0.09473678365976805,-0.43068222321947147,2008,-0.33585686185929464,-0.14616364727956366,19,0.9518886679920477,5188.576636367465,259.94459490349925,0.13437632823954987,0.2993597340931916,-0.04865826743530177,-0.33585686185929464,C,C 코어70=B-opt:위성30(TQQQ60/SGOV40),A,A 2000–2019,미적용,기본
35991.10402602729,31726.972474209353,48238876.72608438,0.21142369203346556,0.18877755160269438,0.23822698796481578,-0.36418412641176723,2020-02-19,2020-03-23,386,True,0.26348281364048237,0.7493438590870808,1.0495269204671258,0.5805406570477977,-0.28466781699735644,2022,0.08306972750078945,0.15390819378464782,6,0.8978622327790974,4244.109075013904,635.1042083750021,0.11792105826886383,0.671643748087236,,0.08231935111082733,C,C 코어70=B-opt:위성30(TQQQ60/SGOV40),B,B 2020–2026,미적용,기본
143064.47740725215,114996.50423464447,191749319.06894004,0.10504763237934855,0.09602782808606047,0.11222223758444971,-0.7397362821037606,2000-03-24,2002-10-09,3342,True,0.25427473628966524,0.44204540311867313,0.6213684197946011,0.1420068677456243,-0.43068222321947147,2008,-0.33585686185929464,-0.14616364727956366,26,0.9757259865971706,24221.956774303475,908.9997181123568,0.16930797367226552,0.40891480723524304,-0.04865826743530177,-0.33585686185929464,C,C 코어70=B-opt:위성30(TQQQ60/SGOV40),C,C 2000–2026,미적용,기본
9611.465270312641,9611.465270312641,10219294.334007213,-0.0029742964986658738,-0.0029742964986658738,-0.007509623219746242,-0.7397362821037606,2000-03-24,2002-10-09,3211,False,0.28106424595437896,0.05334549046548769,0.07511639720609589,-0.004020752490613511,-0.43068222321947147,2008,-0.33585686185929464,-0.14616364727956366,12,0.9253365973072215,0.0,0.0,0.0,0.05334549046548769,-0.04865826743530177,-0.33585686185929464,C,C 코어70=B-opt:위성30(TQQQ60/SGOV40),S1,2000–2012,미적용,기본
72267.93957877171,60370.67184643222,85896950.30393226,0.2461517067112433,0.22147137256645677,0.2616845955042868,-0.3636110074359393,2020-02-19,2020-03-23,252,True,0.2203960050364601,1.0800314873536223,1.4958756214945466,0.6769643978795392,-0.05031651954375793,2018,0.07513472711349789,0.08696605535865687,8,0.8896734333627537,11591.332877944013,1289.0626148463773,0.16039384747242608,0.9677677374560308,,0.07367363589103171,C,C 코어70=B-opt:위성30(TQQQ60/SGOV40),S2,2013–2021,미적용,기본
19455.796976726844,17941.93175403988,26076604.687906988,0.1531193265132036,0.13332612243723685,0.18251501076354248,-0.3229823199876184,2022-01-03,2022-10-14,380,True,0.23580219452740467,0.548506692267094,0.7818446735512564,0.4740795920936894,-0.28645901299403154,2022,0.08224735136900829,,4,0.8549618320610687,1513.8652226869635,323.57424607049603,0.07781049650640677,0.47217282338327654,,0.08224735136900829,C,C 코어70=B-opt:위성30(TQQQ60/SGOV40),S3,2022–2026,미적용,기본
30958.836055139946,26809.88761769174,35771696.708272,0.05830235851320653,0.05070081893100875,0.0595783919871411,-0.6133543642359991,2000-03-24,2002-10-09,3132,True,0.20392997976250776,0.29782372075837826,0.42212247141112647,0.09505493384045385,-0.3829578404632945,2008,-0.2374650202408477,-0.08709014848995156,19,0.9518886679920477,4148.94843744821,207.85984219422446,0.13401500075967424,0.2620807440551882,-0.03248979683405018,-0.2374650202408477,B-opt,B-opt SCHD:SPY:QQQ=15%:55%:30%,A,A 2000–2019,미적용,기본
27721.627406523756,24433.401560212154,37155297.21296379,0.16501090719839184,0.14320551344635302,0.19078729931804217,-0.3176921976533693,2020-02-19,2020-03-23,490,True,0.20445848755383367,0.7063527795695874,0.999268204208422,0.5194049725402244,-0.2022942111057896,2022,0.04882596781987747,0.1190569512360975,6,0.8978622327790974,3288.2258463115977,492.062300041878,0.11861590223731874,0.6036050485864278,,0.04882596781987747,B-opt,B-opt SCHD:SPY:QQQ=15%:55%:30%,B,B 2020–2026,미적용,기본
86910.37502705322,71668.09396846041,116485975.64875942,0.08457027432254693,0.07675002980608481,0.09161192873403867,-0.6133543642359991,2000-03-24,2002-10-09,3132,True,0.20405906878710348,0.40255160659056427,0.5703089793237799,0.13788158893739771,-0.3829578404632945,2008,-0.2374650202408477,-0.08709014848995156,26,0.9757259865971706,15215.578682410955,571.0090585208579,0.17507206334887743,0.36518816177363833,-0.03248979683405018,-0.2374650202408477,B-opt,B-opt SCHD:SPY:QQQ=15%:55%:30%,C,C 2000–2026,미적용,기본
10924.061265260567,10924.061265260567,11614898.899675645,0.006916193712702023,0.006916193712702023,0.002335876572234552,-0.6133543642359991,2000-03-24,2002-10-09,3132,True,0.23331761555976563,0.0539304021558214,0.07651352996611088,0.01127601614332183,-0.3829578404632945,2008,-0.2374650202408477,-0.08709014848995156,12,0.9253365973072215,0.0,0.0,0.0,0.0539304021558214,-0.03248979683405018,-0.2374650202408477,B-opt,B-opt SCHD:SPY:QQQ=15%:55%:30%,S1,2000–2012,미적용,기본
44880.58700159095,37865.2008481557,53344616.90422099,0.1818521977081129,0.1597220074149126,0.19658361335995367,-0.3176921976533693,2020-02-19,2020-03-23,144,True,0.1678390196118503,1.0409796146891885,1.4542493047616643,0.5724163169613941,-0.033773062858278746,2018,0.03162631162977769,0.05347762636206577,8,0.8896734333627537,7015.386153435257,780.1753356865335,0.15631226376755214,0.8935996208450194,,0.03162631162977769,B-opt,B-opt SCHD:SPY:QQQ=15%:55%:30%,S2,2013–2021,미적용,기본
17090.76419234626,15951.89648636667,22906751.247001693,0.12161375254676243,0.10520280551002203,0.1502062866953302,-0.25971760297474145,2022-01-03,2022-10-12,485,True,0.17867888367931892,0.5023395072940793,0.7218189261314869,0.46825379240308884,-0.20706224471642842,2022,0.0488259678198768,,4,0.8549618320610687,1138.8677059795941,243.42210509487506,0.06663644136460627,0.4158654959144848,,0.0488259678198768,B-opt,B-opt SCHD:SPY:QQQ=15%:55%:30%,S3,2022–2026,미적용,기본
29770.71304022104,25858.844485005728,34398868.0894538,0.05622952974990025,0.04880130136785321,0.0575030639391394,-0.6886454752227977,2000-03-24,2002-10-09,3305,True,0.21882705256931007,0.2829046883395851,0.40192923838000194,0.08165236217040167,-0.39285586181960785,2008,-0.2838202011832984,-0.12069606989380632,19,0.9518886679920477,3911.868555215312,195.98228149388842,0.13139989458533533,0.2505658128431856,-0.04366536086483497,-0.2838202011832984,B1,B1 SCHD:SPY:QQQ=2:3:5,A,A 2000–2019,미적용,기본
29372.697867166957,25793.55644831188,39368226.95136387,0.17514053465239887,0.15251084796525016,0.20114104935121757,-0.30544761134684495,2020-02-19,2020-03-23,485,True,0.21029090333461722,0.7337102494358715,1.040563844661075,0.5733897668412982,-0.22351083211525125,2022,0.05100161672251757,0.12156396605151154,6,0.8978622327790974,3579.141418855075,535.5959842942274,0.12185266178275944,0.630461541773381,,0.05100161672251757,B1,B1 SCHD:SPY:QQQ=2:3:5,B,B 2020–2026,미적용,기본
88655.57416871664,73205.35929522812,118825066.05833091,0.08537978624550524,0.07760795355743744,0.09242669647429036,-0.6886454752227977,2000-03-24,2002-10-09,3305,True,0.2167163967329203,0.39471439467388214,0.5605738160043556,0.12398220756170987,-0.39285586181960785,2008,-0.2838202011832984,-0.12069606989380632,26,0.9757259865971706,15373.399113423631,576.931731434513,0.17340589418739955,0.36015441004436793,-0.04366536086483497,-0.2838202011832984,B1,B1 SCHD:SPY:QQQ=2:3:5,C,C 2000–2026,미적용,기본
9896.28618581529,9896.28618581529,10522127.32420625,-0.0007265907822335826,-0.0007265907822335826,-0.005272141993777013,-0.6886454752227977,2000-03-24,2002-10-09,3211,False,0.2516964141298134,0.03733075343559864,0.05309022301015475,-0.0010551013669239727,-0.39285586181960785,2008,-0.2838202011832984,-0.12069606989380632,12,0.9253365973072215,0.0,0.0,0.0,0.03733075343559864,-0.04366536086483497,-0.2838202011832984,B1,B1 SCHD:SPY:QQQ=2:3:5,S1,2000–2012,미적용,기본
49702.18894639222,41684.345115725475,59075524.75979233,0.19534046863341348,0.17218176208754166,0.21024001133685233,-0.30544761134684495,2020-02-19,2020-03-23,169,True,0.17230783966959742,1.0842960802314237,1.519907679482458,0.639522004353141,-0.02536293217298291,2018,0.0505257181297496,0.06787714857355942,8,0.8896734333627537,8017.843830666753,891.657831124458,0.16131772062020525,0.9337781609658176,,0.0505257181297496,B1,B1 SCHD:SPY:QQQ=2:3:5,S2,2013–2021,미적용,기본
17352.156773380193,16158.988734290198,23257095.723361474,0.12525849087562269,0.10825403662584088,0.15394393785170712,-0.27442418459025686,2022-01-03,2022-10-12,480,True,0.1860161921952696,0.5071779511141012,0.7285135296161395,0.45644115172518895,-0.22850182205785052,2022,0.05100161672251757,,4,0.8549618320610687,1193.1680390899926,255.0282831642732,0.06876194438955406,0.42149427078711493,,0.05100161672251757,B1,B1 SCHD:SPY:QQQ=2:3:5,S3,2022–2026,미적용,기본
29248.982973866892,25435.96727871703,33796029.86698424,0.055294363688643156,0.047935283047754185,0.056566770314300685,-0.7218640624868493,2000-03-24,2002-10-09,3411,True,0.22832993077470115,0.27651319171878397,0.3932044046900165,0.07659941332742339,-0.3977751692505316,2008,-0.306986230482445,-0.137771203828987,19,0.9518886679920477,3813.015695149862,191.0298121625776,0.13036404371928692,0.24590557001181784,-0.04972198799819694,-0.306986230482445,B2,B2 SCHD:SPY:QQQ=1:3:6,A,A 2000–2019,미적용,기본
30443.705633606307,26577.54107486121,40803698.66072253,0.18145535892534026,0.1576863811913991,0.20759559196123223,-0.30066087385938833,2020-02-19,2020-03-23,490,True,0.22027921622273158,0.7345516290623422,1.0427770826253304,0.6035216907212292,-0.25295456984857234,2022,0.053539281079543644,0.1239418197979647,6,0.8978622327790974,3866.1645587450985,578.547190501048,0.126993888499477,0.6321050919670371,,0.053539281079543644,B2,B2 SCHD:SPY:QQQ=1:3:6,B,B 2020–2026,미적용,기본
90400.39525884122,74346.08200088365,121163649.76542488,0.0861739332945608,0.07823343812692962,0.09322599958303468,-0.7218640624868493,2000-03-24,2002-10-09,3411,True,0.22633854367105985,0.3905516026691552,0.5551781907419993,0.11937695443334345,-0.3977751692505316,2008,-0.306986230482445,-0.137771203828987,26,0.9757259865971706,16005.231224059458,600.6430779542791,0.1770482438515017,0.35697580435704906,-0.04972198799819694,-0.306986230482445,B2,B2 SCHD:SPY:QQQ=1:3:6,C,C 2000–2026,미적용,기본
9402.708034657455,9402.708034657455,9997335.290769191,-0.004661116504235174,-0.004661116504235174,-0.009188770123390477,-0.7218640624868493,2000-03-24,2002-10-09,3211,False,0.2628877036231673,0.03162718733632826,0.04502725777390748,-0.006457055762240677,-0.3977751692505316,2008,-0.306986230482445,-0.137771203828987,12,0.9253365973072215,0.0,0.0,0.0,0.03162718733632826,-0.04972198799819694,-0.306986230482445,B2,B2 SCHD:SPY:QQQ=1:3:6,S1,2000–2012,미적용,기본
52538.31203263643,43880.102331207745,62446512.29887133,0.20274021076818882,0.17889283866566408,0.21773198892823964,-0.3006608738593882,2020-02-19,2020-03-23,151,True,0.17728762733955986,1.0936078185623486,1.5333678135948263,0.6743152448329724,-0.01994042359753978,2018,0.061011601710823316,0.07560058255392788,8,0.8896734333627537,8658.209701428683,962.8723939805949,0.16479801817862486,0.9437707591916675,,0.061011601710823316,B2,B2 SCHD:SPY:QQQ=1:3:6,S2,2013–2021,미적용,기본
17582.523226083962,16325.918484051468,23565855.879920334,0.12843499964620753,0.11069122492432304,0.15720142319313912,-0.2951668159138836,2022-01-03,2022-10-14,485,True,0.19888039172134658,0.5009632586124599,0.7196867744509631,0.4351268256512923,-0.25849008333495127,2022,0.05353928107954298,,4,0.8549618320610687,1256.6047420324924,268.58727310618156,0.07146896528299752,0.4180492757752268,,0.05353928107954298,B2,B2 SCHD:SPY:QQQ=1:3:6,S3,2022–2026,미적용,기본
30177.83276537931,26194.54388193692,34869278.647085175,0.056948513039960735,0.0494792607503487,0.05822291413338654,-0.6525405063471998,2000-03-24,2002-10-09,3268,True,0.21027882507821058,0.288960111886416,0.41009743421793216,0.08727199688912478,-0.38791701382499333,2008,-0.2606944937466237,-0.10380750951104989,19,0.9518886679920477,3983.2888834423943,199.560397341448,0.13199386829434992,0.2550065681515455,-0.03792537323261913,-0.2606944937466237,B3,B3 SCHD:SPY:QQQ=3:3:4,A,A 2000–2019,미적용,기본
28233.652012591614,24924.614136237637,37841563.79247654,0.16820593889541824,0.14661576049965186,0.1940530225333612,-0.31031116258758895,2020-02-19,2020-03-23,485,True,0.20164541647111642,0.7269568226052807,1.029894880796983,0.5420557143120501,-0.19412346660150748,2022,0.04743163843102649,0.1184311479617064,6,0.8978622327790974,3309.037876353976,495.1766893356306,0.11720190766955033,0.6232728512968001,,0.04743163843102649,B3,B3 SCHD:SPY:QQQ=3:3:4,B,B 2020–2026,미적용,기본
86264.08602338814,71446.70876901936,115619754.49714711,0.0842665172972723,0.07662502158543205,0.09130619954333818,-0.6525405063471998,2000-03-24,2002-10-09,3268,True,0.20814331761807936,0.3973208575839712,0.5636715930187564,0.12913607121338805,-0.38791701382499333,2008,-0.2606944937466237,-0.10380750951104989,26,0.9757259865971706,14736.628454488544,553.0350514566065,0.1708315607782955,0.3617009159762458,-0.03792537323261913,-0.2606944937466237,B3,B3 SCHD:SPY:QQQ=3:3:4,C,C 2000–2026,미적용,기본
10376.85591230498,10376.85591230498,11033088.280199148,0.002933937523784902,0.002933937523784902,-0.0016282649052559162,-0.6525405063471998,2000-03-24,2002-10-09,3211,False,0.24166553179846786,0.04382759975310622,0.06225321878902521,0.004496176858366291,-0.38791701382499333,2008,-0.2606944937466237,-0.10380750951104989,12,0.9253365973072215,0.0,0.0,0.0,0.04382759975310622,-0.03792537323261913,-0.2606944937466237,B3,B3 SCHD:SPY:QQQ=3:3:4,S1,2000–2012,미적용,기본
46975.5662744892,39549.9620812739,55834688.31819512,0.18786369672426284,0.16535004654837837,0.20267004381919707,-0.31031116258758895,2020-02-19,2020-03-23,125,True,0.1680070177567336,1.070301853790642,1.5000719853599678,0.6054042502297549,-0.030794556659963335,2018,0.039290458138553586,0.06009703305038849,8,0.8896734333627537,7425.604193215306,825.7953471713403,0.1580737558292702,0.9197525655102546,,0.039290458138553586,B3,B3 SCHD:SPY:QQQ=3:3:4,S2,2013–2021,미적용,기본
17070.469949115173,15949.983828101884,22879550.872799065,0.12132894973480601,0.10517448022782672,0.14991422359960138,-0.2548940789475892,2022-01-03,2022-10-12,480,True,0.1743789782187763,0.508958152777945,0.7306221062754852,0.4759975211497691,-0.19851356078074922,2022,0.04743163843102671,,4,0.8549618320610687,1120.4861210132904,239.49321670513075,0.06563885612717824,0.42139069081570746,,0.04743163843102671,B3,B3 SCHD:SPY:QQQ=3:3:4,S3,2022–2026,미적용,기본
32128.451739747157,27736.19325707721,37123140.847208254,0.06027036669666619,0.05249036842523047,0.0615487730693276,-0.5518942975192181,2007-10-09,2009-03-09,1656,True,0.18969251277828053,0.31529123712241003,0.4450919297356216,0.1092063588400593,-0.36794991772171604,2008,-0.1731175649833261,-0.08403612134934735,0,0.0,4392.258482669946,220.0495303444983,0.13670931043453113,0.27562705866970555,-0.017911010749722234,-0.1731175649833261,SPY,SPY 100%,A,A 2000–2019,미적용,기본
25413.00528045304,22432.500009225652,34061050.977391206,0.1499502228009637,0.12868198335958492,0.17539339048106606,-0.33717267690003394,2020-02-19,2020-03-23,488,True,0.20090757261925973,0.6504445385756211,0.9168586428651497,0.444728274484179,-0.18175379299050898,2022,0.04625547911410943,0.11576963016533903,0,0.0,2980.5052712273864,446.01385293901507,0.11728267626497156,0.5484945603183286,,0.04625547911410943,SPY,SPY 100%,B,B 2020–2026,미적용,기본
82576.60602952776,67020.10859350393,110677425.06137605,0.08249034038561431,0.07404394740984777,0.08951849066894657,-0.5518942975192181,2007-10-09,2009-03-09,1656,True,0.19255894077708272,0.4048477776285464,0.5712933337911248,0.1494676439970678,-0.36794991772171604,2008,-0.1731175649833261,-0.08403612134934735,0,0.0,15556.497436023825,583.8030311061808,0.1883886754859013,0.3615752161943497,-0.017911010749722234,-0.1731175649833261,SPY,SPY 100%,C,C 2000–2026,미적용,기본
12385.043816724692,12377.620960838194,13168273.987694362,0.01670961498340562,0.016662613772812307,0.012084748976220139,-0.5518942975192181,2007-10-09,2009-03-09,1656,True,0.21568526750239547,0.08497161846695003,0.12008081003868529,0.03027683934861413,-0.36794991772171604,2008,-0.1731175649833261,-0.08403612134934735,0,0.0,7.422855886497445,0.5723866840261188,0.0005993403007968097,0.08475527967504153,-0.017911010749722234,-0.1731175649833261,SPY,SPY 100%,S1,2000–2012,미적용,기본
38451.14955155546,32654.629804623106,45702651.8454833,0.16170420047443357,0.14078459742578953,0.1761844776824173,-0.33717267690003383,2020-02-19,2020-03-23,187,True,0.16427599997761771,0.955237855717517,1.3266154884412105,0.4795886842348623,-0.045690154773978975,2018,0.003717947267176225,0.032063453049469004,0,0.0,5796.519746932355,644.6262031010385,0.15075023281580585,0.8145401559786385,,0.003717947267176225,SPY,SPY 100%,S2,2013–2021,미적용,기본
16742.29434896676,15669.345482666355,22439697.11592015,0.11668606014581795,0.10098915031647926,0.14515297599403265,-0.2449638194524133,2022-01-03,2022-10-12,488,True,0.17379620523982028,0.48610747697353623,0.6991307480476762,0.47633997708990405,-0.18646396226812967,2022,0.04625547911411032,,0,0.0,1072.9488663004047,229.33258211001015,0.06408613084541911,0.40092027767973615,,0.04625547911411032,SPY,SPY 100%,S3,2022–2026,미적용,기본
25584.0705413726,22631.57592234506,29561370.147734385,0.04824013237814828,0.04182013522076211,0.04950403346168675,-0.8296390365521672,2000-03-27,2002-10-09,3747,True,0.2733884363939816,0.2475436488170352,0.3529790828101453,0.05814592883505786,-0.41727144319191967,2008,-0.40158387933106754,-0.20831968052088456,0,0.0,2952.4946190275427,147.9182194820956,0.11540363032743342,0.22538617941278763,-0.08181452276743972,-0.40158387933106754,QQQ,QQQ 100%,A,A 2000–2019,미적용,기본
33798.62868947713,28973.286268264445,45300302.0325062,0.20008325257159476,0.17273534170106952,0.22663563616163374,-0.351187288893523,2021-12-27,2022-11-03,493,True,0.24867407228099012,0.7403976684303976,1.0542089915325852,0.5697337543223505,-0.3257699672328831,2022,0.054783787077568036,0.12643315155096113,0,0.0,4825.342421212686,722.0821200389529,0.14276740235662308,0.6386584209601781,,0.054783787077568036,QQQ,QQQ 100%,B,B 2020–2026,미적용,기본
88090.49661154937,71320.94324748078,118067692.60845962,0.08511936649812823,0.07655384018590405,0.0921645859320368,-0.8296390365521672,2000-03-27,2002-10-09,3747,True,0.2674080938434931,0.36469296807725504,0.5198979468075889,0.10259807307509207,-0.41727144319191967,2008,-0.40158387933106754,-0.20831968052088456,0,0.0,16769.55336406858,629.3265000365275,0.1903673382387307,0.33479591177716034,-0.08181452276743972,-0.40158387933106754,QQQ,QQQ 100%,C,C 2000–2026,미적용,기본
7280.533652544446,7280.533652544446,7740954.600731357,-0.024101417749661902,-0.024101417749661902,-0.028540640230688474,-0.8296390365521672,2000-03-27,2002-10-09,3210,False,0.31789743255845515,0.014065023538663374,0.02008384835479081,-0.029050486642749025,-0.41727144319191967,2008,-0.40158387933106754,-0.20831968052088456,0,0.0,0.0,0.0,0.0,0.014065023538663374,-0.08181452276743972,-0.40158387933106754,QQQ,QQQ 100%,S1,2000–2012,미적용,기본
64274.38646446522,52796.75459669272,76395893.00779872,0.23001245592847308,0.20339673824228477,0.24534417404040143,-0.28559364257071296,2020-02-19,2020-03-16,163,True,0.19455130161052583,1.1284520269430014,1.5877244151915069,0.8053836698116347,-0.001262214739360945,2018,0.0972303573593789,0.10476236959993335,0,0.0,11477.631867772501,1276.4180188343646,0.17857240650780903,0.9789795606376799,,0.0972303573593789,QQQ,QQQ 100%,S2,2013–2021,미적용,기본
17998.71387948207,16649.352716468296,24123676.21266982,0.13409179736367638,0.1153581672214068,0.1630024257953473,-0.34827981466876734,2022-01-03,2022-11-03,487,True,0.23256365623803088,0.4810908303325998,0.6900936521367566,0.385011682319875,-0.33219879418801934,2022,0.054783787077568036,,0,0.0,1349.3611630137732,288.4130730105775,0.07496986573868478,0.40756183863019546,,0.054783787077568036,QQQ,QQQ 100%,S3,2022–2026,미적용,기본
36208.86698501986,31399.676679503078,41837897.446511045,0.06664043201251557,0.05905228594271783,0.06792651900358315,-0.42592873763509775,2007-10-12,2009-03-09,1341,True,0.14325218653328162,0.40541773702866063,0.5723145865391894,0.15645911187520728,-0.2615542937183303,2008,-0.11577177825095986,-0.03698518512155757,7,0.3506958250497018,4809.190305516772,240.93756600203315,0.13281802790201652,0.3515041456819217,0.014186238710450771,-0.11577177825095986,C100,"코어100 (SPY60/SCHD20/IEF10/GLD10, 5/25 밴드)",A,A 2000–2019,미적용,기본
23128.925640450776,20774.81988169877,30999699.035896175,0.13385763643008453,0.11578985973744715,0.15894474837375383,-0.26491938810021287,2020-02-19,2020-03-23,487,True,0.15296973268344213,0.7064491908894205,0.9955844095628326,0.5052768594628086,-0.13056726975676092,2022,0.04722463928281795,0.11046824724993054,3,0.4489311163895487,2354.105758752008,352.27710879186816,0.10178188971453354,0.5858755044559624,,0.04722463928281795,C100,"코어100 (SPY60/SCHD20/IEF10/GLD10, 5/25 밴드)",B,B 2020–2026,미적용,기본
84927.9587160645,69924.37844354208,113828943.06714125,0.08363152794255502,0.07575518318269925,0.0906670874722817,-0.42592873763509775,2007-10-12,2009-03-09,1341,True,0.14728160280322417,0.4842245863602829,0.6831467535054042,0.19635098680334628,-0.2615542937183303,2008,-0.11577177825095986,-0.03698518512155757,10,0.3752792256142964,14970.407689032321,561.8083004670358,0.17627184163323828,0.4274360464987147,0.014186238710450771,-0.11577177825095986,C100,"코어100 (SPY60/SCHD20/IEF10/GLD10, 5/25 밴드)",C,C 2000–2026,미적용,기본
16538.281953818157,15871.092080926941,17584162.904577617,0.03963661999622459,0.0363406679028806,0.0349074623362724,-0.42592873763509775,2007-10-12,2009-03-09,1341,True,0.16191462425687314,0.18835892472885937,0.26609731258649244,0.09305927610402782,-0.2615542937183303,2008,-0.11577177825095986,-0.03698518512155757,5,0.38555691554467564,667.1898728912146,51.447933894916176,0.04034215130412515,0.16874587361673588,0.014186238710450771,-0.11577177825095986,C100,"코어100 (SPY60/SCHD20/IEF10/GLD10, 5/25 밴드)",S1,2000–2012,미적용,기본
30872.50057640807,26825.65304638164,36694745.46011287,0.13368696251649048,0.11611000402136207,0.1478180136718632,-0.27689842745513393,2020-02-19,2020-03-23,216,True,0.12963461668965687,0.982543129074983,1.365491367896312,0.4828014508610811,-0.040380287161552286,2018,0.014707965815527357,0.035516780422181427,3,0.33362753751103263,4046.8475300264295,450.04659204177415,0.13108259630640093,0.8233515266432753,,0.014707965815527357,C100,"코어100 (SPY60/SCHD20/IEF10/GLD10, 5/25 밴드)",S2,2013–2021,미적용,기본
16170.047268578692,15253.748357072729,21672714.35407602,0.10841610289584258,0.09468148731618897,0.13667219836624,-0.20284470113870567,2022-01-04,2022-09-30,487,True,0.1317150694728083,0.5363086991097752,0.7713794396921108,0.5344783585039641,-0.13192175514466564,2022,0.047224639282817504,,2,0.42748091603053434,916.2989115059642,195.85014902417552,0.056666433702175854,0.4343018365217094,,0.047224639282817504,C100,"코어100 (SPY60/SCHD20/IEF10/GLD10, 5/25 밴드)",S3,2022–2026,미적용,기본
45162.90725470596,39041.57221390701,52183932.81652255,0.07851435326455691,0.07067315040561328,0.07981475707242303,-0.6160643619789048,2000-03-24,2002-10-09,2709,True,0.20464933705537552,0.39010250061754187,0.5469910362499831,0.12744504975479395,-0.34619340078507177,2008,-0.2554062297491433,-0.0911680863763038,19,0.9518886679920477,5974.852929051959,299.3365682149292,0.1322955782132334,0.3532528880976944,-0.012587300264903845,-0.2554062297491433,P3,P3 코어70(SPY60/SCHD20/IEF10/GLD10):위성30(TQQQ60/SGOV40),A,A 2000–2019,미적용,보정
33015.529870306695,29358.40221296937,44250714.68517206,0.19588076678206856,0.17505492980753967,0.22234016847732962,-0.3292847106969723,2020-02-19,2020-03-23,367,True,0.2233816007082873,0.782108324700743,1.0919867890818014,0.5948674822085193,-0.22744243158669053,2022,0.09132334142094112,0.15612962894316817,6,0.8978622327790974,3626.1225466749397,542.6264143480313,0.10983081479895253,0.694789870765115,,0.09132334142094112,P3,P3 코어70(SPY60/SCHD20/IEF10/GLD10):위성30(TQQQ60/SGOV40),B,B 2020–2026,미적용,보정
152519.1268578513,122050.07477229617,204421385.7275781,0.10770468642947506,0.0984791189812213,0.11489654275865435,-0.6160643619789048,2000-03-24,2002-10-09,2709,True,0.21057079093188735,0.4969775111463985,0.696065877045007,0.1748270035999308,-0.34619340078507177,2008,-0.2554062297491433,-0.0911680863763038,26,0.9757259865971706,25280.1838412908,948.712781534666,0.16575090850639393,0.4551539482912492,-0.012587300264903845,-0.2554062297491433,P3,P3 코어70(SPY60/SCHD20/IEF10/GLD10):위성30(TQQQ60/SGOV40),C,C 2000–2026,미적용,보정
13316.251014611553,12942.865932782233,14158370.728775587,0.022409175348057753,0.020169406450602168,0.017758382859409005,-0.6160643619789048,2000-03-24,2002-10-09,2709,True,0.22543452421473573,0.1157156106558385,0.1622832120812731,0.03637473084155627,-0.34619340078507177,2008,-0.2554062297491433,-0.0911680863763038,12,0.9253365973072215,373.38508182931844,28.792240092101665,0.02803980500364655,0.10595052031992522,-0.012587300264903845,-0.2554062297491433,P3,P3 코어70(SPY60/SCHD20/IEF10/GLD10):위성30(TQQQ60/SGOV40),S1,2000–2012,미적용,보정
56525.53658833643,48113.46342743538,67185687.53353079,0.21256432965695926,0.19102968048406876,0.22767856236677897,-0.3373227985641807,2020-02-19,2020-03-23,244,True,0.19124275395398033,1.0700543405430196,1.4761795852643433,0.6301510913633539,-0.05559117520169865,2018,0.06494466675236654,0.075154181119367,8,0.8896734333627537,8209.63703769967,912.9869962490365,0.14523766660525003,0.9526762980898071,,0.06367680425642086,P3,P3 코어70(SPY60/SCHD20/IEF10/GLD10):위성30(TQQQ60/SGOV40),S2,2013–2021,미적용,보정
19335.710057890632,17901.055547168882,25915652.190590814,0.15159434672429795,0.13277374955227783,0.1809511557053285,-0.28101812549858796,2022-01-03,2022-10-14,362,True,0.1996995410632436,0.6017760223778695,0.8580259722976423,0.5394468647007599,-0.2338606702937983,2022,0.0936718813141606,,4,0.8549618320610687,1434.6545107217507,306.643712215336,0.07419714644181316,0.5141039525156911,,0.0936718813141606,P3,P3 코어70(SPY60/SCHD20/IEF10/GLD10):위성30(TQQQ60/SGOV40),S3,2022–2026,미적용,보정
42857.83341927096,37298.60155227542,49520512.202630825,0.0756874052992369,0.06822614394045234,0.0769844005535798,-0.5407477982314801,2000-03-24,2002-10-09,1833,True,0.1820431917838309,0.4001014516210286,0.5619309357157521,0.1399680323188983,-0.31820962652225204,2008,-0.20956885399098923,-0.06320968756229595,19,0.9518886679920477,5517.29301072729,276.41308920542286,0.1287347625987656,0.3599744975896254,-0.00019293510946405412,-0.20956885399098923,A80,"A80 P3 구성, 코어80:위성20",A,A 2000–2019,미적용,보정
29595.878343152668,26473.570439261704,39667355.74332752,0.1764724047840016,0.15700753907386522,0.2025023877105876,-0.30841555456410386,2020-02-19,2020-03-23,368,True,0.19814064720135155,0.7720547211743324,1.0801109963493905,0.572190352180574,-0.1948947935884362,2022,0.08074671715207216,0.14262199398033637,6,0.8978622327790974,3122.3079038909614,467.233724335227,0.1054980652268204,0.6770145648330721,,0.08074671715207216,A80,"A80 P3 구성, 코어80:위성20",B,B 2020–2026,미적용,보정
129392.27058015295,106145.86718322369,173424460.258579,0.10088993175174532,0.09273864357072781,0.10803754277153721,-0.5407477982314801,2000-03-24,2002-10-09,1833,True,0.1874391439153341,0.5007521188073861,0.7025395412675682,0.18657483596180444,-0.31820962652225204,2008,-0.20956885399098923,-0.06320968756229595,26,0.9757259865971706,21202.871623437488,795.6997243642959,0.16386505568200244,0.4579047843087164,-0.00019293510946405412,-0.20956885399098923,A80,"A80 P3 구성, 코어80:위성20",C,C 2000–2026,미적용,보정
14539.541585700403,14065.650673905217,15459022.195580097,0.029361646672440456,0.026734798430425366,0.024679228390329877,-0.5407477982314801,2000-03-24,2002-10-09,1833,True,0.20160282905001345,0.13778470105823057,0.19357505156762,0.05429822695250531,-0.31820962652225204,2008,-0.20956885399098923,-0.06320968756229595,12,0.9253365973072215,473.89091179518584,36.54238365128116,0.03259324986292939,0.125102944208452,-0.00019293510946405412,-0.20956885399098923,A80,"A80 P3 구성, 코어80:위성20",S1,2000–2012,미적용,보정
46547.65231051937,40195.094760027794,55326074.05976021,0.18665544807513124,0.1674488538388592,0.20144673473095498,-0.3177305218196699,2020-02-19,2020-03-23,146,True,0.16952087792636197,1.0563516854512198,1.4594641070606862,0.5874646445866752,-0.05015663526459213,2018,0.049899506483047196,0.06262450657527996,8,0.8896734333627537,6352.557550491567,706.4627108225396,0.13647428463445713,0.9319188799864693,,0.049899506483047196,A80,"A80 P3 구성, 코어80:위성20",S2,2013–2021,미적용,보정
18354.861779509538,17089.01579636378,24601021.243076634,0.1388514124761806,0.12158922659633586,0.16788337452856505,-0.2535049567814863,2022-01-03,2022-10-14,363,True,0.1754447068979079,0.5955297060491187,0.8510128837781229,0.5477266174162676,-0.19988103191075368,2022,0.08074671715207193,,4,0.8549618320610687,1265.8459831457571,270.5625002143603,0.0689651602039785,0.5022968519242588,,0.08074671715207193,A80,"A80 P3 구성, 코어80:위성20",S3,2022–2026,미적용,보정
36387.19607479125,31832.917808616825,42043949.576578304,0.06690300136858496,0.059779604239059037,0.06818940494903258,-0.5599721356654412,2000-03-24,2002-10-09,2692,True,0.1750518612299554,0.36206454765732377,0.5093015768196906,0.11947559013642879,-0.315467975213784,2008,-0.21718636140535985,-0.07381991026344747,19,0.9518886679920477,4554.278266174432,228.16662486599543,0.1251615611385236,0.3221644295547132,-0.008672360180339345,-0.21718636140535985,A-Q1,A-Q1 위성 QLD60/SGOV40,A,A 2000–2019,미적용,보정
28006.436893785063,25068.82305910008,37537027.36874012,0.16679425028460337,0.14760607736833475,0.1926100996749025,-0.2854609547390671,2020-02-19,2020-03-23,388,True,0.18714942503316137,0.7617927214939846,1.0705032071917644,0.5842979486881698,-0.19629187661570402,2022,0.06726029437411118,0.12898515808793132,6,0.8978622327790974,2937.613834684982,439.5954194421707,0.1048906665930385,0.661412163512858,,0.06726029437411118,A-Q1,A-Q1 위성 QLD60/SGOV40,B,B 2020–2026,미적용,보정
103678.06887663723,86451.17657445064,138959715.7153569,0.09177440655929714,0.08435467485045312,0.0988628343433835,-0.5599721356654412,2000-03-24,2002-10-09,2692,True,0.1792317778488161,0.46881923220861427,0.6593016505460306,0.16389102370287995,-0.315467975213784,2008,-0.21718636140535985,-0.07381991026344747,26,0.9757259865971706,16569.69333422036,621.8261683132584,0.15981869178076644,0.4275510086646211,-0.008672360180339345,-0.21718636140535985,A-Q1,A-Q1 위성 QLD60/SGOV40,C,C 2000–2026,미적용,보정
13398.339338596765,13093.384750535584,14245650.318369625,0.022893805434987202,0.02107938592702263,0.018240808433680922,-0.5599721356654412,2000-03-24,2002-10-09,2692,True,0.19608066253833112,0.10389336582513711,0.14617174950457867,0.04088382970660034,-0.315467975213784,2008,-0.21718636140535985,-0.07381991026344747,12,0.9253365973072215,304.9545880611792,23.515470070813084,0.02276062580253455,0.09481931667095246,-0.008672360180339345,-0.21718636140535985,A-Q1,A-Q1 위성 QLD60/SGOV40,S1,2000–2012,미적용,보정
42503.20176776789,36644.89317650494,50518880.58915123,0.1747204492256731,0.15550478254452016,0.18936296987742596,-0.2936484499715071,2020-02-19,2020-03-23,146,True,0.1578268439044371,1.0582820135543216,1.4683223988111316,0.5949987110186563,-0.03877805089983066,2018,0.046609450508087846,0.059922186964091795,8,0.8896734333627537,5858.308591262945,651.4976897609276,0.1378321714037451,0.9208970971681356,,0.046609450508087846,A-Q1,A-Q1 위성 QLD60/SGOV40,S2,2013–2021,미적용,보정
17533.2247135421,16369.733740490516,23499781.083560474,0.127757989548843,0.11132768341805055,0.1565071545392669,-0.24940241574777933,2022-01-03,2022-10-14,381,True,0.16521861200505755,0.5625155500301147,0.8053833844050643,0.5122564236829392,-0.20082996512679585,2022,0.06726029437411118,,4,0.8549618320610687,1163.4909730515844,248.68509347667452,0.06635921184269894,0.4677752857909853,,0.06726029437411118,A-Q1,A-Q1 위성 QLD60/SGOV40,S3,2022–2026,미적용,보정
38421.4753682216,33266.51074948475,44394477.92896534,0.06981469148535191,0.062121008010503465,0.0711046057960032,-0.6766186840546526,2000-03-24,2002-10-09,3009,True,0.21754322038793256,0.34218609267239547,0.481885099114267,0.10318173755856963,-0.382910519529134,2008,-0.28753876817444535,-0.11544340705047784,19,0.9518886679920477,5154.9646187368535,258.26065286713464,0.134168835770438,0.30836842077654986,-0.02952768784648796,-0.28753876817444535,A-Q2,A-Q2 위성 QLD90/SGOV10,A,A 2000–2019,미적용,보정
32869.015476298046,29037.489744919887,44054341.44288227,0.1950851035855352,0.1731238590708537,0.2215269008734706,-0.3322945417646824,2020-02-19,2020-03-23,389,True,0.2303319937872846,0.7623780444397694,1.073178013773638,0.587084887249477,-0.25173165292582744,2022,0.07004484688417967,0.14436971581344382,6,0.8978622327790974,3831.5257313781585,573.3637080209596,0.11656953139168663,0.6730731500611852,,0.07004484688417967,A-Q2,A-Q2 위성 QLD90/SGOV10,B,B 2020–2026,미적용,보정
128795.32153005175,105190.28895233906,172624369.44672835,0.10069890534380943,0.09236785825014393,0.10784527611022177,-0.6766186840546526,2000-03-24,2002-10-09,3009,True,0.22192930976978434,0.45393919347266687,0.6392427364509228,0.1488266696100808,-0.382910519529134,2008,-0.28753876817444535,-0.11544340705047784,26,0.9757259865971706,21678.415759551855,813.5459078789379,0.16831679522220566,0.4180605837494258,-0.02952768784648796,-0.28753876817444535,A-Q2,A-Q2 위성 QLD90/SGOV10,C,C 2000–2026,미적용,보정
11637.417650017975,11520.824238434088,12373367.94220511,0.011839821802303252,0.011054470887393197,0.007237107784843433,-0.6766186840546526,2000-03-24,2002-10-09,3009,True,0.2444925092351491,0.08241698508415375,0.11610972199537169,0.017498514423741382,-0.382910519529134,2008,-0.28753876817444535,-0.11544340705047784,12,0.9253365973072215,116.59341158388311,8.990679228622565,0.010018838808599691,0.0792102037539618,-0.02952768784648796,-0.28753876817444535,A-Q2,A-Q2 위성 QLD90/SGOV10,S1,2000–2012,미적용,보정
56678.83491249523,48027.86881275997,67367896.3886427,0.2129296007455641,0.19079385722521236,0.22804838644453285,-0.34034380220091853,2020-02-19,2020-03-23,169,True,0.1927370566349519,1.0647941221061543,1.4798951261945188,0.6256309043050041,-0.04777379928317249,2018,0.05454415754044439,0.07126879220530347,8,0.8896734333627537,8650.966099735258,962.0668389820323,0.1526313325439951,0.9425705161001793,,0.05454415754044439,A-Q2,A-Q2 위성 QLD90/SGOV10,S2,2013–2021,미적용,보정
18671.1893150801,17245.927080736925,25024995.03900186,0.14301835274722463,0.12378251489545855,0.17215653976495404,-0.30583053143676486,2022-01-03,2022-10-14,384,True,0.20446854683042345,0.5557246465581769,0.7958737786324559,0.4676392251464791,-0.2574501966749513,2022,0.07004484688417922,,4,0.8549618320610687,1425.2622343431765,304.6362027603736,0.07633483921626992,0.4684087416896154,,0.07004484688417922,A-Q2,A-Q2 위성 QLD90/SGOV10,S3,2022–2026,미적용,보정
37654.93588917594,32568.474962226137,43508772.22250723,0.06873512076612687,0.06099317945653815,0.07002373339927148,-0.7398354152517252,2000-03-24,2002-10-09,3357,True,0.2510877202883841,0.3237453103353142,0.4554579859476832,0.09290596171682332,-0.4309932793779445,2008,-0.3361712118929403,-0.14775220734643335,19,0.9518886679920477,5030.266467442741,252.01334985995442,0.13358850171057415,0.294662161309535,-0.05095718043950448,-0.3361712118929403,C,C 코어70=B-opt:위성30(TQQQ60/SGOV40),A,A 2000–2019,미적용,보정
35991.10402602729,31726.972474209353,48238876.72608438,0.21142369203346556,0.18877755160269438,0.23822698796481578,-0.36418412641176723,2020-02-19,2020-03-23,386,True,0.26348281364048237,0.7493438590870808,1.0495269204671258,0.5805406570477977,-0.28466781699735644,2022,0.08306972750078945,0.15390819378464782,6,0.8978622327790974,4244.109075013904,635.1042083750021,0.11792105826886383,0.671643748087236,,0.08231935111082733,C,C 코어70=B-opt:위성30(TQQQ60/SGOV40),B,B 2020–2026,미적용,보정
139517.36315933516,112330.9882694367,186995121.8424569,0.1040069584405432,0.09506363451086464,0.11117480699150639,-0.7398354152517252,2000-03-24,2002-10-09,3357,True,0.25405099706426326,0.4385011243539057,0.6162800713675081,0.1405812107617954,-0.4309932793779445,2008,-0.3361712118929403,-0.14775220734643335,26,0.9757259865971706,23564.572893871464,884.3294667543722,0.16890064691775783,0.4056084044449223,-0.05095718043950448,-0.3361712118929403,C,C 코어70=B-opt:위성30(TQQQ60/SGOV40),C,C 2000–2026,미적용,보정
9373.16037435557,9373.16037435557,9965919.036429817,-0.004902657126751531,-0.004902657126751531,-0.009429212012307842,-0.7398354152517252,2000-03-24,2002-10-09,3211,False,0.2806453436096531,0.046109606579519555,0.06490822000685469,-0.006626686186796595,-0.4309932793779445,2008,-0.3361712118929403,-0.14775220734643335,12,0.9253365973072215,0.0,0.0,0.0,0.046109606579519555,-0.05095718043950448,-0.3361712118929403,C,C 코어70=B-opt:위성30(TQQQ60/SGOV40),S1,2000–2012,미적용,보정
72267.93957877171,60370.67184643222,85896950.30393226,0.2461517067112433,0.22147137256645677,0.2616845955042868,-0.3636110074359393,2020-02-19,2020-03-23,252,True,0.2203960050364601,1.0800314873536223,1.4958756214945466,0.6769643978795392,-0.05031651954375793,2018,0.07513472711349789,0.08696605535865687,8,0.8896734333627537,11591.332877944013,1289.0626148463773,0.16039384747242608,0.9677677374560308,,0.07367363589103171,C,C 코어70=B-opt:위성30(TQQQ60/SGOV40),S2,2013–2021,미적용,보정
19455.796976726844,17941.93175403988,26076604.687906988,0.1531193265132036,0.13332612243723685,0.18251501076354248,-0.3229823199876184,2022-01-03,2022-10-14,380,True,0.23580219452740467,0.548506692267094,0.7818446735512564,0.4740795920936894,-0.28645901299403154,2022,0.08224735136900829,,4,0.8549618320610687,1513.8652226869635,323.57424607049603,0.07781049650640677,0.47217282338327654,,0.08224735136900829,C,C 코어70=B-opt:위성30(TQQQ60/SGOV40),S3,2022–2026,미적용,보정
30958.836055139946,26809.88761769174,35771696.708272,0.05830235851320653,0.05070081893100875,0.0595783919871411,-0.6133543642359991,2000-03-24,2002-10-09,3132,True,0.20392997976250776,0.29782372075837826,0.42212247141112647,0.09505493384045385,-0.3829578404632945,2008,-0.2374650202408477,-0.08709014848995156,19,0.9518886679920477,4148.94843744821,207.85984219422446,0.13401500075967424,0.2620807440551882,-0.03248979683405018,-0.2374650202408477,B-opt,B-opt SCHD:SPY:QQQ=15%:55%:30%,A,A 2000–2019,미적용,보정
27721.627406523756,24433.401560212154,37155297.21296379,0.16501090719839184,0.14320551344635302,0.19078729931804217,-0.3176921976533693,2020-02-19,2020-03-23,490,True,0.20445848755383367,0.7063527795695874,0.999268204208422,0.5194049725402244,-0.2022942111057896,2022,0.04882596781987747,0.1190569512360975,6,0.8978622327790974,3288.2258463115977,492.062300041878,0.11861590223731874,0.6036050485864278,,0.04882596781987747,B-opt,B-opt SCHD:SPY:QQQ=15%:55%:30%,B,B 2020–2026,미적용,보정
86910.37502705322,71668.09396846041,116485975.64875942,0.08457027432254693,0.07675002980608481,0.09161192873403867,-0.6133543642359991,2000-03-24,2002-10-09,3132,True,0.20405906878710348,0.40255160659056427,0.5703089793237799,0.13788158893739771,-0.3829578404632945,2008,-0.2374650202408477,-0.08709014848995156,26,0.9757259865971706,15215.578682410955,571.0090585208579,0.17507206334887743,0.36518816177363833,-0.03248979683405018,-0.2374650202408477,B-opt,B-opt SCHD:SPY:QQQ=15%:55%:30%,C,C 2000–2026,미적용,보정
10924.061265260567,10924.061265260567,11614898.899675645,0.006916193712702023,0.006916193712702023,0.002335876572234552,-0.6133543642359991,2000-03-24,2002-10-09,3132,True,0.23331761555976563,0.0539304021558214,0.07651352996611088,0.01127601614332183,-0.3829578404632945,2008,-0.2374650202408477,-0.08709014848995156,12,0.9253365973072215,0.0,0.0,0.0,0.0539304021558214,-0.03248979683405018,-0.2374650202408477,B-opt,B-opt SCHD:SPY:QQQ=15%:55%:30%,S1,2000–2012,미적용,보정
44880.58700159095,37865.2008481557,53344616.90422099,0.1818521977081129,0.1597220074149126,0.19658361335995367,-0.3176921976533693,2020-02-19,2020-03-23,144,True,0.1678390196118503,1.0409796146891885,1.4542493047616643,0.5724163169613941,-0.033773062858278746,2018,0.03162631162977769,0.05347762636206577,8,0.8896734333627537,7015.386153435257,780.1753356865335,0.15631226376755214,0.8935996208450194,,0.03162631162977769,B-opt,B-opt SCHD:SPY:QQQ=15%:55%:30%,S2,2013–2021,미적용,보정
17090.76419234626,15951.89648636667,22906751.247001693,0.12161375254676243,0.10520280551002203,0.1502062866953302,-0.25971760297474145,2022-01-03,2022-10-12,485,True,0.17867888367931892,0.5023395072940793,0.7218189261314869,0.46825379240308884,-0.20706224471642842,2022,0.0488259678198768,,4,0.8549618320610687,1138.8677059795941,243.42210509487506,0.06663644136460627,0.4158654959144848,,0.0488259678198768,B-opt,B-opt SCHD:SPY:QQQ=15%:55%:30%,S3,2022–2026,미적용,보정
29770.71304022104,25858.844485005728,34398868.0894538,0.05622952974990025,0.04880130136785321,0.0575030639391394,-0.6886454752227977,2000-03-24,2002-10-09,3305,True,0.21882705256931007,0.2829046883395851,0.40192923838000194,0.08165236217040167,-0.39285586181960785,2008,-0.2838202011832984,-0.12069606989380632,19,0.9518886679920477,3911.868555215312,195.98228149388842,0.13139989458533533,0.2505658128431856,-0.04366536086483497,-0.2838202011832984,B1,B1 SCHD:SPY:QQQ=2:3:5,A,A 2000–2019,미적용,보정
29372.697867166957,25793.55644831188,39368226.95136387,0.17514053465239887,0.15251084796525016,0.20114104935121757,-0.30544761134684495,2020-02-19,2020-03-23,485,True,0.21029090333461722,0.7337102494358715,1.040563844661075,0.5733897668412982,-0.22351083211525125,2022,0.05100161672251757,0.12156396605151154,6,0.8978622327790974,3579.141418855075,535.5959842942274,0.12185266178275944,0.630461541773381,,0.05100161672251757,B1,B1 SCHD:SPY:QQQ=2:3:5,B,B 2020–2026,미적용,보정
88655.57416871664,73205.35929522812,118825066.05833091,0.08537978624550524,0.07760795355743744,0.09242669647429036,-0.6886454752227977,2000-03-24,2002-10-09,3305,True,0.2167163967329203,0.39471439467388214,0.5605738160043556,0.12398220756170987,-0.39285586181960785,2008,-0.2838202011832984,-0.12069606989380632,26,0.9757259865971706,15373.399113423631,576.931731434513,0.17340589418739955,0.36015441004436793,-0.04366536086483497,-0.2838202011832984,B1,B1 SCHD:SPY:QQQ=2:3:5,C,C 2000–2026,미적용,보정
9896.28618581529,9896.28618581529,10522127.32420625,-0.0007265907822335826,-0.0007265907822335826,-0.005272141993777013,-0.6886454752227977,2000-03-24,2002-10-09,3211,False,0.2516964141298134,0.03733075343559864,0.05309022301015475,-0.0010551013669239727,-0.39285586181960785,2008,-0.2838202011832984,-0.12069606989380632,12,0.9253365973072215,0.0,0.0,0.0,0.03733075343559864,-0.04366536086483497,-0.2838202011832984,B1,B1 SCHD:SPY:QQQ=2:3:5,S1,2000–2012,미적용,보정
49702.18894639222,41684.345115725475,59075524.75979233,0.19534046863341348,0.17218176208754166,0.21024001133685233,-0.30544761134684495,2020-02-19,2020-03-23,169,True,0.17230783966959742,1.0842960802314237,1.519907679482458,0.639522004353141,-0.02536293217298291,2018,0.0505257181297496,0.06787714857355942,8,0.8896734333627537,8017.843830666753,891.657831124458,0.16131772062020525,0.9337781609658176,,0.0505257181297496,B1,B1 SCHD:SPY:QQQ=2:3:5,S2,2013–2021,미적용,보정
17352.156773380193,16158.988734290198,23257095.723361474,0.12525849087562269,0.10825403662584088,0.15394393785170712,-0.27442418459025686,2022-01-03,2022-10-12,480,True,0.1860161921952696,0.5071779511141012,0.7285135296161395,0.45644115172518895,-0.22850182205785052,2022,0.05100161672251757,,4,0.8549618320610687,1193.1680390899926,255.0282831642732,0.06876194438955406,0.42149427078711493,,0.05100161672251757,B1,B1 SCHD:SPY:QQQ=2:3:5,S3,2022–2026,미적용,보정
29248.982973866892,25435.96727871703,33796029.86698424,0.055294363688643156,0.047935283047754185,0.056566770314300685,-0.7218640624868493,2000-03-24,2002-10-09,3411,True,0.22832993077470115,0.27651319171878397,0.3932044046900165,0.07659941332742339,-0.3977751692505316,2008,-0.306986230482445,-0.137771203828987,19,0.9518886679920477,3813.015695149862,191.0298121625776,0.13036404371928692,0.24590557001181784,-0.04972198799819694,-0.306986230482445,B2,B2 SCHD:SPY:QQQ=1:3:6,A,A 2000–2019,미적용,보정
30443.705633606307,26577.54107486121,40803698.66072253,0.18145535892534026,0.1576863811913991,0.20759559196123223,-0.30066087385938833,2020-02-19,2020-03-23,490,True,0.22027921622273158,0.7345516290623422,1.0427770826253304,0.6035216907212292,-0.25295456984857234,2022,0.053539281079543644,0.1239418197979647,6,0.8978622327790974,3866.1645587450985,578.547190501048,0.126993888499477,0.6321050919670371,,0.053539281079543644,B2,B2 SCHD:SPY:QQQ=1:3:6,B,B 2020–2026,미적용,보정
90400.39525884122,74346.08200088365,121163649.76542488,0.0861739332945608,0.07823343812692962,0.09322599958303468,-0.7218640624868493,2000-03-24,2002-10-09,3411,True,0.22633854367105985,0.3905516026691552,0.5551781907419993,0.11937695443334345,-0.3977751692505316,2008,-0.306986230482445,-0.137771203828987,26,0.9757259865971706,16005.231224059458,600.6430779542791,0.1770482438515017,0.35697580435704906,-0.04972198799819694,-0.306986230482445,B2,B2 SCHD:SPY:QQQ=1:3:6,C,C 2000–2026,미적용,보정
9402.708034657455,9402.708034657455,9997335.290769191,-0.004661116504235174,-0.004661116504235174,-0.009188770123390477,-0.7218640624868493,2000-03-24,2002-10-09,3211,False,0.2628877036231673,0.03162718733632826,0.04502725777390748,-0.006457055762240677,-0.3977751692505316,2008,-0.306986230482445,-0.137771203828987,12,0.9253365973072215,0.0,0.0,0.0,0.03162718733632826,-0.04972198799819694,-0.306986230482445,B2,B2 SCHD:SPY:QQQ=1:3:6,S1,2000–2012,미적용,보정
52538.31203263643,43880.102331207745,62446512.29887133,0.20274021076818882,0.17889283866566408,0.21773198892823964,-0.3006608738593882,2020-02-19,2020-03-23,151,True,0.17728762733955986,1.0936078185623486,1.5333678135948263,0.6743152448329724,-0.01994042359753978,2018,0.061011601710823316,0.07560058255392788,8,0.8896734333627537,8658.209701428683,962.8723939805949,0.16479801817862486,0.9437707591916675,,0.061011601710823316,B2,B2 SCHD:SPY:QQQ=1:3:6,S2,2013–2021,미적용,보정
17582.523226083962,16325.918484051468,23565855.879920334,0.12843499964620753,0.11069122492432304,0.15720142319313912,-0.2951668159138836,2022-01-03,2022-10-14,485,True,0.19888039172134658,0.5009632586124599,0.7196867744509631,0.4351268256512923,-0.25849008333495127,2022,0.05353928107954298,,4,0.8549618320610687,1256.6047420324924,268.58727310618156,0.07146896528299752,0.4180492757752268,,0.05353928107954298,B2,B2 SCHD:SPY:QQQ=1:3:6,S3,2022–2026,미적용,보정
30177.83276537931,26194.54388193692,34869278.647085175,0.056948513039960735,0.0494792607503487,0.05822291413338654,-0.6525405063471998,2000-03-24,2002-10-09,3268,True,0.21027882507821058,0.288960111886416,0.41009743421793216,0.08727199688912478,-0.38791701382499333,2008,-0.2606944937466237,-0.10380750951104989,19,0.9518886679920477,3983.2888834423943,199.560397341448,0.13199386829434992,0.2550065681515455,-0.03792537323261913,-0.2606944937466237,B3,B3 SCHD:SPY:QQQ=3:3:4,A,A 2000–2019,미적용,보정
28233.652012591614,24924.614136237637,37841563.79247654,0.16820593889541824,0.14661576049965186,0.1940530225333612,-0.31031116258758895,2020-02-19,2020-03-23,485,True,0.20164541647111642,0.7269568226052807,1.029894880796983,0.5420557143120501,-0.19412346660150748,2022,0.04743163843102649,0.1184311479617064,6,0.8978622327790974,3309.037876353976,495.1766893356306,0.11720190766955033,0.6232728512968001,,0.04743163843102649,B3,B3 SCHD:SPY:QQQ=3:3:4,B,B 2020–2026,미적용,보정
86264.08602338814,71446.70876901936,115619754.49714711,0.0842665172972723,0.07662502158543205,0.09130619954333818,-0.6525405063471998,2000-03-24,2002-10-09,3268,True,0.20814331761807936,0.3973208575839712,0.5636715930187564,0.12913607121338805,-0.38791701382499333,2008,-0.2606944937466237,-0.10380750951104989,26,0.9757259865971706,14736.628454488544,553.0350514566065,0.1708315607782955,0.3617009159762458,-0.03792537323261913,-0.2606944937466237,B3,B3 SCHD:SPY:QQQ=3:3:4,C,C 2000–2026,미적용,보정
10376.85591230498,10376.85591230498,11033088.280199148,0.002933937523784902,0.002933937523784902,-0.0016282649052559162,-0.6525405063471998,2000-03-24,2002-10-09,3211,False,0.24166553179846786,0.04382759975310622,0.06225321878902521,0.004496176858366291,-0.38791701382499333,2008,-0.2606944937466237,-0.10380750951104989,12,0.9253365973072215,0.0,0.0,0.0,0.04382759975310622,-0.03792537323261913,-0.2606944937466237,B3,B3 SCHD:SPY:QQQ=3:3:4,S1,2000–2012,미적용,보정
46975.5662744892,39549.9620812739,55834688.31819512,0.18786369672426284,0.16535004654837837,0.20267004381919707,-0.31031116258758895,2020-02-19,2020-03-23,125,True,0.1680070177567336,1.070301853790642,1.5000719853599678,0.6054042502297549,-0.030794556659963335,2018,0.039290458138553586,0.06009703305038849,8,0.8896734333627537,7425.604193215306,825.7953471713403,0.1580737558292702,0.9197525655102546,,0.039290458138553586,B3,B3 SCHD:SPY:QQQ=3:3:4,S2,2013–2021,미적용,보정
17070.469949115173,15949.983828101884,22879550.872799065,0.12132894973480601,0.10517448022782672,0.14991422359960138,-0.2548940789475892,2022-01-03,2022-10-12,480,True,0.1743789782187763,0.508958152777945,0.7306221062754852,0.4759975211497691,-0.19851356078074922,2022,0.04743163843102671,,4,0.8549618320610687,1120.4861210132904,239.49321670513075,0.06563885612717824,0.42139069081570746,,0.04743163843102671,B3,B3 SCHD:SPY:QQQ=3:3:4,S3,2022–2026,미적용,보정
32128.451739747157,27736.19325707721,37123140.847208254,0.06027036669666619,0.05249036842523047,0.0615487730693276,-0.5518942975192181,2007-10-09,2009-03-09,1656,True,0.18969251277828053,0.31529123712241003,0.4450919297356216,0.1092063588400593,-0.36794991772171604,2008,-0.1731175649833261,-0.08403612134934735,0,0.0,4392.258482669946,220.0495303444983,0.13670931043453113,0.27562705866970555,-0.017911010749722234,-0.1731175649833261,SPY,SPY 100%,A,A 2000–2019,미적용,보정
25413.00528045304,22432.500009225652,34061050.977391206,0.1499502228009637,0.12868198335958492,0.17539339048106606,-0.33717267690003394,2020-02-19,2020-03-23,488,True,0.20090757261925973,0.6504445385756211,0.9168586428651497,0.444728274484179,-0.18175379299050898,2022,0.04625547911410943,0.11576963016533903,0,0.0,2980.5052712273864,446.01385293901507,0.11728267626497156,0.5484945603183286,,0.04625547911410943,SPY,SPY 100%,B,B 2020–2026,미적용,보정
82576.60602952776,67020.10859350393,110677425.06137605,0.08249034038561431,0.07404394740984777,0.08951849066894657,-0.5518942975192181,2007-10-09,2009-03-09,1656,True,0.19255894077708272,0.4048477776285464,0.5712933337911248,0.1494676439970678,-0.36794991772171604,2008,-0.1731175649833261,-0.08403612134934735,0,0.0,15556.497436023825,583.8030311061808,0.1883886754859013,0.3615752161943497,-0.017911010749722234,-0.1731175649833261,SPY,SPY 100%,C,C 2000–2026,미적용,보정
12385.043816724692,12377.620960838194,13168273.987694362,0.01670961498340562,0.016662613772812307,0.012084748976220139,-0.5518942975192181,2007-10-09,2009-03-09,1656,True,0.21568526750239547,0.08497161846695003,0.12008081003868529,0.03027683934861413,-0.36794991772171604,2008,-0.1731175649833261,-0.08403612134934735,0,0.0,7.422855886497445,0.5723866840261188,0.0005993403007968097,0.08475527967504153,-0.017911010749722234,-0.1731175649833261,SPY,SPY 100%,S1,2000–2012,미적용,보정
38451.14955155546,32654.629804623106,45702651.8454833,0.16170420047443357,0.14078459742578953,0.1761844776824173,-0.33717267690003383,2020-02-19,2020-03-23,187,True,0.16427599997761771,0.955237855717517,1.3266154884412105,0.4795886842348623,-0.045690154773978975,2018,0.003717947267176225,0.032063453049469004,0,0.0,5796.519746932355,644.6262031010385,0.15075023281580585,0.8145401559786385,,0.003717947267176225,SPY,SPY 100%,S2,2013–2021,미적용,보정
16742.29434896676,15669.345482666355,22439697.11592015,0.11668606014581795,0.10098915031647926,0.14515297599403265,-0.2449638194524133,2022-01-03,2022-10-12,488,True,0.17379620523982028,0.48610747697353623,0.6991307480476762,0.47633997708990405,-0.18646396226812967,2022,0.04625547911411032,,0,0.0,1072.9488663004047,229.33258211001015,0.06408613084541911,0.40092027767973615,,0.04625547911411032,SPY,SPY 100%,S3,2022–2026,미적용,보정
25584.0705413726,22631.57592234506,29561370.147734385,0.04824013237814828,0.04182013522076211,0.04950403346168675,-0.8296390365521672,2000-03-27,2002-10-09,3747,True,0.2733884363939816,0.2475436488170352,0.3529790828101453,0.05814592883505786,-0.41727144319191967,2008,-0.40158387933106754,-0.20831968052088456,0,0.0,2952.4946190275427,147.9182194820956,0.11540363032743342,0.22538617941278763,-0.08181452276743972,-0.40158387933106754,QQQ,QQQ 100%,A,A 2000–2019,미적용,보정
33798.62868947713,28973.286268264445,45300302.0325062,0.20008325257159476,0.17273534170106952,0.22663563616163374,-0.351187288893523,2021-12-27,2022-11-03,493,True,0.24867407228099012,0.7403976684303976,1.0542089915325852,0.5697337543223505,-0.3257699672328831,2022,0.054783787077568036,0.12643315155096113,0,0.0,4825.342421212686,722.0821200389529,0.14276740235662308,0.6386584209601781,,0.054783787077568036,QQQ,QQQ 100%,B,B 2020–2026,미적용,보정
88090.49661154937,71320.94324748078,118067692.60845962,0.08511936649812823,0.07655384018590405,0.0921645859320368,-0.8296390365521672,2000-03-27,2002-10-09,3747,True,0.2674080938434931,0.36469296807725504,0.5198979468075889,0.10259807307509207,-0.41727144319191967,2008,-0.40158387933106754,-0.20831968052088456,0,0.0,16769.55336406858,629.3265000365275,0.1903673382387307,0.33479591177716034,-0.08181452276743972,-0.40158387933106754,QQQ,QQQ 100%,C,C 2000–2026,미적용,보정
7280.533652544446,7280.533652544446,7740954.600731357,-0.024101417749661902,-0.024101417749661902,-0.028540640230688474,-0.8296390365521672,2000-03-27,2002-10-09,3210,False,0.31789743255845515,0.014065023538663374,0.02008384835479081,-0.029050486642749025,-0.41727144319191967,2008,-0.40158387933106754,-0.20831968052088456,0,0.0,0.0,0.0,0.0,0.014065023538663374,-0.08181452276743972,-0.40158387933106754,QQQ,QQQ 100%,S1,2000–2012,미적용,보정
64274.38646446522,52796.75459669272,76395893.00779872,0.23001245592847308,0.20339673824228477,0.24534417404040143,-0.28559364257071296,2020-02-19,2020-03-16,163,True,0.19455130161052583,1.1284520269430014,1.5877244151915069,0.8053836698116347,-0.001262214739360945,2018,0.0972303573593789,0.10476236959993335,0,0.0,11477.631867772501,1276.4180188343646,0.17857240650780903,0.9789795606376799,,0.0972303573593789,QQQ,QQQ 100%,S2,2013–2021,미적용,보정
17998.71387948207,16649.352716468296,24123676.21266982,0.13409179736367638,0.1153581672214068,0.1630024257953473,-0.34827981466876734,2022-01-03,2022-11-03,487,True,0.23256365623803088,0.4810908303325998,0.6900936521367566,0.385011682319875,-0.33219879418801934,2022,0.054783787077568036,,0,0.0,1349.3611630137732,288.4130730105775,0.07496986573868478,0.40756183863019546,,0.054783787077568036,QQQ,QQQ 100%,S3,2022–2026,미적용,보정
36208.86698501986,31399.676679503078,41837897.446511045,0.06664043201251557,0.05905228594271783,0.06792651900358315,-0.42592873763509775,2007-10-12,2009-03-09,1341,True,0.14325218653328162,0.40541773702866063,0.5723145865391894,0.15645911187520728,-0.2615542937183303,2008,-0.11577177825095986,-0.03698518512155757,7,0.3506958250497018,4809.190305516772,240.93756600203315,0.13281802790201652,0.3515041456819217,0.014186238710450771,-0.11577177825095986,C100,"코어100 (SPY60/SCHD20/IEF10/GLD10, 5/25 밴드)",A,A 2000–2019,미적용,보정
23128.925640450776,20774.81988169877,30999699.035896175,0.13385763643008453,0.11578985973744715,0.15894474837375383,-0.26491938810021287,2020-02-19,2020-03-23,487,True,0.15296973268344213,0.7064491908894205,0.9955844095628326,0.5052768594628086,-0.13056726975676092,2022,0.04722463928281795,0.11046824724993054,3,0.4489311163895487,2354.105758752008,352.27710879186816,0.10178188971453354,0.5858755044559624,,0.04722463928281795,C100,"코어100 (SPY60/SCHD20/IEF10/GLD10, 5/25 밴드)",B,B 2020–2026,미적용,보정
84927.9587160645,69924.37844354208,113828943.06714125,0.08363152794255502,0.07575518318269925,0.0906670874722817,-0.42592873763509775,2007-10-12,2009-03-09,1341,True,0.14728160280322417,0.4842245863602829,0.6831467535054042,0.19635098680334628,-0.2615542937183303,2008,-0.11577177825095986,-0.03698518512155757,10,0.3752792256142964,14970.407689032321,561.8083004670358,0.17627184163323828,0.4274360464987147,0.014186238710450771,-0.11577177825095986,C100,"코어100 (SPY60/SCHD20/IEF10/GLD10, 5/25 밴드)",C,C 2000–2026,미적용,보정
16538.281953818157,15871.092080926941,17584162.904577617,0.03963661999622459,0.0363406679028806,0.0349074623362724,-0.42592873763509775,2007-10-12,2009-03-09,1341,True,0.16191462425687314,0.18835892472885937,0.26609731258649244,0.09305927610402782,-0.2615542937183303,2008,-0.11577177825095986,-0.03698518512155757,5,0.38555691554467564,667.1898728912146,51.447933894916176,0.04034215130412515,0.16874587361673588,0.014186238710450771,-0.11577177825095986,C100,"코어100 (SPY60/SCHD20/IEF10/GLD10, 5/25 밴드)",S1,2000–2012,미적용,보정
30872.50057640807,26825.65304638164,36694745.46011287,0.13368696251649048,0.11611000402136207,0.1478180136718632,-0.27689842745513393,2020-02-19,2020-03-23,216,True,0.12963461668965687,0.982543129074983,1.365491367896312,0.4828014508610811,-0.040380287161552286,2018,0.014707965815527357,0.035516780422181427,3,0.33362753751103263,4046.8475300264295,450.04659204177415,0.13108259630640093,0.8233515266432753,,0.014707965815527357,C100,"코어100 (SPY60/SCHD20/IEF10/GLD10, 5/25 밴드)",S2,2013–2021,미적용,보정
16170.047268578692,15253.748357072729,21672714.35407602,0.10841610289584258,0.09468148731618897,0.13667219836624,-0.20284470113870567,2022-01-04,2022-09-30,487,True,0.1317150694728083,0.5363086991097752,0.7713794396921108,0.5344783585039641,-0.13192175514466564,2022,0.047224639282817504,,2,0.42748091603053434,916.2989115059642,195.85014902417552,0.056666433702175854,0.4343018365217094,,0.047224639282817504,C100,"코어100 (SPY60/SCHD20/IEF10/GLD10, 5/25 밴드)",S3,2022–2026,미적용,보정
44218.50963700471,38263.92989305824,51092719.14517347,0.07737309900855394,0.06959449000319529,0.07867212676484003,-0.6189851356158812,2000-03-24,2002-10-09,2711,True,0.2049162418192865,0.3846943417798031,0.5393508325436311,0.12499993062283932,-0.34793740394375483,2008,-0.25731449036264464,-0.09185543235996585,19,0.9518886679920477,5814.575889368193,291.3067841194403,0.13149642394329378,0.348202968584914,-0.01274136634876577,-0.25731449036264464,P3,P3 코어70(SPY60/SCHD20/IEF10/GLD10):위성30(TQQQ60/SGOV40),A,A 2000–2019,적용,기본
32469.557898593706,28930.89063661044,43518948.45148514,0.19290038027631007,0.17247838959868478,0.21929383957500992,-0.32940650959155904,2020-02-19,2020-03-23,368,True,0.22347041791316002,0.7707115036819483,1.0755698901440778,0.5855997822128439,-0.2294668936361699,2022,0.08907857584053414,0.1530249749902508,6,0.8978622327790974,3509.7976793915614,525.2191301702336,0.10809502520339442,0.6851988140043294,,0.08907857584053414,P3,P3 코어70(SPY60/SCHD20/IEF10/GLD10):위성30(TQQQ60/SGOV40),B,B 2020–2026,적용,기본
146996.52618780622,117862.68961467326,197019444.04951668,0.10617260678892637,0.09704089832040674,0.11335451597533841,-0.6189851356158812,2000-03-24,2002-10-09,2711,True,0.21002620089246887,0.4911235829192041,0.687717547822835,0.1715269086119268,-0.34793740394375483,2008,-0.25731449036264464,-0.09185543235996585,26,0.9757259865971706,24176.071140531778,907.2777256014905,0.16446695556358837,0.4496390985793361,-0.01274136634876577,-0.25731449036264464,P3,P3 코어70(SPY60/SCHD20/IEF10/GLD10):위성30(TQQQ60/SGOV40),C,C 2000–2026,적용,기본
13225.989904734297,12885.37099223688,14062401.506309694,0.02187310213907745,0.019819234123148677,0.017224748170459492,-0.6189851356158812,2000-03-24,2002-10-09,2711,True,0.22599248831094834,0.11366743231631801,0.15939484748761812,0.03533703942230217,-0.34793740394375483,2008,-0.25731449036264464,-0.09185543235996585,12,0.9253365973072215,340.61891249741916,26.26559545573734,0.02575375566977359,0.10472493921542547,-0.01274136634876577,-0.25731449036264464,P3,P3 코어70(SPY60/SCHD20/IEF10/GLD10):위성30(TQQQ60/SGOV40),S1,2000–2012,적용,기본
55626.09722033573,47381.68252907366,66116622.89511884,0.21040328506427852,0.18900138404195777,0.22549058103344777,-0.3330741633429585,2020-02-19,2020-03-23,244,True,0.19007021943870606,1.0660692934086748,1.4706635348030304,0.6317010090261228,-0.05729229452704887,2018,0.06497728731262442,0.07435362735139073,8,0.8896734333627537,8051.080457956518,895.3540491637434,0.1447356701309833,0.9484858732360223,,0.06377427987536066,P3,P3 코어70(SPY60/SCHD20/IEF10/GLD10):위성30(TQQQ60/SGOV40),S2,2013–2021,적용,기본
19083.394021188993,17701.45613660691,25577473.006599605,0.14836577364300174,0.13006216745274757,0.17764027881323408,-0.282304132081,2022-01-03,2022-10-14,362,True,0.19979119831570738,0.5875258924255061,0.8371501053977051,0.5255529649861163,-0.23587285898727006,2022,0.09034359152206628,,4,0.8549618320610687,1381.9378845820818,295.37603639922355,0.07241572872454792,0.5023639941155141,,0.09034359152206628,P3,P3 코어70(SPY60/SCHD20/IEF10/GLD10):위성30(TQQQ60/SGOV40),S3,2022–2026,적용,기본
41476.082023835224,36149.395765550966,47923953.73526065,0.07392275490329347,0.06655259419811244,0.0752176224547576,-0.5440896552839032,2000-03-24,2002-10-09,1885,True,0.1821637643817362,0.3909440134790671,0.5489316256271551,0.1358650255254733,-0.3202287263981277,2008,-0.21162030654665342,-0.06450282861513446,19,0.9518886679920477,5290.82405891119,265.0671297903817,0.12756325575474298,0.3513774880240997,-0.001163694143419769,-0.21162030654665342,A80,"A80 P3 구성, 코어80:위성20",A,A 2000–2019,적용,기본
29093.782820413457,26078.068835245387,38994397.11420015,0.17346390731337702,0.15440434951427262,0.19942732587561673,-0.3085411707786099,2020-02-19,2020-03-23,385,True,0.1982039080225354,0.7589441330206421,1.0612010805600933,0.5622066801511039,-0.1970641256876834,2022,0.07753617179214589,0.13953480604626933,6,0.8978622327790974,3015.7139851680695,451.28261535769207,0.10365492874484902,0.666083982650999,,0.07753617179214589,A80,"A80 P3 구성, 코어80:위성20",B,B 2020–2026,적용,기본
123175.5840391598,101223.96923583945,165092235.28768587,0.09885759411061223,0.09079336159505269,0.10599201002478931,-0.5440896552839032,2000-03-24,2002-10-09,1885,True,0.18665894246274378,0.49215556992773474,0.6902488322106576,0.18169357412066373,-0.3202287263981277,2008,-0.21162030654665342,-0.06450282861513446,26,0.9757259865971706,19901.566194577557,746.8644350012725,0.16157070696941433,0.4497046371910905,-0.001163694143419769,-0.21162030654665342,A80,"A80 P3 구성, 코어80:위성20",C,C 2000–2026,적용,기본
14301.345438798066,13888.559634895293,15205762.524347655,0.02805133109941549,0.025732147415402862,0.023374873254644157,-0.5440896552839032,2000-03-24,2002-10-09,1885,True,0.20199169239752351,0.1316034036613022,0.18483619230911244,0.05155644998392489,-0.3202287263981277,2008,-0.21162030654665342,-0.06450282861513446,12,0.9253365973072215,412.7858039027735,31.83048426667654,0.028863424470744446,0.12040660754783607,-0.001163694143419769,-0.21162030654665342,A80,"A80 P3 구성, 코어80:위성20",S1,2000–2012,적용,기본
45705.98783925298,39491.35425218011,54325680.0858577,0.18424985465261945,0.1651578733723993,0.19901115634360167,-0.3127928263481349,2020-02-19,2020-03-23,146,True,0.16810841715377708,1.0517115060296038,1.4530762546258476,0.5890475712110848,-0.051909436175453516,2018,0.04999113857537907,0.061756161207218385,8,0.8896734333627537,6214.633587072873,691.124300062826,0.1359697904119174,0.9267236045378713,,0.04999113857537907,A80,"A80 P3 구성, 코어80:위성20",S2,2013–2021,적용,기본
18118.278624205395,16903.004512925843,24283928.84002249,0.13569787090114582,0.11896857470242717,0.1646494418697293,-0.2549224235090579,2022-01-03,2022-10-14,363,True,0.1755115033254312,0.5795561850411017,0.8275817278883086,0.5323104536401216,-0.20203941903943012,2022,0.07753617179214611,,4,0.8549618320610687,1215.2741112795547,259.75324515898876,0.06707447967247786,0.4893687290324797,,0.07753617179214611,A80,"A80 P3 구성, 코어80:위성20",S3,2022–2026,적용,기본
34848.18110403588,30534.690546563692,40265679.3384693,0.06459555227314429,0.0575711948362414,0.06587917367866658,-0.5628429607563434,2000-03-24,2002-10-09,2709,True,0.17505593688210094,0.34969228139544917,0.4916919390629986,0.11476656328141929,-0.3174812084437415,2008,-0.2190096468195285,-0.07527854602105633,19,0.9518886679920477,4313.49055747219,216.10330427097256,0.1237795035727885,0.3104216695329236,-0.010869027825789024,-0.2190096468195285,A-Q1,A-Q1 위성 QLD60/SGOV40,A,A 2000–2019,적용,기본
27574.809362441676,24731.280112051827,36958516.988480575,0.16408550781568798,0.14528041692040294,0.18984142505634072,-0.2855761377255882,2020-02-19,2020-03-23,389,True,0.18721597621097769,0.7491652966722545,1.0522406912828415,0.5745770957003372,-0.1983144004110058,2022,0.06437827952619668,0.12620477672948893,6,0.8978622327790974,2843.5292503898463,425.5162536212834,0.10312054067227319,0.6510261445366096,,0.06437827952619668,A-Q1,A-Q1 위성 QLD60/SGOV40,B,B 2020–2026,적용,기본
97809.99724905973,81619.28266566676,131094739.31291474,0.08938982802989348,0.08201673696799117,0.09646277375779722,-0.5628429607563434,2000-03-24,2002-10-09,2709,True,0.17847547478569153,0.45778946822262545,0.6435106598474252,0.1588184169697569,-0.3174812084437415,2008,-0.2190096468195285,-0.07527854602105633,26,0.9757259865971706,15360.631737142148,576.452598326109,0.1570456207868855,0.41681660949505145,-0.010869027825789024,-0.2190096468195285,A-Q1,A-Q1 위성 QLD60/SGOV40,C,C 2000–2026,적용,기본
13025.918871065824,12791.945751424577,13849677.980472026,0.020672713192455117,0.019247141498824893,0.016029819620741792,-0.5628429607563434,2000-03-24,2002-10-09,2709,True,0.19627571876041902,0.09291250474877506,0.13065788516692842,0.036729096095783634,-0.3174812084437415,2008,-0.2190096468195285,-0.07527854602105633,12,0.9253365973072215,233.97311964124674,18.04199086584889,0.01796212013579832,0.0857647035444791,-0.010869027825789024,-0.2190096468195285,A-Q1,A-Q1 위성 QLD60/SGOV40,S1,2000–2012,적용,기본
41796.343114190175,36057.444526285224,49678715.4620953,0.1725315903474116,0.15342994947391242,0.1871468275621988,-0.28931438770087103,2020-02-19,2020-03-23,146,True,0.1565765067500898,1.0535447709893306,1.4617519130225087,0.5963463888487844,-0.04046388763385167,2018,0.0464628333829431,0.05899714188619165,8,0.8896734333627537,5738.898587904948,638.2182013027568,0.13730623686923818,0.9156497879936891,,0.0464628333829431,A-Q1,A-Q1 위성 QLD60/SGOV40,S2,2013–2021,적용,기본
17326.283013999244,16208.414195255124,23222417.123663187,0.12489965170905615,0.10897770737670864,0.15357595104309296,-0.25068845595067213,2022-01-03,2022-10-14,383,True,0.16529894928769165,0.5469557281930126,0.7825711413149542,0.49822657862487535,-0.2028438291495388,2022,0.06437827952619624,,4,0.8549618320610687,1117.8688187441178,238.9337933193534,0.06451867476947624,0.4553389224989952,,0.06437827952619624,A-Q1,A-Q1 위성 QLD60/SGOV40,S3,2022–2026,적용,기본
37037.56625571951,32108.23778780863,42795426.30583367,0.06785034962681813,0.060236936385416495,0.06913789545936333,-0.6781474507531013,2000-03-24,2002-10-09,3018,True,0.2176027269066838,0.33370604312628416,0.4698165464375156,0.10005250266954252,-0.384724688759273,2008,-0.2886776184510923,-0.11609927393994524,19,0.9518886679920477,4929.328467910883,246.95641628499854,0.1330899669237763,0.30026765140331085,-0.03118957250322396,-0.2886776184510923,A-Q2,A-Q2 위성 QLD90/SGOV10,A,A 2000–2019,적용,기본
32435.694699785145,28698.046373975696,43473561.606122024,0.19271412572458568,0.17106142815482506,0.21910346405726733,-0.33239981546219244,2020-02-19,2020-03-23,389,True,0.23041086647238138,0.7535711894527825,1.060412165958644,0.5797660430605902,-0.25357300581092346,2022,0.06764707572169715,0.1419813268436949,6,0.8978622327790974,3737.6483258094486,559.3155451923877,0.11523256586313248,0.6656193713872028,,0.06764707572169715,A-Q2,A-Q2 위성 QLD90/SGOV10,B,B 2020–2026,적용,기본
122642.59594970394,100379.31522496085,164377871.3513882,0.09867878288436271,0.09045040235397983,0.10581203785314974,-0.6781474507531013,2000-03-24,2002-10-09,3018,True,0.2211847732992473,0.44640946255193975,0.628443050676125,0.1455122816944563,-0.384724688759273,2008,-0.2886776184510923,-0.11609927393994524,26,0.9757259865971706,20441.91206504228,767.1424929844609,0.16667872941490544,0.41086651779167505,-0.03118957250322396,-0.2886776184510923,A-Q2,A-Q2 위성 QLD90/SGOV10,C,C 2000–2026,적용,기본
11377.566275973684,11310.289703350509,12097083.56726626,0.010079407118123163,0.009617583245899342,0.005484700974210943,-0.6781474507531013,2000-03-24,2002-10-09,3018,True,0.24475075816210895,0.07547527835276148,0.10629738855600021,0.014863149757371652,-0.384724688759273,2008,-0.2886776184510923,-0.11609927393994524,12,0.9253365973072215,67.27657262317817,5.187789565801989,0.005913089934290071,0.07358516922555966,-0.03118957250322396,-0.2886776184510923,A-Q2,A-Q2 위성 QLD90/SGOV10,S1,2000–2012,적용,기본
55794.978356090054,47304.45410278598,66317353.32426507,0.2108114052339043,0.18878570671939876,0.22590378829253033,-0.3360723133844974,2020-02-19,2020-03-23,169,True,0.1914599782864786,1.061461582666894,1.475157615530735,0.6272798943503471,-0.049195717970169084,2018,0.0547710881878678,0.07058627022152408,8,0.8896734333627537,8490.309671755254,944.2003694979365,0.15216978161670947,0.9388037211080915,,0.0547710881878678,A-Q2,A-Q2 위성 QLD90/SGOV10,S2,2013–2021,적용,기본
18488.713011831438,17103.15135332306,24780422.049757674,0.1406214545864939,0.12178745927911416,0.16969853911474697,-0.3070343701129308,2022-01-03,2022-10-14,384,True,0.20455338171425994,0.5453078644792595,0.7805966754021163,0.4579990654947578,-0.25928084641469706,2022,0.06764707572169737,,4,0.8549618320610687,1385.561658508382,296.15058349797476,0.07494094681559083,0.45988673957591564,,0.06764707572169737,A-Q2,A-Q2 위성 QLD90/SGOV10,S3,2022–2026,적용,기본
37125.8755513447,32179.99536266127,42897464.16455675,0.06797776317303339,0.060355520416779385,0.06926546263270494,-0.7412895566806652,2000-03-24,2002-10-09,3358,True,0.2514953815524253,0.3208099423473936,0.45128765704724166,0.09170203810427757,-0.4321418838123007,2008,-0.3373517792165651,-0.14785401627211192,19,0.9518886679920477,4890.420398573409,245.00714521679905,0.13172538898941274,0.29222193817922093,-0.050556704349158155,-0.3373517792165651,C,C 코어70=B-opt:위성30(TQQQ60/SGOV40),A,A 2000–2019,적용,기본
35436.381303458526,31208.676515392137,47495381.86102546,0.20861114882339726,0.1858510763293244,0.23535221596685507,-0.3643345261834272,2020-02-19,2020-03-23,386,True,0.2636757088359252,0.7401623458908093,1.0364462767758071,0.5725813334483987,-0.2865521116354215,2022,0.07924043196475439,0.1506778746887678,6,0.8978622327790974,4209.492936368869,629.9241211193319,0.1187901467794069,0.662071073734385,,0.07854372280154975,C,C 코어70=B-opt:위성30(TQQQ60/SGOV40),B,B 2020–2026,적용,기본
135632.25251861426,109406.87013568575,181787908.0506987,0.10283748718784791,0.09398023360188024,0.10999774285838582,-0.7412895566806652,2000-03-24,2002-10-09,3358,True,0.25439434970644126,0.43408596518898446,0.6099824534890498,0.13872782404804407,-0.4321418838123007,2008,-0.3373517792165651,-0.14785401627211192,26,0.9757259865971706,22739.912843642178,853.3816882498629,0.16765859462904179,0.40155750424039977,-0.050556704349158155,-0.3373517792165651,C,C 코어70=B-opt:위성30(TQQQ60/SGOV40),C,C 2000–2026,적용,기본
9368.58171421802,9368.58171421802,9961050.821825167,-0.004940148757701657,-0.004940148757701657,-0.009466533099213637,-0.7412895566806652,2000-03-24,2002-10-09,3211,False,0.28117363022553676,0.0464172712581889,0.06534069525668994,-0.006664263260125473,-0.4321418838123007,2008,-0.3373517792165651,-0.14785401627211192,12,0.9253365973072215,0.0,0.0,0.0,0.0464172712581889,-0.050556704349158155,-0.3373517792165651,C,C 코어70=B-opt:위성30(TQQQ60/SGOV40),S1,2000–2012,적용,기본
71072.45909699421,59447.713507916895,84476014.15809634,0.2438421813081484,0.21938039602872372,0.2593462825939743,-0.363744820357778,2020-02-19,2020-03-23,252,True,0.22049333590707307,1.0712333842721904,1.4832457127406284,0.6703660579092402,-0.05236224385873445,2018,0.07307602448227146,0.08480385438482196,8,0.8896734333627537,11328.591364184465,1259.8433467672044,0.15939495422163566,0.9601475790701358,,0.07164287111346868,C,C 코어70=B-opt:위성30(TQQQ60/SGOV40),S2,2013–2021,적용,기본
19234.70395145082,17766.503819495065,25780273.706129536,0.15030589689652896,0.13094847700236634,0.1796298603051727,-0.32409317342147237,2022-01-03,2022-10-14,380,True,0.2359593726758685,0.5379359077172674,0.7664151309449254,0.46377372071660744,-0.2882117578421699,2022,0.0792551508509951,,4,0.8549618320610687,1468.2001319557555,313.81376866229886,0.07633078916429141,0.4633186763809297,,0.0792551508509951,C,C 코어70=B-opt:위성30(TQQQ60/SGOV40),S3,2022–2026,적용,기본
29499.421424043536,25661.467024304948,34085401.47862534,0.05574521827098966,0.04839877566476636,0.05701816850834218,-0.614877074408315,2000-03-24,2002-10-09,3227,True,0.20394279035385426,0.2859566490439002,0.40511824685979053,0.09066075251648026,-0.3846343096077983,2008,-0.23869771798212236,-0.08871909989031745,19,0.9518886679920477,3837.954399738587,192.27922638849384,0.13010270081468303,0.25144559837081787,-0.03452759640427672,-0.23869771798212236,B-opt,B-opt SCHD:SPY:QQQ=15%:55%:30%,A,A 2000–2019,적용,기본
27310.965593901965,24111.245965649996,36604887.185506806,0.16241190907801384,0.14093715210015745,0.18813079719125936,-0.317870236882971,2020-02-19,2020-03-23,491,True,0.2044855137118348,0.6953583365326307,0.9832940184403486,0.5109377671549928,-0.2043835923137336,2022,0.04631619388043573,0.11649705209875783,6,0.8978622327790974,3199.719628251973,478.8179016149033,0.11715878800588476,0.5943126535516021,,0.04631619388043573,B-opt,B-opt SCHD:SPY:QQQ=15%:55%:30%,B,B 2020–2026,적용,기본
81586.14622455937,67454.68621266432,109349911.78477693,0.08200024826646168,0.07430449509613601,0.08902521658969897,-0.614877074408315,2000-03-24,2002-10-09,3227,True,0.2040755203493358,0.39090916983330676,0.5535667977450576,0.1333603929620714,-0.3846343096077983,2008,-0.23869771798212236,-0.08871909989031745,26,0.9757259865971706,14112.502326810689,529.6128944685471,0.17297669984273004,0.35422234752880205,-0.03452759640427672,-0.23869771798212236,B-opt,B-opt SCHD:SPY:QQQ=15%:55%:30%,C,C 2000–2026,적용,기본
10616.112580551304,10616.112580551304,11287475.54014537,0.004698396495036228,0.004698396495036228,0.00012816779556668045,-0.614877074408315,2000-03-24,2002-10-09,3211,False,0.23333049482514123,0.04449260966008303,0.0630986594550388,0.007641196412400656,-0.3846343096077983,2008,-0.23869771798212236,-0.08871909989031745,12,0.9253365973072215,0.0,0.0,0.0,0.04449260966008303,-0.03452759640427672,-0.23869771798212236,B-opt,B-opt SCHD:SPY:QQQ=15%:55%:30%,S1,2000–2012,적용,기본
43805.39704387174,37027.04544836643,52066656.8723755,0.17866946731049826,0.15683870682323264,0.19336121122970962,-0.3178702368829711,2020-02-19,2020-03-23,144,True,0.16785883982971023,1.0248036035177506,1.4308848365401308,0.5620830344562212,-0.03630352433889261,2018,0.028940020951002232,0.050568449292951234,8,0.8896734333627537,6778.351595505309,753.8149170641385,0.1547378189202735,0.8799900767620488,,0.028940020951002232,B-opt,B-opt SCHD:SPY:QQQ=15%:55%:30%,S2,2013–2021,적용,기본
16914.528109556515,15813.902541089774,22670542.025238596,0.11913158400902546,0.10315231151320292,0.14766084192857365,-0.2611303104375614,2022-01-03,2022-10-12,486,True,0.1787052634851911,0.4898844473044623,0.7035527013446232,0.45621507441783893,-0.2091423946507528,2022,0.046316193880435286,,4,0.8549618320610687,1100.6255684667412,235.24821310739506,0.06506983590307201,0.4057623459764214,,0.046316193880435286,B-opt,B-opt SCHD:SPY:QQQ=15%:55%:30%,S3,2022–2026,적용,기본
28569.888537058956,24911.49272926351,33011363.409030143,0.054053108246684634,0.04684199919302556,0.05532401824571087,-0.6895830959448848,2000-03-24,2002-10-09,3356,True,0.218847606037908,0.2734742632478666,0.3884014971521423,0.07838519906381936,-0.3941428474127425,2008,-0.2846932818360557,-0.12192200551458798,19,0.9518886679920477,3658.3958077954476,183.2834480247421,0.12805075536259164,0.2420902068893288,-0.045254230910665716,-0.2846932818360557,B1,B1 SCHD:SPY:QQQ=2:3:5,A,A 2000–2019,적용,기본
28964.812101284293,25473.04061336149,38821537.659351334,0.17268400691686003,0.1503563411268456,0.1986301698308388,-0.30562246231168777,2020-02-19,2020-03-23,490,True,0.21033052036856353,0.7236558805533663,1.0259279542532147,0.5650239370846668,-0.22550002165298844,2022,0.04859586565212681,0.1191045632047043,6,0.8978622327790974,3491.7714879228047,522.5216240834601,0.12055218848693931,0.6219184028626945,,0.04859586565212681,B1,B1 SCHD:SPY:QQQ=2:3:5,B,B 2020–2026,적용,기본
83898.19058303394,69429.03927897288,112448744.83844039,0.08313553915191751,0.07546821951993987,0.09016787843696439,-0.6895830959448848,2000-03-24,2002-10-09,3356,True,0.21674158742651659,0.3851427998167676,0.546793301549201,0.12055913151119667,-0.3941428474127425,2008,-0.2846932818360557,-0.12192200551458798,26,0.9757259865971706,14401.899144240906,540.4733558225925,0.17165923417606205,0.35109837670736443,-0.045254230910665716,-0.2846932818360557,B1,B1 SCHD:SPY:QQQ=2:3:5,C,C 2000–2026,적용,기본
9669.521606425915,9669.521606425915,10281022.15281629,-0.0025111937453133892,-0.0025111937453133892,-0.0070486270543027585,-0.6895830959448848,2000-03-24,2002-10-09,3211,False,0.25171797392064693,0.030249972515319926,0.043008206401770076,-0.003641611518728553,-0.3941428474127425,2008,-0.2846932818360557,-0.12192200551458798,12,0.9253365973072215,0.0,0.0,0.0,0.030249972515319926,-0.045254230910665716,-0.2846932818360557,B1,B1 SCHD:SPY:QQQ=2:3:5,S1,2000–2012,적용,기본
48614.83693158462,40837.469047462626,57783109.02851216,0.19240358102608424,0.16950914736091915,0.20726651634989457,-0.30562246231168777,2020-02-19,2020-03-23,169,True,0.1723369041169634,1.0698598216887734,1.498994897023127,0.6295465967087925,-0.027652905295366348,2018,0.04815111876126954,0.06521589047192866,8,0.8896734333627537,7777.3678841219935,864.9146984990036,0.15997930621606402,0.92157351037247,,0.04815111876126954,B1,B1 SCHD:SPY:QQQ=2:3:5,S2,2013–2021,적용,기본
17181.99496671329,16025.621994708097,23029027.853885822,0.12289078076403959,0.10629260482237424,0.1515158693216705,-0.2757463100482428,2022-01-03,2022-10-12,485,True,0.18605327360124888,0.495782863625437,0.7118202216776546,0.44566609338322394,-0.23048312110221003,2022,0.04859586565212615,,4,0.8549618320610687,1156.3729720051929,247.16368867286565,0.06730143817673305,0.41221177654316604,,0.04859586565212615,B1,B1 SCHD:SPY:QQQ=2:3:5,S3,2022–2026,적용,기본
28202.88913556109,24610.595817167967,32587310.280575417,0.053370587806867986,0.04620485809973429,0.05464067486628643,-0.7225587868598925,2000-03-24,2002-10-09,3417,True,0.2283531809326042,0.26851854776014733,0.3817300045376131,0.07386331572937717,-0.39886758574106185,2008,-0.30767922582139995,-0.13879813255061113,19,0.9518886679920477,3592.2933183931264,179.97175273062982,0.12737323829222855,0.23871633924253474,-0.05108694122138513,-0.30767922582139995,B2,B2 SCHD:SPY:QQQ=1:3:6,A,A 2000–2019,적용,기본
30105.432571619705,26311.933575190087,40350311.27574189,0.17948154276882233,0.155947668715261,0.20557810423141976,-0.3008573873733701,2020-02-19,2020-03-23,491,True,0.2203022028198583,0.7269022790625114,1.031622385638154,0.5965668462914694,-0.2545105079327221,2022,0.051590578911635765,0.12198753655590888,6,0.8978622327790974,3793.4989964296187,567.6732464965937,0.1260071247076429,0.6255501464625927,,0.051590578911635765,B2,B2 SCHD:SPY:QQQ=1:3:6,B,B 2020–2026,적용,기본
86198.5827179534,71018.56540408466,115531960.41687293,0.08423560847120992,0.076382203228331,0.09127509003938838,-0.7225587868598925,2000-03-24,2002-10-09,3417,True,0.22636178912500238,0.38264312916515875,0.5437841657633283,0.11657959186584994,-0.39886758574106185,2008,-0.30767922582139995,-0.13879813255061113,26,0.9757259865971706,15138.205912565865,568.105419205748,0.17562012547351186,0.34947101087794796,-0.05108694122138513,-0.30767922582139995,B2,B2 SCHD:SPY:QQQ=1:3:6,C,C 2000–2026,적용,기본
9213.377080252418,9213.377080252418,9796031.046807582,-0.006221125637752678,-0.006221125637752678,-0.010741682999425906,-0.7225587868598925,2000-03-24,2002-10-09,3211,False,0.26291093702575274,0.02568335165875668,0.03655679485189358,-0.008609853967437785,-0.39886758574106185,2008,-0.30767922582139995,-0.13879813255061113,12,0.9253365973072215,0.0,0.0,0.0,0.02568335165875668,-0.05108694122138513,-0.30767922582139995,B2,B2 SCHD:SPY:QQQ=1:3:6,S1,2000–2012,적용,기본
51530.387602877236,43095.08684707037,61248503.40090385,0.20015202059367376,0.17652853238908217,0.2151115377778423,-0.3008573873733703,2020-02-19,2020-03-23,152,True,0.17731609122574768,1.081304132847111,1.5155268536268465,0.6652720823679856,-0.021953526150033542,2018,0.05891316065645058,0.07324404100009962,8,0.8896734333627537,8435.300755806864,938.0828731082655,0.16369565897338356,0.9332949234559584,,0.05891316065645058,B2,B2 SCHD:SPY:QQQ=1:3:6,S2,2013–2021,적용,기본
17444.502982812726,16217.817040332522,23380867.347863898,0.1265358056641248,0.10911518413490473,0.15525381435463692,-0.29621703715021064,2022-01-03,2022-10-14,486,True,0.1988992806802942,0.4924578306404681,0.7072223537071595,0.42717261262713574,-0.26003772072571407,2022,0.05159057891163599,,4,0.8549618320610687,1226.6859424802017,262.192415186608,0.07031934034972503,0.41107872148988983,,0.05159057891163599,B2,B2 SCHD:SPY:QQQ=1:3:6,S3,2022–2026,적용,기본
28823.17514288873,25126.637005838136,33304025.95060221,0.05451931300953139,0.04729309485272992,0.05579078512852109,-0.6537533239276274,2000-03-24,2002-10-09,3291,True,0.21029520287010245,0.2780132825928003,0.39440623776616396,0.08339431864298537,-0.3893986864839609,2008,-0.26174649660649174,-0.10523404423228344,19,0.9518886679920477,3696.5381370505916,185.1943559715207,0.1282488177907285,0.24518470752285051,-0.03973846258231817,-0.26174649660649174,B3,B3 SCHD:SPY:QQQ=3:3:4,A,A 2000–2019,적용,기본
27762.504018799762,24554.33450611915,37210084.13639732,0.16526781216683717,0.14405046410802913,0.1910498884248617,-0.31046401179288097,2020-02-19,2020-03-23,490,True,0.2016977841602878,0.714327993979524,1.0115389014134002,0.5323251838834443,-0.19654567094227415,2022,0.04457323502927357,0.1154687405592636,6,0.8978622327790974,3208.169512680612,480.0823736315405,0.11555764244133583,0.6126262338710211,,0.04457323502927357,B3,B3 SCHD:SPY:QQQ=3:3:4,B,B 2020–2026,적용,기본
81016.99856595599,67278.07858194693,108587083.17795081,0.0817160295851902,0.07419880676505097,0.08873915259717546,-0.6537533239276274,2000-03-24,2002-10-09,3291,True,0.20816837567657268,0.3859837990103647,0.5473637911930652,0.12499520322781016,-0.3893986864839609,2008,-0.26174649660649174,-0.10523404423228344,26,0.9757259865971706,13669.003915118046,512.9693204184285,0.16871772784806513,0.35101341450326834,-0.03973846258231817,-0.26174649660649174,B3,B3 SCHD:SPY:QQQ=3:3:4,C,C 2000–2026,적용,기본
10110.47215376006,10110.47215376006,10749858.412763847,0.0009246951731289865,0.0009246951731289865,-0.0036283675010488903,-0.6537533239276274,2000-03-24,2002-10-09,3211,False,0.24168365414097714,0.03554716929394716,0.050474669871956354,0.0014144404919788267,-0.3893986864839609,2008,-0.26174649660649174,-0.10523404423228344,12,0.9253365973072215,0.0,0.0,0.0,0.03554716929394716,-0.03973846258231817,-0.26174649660649174,B3,B3 SCHD:SPY:QQQ=3:3:4,S1,2000–2012,적용,기본
45819.879293438426,38649.64912444054,54461050.32938798,0.18457766418800436,0.16236961488253132,0.19934305192166568,-0.31046401179288097,2020-02-19,2020-03-23,144,True,0.16803509666167663,1.0536564890558877,1.475976127562189,0.5945219322590638,-0.03336123009808034,2018,0.03659718677567736,0.05713264764325676,8,0.8896734333627537,7170.230168997883,797.395411556693,0.15648732121441197,0.9057589607671693,,0.03659718677567736,B3,B3 SCHD:SPY:QQQ=3:3:4,S2,2013–2021,적용,기본
16869.529600736034,15792.470314758997,22610230.523866504,0.11849455263964592,0.10283258256337624,0.1470075711531229,-0.25649678911775786,2022-01-03,2022-10-12,485,True,0.17443070156401214,0.4943378937827457,0.7092172404261572,0.46197284982481784,-0.20092852147870588,2022,0.04457323502927335,,4,0.8549618320610687,1077.0592859770363,230.21114509432837,0.06384643267883672,0.40955750088100334,,0.04457323502927335,B3,B3 SCHD:SPY:QQQ=3:3:4,S3,2022–2026,적용,기본
30310.7944361223,26318.420560249822,35022910.539161876,0.05718133162524963,0.04972735206526924,0.058456013436473775,-0.5542179376787053,2007-10-09,2009-03-09,1682,True,0.1896928285124282,0.2999105128704443,0.42310825745222097,0.1031748121772254,-0.3702113282520283,2008,-0.17576793444169414,-0.0867881781851143,0,0.0,3992.3738758724767,200.0155500437106,0.13171459046664388,0.2619816374273099,-0.020627620006592018,-0.17576793444169414,SPY,SPY 100%,A,A 2000–2019,적용,기본
25035.61553415268,22138.13600711137,33555235.50042483,0.14737846356931694,0.12645317324641092,0.17276472991572156,-0.33737498940996,2020-02-19,2020-03-23,488,True,0.20090687114278202,0.639297155303416,0.900718907078559,0.4368387349253994,-0.1837639055565209,2022,0.043826100608833185,0.11332828667807959,0,0.0,2897.479527041307,433.5895729301718,0.11573430352006606,0.5391186786105507,,0.043826100608833185,SPY,SPY 100%,B,B 2020–2026,적용,기본
76746.54421151195,62472.6603754516,102863393.20668946,0.07952004078743102,0.07121558548938589,0.08652890617630837,-0.5542179376787053,2007-10-09,2009-03-09,1682,True,0.19255919735602398,0.3905765783180306,0.5508277111857658,0.1434815356581455,-0.3702113282520283,2008,-0.17576793444169414,-0.0867881781851143,0,0.0,14273.883836060348,535.6692072505149,0.1859873168584869,0.34817921142371666,-0.020627620006592018,-0.17576793444169414,SPY,SPY 100%,C,C 2000–2026,적용,기본
11939.97478005935,11939.97478005935,12695058.785150304,0.013844411802170109,0.013844411802170109,0.0092325791927228,-0.5542179376787053,2007-10-09,2009-03-09,1682,True,0.21568376742701154,0.07188856811592641,0.10153299274205464,0.024980086101428347,-0.3702113282520283,2008,-0.17576793444169414,-0.0867881781851143,0,0.0,0.0,0.0,0.0,0.07188856811592641,-0.020627620006592018,-0.17576793444169414,SPY,SPY 100%,S1,2000–2012,적용,기본
37446.50070234506,31871.00370223899,44508536.26980031,0.15828882599898964,0.13770718426601758,0.1727265316391393,-0.33737498940996036,2020-02-19,2020-03-23,188,True,0.16428011930163128,0.9372886627548258,1.3008659822291557,0.46917771313108625,-0.04848729080585357,2018,0.0007353704819517137,0.028891597449670847,0,0.0,5575.4970001060665,620.0464448485122,0.14889233694824,0.7994671054452989,,0.0007353704819517137,SPY,SPY 100%,S2,2013–2021,적용,기본
16573.786751940683,15537.909556986015,22213846.383626096,0.1142742246427555,0.09900867262269641,0.14267965721401743,-0.246371223696625,2022-01-03,2022-10-12,488,True,0.1737959089812689,0.47365849734925297,0.6808363765791259,0.4638294315713987,-0.1884618468122321,2022,0.04382610060883341,,0,0.0,1035.8771949546676,221.40886609718086,0.06250093659696528,0.39087723484163833,,0.04382610060883341,SPY,SPY 100%,S3,2022–2026,적용,기본
25074.46305025734,22234.08207927515,28972539.076050345,0.04718403902829671,0.040895670657892014,0.04844666674184306,-0.8296413105860335,2000-03-27,2002-10-09,3791,True,0.2733948748550535,0.24385723805754392,0.34769325584911986,0.056872817718017596,-0.4175868971614042,2008,-0.40158694605125456,-0.2085613128393643,0,0.0,2840.3809709821858,142.30139258201012,0.11327783830461866,0.22214041695057787,-0.08222703573241208,-0.40158694605125456,QQQ,QQQ 100%,A,A 2000–2019,적용,기본
33606.370477040095,28823.324862563553,45042618.35037684,0.1990592325716043,0.1718250135949262,0.22558895925697797,-0.3517822059268173,2021-11-19,2022-11-03,517,True,0.24866457991292387,0.7369792944488529,1.0492239257789069,0.5658592993558503,-0.3265122167874993,2022,0.05370992118893847,0.125419748071119,0,0.0,4783.0456144765385,715.7526691496957,0.14232556347447042,0.6356719892773206,,0.05370992118893847,QQQ,QQQ 100%,B,B 2020–2026,적용,기본
85844.71693544846,69569.23510012208,115057674.10858157,0.08406823906227112,0.07554963825425176,0.09110663397192242,-0.8296413105860335,2000-03-27,2002-10-09,3791,True,0.26741087481925824,0.3610668684202451,0.5146823091092778,0.10133082573104739,-0.4175868971614042,2008,-0.40158694605125456,-0.2085613128393643,0,0.0,16275.48183532638,610.785021966083,0.18959211954260205,0.33133757129169245,-0.08222703573241208,-0.40158694605125456,QQQ,QQQ 100%,C,C 2000–2026,적용,기본
7215.339235101486,7215.339235101486,7671637.288329304,-0.02477807935259757,-0.02477807935259757,-0.029214223797182193,-0.8296413105860335,2000-03-27,2002-10-09,3210,False,0.31789671847402984,0.01188284536292602,0.016967089460146148,-0.029866014428687363,-0.4175868971614042,2008,-0.40158694605125456,-0.2085613128393643,0,0.0,0.0,0.0,0.0,0.01188284536292602,-0.08222703573241208,-0.40158694605125456,QQQ,QQQ 100%,S1,2000–2012,적용,기본
63463.14424513329,52163.985665613814,75431658.61832297,0.2282762097267137,0.20178419323160024,0.24358628607622723,-0.2855937282640194,2020-02-19,2020-03-16,163,True,0.19457509746759089,1.1210722160212532,1.5770081805398717,0.7993040012268124,-0.0025423737458447615,2018,0.09565080271988147,0.10320316259943296,0,0.0,11299.158579519477,1256.5701509439136,0.17804284224990885,0.9725099860972586,,0.09565080271988147,QQQ,QQQ 100%,S2,2013–2021,적용,기본
17924.573663236395,16591.52334779667,24024306.08083574,0.1330916781620286,0.11452899254384952,0.16197681123724483,-0.34875986440791773,2022-01-03,2022-11-03,487,True,0.23254886821702545,0.47730815289396766,0.6845727026109741,0.3816140896486915,-0.3329339518650689,2022,0.053709921188939136,,0,0.0,1333.0503154397247,284.92678497948316,0.0743699872858808,0.4044336852837703,,0.053709921188939136,QQQ,QQQ 100%,S3,2022–2026,적용,기본
34175.03227461643,29879.766162882373,39487882.7920283,0.06355571661618042,0.056423031673994206,0.06483808425419957,-0.42873869238585416,2007-10-12,2009-03-09,1420,True,0.14308036819119072,0.3854906953832022,0.5438255469205165,0.1482388171277573,-0.2641025479266187,2008,-0.11810978611074219,-0.03976235972011155,7,0.3506958250497018,4295.2661117340585,215.19027040894292,0.12568433226980083,0.3350872059408692,0.011282827536411189,-0.11810978611074219,C100,"코어100 (SPY60/SCHD20/IEF10/GLD10, 5/25 밴드)",A,A 2000–2019,적용,기본
22715.91030838713,20452.57152719211,30446134.58633127,0.13080447964699826,0.11318264583226134,0.15582403911887766,-0.2650509867172298,2020-02-19,2020-03-23,488,True,0.15297685803975272,0.6887906695578937,0.9700181035911931,0.49350685793351634,-0.13302669884861673,2022,0.04428787453798244,0.10743756526409798,3,0.4489311163895487,2263.3387811950215,338.69440193654714,0.09963671939483558,0.5716490370599183,,0.04428787453798244,C100,"코어100 (SPY60/SCHD20/IEF10/GLD10, 5/25 밴드)",B,B 2020–2026,적용,기본
78711.28811167859,65348.48025924714,105496739.4560828,0.08054460151665155,0.07302634382629303,0.08756011894343718,-0.42873869238585416,2007-10-12,2009-03-09,1420,True,0.146042878323401,0.46754413658679894,0.6592027088821416,0.18786408352471115,-0.2641025479266187,2008,-0.11810978611074219,-0.03976235972011155,10,0.3752792256142964,13312.360565308909,499.5852364047424,0.1691289887979069,0.41323524306393433,0.011282827536411189,-0.11810978611074219,C100,"코어100 (SPY60/SCHD20/IEF10/GLD10, 5/25 밴드)",C,C 2000–2026,적용,기본
15932.500723726025,15388.813266703912,16940072.06949446,0.03664932022504641,0.0338775828553588,0.031933751362683394,-0.42873869238585416,2007-10-12,2009-03-09,1420,True,0.16195420379646067,0.1705862204231855,0.2407931335223639,0.0854817185290637,-0.2641025479266187,2008,-0.11810978611074219,-0.03976235972011155,5,0.38555691554467564,543.6874570221156,41.924491789955056,0.03412442694651685,0.1540618768931968,0.011282827536411189,-0.11810978611074219,C100,"코어100 (SPY60/SCHD20/IEF10/GLD10, 5/25 밴드)",S1,2000–2012,적용,기본
30168.768550579982,26327.15653791871,35858296.61153386,0.1307835411495495,0.11378419867265577,0.14487840207144664,-0.27052231202586396,2020-02-19,2020-03-23,219,True,0.12768340968798192,0.9754833099809349,1.3557349068036337,0.483448260404656,-0.04233185482046342,2018,0.015382395051560138,0.03445031050506797,2,0.22241835834068843,3841.61201266127,427.22251861899383,0.12733738224086102,0.8192551601444289,,0.015382395051560138,C100,"코어100 (SPY60/SCHD20/IEF10/GLD10, 5/25 밴드)",S2,2013–2021,적용,기본
15967.967460806274,15096.773089880651,21401866.78771865,0.10544070124850768,0.09226383730560883,0.13362094683474113,-0.2044307454722144,2022-01-04,2022-09-30,488,True,0.13173246220829107,0.5158367889408927,0.7412864273384399,0.5157771205351245,-0.1343725391437529,2022,0.044287874537982,,2,0.42748091603053434,871.1943709256232,186.20948386196525,0.054558876893003996,0.4183015974979056,,0.044287874537982,C100,"코어100 (SPY60/SCHD20/IEF10/GLD10, 5/25 밴드)",S3,2022–2026,적용,기본
43111.55572625303,37339.733006458366,49813678.17945632,0.0760055530980539,0.0682851300716254,0.07730293195471782,-0.6190727848612889,2000-03-24,2002-10-09,2719,True,0.20460412247368204,0.37876036000873853,0.5308658046878811,0.12277321012436995,-0.3482290224212806,2008,-0.2576282625852354,-0.09355258621656459,19,0.9518886679920477,5641.624505179192,282.64202292349034,0.13086107448782444,0.34248796767499773,-0.01514771550187366,-0.2576282625852354,P3,P3 코어70(SPY60/SCHD20/IEF10/GLD10):위성30(TQQQ60/SGOV40),A,A 2000–2019,적용,보정
32469.557898593706,28930.89063661044,43518948.45148514,0.19290038027631007,0.17247838959868478,0.21929383957500992,-0.32940650959155904,2020-02-19,2020-03-23,368,True,0.22347041791316002,0.7707115036819483,1.0755698901440778,0.5855997822128439,-0.2294668936361699,2022,0.08907857584053414,0.1530249749902508,6,0.8978622327790974,3509.7976793915614,525.2191301702336,0.10809502520339442,0.6851988140043294,,0.08907857584053414,P3,P3 코어70(SPY60/SCHD20/IEF10/GLD10):위성30(TQQQ60/SGOV40),B,B 2020–2026,적용,보정
143316.65590573955,115084.1864754382,192087313.9104627,0.10512066949820853,0.09605917853758839,0.11229574890231953,-0.6190727848612889,2000-03-24,2002-10-09,2719,True,0.2097986742341721,0.4868921038394022,0.681640932081046,0.16980340933863236,-0.3482290224212806,2008,-0.2576282625852354,-0.09355258621656459,26,0.9757259865971706,23511.495161137886,882.3375697106102,0.16405277539130952,0.44566720572774926,-0.01514771550187366,-0.2576282625852354,P3,P3 코어70(SPY60/SCHD20/IEF10/GLD10):위성30(TQQQ60/SGOV40),C,C 2000–2026,적용,보정
12894.894140340759,12596.946471159177,13710367.245775908,0.019877334270903546,0.018040526846296645,0.015238058763663132,-0.6190727848612889,2000-03-24,2002-10-09,2719,True,0.22555499065894327,0.1047843175384432,0.1468789565296124,0.03210823469708382,-0.3482290224212806,2008,-0.2576282625852354,-0.09355258621656459,12,0.9253365973072215,297.9476691815825,22.975156864675274,0.02310586391318052,0.0967479909198326,-0.01514771550187366,-0.2576282625852354,P3,P3 코어70(SPY60/SCHD20/IEF10/GLD10):위성30(TQQQ60/SGOV40),S1,2000–2012,적용,보정
55626.09722033573,47381.68252907366,66116622.89511884,0.21040328506427852,0.18900138404195777,0.22549058103344777,-0.3330741633429585,2020-02-19,2020-03-23,244,True,0.19007021943870606,1.0660692934086748,1.4706635348030304,0.6317010090261228,-0.05729229452704887,2018,0.06497728731262442,0.07435362735139073,8,0.8896734333627537,8051.080457956518,895.3540491637434,0.1447356701309833,0.9484858732360223,,0.06377427987536066,P3,P3 코어70(SPY60/SCHD20/IEF10/GLD10):위성30(TQQQ60/SGOV40),S2,2013–2021,적용,보정
19083.394021188993,17701.45613660691,25577473.006599605,0.14836577364300174,0.13006216745274757,0.17764027881323408,-0.282304132081,2022-01-03,2022-10-14,362,True,0.19979119831570738,0.5875258924255061,0.8371501053977051,0.5255529649861163,-0.23587285898727006,2022,0.09034359152206628,,4,0.8549618320610687,1381.9378845820818,295.37603639922355,0.07241572872454792,0.5023639941155141,,0.09034359152206628,P3,P3 코어70(SPY60/SCHD20/IEF10/GLD10):위성30(TQQQ60/SGOV40),S3,2022–2026,적용,보정
40767.86265723837,35554.12362516971,47105634.58593265,0.07299651637008409,0.06566574604112718,0.07429026712221032,-0.5441361452785525,2000-03-24,2002-10-09,1888,True,0.18195151904166273,0.38644495155062686,0.5424876420091814,0.13415119911344234,-0.32041574702814857,2008,-0.21182678565945978,-0.06568560656913902,19,0.9518886679920477,5182.189588891419,259.6246076343216,0.1271145763137356,0.34705451886692745,-0.0028593139612365093,-0.21182678565945978,A80,"A80 P3 구성, 코어80:위성20",A,A 2000–2019,적용,보정
29093.782820413457,26078.068835245387,38994397.11420015,0.17346390731337702,0.15440434951427262,0.19942732587561673,-0.3085411707786099,2020-02-19,2020-03-23,385,True,0.1982039080225354,0.7589441330206421,1.0612010805600933,0.5622066801511039,-0.1970641256876834,2022,0.07753617179214589,0.13953480604626933,6,0.8978622327790974,3015.7139851680695,451.28261535769207,0.10365492874484902,0.666083982650999,,0.07753617179214589,A80,"A80 P3 구성, 코어80:위성20",B,B 2020–2026,적용,보정
121072.31560463688,99603.31001638452,162273224.60489482,0.09814759109728333,0.09013285993726528,0.10527739726327767,-0.5441361452785525,2000-03-24,2002-10-09,1888,True,0.18650416226484698,0.48894255161976535,0.685628387210776,0.18037322451174406,-0.32041574702814857,2008,-0.21182678565945978,-0.06568560656913902,26,0.9757259865971706,19519.745788092932,732.5355083543438,0.16122385774659584,0.44671016022475035,-0.0028593139612365093,-0.21182678565945978,A80,"A80 P3 구성, 코어80:위성20",C,C 2000–2026,적용,보정
14057.144701555613,13673.960164424881,14946118.53248199,0.026686906523030185,0.02450119791451666,0.02201665524968277,-0.5441361452785525,2000-03-24,2002-10-09,1888,True,0.2016959085080472,0.12491685205785817,0.17539264782098413,0.04904453922899885,-0.32041574702814857,2008,-0.21182678565945978,-0.06568560656913902,12,0.9253365973072215,383.1845371307317,29.54788964410783,0.027259059024150697,0.11433064814625515,-0.0028593139612365093,-0.21182678565945978,A80,"A80 P3 구성, 코어80:위성20",S1,2000–2012,적용,보정
45705.98783925298,39491.35425218011,54325680.0858577,0.18424985465261945,0.1651578733723993,0.19901115634360167,-0.3127928263481349,2020-02-19,2020-03-23,146,True,0.16810841715377708,1.0517115060296038,1.4530762546258476,0.5890475712110848,-0.051909436175453516,2018,0.04999113857537907,0.061756161207218385,8,0.8896734333627537,6214.633587072873,691.124300062826,0.1359697904119174,0.9267236045378713,,0.04999113857537907,A80,"A80 P3 구성, 코어80:위성20",S2,2013–2021,적용,보정
18118.278624205395,16903.004512925843,24283928.84002249,0.13569787090114582,0.11896857470242717,0.1646494418697293,-0.2549224235090579,2022-01-03,2022-10-14,363,True,0.1755115033254312,0.5795561850411017,0.8275817278883086,0.5323104536401216,-0.20203941903943012,2022,0.07753617179214611,,4,0.8549618320610687,1215.2741112795547,259.75324515898876,0.06707447967247786,0.4893687290324797,,0.07753617179214611,A80,"A80 P3 구성, 코어80:위성20",S3,2022–2026,적용,보정
34603.25358674053,30326.262296002318,39982675.389335215,0.06421943036692968,0.05720835314137962,0.06550259826865057,-0.5632692030011315,2000-03-24,2002-10-09,2709,True,0.1749826836700939,0.34774590639718955,0.4889045394436398,0.11401196803369466,-0.3174812084437417,2008,-0.21942133861581825,-0.07620198904848063,19,0.9518886679920477,4276.991290738214,214.27471277654672,0.12360084233169032,0.30854265979936474,-0.011509403777452798,-0.21942133861581825,A-Q1,A-Q1 위성 QLD60/SGOV40,A,A 2000–2019,적용,보정
27574.103448942686,24730.729499522615,36957570.85261788,0.16408104830682357,0.14527660122329666,0.18983686687882995,-0.2855761377255882,2020-02-19,2020-03-23,389,True,0.18721604904243278,0.7491445919180034,1.0522110332179613,0.5745614798687768,-0.1983144004110058,2022,0.06437827952619668,0.12620477672948893,6,0.8978622327790974,2843.373949420068,425.4930138087038,0.10311754848838416,0.6510084702346769,,0.06437827952619668,A-Q1,A-Q1 위성 QLD60/SGOV40,B,B 2020–2026,적용,보정
97120.06155766432,81064.91249587366,130170018.50573748,0.08910046585334652,0.08174003061410406,0.09617153287546665,-0.5632692030011315,2000-03-24,2002-10-09,2709,True,0.17842182251676192,0.4563841634697507,0.6414876126076923,0.15818451528791916,-0.3174812084437417,2008,-0.21942133861581825,-0.07620198904848063,26,0.9757259865971706,15238.937284710732,571.8856583391072,0.15690823337939017,0.4154727730963459,-0.011509403777452798,-0.21942133861581825,A-Q1,A-Q1 위성 QLD60/SGOV40,C,C 2000–2026,적용,보정
12934.367293092315,12713.643215311688,13752336.680707473,0.020117736103576922,0.01876467515949143,0.015477367042928902,-0.5632692030011315,2000-03-24,2002-10-09,2709,True,0.1961747068122067,0.09008749902369068,0.12666884496666042,0.035716023521947304,-0.3174812084437417,2008,-0.21942133861581825,-0.07620198904848063,12,0.9253365973072215,220.72407778063007,17.02033892310856,0.017064930412058827,0.08329396194592663,-0.011509403777452798,-0.21942133861581825,A-Q1,A-Q1 위성 QLD60/SGOV40,S1,2000–2012,적용,보정
41796.343114190175,36057.444526285224,49678715.4620953,0.1725315903474116,0.15342994947391242,0.1871468275621988,-0.28931438770087103,2020-02-19,2020-03-23,146,True,0.1565765067500898,1.0535447709893306,1.4617519130225087,0.5963463888487844,-0.04046388763385167,2018,0.0464628333829431,0.05899714188619165,8,0.8896734333627537,5738.898587904948,638.2182013027568,0.13730623686923818,0.9156497879936891,,0.0464628333829431,A-Q1,A-Q1 위성 QLD60/SGOV40,S2,2013–2021,적용,보정
17325.839462172422,16208.068224830204,23221822.631149698,0.12489349648513093,0.10897264782958938,0.15356963890824393,-0.25068845595067213,2022-01-03,2022-10-14,383,True,0.16529906213105858,0.546922326692117,0.7825224820227272,0.4982020253445822,-0.2028438291495388,2022,0.06437827952619624,,4,0.8549618320610687,1117.7712373422175,238.91293622581748,0.06451469435479026,0.4553116612578345,,0.06437827952619624,A-Q1,A-Q1 위성 QLD60/SGOV40,S3,2022–2026,적용,보정
36647.50956876045,31780.55920528121,42344731.406319946,0.06728409727042028,0.05969220669726849,0.06857096035199595,-0.6786832816547935,2000-03-24,2002-10-09,3018,True,0.21749651155000252,0.3313240614089856,0.46640356742087435,0.0991391700505211,-0.3847246887592727,2008,-0.28929219933470773,-0.11742869504619091,19,0.9518886679920477,4866.950363479234,243.83131045661372,0.13280439573520117,0.2979669151378291,-0.03215929057826983,-0.28929219933470773,A-Q2,A-Q2 위성 QLD90/SGOV10,A,A 2000–2019,적용,보정
32434.47074742615,28697.09169113568,43471921.14277527,0.1927073906393848,0.1710555983897193,0.21909657995526688,-0.33239981546219244,2020-02-19,2020-03-23,389,True,0.2304109737564633,0.7535464088860224,1.0603766074782406,0.579745781060169,-0.25357300581092346,2022,0.06764707572169715,0.1419813268436949,6,0.8978622327790974,3737.379056290469,559.2752507037994,0.11522861234253531,0.6655978066736552,,0.06764707572169715,A-Q2,A-Q2 위성 QLD90/SGOV10,B,B 2020–2026,적용,보정
121346.42101158638,99372.49323844339,162640608.08182922,0.09824079095842553,0.090037949855716,0.10537120223155694,-0.6786832816547935,2000-03-24,2002-10-09,3018,True,0.2211067526732267,0.444685183525068,0.6259582407101285,0.14475204209965328,-0.3847246887592727,2008,-0.28929219933470773,-0.11742869504619091,26,0.9757259865971706,20198.852804893242,758.0209838917494,0.16645610671092326,0.40923760588304736,-0.03215929057826983,-0.28929219933470773,A-Q2,A-Q2 위성 QLD90/SGOV10,C,C 2000–2026,적용,보정
11257.744801295214,11209.702352443848,11969684.582529124,0.009255119095874953,0.00892234469457387,0.004664162519782522,-0.6786832816547935,2000-03-24,2002-10-09,3018,True,0.24460470057092618,0.07203766696782941,0.10143992714837696,0.013636875028523968,-0.3847246887592727,2008,-0.28929219933470773,-0.11742869504619091,12,0.9253365973072215,48.0424488513654,3.7046196788690575,0.004267502035206738,0.07067281666202772,-0.03215929057826983,-0.28929219933470773,A-Q2,A-Q2 위성 QLD90/SGOV10,S1,2000–2012,적용,보정
55794.978356090054,47304.45410278598,66317353.32426507,0.2108114052339043,0.18878570671939876,0.22590378829253033,-0.3360723133844974,2020-02-19,2020-03-23,169,True,0.1914599782864786,1.061461582666894,1.475157615530735,0.6272798943503471,-0.049195717970169084,2018,0.0547710881878678,0.07058627022152408,8,0.8896734333627537,8490.309671755254,944.2003694979365,0.15216978161670947,0.9388037211080915,,0.0547710881878678,A-Q2,A-Q2 위성 QLD90/SGOV10,S2,2013–2021,적용,보정
18488.01534513692,17102.60717330133,24779486.96708701,0.14061225483652318,0.12177983025121031,0.16968910484182698,-0.3070343701129308,2022-01-03,2022-10-14,384,True,0.20455354649564186,0.5452681152251111,0.7805387648865526,0.4579691022370048,-0.25928084641469706,2022,0.06764707572169737,,4,0.8549618320610687,1385.4081718355872,296.11777718623233,0.07493547284403376,0.4598538029604382,,0.06764707572169737,A-Q2,A-Q2 위성 QLD90/SGOV10,S3,2022–2026,적용,보정
36203.831136268855,31417.609372434235,41832078.724713214,0.06663299947638479,0.05908257965659125,0.0679190775057743,-0.7413886732886733,2000-03-24,2002-10-09,3390,True,0.25119215025543357,0.3158776774593814,0.44424419048248526,0.08987593401017607,-0.43245305745760565,2008,-0.33766614483995583,-0.1494418938064127,19,0.9518886679920477,4739.078949559013,237.42502888446748,0.13089992967101824,0.2875171410821394,-0.0528550116305353,-0.33766614483995583,C,C 코어70=B-opt:위성30(TQQQ60/SGOV40),A,A 2000–2019,적용,보정
35436.381303458526,31208.676515392137,47495381.86102546,0.20861114882339726,0.1858510763293244,0.23535221596685507,-0.3643345261834272,2020-02-19,2020-03-23,386,True,0.2636757088359252,0.7401623458908093,1.0364462767758071,0.5725813334483987,-0.2865521116354215,2022,0.07924043196475439,0.1506778746887678,6,0.8978622327790974,4209.492936368869,629.9241211193319,0.1187901467794069,0.662071073734385,,0.07854372280154975,C,C 코어70=B-opt:위성30(TQQQ60/SGOV40),B,B 2020–2026,적용,보정
132263.74042073815,106873.8150160624,177273091.28591534,0.1017971217988054,0.09301895366246238,0.10895062281848777,-0.7413886732886733,2000-03-24,2002-10-09,3390,True,0.2541703613782933,0.43053011814287945,0.6048811550332883,0.13730601163253653,-0.43245305745760565,2008,-0.33766614483995583,-0.1494418938064127,26,0.9757259865971706,22117.404099253643,830.0202282966371,0.16722197655152485,0.3982498320594556,-0.0528550116305353,-0.33766614483995583,C,C 코어70=B-opt:위성30(TQQQ60/SGOV40),C,C 2000–2026,적용,보정
9135.907108744272,9135.907108744272,9713661.87430126,-0.006867990731056706,-0.006867990731056706,-0.011385605596330506,-0.7413886732886733,2000-03-24,2002-10-09,3211,False,0.2807542278318953,0.0391615646895775,0.05511059393998473,-0.009263684459315347,-0.43245305745760565,2008,-0.33766614483995583,-0.1494418938064127,12,0.9253365973072215,0.0,0.0,0.0,0.0391615646895775,-0.0528550116305353,-0.33766614483995583,C,C 코어70=B-opt:위성30(TQQQ60/SGOV40),S1,2000–2012,적용,보정
71072.45909699421,59447.713507916895,84476014.15809634,0.2438421813081484,0.21938039602872372,0.2593462825939743,-0.363744820357778,2020-02-19,2020-03-23,252,True,0.22049333590707307,1.0712333842721904,1.4832457127406284,0.6703660579092402,-0.05236224385873445,2018,0.07307602448227146,0.08480385438482196,8,0.8896734333627537,11328.591364184465,1259.8433467672044,0.15939495422163566,0.9601475790701358,,0.07164287111346868,C,C 코어70=B-opt:위성30(TQQQ60/SGOV40),S2,2013–2021,적용,보정
19234.70395145082,17766.503819495065,25780273.706129536,0.15030589689652896,0.13094847700236634,0.1796298603051727,-0.32409317342147237,2022-01-03,2022-10-14,380,True,0.2359593726758685,0.5379359077172674,0.7664151309449254,0.46377372071660744,-0.2882117578421699,2022,0.0792551508509951,,4,0.8549618320610687,1468.2001319557555,313.81376866229886,0.07633078916429141,0.4633186763809297,,0.0792551508509951,C,C 코어70=B-opt:위성30(TQQQ60/SGOV40),S3,2022–2026,적용,보정
29499.421424043536,25661.467024304948,34085401.47862534,0.05574521827098966,0.04839877566476636,0.05701816850834218,-0.614877074408315,2000-03-24,2002-10-09,3227,True,0.20394279035385426,0.2859566490439002,0.40511824685979053,0.09066075251648026,-0.3846343096077983,2008,-0.23869771798212236,-0.08871909989031745,19,0.9518886679920477,3837.954399738587,192.27922638849384,0.13010270081468303,0.25144559837081787,-0.03452759640427672,-0.23869771798212236,B-opt,B-opt SCHD:SPY:QQQ=15%:55%:30%,A,A 2000–2019,적용,보정
27310.965593901965,24111.245965649996,36604887.185506806,0.16241190907801384,0.14093715210015745,0.18813079719125936,-0.317870236882971,2020-02-19,2020-03-23,491,True,0.2044855137118348,0.6953583365326307,0.9832940184403486,0.5109377671549928,-0.2043835923137336,2022,0.04631619388043573,0.11649705209875783,6,0.8978622327790974,3199.719628251973,478.8179016149033,0.11715878800588476,0.5943126535516021,,0.04631619388043573,B-opt,B-opt SCHD:SPY:QQQ=15%:55%:30%,B,B 2020–2026,적용,보정
81586.14622455937,67454.68621266432,109349911.78477693,0.08200024826646168,0.07430449509613601,0.08902521658969897,-0.614877074408315,2000-03-24,2002-10-09,3227,True,0.2040755203493358,0.39090916983330676,0.5535667977450576,0.1333603929620714,-0.3846343096077983,2008,-0.23869771798212236,-0.08871909989031745,26,0.9757259865971706,14112.502326810689,529.6128944685471,0.17297669984273004,0.35422234752880205,-0.03452759640427672,-0.23869771798212236,B-opt,B-opt SCHD:SPY:QQQ=15%:55%:30%,C,C 2000–2026,적용,보정
10616.112580551304,10616.112580551304,11287475.54014537,0.004698396495036228,0.004698396495036228,0.00012816779556668045,-0.614877074408315,2000-03-24,2002-10-09,3211,False,0.23333049482514123,0.04449260966008303,0.0630986594550388,0.007641196412400656,-0.3846343096077983,2008,-0.23869771798212236,-0.08871909989031745,12,0.9253365973072215,0.0,0.0,0.0,0.04449260966008303,-0.03452759640427672,-0.23869771798212236,B-opt,B-opt SCHD:SPY:QQQ=15%:55%:30%,S1,2000–2012,적용,보정
43805.39704387174,37027.04544836643,52066656.8723755,0.17866946731049826,0.15683870682323264,0.19336121122970962,-0.3178702368829711,2020-02-19,2020-03-23,144,True,0.16785883982971023,1.0248036035177506,1.4308848365401308,0.5620830344562212,-0.03630352433889261,2018,0.028940020951002232,0.050568449292951234,8,0.8896734333627537,6778.351595505309,753.8149170641385,0.1547378189202735,0.8799900767620488,,0.028940020951002232,B-opt,B-opt SCHD:SPY:QQQ=15%:55%:30%,S2,2013–2021,적용,보정
16914.528109556515,15813.902541089774,22670542.025238596,0.11913158400902546,0.10315231151320292,0.14766084192857365,-0.2611303104375614,2022-01-03,2022-10-12,486,True,0.1787052634851911,0.4898844473044623,0.7035527013446232,0.45621507441783893,-0.2091423946507528,2022,0.046316193880435286,,4,0.8549618320610687,1100.6255684667412,235.24821310739506,0.06506983590307201,0.4057623459764214,,0.046316193880435286,B-opt,B-opt SCHD:SPY:QQQ=15%:55%:30%,S3,2022–2026,적용,보정
28569.888537058956,24911.49272926351,33011363.409030143,0.054053108246684634,0.04684199919302556,0.05532401824571087,-0.6895830959448848,2000-03-24,2002-10-09,3356,True,0.218847606037908,0.2734742632478666,0.3884014971521423,0.07838519906381936,-0.3941428474127425,2008,-0.2846932818360557,-0.12192200551458798,19,0.9518886679920477,3658.3958077954476,183.2834480247421,0.12805075536259164,0.2420902068893288,-0.045254230910665716,-0.2846932818360557,B1,B1 SCHD:SPY:QQQ=2:3:5,A,A 2000–2019,적용,보정
28964.812101284293,25473.04061336149,38821537.659351334,0.17268400691686003,0.1503563411268456,0.1986301698308388,-0.30562246231168777,2020-02-19,2020-03-23,490,True,0.21033052036856353,0.7236558805533663,1.0259279542532147,0.5650239370846668,-0.22550002165298844,2022,0.04859586565212681,0.1191045632047043,6,0.8978622327790974,3491.7714879228047,522.5216240834601,0.12055218848693931,0.6219184028626945,,0.04859586565212681,B1,B1 SCHD:SPY:QQQ=2:3:5,B,B 2020–2026,적용,보정
83898.19058303394,69429.03927897288,112448744.83844039,0.08313553915191751,0.07546821951993987,0.09016787843696439,-0.6895830959448848,2000-03-24,2002-10-09,3356,True,0.21674158742651659,0.3851427998167676,0.546793301549201,0.12055913151119667,-0.3941428474127425,2008,-0.2846932818360557,-0.12192200551458798,26,0.9757259865971706,14401.899144240906,540.4733558225925,0.17165923417606205,0.35109837670736443,-0.045254230910665716,-0.2846932818360557,B1,B1 SCHD:SPY:QQQ=2:3:5,C,C 2000–2026,적용,보정
9669.521606425915,9669.521606425915,10281022.15281629,-0.0025111937453133892,-0.0025111937453133892,-0.0070486270543027585,-0.6895830959448848,2000-03-24,2002-10-09,3211,False,0.25171797392064693,0.030249972515319926,0.043008206401770076,-0.003641611518728553,-0.3941428474127425,2008,-0.2846932818360557,-0.12192200551458798,12,0.9253365973072215,0.0,0.0,0.0,0.030249972515319926,-0.045254230910665716,-0.2846932818360557,B1,B1 SCHD:SPY:QQQ=2:3:5,S1,2000–2012,적용,보정
48614.83693158462,40837.469047462626,57783109.02851216,0.19240358102608424,0.16950914736091915,0.20726651634989457,-0.30562246231168777,2020-02-19,2020-03-23,169,True,0.1723369041169634,1.0698598216887734,1.498994897023127,0.6295465967087925,-0.027652905295366348,2018,0.04815111876126954,0.06521589047192866,8,0.8896734333627537,7777.3678841219935,864.9146984990036,0.15997930621606402,0.92157351037247,,0.04815111876126954,B1,B1 SCHD:SPY:QQQ=2:3:5,S2,2013–2021,적용,보정
17181.99496671329,16025.621994708097,23029027.853885822,0.12289078076403959,0.10629260482237424,0.1515158693216705,-0.2757463100482428,2022-01-03,2022-10-12,485,True,0.18605327360124888,0.495782863625437,0.7118202216776546,0.44566609338322394,-0.23048312110221003,2022,0.04859586565212615,,4,0.8549618320610687,1156.3729720051929,247.16368867286565,0.06730143817673305,0.41221177654316604,,0.04859586565212615,B1,B1 SCHD:SPY:QQQ=2:3:5,S3,2022–2026,적용,보정
28202.88913556109,24610.595817167967,32587310.280575417,0.053370587806867986,0.04620485809973429,0.05464067486628643,-0.7225587868598925,2000-03-24,2002-10-09,3417,True,0.2283531809326042,0.26851854776014733,0.3817300045376131,0.07386331572937717,-0.39886758574106185,2008,-0.30767922582139995,-0.13879813255061113,19,0.9518886679920477,3592.2933183931264,179.97175273062982,0.12737323829222855,0.23871633924253474,-0.05108694122138513,-0.30767922582139995,B2,B2 SCHD:SPY:QQQ=1:3:6,A,A 2000–2019,적용,보정
30105.432571619705,26311.933575190087,40350311.27574189,0.17948154276882233,0.155947668715261,0.20557810423141976,-0.3008573873733701,2020-02-19,2020-03-23,491,True,0.2203022028198583,0.7269022790625114,1.031622385638154,0.5965668462914694,-0.2545105079327221,2022,0.051590578911635765,0.12198753655590888,6,0.8978622327790974,3793.4989964296187,567.6732464965937,0.1260071247076429,0.6255501464625927,,0.051590578911635765,B2,B2 SCHD:SPY:QQQ=1:3:6,B,B 2020–2026,적용,보정
86198.5827179534,71018.56540408466,115531960.41687293,0.08423560847120992,0.076382203228331,0.09127509003938838,-0.7225587868598925,2000-03-24,2002-10-09,3417,True,0.22636178912500238,0.38264312916515875,0.5437841657633283,0.11657959186584994,-0.39886758574106185,2008,-0.30767922582139995,-0.13879813255061113,26,0.9757259865971706,15138.205912565865,568.105419205748,0.17562012547351186,0.34947101087794796,-0.05108694122138513,-0.30767922582139995,B2,B2 SCHD:SPY:QQQ=1:3:6,C,C 2000–2026,적용,보정
9213.377080252418,9213.377080252418,9796031.046807582,-0.006221125637752678,-0.006221125637752678,-0.010741682999425906,-0.7225587868598925,2000-03-24,2002-10-09,3211,False,0.26291093702575274,0.02568335165875668,0.03655679485189358,-0.008609853967437785,-0.39886758574106185,2008,-0.30767922582139995,-0.13879813255061113,12,0.9253365973072215,0.0,0.0,0.0,0.02568335165875668,-0.05108694122138513,-0.30767922582139995,B2,B2 SCHD:SPY:QQQ=1:3:6,S1,2000–2012,적용,보정
51530.387602877236,43095.08684707037,61248503.40090385,0.20015202059367376,0.17652853238908217,0.2151115377778423,-0.3008573873733703,2020-02-19,2020-03-23,152,True,0.17731609122574768,1.081304132847111,1.5155268536268465,0.6652720823679856,-0.021953526150033542,2018,0.05891316065645058,0.07324404100009962,8,0.8896734333627537,8435.300755806864,938.0828731082655,0.16369565897338356,0.9332949234559584,,0.05891316065645058,B2,B2 SCHD:SPY:QQQ=1:3:6,S2,2013–2021,적용,보정
17444.502982812726,16217.817040332522,23380867.347863898,0.1265358056641248,0.10911518413490473,0.15525381435463692,-0.29621703715021064,2022-01-03,2022-10-14,486,True,0.1988992806802942,0.4924578306404681,0.7072223537071595,0.42717261262713574,-0.26003772072571407,2022,0.05159057891163599,,4,0.8549618320610687,1226.6859424802017,262.192415186608,0.07031934034972503,0.41107872148988983,,0.05159057891163599,B2,B2 SCHD:SPY:QQQ=1:3:6,S3,2022–2026,적용,보정
28823.17514288873,25126.637005838136,33304025.95060221,0.05451931300953139,0.04729309485272992,0.05579078512852109,-0.6537533239276274,2000-03-24,2002-10-09,3291,True,0.21029520287010245,0.2780132825928003,0.39440623776616396,0.08339431864298537,-0.3893986864839609,2008,-0.26174649660649174,-0.10523404423228344,19,0.9518886679920477,3696.5381370505916,185.1943559715207,0.1282488177907285,0.24518470752285051,-0.03973846258231817,-0.26174649660649174,B3,B3 SCHD:SPY:QQQ=3:3:4,A,A 2000–2019,적용,보정
27762.504018799762,24554.33450611915,37210084.13639732,0.16526781216683717,0.14405046410802913,0.1910498884248617,-0.31046401179288097,2020-02-19,2020-03-23,490,True,0.2016977841602878,0.714327993979524,1.0115389014134002,0.5323251838834443,-0.19654567094227415,2022,0.04457323502927357,0.1154687405592636,6,0.8978622327790974,3208.169512680612,480.0823736315405,0.11555764244133583,0.6126262338710211,,0.04457323502927357,B3,B3 SCHD:SPY:QQQ=3:3:4,B,B 2020–2026,적용,보정
81016.99856595599,67278.07858194693,108587083.17795081,0.0817160295851902,0.07419880676505097,0.08873915259717546,-0.6537533239276274,2000-03-24,2002-10-09,3291,True,0.20816837567657268,0.3859837990103647,0.5473637911930652,0.12499520322781016,-0.3893986864839609,2008,-0.26174649660649174,-0.10523404423228344,26,0.9757259865971706,13669.003915118046,512.9693204184285,0.16871772784806513,0.35101341450326834,-0.03973846258231817,-0.26174649660649174,B3,B3 SCHD:SPY:QQQ=3:3:4,C,C 2000–2026,적용,보정
10110.47215376006,10110.47215376006,10749858.412763847,0.0009246951731289865,0.0009246951731289865,-0.0036283675010488903,-0.6537533239276274,2000-03-24,2002-10-09,3211,False,0.24168365414097714,0.03554716929394716,0.050474669871956354,0.0014144404919788267,-0.3893986864839609,2008,-0.26174649660649174,-0.10523404423228344,12,0.9253365973072215,0.0,0.0,0.0,0.03554716929394716,-0.03973846258231817,-0.26174649660649174,B3,B3 SCHD:SPY:QQQ=3:3:4,S1,2000–2012,적용,보정
45819.879293438426,38649.64912444054,54461050.32938798,0.18457766418800436,0.16236961488253132,0.19934305192166568,-0.31046401179288097,2020-02-19,2020-03-23,144,True,0.16803509666167663,1.0536564890558877,1.475976127562189,0.5945219322590638,-0.03336123009808034,2018,0.03659718677567736,0.05713264764325676,8,0.8896734333627537,7170.230168997883,797.395411556693,0.15648732121441197,0.9057589607671693,,0.03659718677567736,B3,B3 SCHD:SPY:QQQ=3:3:4,S2,2013–2021,적용,보정
16869.529600736034,15792.470314758997,22610230.523866504,0.11849455263964592,0.10283258256337624,0.1470075711531229,-0.25649678911775786,2022-01-03,2022-10-12,485,True,0.17443070156401214,0.4943378937827457,0.7092172404261572,0.46197284982481784,-0.20092852147870588,2022,0.04457323502927335,,4,0.8549618320610687,1077.0592859770363,230.21114509432837,0.06384643267883672,0.40955750088100334,,0.04457323502927335,B3,B3 SCHD:SPY:QQQ=3:3:4,S3,2022–2026,적용,보정
30310.7944361223,26318.420560249822,35022910.539161876,0.05718133162524963,0.04972735206526924,0.058456013436473775,-0.5542179376787053,2007-10-09,2009-03-09,1682,True,0.1896928285124282,0.2999105128704443,0.42310825745222097,0.1031748121772254,-0.3702113282520283,2008,-0.17576793444169414,-0.0867881781851143,0,0.0,3992.3738758724767,200.0155500437106,0.13171459046664388,0.2619816374273099,-0.020627620006592018,-0.17576793444169414,SPY,SPY 100%,A,A 2000–2019,적용,보정
25035.61553415268,22138.13600711137,33555235.50042483,0.14737846356931694,0.12645317324641092,0.17276472991572156,-0.33737498940996,2020-02-19,2020-03-23,488,True,0.20090687114278202,0.639297155303416,0.900718907078559,0.4368387349253994,-0.1837639055565209,2022,0.043826100608833185,0.11332828667807959,0,0.0,2897.479527041307,433.5895729301718,0.11573430352006606,0.5391186786105507,,0.043826100608833185,SPY,SPY 100%,B,B 2020–2026,적용,보정
76746.54421151195,62472.6603754516,102863393.20668946,0.07952004078743102,0.07121558548938589,0.08652890617630837,-0.5542179376787053,2007-10-09,2009-03-09,1682,True,0.19255919735602398,0.3905765783180306,0.5508277111857658,0.1434815356581455,-0.3702113282520283,2008,-0.17576793444169414,-0.0867881781851143,0,0.0,14273.883836060348,535.6692072505149,0.1859873168584869,0.34817921142371666,-0.020627620006592018,-0.17576793444169414,SPY,SPY 100%,C,C 2000–2026,적용,보정
11939.97478005935,11939.97478005935,12695058.785150304,0.013844411802170109,0.013844411802170109,0.0092325791927228,-0.5542179376787053,2007-10-09,2009-03-09,1682,True,0.21568376742701154,0.07188856811592641,0.10153299274205464,0.024980086101428347,-0.3702113282520283,2008,-0.17576793444169414,-0.0867881781851143,0,0.0,0.0,0.0,0.0,0.07188856811592641,-0.020627620006592018,-0.17576793444169414,SPY,SPY 100%,S1,2000–2012,적용,보정
37446.50070234506,31871.00370223899,44508536.26980031,0.15828882599898964,0.13770718426601758,0.1727265316391393,-0.33737498940996036,2020-02-19,2020-03-23,188,True,0.16428011930163128,0.9372886627548258,1.3008659822291557,0.46917771313108625,-0.04848729080585357,2018,0.0007353704819517137,0.028891597449670847,0,0.0,5575.4970001060665,620.0464448485122,0.14889233694824,0.7994671054452989,,0.0007353704819517137,SPY,SPY 100%,S2,2013–2021,적용,보정
16573.786751940683,15537.909556986015,22213846.383626096,0.1142742246427555,0.09900867262269641,0.14267965721401743,-0.246371223696625,2022-01-03,2022-10-12,488,True,0.1737959089812689,0.47365849734925297,0.6808363765791259,0.4638294315713987,-0.1884618468122321,2022,0.04382610060883341,,0,0.0,1035.8771949546676,221.40886609718086,0.06250093659696528,0.39087723484163833,,0.04382610060883341,SPY,SPY 100%,S3,2022–2026,적용,보정
25074.46305025734,22234.08207927515,28972539.076050345,0.04718403902829671,0.040895670657892014,0.04844666674184306,-0.8296413105860335,2000-03-27,2002-10-09,3791,True,0.2733948748550535,0.24385723805754392,0.34769325584911986,0.056872817718017596,-0.4175868971614042,2008,-0.40158694605125456,-0.2085613128393643,0,0.0,2840.3809709821858,142.30139258201012,0.11327783830461866,0.22214041695057787,-0.08222703573241208,-0.40158694605125456,QQQ,QQQ 100%,A,A 2000–2019,적용,보정
33606.370477040095,28823.324862563553,45042618.35037684,0.1990592325716043,0.1718250135949262,0.22558895925697797,-0.3517822059268173,2021-11-19,2022-11-03,517,True,0.24866457991292387,0.7369792944488529,1.0492239257789069,0.5658592993558503,-0.3265122167874993,2022,0.05370992118893847,0.125419748071119,0,0.0,4783.0456144765385,715.7526691496957,0.14232556347447042,0.6356719892773206,,0.05370992118893847,QQQ,QQQ 100%,B,B 2020–2026,적용,보정
85844.71693544846,69569.23510012208,115057674.10858157,0.08406823906227112,0.07554963825425176,0.09110663397192242,-0.8296413105860335,2000-03-27,2002-10-09,3791,True,0.26741087481925824,0.3610668684202451,0.5146823091092778,0.10133082573104739,-0.4175868971614042,2008,-0.40158694605125456,-0.2085613128393643,0,0.0,16275.48183532638,610.785021966083,0.18959211954260205,0.33133757129169245,-0.08222703573241208,-0.40158694605125456,QQQ,QQQ 100%,C,C 2000–2026,적용,보정
7215.339235101486,7215.339235101486,7671637.288329304,-0.02477807935259757,-0.02477807935259757,-0.029214223797182193,-0.8296413105860335,2000-03-27,2002-10-09,3210,False,0.31789671847402984,0.01188284536292602,0.016967089460146148,-0.029866014428687363,-0.4175868971614042,2008,-0.40158694605125456,-0.2085613128393643,0,0.0,0.0,0.0,0.0,0.01188284536292602,-0.08222703573241208,-0.40158694605125456,QQQ,QQQ 100%,S1,2000–2012,적용,보정
63463.14424513329,52163.985665613814,75431658.61832297,0.2282762097267137,0.20178419323160024,0.24358628607622723,-0.2855937282640194,2020-02-19,2020-03-16,163,True,0.19457509746759089,1.1210722160212532,1.5770081805398717,0.7993040012268124,-0.0025423737458447615,2018,0.09565080271988147,0.10320316259943296,0,0.0,11299.158579519477,1256.5701509439136,0.17804284224990885,0.9725099860972586,,0.09565080271988147,QQQ,QQQ 100%,S2,2013–2021,적용,보정
17924.573663236395,16591.52334779667,24024306.08083574,0.1330916781620286,0.11452899254384952,0.16197681123724483,-0.34875986440791773,2022-01-03,2022-11-03,487,True,0.23254886821702545,0.47730815289396766,0.6845727026109741,0.3816140896486915,-0.3329339518650689,2022,0.053709921188939136,,0,0.0,1333.0503154397247,284.92678497948316,0.0743699872858808,0.4044336852837703,,0.053709921188939136,QQQ,QQQ 100%,S3,2022–2026,적용,보정
34175.03227461643,29879.766162882373,39487882.7920283,0.06355571661618042,0.056423031673994206,0.06483808425419957,-0.42873869238585416,2007-10-12,2009-03-09,1420,True,0.14308036819119072,0.3854906953832022,0.5438255469205165,0.1482388171277573,-0.2641025479266187,2008,-0.11810978611074219,-0.03976235972011155,7,0.3506958250497018,4295.2661117340585,215.19027040894292,0.12568433226980083,0.3350872059408692,0.011282827536411189,-0.11810978611074219,C100,"코어100 (SPY60/SCHD20/IEF10/GLD10, 5/25 밴드)",A,A 2000–2019,적용,보정
22715.91030838713,20452.57152719211,30446134.58633127,0.13080447964699826,0.11318264583226134,0.15582403911887766,-0.2650509867172298,2020-02-19,2020-03-23,488,True,0.15297685803975272,0.6887906695578937,0.9700181035911931,0.49350685793351634,-0.13302669884861673,2022,0.04428787453798244,0.10743756526409798,3,0.4489311163895487,2263.3387811950215,338.69440193654714,0.09963671939483558,0.5716490370599183,,0.04428787453798244,C100,"코어100 (SPY60/SCHD20/IEF10/GLD10, 5/25 밴드)",B,B 2020–2026,적용,보정
78711.28811167859,65348.48025924714,105496739.4560828,0.08054460151665155,0.07302634382629303,0.08756011894343718,-0.42873869238585416,2007-10-12,2009-03-09,1420,True,0.146042878323401,0.46754413658679894,0.6592027088821416,0.18786408352471115,-0.2641025479266187,2008,-0.11810978611074219,-0.03976235972011155,10,0.3752792256142964,13312.360565308909,499.5852364047424,0.1691289887979069,0.41323524306393433,0.011282827536411189,-0.11810978611074219,C100,"코어100 (SPY60/SCHD20/IEF10/GLD10, 5/25 밴드)",C,C 2000–2026,적용,보정
15932.500723726025,15388.813266703912,16940072.06949446,0.03664932022504641,0.0338775828553588,0.031933751362683394,-0.42873869238585416,2007-10-12,2009-03-09,1420,True,0.16195420379646067,0.1705862204231855,0.2407931335223639,0.0854817185290637,-0.2641025479266187,2008,-0.11810978611074219,-0.03976235972011155,5,0.38555691554467564,543.6874570221156,41.924491789955056,0.03412442694651685,0.1540618768931968,0.011282827536411189,-0.11810978611074219,C100,"코어100 (SPY60/SCHD20/IEF10/GLD10, 5/25 밴드)",S1,2000–2012,적용,보정
30168.768550579982,26327.15653791871,35858296.61153386,0.1307835411495495,0.11378419867265577,0.14487840207144664,-0.27052231202586396,2020-02-19,2020-03-23,219,True,0.12768340968798192,0.9754833099809349,1.3557349068036337,0.483448260404656,-0.04233185482046342,2018,0.015382395051560138,0.03445031050506797,2,0.22241835834068843,3841.61201266127,427.22251861899383,0.12733738224086102,0.8192551601444289,,0.015382395051560138,C100,"코어100 (SPY60/SCHD20/IEF10/GLD10, 5/25 밴드)",S2,2013–2021,적용,보정
15967.967460806274,15096.773089880651,21401866.78771865,0.10544070124850768,0.09226383730560883,0.13362094683474113,-0.2044307454722144,2022-01-04,2022-09-30,488,True,0.13173246220829107,0.5158367889408927,0.7412864273384399,0.5157771205351245,-0.1343725391437529,2022,0.044287874537982,,2,0.42748091603053434,871.1943709256232,186.20948386196525,0.054558876893003996,0.4183015974979056,,0.044287874537982,C100,"코어100 (SPY60/SCHD20/IEF10/GLD10, 5/25 밴드)",S3,2022–2026,적용,보정
