date,TQQQ_syn,QLD_syn,TQQQ_syn_cal,QLD_syn_cal
1993-01-29,,,,
1993-02-01,,,,
1993-02-02,,,,
1993-02-03,,,,
1993-02-04,,,,
1993-02-05,,,,
1993-02-08,,,,
1993-02-09,,,,
1993-02-10,,,,
1993-02-11,,,,
1993-02-12,,,,
1993-02-16,,,,
1993-02-17,,,,
1993-02-18,,,,
1993-02-19,,,,
1993-02-22,,,,
1993-02-23,,,,
1993-02-24,,,,
1993-02-25,,,,
1993-02-26,,,,
1993-03-01,,,,
1993-03-02,,,,
1993-03-03,,,,
1993-03-04,,,,
1993-03-05,,,,
1993-03-08,,,,
1993-03-09,,,,
1993-03-10,,,,
1993-03-11,,,,
1993-03-12,,,,
1993-03-15,,,,
1993-03-16,,,,
1993-03-17,,,,
1993-03-18,,,,
1993-03-19,,,,
1993-03-22,,,,
1993-03-23,,,,
1993-03-24,,,,
1993-03-25,,,,
1993-03-26,,,,
1993-03-29,,,,
1993-03-30,,,,
1993-03-31,,,,
1993-04-01,,,,
1993-04-02,,,,
1993-04-05,,,,
1993-04-06,,,,
1993-04-07,,,,
1993-04-08,,,,
1993-04-12,,,,
1993-04-13,,,,
1993-04-14,,,,
1993-04-15,,,,
1993-04-16,,,,
1993-04-19,,,,
1993-04-20,,,,
1993-04-21,,,,
1993-04-22,,,,
1993-04-23,,,,
1993-04-26,,,,
1993-04-27,,,,
1993-04-28,,,,
1993-04-29,,,,
1993-04-30,,,,
1993-05-03,,,,
1993-05-04,,,,
1993-05-05,,,,
1993-05-06,,,,
1993-05-07,,,,
1993-05-10,,,,
1993-05-11,,,,
1993-05-12,,,,
1993-05-13,,,,
1993-05-14,,,,
1993-05-17,,,,
1993-05-18,,,,
1993-05-19,,,,
1993-05-20,,,,
1993-05-21,,,,
1993-05-24,,,,
1993-05-25,,,,
1993-05-26,,,,
1993-05-27,,,,
1993-05-28,,,,
1993-06-01,,,,
1993-06-02,,,,
1993-06-03,,,,
1993-06-04,,,,
1993-06-07,,,,
1993-06-08,,,,
1993-06-09,,,,
1993-06-10,,,,
1993-06-11,,,,
1993-06-14,,,,
1993-06-15,,,,
1993-06-16,,,,
1993-06-17,,,,
1993-06-18,,,,
1993-06-21,,,,
1993-06-22,,,,
1993-06-23,,,,
1993-06-24,,,,
1993-06-25,,,,
1993-06-28,,,,
1993-06-29,,,,
1993-06-30,,,,
1993-07-01,,,,
1993-07-02,,,,
1993-07-06,,,,
1993-07-07,,,,
1993-07-08,,,,
1993-07-09,,,,
1993-07-12,,,,
1993-07-13,,,,
1993-07-14,,,,
1993-07-15,,,,
1993-07-16,,,,
1993-07-19,,,,
1993-07-20,,,,
1993-07-21,,,,
1993-07-22,,,,
1993-07-23,,,,
1993-07-26,,,,
1993-07-27,,,,
1993-07-28,,,,
1993-07-29,,,,
1993-07-30,,,,
1993-08-02,,,,
1993-08-03,,,,
1993-08-04,,,,
1993-08-05,,,,
1993-08-06,,,,
1993-08-09,,,,
1993-08-10,,,,
1993-08-11,,,,
1993-08-12,,,,
1993-08-13,,,,
1993-08-16,,,,
1993-08-17,,,,
1993-08-18,,,,
1993-08-19,,,,
1993-08-20,,,,
1993-08-23,,,,
1993-08-24,,,,
1993-08-25,,,,
1993-08-26,,,,
1993-08-27,,,,
1993-08-30,,,,
1993-08-31,,,,
1993-09-01,,,,
1993-09-02,,,,
1993-09-03,,,,
1993-09-07,,,,
1993-09-08,,,,
1993-09-09,,,,
1993-09-10,,,,
1993-09-13,,,,
1993-09-14,,,,
1993-09-15,,,,
1993-09-16,,,,
1993-09-17,,,,
1993-09-20,,,,
1993-09-21,,,,
1993-09-22,,,,
1993-09-23,,,,
1993-09-24,,,,
1993-09-27,,,,
1993-09-28,,,,
1993-09-29,,,,
1993-09-30,,,,
1993-10-01,,,,
1993-10-04,,,,
1993-10-05,,,,
1993-10-06,,,,
1993-10-07,,,,
1993-10-08,,,,
1993-10-11,,,,
1993-10-12,,,,
1993-10-13,,,,
1993-10-14,,,,
1993-10-15,,,,
1993-10-18,,,,
1993-10-19,,,,
1993-10-20,,,,
1993-10-21,,,,
1993-10-22,,,,
1993-10-25,,,,
1993-10-26,,,,
1993-10-27,,,,
1993-10-28,,,,
1993-10-29,,,,
1993-11-01,,,,
1993-11-02,,,,
1993-11-03,,,,
1993-11-04,,,,
1993-11-05,,,,
1993-11-08,,,,
1993-11-09,,,,
1993-11-10,,,,
1993-11-11,,,,
1993-11-12,,,,
1993-11-15,,,,
1993-11-16,,,,
1993-11-17,,,,
1993-11-18,,,,
1993-11-19,,,,
1993-11-22,,,,
1993-11-23,,,,
1993-11-24,,,,
1993-11-26,,,,
1993-11-29,,,,
1993-11-30,,,,
1993-12-01,,,,
1993-12-02,,,,
1993-12-03,,,,
1993-12-06,,,,
1993-12-07,,,,
1993-12-08,,,,
1993-12-09,,,,
1993-12-10,,,,
1993-12-13,,,,
1993-12-14,,,,
1993-12-15,,,,
1993-12-16,,,,
1993-12-17,,,,
1993-12-20,,,,
1993-12-21,,,,
1993-12-22,,,,
1993-12-23,,,,
1993-12-27,,,,
1993-12-28,,,,
1993-12-29,,,,
1993-12-30,,,,
1993-12-31,,,,
1994-01-03,,,,
1994-01-04,,,,
1994-01-05,,,,
1994-01-06,,,,
1994-01-07,,,,
1994-01-10,,,,
1994-01-11,,,,
1994-01-12,,,,
1994-01-13,,,,
1994-01-14,,,,
1994-01-17,,,,
1994-01-18,,,,
1994-01-19,,,,
1994-01-20,,,,
1994-01-21,,,,
1994-01-24,,,,
1994-01-25,,,,
1994-01-26,,,,
1994-01-27,,,,
1994-01-28,,,,
1994-01-31,,,,
1994-02-01,,,,
1994-02-02,,,,
1994-02-03,,,,
1994-02-04,,,,
1994-02-07,,,,
1994-02-08,,,,
1994-02-09,,,,
1994-02-10,,,,
1994-02-11,,,,
1994-02-14,,,,
1994-02-15,,,,
1994-02-16,,,,
1994-02-17,,,,
1994-02-18,,,,
1994-02-22,,,,
1994-02-23,,,,
1994-02-24,,,,
1994-02-25,,,,
1994-02-28,,,,
1994-03-01,,,,
1994-03-02,,,,
1994-03-03,,,,
1994-03-04,,,,
1994-03-07,,,,
1994-03-08,,,,
1994-03-09,,,,
1994-03-10,,,,
1994-03-11,,,,
1994-03-14,,,,
1994-03-15,,,,
1994-03-16,,,,
1994-03-17,,,,
1994-03-18,,,,
1994-03-21,,,,
1994-03-22,,,,
1994-03-23,,,,
1994-03-24,,,,
1994-03-25,,,,
1994-03-28,,,,
1994-03-29,,,,
1994-03-30,,,,
1994-03-31,,,,
1994-04-04,,,,
1994-04-05,,,,
1994-04-06,,,,
1994-04-07,,,,
1994-04-08,,,,
1994-04-11,,,,
1994-04-12,,,,
1994-04-13,,,,
1994-04-14,,,,
1994-04-15,,,,
1994-04-18,,,,
1994-04-19,,,,
1994-04-20,,,,
1994-04-21,,,,
1994-04-22,,,,
1994-04-25,,,,
1994-04-26,,,,
1994-04-28,,,,
1994-04-29,,,,
1994-05-02,,,,
1994-05-03,,,,
1994-05-04,,,,
1994-05-05,,,,
1994-05-06,,,,
1994-05-09,,,,
1994-05-10,,,,
1994-05-11,,,,
1994-05-12,,,,
1994-05-13,,,,
1994-05-16,,,,
1994-05-17,,,,
1994-05-18,,,,
1994-05-19,,,,
1994-05-20,,,,
1994-05-23,,,,
1994-05-24,,,,
1994-05-25,,,,
1994-05-26,,,,
1994-05-27,,,,
1994-05-31,,,,
1994-06-01,,,,
1994-06-02,,,,
1994-06-03,,,,
1994-06-06,,,,
1994-06-07,,,,
1994-06-08,,,,
1994-06-09,,,,
1994-06-10,,,,
1994-06-13,,,,
1994-06-14,,,,
1994-06-15,,,,
1994-06-16,,,,
1994-06-17,,,,
1994-06-20,,,,
1994-06-21,,,,
1994-06-22,,,,
1994-06-23,,,,
1994-06-24,,,,
1994-06-27,,,,
1994-06-28,,,,
1994-06-29,,,,
1994-06-30,,,,
1994-07-01,,,,
1994-07-05,,,,
1994-07-06,,,,
1994-07-07,,,,
1994-07-08,,,,
1994-07-11,,,,
1994-07-12,,,,
1994-07-13,,,,
1994-07-14,,,,
1994-07-15,,,,
1994-07-18,,,,
1994-07-19,,,,
1994-07-20,,,,
1994-07-21,,,,
1994-07-22,,,,
1994-07-25,,,,
1994-07-26,,,,
1994-07-27,,,,
1994-07-28,,,,
1994-07-29,,,,
1994-08-01,,,,
1994-08-02,,,,
1994-08-03,,,,
1994-08-04,,,,
1994-08-05,,,,
1994-08-08,,,,
1994-08-09,,,,
1994-08-10,,,,
1994-08-11,,,,
1994-08-12,,,,
1994-08-15,,,,
1994-08-16,,,,
1994-08-17,,,,
1994-08-18,,,,
1994-08-19,,,,
1994-08-22,,,,
1994-08-23,,,,
1994-08-24,,,,
1994-08-25,,,,
1994-08-26,,,,
1994-08-29,,,,
1994-08-30,,,,
1994-08-31,,,,
1994-09-01,,,,
1994-09-02,,,,
1994-09-06,,,,
1994-09-07,,,,
1994-09-08,,,,
1994-09-09,,,,
1994-09-12,,,,
1994-09-13,,,,
1994-09-14,,,,
1994-09-15,,,,
1994-09-16,,,,
1994-09-19,,,,
1994-09-20,,,,
1994-09-21,,,,
1994-09-22,,,,
1994-09-23,,,,
1994-09-26,,,,
1994-09-27,,,,
1994-09-28,,,,
1994-09-29,,,,
1994-09-30,,,,
1994-10-03,,,,
1994-10-04,,,,
1994-10-05,,,,
1994-10-06,,,,
1994-10-07,,,,
1994-10-10,,,,
1994-10-11,,,,
1994-10-12,,,,
1994-10-13,,,,
1994-10-14,,,,
1994-10-17,,,,
1994-10-18,,,,
1994-10-19,,,,
1994-10-20,,,,
1994-10-21,,,,
1994-10-24,,,,
1994-10-25,,,,
1994-10-26,,,,
1994-10-27,,,,
1994-10-28,,,,
1994-10-31,,,,
1994-11-01,,,,
1994-11-02,,,,
1994-11-03,,,,
1994-11-04,,,,
1994-11-07,,,,
1994-11-08,,,,
1994-11-09,,,,
1994-11-10,,,,
1994-11-11,,,,
1994-11-14,,,,
1994-11-15,,,,
1994-11-16,,,,
1994-11-17,,,,
1994-11-18,,,,
1994-11-21,,,,
1994-11-22,,,,
1994-11-23,,,,
1994-11-25,,,,
1994-11-28,,,,
1994-11-29,,,,
1994-11-30,,,,
1994-12-01,,,,
1994-12-02,,,,
1994-12-05,,,,
1994-12-06,,,,
1994-12-07,,,,
1994-12-08,,,,
1994-12-09,,,,
1994-12-12,,,,
1994-12-13,,,,
1994-12-14,,,,
1994-12-15,,,,
1994-12-16,,,,
1994-12-19,,,,
1994-12-20,,,,
1994-12-21,,,,
1994-12-22,,,,
1994-12-23,,,,
1994-12-27,,,,
1994-12-28,,,,
1994-12-29,,,,
1994-12-30,,,,
1995-01-03,,,,
1995-01-04,,,,
1995-01-05,,,,
1995-01-06,,,,
1995-01-09,,,,
1995-01-10,,,,
1995-01-11,,,,
1995-01-12,,,,
1995-01-13,,,,
1995-01-16,,,,
1995-01-17,,,,
1995-01-18,,,,
1995-01-19,,,,
1995-01-20,,,,
1995-01-23,,,,
1995-01-24,,,,
1995-01-25,,,,
1995-01-26,,,,
1995-01-27,,,,
1995-01-30,,,,
1995-01-31,,,,
1995-02-01,,,,
1995-02-02,,,,
1995-02-03,,,,
1995-02-06,,,,
1995-02-07,,,,
1995-02-08,,,,
1995-02-09,,,,
1995-02-10,,,,
1995-02-13,,,,
1995-02-14,,,,
1995-02-15,,,,
1995-02-16,,,,
1995-02-17,,,,
1995-02-21,,,,
1995-02-22,,,,
1995-02-23,,,,
1995-02-24,,,,
1995-02-27,,,,
1995-02-28,,,,
1995-03-01,,,,
1995-03-02,,,,
1995-03-03,,,,
1995-03-06,,,,
1995-03-07,,,,
1995-03-08,,,,
1995-03-09,,,,
1995-03-10,,,,
1995-03-13,,,,
1995-03-14,,,,
1995-03-15,,,,
1995-03-16,,,,
1995-03-17,,,,
1995-03-20,,,,
1995-03-21,,,,
1995-03-22,,,,
1995-03-23,,,,
1995-03-24,,,,
1995-03-27,,,,
1995-03-28,,,,
1995-03-29,,,,
1995-03-30,,,,
1995-03-31,,,,
1995-04-03,,,,
1995-04-04,,,,
1995-04-05,,,,
1995-04-06,,,,
1995-04-07,,,,
1995-04-10,,,,
1995-04-11,,,,
1995-04-12,,,,
1995-04-13,,,,
1995-04-17,,,,
1995-04-18,,,,
1995-04-19,,,,
1995-04-20,,,,
1995-04-21,,,,
1995-04-24,,,,
1995-04-25,,,,
1995-04-26,,,,
1995-04-27,,,,
1995-04-28,,,,
1995-05-01,,,,
1995-05-02,,,,
1995-05-03,,,,
1995-05-04,,,,
1995-05-05,,,,
1995-05-08,,,,
1995-05-09,,,,
1995-05-10,,,,
1995-05-11,,,,
1995-05-12,,,,
1995-05-15,,,,
1995-05-16,,,,
1995-05-17,,,,
1995-05-18,,,,
1995-05-19,,,,
1995-05-22,,,,
1995-05-23,,,,
1995-05-24,,,,
1995-05-25,,,,
1995-05-26,,,,
1995-05-30,,,,
1995-05-31,,,,
1995-06-01,,,,
1995-06-02,,,,
1995-06-05,,,,
1995-06-06,,,,
1995-06-07,,,,
1995-06-08,,,,
1995-06-09,,,,
1995-06-12,,,,
1995-06-13,,,,
1995-06-14,,,,
1995-06-15,,,,
1995-06-16,,,,
1995-06-19,,,,
1995-06-20,,,,
1995-06-21,,,,
1995-06-22,,,,
1995-06-23,,,,
1995-06-26,,,,
1995-06-27,,,,
1995-06-28,,,,
1995-06-29,,,,
1995-06-30,,,,
1995-07-03,,,,
1995-07-05,,,,
1995-07-06,,,,
1995-07-07,,,,
1995-07-10,,,,
1995-07-11,,,,
1995-07-12,,,,
1995-07-13,,,,
1995-07-14,,,,
1995-07-17,,,,
1995-07-18,,,,
1995-07-19,,,,
1995-07-20,,,,
1995-07-21,,,,
1995-07-24,,,,
1995-07-25,,,,
1995-07-26,,,,
1995-07-27,,,,
1995-07-28,,,,
1995-07-31,,,,
1995-08-01,,,,
1995-08-02,,,,
1995-08-03,,,,
1995-08-04,,,,
1995-08-07,,,,
1995-08-08,,,,
1995-08-09,,,,
1995-08-10,,,,
1995-08-11,,,,
1995-08-14,,,,
1995-08-15,,,,
1995-08-16,,,,
1995-08-17,,,,
1995-08-18,,,,
1995-08-21,,,,
1995-08-22,,,,
1995-08-23,,,,
1995-08-24,,,,
1995-08-25,,,,
1995-08-28,,,,
1995-08-29,,,,
1995-08-30,,,,
1995-08-31,,,,
1995-09-01,,,,
1995-09-05,,,,
1995-09-06,,,,
1995-09-07,,,,
1995-09-08,,,,
1995-09-11,,,,
1995-09-12,,,,
1995-09-13,,,,
1995-09-14,,,,
1995-09-15,,,,
1995-09-18,,,,
1995-09-19,,,,
1995-09-20,,,,
1995-09-21,,,,
1995-09-22,,,,
1995-09-25,,,,
1995-09-26,,,,
1995-09-27,,,,
1995-09-28,,,,
1995-09-29,,,,
1995-10-02,,,,
1995-10-03,,,,
1995-10-04,,,,
1995-10-05,,,,
1995-10-06,,,,
1995-10-09,,,,
1995-10-10,,,,
1995-10-11,,,,
1995-10-12,,,,
1995-10-13,,,,
1995-10-16,,,,
1995-10-17,,,,
1995-10-18,,,,
1995-10-19,,,,
1995-10-20,,,,
1995-10-23,,,,
1995-10-24,,,,
1995-10-25,,,,
1995-10-26,,,,
1995-10-27,,,,
1995-10-30,,,,
1995-10-31,,,,
1995-11-01,,,,
1995-11-02,,,,
1995-11-03,,,,
1995-11-06,,,,
1995-11-07,,,,
1995-11-08,,,,
1995-11-09,,,,
1995-11-10,,,,
1995-11-13,,,,
1995-11-14,,,,
1995-11-15,,,,
1995-11-16,,,,
1995-11-17,,,,
1995-11-20,,,,
1995-11-21,,,,
1995-11-22,,,,
1995-11-24,,,,
1995-11-27,,,,
1995-11-28,,,,
1995-11-29,,,,
1995-11-30,,,,
1995-12-01,,,,
1995-12-04,,,,
1995-12-05,,,,
1995-12-06,,,,
1995-12-07,,,,
1995-12-08,,,,
1995-12-11,,,,
1995-12-12,,,,
1995-12-13,,,,
1995-12-14,,,,
1995-12-15,,,,
1995-12-18,,,,
1995-12-19,,,,
1995-12-20,,,,
1995-12-21,,,,
1995-12-22,,,,
1995-12-26,,,,
1995-12-27,,,,
1995-12-28,,,,
1995-12-29,,,,
1996-01-02,,,,
1996-01-03,,,,
1996-01-04,,,,
1996-01-05,,,,
1996-01-08,,,,
1996-01-09,,,,
1996-01-10,,,,
1996-01-11,,,,
1996-01-12,,,,
1996-01-15,,,,
1996-01-16,,,,
1996-01-17,,,,
1996-01-18,,,,
1996-01-19,,,,
1996-01-22,,,,
1996-01-23,,,,
1996-01-24,,,,
1996-01-25,,,,
1996-01-26,,,,
1996-01-29,,,,
1996-01-30,,,,
1996-01-31,,,,
1996-02-01,,,,
1996-02-02,,,,
1996-02-05,,,,
1996-02-06,,,,
1996-02-07,,,,
1996-02-08,,,,
1996-02-09,,,,
1996-02-12,,,,
1996-02-13,,,,
1996-02-14,,,,
1996-02-15,,,,
1996-02-16,,,,
1996-02-20,,,,
1996-02-21,,,,
1996-02-22,,,,
1996-02-23,,,,
1996-02-26,,,,
1996-02-27,,,,
1996-02-28,,,,
1996-02-29,,,,
1996-03-01,,,,
1996-03-04,,,,
1996-03-05,,,,
1996-03-06,,,,
1996-03-07,,,,
1996-03-08,,,,
1996-03-11,,,,
1996-03-12,,,,
1996-03-13,,,,
1996-03-14,,,,
1996-03-15,,,,
1996-03-18,,,,
1996-03-19,,,,
1996-03-20,,,,
1996-03-21,,,,
1996-03-22,,,,
1996-03-25,,,,
1996-03-26,,,,
1996-03-27,,,,
1996-03-28,,,,
1996-03-29,,,,
1996-04-01,,,,
1996-04-02,,,,
1996-04-03,,,,
1996-04-04,,,,
1996-04-08,,,,
1996-04-09,,,,
1996-04-10,,,,
1996-04-11,,,,
1996-04-12,,,,
1996-04-15,,,,
1996-04-16,,,,
1996-04-17,,,,
1996-04-18,,,,
1996-04-19,,,,
1996-04-22,,,,
1996-04-23,,,,
1996-04-24,,,,
1996-04-25,,,,
1996-04-26,,,,
1996-04-29,,,,
1996-04-30,,,,
1996-05-01,,,,
1996-05-02,,,,
1996-05-03,,,,
1996-05-06,,,,
1996-05-07,,,,
1996-05-08,,,,
1996-05-09,,,,
1996-05-10,,,,
1996-05-13,,,,
1996-05-14,,,,
1996-05-15,,,,
1996-05-16,,,,
1996-05-17,,,,
1996-05-20,,,,
1996-05-21,,,,
1996-05-22,,,,
1996-05-23,,,,
1996-05-24,,,,
1996-05-28,,,,
1996-05-29,,,,
1996-05-30,,,,
1996-05-31,,,,
1996-06-03,,,,
1996-06-04,,,,
1996-06-05,,,,
1996-06-06,,,,
1996-06-07,,,,
1996-06-10,,,,
1996-06-11,,,,
1996-06-12,,,,
1996-06-13,,,,
1996-06-14,,,,
1996-06-17,,,,
1996-06-18,,,,
1996-06-19,,,,
1996-06-20,,,,
1996-06-21,,,,
1996-06-24,,,,
1996-06-25,,,,
1996-06-26,,,,
1996-06-27,,,,
1996-06-28,,,,
1996-07-01,,,,
1996-07-02,,,,
1996-07-03,,,,
1996-07-05,,,,
1996-07-08,,,,
1996-07-09,,,,
1996-07-10,,,,
1996-07-11,,,,
1996-07-12,,,,
1996-07-15,,,,
1996-07-16,,,,
1996-07-17,,,,
1996-07-18,,,,
1996-07-19,,,,
1996-07-22,,,,
1996-07-23,,,,
1996-07-24,,,,
1996-07-25,,,,
1996-07-26,,,,
1996-07-29,,,,
1996-07-30,,,,
1996-07-31,,,,
1996-08-01,,,,
1996-08-02,,,,
1996-08-05,,,,
1996-08-06,,,,
1996-08-07,,,,
1996-08-08,,,,
1996-08-09,,,,
1996-08-12,,,,
1996-08-13,,,,
1996-08-14,,,,
1996-08-15,,,,
1996-08-16,,,,
1996-08-19,,,,
1996-08-20,,,,
1996-08-21,,,,
1996-08-22,,,,
1996-08-23,,,,
1996-08-26,,,,
1996-08-27,,,,
1996-08-28,,,,
1996-08-29,,,,
1996-08-30,,,,
1996-09-03,,,,
1996-09-04,,,,
1996-09-05,,,,
1996-09-06,,,,
1996-09-09,,,,
1996-09-10,,,,
1996-09-11,,,,
1996-09-12,,,,
1996-09-13,,,,
1996-09-16,,,,
1996-09-17,,,,
1996-09-18,,,,
1996-09-19,,,,
1996-09-20,,,,
1996-09-23,,,,
1996-09-24,,,,
1996-09-25,,,,
1996-09-26,,,,
1996-09-27,,,,
1996-09-30,,,,
1996-10-01,,,,
1996-10-02,,,,
1996-10-03,,,,
1996-10-04,,,,
1996-10-07,,,,
1996-10-08,,,,
1996-10-09,,,,
1996-10-10,,,,
1996-10-11,,,,
1996-10-14,,,,
1996-10-15,,,,
1996-10-16,,,,
1996-10-17,,,,
1996-10-18,,,,
1996-10-21,,,,
1996-10-22,,,,
1996-10-23,,,,
1996-10-24,,,,
1996-10-25,,,,
1996-10-28,,,,
1996-10-29,,,,
1996-10-30,,,,
1996-10-31,,,,
1996-11-01,,,,
1996-11-04,,,,
1996-11-05,,,,
1996-11-06,,,,
1996-11-07,,,,
1996-11-08,,,,
1996-11-11,,,,
1996-11-12,,,,
1996-11-13,,,,
1996-11-14,,,,
1996-11-15,,,,
1996-11-18,,,,
1996-11-19,,,,
1996-11-20,,,,
1996-11-21,,,,
1996-11-22,,,,
1996-11-25,,,,
1996-11-26,,,,
1996-11-27,,,,
1996-11-29,,,,
1996-12-02,,,,
1996-12-03,,,,
1996-12-04,,,,
1996-12-05,,,,
1996-12-06,,,,
1996-12-09,,,,
1996-12-10,,,,
1996-12-11,,,,
1996-12-12,,,,
1996-12-13,,,,
1996-12-16,,,,
1996-12-17,,,,
1996-12-18,,,,
1996-12-19,,,,
1996-12-20,,,,
1996-12-23,,,,
1996-12-24,,,,
1996-12-26,,,,
1996-12-27,,,,
1996-12-30,,,,
1996-12-31,,,,
1997-01-02,,,,
1997-01-03,,,,
1997-01-06,,,,
1997-01-07,,,,
1997-01-08,,,,
1997-01-09,,,,
1997-01-10,,,,
1997-01-13,,,,
1997-01-14,,,,
1997-01-15,,,,
1997-01-16,,,,
1997-01-17,,,,
1997-01-20,,,,
1997-01-21,,,,
1997-01-22,,,,
1997-01-23,,,,
1997-01-24,,,,
1997-01-27,,,,
1997-01-28,,,,
1997-01-29,,,,
1997-01-30,,,,
1997-01-31,,,,
1997-02-03,,,,
1997-02-04,,,,
1997-02-05,,,,
1997-02-06,,,,
1997-02-07,,,,
1997-02-10,,,,
1997-02-11,,,,
1997-02-12,,,,
1997-02-13,,,,
1997-02-14,,,,
1997-02-18,,,,
1997-02-19,,,,
1997-02-20,,,,
1997-02-21,,,,
1997-02-24,,,,
1997-02-25,,,,
1997-02-26,,,,
1997-02-27,,,,
1997-02-28,,,,
1997-03-03,,,,
1997-03-04,,,,
1997-03-05,,,,
1997-03-06,,,,
1997-03-07,,,,
1997-03-10,,,,
1997-03-11,,,,
1997-03-12,,,,
1997-03-13,,,,
1997-03-14,,,,
1997-03-17,,,,
1997-03-18,,,,
1997-03-19,,,,
1997-03-20,,,,
1997-03-21,,,,
1997-03-24,,,,
1997-03-25,,,,
1997-03-26,,,,
1997-03-27,,,,
1997-03-31,,,,
1997-04-01,,,,
1997-04-02,,,,
1997-04-03,,,,
1997-04-04,,,,
1997-04-07,,,,
1997-04-08,,,,
1997-04-09,,,,
1997-04-10,,,,
1997-04-11,,,,
1997-04-14,,,,
1997-04-15,,,,
1997-04-16,,,,
1997-04-17,,,,
1997-04-18,,,,
1997-04-21,,,,
1997-04-22,,,,
1997-04-23,,,,
1997-04-24,,,,
1997-04-25,,,,
1997-04-28,,,,
1997-04-29,,,,
1997-04-30,,,,
1997-05-01,,,,
1997-05-02,,,,
1997-05-05,,,,
1997-05-06,,,,
1997-05-07,,,,
1997-05-08,,,,
1997-05-09,,,,
1997-05-12,,,,
1997-05-13,,,,
1997-05-14,,,,
1997-05-15,,,,
1997-05-16,,,,
1997-05-19,,,,
1997-05-20,,,,
1997-05-21,,,,
1997-05-22,,,,
1997-05-23,,,,
1997-05-27,,,,
1997-05-28,,,,
1997-05-29,,,,
1997-05-30,,,,
1997-06-02,,,,
1997-06-03,,,,
1997-06-04,,,,
1997-06-05,,,,
1997-06-06,,,,
1997-06-09,,,,
1997-06-10,,,,
1997-06-11,,,,
1997-06-12,,,,
1997-06-13,,,,
1997-06-16,,,,
1997-06-17,,,,
1997-06-18,,,,
1997-06-19,,,,
1997-06-20,,,,
1997-06-23,,,,
1997-06-24,,,,
1997-06-25,,,,
1997-06-26,,,,
1997-06-27,,,,
1997-06-30,,,,
1997-07-01,,,,
1997-07-02,,,,
1997-07-03,,,,
1997-07-07,,,,
1997-07-08,,,,
1997-07-09,,,,
1997-07-10,,,,
1997-07-11,,,,
1997-07-14,,,,
1997-07-15,,,,
1997-07-16,,,,
1997-07-17,,,,
1997-07-18,,,,
1997-07-21,,,,
1997-07-22,,,,
1997-07-23,,,,
1997-07-24,,,,
1997-07-25,,,,
1997-07-28,,,,
1997-07-29,,,,
1997-07-30,,,,
1997-07-31,,,,
1997-08-01,,,,
1997-08-04,,,,
1997-08-05,,,,
1997-08-06,,,,
1997-08-07,,,,
1997-08-08,,,,
1997-08-11,,,,
1997-08-12,,,,
1997-08-13,,,,
1997-08-14,,,,
1997-08-15,,,,
1997-08-18,,,,
1997-08-19,,,,
1997-08-20,,,,
1997-08-21,,,,
1997-08-22,,,,
1997-08-25,,,,
1997-08-26,,,,
1997-08-27,,,,
1997-08-28,,,,
1997-08-29,,,,
1997-09-02,,,,
1997-09-03,,,,
1997-09-04,,,,
1997-09-05,,,,
1997-09-08,,,,
1997-09-09,,,,
1997-09-10,,,,
1997-09-11,,,,
1997-09-12,,,,
1997-09-15,,,,
1997-09-16,,,,
1997-09-17,,,,
1997-09-18,,,,
1997-09-19,,,,
1997-09-22,,,,
1997-09-23,,,,
1997-09-24,,,,
1997-09-25,,,,
1997-09-26,,,,
1997-09-29,,,,
1997-09-30,,,,
1997-10-01,,,,
1997-10-02,,,,
1997-10-03,,,,
1997-10-06,,,,
1997-10-07,,,,
1997-10-08,,,,
1997-10-09,,,,
1997-10-10,,,,
1997-10-13,,,,
1997-10-14,,,,
1997-10-15,,,,
1997-10-16,,,,
1997-10-17,,,,
1997-10-20,,,,
1997-10-21,,,,
1997-10-22,,,,
1997-10-23,,,,
1997-10-24,,,,
1997-10-27,,,,
1997-10-28,,,,
1997-10-29,,,,
1997-10-30,,,,
1997-10-31,,,,
1997-11-03,,,,
1997-11-04,,,,
1997-11-05,,,,
1997-11-06,,,,
1997-11-07,,,,
1997-11-10,,,,
1997-11-11,,,,
1997-11-12,,,,
1997-11-13,,,,
1997-11-14,,,,
1997-11-17,,,,
1997-11-18,,,,
1997-11-19,,,,
1997-11-20,,,,
1997-11-21,,,,
1997-11-24,,,,
1997-11-25,,,,
1997-11-26,,,,
1997-11-28,,,,
1997-12-01,,,,
1997-12-02,,,,
1997-12-03,,,,
1997-12-04,,,,
1997-12-05,,,,
1997-12-08,,,,
1997-12-09,,,,
1997-12-10,,,,
1997-12-11,,,,
1997-12-12,,,,
1997-12-15,,,,
1997-12-16,,,,
1997-12-17,,,,
1997-12-18,,,,
1997-12-19,,,,
1997-12-22,,,,
1997-12-23,,,,
1997-12-24,,,,
1997-12-26,,,,
1997-12-29,,,,
1997-12-30,,,,
1997-12-31,,,,
1998-01-02,,,,
1998-01-05,,,,
1998-01-06,,,,
1998-01-07,,,,
1998-01-08,,,,
1998-01-09,,,,
1998-01-12,,,,
1998-01-13,,,,
1998-01-14,,,,
1998-01-15,,,,
1998-01-16,,,,
1998-01-20,,,,
1998-01-21,,,,
1998-01-22,,,,
1998-01-23,,,,
1998-01-26,,,,
1998-01-27,,,,
1998-01-28,,,,
1998-01-29,,,,
1998-01-30,,,,
1998-02-02,,,,
1998-02-03,,,,
1998-02-04,,,,
1998-02-05,,,,
1998-02-06,,,,
1998-02-09,,,,
1998-02-10,,,,
1998-02-11,,,,
1998-02-12,,,,
1998-02-13,,,,
1998-02-17,,,,
1998-02-18,,,,
1998-02-19,,,,
1998-02-20,,,,
1998-02-23,,,,
1998-02-24,,,,
1998-02-25,,,,
1998-02-26,,,,
1998-02-27,,,,
1998-03-02,,,,
1998-03-03,,,,
1998-03-04,,,,
1998-03-05,,,,
1998-03-06,,,,
1998-03-09,,,,
1998-03-10,,,,
1998-03-11,,,,
1998-03-12,,,,
1998-03-13,,,,
1998-03-16,,,,
1998-03-17,,,,
1998-03-18,,,,
1998-03-19,,,,
1998-03-20,,,,
1998-03-23,,,,
1998-03-24,,,,
1998-03-25,,,,
1998-03-26,,,,
1998-03-27,,,,
1998-03-30,,,,
1998-03-31,,,,
1998-04-01,,,,
1998-04-02,,,,
1998-04-03,,,,
1998-04-06,,,,
1998-04-07,,,,
1998-04-08,,,,
1998-04-09,,,,
1998-04-13,,,,
1998-04-14,,,,
1998-04-15,,,,
1998-04-16,,,,
1998-04-17,,,,
1998-04-20,,,,
1998-04-21,,,,
1998-04-22,,,,
1998-04-23,,,,
1998-04-24,,,,
1998-04-27,,,,
1998-04-28,,,,
1998-04-29,,,,
1998-04-30,,,,
1998-05-01,,,,
1998-05-04,,,,
1998-05-05,,,,
1998-05-06,,,,
1998-05-07,,,,
1998-05-08,,,,
1998-05-11,,,,
1998-05-12,,,,
1998-05-13,,,,
1998-05-14,,,,
1998-05-15,,,,
1998-05-18,,,,
1998-05-19,,,,
1998-05-20,,,,
1998-05-21,,,,
1998-05-22,,,,
1998-05-26,,,,
1998-05-27,,,,
1998-05-28,,,,
1998-05-29,,,,
1998-06-01,,,,
1998-06-02,,,,
1998-06-03,,,,
1998-06-04,,,,
1998-06-05,,,,
1998-06-08,,,,
1998-06-09,,,,
1998-06-10,,,,
1998-06-11,,,,
1998-06-12,,,,
1998-06-15,,,,
1998-06-16,,,,
1998-06-17,,,,
1998-06-18,,,,
1998-06-19,,,,
1998-06-22,,,,
1998-06-23,,,,
1998-06-24,,,,
1998-06-25,,,,
1998-06-26,,,,
1998-06-29,,,,
1998-06-30,,,,
1998-07-01,,,,
1998-07-02,,,,
1998-07-06,,,,
1998-07-07,,,,
1998-07-08,,,,
1998-07-09,,,,
1998-07-10,,,,
1998-07-13,,,,
1998-07-14,,,,
1998-07-15,,,,
1998-07-16,,,,
1998-07-17,,,,
1998-07-20,,,,
1998-07-21,,,,
1998-07-22,,,,
1998-07-23,,,,
1998-07-24,,,,
1998-07-27,,,,
1998-07-28,,,,
1998-07-29,,,,
1998-07-30,,,,
1998-07-31,,,,
1998-08-03,,,,
1998-08-04,,,,
1998-08-05,,,,
1998-08-06,,,,
1998-08-07,,,,
1998-08-10,,,,
1998-08-11,,,,
1998-08-12,,,,
1998-08-13,,,,
1998-08-14,,,,
1998-08-17,,,,
1998-08-18,,,,
1998-08-19,,,,
1998-08-20,,,,
1998-08-21,,,,
1998-08-24,,,,
1998-08-25,,,,
1998-08-26,,,,
1998-08-27,,,,
1998-08-28,,,,
1998-08-31,,,,
1998-09-01,,,,
1998-09-02,,,,
1998-09-03,,,,
1998-09-04,,,,
1998-09-08,,,,
1998-09-09,,,,
1998-09-10,,,,
1998-09-11,,,,
1998-09-14,,,,
1998-09-15,,,,
1998-09-16,,,,
1998-09-17,,,,
1998-09-18,,,,
1998-09-21,,,,
1998-09-22,,,,
1998-09-23,,,,
1998-09-24,,,,
1998-09-25,,,,
1998-09-28,,,,
1998-09-29,,,,
1998-09-30,,,,
1998-10-01,,,,
1998-10-02,,,,
1998-10-05,,,,
1998-10-06,,,,
1998-10-07,,,,
1998-10-08,,,,
1998-10-09,,,,
1998-10-12,,,,
1998-10-13,,,,
1998-10-14,,,,
1998-10-15,,,,
1998-10-16,,,,
1998-10-19,,,,
1998-10-20,,,,
1998-10-21,,,,
1998-10-22,,,,
1998-10-23,,,,
1998-10-26,,,,
1998-10-27,,,,
1998-10-28,,,,
1998-10-29,,,,
1998-10-30,,,,
1998-11-02,,,,
1998-11-03,,,,
1998-11-04,,,,
1998-11-05,,,,
1998-11-06,,,,
1998-11-09,,,,
1998-11-10,,,,
1998-11-11,,,,
1998-11-12,,,,
1998-11-13,,,,
1998-11-16,,,,
1998-11-17,,,,
1998-11-18,,,,
1998-11-19,,,,
1998-11-20,,,,
1998-11-23,,,,
1998-11-24,,,,
1998-11-25,,,,
1998-11-27,,,,
1998-11-30,,,,
1998-12-01,,,,
1998-12-02,,,,
1998-12-03,,,,
1998-12-04,,,,
1998-12-07,,,,
1998-12-08,,,,
1998-12-09,,,,
1998-12-10,,,,
1998-12-11,,,,
1998-12-14,,,,
1998-12-15,,,,
1998-12-16,,,,
1998-12-17,,,,
1998-12-18,,,,
1998-12-21,,,,
1998-12-22,,,,
1998-12-23,,,,
1998-12-24,,,,
1998-12-28,,,,
1998-12-29,,,,
1998-12-30,,,,
1998-12-31,,,,
1999-01-04,,,,
1999-01-05,,,,
1999-01-06,,,,
1999-01-07,,,,
1999-01-08,,,,
1999-01-11,,,,
1999-01-12,,,,
1999-01-13,,,,
1999-01-14,,,,
1999-01-15,,,,
1999-01-19,,,,
1999-01-20,,,,
1999-01-21,,,,
1999-01-22,,,,
1999-01-25,,,,
1999-01-26,,,,
1999-01-27,,,,
1999-01-28,,,,
1999-01-29,,,,
1999-02-01,,,,
1999-02-02,,,,
1999-02-03,,,,
1999-02-04,,,,
1999-02-05,,,,
1999-02-08,,,,
1999-02-09,,,,
1999-02-10,,,,
1999-02-11,,,,
1999-02-12,,,,
1999-02-16,,,,
1999-02-17,,,,
1999-02-18,,,,
1999-02-19,,,,
1999-02-22,,,,
1999-02-23,,,,
1999-02-24,,,,
1999-02-25,,,,
1999-02-26,,,,
1999-03-01,,,,
1999-03-02,,,,
1999-03-03,,,,
1999-03-04,,,,
1999-03-05,,,,
1999-03-08,,,,
1999-03-09,,,,
1999-03-10,,,,
1999-03-11,0.014429616542051119,0.009650921323259953,0.01438409822817382,0.009629672521883098
1999-03-12,-0.07334109632622586,-0.04886269780383003,-0.07338661464010317,-0.04888394660520688
1999-03-15,0.08536830741477845,0.05700573582886326,0.08523175247314656,0.05694198942473269
1999-03-16,0.025229812947816777,0.016850957541821684,0.025184294633939477,0.01682970874044483
1999-03-17,-0.021917059917094094,-0.014580575161575002,-0.021962578230971395,-0.014601823962951857
1999-03-18,0.057927029469863694,0.038648628369414094,0.057881511155986394,0.03862737956803724
1999-03-19,-0.0769473032063551,-0.051267782789016496,-0.07699282152023239,-0.05128903159039335
1999-03-22,-0.037365881226029636,-0.024819329438359083,-0.03750243616766154,-0.02488307584248965
1999-03-23,-0.1058762578332554,-0.0705536578555614,-0.10592177614713269,-0.07057490665693826
1999-03-24,0.10154137620573615,0.06772457547249612,0.10149585789185885,0.06770332667111927
1999-03-25,0.10934536966353434,0.07292723777769491,0.10929985134965703,0.07290598897631806
1999-03-26,-0.03251239613700967,-0.021644511409452893,-0.032557914450886974,-0.02166576021082975
1999-03-29,0.10793605100717348,0.07204862538377632,0.10779949606554158,0.07198487897964576
1999-03-30,-0.021231614521020983,-0.014123990332127096,-0.021277132834898283,-0.014145239133503951
1999-03-31,-0.04426616825917623,-0.029480643516022073,-0.04431168657305353,-0.02950189231739893
1999-04-01,0.06228662715728912,0.04155464809848996,0.06224110884341182,0.041533399297113104
1999-04-05,0.10751892086195035,0.07179830733867774,0.10733684760644115,0.07171331213317032
1999-04-06,0.005664389303510891,0.00380573230317024,0.00561887098963359,0.0037844835017933846
1999-04-07,-0.031435651159221784,-0.02092753336898385,-0.031481169473099084,-0.020948782170360704
1999-04-08,0.023602456896611806,0.01576453866823855,0.02355693858273451,0.015743289866861694
1999-04-09,0.01834446243471224,0.012259019759140165,0.01829894412083494,0.01223777095776331
1999-04-12,-0.02090167380581577,-0.01384574699238515,-0.02103822874744767,-0.013909493396515715
1999-04-13,-0.04082935728447713,-0.027190761074421574,-0.04087487559835443,-0.02721200987579843
1999-04-14,-0.1031000491870454,-0.06870474486660196,-0.10314556750092271,-0.06872599366797881
1999-04-15,0.04058663356867818,0.027086187799412433,0.04054111525480088,0.027064938998035578
1999-04-16,-0.0878070139928378,-0.058509388070463554,-0.08785253230671511,-0.05853063687184041
1999-04-19,-0.1414402994485618,-0.09420710162001832,-0.14157685439019368,-0.09427084802414888
1999-04-20,0.06789547092050016,0.04529245772889663,0.06784995260662285,0.04527120892751978
1999-04-21,0.14781002814579558,0.09856920765137578,0.14776450983191827,0.09854795884999892
1999-04-22,0.08088411418080871,0.05395174244557371,0.08083859586693141,0.05393049364419685
1999-04-23,0.03925059279456525,0.026196439999042167,0.03920507448068795,0.02617519119766531
1999-04-26,0.06832136198648006,0.045636560792659764,0.06818480704484817,0.0455728143885292
1999-04-27,-0.04622669709280669,-0.030787757403804853,-0.046272215406683984,-0.03080900620518171
1999-04-28,-0.10288843064956427,-0.06856196243103749,-0.10293394896344157,-0.06858321123241434
1999-04-29,-0.024645429100222584,-0.016399866718261494,-0.024690947414099884,-0.01642111551963835
1999-04-30,0.019069808328500318,0.012743624900887103,0.019024290014623017,0.012722376099510248
1999-05-03,-0.01647352897269717,-0.010889958299001601,-0.01661008391432907,-0.010953704703132167
1999-05-04,-0.04762632024744088,-0.03171970320306804,-0.04767183856131818,-0.0317409520044449
1999-05-05,0.09064855922343168,0.060463833962421686,0.09060304090955439,0.06044258516104483
1999-05-06,-0.10925349498581145,-0.07280439163852298,-0.10929901329968875,-0.07282564043989984
1999-05-07,0.042829136889844355,0.02858412434021677,0.042783618575967054,0.028562875538839915
1999-05-10,0.029312423942041643,0.01963571520232271,0.029175869000409745,0.019571968798192143
1999-05-11,0.04705471507590422,0.03140098701249536,0.04700919676202692,0.0313797382111185
1999-05-12,0.061845969884022155,0.041262013003001974,0.061800451570144854,0.04124076420162512
1999-05-13,-0.05603224009568728,-0.03732364976856564,-0.05607775840956458,-0.0373448985699425
1999-05-14,-0.057088495945330324,-0.038027915053609716,-0.057134014259207624,-0.03804916385498657
1999-05-17,0.05319908194438417,0.03556072228396477,0.05306252700275227,0.035496975879834206
1999-05-18,-0.01362697559503476,-0.009052715511480635,-0.013672493908912061,-0.00907396431285749
1999-05-19,0.0413110885073149,0.027572471046852492,0.04126557019343761,0.027551222245475637
1999-05-20,-0.08269321525677133,-0.055097349024380314,-0.08273873357064862,-0.05511859782575717
1999-05-21,-0.027925501233664052,-0.018585729137091382,-0.027971019547541352,-0.018606977938468237
1999-05-24,-0.07701523037221965,-0.05124967185875914,-0.07715178531385156,-0.0513134182628897
1999-05-25,-0.09850138934769917,-0.06563603701367435,-0.09854690766157648,-0.0656572858150512
1999-05-26,0.08343585218642922,0.055655457342411264,0.08339033387255192,0.05563420854103441
1999-05-27,-0.003003963006299601,-0.001970896628890506,-0.0030494813201769008,-0.001992145430267361
1999-05-28,0.049187995600308745,0.032823647694500364,0.049142477286431445,0.03280239889312351
1999-06-01,-0.0677094914452313,-0.04501267946225063,-0.06789156470074051,-0.04509767466775805
1999-06-02,0.050412323142253364,0.03364024507559748,0.05036680482837606,0.033618996274220624
1999-06-03,-0.04284936297916631,-0.028533738454876865,-0.04289488129304361,-0.02855498725625372
1999-06-04,0.09164918561067133,0.06113110770140876,0.09160366729679403,0.061109858900031906
1999-06-07,0.06165722832883408,0.04119749734761478,0.06152067338720218,0.04113375094348421
1999-06-08,-0.0753827449903619,-0.0502246492936324,-0.0754282633042392,-0.050245898095009255
1999-06-09,0.04991816363546985,0.03331014217063377,0.04987264532159255,0.03328889336925692
1999-06-10,-0.034627579896818084,-0.023053876302652848,-0.034673098210695384,-0.023075125104029703
1999-06-11,-0.04572922956775212,-0.030454312917331867,-0.04577474788162942,-0.030475561718708723
1999-06-14,-0.057374442164872634,-0.03815240187558348,-0.057510997106504536,-0.03821614827971405
1999-06-15,0.0444847386594838,0.029688616854150543,0.044439220345606496,0.029667368052773688
1999-06-16,0.15382496627548936,0.10258248104822693,0.15377944796161205,0.10256123224685007
1999-06-17,0.033028583757725875,0.022050895966320132,0.032983065443848575,0.022029647164943277
1999-06-18,0.013423751154418023,0.008980723321070454,0.013378232840540722,0.0089594745196936
1999-06-21,0.08902625568586692,0.05944664177953889,0.08888970074423502,0.05938289537540833
1999-06-22,-0.0907710325715378,-0.06048189729986385,-0.09081655088541511,-0.060503146101240704
1999-06-23,0.04703410866446126,0.03138848118775138,0.04698859035058396,0.031367232386374524
1999-06-24,-0.05983704310750234,-0.039858953326891024,-0.05988256142137964,-0.03988020212826788
1999-06-25,-0.004117215867387044,-0.002712401833480827,-0.004162734181264343,-0.0027336506348576823
1999-06-28,0.07033746135480826,0.046990573511969315,0.07020090641317635,0.04692682710783875
1999-06-29,0.04075732318235519,0.02720471596045029,0.04071180486847789,0.027183467159073434
1999-06-30,0.045985091347404077,0.03069008439251328,0.045939573033526776,0.030668835591136426
1999-07-01,0.020068514696886624,0.013411892523475456,0.020022996383009323,0.0133906437220986
1999-07-02,0.03771182331910284,0.025173150431277762,0.03766630500522554,0.025151901629900907
1999-07-06,-0.020198942898575045,-0.013338222391546544,-0.020381016154084244,-0.013423217597053965
1999-07-07,0.004556458440846999,0.0030693843358738943,0.004510940126969698,0.003048135534497039
1999-07-08,0.03982503987955968,0.026581866714209333,0.03977952156568238,0.026560617912832478
1999-07-09,0.029800885792258137,0.01989919208004796,0.029755367478380836,0.019877943278671106
1999-07-12,-0.016455139700142132,-0.010874004191142383,-0.016591694641774034,-0.010937750595272949
1999-07-13,-0.0144357949977074,-0.009591738917310256,-0.0144813133115847,-0.009612987718687111
1999-07-14,0.05076345391359983,0.03387452179547446,0.05071793559972253,0.03385327299409761
1999-07-15,0.027352078360016227,0.01826703286984611,0.027306560046138927,0.018245784068469256
1999-07-16,0.027485884072205497,0.018356047129298343,0.027440365758328197,0.018334798327921488
1999-07-19,-0.031336924211680384,-0.020795478152159305,-0.031473479153312285,-0.02085922455628987
1999-07-20,-0.11600109552727697,-0.07730241305722343,-0.11604661384115426,-0.07732366185860029
1999-07-21,0.014186716795705321,0.009489367081928653,0.01414119848182802,0.009468118280551798
1999-07-22,-0.07653629185882993,-0.050993112329276113,-0.07658181017270722,-0.05101436113065297
1999-07-23,0.004249293846733051,0.00286413424984002,0.004203775532855752,0.002842885448463165
1999-07-26,-0.074431524085094,-0.04952606417384571,-0.0745680790267259,-0.049589810577976276
1999-07-27,0.06013888190299973,0.04012480712174106,0.06009336358912243,0.040103558320364205
1999-07-28,0.0585362711269255,0.03905630516577835,0.0584907528130482,0.039035056364401494
1999-07-29,-0.06438622593502537,-0.04289193143694234,-0.06443174424890266,-0.04291318023831919
1999-07-30,-0.015099066501529968,-0.010033730371184692,-0.015144584815407269,-0.010054979172561547
1999-08-02,-0.00908290024065638,-0.005957471859485957,-0.00921945518228828,-0.006021218263616523
1999-08-03,-0.019784892628451674,-0.013157045693416743,-0.019830410942328975,-0.013178294494793599
1999-08-04,-0.054612243703480425,-0.03637480564140972,-0.054657762017357725,-0.036396054442786575
1999-08-05,0.04741232321340662,0.03164109820115545,0.04736680489952932,0.0316198493997786
1999-08-06,-0.03253298505846942,-0.021656153174412267,-0.03257850337234672,-0.021677401975789122
1999-08-09,-0.03935379211488044,-0.02613692880115648,-0.03949034705651234,-0.026200675205287047
1999-08-10,-0.02730871613114156,-0.018171884843967086,-0.02735423444501886,-0.01819313364534394
1999-08-11,0.09845285664737526,0.06566963804398933,0.09840733833349796,0.06564838924261247
1999-08-12,-0.03549020642459737,-0.02362611684219179,-0.03553572473847466,-0.023647365643568643
1999-08-13,0.13038787266960566,0.08695822598265837,0.13034235435572836,0.08693697718128152
1999-08-16,0.02318849456930927,0.01555622261387112,0.02305193962767737,0.015492476209740555
1999-08-17,0.014655196485240373,0.00980272931269968,0.014609678171363072,0.009781480511322825
1999-08-18,-0.03397830236234357,-0.02261893957742614,-0.03402382067622086,-0.022640188378802995
1999-08-19,-0.03598158010858819,-0.023955026953698305,-0.036027098422465494,-0.02397627575507516
1999-08-20,0.04737858336555397,0.03161832056624208,0.04733306505167668,0.031597071764865224
1999-08-23,0.09460669896887061,0.06317120312864544,0.0944701440272387,0.06310745672451487
1999-08-24,0.02009959440655115,0.013433845247507618,0.02005407609267385,0.013412596446130763
1999-08-25,0.06355008243394182,0.04240150148426326,0.06350456412006453,0.04238025268288641
1999-08-26,-0.05019932217096995,-0.033432004263717785,-0.05024484048484725,-0.03345325306509464
1999-08-27,-0.030116340548200254,-0.02004334984853798,-0.030161858862077555,-0.020064598649914837
1999-08-30,-0.04311163272065887,-0.02863703360431145,-0.043248187662290764,-0.028700780008442013
1999-08-31,0.03307017893013764,0.02208156581506046,0.03302466061626034,0.022060317013683606
1999-09-01,0.021318428049371875,0.014246970324957182,0.021272909735494575,0.014225721523580327
1999-09-02,-0.01080446260943001,-0.007168385012313011,-0.010849980923307311,-0.007189633813689866
1999-09-03,0.13743906475691434,0.09166015881441641,0.13739354644303703,0.09163891001303956
1999-09-07,-0.014567245967871713,-0.009575034739353727,-0.014749319223380913,-0.009660029944861148
1999-09-08,-0.040851552435503265,-0.02720110629286594,-0.04089707074938056,-0.027222355094242794
1999-09-09,0.04239182108206063,0.028294476052176658,0.04234630276818334,0.028273227250799803
1999-09-10,0.03428193097654619,0.02288778782324429,0.03423641266266889,0.022866539021867433
1999-09-13,-0.03681334633147838,-0.024444435920033956,-0.03694990127311028,-0.02450818232416452
1999-09-14,0.016267605155416625,0.010877858023308658,0.016222086841539324,0.010856609221931803
1999-09-15,-0.05820080000907497,-0.03876727134191374,-0.05824631832295226,-0.038788520143290595
1999-09-16,-0.0017895906749027268,-0.0011604621273957189,-0.0018351089887800266,-0.0011817109287725741
1999-09-17,0.0897212724478921,0.05984630604642275,0.0896757541340148,0.059825057245045894
1999-09-20,0.006248682245831926,0.004261308547396596,0.0061121273042000265,0.00419756214326603
1999-09-21,-0.07228083970293794,-0.048155196821196726,-0.07232635801681525,-0.04817644562257358
1999-09-22,0.03151637902970096,0.021043896889388573,0.03147086071582366,0.021022648088011717
1999-09-23,-0.12458404443601727,-0.08302276762654194,-0.12462956274989456,-0.0830440164279188
1999-09-24,0.003636409247330234,0.002457534829023062,0.0035908909334529345,0.0024362860276462067
1999-09-27,0.020262899421065468,0.013607247790696768,0.020126344479433567,0.013543501386566202
1999-09-28,0.013676637784709693,0.00915092569535329,0.013631119470832393,0.009129676893976434
1999-09-29,-0.06042590319343771,-0.04025048379975496,-0.060471421507315014,-0.040271732601131816
1999-09-30,0.031211031594469932,0.02084061639378286,0.03116551328059263,0.020819367592406005
1999-10-01,0.0008932825436648782,0.0006292578923077336,0.0008477642297875784,0.0006080090909308785
1999-10-04,0.06652185666845872,0.0444491130352326,0.06638530172682683,0.044385366631102034
1999-10-05,0.021049955501898435,0.014066565665401862,0.021004437188021134,0.014045316864025006
1999-10-06,0.05983477204321173,0.039923394531156606,0.05978925372933443,0.03990214572977975
1999-10-07,-0.007311581551469707,-0.004841220528766309,-0.0073570998653470065,-0.004862469330143164
1999-10-08,0.03130401121337768,0.020902697636495684,0.03125849289950038,0.02088144883511883
1999-10-11,0.041464651570190976,0.027742602563434474,0.041328096628559075,0.02767885615930391
1999-10-12,-0.06841819823598211,-0.045578964985107905,-0.06846371654985942,-0.04560021378648476
1999-10-13,-0.08929373695157183,-0.05949551662070112,-0.08933925526544913,-0.059516765422077976
1999-10-14,0.018452955681839276,0.012336655413268782,0.018407437367961976,0.012315406611891927
1999-10-15,-0.08879547223547317,-0.059161916890754986,-0.08884099054935048,-0.05918316569213184
1999-10-18,-0.03881691968768102,-0.025772183111044376,-0.038953474629312916,-0.02583592951517494
1999-10-19,0.01596975285130178,0.010682136107472484,0.015924234537424482,0.010660887306095629
1999-10-20,0.09119538226142355,0.06083312549625702,0.09114986394754625,0.06081187669488017
1999-10-21,0.048691297424716055,0.03249706893845203,0.048645779110838755,0.03247582013707517
1999-10-22,-0.013841600890617083,-0.009191624914265197,-0.013887119204494381,-0.009212873715642052
1999-10-25,0.000663055345496147,0.000548369851448257,0.0005265004038642474,0.0004846234473176915
1999-10-26,-0.024475658588559834,-0.016281946203787572,-0.024521176902437134,-0.016303195005164427
1999-10-27,-0.0048596229631684505,-0.0032035446534709805,-0.00490514127704575,-0.0032247934548478357
1999-10-28,0.10352966018588812,0.06905588247007159,0.10348414187201081,0.06903463366869474
1999-10-29,0.10448399610580526,0.06969182151837276,0.10443847779192797,0.06967057271699591
1999-11-01,-0.01654248818291689,-0.010920568228046311,-0.01667904312454879,-0.010984314632176877
1999-11-02,0.0015054191934148681,0.0010396268374570786,0.0014599008795375683,0.0010183780360802233
1999-11-03,0.05951829217147761,0.039714970460464606,0.05947277385760031,0.03969372165908775
1999-11-04,0.03342150803972384,0.022316924435559764,0.03337598972584654,0.02229567563418291
1999-11-05,0.030271896842436703,0.020216993719747445,0.030226378528559403,0.02019574491837059
1999-11-08,0.05963230184586005,0.03986319493567861,0.059495746904228146,0.03979944853154804
1999-11-09,-0.020506406662744746,-0.013634353834572828,-0.020551924976622046,-0.013655602635949683
1999-11-10,0.03905850187895796,0.026075585193228973,0.03901298356508066,0.026054336391852118
1999-11-11,0.053281518827748266,0.03555769149257043,0.053236000513870965,0.035536442691193576
1999-11-12,0.03918234877367847,0.026158244789857225,0.03913683045980117,0.02613699598848037
1999-11-15,-0.0067213931464217115,-0.004370036853160473,-0.00685794808805361,-0.0044337832572910385
1999-11-16,0.07582724681783004,0.05058884195656827,0.07578172850395275,0.050567593155191416
1999-11-17,-0.04090452893196332,-0.027232151793602367,-0.04095004724584062,-0.027253400594979223
1999-11-18,0.0916897713636794,0.0611635732324367,0.0916442530498021,0.061142324431059845
1999-11-19,0.026542903329392627,0.01773223285663531,0.026497385015515327,0.017710984055258453
1999-11-22,-0.046650390919828415,-0.03098936870209827,-0.04678694586146031,-0.031053115106228837
1999-11-23,0.013526158630024128,0.009054403057056308,0.01348064031614683,0.009033154255679453
1999-11-24,0.09849481801281373,0.06570065112563586,0.09844929969893643,0.065679402324259
1999-11-26,0.009093637078712653,0.006137493041221465,0.009002600450958053,0.006094995438467755
1999-11-29,-0.05036376972932047,-0.0334632440030941,-0.05050032467095237,-0.03352699040722466
1999-11-30,-0.11441018710008409,-0.0762356387446317,-0.11445570541396138,-0.07625688754600855
1999-12-01,0.06475750137527997,0.04320929679337469,0.06471198306140266,0.04318804799199783
1999-12-02,0.09489714666685674,0.06330210852258607,0.09485162835297944,0.06328085972120921
1999-12-03,0.06353613345940935,0.042394576320733374,0.06349061514553206,0.04237332751935652
1999-12-06,0.02637036672756708,0.017691706528426124,0.026233811785935177,0.017627960124295558
1999-12-07,-0.00029303887140940386,-0.00015830025762251013,-0.0003385571852867037,-0.0001795490589993653
1999-12-08,-0.03669062483063785,-0.02442354759812908,-0.03673614314451515,-0.024444796399505937
1999-12-09,0.013970070106741547,0.009350249026790517,0.013924551792864249,0.009329000225413662
1999-12-10,0.024549658887873457,0.016403593273042773,0.024504140573996157,0.016382344471665918
1999-12-13,0.039882310580558626,0.0267008095368253,0.039745755638926725,0.026637063132694733
1999-12-14,-0.05441530034162174,-0.03623857220650987,-0.05446081865549904,-0.036259821007886724
1999-12-15,0.05745990618862768,0.038344993901431736,0.05741438787475038,0.03832374510005488
1999-12-16,0.07371931572028048,0.04918421993399234,0.07367379740640317,0.04916297113261549
1999-12-17,0.02565834620568957,0.01714395391280633,0.02561282789181227,0.017122705111429475
1999-12-20,0.038251172125715195,0.025617377280064232,0.038114617184083294,0.025553630875933667
1999-12-21,0.16095764053666134,0.10734500553400471,0.16091212222278406,0.10732375673262785
1999-12-22,-0.009746771179139788,-0.006457650083290199,-0.009792289493017086,-0.006478898884667054
1999-12-23,0.035440246826686145,0.023666743060687917,0.035394728512808844,0.023645494259311062
1999-12-27,-0.01888494263421631,-0.012433359142956827,-0.019067015889725508,-0.012518354348464248
1999-12-28,-0.01912161477521658,-0.012708687656940646,-0.01916713308909388,-0.012729936458317501
1999-12-29,0.11330178476814255,0.07557310314460791,0.11325626645426524,0.07555185434323106
1999-12-30,-0.03272436150489726,-0.02177927703289129,-0.032769879818774564,-0.021800525834268145
1999-12-31,-0.004390338807950052,-0.0028900235830038815,-0.0044358571218273525,-0.0029112723843807368
2000-01-03,0.10991586844298852,0.07339070359493209,0.10977931350135663,0.07332695719080153
2000-01-04,-0.2061096558734341,-0.1373676670734536,-0.2061551741873114,-0.13738891587483046
2000-01-05,-0.0767898945691774,-0.0511544928706158,-0.0768354128830547,-0.05117574167199265
2000-01-06,-0.20633555901885453,-0.13751817405826278,-0.20638107733273184,-0.13753942285963963
2000-01-07,0.3707472049055387,0.24720338323620533,0.37070168659166136,0.24718213443482848
2000-01-10,0.08243085914752608,0.055068790162064576,0.08229430420589418,0.05500504375793401
2000-01-11,-0.14624746072252037,-0.0974598222800199,-0.14629297903639768,-0.09748107108139675
2000-01-12,-0.06635419024144959,-0.04419735665213059,-0.0663997085553269,-0.04421860545350745
2000-01-13,0.18052254017988495,0.12038732052457497,0.18047702186600764,0.12036607172319812
2000-01-14,0.06956222846103556,0.046413398939869926,0.06951671014715825,0.04639215013849307
2000-01-18,0.014854744508595634,0.010057482869115297,0.014672671253086435,0.009972487663607876
2000-01-19,0.06760861084009781,0.045110892095058905,0.06756309252622052,0.04508964329368205
2000-01-20,-0.029604747738654222,-0.019696967283349066,-0.02965026605253152,-0.01971821608472592
2000-01-21,0.03716876716327044,0.02481842389377831,0.03712324884939314,0.024797175092401456
2000-01-24,-0.1450717490554842,-0.09659704741043226,-0.1452083039971161,-0.09666079381456283
2000-01-25,0.04471546373468123,0.029849554941385508,0.04466994542080393,0.029828306140008653
2000-01-26,-0.12128015777881615,-0.08081343150566768,-0.12132567609269344,-0.08083468030704453
2000-01-27,0.04380568212327612,0.0292438902712512,0.043760163809398823,0.029222641469874345
2000-01-28,-0.1514496480342976,-0.10092623465339541,-0.1514951663481749,-0.10094748345477227
2000-01-31,0.12768873125827826,0.08524812650191461,0.12755217631664637,0.08518438009778405
2000-02-01,0.08016890804068354,0.05348718336977417,0.08012338972680623,0.053465934568397315
2000-02-02,0.02513063714489988,0.016795098011558738,0.025085118831022584,0.016773849210181883
2000-02-03,0.11677604230577779,0.07789155863943514,0.1167305239919005,0.07787030983805829
2000-02-04,0.02008822291769433,0.013432726751668409,0.02004270460381703,0.013411477950291554
2000-02-07,0.040544066858416695,0.027152254870692834,0.0404075119167848,0.02708850846656227
2000-02-08,0.12531942566668527,0.08358695712246299,0.12527390735280797,0.08356570832108613
2000-02-09,-0.10628555955174697,-0.0708158902592702,-0.10633107786562428,-0.07083713906064705
2000-02-10,0.09816783634621669,0.06548608799972774,0.0981223180323394,0.06546483919835089
2000-02-11,-0.06999861350848303,-0.04662478335062812,-0.07004413182236034,-0.046646032152004975
2000-02-14,-0.004702368843755388,-0.0030123212557537603,-0.0048389237853872875,-0.0030760676598843256
2000-02-15,0.021302372399433882,0.014242254944295386,0.02125685408555658,0.01422100614291853
2000-02-16,-0.014318574875965606,-0.00950399566428611,-0.014364093189842907,-0.009525244465662965
2000-02-17,0.06343164524223296,0.042329293902378634,0.06338612692835567,0.042308045101001786
2000-02-18,-0.10864323374167478,-0.0723871968332683,-0.10868875205555208,-0.07240844563464516
2000-02-22,0.008239119490643567,0.005659630005859561,0.008057046235134369,0.005574634800352141
2000-02-23,0.1667655145576742,0.11121892115648088,0.16671999624379688,0.11119767235510403
2000-02-24,0.06442449398919298,0.042991955232804836,0.06437897567531568,0.04297070643142798
2000-02-25,-0.06898817407594399,-0.045949918765110745,-0.06903369238982128,-0.0459711675664876
2000-02-28,-0.002768857296641296,-0.0017195988566843646,-0.002905412238273196,-0.00178334526081493
2000-02-29,0.0790001199352414,0.05270894390901285,0.07895460162136411,0.052687695107636
2000-03-01,0.024268883824500535,0.016221357885581413,0.024223365510623235,0.016200109084204557
2000-03-02,-0.06979058723926151,-0.0464851467081429,-0.06983610555313882,-0.04650639550951976
2000-03-03,0.1688825459138336,0.11263027539392048,0.16883702759995628,0.11260902659254363
2000-03-06,0.02266419504168784,0.015236055217680953,0.022527640100055937,0.015172308813550387
2000-03-07,-0.045551375575892394,-0.030325100553608455,-0.045596893889769695,-0.03034634935498531
2000-03-08,0.02688549791257873,0.01796624374119241,0.02683997959870143,0.017944994939815554
2000-03-09,0.10079642748021492,0.0672401967862832,0.10075090916633762,0.06721894798490634
2000-03-10,-0.013368605184911697,-0.008869920292954655,-0.013414123498788998,-0.00889116909433151
2000-03-13,-0.07958702662167294,-0.052929424538988086,-0.07972358156330484,-0.05299317094311865
2000-03-14,-0.11131422102541591,-0.07416652095863727,-0.1113597393392932,-0.07418776976001412
2000-03-15,-0.1260569222832159,-0.08399498846383727,-0.12610244059709322,-0.08401623726521412
2000-03-16,0.17099781540697753,0.11404131269043032,0.17095229709310023,0.11402006388905346
2000-03-17,0.05656852577523932,0.0377552149197575,0.05652300746136202,0.037733966118380646
2000-03-20,-0.08558957524502454,-0.05693055167430089,-0.08572613018665644,-0.056994298078431455
2000-03-21,0.11284445450368005,0.07527288205622627,0.11279893618980275,0.07525163325484942
2000-03-22,0.060072722698809755,0.04009172751964608,0.060027204384932455,0.04007047871826922
2000-03-23,0.052300529320849054,0.034910265267672276,0.052255011006971754,0.03488901646629542
2000-03-24,0.040080921365407425,0.026763764627332057,0.040035403051530125,0.0267425158259552
2000-03-27,0.0037940723089492766,0.002659118700618222,0.003657517367317377,0.0025953722964876563
2000-03-28,-0.07676097292302014,-0.051131212862901475,-0.07680649123689745,-0.05115246166427833
2000-03-29,-0.1245099444945565,-0.0829635746111325,-0.1245554628084338,-0.08298482341250936
2000-03-30,-0.07533124168394498,-0.05017767740556954,-0.07537675999782227,-0.050198926206946395
2000-03-31,0.06260932985924939,0.04178251296447295,0.06256381154537209,0.04176126416309609
2000-04-03,-0.18078227180493026,-0.12039234938090469,-0.18091882674656215,-0.12045609578503526
2000-04-04,-0.029471233651243354,-0.019604720015050283,-0.029516751965120654,-0.01962596881642714
2000-04-05,-0.053667631003858365,-0.035735842203098986,-0.053713149317735666,-0.03575709100447584
2000-04-06,0.0708342831485934,0.0472657198353269,0.0707887648347161,0.04724447103395005
2000-04-07,0.1204018049665805,0.0803109250296255,0.1203562866527032,0.08028967622824865
2000-04-10,-0.18387291427562333,-0.12245249169923424,-0.18400946921725522,-0.1225162381033648
2000-04-11,-0.0714883981236924,-0.0476160676795303,-0.07153391643756969,-0.04763731648090715
2000-04-12,-0.17679818239356798,-0.1178228764629054,-0.17684370070744526,-0.11784412526428226
2000-04-13,-0.1307605532334779,-0.08713112368951201,-0.13080607154735518,-0.08715237249088886
2000-04-14,-0.2602674108806559,-0.17346921938771637,-0.2603129291945332,-0.17349046818909322
2000-04-17,0.3442814649890814,0.22964814025755034,0.3441449100474495,0.22958439385341978
2000-04-18,0.07917170214132871,0.05282352262694005,0.0791261838274514,0.0528022738255632
2000-04-19,-0.0920364118540014,-0.06131522003661335,-0.0920819301678787,-0.0613364688379902
2000-04-20,-0.06549644850460859,-0.043621911137018146,-0.0655419668184859,-0.043643159938395
2000-04-24,-0.08725516014988095,-0.058001317624513,-0.08743723340539016,-0.05808631283002042
2000-04-25,0.202110490711379,0.13478233386544927,0.2020649723975017,0.13476108506407242
2000-04-26,-0.10291398715863828,-0.06856712748690695,-0.10295950547251558,-0.0685883762882838
2000-04-27,0.13272415128474543,0.08852458370624885,0.13267863297086813,0.088503334904872
2000-04-28,0.11474948089294353,0.07654147011171426,0.11470396257906623,0.07652022131033741
2000-05-01,0.026727111228260103,0.017945523643132837,0.0265905562866282,0.01788177723900227
2000-05-02,-0.17287591907384597,-0.1152080342497574,-0.17292143738772325,-0.11522928305113425
2000-05-03,-0.03361787518950283,-0.022368575730958972,-0.03366339350338013,-0.022389824532335827
2000-05-04,0.005981628428411559,0.004030998006047274,0.005936110114534259,0.004009749204670419
2000-05-05,0.07104854927333902,0.04740884989928646,0.07100303095946173,0.047387601097909605
2000-05-08,-0.1178808799986566,-0.07845608590031956,-0.11801743494028849,-0.07851983230445013
2000-05-09,-0.06434988244126993,-0.04285543608460387,-0.06439540075514724,-0.042876684885980725
2000-05-10,-0.2183664173567278,-0.14553226720497653,-0.21841193567060507,-0.14555351600635338
2000-05-11,0.18304332368907714,0.12207422682556006,0.18299780537519986,0.1220529780241832
2000-05-12,-0.00034275112855868,-0.0001831563861971482,-0.00038826944243597984,-0.00020440518757400337
2000-05-15,0.12969676165206734,0.08660054086657079,0.12956020671043544,0.08653679446244023
2000-05-16,0.08458322568844316,0.05643397060790488,0.08453770737456585,0.056412721806528024
2000-05-17,-0.06228669004607338,-0.041478542895250346,-0.06233220835995068,-0.0414997916966272
2000-05-18,-0.1078577104003526,-0.07186055931877315,-0.10790322871422989,-0.07188180812015
2000-05-19,-0.14245951011554592,-0.09492966568165437,-0.14250502842942323,-0.09495091448303122
2000-05-22,-0.003281039454066012,-0.0020584804611239725,-0.0034175943956979114,-0.0021222268652545382
2000-05-23,-0.2507104949027133,-0.16709737021016885,-0.2507560132165906,-0.1671186190115457
2000-05-24,0.18763364426618195,0.12513329553407979,0.18758812595230465,0.12511204673270293
2000-05-25,-0.06636905486519562,-0.04420269551475416,-0.06641457317907293,-0.04422394431613102
2000-05-26,-0.00032672757259658795,-0.00017514460821610217,-0.0003722458864738878,-0.00019639340959295734
2000-05-30,0.30014682015836525,0.20026743156979382,0.299964746902856,0.2001824363642864
2000-05-31,-0.08578512023776601,-0.057148168707145904,-0.08583063855164332,-0.05716941750852276
2000-06-01,0.15306783512919298,0.10208599197381613,0.1530223168153157,0.10206474317243927
2000-06-02,0.2142722413835282,0.1428897865835337,0.2142267230696509,0.14286853778215686
2000-06-05,0.006525310089430856,0.004478799935081111,0.0063887551477989565,0.004415053530950545
2000-06-06,-0.0837323987583757,-0.055778544120345296,-0.08377791707225299,-0.05579979292172215
2000-06-07,0.07980353451065848,0.05324636493068184,0.07975801619678118,0.053225116129304986
2000-06-08,-0.01433947185948073,-0.009516306844277572,-0.01438499017335803,-0.009537555645654427
2000-06-09,0.015754482877448257,0.010546234305405073,0.01570896456357096,0.010524985504028219
2000-06-12,-0.0969914591439526,-0.06453094957650632,-0.09712801408558451,-0.06459469598063688
2000-06-13,0.11537531264567474,0.07695964418289512,0.11532979433179745,0.07693839538151827
2000-06-14,-0.067968131114134,-0.045269032357517495,-0.06801364942801129,-0.04529028115889435
2000-06-15,0.052590598346970004,0.035102882061633145,0.0525450800330927,0.03508163326025629
2000-06-16,0.015674735882074627,0.010492402387523008,0.015629217568197327,0.010471153586146153
2000-06-19,0.1183860548587566,0.07905148606346384,0.1182494999171247,0.07898773965933327
2000-06-20,-0.011804532103647012,-0.007827395495755162,-0.011850050417524313,-0.007848644297132019
2000-06-21,0.03809000968810842,0.02543553707759085,0.03804449137423112,0.025414288276213996
2000-06-22,-0.1103128165346187,-0.07349948982369156,-0.11035833484849601,-0.07352073862506842
2000-06-23,-0.11843694881996177,-0.0789153874138346,-0.11848246713383906,-0.07893663621521145
2000-06-26,0.08098601393675654,0.054118983215173555,0.08084945899512463,0.05405523681104299
2000-06-27,-0.03623023847949659,-0.024111009156011255,-0.036275756793373894,-0.02413225795738811
2000-06-28,0.03601341879449743,0.024051524329138207,0.03596790048062013,0.024030275527761352
2000-06-29,-0.0756250074177177,-0.05037428374575755,-0.07567052573159501,-0.05039553254713441
2000-06-30,0.058498167621482335,0.039041452187836514,0.058452649307605034,0.03902020338645966
2000-07-03,0.057208011124460986,0.03826755325789403,0.057071456182829085,0.03820380685376346
2000-07-05,-0.11680257327609506,-0.07778170005997753,-0.11689360990384966,-0.07782419766273124
2000-07-06,0.07952818444936498,0.05306279822315284,0.07948266613548767,0.05304154942177598
2000-07-07,0.06149926029264282,0.041043801608919954,0.06145374197876552,0.0410225528075431
2000-07-10,-0.04645431612087911,-0.03083608745185782,-0.04659087106251101,-0.030899833855988386
2000-07-11,0.016033693778091843,0.010733900958650316,0.015988175464214542,0.010712652157273461
2000-07-12,0.07071152989051484,0.047186077974684215,0.07066601157663753,0.04716482917330736
2000-07-13,0.03821640225348847,0.02552323223109453,0.03817088393961117,0.025501983429717674
2000-07-14,0.06437507123930752,0.04296244035230521,0.06432955292543022,0.042941191550928355
2000-07-17,0.0325068007829909,0.021808092708300586,0.032370245841359,0.021744346304170024
2000-07-18,-0.06668184128584365,-0.044409025587557875,-0.06672735959972094,-0.04443027438893473
2000-07-19,-0.06818383056575775,-0.045410351774167274,-0.06822934887963504,-0.04543160057554413
2000-07-20,0.09605504200197683,0.0640824208607514,0.09600952368809952,0.06406117205937455
2000-07-21,-0.10121684420396529,-0.06743216994321001,-0.1012623625178426,-0.06745341874458687
2000-07-24,-0.06288117198733037,-0.041785034559557996,-0.06301772692896226,-0.04184878096368856
2000-07-25,0.023339338078636356,0.015605093988762121,0.023293819764759055,0.015583845187385268
2000-07-26,-0.00426157838976179,-0.0027951351243759503,-0.0043070967036390895,-0.0028163839257528056
2000-07-27,-0.11799264674007218,-0.0786160383006146,-0.11803816505394948,-0.07863728710199146
2000-07-28,-0.1636131323866599,-0.10902931349333721,-0.1636586507005372,-0.10905056229471406
2000-07-31,0.08745174467072493,0.058438914520212354,0.08731518972909302,0.05837516811608179
2000-08-01,-0.04018011156473318,-0.026740728428989047,-0.04022562987861048,-0.026761977230365903
2000-08-02,-0.05346469616771543,-0.035596736200483925,-0.05351021448159273,-0.03561798500186078
2000-08-03,0.12942775787840857,0.08633156649693208,0.12938223956453127,0.08631031769555522
2000-08-04,-0.010714681110565675,-0.007096917154102543,-0.010760199424442975,-0.007118165955479398
2000-08-07,0.06969213953364427,0.04660003711458657,0.06955558459201236,0.04653629071045601
2000-08-08,0.060626825128309005,0.040464182498555,0.060581306814431704,0.04044293369717814
2000-08-09,-0.08003070180039014,-0.05330731111905302,-0.08007622011426743,-0.053328559920429876
2000-08-10,-0.05969386470634973,-0.03974951522624012,-0.05973938302022703,-0.03977076402761698
2000-08-11,0.04140237222991357,0.02764797606460208,0.04135685391603627,0.027626727263225223
2000-08-14,0.06277880594307912,0.041992867156204844,0.06264225100144723,0.041929120752074285
2000-08-15,-0.00035019846745570356,-0.00018688005564565998,-0.00039571678133300335,-0.00020812885702251515
2000-08-16,0.02989085596813536,0.019973918414436874,0.02984533765425806,0.01995266961306002
2000-08-17,0.05753223502925392,0.03840140894216076,0.05748671671537662,0.0383801601407839
2000-08-18,-0.016015165243465888,-0.01063019123965245,-0.016060683557343188,-0.010651440041029305
2000-08-21,0.006823001195342139,0.004688424231535852,0.00668644625371024,0.004624677827405287
2000-08-22,-0.00035019846745570356,-0.00018688005564565998,-0.00039571678133300335,-0.00020812885702251515
2000-08-23,0.04873366298821117,0.03253578976115408,0.04868814467433387,0.032514540959777224
2000-08-24,0.04601058261021374,0.030720498360415415,0.04596506429633644,0.03069924955903856
2000-08-25,-0.01652256110595646,-0.010968264117031386,-0.01656807941983376,-0.010989512918408242
2000-08-28,0.013288969737931538,0.009000216171142203,0.01315241479629964,0.008936469767011637
2000-08-29,0.014875376241641777,0.009963980697910182,0.014829857927764476,0.009942731896533327
2000-08-30,-0.0041404418011691865,-0.0027133268632723987,-0.004185960115046487,-0.002734575664649254
2000-08-31,0.08308583673143588,0.05543762102443959,0.08304031841755857,0.05541637222306273
2000-09-01,0.02916729532408921,0.019491831220233197,0.02912177701021191,0.019470582418856342
2000-09-05,-0.09275217044908146,-0.0616484379420884,-0.09293424370459066,-0.06173343314759582
2000-09-06,-0.10587786897927204,-0.07053885140818833,-0.10592338729314933,-0.07056010020956519
2000-09-07,0.0660582268193642,0.04408483049374255,0.06601270850548689,0.0440635816923657
2000-09-08,-0.0920649759219363,-0.06133073347915895,-0.09211049423581359,-0.0613519822805358
2000-09-11,-0.07395945799723723,-0.04916998588507103,-0.07409601293886912,-0.04923373228920159
2000-09-12,-0.04680771335572685,-0.031159893315374932,-0.04685323166960415,-0.031181142116751787
2000-09-13,0.06942595807491693,0.04632893466791521,0.06938043976103964,0.046307685866538356
2000-09-14,-0.016380362702761175,-0.010875279183870193,-0.016425881016638475,-0.010896527985247048
2000-09-15,-0.05477983053307494,-0.03647444720657647,-0.05482534884695224,-0.03649569600795333
2000-09-18,-0.04825820642186352,-0.032035818168155226,-0.04839476136349542,-0.032099564572285785
2000-09-19,0.11022692459493094,0.07353005621209412,0.11018140628105365,0.07350880741071726
2000-09-20,0.045933795494136974,0.03066816105819353,0.04588827718025967,0.030646912256816674
2000-09-21,-0.21831054319567872,-0.14549482686078127,-0.21835606150955603,-0.14551607566215813
2000-09-22,0.17700656607674986,0.11804991265417113,0.17696104776287255,0.11802866385279427
2000-09-25,-0.08072428999773311,-0.05367930114551542,-0.080860844939365,-0.053743047549645984
2000-09-26,-0.034540374826774425,-0.02298128582241407,-0.034585893140651726,-0.023002534623790927
2000-09-27,0.0038469991380341226,0.002610392284789606,0.003801480824156823,0.0025891434834127507
2000-09-28,0.06664743637311481,0.04447754138420845,0.06660191805923751,0.0444562925828316
2000-09-29,-0.09249919267353415,-0.061619733871029723,-0.09254471098741145,-0.06164098267240658
2000-10-02,-0.06865032994844363,-0.04562827587347203,-0.06878688489007553,-0.04569202227760259
2000-10-03,-0.09544758275958369,-0.06358570922555606,-0.095493101073461,-0.06360695802693292
2000-10-04,0.05768673779926029,0.03850412427918919,0.05764121948538299,0.03848287547781234
2000-10-05,0.0084111323289283,0.005653720632301194,0.008365614015050999,0.005632471830924339
2000-10-06,-0.10078482476541774,-0.06714348859895213,-0.10083034307929503,-0.06716473740032898
2000-10-09,-0.014600239630786202,-0.009594595848143816,-0.014736794572418102,-0.009658342252274382
2000-10-10,-0.1569304476350009,-0.10457399934365161,-0.15697596594887822,-0.10459524814502846
2000-10-11,-0.048233571052838584,-0.03210951044895114,-0.048279089366715884,-0.032130759250327996
2000-10-12,-0.07577148501258378,-0.05046811975544794,-0.07581700332646109,-0.050489368556824794
2000-10-13,0.24424504668950833,0.16287585278800443,0.24419952837563103,0.16285460398662757
2000-10-16,0.026653615878900926,0.01790682865899635,0.02651706093726903,0.017843082254865784
2000-10-17,-0.13754197640995158,-0.0916483518602854,-0.1375874947238289,-0.09166960066166226
2000-10-18,-0.009937805586009619,-0.006578331580902365,-0.009983323899886919,-0.00659958038227922
2000-10-19,0.2712820432514604,0.18090156764407764,0.2712365249375831,0.18088031884270078
2000-10-20,0.043733350043368584,0.029202629899061385,0.04368783172949128,0.02918138109768453
2000-10-23,-0.00540254874404396,-0.0034607961501747966,-0.00553910368567586,-0.003524542554305362
2000-10-24,-0.12870710455999237,-0.08575748208984374,-0.12875262287386968,-0.0857787308912206
2000-10-25,-0.16853749055798825,-0.11231097720781333,-0.16858300887186556,-0.11233222600919018
2000-10-26,0.07668943923370235,0.05117392932484087,0.07664392091982505,0.051152680523464014
2000-10-27,-0.006223506153850844,-0.004101558719453628,-0.006269024467728143,-0.004122807520830483
2000-10-30,-0.11219777441510353,-0.07465646678419918,-0.11233432935673544,-0.07472021318832975
2000-10-31,0.19260388611010174,0.12845013168035702,0.19255836779622446,0.12842888287898016
2000-11-01,-0.02617505265482696,-0.017402494162928786,-0.02622057096870426,-0.01742374296430564
2000-11-02,0.03668105466480716,0.024501481826318373,0.03663553635092986,0.024480233024941518
2000-11-03,0.03851777410863544,0.025726057012712814,0.03847225579475814,0.02570480821133596
2000-11-06,-0.023644284456065548,-0.01561994679692579,-0.023780839397697446,-0.015683693201056354
2000-11-07,-0.011731270514088486,-0.007772828209599698,-0.011776788827965786,-0.007794077010976553
2000-11-08,-0.2349474607260234,-0.15658371726594164,-0.23499297903990068,-0.1566049660673185
2000-11-09,-0.0009744360207404444,-0.0006017963725623277,-0.001019954334617744,-0.000623045173939183
2000-11-10,-0.15642668110759067,-0.1042367220023628,-0.15647219942146798,-0.10425797080373965
2000-11-13,0.003504234925001827,0.002478779437535447,0.0033676799833699273,0.0024150330334048813
2000-11-14,0.16598522820041764,0.11070435974056761,0.16593970988654036,0.11068311093919075
2000-11-15,0.06021135509126846,0.040188348777292576,0.06016583677739116,0.04016709997591572
2000-11-16,-0.17482975649785976,-0.11650563005828399,-0.17487527481173704,-0.11652687885966084
2000-11-17,-0.002284588359335744,-0.0014757090753783277,-0.002330106673213044,-0.001496957876755183
2000-11-20,-0.12335750644587523,-0.08209628813804698,-0.12349406138750714,-0.08216003454217755
2000-11-21,-0.0050499565163556435,-0.0033191922944568273,-0.005095474830232943,-0.0033404410958336826
2000-11-22,-0.13476380688953918,-0.08979509254324584,-0.13480932520341646,-0.0898163413446227
2000-11-24,0.1709584838736482,0.11406721334865935,0.17086744724589362,0.11402471574590564
2000-11-27,-0.038333099741485036,-0.025413063678315882,-0.03846965468311694,-0.025476810082446448
2000-11-28,-0.17757775730501693,-0.11833810833319562,-0.1776232756188942,-0.11835935713457248
2000-11-29,-0.11565159012070554,-0.07705437897812373,-0.11569710843458283,-0.07707562777950058
2000-11-30,0.0018853835095047995,0.001303221419352194,0.0018398651956274999,0.001281972617975339
2000-12-01,0.04802916165955131,0.03206545372053395,0.04798364334567401,0.0320442049191571
2000-12-04,0.045830690449076165,0.03069240439154117,0.04569413550744427,0.030628657987410608
2000-12-05,0.26215438070605857,0.17481531333013922,0.2621088623921813,0.17479406452876237
2000-12-06,-0.1143985428528452,-0.0762208280420656,-0.1144440611667225,-0.07624207684344246
2000-12-07,-0.06651702815305859,-0.04429972281740179,-0.06656254646693588,-0.04432097161877865
2000-12-08,0.06732766845455695,0.04493026578531408,0.06728215014067965,0.044909016983937226
2000-12-11,0.2802307276800451,0.18695537297394182,0.2800941727384132,0.18689162656981126
2000-12-12,-0.11000619480048471,-0.07329259600715861,-0.110051713114362,-0.07331384480853546
2000-12-13,-0.12266761978799581,-0.08173373683375332,-0.1227131381018731,-0.08175498563513017
2000-12-14,-0.1469618272348788,-0.09792987513167531,-0.1470073455487561,-0.09795112393305216
2000-12-15,-0.06917248327091552,-0.04607031248903311,-0.06921800158479281,-0.04609156129040996
2000-12-18,0.004862445746629856,0.0033745147392274617,0.004725890804997957,0.0033107683350968964
2000-12-19,-0.22884734399270437,-0.15252126887893416,-0.22889286230658165,-0.15254251768031102
2000-12-20,-0.17237184171934644,-0.11487112473769343,-0.17241736003322372,-0.11489237353907028
2000-12-21,0.017335555269081,0.011599520009707143,0.0172900369552037,0.011578271208330288
2000-12-22,0.23715631842519883,0.1581426971517929,0.23711080011132152,0.15812144835041606
2000-12-26,0.01741389729123799,0.011759021329198822,0.01723182403572879,0.011674026123691401
2000-12-27,0.03355749218593401,0.02241366818181925,0.03351197387205671,0.022392419380442393
2000-12-28,-0.006412409461721967,-0.004233123458062739,-0.006457927775599267,-0.004254372259439594
2000-12-29,-0.14987111636835362,-0.09987111785392906,-0.14991663468223093,-0.09989236665530592
2001-01-02,-0.2550652605189969,-0.16987090547775616,-0.2552473337745061,-0.16995590068326358
2001-01-03,0.5049354518033656,0.3366664036213557,0.5048899334894884,0.33664515481997886
2001-01-04,-0.05437238732713135,-0.03620701354210243,-0.05441790564100865,-0.036228262343479284
2001-01-05,-0.22965819786546934,-0.15306707546796627,-0.22970371617934662,-0.15308832426934313
2001-01-08,0.03225096391224065,0.021608969646599013,0.03211440897060875,0.021545223242468447
2001-01-09,-0.0002913286060139019,-0.00015744512492475916,-0.00033684691989120175,-0.00017869392630161433
2001-01-10,0.15363756983008905,0.10246220056785317,0.15359205151621175,0.10244095176647632
2001-01-11,0.08692988657859897,0.05799088692892068,0.08688436826472166,0.05796963812754383
2001-01-12,0.03829843155465251,0.0255701070251927,0.03825291324077521,0.025548858223815845
2001-01-16,-0.03706030770591128,-0.024554833988719462,-0.037242380961420476,-0.024639829194226883
2001-01-17,0.09120482603700496,0.06084151204590793,0.09115930772312765,0.060820263244531075
2001-01-18,0.12592338913259388,0.08398722077630053,0.12587787081871657,0.08396597197492367
2001-01-19,-0.011564323755403524,-0.007672015009229168,-0.011609842069280825,-0.007693263810606023
2001-01-22,0.0019481828204080769,0.001410250590320122,0.0018116278787761774,0.0013465041861895565
2001-01-23,0.06255858529522942,0.04174297257395701,0.06251306698135212,0.041721723772580155
2001-01-24,-0.028655268916444643,-0.019066358596502627,-0.028700787230321944,-0.019087607397879482
2001-01-25,-0.11761397411990943,-0.07837178191889978,-0.11765949243378673,-0.07839303072027663
2001-01-26,0.04839596286508977,0.032301509404433035,0.04835044455121247,0.03228026060305618
2001-01-29,0.06563670426746267,0.04386755466674612,0.06550014932583077,0.043803808262615554
2001-01-30,-0.011481383986458982,-0.007618146978159796,-0.01152690230033628,-0.007639395779536652
2001-01-31,-0.11039386612238485,-0.07356075122633758,-0.11043938443626214,-0.07358200002771444
2001-02-01,0.039377929952647314,0.0262868280711839,0.039332411638770014,0.026265579269807045
2001-02-02,-0.1660509325846509,-0.11066565204104001,-0.1660964508985282,-0.11068690084241686
2001-02-05,-0.0032899985024245912,-0.002086714555108162,-0.0034265534440564905,-0.002150460959238728
2001-02-06,0.0045937068241097695,0.0030982953305757795,0.00454818851023247,0.0030770465291989246
2001-02-07,-0.04898671802055292,-0.032622177807097315,-0.04903223633443022,-0.03264342660847417
2001-02-08,-0.08988800093361683,-0.059889699749139914,-0.08993351924749413,-0.05991094855051677
2001-02-09,-0.1222445113790864,-0.08146061176126795,-0.12229002969296371,-0.08148186056264481
2001-02-12,0.035318838114896514,0.02365250985643924,0.03518228317326461,0.023588763452308675
2001-02-13,-0.09646544180264126,-0.06427475527514699,-0.09651096011651857,-0.06429600407652385
2001-02-14,0.11917469449258511,0.07948524064654035,0.11912917617870782,0.07946399184516349
2001-02-15,0.049323578521688186,0.032918019887730084,0.049278060207810885,0.03289677108635323
2001-02-16,-0.1682647158203627,-0.11214074805545216,-0.16831023413424,-0.11216199685682901
2001-02-20,-0.11757899058942003,-0.07824535563860409,-0.11776106384492924,-0.07833035084411151
2001-02-21,-0.08463973948726039,-0.05639104867335665,-0.08468525780113768,-0.0564122974747335
2001-02-22,-0.029405789461723734,-0.019568700119230172,-0.029451307775601034,-0.019589948920607027
2001-02-23,0.010305424295101125,0.006905347462961207,0.010259905981223824,0.0068840986615843515
2001-02-26,0.056034529644541906,0.03745841541898064,0.05589797470291001,0.03739466901485007
2001-02-27,-0.1814799624623655,-0.12095318997904016,-0.1815254807762428,-0.12097443878041701
2001-02-28,-0.09516791001631043,-0.06341191651662972,-0.09521342833018773,-0.06343316531800658
2001-03-01,0.08508049759373586,0.05675397307617068,0.08503497927985856,0.056732724274793825
2001-03-02,-0.12937067419417347,-0.0862135696271002,-0.12941619250805078,-0.08623481842847705
2001-03-05,0.05378883719371748,0.035959864302858024,0.053652282252085584,0.03589611789872746
2001-03-06,0.11644759858362186,0.07766508921665848,0.11640208026974457,0.07764384041528162
2001-03-07,0.0009455011578915902,0.0006634064570696896,0.0008999828440142903,0.0006421576556928344
2001-03-08,-0.0561122492278199,-0.03737604173738525,-0.0561577675416972,-0.037397290538762104
2001-03-09,-0.21057137152496833,-0.1403488847025503,-0.21061688983884563,-0.14037013350392716
2001-03-12,-0.18704961754918145,-0.1246022344390856,-0.18718617249081335,-0.12466598084321616
2001-03-13,0.15221915932780639,0.10151127967970713,0.15217364101392908,0.10149003087833028
2001-03-14,-0.047505767258272324,-0.031638671377678666,-0.047551285572149625,-0.03165992017905552
2001-03-15,-0.109969545768803,-0.0732822323960476,-0.11001506408268029,-0.07330348119742446
2001-03-16,-0.06786834863302112,-0.04521495703250911,-0.06791386694689842,-0.04523620583388596
2001-03-19,0.14923122215828433,0.0995798757883194,0.14909466721665243,0.09951612938418883
2001-03-20,-0.20205741790569356,-0.13467424185322013,-0.20210293621957087,-0.134695490654597
2001-03-21,-0.0002526329435389699,-0.00013809729368729316,-0.0002981512574162697,-0.00015934609506414833
2001-03-22,0.18191394166597405,0.12130467696156157,0.18186842335209674,0.12128342816018471
2001-03-23,-0.00024014254244419177,-0.0001318520931399041,-0.0002856608563214916,-0.00015310089451675928
2001-03-26,-0.07011811063818411,-0.04665982708178932,-0.07025466557981601,-0.046723573485919885
2001-03-27,0.10308235549038001,0.06875009699703115,0.10303683717650272,0.0687288481956543
2001-03-28,-0.24648663627985318,-0.16429542452820087,-0.24653215459373048,-0.16431667332957772
2001-03-29,-0.05691889039925546,-0.03791702188178868,-0.05696440871313276,-0.037938270683165534
2001-03-30,0.015158947293275769,0.010134775310747027,0.015113428979398469,0.010113526509370172
2001-04-02,-0.1348251448072017,-0.08979756609718287,-0.13496169974883362,-0.08986131250131343
2001-04-03,-0.22002667644090615,-0.14665658627107617,-0.22007219475478346,-0.14667783507245302
2001-04-04,-0.05302962993524969,-0.0353258836778644,-0.05307514824912699,-0.035347132479241254
2001-04-05,0.2869926895320489,0.19135519010430138,0.28694717121817154,0.19133394130292453
2001-04-06,-0.10958450357263462,-0.07302951080260107,-0.10963002188651193,-0.07305075960397793
2001-04-09,0.09112531911941113,0.06082615340191925,0.09098876417777924,0.06076240699778868
2001-04-10,0.22245049592599267,0.14832554975016168,0.22240497761211536,0.14830430094878483
2001-04-11,0.09022828209433964,0.060177501614774816,0.09018276378046235,0.06015625281339796
2001-04-12,0.1314783675715671,0.08767878648601805,0.1314328492576898,0.0876575376846412
2001-04-16,-0.17964636229948014,-0.1196603430521301,-0.17982843555498934,-0.11974533825763752
2001-04-17,0.07430309240991359,0.0495625978855778,0.07425757409603628,0.04954134908420094
2001-04-18,0.3124921851428514,0.2083550428421025,0.31244666682897404,0.20833379404072563
2001-04-19,0.1809011859100364,0.12062582091588704,0.1808556675961591,0.12060457211451019
2001-04-20,0.005991122875035456,0.004018734636441223,0.005945604561158157,0.003997485835064368
2001-04-23,-0.20208483578360878,-0.13465209660572997,-0.20222139072524067,-0.13471584300986053
2001-04-24,-0.05669053152278412,-0.03777016726802071,-0.05673604983666142,-0.037791416069397565
2001-04-25,0.05396255775045032,0.03599903062399541,0.05391703943657302,0.03597778182261856
2001-04-26,-0.07671342154968983,-0.05111791145487071,-0.07675893986356713,-0.05113916025624757
2001-04-27,0.08169396371208437,0.05448691768211438,0.08164844539820708,0.054465668880737526
2001-04-30,0.0657952751338739,0.04393690861772678,0.065658720192242,0.04387316221359622
2001-05-01,0.12328493457804837,0.08221536436111623,0.12323941626417106,0.08219411555973938
2001-05-02,0.057843564302051856,0.03858750091997273,0.057798045988174555,0.03856625211859587
2001-05-03,-0.13374472518452327,-0.08913830861817919,-0.13379024349840057,-0.08915955741955604
2001-05-04,0.08952804160504088,0.05970973064828309,0.08948252329116357,0.059688481846906234
2001-05-07,-0.06287417312115419,-0.041845837155187256,-0.06301072806278608,-0.04190958355931782
2001-05-08,0.0633478562451769,0.04225533024975645,0.06330233793129961,0.0422340814483796
2001-05-09,-0.10290511485739408,-0.06858026677233785,-0.10295063317127137,-0.0686015155737147
2001-05-10,-0.05048046840518376,-0.03363031383986779,-0.05052598671906106,-0.033651562641244644
2001-05-11,-0.014634049785775318,-0.009732512776681515,-0.014679568099652616,-0.00975376157805837
2001-05-14,-0.048718692384678845,-0.03240771798052854,-0.04885524732631075,-0.0324714643846591
2001-05-15,0.021878469956861775,0.014608884083591482,0.021832951642984474,0.014587635282214627
2001-05-16,0.13268646996518532,0.08848012971911805,0.13264095165130801,0.08845888091774119
2001-05-17,0.047517316716104756,0.031700128644218624,0.047471798402227455,0.03167887984284177
2001-05-18,0.008565553195758956,0.005732286297321423,0.008520034881881657,0.005711037495944568
2001-05-21,0.1873546851489815,0.1249700070264246,0.1872181302073496,0.12490626062229405
2001-05-22,-0.009020336556029575,-0.005990886064716593,-0.009065854869906874,-0.006012134866093448
2001-05-23,-0.1328192312516624,-0.08852357681269765,-0.1328647495655397,-0.08854482561407451
2001-05-24,0.07687427592927762,0.05127209464126236,0.07682875761540031,0.051250845839885505
2001-05-25,-0.054918285792602356,-0.03658904739581004,-0.054963804106479656,-0.03661029619718689
2001-05-29,-0.17658025939585317,-0.11762910921721241,-0.17676233265136237,-0.11771410442271983
2001-05-30,-0.11013984131868622,-0.07340332343344053,-0.11018535963256353,-0.07342457223481738
2001-05-31,0.020045867905719165,0.013386866457988977,0.020000349591841864,0.013365617656612122
2001-06-01,0.0883280529290299,0.05890785169501445,0.08828253461515259,0.0588866028936376
2001-06-04,-0.014956613870931734,-0.009902495247397834,-0.015093168812563633,-0.0099662416515284
2001-06-05,0.13201900250137158,0.08803562285509058,0.13197348418749427,0.08801437405371372
2001-06-06,-0.0234036630224123,-0.015579958939280355,-0.0234491813362896,-0.01560120774065721
2001-06-07,0.07688069293011797,0.051276184087799784,0.07683517461624068,0.05125493528642293
2001-06-08,-0.0833686932223436,-0.05555664573923455,-0.0834142115362209,-0.055577894540611406
2001-06-11,-0.08298176704755685,-0.05525344596647273,-0.08311832198918875,-0.0553171923706033
2001-06-12,-0.016490251925644656,-0.010971301017495383,-0.016535770239521953,-0.010992549818872238
2001-06-13,-0.08208060945762036,-0.05469858305068958,-0.08212612777149765,-0.054719831852066435
2001-06-14,-0.15508079044659231,-0.10336546461762221,-0.1551263087604696,-0.10338671341899906
2001-06-15,0.024648464203684158,0.016454132723513423,0.024602945889806858,0.016432883922136567
2001-06-18,-0.04073851803878341,-0.027094673067588018,-0.04087507298041531,-0.027158419471718584
2001-06-19,-0.015187920682839202,-0.010103834135803607,-0.015233438996716503,-0.010125082937180462
2001-06-20,0.0679483824558608,0.045320273734935294,0.0679028641419835,0.04529902493355844
2001-06-21,0.040486583281337814,0.02701221918954565,0.04044106496746051,0.026990970388168795
2001-06-22,-0.0071204091872623075,-0.004725587360480109,-0.007165927501139608,-0.004746836161856964
2001-06-25,0.007043183244986156,0.004757816101316511,0.006906628303354256,0.004694069697185946
2001-06-26,0.010183901539776595,0.006810148754307542,0.010138383225899297,0.006788899952930687
2001-06-27,0.019109091795071993,0.012760275591171141,0.019063573481194692,0.012739026789794286
2001-06-28,0.0381645152606716,0.025464456493203592,0.0381189969467943,0.025443207691826737
2001-06-29,0.09111420928885572,0.06076538354764776,0.09106869097497841,0.060744134746270904
2001-07-02,-0.017032135759320825,-0.011286742254971179,-0.017168690700952723,-0.011350488659101744
2001-07-03,0.012334775261013255,0.008246043729527721,0.012289256947135955,0.008224794928150866
2001-07-05,-0.1443681107816772,-0.09619987533110659,-0.1444591474094318,-0.0962423729338603
2001-07-06,-0.12448808249679019,-0.082969383358557,-0.12453360081066749,-0.08299063215993385
2001-07-09,0.02531361893908831,0.01694319518637574,0.02517706399745641,0.016879448782245173
2001-07-10,-0.1080377128857911,-0.0720024702845576,-0.1080832311996684,-0.07202371908593445
2001-07-11,0.036830828509521706,0.024576368748675647,0.036785310195644405,0.024555119947298792
2001-07-12,0.19004267884007428,0.1267171309774303,0.18999716052619697,0.12669588217605343
2001-07-13,-0.031166782762292254,-0.020755654908593782,-0.03121230107616955,-0.020776903709970637
2001-07-16,-0.05623672883540376,-0.037423986153772446,-0.056373283777035654,-0.03748773255790301
2001-07-17,0.06709015764296682,0.04474934911705516,0.06704463932908951,0.0447281003156783
2001-07-18,-0.11452307044222004,-0.07632641909688993,-0.11456858875609735,-0.07634766789826679
2001-07-19,0.07110842901991711,0.04742725412390585,0.0710629107060398,0.047406005322529
2001-07-20,-0.06985434796342668,-0.04654783629551179,-0.06989986627730399,-0.046569085096888646
2001-07-23,-0.07550963109251949,-0.050275132423812756,-0.0756461860341514,-0.05033887882794332
2001-07-24,-0.03418233794124484,-0.022766402039772576,-0.03422785625512214,-0.02278765084114943
2001-07-25,0.025949587571278156,0.017321548301909424,0.025904069257400856,0.01730029950053257
2001-07-26,0.04424280756655316,0.029517028298759424,0.04419728925267586,0.02949577949738257
2001-07-27,0.061841851169032167,0.041249724033745425,0.061796332855154866,0.04122847523236857
2001-07-30,-0.018481627659199168,-0.012255898065814801,-0.018618182600831066,-0.012319644469945367
2001-07-31,0.004115821736892657,0.002765798658077223,0.004070303423015357,0.002744549856700368
2001-08-01,0.09606158924941231,0.06406269427690264,0.096016070935535,0.06404144547552579
2001-08-02,0.05618302928522527,0.037476893402772486,0.05613751097134797,0.03745564460139563
2001-08-03,-0.05007559010658203,-0.033362186191765716,-0.05012110842045933,-0.03338343499314257
2001-08-06,-0.047841744674598605,-0.03183015749146482,-0.047978299616230506,-0.031893903895595384
2001-08-07,-0.015727754125282704,-0.010463723097432607,-0.015773272439160005,-0.010484971898809462
2001-08-08,-0.1265019754184807,-0.08431320395956461,-0.126547493732358,-0.08433445276094147
2001-08-09,0.012393049809037614,0.00828319687467885,0.012347531495160314,0.008261948073301995
2001-08-10,-0.028961526899687107,-0.019286803538668258,-0.029007045213564408,-0.019308052340045113
2001-08-13,0.06048720694295713,0.0403868826689951,0.06035065200132523,0.040323136264864536
2001-08-14,-0.03669279286682488,-0.024441075042996897,-0.03673831118070217,-0.02446232384437375
2001-08-15,-0.11102988274149313,-0.07399932333084137,-0.11107540105537043,-0.07402057213221823
2001-08-16,0.03509872204782468,0.023419746528703832,0.03505320373394738,0.023398497727326977
2001-08-17,-0.13669458639880425,-0.09110940829013293,-0.13674010471268155,-0.09113065709150979
2001-08-20,0.04074084079470577,0.02722066102338622,0.040604285853073865,0.027156914619255654
2001-08-21,-0.12480141782557928,-0.0831804408987284,-0.12484693613945659,-0.08320168970010526
2001-08-22,0.08157405870782275,0.05440292761685937,0.08152854039394546,0.05438167881548252
2001-08-23,-0.02964210401326475,-0.01974118086386563,-0.029687622327142046,-0.019762429665242484
2001-08-24,0.15896805405320658,0.10599911284676758,0.15892253573932927,0.10597786404539072
2001-08-27,0.0032358400303163304,0.0022190221773396987,0.003099285088684431,0.0021552757732091333
2001-08-28,-0.09396861690445259,-0.0626249577347487,-0.0940141352183299,-0.06264620653612556
2001-08-29,-0.04426472298101562,-0.029489405176047218,-0.044310241294892916,-0.029510653977424074
2001-08-30,-0.11121662081293268,-0.074123909556964,-0.11126213912680999,-0.07414515835834086
2001-08-31,0.03796277834605472,0.025328552395230606,0.03791726003217742,0.02530730359385375
2001-09-04,-0.09576901270819722,-0.06376549786272188,-0.09595108596370641,-0.0638504930682293
2001-09-05,-0.01203589104501306,-0.008003234683223035,-0.012081409358890358,-0.00802448348459989
2001-09-06,-0.12161998691171833,-0.08105958112984901,-0.12166550522559562,-0.08108082993122587
2001-09-07,-0.017889131190436794,-0.011906242257014503,-0.017934649504314094,-0.011927491058391358
2001-09-10,0.035050217151251256,0.023424370404321215,0.034913662209619355,0.02336062400019065
2001-09-17,-0.2564280788190572,-0.17081840702791498,-0.2567467070161983,-0.17096714863755297
2001-09-18,-0.06745663384383634,-0.04495810366447632,-0.06750215215771364,-0.044979352465853176
2001-09-19,-0.05227328846663603,-0.03483690484883552,-0.05231880678051333,-0.03485815365021237
2001-09-20,-0.10022644401149423,-0.06680829808266386,-0.10027196232537153,-0.06682954688404072
2001-09-21,-0.08090200951261876,-0.053925060906805586,-0.08094752782649607,-0.05394630970818244
2001-09-24,0.15072765605186905,0.10051478299772561,0.15059110111023716,0.10045103659359504
2001-09-25,0.008981407196100417,0.005998621758084204,0.008935888882223119,0.005977372956707349
2001-09-26,-0.10417878671142877,-0.06944132011808409,-0.10422430502530607,-0.06946256891946094
2001-09-27,-0.02001704972250708,-0.013333682854320796,-0.02006256803638438,-0.013354931655697651
2001-09-28,0.05253276213190062,0.035032858381951006,0.05248724381802332,0.03501160958057415
2001-10-01,-0.026295309484509217,-0.017496593254400873,-0.026431864426141115,-0.017560339658531435
2001-10-02,0.009261733507810241,0.006185412275279165,0.009216215193932942,0.00616416347390231
2001-10-03,0.22679516045366743,0.15120676026171687,0.22674964213979013,0.15118551146034
2001-10-04,0.028904426274143354,0.01927932324164552,0.028858907960266054,0.019258074440268665
2001-10-05,0.043960042414915114,0.02931621342569995,0.04391452410103781,0.029294964624323096
2001-10-08,0.009067037086024446,0.006072685165679806,0.008930482144392547,0.006008938761549241
2001-10-09,-0.07263216155932972,-0.04841210978122086,-0.07267767987320702,-0.048433358582597716
2001-10-10,0.1359285485619028,0.0906286444762088,0.13588303024802553,0.09060739567483195
2001-10-11,0.20294759411021054,0.13530800817508062,0.20290207579633326,0.13528675937370377
2001-10-12,-0.013099172430540915,-0.008722701351438112,-0.013144690744418213,-0.008743950152814968
2001-10-15,-0.013413844578831935,-0.008912884089408385,-0.013550399520463835,-0.008976630493538949
2001-10-16,0.04870721189307739,0.03248136758310034,0.04866169357920009,0.03246011878172349
2001-10-17,-0.2155176366956468,-0.1436688123621576,-0.21556315500952408,-0.14369006116353444
2001-10-18,0.08122664041712023,0.05416070571302042,0.08118112210324292,0.05413945691164356
2001-10-19,0.019675850351147182,0.013126564825763735,0.019630332037269882,0.01310531602438688
2001-10-22,0.08009868714765625,0.05342711854010101,0.07996213220602434,0.05336337213597044
2001-10-23,0.015543170099013131,0.01037172550094901,0.015497651785135833,0.010350476699572154
2001-10-24,0.06484662812244056,0.04324051028295883,0.06480110980856327,0.04321926148158198
2001-10-25,0.12028330289086696,0.08019801264718558,0.12023778457698966,0.08017676384580873
2001-10-26,-0.06452842326470136,-0.04301008556176663,-0.06457394157857865,-0.043031334363143485
2001-10-29,-0.16449133878226577,-0.1096343026774077,-0.16462789372389766,-0.10969804908153827
2001-10-30,-0.05828630343320008,-0.03884914019882009,-0.05833182174707738,-0.038870389000196945
2001-10-31,0.046614225223199676,0.031084171371254632,0.046568706909322376,0.031062922569877777
2001-11-01,0.12731336279835387,0.08488359642135743,0.12726784448447656,0.08486234761998057
2001-11-02,0.02195392076240772,0.014644061940477304,0.021908402448530418,0.014622813139100448
2001-11-05,0.09740196751661218,0.06495758630401532,0.09726541257498027,0.06489383989988476
2001-11-06,0.11658760642787909,0.07773271804956625,0.1165420881140018,0.07771146924818939
2001-11-07,-0.004036384900321852,-0.0026846784603357815,-0.004081903214199153,-0.0027059272617126367
2001-11-08,-0.030782593024877087,-0.020515951069698998,-0.030828111338754387,-0.020537199871075853
2001-11-09,-0.001696517060692448,-0.0011248600153392298,-0.001742035374569748,-0.0011461088167160848
2001-11-12,0.021147492781598005,0.014116502266401137,0.021010937839966107,0.014052755862270573
2001-11-13,0.10726074605756496,0.07151322195348857,0.10721522774368765,0.07149197315211171
2001-11-14,0.02123398044100355,0.01416213831912477,0.02118846212712625,0.014140889517747914
2001-11-15,-0.012219394888646588,-0.00813983154213365,-0.012264913202523889,-0.008161080343510504
2001-11-16,-0.008469809400425138,-0.005639734005515225,-0.008515327714302438,-0.005660982806892079
2001-11-19,0.08500640594196243,0.05669219545357775,0.08486985100033054,0.05662844904944719
2001-11-20,-0.13866581654988389,-0.0924368851377631,-0.13871133486376117,-0.09245813393913996
2001-11-21,-0.01564942042591959,-0.010425860897634349,-0.01569493873979689,-0.010447109699011204
2001-11-23,0.06692574113200933,0.044631519851767804,0.06683470450425473,0.04458902224901409
2001-11-26,0.07374111653151004,0.04918200251327615,0.07360456158987815,0.04911825610914559
2001-11-27,-0.0038413965817269326,-0.0025535645005496216,-0.0038869148956042323,-0.002574813301926477
2001-11-28,-0.10831883703040984,-0.07220575242550503,-0.10836435534428714,-0.07222700122688189
2001-11-29,0.0927942694019143,0.061869277984906955,0.092748751088037,0.0618480291835301
2001-11-30,-0.022634010750938988,-0.015083562887073599,-0.022679529064816288,-0.015104811688450454
2001-12-03,-0.05176274942870994,-0.03449172731043303,-0.051899304370341834,-0.0345554737145636
2001-12-04,0.1430808748945306,0.09539284069925605,0.1430353565806533,0.0953715918978792
2001-12-05,0.1483192791532965,0.0988847365740552,0.14827376083941923,0.09886348777267834
2001-12-06,0.004097823395650083,0.002737379618459786,0.004052305081772782,0.0027161308170829306
2001-12-07,-0.08260009207238095,-0.05506141750908292,-0.08264561038625826,-0.05508266631045978
2001-12-10,-0.05277909046543838,-0.03517180969104046,-0.052915645407070284,-0.035235556095171025
2001-12-11,0.016730588986017116,0.011158662955714103,0.016685070672139816,0.011137414154337248
2001-12-12,0.02391305117033855,0.01594650421760097,0.02386753285646125,0.015925255416224113
2001-12-13,-0.13003098702188065,-0.08668276121449328,-0.13007650533575796,-0.08670401001587014
2001-12-14,0.026309573642227975,0.01754446596790258,0.026264055328350674,0.017523217166525724
2001-12-17,0.05130369786804828,0.034217836473224475,0.05116714292641638,0.03415409006909391
2001-12-18,0.03372114578850001,0.022485980997524198,0.03367562747462271,0.022464732196147343
2001-12-19,-0.05463228947219958,-0.036416589349763696,-0.05467780778607688,-0.03643783815114055
2001-12-20,-0.12747422616353773,-0.08497806723594123,-0.12751974447741504,-0.08499931603731808
2001-12-21,0.05326321835116487,0.03551356244052718,0.05321770003728757,0.03549231363915033
2001-12-24,-0.012458058923737145,-0.00829056172071669,-0.012594613865369045,-0.008354308124847255
2001-12-26,0.02802888853923114,0.018695986395734856,0.02793785191147654,0.01865348879298115
2001-12-27,0.02408478018504636,0.016061830662535272,0.02403926187116906,0.016040581861158417
2001-12-28,0.023892230759688007,0.015933370978316198,0.023846712445810707,0.015912122176939342
2001-12-31,-0.10593038741405049,-0.0706051672216625,-0.10606694235568238,-0.07066891362579307
2002-01-02,0.09231576379455571,0.06155427680675219,0.09222472716680111,0.06151177920399848
2002-01-03,0.1038632978868315,0.06924741572974519,0.1038177795729542,0.06922616692836833
2002-01-04,0.01218622147538156,0.008129271392874024,0.012140703161504259,0.008108022591497168
2002-01-07,-0.03342087069091779,-0.022265489406240707,-0.03355742563254969,-0.022329235810371273
2002-01-08,0.02028597713539907,0.01352873496334998,0.02024045882152177,0.013507486161973125
2002-01-09,-0.02757484227282429,-0.01837857134766405,-0.02762036058670159,-0.018399820149040905
2002-01-10,0.019606333758081507,0.013075546006273149,0.019560815444204207,0.013054297204896294
2002-01-11,-0.03852570662282529,-0.02567914758099805,-0.03857122493670259,-0.025700396382374906
2002-01-14,-0.06563928348061918,-0.0437483522017666,-0.06577583842225107,-0.043812098605897166
2002-01-15,0.028434867331740204,0.018960301594042196,0.028389349017862907,0.01893905279266534
2002-01-16,-0.11610867223135,-0.07740187146032101,-0.11615419054522731,-0.07742312026169787
2002-01-17,0.06720881494014297,0.04480987998829513,0.06716329662626566,0.044788631186918275
2002-01-18,-0.0802987565779438,-0.053528220992473154,-0.08034427489182111,-0.05354946979385001
2002-01-22,-0.09289045437181569,-0.061910582778977465,-0.09307252762732489,-0.061995577984484886
2002-01-23,0.08252075013945767,0.055018583632722384,0.08247523182558038,0.05499733483134553
2002-01-24,0.039710994451306623,0.026478933265907105,0.03966547613742932,0.02645768446453025
2002-01-25,-0.008573669876770528,-0.00571074956638997,-0.008619188190647829,-0.005731998367766825
2002-01-28,0.01669239808004301,0.011143356441066489,0.016555843138411113,0.011079610036935925
2002-01-29,-0.08230266532184885,-0.05486331980527957,-0.08234818363572614,-0.05488456860665643
2002-01-30,0.022805352996587067,0.015208599015848428,0.02275983468270977,0.015187350214471575
2002-01-31,0.018710432217389758,0.012478932017430874,0.018664913903512458,0.012457683216054019
2002-02-01,-0.028925060469531264,-0.019277969701793636,-0.02897057878340856,-0.01929921850317049
2002-02-04,-0.09627211998121638,-0.0641652014871293,-0.09640867492284828,-0.06422894789125987
2002-02-05,-0.04967013316945332,-0.033107924758275814,-0.04971565148333062,-0.03312917355965267
2002-02-06,-0.020758225891523967,-0.01383341331645544,-0.020803744205401264,-0.013854662117832293
2002-02-07,-0.07248179446811429,-0.048315979173551994,-0.07252731278199159,-0.04833722797492885
2002-02-08,0.08344430293164085,0.05563465903038022,0.08339878461776355,0.05561341022900337
2002-02-11,0.037849382103052075,0.025248292629893674,0.03771282716142017,0.025184546225763108
2002-02-12,-0.02467014894721354,-0.016441642222189374,-0.02471566726109084,-0.01646289102356623
2002-02-13,0.05109446436910596,0.03406828678524168,0.05104894605522866,0.034047037983864825
2002-02-14,-0.0057870433784387625,-0.0038526249743986367,-0.005832561692316062,-0.003873873775775492
2002-02-15,-0.08958215517507444,-0.05971612624421192,-0.08962767348895175,-0.05973737504558878
2002-02-19,-0.09263828528455376,-0.0617379883022724,-0.09282035854006296,-0.06182298350777982
2002-02-20,0.040554625197947405,0.027041633937155796,0.040509106884070105,0.02702038513577894
2002-02-21,-0.14263489042919067,-0.09508452300823324,-0.14268040874306798,-0.09510577180961009
2002-02-22,0.01513104844099204,0.010092769571888562,0.015085530127114739,0.010071520770511709
2002-02-25,0.12093808843999512,0.0806416041270117,0.12080153349836321,0.08057785772288113
2002-02-26,-0.011243567208207418,-0.007490214117445214,-0.011289085522084717,-0.00751146291882207
2002-02-27,-0.041387287732806415,-0.027586027800511215,-0.041432806046683715,-0.02760727660188807
2002-02-28,-0.054174071977857716,-0.03611055063054541,-0.054219590291735016,-0.03613179943192227
2002-03-01,0.17396360862202898,0.11598142327054128,0.17391809030815167,0.11596017446916443
2002-03-04,0.11804267489924634,0.07871160866357677,0.11790611995761445,0.0786478622594462
2002-03-05,0.021698797777150888,0.014471549373955889,0.021653279463273587,0.014450300572579034
2002-03-06,0.014325251264136314,0.0095559451229766,0.014279732950259015,0.009534696321599746
2002-03-07,0.006279350542772219,0.0041918244647504545,0.006233832228894919,0.004170575663373599
2002-03-08,0.07871803359372462,0.05248427983205206,0.07867251527984731,0.052463031030675206
2002-03-11,-0.011176183998987855,-0.007433456492001394,-0.011312738940619755,-0.00749720289613196
2002-03-12,-0.04137474795566123,-0.02757710738866222,-0.04142026626953853,-0.027598356190039076
2002-03-13,-0.07274009337680067,-0.04848724422607803,-0.07278561169067796,-0.048508493027454885
2002-03-14,-0.01790576132315933,-0.01193120973892587,-0.017951279637036625,-0.011952458540302725
2002-03-15,0.030006554187935942,0.020010614265169417,0.029961035874058642,0.019989365463792562
2002-03-18,0.01659782522186684,0.011083951234214256,0.01646127028023494,0.01102020483008369
2002-03-19,-0.004917129676880708,-0.0032717481918723593,-0.0049626479907580075,-0.0032929969932492145
2002-03-20,-0.10604676317938178,-0.07069159731304239,-0.10609228149325907,-0.07071284611441925
2002-03-21,0.07976133181340345,0.053180372567391374,0.07971581349952615,0.05315912376601452
2002-03-22,-0.027662916959578728,-0.01843588672460722,-0.02770843527345603,-0.018457135525984075
2002-03-25,-0.0919229763117187,-0.06126381046247666,-0.0920595312533506,-0.06132755686660723
2002-03-26,0.027734836659628267,0.01849585558293253,0.02768931834575097,0.018474606781555675
2002-03-27,-0.02351238117261647,-0.015669049739083687,-0.02355789948649377,-0.015690298540460543
2002-03-28,0.037805447053373534,0.02520950241157631,0.03775992873949623,0.025188253610199454
2002-04-01,0.05698372826687826,0.03801188893467335,0.05680165501136906,0.03792689372916593
2002-04-02,-0.13561326753146508,-0.09040325425140774,-0.13565878584534238,-0.0904245030527846
2002-04-03,-0.005234821733114385,-0.0034841035418571977,-0.005280340046991685,-0.003505352343234053
2002-04-04,-0.023226944916471513,-0.015478945755125711,-0.023272463230348813,-0.015500194556502566
2002-04-05,-0.03376426705771128,-0.022503920602238547,-0.033809785371588574,-0.022525169403615403
2002-04-08,0.037222827078294704,0.024831429885878088,0.03708627213666281,0.024767683481747522
2002-04-09,-0.10441211105702454,-0.06960276349884534,-0.10445762937090185,-0.0696240123002222
2002-04-10,0.022225453869172757,0.014822092988734823,0.022179935555295457,0.014800844187357968
2002-04-11,-0.0745681762150745,-0.0497071805116803,-0.0746136945289518,-0.049728429313057154
2002-04-12,0.04717239600223678,0.03145329435294823,0.04712687768835948,0.03143204555157138
2002-04-15,0.02386303771223495,0.015923502703264713,0.023726482770603054,0.015859756299134147
2002-04-16,0.1250845322056471,0.08339462510213409,0.1250390138917698,0.08337337630075724
2002-04-17,-0.015443665888553991,-0.010290560120511801,-0.01548918420243129,-0.010311808921888656
2002-04-18,-0.057495105506725236,-0.038324946595197175,-0.057540623820602536,-0.03834619539657403
2002-04-19,0.009505092446328571,0.006341758649009431,0.00945957413245127,0.0063205098476325754
2002-04-22,-0.07604336222928942,-0.050680203591667326,-0.07617991717092133,-0.05074394999579789
2002-04-23,-0.05190291092161413,-0.03459691026295237,-0.05194842923549143,-0.034618159064329225
2002-04-24,-0.046450902319873234,-0.030962144470629175,-0.046496420633750535,-0.03098339327200603
2002-04-25,-0.007485967559034328,-0.004985614687899169,-0.007531485872911628,-0.0050068634892760245
2002-04-26,-0.1278000803878968,-0.08519483645340702,-0.1278455987017741,-0.08521608525478387
2002-04-29,0.007423946073727677,0.004965228999998221,0.007287391132095777,0.004901482595867656
2002-04-30,0.05870031997112568,0.039139044002110185,0.05865480165724838,0.03911779520073333
2002-05-01,-0.01617696222641112,-0.010779144129581015,-0.01622248054028842,-0.01080039293095787
2002-05-02,-0.09991408574919372,-0.06660389314476942,-0.09995960406307101,-0.06662514194614627
2002-05-03,-0.07581496341150973,-0.050537811586313416,-0.07586048172538702,-0.05055906038769027
2002-05-06,-0.07798265002600908,-0.05197222151699111,-0.07811920496764099,-0.052035967921121674
2002-05-07,-0.028063877028341663,-0.018703847407667236,-0.02810939534221896,-0.01872509620904409
2002-05-08,0.32080400347609594,0.21387473959529116,0.32075848516221867,0.2138534907939143
2002-05-09,-0.07753539565630437,-0.051684859826309035,-0.07758091397018167,-0.05170610862768589
2002-05-10,-0.13483624111285783,-0.08988533005387882,-0.13488175942673514,-0.08990657885525567
2002-05-13,0.12147466876460905,0.08099960457381856,0.12133811382297716,0.080935858169688
2002-05-14,0.17642448626299306,0.11762182153002178,0.17637896794911576,0.11760057272864492
2002-05-15,0.022001785724391418,0.014673447919163253,0.021956267410514117,0.014652199117786398
2002-05-16,0.004468839248223337,0.0029846301100427634,0.004423320934346038,0.002963381308665908
2002-05-17,0.006288232411776058,0.0041974654803550735,0.0062427140978987584,0.004176216678978219
2002-05-20,-0.06590401414095229,-0.04391979759361991,-0.0660405690825842,-0.04398354399775047
2002-05-21,-0.08206333170861324,-0.05470357726657112,-0.08210885002249055,-0.05472482606794798
2002-05-22,0.006599891722726558,0.004405238354322073,0.006554373408849259,0.004383989552945219
2002-05-23,0.0600885312410217,0.040064237965872,0.0600430129271444,0.04004298916449515
2002-05-24,-0.07409429168391239,-0.049390977317417394,-0.0741398099977897,-0.04941222611879425
2002-05-28,-0.013853188672116568,-0.009214590560647606,-0.014035261927625768,-0.009299585766155026
2002-05-29,-0.07920357423566607,-0.05279697887921683,-0.07924909254954338,-0.05281822768059369
2002-05-30,0.025658452007045758,0.017110945210534873,0.025612933693168458,0.017089696409158018
2002-05-31,-0.04921829528550714,-0.03280688631783372,-0.04926381359938444,-0.03282813511921057
2002-06-03,-0.10616379338094598,-0.0707602108383914,-0.10630034832257787,-0.07082395724252197
2002-06-04,0.03923403604714146,0.02616133457059867,0.03918851773326416,0.026140085769221815
2002-06-05,0.030549670940347537,0.020371851238125564,0.03050415262647024,0.02035060243674871
2002-06-06,-0.07899644470171735,-0.052658985928640524,-0.07904196301559466,-0.05268023473001738
2002-06-07,-0.06034955991045239,-0.0402278228017774,-0.06039507822432969,-0.04024907160315425
2002-06-10,-0.005608432126533275,-0.003723303335449604,-0.005744987068165174,-0.0037870497395801695
2002-06-11,-0.08399518605095695,-0.05599148016146692,-0.08404070436483425,-0.056012728962843775
2002-06-12,0.04359777074205606,0.029070491033875073,0.04355225242817876,0.029049242232498218
2002-06-13,-0.01948460363703899,-0.012984518619501801,-0.01953012195091629,-0.013005767420878656
2002-06-14,-0.0066044892953454285,-0.00439796251210657,-0.006650007609222728,-0.004419211313483425
2002-06-17,0.10179913507140545,0.06788090094271172,0.10166258012977356,0.06781715453858116
2002-06-18,0.048217801939850966,0.032150325035853626,0.048172283625973665,0.03212907623447677
2002-06-19,-0.17377516090753894,-0.11584498352907298,-0.17382067922141625,-0.11586623233044983
2002-06-20,-0.0966625135579331,-0.0644367387402527,-0.09670803187181039,-0.06445798754162956
2002-06-21,-0.07266241071700505,-0.048436483402050375,-0.07270792903088234,-0.04845773220342723
2002-06-24,0.058953098874308316,0.039317156970576694,0.058816543932676414,0.03925341056644613
2002-06-25,-0.09922773747291035,-0.06614670123932058,-0.09927325578678764,-0.06616795004069743
2002-06-26,0.022286668142144056,0.014862902504049022,0.022241149828266756,0.014841653702672167
2002-06-27,0.06539659760074516,0.04360257531718633,0.06535107928686787,0.043581326515809475
2002-06-28,-0.012689020093779138,-0.008454503145829875,-0.012734538407656438,-0.00847575194720673
2002-07-01,-0.1439783103402745,-0.09597100947678101,-0.1441148652819064,-0.09603475588091158
2002-07-02,-0.1087516403184233,-0.07249615658057951,-0.10879715863230059,-0.07251740538195636
2002-07-03,0.10010823034030586,0.06674385057832763,0.10006271202642857,0.06672260177695077
2002-07-05,0.19252473815180454,0.12835988613745047,0.19243370152404995,0.12831738853469676
2002-07-08,-0.1096422290886631,-0.07307972833807092,-0.10977878403029499,-0.07314347474220148
2002-07-09,-0.08520752003554774,-0.05679988961441217,-0.08525303834942503,-0.05682113841578903
2002-07-10,-0.09255871297018355,-0.06170077829533197,-0.09260423128406084,-0.06172202709670883
2002-07-11,0.11287067167540106,0.07525214480172443,0.11282515336152377,0.07523089600034757
2002-07-12,-0.0001008670402491452,-6.221434204238083e-05,-0.000146385354126445,-8.346314341923598e-05
2002-07-15,0.09284387633056085,0.06191072844881531,0.09270732138892895,0.061846982044684744
2002-07-16,-0.044682812800648376,-0.029783604902062895,-0.04472833111452568,-0.02980485370343975
2002-07-17,0.05468184010975137,0.03645959042462463,0.05463632179587407,0.03643834162324777
2002-07-18,-0.10770298699580373,-0.07179696097907877,-0.10774850530968103,-0.07181820978045562
2002-07-19,-0.08987070142568164,-0.05990877059899737,-0.08991621973955893,-0.05993001940037423
2002-07-22,-0.07408272052609136,-0.04937366945561949,-0.07421927546772325,-0.049437415859750054
2002-07-23,-0.12830504799471018,-0.0855317616981041,-0.1283505663085875,-0.08555301049948096
2002-07-24,0.16329379605665448,0.10886737428779253,0.16324827774277717,0.10884612548641567
2002-07-25,-0.17410387005564645,-0.11606449649734703,-0.17414938836952376,-0.11608574529872388
2002-07-26,0.056530049602491465,0.03769154331835053,0.056484531288614165,0.03767029451697367
2002-07-29,0.15320957337454252,0.10215396620228014,0.15307301843291063,0.10209021979814957
2002-07-30,0.06032597812685997,0.04022234910269703,0.06028045981298267,0.040201100301320174
2002-07-31,-0.056867514553782625,-0.03790664601773137,-0.056913032867659925,-0.03792789481910822
2002-08-01,-0.140980939514072,-0.09398235604434531,-0.14102645782794931,-0.09400360484572216
2002-08-02,-0.06345070071191619,-0.042295810307058646,-0.06349621902579348,-0.0423170591084355
2002-08-05,-0.10950075243823265,-0.0729879314925245,-0.10963730737986455,-0.07305167789665507
2002-08-06,0.1482240044140853,0.09882028633554624,0.148178486100208,0.09879903753416938
2002-08-07,0.03990273668879668,0.026606201205260582,0.03985721837491938,0.026584952403883727
2002-08-08,0.10122331588456847,0.06748602728740773,0.10117779757069116,0.06746477848603087
2002-08-09,-0.03064399151497922,-0.02042523097609457,-0.030689509828856522,-0.020446479777471424
2002-08-12,0.008714955264382138,0.0058222602779295024,0.008578400322750238,0.0057585138737989375
2002-08-13,-0.10266052383457436,-0.06843578575628909,-0.10270604214845165,-0.06845703455766594
2002-08-14,0.19105300643427886,0.12737286100050724,0.19100748812040158,0.12735161219913038
2002-08-15,0.061052309421170604,0.04070582300693645,0.061006791107293304,0.04068457420555959
2002-08-16,0.02069610527681278,0.013801500218433434,0.02065058696293548,0.013780251417056579
2002-08-19,0.07258839243157915,0.04840455172272751,0.07245183748994724,0.04834080531859694
2002-08-20,-0.013139861181831252,-0.008755437350512232,-0.013185379495708551,-0.008776686151889087
2002-08-21,0.06659575335545607,0.04440126560419563,0.06655023504157878,0.04438001680281878
2002-08-22,0.04767323016080808,0.031786343484860036,0.04762771184693078,0.03176509468348318
2002-08-23,-0.11592458669381613,-0.07727868104981461,-0.11597010500769342,-0.07729992985119147
2002-08-26,0.011638853050375434,0.007772365605105351,0.011502298108743536,0.007708619200974785
2002-08-27,-0.10465131048237744,-0.06976297685482448,-0.10469682879625473,-0.06978422565620133
2002-08-28,-0.10966081502943849,-0.07310255318540684,-0.10970633334331578,-0.0731238019867837
2002-08-29,0.039508697044297846,0.026343694829625716,0.039463178730420545,0.02632244602824886
2002-08-30,-0.03793079094118449,-0.025282537126570852,-0.03797630925506179,-0.025303785927947707
2002-09-03,-0.10895049266871651,-0.07261466095347528,-0.10913256592422571,-0.0726996561589827
2002-09-04,0.011828652361597998,0.007890051633888043,0.0117831340477207,0.007868802832511188
2002-09-05,-0.07400672847823123,-0.04933362894116616,-0.07405224679210852,-0.04935487774254302
2002-09-06,0.09192128658265557,0.061284861083303534,0.09187576826877826,0.06126361228192668
2002-09-09,0.029903170141504946,0.01994885707312911,0.02976661519987305,0.019885110668998545
2002-09-10,0.07399255579395887,0.049333120735723185,0.07394703748008158,0.04931187193434633
2002-09-11,-0.025467826566096693,-0.01697389420984565,-0.025513344879973993,-0.016995143011222506
2002-09-12,-0.08197709783784043,-0.054646648352143015,-0.08202261615171773,-0.05466789715351987
2002-09-13,0.023574338303349172,0.01572097574198338,0.023528819989471872,0.015699726940606524
2002-09-16,-0.04335872070998049,-0.028891563187401856,-0.04349527565161239,-0.028955309591532422
2002-09-17,-0.06364957818463579,-0.042428115158054495,-0.06369509649851308,-0.04244936395943135
2002-09-18,-0.03391281758200964,-0.022603701471316878,-0.03395833589588694,-0.022624950272693733
2002-09-19,-0.04797785940089109,-0.03198058276637525,-0.04802337771476839,-0.032001831567752104
2002-09-20,0.012413215925240978,0.008279854029556782,0.012367697611363679,0.008258605228179927
2002-09-23,-0.09027630227213526,-0.06017107127656845,-0.09041285721376716,-0.060234817680699014
2002-09-24,0.001329027873800678,0.0008903953285965835,0.0012835095599233782,0.0008691465272197283
2002-09-25,0.11973349153537018,0.07982670443630958,0.11968797322149288,0.07980545563493273
2002-09-26,-0.03713250708652795,-0.02475053462031003,-0.03717802540040525,-0.024771783421686885
2002-09-27,-0.04037745379711502,-0.026913925785347216,-0.04042297211099232,-0.02693517458672407
2002-09-30,-0.08334763712136516,-0.05555252128127949,-0.08348419206299705,-0.05561626768541006
2002-10-01,0.18234127147882478,0.12156447770535508,0.18229575316494748,0.12154322890397823
2002-10-02,-0.09972931595559972,-0.06648239393937107,-0.09977483426947703,-0.06650364274074792
2002-10-03,-0.07209314532345339,-0.048058373509420195,-0.0721386636373307,-0.04807962231079705
2002-10-04,-0.056504346996634106,-0.037665934611617505,-0.0565498653105114,-0.03768718341299436
2002-10-07,-0.02829431029231629,-0.018850863443611407,-0.028430865233948187,-0.018914609847741973
2002-10-08,0.005856439465629178,0.003908483021407434,0.0058109211517518786,0.0038872342200305787
2002-10-09,-0.020887219333906828,-0.01392080952773807,-0.02093273764778413,-0.013942058329114925
2002-10-10,0.15245017156170998,0.10163707776061189,0.15240465324783267,0.10161582895923503
2002-10-11,0.1621459711027826,0.10810103744140379,0.1621004527889053,0.10807978864002693
2002-10-14,0.03482360081252163,0.0232269039936606,0.03468704587088973,0.023163157589530033
2002-10-15,0.1440353520856403,0.0960272914299756,0.14398983377176303,0.09600604262859874
2002-10-16,-0.0994200502568821,-0.06627537667036924,-0.09946556857075939,-0.0662966254717461
2002-10-17,0.10130746706598605,0.06754278148136597,0.10126194875210875,0.06752153267998912
2002-10-18,0.033023329884999945,0.022020116723427116,0.032977811571122645,0.02199886792205026
2002-10-21,0.06018428598614955,0.04013654772438116,0.06004773104451765,0.040072801320250595
2002-10-22,-0.01862686362457938,-0.012412972118016896,-0.018672381938456682,-0.012434220919393751
2002-10-23,0.05706752280152507,0.03804976540743398,0.05702200448764777,0.038028516606057126
2002-10-24,-0.07570818409135,-0.05046746589334785,-0.07575370240522729,-0.050488714694724705
2002-10-25,0.08997866083102528,0.05999015063341299,0.08993314251714798,0.05996890183203613
2002-10-28,-0.025795355294529008,-0.01718405335121787,-0.02593191023616091,-0.017247799755348434
2002-10-29,-0.06991756043285263,-0.04660789025753966,-0.06996307874672994,-0.04662913905891652
2002-10-30,0.08017774675307783,0.053454901400509666,0.08013222843920054,0.05343365259913281
2002-10-31,-0.0013106504004189532,-0.0008706967018215321,-0.001356168714296253,-0.0008919455031983873
2002-11-01,0.08545440248231888,0.05697211223608034,0.08540888416844158,0.056950863434703486
2002-11-04,0.0769715400114136,0.05132161197560794,0.0768349850697817,0.05125786557147737
2002-11-05,0.023081965045588234,0.015390394019725112,0.023036446731710934,0.015369145218348257
2002-11-06,0.0424433432970406,0.028297886266890043,0.0423978249831633,0.028276637465513187
2002-11-07,-0.10547669333314767,-0.07031724241032894,-0.10552221164702497,-0.0703384912117058
2002-11-08,-0.05528037333795655,-0.03685312223945078,-0.05532589165183385,-0.036874371040827636
2002-11-11,-0.0911658284416118,-0.06077583900351376,-0.0913023833832437,-0.06083958540764432
2002-11-12,0.07643834215190373,0.05095935475378942,0.07639282383802642,0.05093810595241256
2002-11-13,0.03602844060238174,0.024019420387441412,0.035982922288504436,0.023998171586064557
2002-11-14,0.10337518575983388,0.06891715733788419,0.10332966744595658,0.06889590853650733
2002-11-15,0.039006384115592437,0.026004716062915212,0.038960865801715136,0.025983467261538357
2002-11-18,-0.04447157992160509,-0.02964633999017596,-0.04460813486323699,-0.029710086394306525
2002-11-19,-0.04613915934856527,-0.030758886420607343,-0.04618467766244257,-0.0307801352219842
2002-11-20,0.12741354666677898,0.08494273127584759,0.12736802835290167,0.08492148247447073
2002-11-21,0.11099488960197304,0.07399705305383561,0.11094937128809573,0.07397580425245875
2002-11-22,-0.0011551012085402634,-0.0007696074865065872,-0.0012006195224175632,-0.0007908562878834424
2002-11-25,0.028997653504625773,0.01933342843839237,0.028861098562993872,0.019269682034261805
2002-11-26,-0.10082353274403291,-0.06721504218694556,-0.10086905105791022,-0.06723629098832241
2002-11-27,0.09530552018714343,0.06353747344394921,0.09526000187326612,0.06351622464257235
2002-11-29,-0.020571068777974152,-0.013712939561777087,-0.02066210540572875,-0.013755437164530798
2002-12-02,0.030082601733038807,0.02005644777958664,0.02994604679140691,0.019992701375456074
2002-12-03,-0.08900330276833192,-0.05933488886981156,-0.08904882108220923,-0.059356137671188414
2002-12-04,-0.06632377251073347,-0.04421529519538614,-0.06636929082461077,-0.044236543996762995
2002-12-05,-0.041850428104518264,-0.02789982541715859,-0.041895946418395565,-0.027921074218535444
2002-12-06,0.030843491056119634,0.020562787356600012,0.030797972742242333,0.020541538555223157
2002-12-09,-0.14188837940820725,-0.09459115244482005,-0.14202493434983915,-0.09465489884895062
2002-12-10,0.04512882734334842,0.030086438040668455,0.04508330902947112,0.0300651892392916
2002-12-11,0.013988279491331582,0.009325886492215983,0.013942761177454282,0.009304637690839128
2002-12-12,0.01625796029280018,0.010839007026528385,0.01621244197892288,0.01081775822515153
2002-12-13,-0.09520114641665411,-0.06346706411310782,-0.09524666473053142,-0.06348831291448467
2002-12-16,0.09682726179976585,0.06455260836049535,0.09669070685813394,0.06448886195636479
2002-12-17,0.009207783137350524,0.006139075236669856,0.009162264823473225,0.006117826435293001
2002-12-18,-0.06370504695008367,-0.04246957131420218,-0.06375056526396097,-0.04249082011557904
2002-12-19,-0.037898559205918614,-0.025265339305950815,-0.037944077519795914,-0.02528658810732767
2002-12-20,0.03105277278931758,0.020702215357539983,0.031007254475440282,0.020680966556163128
2002-12-23,0.041250484440950044,0.02750142345461816,0.04111392949931814,0.027437677050487594
2002-12-24,-0.03746959083651189,-0.024979546687893303,-0.03751510915038919,-0.02500079548927016
2002-12-26,-0.008426799877307586,-0.005617505511975804,-0.008517836505062186,-0.005660003114729514
2002-12-27,-0.05465997480092411,-0.03643989580452381,-0.05470549311480141,-0.036461144605900664
2002-12-30,-0.023176210762338625,-0.015451103786248479,-0.023312765703970523,-0.015514850190379044
2002-12-31,-0.03174002344029416,-0.021159555641009187,-0.03178554175417146,-0.021180804442386042
2003-01-02,0.12664717424848476,0.08443236947069703,0.12655613762073015,0.08438987186794332
2003-01-03,0.03299838585537094,0.02199938388943421,0.03295286754149364,0.021978135088057356
2003-01-06,0.07454322880803761,0.049696865829585844,0.0744066738664057,0.04963311942545528
2003-01-07,0.037542003169852685,0.025028368944563385,0.037496484855975384,0.02500712014318653
2003-01-08,-0.08449939256320031,-0.056332747839018905,-0.0845449108770776,-0.05635399664039576
2003-01-09,0.0925921281263141,0.061728265953990696,0.0925466098124368,0.06170701715261384
2003-01-10,0.04487190946988842,0.029914879994785454,0.04482639115601112,0.0298936311934086
2003-01-13,-0.01792906923329124,-0.011951891777614635,-0.01806562417492314,-0.0120156381817452
2003-01-14,0.015518401572078483,0.010345967879380585,0.015472883258201182,0.01032471907800373
2003-01-15,-0.03773783262413019,-0.0251583745463055,-0.03778335093800749,-0.025179623347682357
2003-01-16,-0.03373076016738758,-0.022486899763398547,-0.03377627848126488,-0.022508148564775402
2003-01-17,-0.1282867117977964,-0.08552438713577201,-0.12833223011167372,-0.08554563593714887
2003-01-21,-0.03347427861320384,-0.02231583615776684,-0.03365635186871303,-0.02240083136327426
2003-01-22,-0.012055669157941594,-0.008036932235513104,-0.012101187471818894,-0.008058181036889957
2003-01-23,0.06972384022149804,0.04648255440812442,0.06967832190762073,0.04646130560674756
2003-01-24,-0.08121462576146436,-0.05414308958051718,-0.08126014407534167,-0.05416433838189404
2003-01-27,-0.03526286851706643,-0.02350887562273368,-0.03539942345869833,-0.023572622026864245
2003-01-28,0.030506131824892736,0.020337415477054213,0.030460613511015436,0.020316166675677358
2003-01-29,0.0447202439327588,0.029813583351264793,0.0446747256188815,0.029792334549887937
2003-01-30,-0.07760541438380111,-0.051736855526441805,-0.07765093269767842,-0.05175810432781866
2003-01-31,-0.007418423669442108,-0.004945528383535809,-0.007463941983319408,-0.0049667771849126645
2003-02-03,0.0059246381017997755,0.003950020922809971,0.005788083160167877,0.0038862745186794057
2003-02-04,-0.036822552604719706,-0.02454828100705421,-0.03686807091859701,-0.024569529808431065
2003-02-05,-0.013711205923545506,-0.00914090281948236,-0.013756724237422807,-0.009162151620859215
2003-02-06,0.01612428494356789,0.01074961069180419,0.01607876662969059,0.010728361890427335
2003-02-07,-0.049635732274818066,-0.033090493922752984,-0.049681250588695366,-0.03311174272412984
2003-02-10,0.02624736708438161,0.01749822750429824,0.02611081214274971,0.017434481100167674
2003-02-11,0.016166426549162935,0.010777611959901012,0.016120908235285634,0.010756363158524157
2003-02-12,-0.041065398775130504,-0.02737684512066141,-0.041110917089007805,-0.027398093922038264
2003-02-13,0.015041849991019093,0.01002798739010499,0.014996331677141794,0.010006738588728135
2003-02-14,0.06885196664882934,0.04590130535967862,0.06880644833495203,0.04588005655830176
2003-02-18,0.09281453594219775,0.061876706879167555,0.09263246268668855,0.061791711673660134
2003-02-19,-0.020270272251571894,-0.013513334297933303,-0.02031579056544919,-0.013534583099310157
2003-02-20,-0.012032838304058508,-0.00802180480661341,-0.012078356617935807,-0.008043053607990265
2003-02-21,0.022746253024802904,0.015164349219649896,0.022700734710925607,0.015143100418273043
2003-02-24,-0.05146682776207199,-0.03431067689870411,-0.05160338270370388,-0.034374423302834675
2003-02-25,0.003565632974233682,0.0023774554808173856,0.003520114660356382,0.0023562066794405308
2003-02-26,-0.06668627799452317,-0.04445724498148894,-0.06673179630840048,-0.044478493782865794
2003-02-27,0.06805379416339818,0.04536956294026039,0.06800827584952088,0.04534831413888354
2003-02-28,0.047160143334534776,0.03144046238768479,0.047114625020657476,0.031419213586307934
2003-03-03,-0.061027120772528934,-0.04068392613710643,-0.061163675714160835,-0.040747672541237
2003-03-04,-0.01832776429909118,-0.012218235851200946,-0.01837328261296848,-0.012239484652577801
2003-03-05,0.006050910484289607,0.004034120859307698,0.0060053921704123076,0.004012872057930843
2003-03-06,-0.0074029061222326085,-0.0049351833520628096,-0.007448424436109908,-0.004956432153439665
2003-03-07,0.006055077492223391,0.0040368057242411905,0.006009559178346092,0.004015556922864335
2003-03-10,-0.06499758370690942,-0.04333313651191952,-0.06513413864854131,-0.04339688291605009
2003-03-11,-0.0263025629438032,-0.017535885710322455,-0.026348081257680497,-0.01755713451169931
2003-03-12,0.05413294155279614,0.03608797014509027,0.054087423238918846,0.036066721343713415
2003-03-13,0.17203424343361362,0.11468883806563525,0.17198872511973634,0.1146675892642584
2003-03-14,0.01164112242821093,0.00776027693859176,0.01159560411433363,0.007739028137214905
2003-03-17,0.10243982740274546,0.06829208356392881,0.10230327246111355,0.06822833715979824
2003-03-18,0.037146832732112216,0.024764363158100152,0.03710131441823492,0.024743114356723297
2003-03-19,-0.025690411154572445,-0.017127225887824178,-0.025735929468449745,-0.017148474689201033
2003-03-20,0.011165522333268693,0.007443582685060441,0.011120004019391392,0.007422333883683586
2003-03-21,0.041348060000195336,0.027565367593922613,0.041302541686318035,0.027544118792545758
2003-03-24,-0.12498226363697101,-0.08332124690303722,-0.1251188185786029,-0.08338499330716778
2003-03-25,0.04255347995304954,0.028368980895825412,0.04250796163917224,0.028347732094448557
2003-03-26,0.01696946359719079,0.01131306312755279,0.01692394528331349,0.011291814326175934
2003-03-27,-0.02153131791253211,-0.014354124545595811,-0.02157683622640941,-0.014375373346972666
2003-03-28,-0.03306386372359071,-0.02204267468617916,-0.03310938203746801,-0.022063923487556016
2003-03-31,-0.09568154444998962,-0.06378855165432072,-0.09581809939162153,-0.06385229805845129
2003-04-01,0.023694019238217057,0.015795727707368822,0.023648500924339757,0.015774478905991967
2003-04-02,0.08244593591679082,0.05496348593097836,0.08240041760291353,0.05494223712960151
2003-04-03,0.03778943131745999,0.025192575976783937,0.03774391300358269,0.02517132717540708
2003-04-04,-0.04878257814494134,-0.03252228321748222,-0.04882809645881863,-0.032543532018859074
2003-04-07,0.004404542732167998,0.0029346684588813328,0.004267987790536099,0.0028709220547507674
2003-04-08,-0.003521157867464163,-0.002347444317850387,-0.003566676181341463,-0.002368693119227242
2003-04-09,-0.06913986239329038,-0.04609343359216824,-0.06918538070716769,-0.046114682393545096
2003-04-10,0.03646003517664539,0.024306311882907536,0.03641451686276809,0.02428506308153068
2003-04-11,-0.03033811553040384,-0.020225695471711776,-0.03038363384428114,-0.02024694427308863
2003-04-14,0.0609412412624176,0.04062747695632224,0.06080468632078571,0.040563730552191674
2003-04-15,0.02874035415917092,0.019160509787640452,0.028694835845293618,0.019139260986263597
2003-04-16,-0.006919747417523508,-0.0046130775489234095,-0.006965265731400808,-0.004634326350300265
2003-04-17,0.06857842256744333,0.04571894263875462,0.06853290425356602,0.04569769383737776
2003-04-21,0.010901011058092068,0.007267690289763762,0.010718937802582868,0.007182695084256341
2003-04-22,0.056763461654086404,0.0378423951654832,0.056717943340209104,0.03782114636410634
2003-04-23,0.02180322516481429,0.014535570839301789,0.02175770685093699,0.014514322037924934
2003-04-24,-0.016356920784512164,-0.010904619595882388,-0.016402439098389465,-0.010925868397259243
2003-04-25,-0.05792898384098419,-0.038619514557297445,-0.05797450215486148,-0.0386407633586743
2003-04-28,0.05879037870796997,0.039192730450985674,0.05865382376633808,0.03912898404685511
2003-04-29,0.027223135667816156,0.018148471993768223,0.027177617353938855,0.018127223192391368
2003-04-30,-0.030361298551803185,-0.02024105769784345,-0.030406816865680485,-0.020262306499220305
2003-05-01,0.02616132816108268,0.017440507205865735,0.026115809847205382,0.01741925840448888
2003-05-02,0.06385517907053805,0.04256946182358487,0.06380966075666074,0.042548213022208015
2003-05-05,-0.0033873507126899087,-0.002259647849106521,-0.003523905654321808,-0.002323394253237086
2003-05-06,0.038162631929710485,0.025441376384950937,0.038117113615833184,0.025420127583574082
2003-05-07,-0.03362103232536047,-0.02241467910701414,-0.03366655063923776,-0.022435927908390992
2003-05-08,-0.055210349642293835,-0.03680746421571722,-0.05525586795617113,-0.036828713017094075
2003-05-09,0.0690733025283221,0.0460481176975747,0.06902778421444479,0.046026868896197844
2003-05-12,0.04520370898189429,0.03013411262536553,0.045067154040262396,0.030070366221234966
2003-05-13,-0.018789786815834264,-0.012527182100663338,-0.018835305129711565,-0.012548430902040194
2003-05-14,-0.0063478922487166,-0.004232678820451106,-0.0063934105625939,-0.004253927621827961
2003-05-15,0.033501762779762065,0.022333478599916825,0.033456244465884764,0.02231222979853997
2003-05-16,-0.022886235141892843,-0.015258520014519777,-0.02293175345577014,-0.015279768815896632
2003-05-19,-0.10576552012759824,-0.07051371574847978,-0.10590207506923015,-0.07057746215261035
2003-05-20,0.008603519151831418,0.005734556435638403,0.008558000837954117,0.005713307634261548
2003-05-21,-0.008705885066882874,-0.005805139451111292,-0.008751403380760175,-0.005826388252488148
2003-05-22,0.04327257979870856,0.028847356612547823,0.04322706148483126,0.028826107811170967
2003-05-23,0.0010009624793798047,0.0006664645717995468,0.0009554441655025048,0.0006452157704226917
2003-05-27,0.10649995067874861,0.07099659212801779,0.10631787742323942,0.07091159692251037
2003-05-28,0.009212282581147098,0.006140771066124694,0.0091667642672698,0.006119522264747839
2003-05-29,0.01226536127641013,0.008176436170724558,0.01221984296253283,0.008155187369347703
2003-05-30,0.049062762143521926,0.032707850538907464,0.04901724382964463,0.03268660173753061
2003-06-02,-0.0213502655681644,-0.014235203741340267,-0.021486820509796303,-0.014298950145470833
2003-06-03,0.02832942693466686,0.018885999505002023,0.02828390862078956,0.018864750703625168
2003-06-04,0.056196528701200406,0.03746350871967995,0.056151010387323105,0.03744225991830309
2003-06-05,0.021631330125388617,0.014419763751343203,0.021585811811511316,0.014398514949966348
2003-06-06,-0.04999755781351607,-0.03333292128220009,-0.05004307612739337,-0.033354170083576946
2003-06-09,-0.04001939612851825,-0.02668296641575979,-0.04015595107015015,-0.026746712819890356
2003-06-10,0.04534618200112924,0.030229478858007416,0.04530066368725194,0.03020823005663056
2003-06-11,0.033737201382963475,0.02248960012760738,0.033691683069086174,0.022468351326230526
2003-06-12,0.012720958307583578,0.008478492315199433,0.012675439993706279,0.008457243513822578
2003-06-13,-0.06759371228321176,-0.04506480745208613,-0.06763923059708907,-0.045086056253462986
2003-06-16,0.0919646860462502,0.06130111888618059,0.09182813110461831,0.06123737248205002
2003-06-17,-0.01171302159580282,-0.007811478678227766,-0.01175853990968012,-0.007832727479604621
2003-06-18,0.015548808471123571,0.010363353696234728,0.015503290157246271,0.010342104894857873
2003-06-19,-0.04856692711140297,-0.03238056302899879,-0.04861244542528027,-0.032401811830375646
2003-06-20,-0.003995360683465719,-0.0026668363032996147,-0.004040878997343018,-0.00268808510467647
2003-06-23,-0.04656727715010608,-0.0310543600646553,-0.04670383209173798,-0.031118106468785867
2003-06-24,-0.023122168872415635,-0.015417762836753224,-0.023167687186292932,-0.015439011638130079
2003-06-25,-0.016223633561667825,-0.010818925251528968,-0.016269151875545125,-0.010840174052905823
2003-06-26,0.07108163174921865,0.04738542190286747,0.07103611343534134,0.04736417310149062
2003-06-27,-0.03877319938899097,-0.025851225202246694,-0.03881871770286827,-0.02587247400362355
2003-06-30,0.011907368913229742,0.007929853099075504,0.011770813971597842,0.007866106694944938
2003-07-01,0.04000986921061313,0.026670820530822707,0.03996435089673583,0.02664957172944585
2003-07-02,0.06122982634969893,0.04081727261173581,0.06118430803582163,0.040796023810358954
2003-07-03,-0.037831837655527716,-0.025224022718044366,-0.037877355969405016,-0.02524527151942122
2003-07-07,0.12829990368700053,0.08552207866723013,0.12811783043149133,0.08543708346172271
2003-07-08,0.03663201731248064,0.024419012278375465,0.03658649899860334,0.02439776347699861
2003-07-09,-0.007492120797242857,-0.004997079794773534,-0.007537639111120157,-0.005018328596150389
2003-07-10,-0.05595554333428322,-0.03730621417403647,-0.05600106164816052,-0.037327462975413325
2003-07-11,0.022729137728162725,0.015150146864045007,0.022683619414285424,0.015128898062668152
2003-07-14,0.03563946025303718,0.023751805304501026,0.03550290531140528,0.02368805890037046
2003-07-15,0.003668402186322825,0.002443175847962507,0.0036228838724455255,0.002421927046585652
2003-07-16,-0.009356898207643358,-0.006240264735040534,-0.009402416521520659,-0.0062615135364173895
2003-07-17,-0.09147493097747618,-0.06098571292790349,-0.09152044929135349,-0.06100696172928034
2003-07-18,0.009566777844966571,0.00637533327879673,0.00952125953108927,0.006354084477419875
2003-07-21,-0.038530181003752426,-0.025694064164593078,-0.03866673594538432,-0.025757810568723644
2003-07-22,0.04463000750874778,0.02975109876024113,0.04458448919487048,0.029729849958864275
2003-07-23,0.024832444066880975,0.01655272313232993,0.024786925753003675,0.016531474330953075
2003-07-24,-0.03993236243528943,-0.02662381453578367,-0.03997788074916673,-0.026645063337160525
2003-07-25,0.05959688627780488,0.03972901793961254,0.05955136796392758,0.039707769138235684
2003-07-28,0.008319783397300736,0.005539803528095001,0.008183228455668837,0.005476057123964435
2003-07-29,-0.022638144984780433,-0.015093964117555222,-0.022683663298657734,-0.015115212918932077
2003-07-30,-0.021860862793818794,-0.014575589903014602,-0.021906381107696094,-0.014596838704391457
2003-07-31,0.03622199558841333,0.02414622263916606,0.03617647727453603,0.024124973837789204
2003-08-01,-0.032133463726091424,-0.02142426964830637,-0.032178982039968725,-0.021445518449683225
2003-08-04,-0.0011291503693542212,-0.0007589275011267271,-0.0012657053109861208,-0.0008226739052572926
2003-08-05,-0.11834214567271843,-0.07889663124284722,-0.11838766398659574,-0.07891788004422408
2003-08-06,-0.0020457677187885274,-0.0013658056434377693,-0.0020912860326658274,-0.0013870544448146246
2003-08-07,0.01186701233470239,0.00790928802706029,0.011821494020825092,0.007888039225683435
2003-08-08,-0.023813785432538908,-0.015877910484433908,-0.02385930374641621,-0.015899159285810763
2003-08-11,0.03274719843976851,0.021825584133776093,0.03261064349813661,0.021761837729645527
2003-08-12,0.045335497906686874,0.03022170477354583,0.04528997959280957,0.030200455972168975
2003-08-13,0.0009140248676787927,0.0006072963823778909,0.000868506553801493,0.0005860475810010357
2003-08-14,0.002855758857555273,0.0019018787407914309,0.0028102405436779727,0.0018806299394145756
2003-08-15,0.026154117040473872,0.01743411752940383,0.02610859872659657,0.017412868728026974
2003-08-18,0.07682166104082176,0.05120828010565727,0.07668510609918987,0.051144533701526704
2003-08-19,0.037477264285854274,0.02498288235965743,0.037431745971976974,0.024961633558280575
2003-08-20,-0.007473053269427729,-0.0049839960105305696,-0.007518571583305028,-0.005005244811907425
2003-08-21,0.032458843155818075,0.02163726827296663,0.032413324841940774,0.021616019471589774
2003-08-22,-0.01844148253689553,-0.01229618915229862,-0.01848700085077283,-0.012317437953675476
2003-08-25,0.006292988401443092,0.004190002341633579,0.006156433459811193,0.004126255937503013
2003-08-26,0.0027068378048435158,0.0018031563289780024,0.002661319490966216,0.0017819075276011473
2003-08-27,0.0239073827202913,0.015936759879154345,0.023861864406414,0.01591551107777749
2003-08-28,0.026463822452723745,0.017640959978703515,0.026418304138846445,0.01761971117732666
2003-08-29,0.027139179377612205,0.018091104877939395,0.027093661063734904,0.018069856076562543
2003-09-02,0.04288508251656372,0.02858295733193784,0.04270300926105452,0.02849796212643042
2003-09-03,-0.0018325867101629699,-0.0012234988932181405,-0.0018781050240402697,-0.0012447476945949955
2003-09-04,0.027416115249605567,0.01827554270536878,0.027370596935728266,0.018254293903991924
2003-09-05,-0.019379457566878932,-0.012921505838954222,-0.019424975880756232,-0.012942754640331077
2003-09-08,0.04932239163241132,0.032875712928871294,0.049185836690779416,0.03281196652474073
2003-09-09,-0.03571258671304362,-0.02381025860306402,-0.03575810502692092,-0.023831507404440875
2003-09-10,-0.07222036629574173,-0.04814887136140657,-0.07226588460961902,-0.04817012016278342
2003-09-11,0.03330387770673777,0.022200624640246427,0.03325835939286047,0.022179375838869572
2003-09-12,0.01599399942969417,0.01066070578888403,0.01594848111581687,0.010639456987507175
2003-09-15,-0.029449274093508983,-0.019638730888408906,-0.029585829035140884,-0.01970247729253947
2003-09-16,0.08145794858000277,0.054303338555756434,0.08141243026612548,0.05428208975437958
2003-09-17,-0.012266215690785022,-0.008179716706114067,-0.012311734004662322,-0.008200965507490922
2003-09-18,0.045475498511180795,0.03031494547804589,0.045429980197303495,0.030293696676669035
2003-09-19,-0.017309882898069028,-0.01154188242962477,-0.017355401211946328,-0.011563131231001625
2003-09-22,-0.05743359097414893,-0.03829522123765653,-0.05757014591578083,-0.038358967641787096
2003-09-23,0.05300508431770407,0.03533476238089063,0.05295956600382677,0.035313513579513775
2003-09-24,-0.11303494927797003,-0.07535877940850297,-0.11308046759184733,-0.07538002820987982
2003-09-25,-0.038891032910816005,-0.02592940880328531,-0.038936551224693305,-0.025950657604662166
2003-09-26,-0.019269634883602525,-0.012848569812257968,-0.019315153197479826,-0.012869818613634823
2003-09-29,0.05139096658524293,0.034254204720593096,0.051254411643611025,0.03419045831646253
2003-09-30,-0.06523730191030784,-0.04349340206790682,-0.06528282022418515,-0.043514650869283675
2003-10-01,0.06749318303617688,0.04499340182804329,0.06744766472229959,0.044972153026666434
2003-10-02,0.009895325264828192,0.006594829980477491,0.009849806950950894,0.0065735811791006364
2003-10-03,0.08382826977291957,0.05588336662542343,0.08378275145904228,0.05586211782404658
2003-10-06,0.021762843615435828,0.014502122740721698,0.021626288673803926,0.014438376336591133
2003-10-07,0.018233783261964877,0.012153708951453632,0.018188264948087576,0.012132460150076777
2003-10-08,-0.019105611812583457,-0.012739407138333934,-0.019151130126460757,-0.01276065593971079
2003-10-09,0.022600377386156625,0.015064492647851707,0.022554859072279325,0.015043243846474852
2003-10-10,0.02761721431823933,0.018409050602573508,0.027571696004362028,0.018387801801196653
2003-10-13,0.019538161900734426,0.013018443477321397,0.01940160695910253,0.012954697073190831
2003-10-14,0.007606310539096043,0.005068541096119066,0.007560792225218743,0.005047292294742211
2003-10-15,-0.01279419562749332,-0.008531703330586267,-0.012839713941370621,-0.008552952131963122
2003-10-16,0.023819492301652777,0.01587742195551113,0.023773973987775476,0.015856173154134276
2003-10-17,-0.07197022287812252,-0.047982388164339064,-0.07201574119199983,-0.04800363696571592
2003-10-20,0.037101145311377634,0.024727378137479602,0.03696459036974573,0.024663631733349036
2003-10-21,0.01792098791671089,0.01194527174839929,0.01787546960283359,0.011924022947022436
2003-10-22,-0.057930028092739824,-0.038622258307417265,-0.057975546406617125,-0.03864350710879412
2003-10-23,-0.03477024855047552,-0.02318212619789577,-0.03481576686435282,-0.023203374999272625
2003-10-24,0.0025760596689785725,0.0017154126150736306,0.0025305413551012725,0.0016941638136967754
2003-10-27,0.0006989573151395785,0.0004598109552024729,0.000562402373507679,0.00039606455107190735
2003-10-28,0.10079012093578622,0.06719163953741467,0.10074460262190893,0.06717039073603781
2003-10-29,-0.0034517535402537273,-0.002303129524414569,-0.0034972718541310273,-0.0023243783257914244
2003-10-30,0.0058850155491824725,0.003921383201876231,0.005839497235305173,0.0039001344004993754
2003-10-31,-0.017859311515040728,-0.011908168174272569,-0.01790482982891803,-0.011929416975649424
2003-11-03,0.04928267765758312,0.03284923694565249,0.049146122715951215,0.032785490541521925
2003-11-04,-0.02019295259184693,-0.01346392889214337,-0.02023847090572423,-0.013485177693520225
2003-11-05,0.02696756787152259,0.01797632505160709,0.02692204955764529,0.017955076250230236
2003-11-06,0.00831211832070117,0.00553945171622203,0.008266600006823872,0.005518202914845175
2003-11-07,-0.02593502979719163,-0.01729198036237317,-0.02598054811106893,-0.017313229163750027
2003-11-10,-0.03722443816570389,-0.024822173603205506,-0.03736099310733579,-0.02488592000733607
2003-11-11,-0.011141045239050731,-0.007429230953735421,-0.011186563552928032,-0.007450479755112276
2003-11-12,0.06411491685905538,0.04274141044500199,0.06406939854517807,0.04272016164362513
2003-11-13,-0.003410077522179807,-0.0022754385441945088,-0.003455595836057107,-0.002296687345571364
2003-11-14,-0.06128175685605392,-0.040856651127225564,-0.06132727516993122,-0.04087789992860242
2003-11-17,-0.030996809302881023,-0.020670700123477923,-0.03113336424451292,-0.02073444652760849
2003-11-18,-0.06926253397001464,-0.04617698314425517,-0.06930805228389193,-0.04619823194563202
2003-11-19,0.029159338852304373,0.01943759873729083,0.029113820538427072,0.019416349935913974
2003-11-20,-0.02899480043556291,-0.01933192048644991,-0.02904031874944021,-0.019353169287826766
2003-11-21,0.03093272327504199,0.02061976198728669,0.03088720496116469,0.020598513185909835
2003-11-24,0.08308782078897652,0.055385440856415495,0.08295126584734462,0.055321694452284936
2003-11-25,-5.892194603434411e-05,-4.1241794934980276e-05,-0.00010444025991164393,-6.249059631183545e-05
2003-11-26,0.013583943327979593,0.009053908689245091,0.013538425014102294,0.009032659887868236
2003-11-28,0.0032804871772151526,0.002182698338430865,0.003189450549460553,0.0021402007356771547
2003-12-01,0.04392358377988463,0.029275670449817603,0.04378702883825273,0.029211924045687038
2003-12-02,-0.01677225918922461,-0.01118355965555771,-0.01681777750310191,-0.011204808456934565
2003-12-03,-0.03787452209098292,-0.02525182795051157,-0.037920040404860224,-0.025273076751888425
2003-12-04,0.032283256890352476,0.021520024703712032,0.032237738576475175,0.021498775902335177
2003-12-05,-0.04973500733033402,-0.03315891113248006,-0.04978052564421132,-0.033180159933856916
2003-12-08,0.016952893301756828,0.011294931078002998,0.01681633836012493,0.011231184673872432
2003-12-09,-0.06901403351098262,-0.046011595252912464,-0.06905955182485993,-0.04603284405428932
2003-12-10,0.01127149994943658,0.0075120937207003345,0.01122598163555928,0.007490844919323479
2003-12-11,0.06417714812732428,0.04278252583929214,0.06413162981344697,0.04276127703791528
2003-12-12,-0.00515337862881303,-0.0034381043703896707,-0.00519889694269033,-0.003459353171766526
2003-12-15,-0.03932740815134063,-0.026225548929651878,-0.03946396309297252,-0.026289295333782443
2003-12-16,0.005981656247720325,0.003985345222227508,0.005936137933843026,0.003964096420850652
2003-12-17,0.005107885326258225,0.003402831274586107,0.005062367012380925,0.003381582473209252
2003-12-18,0.05580347881829728,0.03719980059435053,0.05575796050441998,0.03717855179297368
2003-12-19,-0.00849158437622007,-0.005663667872210191,-0.00853710269009737,-0.005684916673587046
2003-12-22,0.009142470459924444,0.006086866445914655,0.009005915518292544,0.006023120041784089
2003-12-23,0.022715384772254325,0.015141164238583507,0.022669866458377024,0.015119915437206652
2003-12-24,0.006143365785714269,0.00409305857262853,0.00609784747183697,0.0040718097712516745
2003-12-26,-0.004290588412161062,-0.002865429510469342,-0.004381625039915661,-0.0029079271132230523
2003-12-29,0.04920933427207914,0.032797830004975104,0.049072779330447236,0.03273408360084454
2003-12-30,0.009824478797145524,0.006547226921844307,0.009778960483268224,0.006525978120467452
2003-12-31,-0.008263565765183424,-0.005511190399978568,-0.008309084079060723,-0.005532439201355423
2004-01-02,-0.008346297314040714,-0.005568305268176418,-0.008437333941795314,-0.005610802870930128
2004-01-05,0.06006024092318574,0.040033441878685,0.059923685981553836,0.03996969547455444
2004-01-06,0.02016457262767544,0.013440715821838665,0.02011905431379814,0.01341946702046181
2004-01-07,0.02725966399328174,0.018170776732242867,0.02721414567940444,0.01814952793086601
2004-01-08,0.023829429600489522,0.015883860790740306,0.02378391128661222,0.01586261198936345
2004-01-09,-0.019801686573743257,-0.013203829002729383,-0.019847204887620557,-0.013225077804106238
2004-01-12,0.04754557431573804,0.031688656700747705,0.04740901937410614,0.03162491029661714
2004-01-13,-0.029798472029852432,-0.01986816663774927,-0.029843990343729733,-0.019889415439126125
2004-01-14,0.010222331372415029,0.006812275960213209,0.01017681305853773,0.006791027158836354
2004-01-15,0.007824121154341347,0.005213376149327018,0.007778602840464047,0.005192127347950163
2004-01-16,0.030591125039958145,0.020391378739738217,0.030545606726080844,0.02037012993836136
2004-01-20,-0.0025537113611806862,-0.0017129207263743649,-0.0027357846166898856,-0.0017979159318817855
2004-01-21,-0.012510694150313731,-0.008342981384723473,-0.012556212464191032,-0.008364230186100328
2004-01-22,-0.018032435452929572,-0.012024235256683192,-0.018077953766806872,-0.012045484058060047
2004-01-23,-0.011065432362161851,-0.007379659528341781,-0.011110950676039151,-0.007400908329718636
2004-01-26,0.045612049077836905,0.03040047686501499,0.045475494136205004,0.030336730460884424
2004-01-27,-0.06613529004711907,-0.04409261897433209,-0.06618080836099638,-0.04411386777570894
2004-01-28,-0.05092927872245227,-0.03395527809122089,-0.050974797036329574,-0.033976526892597746
2004-01-29,0.011258210677605875,0.007503327228547633,0.011212692363728577,0.0074820784271707776
2004-01-30,-0.013748478779867426,-0.009167799076434568,-0.013793997093744724,-0.009189047877811423
2004-02-02,-0.008264397154335171,-0.0055165958927250024,-0.00840095209596707,-0.005580342296855568
2004-02-03,-0.003304561010014707,-0.0022050942027511088,-0.003350079323892007,-0.002226343004127964
2004-02-04,-0.04879726102515632,-0.032533653906627165,-0.04884277933903362,-0.03255490270800402
2004-02-05,0.011501415626603376,0.007665463861212632,0.011455897312726077,0.007644215059835777
2004-02-06,0.054232646567799275,0.036152951155343234,0.054187128253921975,0.03613170235396638
2004-02-09,-0.000977783876463065,-0.0006585746544141989,-0.0011143388180949643,-0.0007223210585447644
2004-02-10,0.0047894255359893926,0.003190896827918291,0.004743907222112093,0.003169648026541436
2004-02-11,0.03221788919301309,0.02147653926593409,0.03217237087913579,0.021455290464557235
2004-02-12,-0.02640022779605372,-0.01760239144295987,-0.026445746109931022,-0.017623640244336724
2004-02-13,-0.02502397258344512,-0.016684887967887467,-0.02506949089732242,-0.016706136769264322
2004-02-17,0.04037905677804477,0.026910040798916665,0.04019698352253557,0.026825045593409244
2004-02-18,0.008754618591599492,0.005834358864991691,0.008709100277722193,0.005813110063614836
2004-02-19,-0.04559511196698452,-0.030398887867845968,-0.04564063028086182,-0.030420136669222823
2004-02-20,-0.009794127163749024,-0.006531564665688968,-0.009839645477626323,-0.006552813467065823
2004-02-23,-0.03354365914287337,-0.0223688790981511,-0.03368021408450527,-0.022432625502281665
2004-02-24,-0.007467066443431631,-0.004979911756656021,-0.007512584757308931,-0.005001160558032876
2004-02-25,0.01809264996380057,0.012059899181498778,0.01804713164992327,0.012038650380121923
2004-02-26,0.007322524084772373,0.004879722225602831,0.007277005770895073,0.004858473424225976
2004-02-27,-0.008238032969745627,-0.005493982477409169,-0.008283551283622926,-0.005515231278786024
2004-03-01,0.039199391481651816,0.026127046161698295,0.039062836540019914,0.02606329975756773
2004-03-02,-0.034877255458449725,-0.02325337110000142,-0.034922773772327026,-0.023274619901378274
2004-03-03,-0.016445033202658634,-0.010965222929474022,-0.016490551516535935,-0.010986471730850877
2004-03-04,0.027946533486629267,0.01862915486338458,0.027901015172751967,0.018607906062007726
2004-03-05,-0.010667672674277128,-0.00711374228043017,-0.010713190988154427,-0.007134991081807025
2004-03-08,-0.07061003372620563,-0.04707951640569433,-0.07074658866783752,-0.04714326280982489
2004-03-09,-0.00928467780405013,-0.006191652663735021,-0.009330196117927429,-0.006212901465111876
2004-03-10,-0.03959914471289313,-0.02640139030617417,-0.03964466302677043,-0.026422639107551025
2004-03-11,-0.02733941064638823,-0.018228234261837572,-0.02738492896026553,-0.018249483063214427
2004-03-12,0.055003173750656574,0.03666691503940278,0.054957655436779274,0.036645666238025926
2004-03-15,-0.052555450120146084,-0.03504284823950031,-0.052692005061777986,-0.035106594643630876
2004-03-16,0.00509796065921897,0.0033967729784443795,0.00505244234534167,0.0033755241770675242
2004-03-17,0.047150434610711674,0.031431662576229036,0.04710491629683437,0.03141041377485218
2004-03-18,-0.013578558440288425,-0.009054518850048567,-0.013624076754165724,-0.009075767651425422
2004-03-19,-0.05014287655142162,-0.03343073092413736,-0.05018839486529892,-0.03345197972551422
2004-03-22,-0.038158121918169974,-0.0254451876150155,-0.038294676859801875,-0.025508934019146067
2004-03-23,-0.02454163588142493,-0.01636305108519537,-0.02458715419530223,-0.016384299886572227
2004-03-24,0.034323086436289896,0.02288000409478529,0.034277568122412595,0.022858755293408434
2004-03-25,0.08012741501776197,0.05341613012198503,0.08008189670388467,0.05339488132060818
2004-03-26,-0.010244039732080825,-0.006831506377910168,-0.010289558045958123,-0.006852755179287023
2004-03-29,0.04837860637271818,0.03224624366025487,0.04824205143108628,0.03218249725612431
2004-03-30,0.00999734381414147,0.00666302841505938,0.00995182550026417,0.0066417796136825245
2004-03-31,-0.005907456249276627,-0.003940264663763169,-0.005952974563153927,-0.003961513465140024
2004-04-01,0.026728880930020894,0.01781720042393929,0.026683362616143593,0.017795951622562436
2004-04-02,0.07793026246561707,0.05195136175388843,0.07788474415173978,0.05193011295251158
2004-04-05,0.028124463587196277,0.018743481803240276,0.02798790864556438,0.01867973539910971
2004-04-06,-0.037707049609998204,-0.02514008660274011,-0.037752567923875505,-0.025161335404116966
2004-04-07,-0.0033031237436832238,-0.0022042290523117676,-0.003348642057560524,-0.0022254778536886224
2004-04-08,-5.836375505902356e-05,-4.096269944732e-05,-0.00010388206893632338,-6.221150082417516e-05
2004-04-12,0.018447176519549902,0.01228953145360813,0.018265103264040704,0.01220453624810071
2004-04-13,-0.0436420204636136,-0.02909673383848371,-0.0436875387774909,-0.029117982639860564
2004-04-14,0.014681963138988093,0.009785921896584091,0.014636444825110794,0.009764673095207236
2004-04-15,-0.05384756504344563,-0.03590033719320917,-0.05389308335732293,-0.035921585994586024
2004-04-16,-0.005038487324915007,-0.003361045079351309,-0.005084005638792306,-0.003382293880728164
2004-04-19,0.03640395314763923,0.0242628624288573,0.03626739820600733,0.024199116024726734
2004-04-20,-0.06986608249614733,-0.04657925579179981,-0.06991160081002463,-0.04660050459317667
2004-04-21,0.02600547978063753,0.01733521210064886,0.025959961466760228,0.017313963299272005
2004-04-22,0.07745938866606093,0.05163800412092832,0.07741387035218364,0.05161675531955146
2004-04-23,0.02350567270547567,0.01566858100928218,0.02346015439159837,0.015647332207905325
2004-04-26,-0.02194769855836371,-0.014637122298237621,-0.02208425349999561,-0.014700868702368187
2004-04-27,-0.005746795887550152,-0.0038327855814790815,-0.005792314201427452,-0.0038540343828559363
2004-04-28,-0.05457487699551109,-0.0363849327041428,-0.054620395309388385,-0.03640618150551966
2004-04-29,-0.046471583363569165,-0.03098282999548894,-0.046517101677446465,-0.031004078796865796
2004-04-30,-0.07329281293359793,-0.04886374275010021,-0.07333833124747524,-0.04888499155147707
2004-05-03,0.02829516172860669,0.018858117893075982,0.028158606786974794,0.018794371488945416
2004-05-04,0.012758330068960303,0.008504058111600345,0.012712811755083004,0.00848280931022349
2004-05-05,0.0237673591419259,0.015843410826910743,0.0237218408280486,0.015822162025533888
2004-05-06,-0.022855534399076293,-0.015238704306519602,-0.022901052712953594,-0.015259953107896457
2004-05-07,-0.024738402545562553,-0.016493856686820685,-0.024783920859439854,-0.01651510548819754
2004-05-10,-0.025930222765868975,-0.017289625685891104,-0.026066777707500877,-0.01735337209002167
2004-05-11,0.0449292629863877,0.029952091336285094,0.0448837446725104,0.02993084253490824
2004-05-12,0.005905428297451761,0.003935922278376625,0.005859909983574461,0.00391467347699977
2004-05-13,-0.021335855452850275,-0.014225119708422893,-0.021381373766727576,-0.014246368509799748
2004-05-14,-0.022341358218036254,-0.014895827135136482,-0.022386876531913555,-0.014917075936513337
2004-05-17,-0.028670123583576877,-0.019118459843790805,-0.028806678525208775,-0.019182206247921368
2004-05-18,0.026953834819885107,0.017968286377041696,0.026908316506007807,0.01794703757566484
2004-05-19,-0.00351968383080784,-0.002347485807129775,-0.0035652021446851397,-0.0023687346085066304
2004-05-20,0.013773652566413825,0.009181218971086506,0.013728134252536524,0.00915997016970965
2004-05-21,0.014570042134993244,0.009712052280583415,0.014524523821115944,0.009690803479206561
2004-05-24,0.020374402636615625,0.013579007662840845,0.020237847694983727,0.013515261258710281
2004-05-25,0.059491663672099106,0.03966026536694575,0.059446145358221805,0.039639016565568896
2004-05-26,0.0191204832206219,0.012746145065960945,0.019074964906744603,0.01272489626458409
2004-05-27,0.019000811531975904,0.012666363940196946,0.018955293218098607,0.012645115138820091
2004-05-28,0.010643281588857259,0.0070944911393136245,0.010597763274979959,0.007073242337936769
2004-06-01,-0.004364079193788681,-0.002912761120340413,-0.0045461524492978805,-0.0029977563258478334
2004-06-02,-0.0066477573049554635,-0.0044318439428445875,-0.006693275618832763,-0.004453092744221442
2004-06-03,-0.03631490009026386,-0.02420993913305019,-0.036360418404141163,-0.024231187934427044
2004-06-04,0.017439118975187635,0.011626073577250812,0.017393600661310335,0.011604824775873957
2004-06-07,0.07107488619321665,0.047384078506723964,0.07093833125158476,0.0473203321025934
2004-06-08,0.003974227918640284,0.0026502247568680865,0.003928709604762984,0.0026289759554912317
2004-06-09,-0.04212744045345399,-0.028084034472956352,-0.04217295876733129,-0.028105283274333207
2004-06-10,0.02124771071180661,0.01416606630388405,0.02120219239792931,0.014144817502507194
2004-06-14,-0.04265449012763571,-0.028431877952473327,-0.04283656338314491,-0.028516873157980748
2004-06-15,0.0387359475758044,0.025826289119399243,0.038690429261927096,0.025805040318022388
2004-06-16,-0.004972721400622044,-0.003313569391688077,-0.005018239714499344,-0.0033348181930649323
2004-06-17,-0.027846644593410096,-0.018563224336792302,-0.027892162907287393,-0.018584473138169157
2004-06-18,0.00404394124508571,0.0026968866594034497,0.0039984229312084105,0.0026756378580265945
2004-06-21,-0.024104657207490807,-0.016066714434998765,-0.024241212149122705,-0.01613046083912933
2004-06-22,0.04390292568888766,0.029270195334651722,0.04385740737501036,0.029248946533274867
2004-06-23,0.0359094232324959,0.023941007279312743,0.0358639049186186,0.023919758477935888
2004-06-24,-0.005734331412914451,-0.003821775408788681,-0.005779849726791751,-0.0038430242101655365
2004-06-25,0.022594209621336632,0.01506382542644501,0.02254869130745933,0.015042576625068155
2004-06-28,-0.025145343847057487,-0.01675994638826171,-0.025281898788689385,-0.016823692792392275
2004-06-29,0.028280889840718776,0.018855877661436534,0.028235371526841475,0.01883462886005968
2004-06-30,0.029619514079817874,0.019748293820835934,0.029573995765940574,0.01972704501945908
2004-07-01,-0.05572376928501928,-0.03714769452585574,-0.05576928759889657,-0.0371689433272326
2004-07-02,-0.017892869665979964,-0.011928119791466388,-0.017938387979857265,-0.011949368592843243
2004-07-06,-0.06467730921822411,-0.043113757346198926,-0.06485938247373331,-0.04319875255170635
2004-07-07,0.0057494681651983565,0.003834556985525523,0.005703949851321056,0.0038133081841486677
2004-07-08,-0.03331826603362029,-0.022210971963599103,-0.033363784347497594,-0.022232220764975958
2004-07-09,0.00412376545436631,0.0027501027989238497,0.00407824714048901,0.0027288539975469945
2004-07-12,-0.012814158414049169,-0.008539994787993853,-0.012950713355681069,-0.008603741192124417
2004-07-13,-0.004294816992727343,-0.002861633119758277,-0.0043403353066046434,-0.002882881921135132
2004-07-14,-0.030460055223478343,-0.020305125273592278,-0.03050557353735564,-0.020326374074969133
2004-07-15,-0.010309806982907543,-0.0068716264465450766,-0.010355325296784844,-0.006892875247921932
2004-07-16,-0.034297732384625246,-0.02286357671435688,-0.034343250698502546,-0.022884825515733734
2004-07-19,-0.00629778252133333,-0.0041937870547090325,-0.0064343374629652296,-0.004257533458839597
2004-07-20,0.07188528371620773,0.04792519390216286,0.07183976540233043,0.04790394510078601
2004-07-21,-0.0872953347830278,-0.0581951252099678,-0.08734085309690509,-0.058216374011344656
2004-07-22,0.04090678837274134,0.027272863673185262,0.04086127005886404,0.027251614871808407
2004-07-23,-0.0568647745708597,-0.037908085068522404,-0.05691029288473699,-0.03792933386989926
2004-07-26,-0.013397683099755883,-0.008926215120752458,-0.013534238041387783,-0.008989961524883024
2004-07-27,0.041310548594051894,0.02754296957383564,0.04126503028017459,0.027521720772458784
2004-07-28,-0.013117950037876212,-0.008742602912784263,-0.013163468351753513,-0.008763851714161119
2004-07-29,0.034817411812631587,0.023214211719555438,0.034771893498754286,0.023192962918178583
2004-07-30,0.009403599087237988,0.006271576639359739,0.009358080773360688,0.006250327837982884
2004-08-02,0.005760320276407166,0.0038477452612080162,0.005623765334775267,0.003783998857077451
2004-08-03,-0.06273251730190116,-0.04181860796947633,-0.06277803561577845,-0.04183985677085319
2004-08-04,0.0007881277441589017,0.0005283021587681953,0.0007426094302816019,0.0005070533573913402
2004-08-05,-0.056161787962488996,-0.0374383083123304,-0.056207306276366296,-0.037459557113707256
2004-08-06,-0.0786597755038881,-0.05243705995072745,-0.07870529381776539,-0.052458308752104305
2004-08-09,0.00707867391886301,0.004726367913907539,0.00694211897723111,0.004662621509776973
2004-08-10,0.037411795522225476,0.02494436053827333,0.037366277208348175,0.024923111736896476
2004-08-11,-0.026286998532326154,-0.01752159545642633,-0.026332516846203455,-0.017542844257803187
2004-08-12,-0.04109400509715921,-0.02739349281690506,-0.04113952341103651,-0.027414741618281915
2004-08-13,0.004535964692003436,0.003026393784001913,0.004490446378126137,0.003005144982625058
2004-08-16,0.033875642217045115,0.022591013446028943,0.033739087275413214,0.022527267041898377
2004-08-17,0.03366016194465381,0.022443084907962395,0.03361464363077651,0.02242183610658554
2004-08-18,0.053128672728313696,0.035421998814871396,0.053083154414436395,0.03540075001349454
2004-08-19,-0.016039702555303,-0.010690251374206405,-0.0160852208691803,-0.01071150017558326
2004-08-20,0.03020618469473161,0.02014024684835235,0.03016066638085431,0.020118998046975495
2004-08-23,0.006793489168367704,0.0045376437668985855,0.006656934226735805,0.00447389736276802
2004-08-24,-0.0009698633223759575,-0.0006431321213909342,-0.0010153816362532572,-0.0006643809227677895
2004-08-25,0.041279405674868944,0.027523047210105664,0.04123388736099164,0.02750179840872881
2004-08-26,-0.01311468994614666,-0.008739683203904735,-0.013160208260023959,-0.00876093200528159
2004-08-27,0.013860960760986241,0.009244083934183866,0.013815442447108943,0.00922283513280701
2004-08-30,-0.05062303831583796,-0.03373808199816495,-0.050759593257469864,-0.03380182840229551
2004-08-31,0.0034387729462967793,0.0022966119980894345,0.0033932546324194797,0.0022753631967125793
2004-09-01,0.021949496572034013,0.014636907741935,0.021903978258156712,0.014615658940558145
2004-09-02,0.044553311242916005,0.029705930868159397,0.044507792929038704,0.02968468206678254
2004-09-03,-0.05529848910479199,-0.03686174937594899,-0.05534400741866929,-0.03688299817732585
2004-09-07,0.025093477692277714,0.016746492112436333,0.024911404436768515,0.016661496906928915
2004-09-08,-0.01142357074175005,-0.00761115036107288,-0.01146908905562735,-0.007632399162449735
2004-09-09,0.025268223159237574,0.01684985885222118,0.025222704845360273,0.016828610050844326
2004-09-10,0.04586991110490741,0.030584224129427646,0.04582439279103011,0.03056297532805079
2004-09-13,0.039001561823468554,0.02601445152777151,0.03886500688183665,0.025950705123640946
2004-09-14,0.00411763176487715,0.00274965131001192,0.004072113450999851,0.0027284025086350646
2004-09-15,-0.03209314253744395,-0.021390958254254033,-0.03213866085132125,-0.021412207055630888
2004-09-16,0.00586035778971575,0.00391146865990432,0.005814839475838451,0.0038902198585274647
2004-09-17,0.009244469883961251,0.00616754338940132,0.009198951570083951,0.006146294588024465
2004-09-20,-0.0003009201651689934,-0.00018580254833792134,-0.00043747510680089283,-0.0002495489524684869
2004-09-21,0.011752576318236558,0.007840174621444023,0.011707058004359257,0.007818925820067168
2004-09-22,-0.052392163579600824,-0.03492307870161017,-0.052437681893478125,-0.034944327502987024
2004-09-23,-0.002675863975771681,-0.001778972352145096,-0.002721382289648981,-0.0018002211535219513
2004-09-24,-0.010409421281278529,-0.00693458383606197,-0.010454939595155829,-0.006955832637438825
2004-09-27,-0.02616521104927273,-0.017428102804989527,-0.026301765990904627,-0.017491849209120093
2004-09-28,0.005982058660307459,0.0039933496460426736,0.005936540346430159,0.003972100844665819
2004-09-29,0.04415882005562698,0.02944424372187503,0.044113301741749676,0.029422994920498175
2004-09-30,0.005029415656458272,0.0033579741224292305,0.004983897342580972,0.0033367253210523752
2004-10-01,0.08185779888796241,0.054576802890344306,0.08181228057408511,0.05455555408896745
2004-10-04,0.017151760465888684,0.011449037727327775,0.017015205524256786,0.011385291323197209
2004-10-05,0.004029702451775971,0.0026914986526410303,0.003984184137898672,0.002670249851264175
2004-10-06,0.023827603006004516,0.015890005635705702,0.023782084692127215,0.015868756834328847
2004-10-07,-0.03365879768916888,-0.022434261494409895,-0.03370431600304618,-0.02245551029578675
2004-10-08,-0.054736967712024735,-0.03648646822466027,-0.054782486025902036,-0.036507717026037126
2004-10-11,0.014033407225213686,0.009370135566877776,0.013896852283581786,0.00930638916274721
2004-10-12,-0.005134263681914838,-0.0034179988712536745,-0.005179781995792138,-0.0034392476726305297
2004-10-13,-0.006825157683534928,-0.0045450747708995695,-0.006870675997412228,-0.004566323572276425
2004-10-14,-0.013579088238597329,-0.009047695140941172,-0.01362460655247463,-0.009068943942318025
2004-10-15,0.015129944582762107,0.010091846860365598,0.015084426268884808,0.010070598058988743
2004-10-18,0.042633958534954074,0.028438570640815824,0.04249740359332217,0.028374824236685258
2004-10-19,-0.02168853149453207,-0.01445314995369409,-0.02173404980840937,-0.014474398755070944
2004-10-20,0.014106524700384074,0.00941031427676973,0.014061006386506774,0.009389065475392875
2004-10-21,0.04566370322572178,0.030448433293661533,0.04561818491184448,0.030427184492284678
2004-10-22,-0.06568101595458956,-0.04378119261127063,-0.06572653426846685,-0.04380244141264748
2004-10-25,-0.014568675632965345,-0.009693996346609689,-0.014705230574597244,-0.009757742750740254
2004-10-26,0.015885717767815433,0.010597190630072362,0.015840199453938133,0.010575941828695506
2004-10-27,0.07610327787579865,0.050742324178633974,0.07605775956192136,0.05072107537725712
2004-10-28,0.01867479053802206,0.012456665953449575,0.01862927222414476,0.01243541715207272
2004-10-29,-0.004982305736616364,-0.0033148250395488373,-0.005027824050493664,-0.0033360738409256925
2004-11-01,0.011050927618721508,0.007387421433733887,0.010914372677089609,0.0073236750296033215
2004-11-02,0.009603813144681506,0.006410095674779347,0.009558294830804205,0.006388846873402492
2004-11-03,0.020067365192992466,0.013385610015929977,0.020021846879115165,0.013364361214553122
2004-11-04,0.01672560348021981,0.011157581868694,0.01668008516634251,0.011136333067317145
2004-11-05,0.026999247890866763,0.018006865147846177,0.026953729576989462,0.01798561634646932
2004-11-08,0.0028082877507177497,0.0018956942854498082,0.00267173280908585,0.0018319478813192428
2004-11-09,-0.006435125811348233,-0.004281782008264472,-0.006480644125225533,-0.004303030809641327
2004-11-10,-0.010406501531936032,-0.0069293658219896715,-0.01045201984581333,-0.006950614623366527
2004-11-11,0.03957055480259287,0.026388671734362927,0.03952503648871557,0.026367422932986072
2004-11-12,0.02887062751938397,0.019255386878890328,0.02882510920550667,0.019234138077513473
2004-11-15,0.012831048395488404,0.008578937861561985,0.012694493453856504,0.00851519145743142
2004-11-16,-0.01866575597416241,-0.01243506761586291,-0.01871127428803971,-0.012456316417239766
2004-11-17,0.04030054826817025,0.026875895460147767,0.04025502995429295,0.026854646658770912
2004-11-18,0.013684236671696591,0.00913159414804309,0.013638718357819293,0.009110345346666235
2004-11-19,-0.04670085827463641,-0.03112513581617891,-0.04674637658851371,-0.031146384617555766
2004-11-22,0.02832510210678433,0.0189099912486257,0.028188547165152428,0.018846244844495135
2004-11-23,-0.004736820368380231,-0.003148455377588371,-0.0047823386822575305,-0.003169704178965226
2004-11-24,0.02603544207557828,0.017366292642051133,0.025989923761700978,0.017345043840674278
2004-11-26,-0.009405411029837352,-0.006251798713042887,-0.009496447657591951,-0.006294296315796597
2004-11-29,-0.001147927839033693,-0.0007370106220271129,-0.0012844827806655923,-0.0008007570261576784
2004-11-30,-0.006251845928681501,-0.004158097931535006,-0.006297364242558801,-0.004179346732911861
2004-12-01,0.06122062351392206,0.04082345473483132,0.06117510520004476,0.04080220593345447
2004-12-02,0.011144287988613432,0.007439137427349211,0.011098769674736133,0.007417888625972356
2004-12-03,0.004363550045764034,0.0029186454654496117,0.0043180317318867335,0.0028973966640727564
2004-12-06,0.010083977321077842,0.006751206994654854,0.009947422379445943,0.006687460590524288
2004-12-07,-0.05153501488272766,-0.034346689962546535,-0.05158053319660496,-0.03436793876392339
2004-12-08,0.017305424213457186,0.011546842463353538,0.01725990589957989,0.011525593661976684
2004-12-09,0.017954119275903496,0.011979212204854992,0.0179086009620262,0.011957963403478137
2004-12-10,-0.009118460929725701,-0.006069174598897806,-0.009163979243603002,-0.006090423400274661
2004-12-13,0.025906466079246862,0.017300656349310817,0.02576991113761496,0.01723690994518025
2004-12-14,0.01476581823459949,0.009853771810781738,0.014720299920722189,0.009832523009404884
2004-12-15,-0.011243714260154566,-0.007486197405162789,-0.011289232574031865,-0.007507446206539644
2004-12-16,-0.028396379178763285,-0.01892140097008565,-0.028441897492640585,-0.018942649771462504
2004-12-17,-0.007784851793725831,-0.005180476327818771,-0.007830370107603131,-0.005201725129195626
2004-12-20,-0.020903787497223696,-0.013907583727487113,-0.021040342438855594,-0.013971330131617679
2004-12-21,0.03660634726173446,0.024413937233372922,0.03656082894785716,0.024392688431996067
2004-12-22,0.003653895195439414,0.0024454486127161515,0.003608376881562114,0.0024241998113392967
2004-12-23,0.0021359654598747824,0.0014333082315821357,0.0020904471459974824,0.0014120594302052805
2004-12-27,-0.013331268491187272,-0.008850187294129057,-0.013513341746696472,-0.008935182499636478
2004-12-28,0.02866276415559474,0.019118683353730712,0.02861724584171744,0.019097434552353857
2004-12-29,0.0036233113894999424,0.0024255275522718656,0.0035777930756226424,0.002404278750895011
2004-12-30,-0.002378185266053144,-0.0015757511184854775,-0.002423703579930444,-0.0015969999198623328
2004-12-31,-0.005381143155131266,-0.0035778166684805883,-0.0054266614690085665,-0.0035990654698574436
2005-01-03,-0.031947634695843795,-0.021269586825741763,-0.032084189637475696,-0.02133333322987233
2005-01-04,-0.054817386555759504,-0.0365342821436838,-0.054862904869636804,-0.03655553094506066
2005-01-05,-0.01870217118471335,-0.01245737822000023,-0.01874768949859065,-0.012478627021377085
2005-01-06,-0.0149257784579582,-0.009939876745149605,-0.014971296771835499,-0.00996112554652646
2005-01-07,0.015515856922727672,0.01035435950362493,0.015470338608850373,0.010333110702248075
2005-01-10,-0.001959781422362464,-0.0012748752824425485,-0.002096336363994363,-0.0013386216865731138
2005-01-11,-0.021160575661288383,-0.014096033480174996,-0.021206093975165683,-0.014117282281551851
2005-01-12,0.02495714011527836,0.016648922994410724,0.02491162180140106,0.01662767419303387
2005-01-13,-0.03979426571004485,-0.026518774570221233,-0.03983978402392215,-0.02654002337159809
2005-01-14,0.028232420432192658,0.018832443205686923,0.028186902118315357,0.018811194404310068
2005-01-18,0.02209458040072816,0.01477341334744146,0.021912507145218963,0.014688418141934041
2005-01-19,-0.049724389098626004,-0.033138294671308605,-0.0497699074125033,-0.03315954347268546
2005-01-20,-0.05764727967649308,-0.03842050282364479,-0.05769279799037038,-0.03844175162502165
2005-01-21,-0.02423263501990624,-0.016144260429045675,-0.02427815333378354,-0.01616550923042253
2005-01-24,-0.04251237718181353,-0.028309096035200227,-0.04264893212344542,-0.028372842439330793
2005-01-25,0.014644649238183404,0.009774210148182546,0.014599130924306104,0.009752961346805691
2005-01-26,0.035818638467167,0.023890390372553392,0.035773120153289706,0.023869141571176537
2005-01-27,-0.004176278018423461,-0.0027727935748340857,-0.004221796332300761,-0.002794042376210941
2005-01-28,-0.014694888357313534,-0.009784919309810224,-0.014740406671190835,-0.00980616811118708
2005-01-31,0.0385792524041537,0.025754801574185183,0.0384426974625218,0.025691055170054617
2005-02-01,0.009480321381295493,0.006332637146030091,0.009434803067418193,0.006311388344653236
2005-02-02,0.004653794864212119,0.0031148590391866043,0.004608276550334818,0.003093610237809749
2005-02-03,-0.03447368764619258,-0.0229701293010832,-0.03451920596006988,-0.022991378102460054
2005-02-04,0.0483104528596744,0.0322190164450821,0.0482649345457971,0.032197767643705244
2005-02-07,-0.006785356735761412,-0.004487708770408773,-0.006921911677393312,-0.004551455174539338
2005-02-08,0.005429285955862792,0.003631946862408291,0.005383767641985492,0.003610698061031436
2005-02-09,-0.0502250599372308,-0.03347095039965411,-0.0502705782511081,-0.03349219920103096
2005-02-10,0.0030888691233815183,0.002071575211966204,0.0030433508095042187,0.002050326410589349
2005-02-11,0.04427134186551922,0.029526557040058,0.04422582355164192,0.029505308238681145
2005-02-14,0.013088781952778943,0.008763685926345756,0.012952227011147044,0.00869993952221519
2005-02-15,0.01965414101962599,0.013115840040018988,0.019608622705748688,0.013094591238642133
2005-02-16,-0.01116656733915921,-0.0074312988658378105,-0.011212085653036509,-0.007452547667214665
2005-02-17,-0.040430379913707196,-0.026940694835138255,-0.040475898227584496,-0.02696194363651511
2005-02-18,-0.009756849363983595,-0.006491674468655853,-0.009802367677860893,-0.0065129232700327075
2005-02-22,-0.0375465067761293,-0.02497831187517342,-0.0377285800316385,-0.02506330708068084
2005-02-23,0.003912941611923397,0.0026224576375643432,0.0038674232980460974,0.002601208836187488
2005-02-24,0.0380141685629302,0.025356608938235544,0.0379686502490529,0.02533536013685869
2005-02-25,0.01668750699048385,0.011138928395093119,0.01664198867660655,0.011117679593716264
2005-02-28,-0.03236965581207881,-0.02153659154480297,-0.03250621075371071,-0.021600337948933537
2005-03-01,0.03288901095860589,0.02194068192038404,0.03284349264472859,0.021919433119007185
2005-03-02,-0.0017539041360787007,-0.0011547825580412558,-0.0017994224499560006,-0.001176031359418111
2005-03-03,-0.024882952836572114,-0.016574336087892813,-0.024928471150449414,-0.01659558488926967
2005-03-04,0.017537198686817298,0.011705952657222744,0.017491680372939997,0.011684703855845888
2005-03-07,0.0427053879566187,0.028513719235779434,0.0425688330149868,0.02844997283164887
2005-03-08,-0.030113361820982697,-0.020060993809382106,-0.030158880134859997,-0.02008224261075896
2005-03-09,-0.0089159640964963,-0.005929489198319655,-0.008961482410373601,-0.005950737999696511
2005-03-10,-0.004148463544499201,-0.0027511554969882556,-0.0041939818583765,-0.002772404298365111
2005-03-11,-0.02814172605171104,-0.018746757702279727,-0.028187244365588338,-0.018768006503656582
2005-03-14,0.013247534003922598,0.008875149933982033,0.013110979062290699,0.008811403529851467
2005-03-15,-0.024263850153034547,-0.01616094382857973,-0.024309368466911847,-0.016182192629956585
2005-03-16,-0.03417726825973625,-0.02276988923304753,-0.03422278657361355,-0.022791138034424386
2005-03-17,0.007212423453979062,0.004823144685050925,0.007166905140101761,0.00480189588367407
2005-03-18,-0.016502005683153225,-0.010986568625969318,-0.016547523997030526,-0.011007817427346174
2005-03-21,0.005269431101353067,0.003557822887898617,0.0051328761597211675,0.0034940764837680517
2005-03-22,-0.03706772118916572,-0.02469638832573352,-0.03711323950304302,-0.024717637127110375
2005-03-23,0.010628196399289743,0.0071011718401100665,0.010582678085412444,0.007079923038733212
2005-03-24,0.0006654581682799279,0.00045878284872730846,0.0006199398544026281,0.0004375340473504533
2005-03-28,0.005141786726282494,0.003488809718563225,0.004959713470773295,0.0034038145130558042
2005-03-29,-0.024103458166042036,-0.01605364022526677,-0.024148976479919333,-0.016074889026643627
2005-03-30,0.05642847856624802,0.037634223686092406,0.05638296025237072,0.03761297488471555
2005-03-31,-0.013230747608507872,-0.008805354335797893,-0.01327626592238517,-0.008826603137174748
2005-04-01,-0.030512594976234524,-0.02032696148802352,-0.030558113290111825,-0.020348210289400374
2005-04-04,0.02106660910261128,0.014088993215602174,0.02093005416097938,0.014025246811471609
2005-04-05,0.008067237889433355,0.005393114866398872,0.008021719575556056,0.005371866065022017
2005-04-06,-0.005081555966226739,-0.003372841595086275,-0.0051270742801040395,-0.0033940903964631303
2005-04-07,0.036006538712036705,0.024018939879297495,0.035961020398159405,0.02399769107792064
2005-04-08,-0.024523318977854994,-0.016334298580630305,-0.024568837291732294,-0.01635554738200716
2005-04-11,-0.013577729017919173,-0.009007513856880953,-0.013714283959551071,-0.009071260261011519
2005-04-12,0.014644270331905806,0.009777427625876897,0.014598752018028507,0.009756178824500042
2005-04-13,-0.049258105950115795,-0.0328241565621375,-0.049303624263993096,-0.03284540536351436
2005-04-14,-0.0425877509565995,-0.02837715935641956,-0.0426332692704768,-0.028398408157796415
2005-04-15,-0.06851426331052281,-0.04566150092570175,-0.06855978162440012,-0.04568274972707861
2005-04-18,0.000387433394187826,0.00030259441785704654,0.00025087845255592655,0.00023884801372648105
2005-04-19,0.020552126594774116,0.013717313176707253,0.020506608280896815,0.013696064375330398
2005-04-20,-0.025029378843023083,-0.016670357115157547,-0.025074897156900384,-0.016691605916534402
2005-04-21,0.07937335174161773,0.05293108754785307,0.07932783342774044,0.052909838746476215
2005-04-22,-0.04480105499306999,-0.0298517563507589,-0.04484657330694729,-0.029873005152135756
2005-04-25,0.02429167359521528,0.016242699080277777,0.02415511865358338,0.01617895267614721
2005-04-26,-0.02815110550769988,-0.018751226379651896,-0.028196623821577182,-0.01877247518102875
2005-04-27,0.004115388242880565,0.002759581552424077,0.004069869929003264,0.002738332751047222
2005-04-28,-0.03007941799447566,-0.020037237755733534,-0.03012493630835296,-0.02005848655711039
2005-04-29,0.019690100205924304,0.013142347115237298,0.019644581892047003,0.013121098313860442
2005-05-02,0.011511252710310239,0.007721572997527253,0.011374697768678341,0.007657826593396688
2005-05-03,0.01520733265650432,0.010154399063150904,0.015161814342627021,0.010133150261774049
2005-05-04,0.03637875428535212,0.024268398303759254,0.03633323597147482,0.0242471495023824
2005-05-05,0.0023551498975622506,0.0015856196518160698,0.0023096315836849506,0.0015643708504392145
2005-05-06,0.008227915580858055,0.005500233327348672,0.008182397266980756,0.0054789845259718166
2005-05-09,0.013733356225168126,0.009201848217909647,0.013596801283536226,0.009138101813779081
2005-05-10,-0.021815960561592938,-0.014527984317224924,-0.021861478875470238,-0.01454923311860178
2005-05-11,0.014933393990593779,0.009971397501724884,0.01488787567671648,0.009950148700348029
2005-05-12,-0.00851060820703475,-0.005658219084581931,-0.008556126520912049,-0.005679467885958785
2005-05-13,0.0324727872679389,0.021664138489913696,0.0324272689540616,0.02164288968853684
2005-05-16,0.019383398784229428,0.012967416363958298,0.01924684384259753,0.012903669959827732
2005-05-17,0.01792576238940628,0.011966309767599884,0.01788024407552898,0.011945060966223029
2005-05-18,0.04070875938426781,0.027154786567466296,0.04066324107039051,0.02713353776608944
2005-05-19,0.024836463547971175,0.016573068165691082,0.024790945234093874,0.016551819364314227
2005-05-20,0.01183185606935215,0.00790342376634267,0.011786337755474852,0.007882174964965814
2005-05-23,0.014642076984883033,0.0098085073783394,0.014505522043251135,0.009744760974208835
2005-05-24,0.009341308872580707,0.006243998428888648,0.009295790558703406,0.006222749627511793
2005-05-25,-0.01281103334127888,-0.008524511602037895,-0.012856551655156178,-0.00854576040341475
2005-05-26,0.029983551186729736,0.020005305374633714,0.02993803287285244,0.01998405657325686
2005-05-27,0.0014037340622173192,0.0009520000002929041,0.0013582157483400194,0.0009307511989160488
2005-05-31,-0.01088180338355099,-0.007189074737307617,-0.01106387663906019,-0.007274069942815038
2005-06-01,0.024251236877568683,0.016184138381711885,0.024205718563691383,0.01616288958033503
2005-06-02,0.020929971645037106,0.013969773610526247,0.02088445333115981,0.013948524809149394
2005-06-03,-0.043626271362593796,-0.029067721727894354,-0.0436717896764711,-0.02908897052927121
2005-06-06,0.0002764969294861915,0.00023455462210862936,0.000139941987854292,0.00017080821797806387
2005-06-07,-0.025365219783425864,-0.016893217432136887,-0.025410738097303164,-0.016914466233513743
2005-06-08,-0.0065225924621779615,-0.004331465884638286,-0.006568110776055261,-0.004352714686015141
2005-06-09,0.018920221556431638,0.012630410127768114,0.018874703242554337,0.012609161326391258
2005-06-10,-0.031788542882632116,-0.021175714791755316,-0.03183406119650941,-0.02119696359313217
2005-06-13,0.013866523262476992,0.009294572177435829,0.013729968320845092,0.009230825773305263
2005-06-14,-0.012098893364233056,-0.008048905823050834,-0.012144411678110357,-0.00807015462442769
2005-06-15,0.009407025395877813,0.0062881853625624505,0.009361507082000514,0.006266936561185595
2005-06-16,0.015744375672507763,0.010512991560266676,0.015698857358630462,0.01049174275888982
2005-06-17,0.0002258157338117074,0.0001670030030426482,0.00018029741993440756,0.00014575420166579306
2005-06-20,-0.0005100115459525478,-0.0002903482387296986,-0.0006465664875844473,-0.00035409464286026405
2005-06-21,-0.001756267038730061,-0.001153915602339686,-0.0018017853526073606,-0.0011751644037165411
2005-06-22,-0.003343722950452061,-0.002212219543487686,-0.003389241264329361,-0.002233468344864541
2005-06-23,-0.03349652750363445,-0.022313995249318434,-0.03354204581751175,-0.02233524405069529
2005-06-24,-0.0338757677093955,-0.02256654003555651,-0.0339212860232728,-0.022587788836933364
2005-06-27,-0.01431859453398256,-0.009493250270158796,-0.014455149475614458,-0.009556996674289362
2005-06-28,0.0283512682640375,0.018918996924863044,0.0283057499501602,0.01889774812348619
2005-06-29,-0.006638220430627102,-0.004407422925352256,-0.0066837387445044015,-0.004428671726729111
2005-06-30,-0.02364856310562893,-0.01574783946852192,-0.02369408141950623,-0.015769088269898774
2005-07-01,-0.004254365677790627,-0.002818374516629719,-0.0042998839916679275,-0.002839623318006574
2005-07-05,0.03031509527861171,0.020283045415352235,0.030133022023102512,0.020198050209844814
2005-07-06,-0.014733364870757628,-0.00980352740837842,-0.014778883184634928,-0.009824776209755276
2005-07-07,0.01037919812085598,0.006937899019481835,0.01033367980697868,0.00691665021810498
2005-07-08,0.0572956895730631,0.03821518374377455,0.0572501712591858,0.03819393494239769
2005-07-11,0.027258205127589984,0.018226873173934975,0.027121650185958083,0.018163126769804413
2005-07-12,0.013985307701631509,0.009342066146276598,0.013939789387754208,0.009320817344899743
2005-07-13,0.006866817379643472,0.00459650000935628,0.006821299065766172,0.004575251207979425
2005-07-14,0.02951040293522227,0.01969231779560818,0.02946488462134497,0.019671068994231326
2005-07-15,0.009103692448180309,0.006087938224907599,0.00905817413430301,0.006066689423530744
2005-07-18,-0.01289717506322819,-0.008541122363335612,-0.01303373000486009,-0.008604868767466177
2005-07-19,0.034668400682708087,0.023131735793500086,0.034622882368830786,0.02311048699212323
2005-07-20,0.021253101472410933,0.014188297112333461,0.021207583158533633,0.014167048310956606
2005-07-21,0.0005720830755671808,0.00040085738873948495,0.000526564761689881,0.00037960858736262975
2005-07-22,-0.003990439157660993,-0.002640447568497302,-0.0040359574715382925,-0.002661696369874157
2005-07-25,-0.011987797765516277,-0.007931482219953654,-0.012124352707148177,-0.00799522862408422
2005-07-26,0.011261627161855518,0.007528538309456704,0.011216108847978218,0.0075072895080798485
2005-07-27,0.02263852486863534,0.015113042592542566,0.02259300655475804,0.01509179379116571
2005-07-28,0.014155222938107581,0.009457225436701584,0.014109704624230281,0.009435976635324729
2005-07-29,-0.02499888094243302,-0.016645510483658817,-0.025044399256310322,-0.016666759285035672
2005-08-01,0.004725578923458658,0.0032118989039458122,0.004589023981826758,0.0031481524998152465
2005-08-02,0.03233689757949791,0.02157909538831905,0.03229137926562061,0.021557846586942195
2005-08-03,-0.0016960085440843877,-0.0011095086940691493,-0.0017415268579616876,-0.0011307574954460046
2005-08-04,-0.029402409226013705,-0.019580725089552657,-0.029447927539891006,-0.019601973890929512
2005-08-05,-0.014564357442301423,-0.009688596369371218,-0.014609875756178723,-0.009709845170748074
2005-08-08,-0.02263381213120321,-0.01502486912920122,-0.022770367072835113,-0.015088615533331786
2005-08-09,0.019702252058610408,0.0131565637191796,0.019656733744733108,0.013135314917802744
2005-08-10,-0.026054444616953006,-0.01734818342521281,-0.026099962930830306,-0.017369432226589664
2005-08-11,0.024346577395229288,0.01625240369451429,0.02430105908135199,0.016231154893137433
2005-08-12,-0.016937945902257112,-0.011270611837143311,-0.01698346421613441,-0.011291860638520166
2005-08-15,0.01776554323025069,0.011908034445101379,0.017628988288618787,0.011844288040970813
2005-08-16,-0.048871110921415994,-0.032559011600837996,-0.048916629235293295,-0.03258026040221485
2005-08-17,0.017579756594513107,0.011741472506969849,0.017534238280635807,0.011720223705592994
2005-08-18,-0.015568158892486701,-0.010357326275568606,-0.015613677206364002,-0.010378575076945461
2005-08-19,-0.0017451010980163392,-0.0011421428512389251,-0.001790619411893639,-0.0011633916526157804
2005-08-22,0.0009495783503378904,0.0006973911918261786,0.0008130234087059909,0.0006336447876956131
2005-08-23,-0.008698587220042788,-0.00577742336940075,-0.008744105533920087,-0.005798672170777605
2005-08-24,-0.01801296280936019,-0.01198700709561235,-0.01805848112323749,-0.012008255896989206
2005-08-25,0.006810586750967174,0.004561931713267082,0.006765068437089875,0.004540682911890226
2005-08-26,-0.010307749150921789,-0.006850197989986749,-0.010353267464799087,-0.006871446791363605
2005-08-29,0.022799085431457332,0.0152645773279562,0.022662530489825434,0.015200830923825634
2005-08-30,-0.011037974610715389,-0.0073369207270376,-0.01108349292459269,-0.007358169528414455
2005-08-31,0.02776455180834061,0.018531335982854853,0.02771903349446331,0.018510087181477997
2005-09-01,-0.0048164113697891035,-0.0031894945937702072,-0.004861929683666403,-0.0032107433951470625
2005-09-02,-0.011761311756402751,-0.007819805042928682,-0.011806830070280052,-0.007841053844305538
2005-09-06,0.04332468594846748,0.028966648210137568,0.043142612692958285,0.028881653004630147
2005-09-07,0.005136423723792073,0.0034458230284836813,0.005090905409914774,0.003424574227106826
2005-09-08,-0.0009582110125432876,-0.0006176436730417494,-0.0010037293264205873,-0.0006388924744186045
2005-09-09,0.016553432055214347,0.011056690831482719,0.016507913741337046,0.011035442030105863
2005-09-12,0.007738475035671337,0.005222474363075552,0.0076019200940394376,0.005158727958944986
2005-09-13,-0.007752670868045303,-0.005147000925941007,-0.0077981891819226025,-0.005168249727317862
2005-09-14,-0.034262442815699554,-0.022820559082459883,-0.034307961129576854,-0.02284180788383674
2005-09-15,-0.0017253222051214232,-0.0011296163065935671,-0.001770840518998723,-0.0011508651079704224
2005-09-16,0.018191333614452618,0.012148342611188103,0.018145815300575317,0.012127093809811248
2005-09-19,-0.02419868244162792,-0.016068681318769377,-0.024335237383259822,-0.016132427722899943
2005-09-20,-0.012482980601484343,-0.008299881061569278,-0.012528498915361641,-0.008321129862946133
2005-09-21,-0.03333820757031642,-0.022203082912489815,-0.03338372588419372,-0.02222433171386667
2005-09-22,0.01071219378716122,0.0071619668430986045,0.01066667547328392,0.007140718041721749
2005-09-23,0.008343809461588275,0.005583514899888582,0.008298291147710975,0.005562266098511727
2005-09-26,0.00018392614748114308,0.00018582581567355515,4.7371205849243566e-05,0.0001220794115429896
2005-09-27,-0.007167106952564688,-0.00475643652441535,-0.0072126252664419886,-0.004777685325792205
2005-09-28,0.0005782553017516605,0.0004067614152730748,0.0005327369878743607,0.0003855126138962196
2005-09-29,0.04013320181025878,0.02677644313233558,0.04008768349638148,0.026755194330958725
2005-09-30,0.01969843238617801,0.01315392303474645,0.01965291407230071,0.013132674233369595
2005-10-03,0.006999432659503232,0.004731475479986799,0.006862877717871333,0.004667729075856233
2005-10-04,-0.019922855338008725,-0.013259514757618017,-0.019968373651886025,-0.013280763558994872
2005-10-05,-0.041425805049413,-0.027594720290614154,-0.0414713233632903,-0.02761596909199101
2005-10-06,-0.039676996054485006,-0.02642931895227591,-0.039722514368362306,-0.026450567753652766
2005-10-07,0.0068549138600095495,0.00459214283960742,0.00680939554613225,0.004570894038230564
2005-10-10,-0.017046924355318262,-0.011297449833715447,-0.017183479296950164,-0.011361196237846012
2005-10-11,-0.015153123060345719,-0.010079693239176016,-0.01519864137422302,-0.010100942040552872
2005-10-12,-0.035794853503682895,-0.023839809582816753,-0.035840371817560196,-0.02386105838419361
2005-10-13,0.022997108666256635,0.015354548910095963,0.022951590352379335,0.015333300108719108
2005-10-14,0.02202317184535098,0.014705634977402685,0.02197765353147368,0.01468438617602583
2005-10-17,0.008817139422291058,0.005949503224118062,0.008680584480659158,0.005885756819987496
2005-10-18,-0.02143277189937945,-0.014263861879835379,-0.021478290213256746,-0.014285110681212234
2005-10-19,0.05992312428844023,0.039973307860062014,0.05987760597456293,0.03995205905868516
2005-10-20,-0.028146571219193374,-0.018739822478360393,-0.028192089533070674,-0.018761071279737248
2005-10-21,0.018578271814003167,0.012409978496605727,0.018532753500125867,0.012388729695228872
2005-10-24,0.046814090804545294,0.03128306887300243,0.04667753586291339,0.031219322468871866
2005-10-25,-0.011713626306906536,-0.007783865071771123,-0.011759144620783837,-0.007805113873147978
2005-10-26,-0.015601594028008136,-0.010375843552505525,-0.015647112341885438,-0.01039709235388238
2005-10-27,-0.06051419045135602,-0.04031785772963061,-0.06055970876523332,-0.04033910653100747
2005-10-28,0.022657082714468625,0.015129468919530258,0.022611564400591328,0.015108220118153402
2005-10-31,0.042395076337716144,0.02833875838095856,0.04225852139608424,0.028275011976827993
2005-11-01,-0.002539198293093182,-0.0016671075857783465,-0.002584716606970482,-0.0016883563871552018
2005-11-02,0.039167150686425636,0.02613693619539081,0.039121632372548336,0.026115687394013955
2005-11-03,0.04475891353791674,0.029864589243826217,0.04471339522403944,0.02984334044244936
2005-11-04,0.010293508419774444,0.006887652498398017,0.010247990105897144,0.006866403697021161
2005-11-07,0.0030676929325833832,0.002121919135576175,0.0029311379909514835,0.00205817273144561
2005-11-08,0.0005248732985940395,0.00037541793683641434,0.0004793549847167397,0.00035416913545955914
2005-11-09,0.0012720683789205396,0.0008735479903874142,0.0012265500650432398,0.0008522991890105591
2005-11-10,0.0326453547496019,0.021789355552506096,0.0325998364357246,0.02176810675112924
2005-11-11,0.007902786071786927,0.005294120885809258,0.007857267757909629,0.005272872084432403
2005-11-14,-0.0006727978776440663,-0.00037174140457545775,-0.0008093528192759658,-0.0004354878087060233
2005-11-15,-0.01423049940235338,-0.009460930523732397,-0.014276017716230681,-0.009482179325109252
2005-11-16,0.01828311766779796,0.012214719732079476,0.01823759935392066,0.01219347093070262
2005-11-17,0.03950999104365606,0.02636587419651887,0.03946447272977876,0.026344625395142016
2005-11-18,0.009940135531562566,0.006652731641255878,0.009894617217685265,0.006631482839879022
2005-11-21,0.006559712875110159,0.004450782418984612,0.00642315793347826,0.004387036014854047
2005-11-22,0.010605614982047451,0.007096290155446471,0.010560096668170151,0.0070750413540696154
2005-11-23,0.006970283998774563,0.004672075132016277,0.006924765684897263,0.0046508263306394215
2005-11-25,0.0060124009975094485,0.004059083283174264,0.005921364369754849,0.004016585680420554
2005-11-28,-0.025735292169974177,-0.017080637519397503,-0.02587184711160608,-0.01714438392352807
2005-11-29,-0.01466772977588928,-0.009752795240975748,-0.014713248089766581,-0.009774044042352603
2005-11-30,-0.007481378071880883,-0.004961894104970146,-0.007526896385758182,-0.004983142906347001
2005-12-01,0.05579058347592328,0.03721913029303284,0.055745065162045984,0.03719788149165598
2005-12-02,0.006918465547954428,0.004637907203254258,0.006872947234077128,0.004616658401877404
2005-12-05,-0.0227633595616611,-0.015098215882792917,-0.022899914503292998,-0.015161962286923483
2005-12-06,0.00981861739874608,0.006572002940049185,0.00977309908486878,0.0065507541386723295
2005-12-07,-0.005948434799965521,-0.003939365192425216,-0.00599395311384282,-0.003960613993802071
2005-12-08,-0.021729110643368004,-0.014459910221963058,-0.021774628957245305,-0.014481159023339914
2005-12-09,0.011326640050308144,0.007576406918753816,0.011281121736430843,0.007555158117376961
2005-12-12,0.010118461367485027,0.006821581567301847,0.009981906425853128,0.006757835163171281
2005-12-13,0.011959408718017948,0.00799806386395012,0.011913890404140648,0.007976815062573264
2005-12-14,-0.010211566996713752,-0.006782586612537681,-0.010257085310591052,-0.006803835413914537
2005-12-15,0.004792257488232673,0.003219774230095181,0.004746739174355373,0.003198525428718326
2005-12-16,-0.020928611618858638,-0.013927188613072525,-0.020974129932735935,-0.01394843741444938
2005-12-19,-0.04828759985862791,-0.03211607584058557,-0.048424154800259814,-0.03217982224471613
2005-12-20,0.001976814770554018,0.0013435677899864534,0.001931296456676718,0.0013223189886095981
2005-12-21,0.012961530115876727,0.008666616915202457,0.012916011801999428,0.008645368113825602
2005-12-22,0.019466742675273797,0.013003614169620694,0.019421224361396497,0.012982365368243839
2005-12-23,-0.0002248325892094986,-0.00012419711652255752,-0.00027035090308679847,-0.0001454459178994127
2005-12-27,-0.026985592077439904,-0.017887251840540623,-0.027167665332949103,-0.017972247046048044
2005-12-28,-0.0038810309478685004,-0.0025615682458075056,-0.0039265492617458,-0.002582817047184361
2005-12-29,-0.019985382507689362,-0.013298085934019186,-0.020030900821566663,-0.013319334735396041
2005-12-30,-0.023066018711693538,-0.015351371187581524,-0.02311153702557084,-0.01537261998895838
2006-01-03,0.06589399378924592,0.04403587289233028,0.06571192053373671,0.04395087768682286
2006-01-04,0.030991634122582986,0.020688481406229586,0.030946115808705685,0.02066723260485273
2006-01-05,0.012701351530008745,0.008495148742699915,0.012655833216131444,0.00847389994132306
2006-01-06,0.05415386919637628,0.036130255059948636,0.054108350882498976,0.03610900625857178
2006-01-09,0.01123429082038635,0.007573121282174658,0.01109773587875445,0.007509374878044092
2006-01-10,0.0018606598962635883,0.0012684937335221385,0.0018151415823862887,0.0012472449321452835
2006-01-11,0.02284678460883603,0.015259716409335159,0.02280126629495873,0.015238467607958306
2006-01-12,-0.014822595213899907,-0.00985310888450496,-0.014868113527777208,-0.009874357685881815
2006-01-13,-0.0016389625663664313,-0.0010638312623477712,-0.0016844808802437311,-0.0010850800637246265
2006-01-17,-0.020521049411572945,-0.013565079403522144,-0.020703122667082147,-0.013650074609029565
2006-01-18,-0.03467215415679195,-0.023085391301862632,-0.03471767247066925,-0.023106640103239488
2006-01-19,0.021788960605040916,0.014555068007216303,0.021743442291163616,0.014533819205839448
2006-01-20,-0.0898525982453593,-0.059872637893050494,-0.08989811655923659,-0.05989388669442735
2006-01-23,-7.95695661534075e-06,8.197817382351321e-05,-0.00014451189824724026,1.8231769692947665e-05
2006-01-24,0.012840103928044643,0.008589447421361765,0.012794585614167343,0.00856819861998491
2006-01-25,-0.013278304637058189,-0.008822635687541451,-0.013323822950935489,-0.008843884488918305
2006-01-26,0.02083773471599969,0.01392157983501084,0.02079221640212239,0.013900331033633985
2006-01-27,0.04018249613546908,0.026818276754522134,0.04013697782159178,0.02679702795314528
2006-01-30,0.0049475900207057305,0.0033882313397653988,0.004811035079073831,0.003324484935634833
2006-01-31,-0.013762789465543053,-0.009144868308356683,-0.013808307779420353,-0.009166117109733538
2006-02-01,0.010461611099968522,0.007004637393609556,0.010416092786091222,0.0069833885922327005
2006-02-02,-0.051497190798592475,-0.034301230538764445,-0.051542709112469776,-0.0343224793401413
2006-02-03,-0.037182767379231874,-0.024758281592524044,-0.037228285693109174,-0.0247795303939009
2006-02-06,-0.008819949216824335,-0.005789276163657934,-0.008956504158456235,-0.0058530225677885
2006-02-07,-0.013483998198820955,-0.008959007463875283,-0.013529516512698255,-0.008980256265252139
2006-02-08,0.03445070446126343,0.022997555656062506,0.03440518614738613,0.02297630685468565
2006-02-09,-0.028719490458640695,-0.019115812939151603,-0.028765008772517996,-0.01913706174052846
2006-02-10,0.018167043714461387,0.012141971199145887,0.018121525400584086,0.012120722397769032
2006-02-13,-0.03519000280870521,-0.02336789162074342,-0.035326557750337106,-0.023431638024873986
2006-02-14,0.030121548731748455,0.020112020017337123,0.030076030417871158,0.020090771215960267
2006-02-15,0.01881520068837016,0.012574454655084924,0.018769682374492863,0.01255320585370807
2006-02-16,0.027439779513246693,0.018324079162739593,0.027394261199369396,0.018302830361362737
2006-02-17,-0.02408914143555771,-0.016028534803130007,-0.024134659749435006,-0.016049783604506863
2006-02-21,-0.03450725912684926,-0.022881646951948602,-0.03468933238235846,-0.022966642157456023
2006-02-22,0.03728813920447248,0.024889841712925482,0.03724262089059518,0.024868592911548627
2006-02-23,-0.008254481872811822,-0.005471905671930716,-0.008300000186689123,-0.005493154473307571
2006-02-24,0.0077603643756394515,0.00520484793577762,0.007714846061762152,0.005183599134400765
2006-02-27,0.03267039869950395,0.02187436504063091,0.03253384375787205,0.021810618636500346
2006-02-28,-0.04484248946122368,-0.029863437089357344,-0.04488800777510098,-0.0298846858907342
2006-03-01,0.04061553338578812,0.027108578141983853,0.04057001507191082,0.027087329340606998
2006-03-02,0.0019014033208009495,0.001298968627521169,0.0018558850069236498,0.001277719826144314
2006-03-03,-0.01752930973783122,-0.011654745345086915,-0.01757482805170852,-0.01167599414646377
2006-03-06,-0.026835069784818654,-0.017795663082810744,-0.026971624726450556,-0.01785940948694131
2006-03-07,-0.017780269520179953,-0.011822146599799431,-0.017825787834057253,-0.011843395401176286
2006-03-08,0.0012086616294523498,0.0008371408332887693,0.0011631433155750498,0.0008158920319119141
2006-03-09,-0.02594805142017868,-0.017267523984893247,-0.02599356973405598,-0.017288772786270102
2006-03-10,0.0027036559609333512,0.00183370899264022,0.0026581376470560516,0.0018124601912633649
2006-03-13,0.008095488603483246,0.005491375842723856,0.007958933661851348,0.005427629438593291
2006-03-14,0.050626446645197574,0.033782425576932285,0.050580928331320274,0.03376117677555543
2006-03-15,0.02512278755463405,0.01677979672177402,0.02507726924075675,0.016758547920397163
2006-03-16,-0.02542819086489528,-0.016920571358471744,-0.025473709178772577,-0.0169418201598486
2006-03-17,0.007651145714577481,0.005132224956518885,0.007605627400700182,0.005110976155142031
2006-03-20,0.006455014083292307,0.004398294605078487,0.006318459141660408,0.004334548200947921
2006-03-21,-0.03203078890342296,-0.02132192438373944,-0.03207630721730026,-0.021343173185116294
2006-03-22,0.007032875664964298,0.004720708191137544,0.0069873573510869985,0.004699459389760689
2006-03-23,-0.008999642119718602,-0.005967636998651056,-0.009045160433595902,-0.005988885800027911
2006-03-24,0.015070806800489939,0.010079139418869162,0.015025288486612639,0.010057890617492309
2006-03-27,-5.715170688967475e-05,5.741924558219618e-05,-0.00019370664852157415,-6.3271585483693616e-06
2006-03-28,-0.012606864002739178,-0.008373020117034346,-0.012652382316616478,-0.008394268918411201
2006-03-29,0.0566167467782716,0.0377762432274903,0.05657122846439431,0.03775499442611344
2006-03-30,0.009044205447545523,0.006061026183155456,0.008998687133668222,0.006039777381778601
2006-03-31,-0.008821462690478519,-0.005849513980185115,-0.008866981004355817,-0.0058707627815619695
2006-04-03,0.002797280149582908,0.0019598053159388877,0.002660725207951009,0.001896058911808322
2006-04-04,0.016172448528235437,0.010813567237366165,0.01612693021435814,0.01079231843598931
2006-04-05,0.028165930508346454,0.018809316652992875,0.028120412194469153,0.01878806785161602
2006-04-06,0.008187508643366039,0.005490273980786564,0.008141990329488738,0.005469025179409709
2006-04-07,-0.029047468900517244,-0.019332949619582925,-0.029092987214394544,-0.01935419842095978
2006-04-10,-0.005043986157871802,-0.0032662841950971675,-0.005180541099503702,-0.0033300305992277333
2006-04-11,-0.024401318006715366,-0.01623532615140234,-0.024446836320592667,-0.016256574952779195
2006-04-12,0.0004516604658302332,0.00033332616362806113,0.0004061421519529334,0.00031207736225120593
2006-04-13,0.011899327114053532,0.00796510392911026,0.011853808800176233,0.007943855127733405
2006-04-17,-0.03240851938621797,-0.021476802845180356,-0.032590592641727166,-0.021561798050687777
2006-04-18,0.05734345440533719,0.03826147313479214,0.05729793609145989,0.038240224333415285
2006-04-19,0.013158589609458482,0.008804896604206336,0.013113071295581183,0.00878364780282948
2006-04-20,-0.010818125459821318,-0.007179580108646864,-0.010863643773698617,-0.007200828910023718
2006-04-21,-0.03555756223631592,-0.023672537959643265,-0.03560308055019322,-0.02369378676102012
2006-04-24,-0.0036586747755032994,-0.0023410371609207162,-0.003795229717135199,-0.002404783565051282
2006-04-25,-0.006703171732356473,-0.004435993235206742,-0.006748690046233774,-0.004457242036583597
2006-04-26,-0.0009837148809413098,-0.0006227375688189105,-0.0010292331948186097,-0.0006439863701957657
2006-04-27,0.028396712770683688,0.01896421419893109,0.028351194456806388,0.018942965397554235
2006-04-28,-0.02937455158215005,-0.019550056851845427,-0.02942006989602735,-0.019571305653222282
2006-05-01,-0.030194138204941132,-0.02003077729330763,-0.030330693146573034,-0.020094523697438197
2006-05-02,0.0076922983427208744,0.005161555722724482,0.007646780028843575,0.0051403069213476265
2006-05-03,-0.004601811562366066,-0.003034612377441138,-0.0046473298762433665,-0.0030558611788179934
2006-05-04,0.024312831718211476,0.016241911306384884,0.024267313404334176,0.01622066250500803
2006-05-05,0.023397275044975786,0.015631350535530688,0.02335175673109849,0.015610101734153833
2006-05-08,0.0020348209491968263,0.0014566177821962467,0.0018982660075649268,0.0013928713780656811
2006-05-09,-0.011649210225930084,-0.007732309099717748,-0.011694728539807383,-0.007753557901094603
2006-05-10,-0.026677136150578457,-0.017750831523591686,-0.026722654464455757,-0.01777208032496854
2006-05-11,-0.06722963142740875,-0.044785828374811876,-0.06727514974128605,-0.04480707717618873
2006-05-12,-0.040771232883372824,-0.02714746509467132,-0.040816751197250124,-0.027168713896048174
2006-05-15,-0.003053624711810614,-0.0019351103008273735,-0.0031901796534425132,-0.001998856704957939
2006-05-16,-0.022684809926650222,-0.015089470421235667,-0.022730328240527523,-0.015110719222612522
2006-05-17,-0.04091261369192761,-0.027241624132081563,-0.04095813200580491,-0.02726287293345842
2006-05-18,-0.020872942989041715,-0.013881843663490963,-0.020918461302919012,-0.013903092464867818
2006-05-19,0.022777723659866685,0.015218600769114637,0.02273220534598939,0.015197351967737782
2006-05-22,-0.029783022363789078,-0.01975527775979435,-0.029919577305420976,-0.019819024163924916
2006-05-23,-0.029525806421257513,-0.019650419284968162,-0.02957132473513481,-0.019671668086345018
2006-05-24,0.01993980550480563,0.01332675017221921,0.01989428719092833,0.013305501370842354
2006-05-25,0.03911170231983758,0.026107825040802283,0.03906618400596028,0.026086576239425428
2006-05-26,0.009637188610829175,0.006458149234796682,0.009591670296951876,0.006436900433419827
2006-05-30,-0.06566051363091259,-0.04363948974454657,-0.06584258688642179,-0.04372448495005399
2006-05-31,0.013702720932500728,0.009168693790682608,0.013657202618623427,0.009147444989305753
2006-06-01,0.07082438004682587,0.047249989561081736,0.07077886173294858,0.04722874075970488
2006-06-02,-0.007820922144307215,-0.005180496433667962,-0.007866440458184513,-0.005201745235044818
2006-06-05,-0.06589590889630459,-0.04383081993846101,-0.0660324638379365,-0.043894566342591576
2006-06-06,-0.0025957715812127274,-0.0016968730404617193,-0.002641289895090027,-0.0017181218418385743
2006-06-07,-0.02272267326707492,-0.015114712648185466,-0.02276819158095222,-0.015135961449562321
2006-06-08,-0.0049523201307264215,-0.003267810557286466,-0.004997838444603722,-0.0032890593586633213
2006-06-09,-0.019804312146566423,-0.013169138567846466,-0.019849830460443724,-0.013190387369223322
2006-06-12,-0.05979861177008366,-0.03976424802734885,-0.05993516671171556,-0.03982799443147941
2006-06-13,-0.01231079416531404,-0.008172795831136876,-0.01235631247919134,-0.008194044632513732
2006-06-14,0.03033079473319973,0.02025455059633961,0.03028527641932243,0.020233301794962757
2006-06-15,0.08104314713620193,0.054062785531674415,0.08099762882232463,0.05404153673029756
2006-06-16,-0.022331544217556672,-0.014854149642688991,-0.022377062531433973,-0.014875398444065846
2006-06-19,-0.025077795021667154,-0.016617036861737843,-0.025214349963299056,-0.016680783265868408
2006-06-20,0.00366668976933846,0.0024788601252981246,0.0036211714554611604,0.0024576113239212693
2006-06-21,0.0469936968342484,0.0313634366184051,0.0469481785203711,0.031342187817028244
2006-06-22,-0.038279688511037455,-0.025485581823762784,-0.038325206824914755,-0.02550683062513964
2006-06-23,-0.0034171188303432558,-0.0022438687032999833,-0.003462637144220556,-0.002265117504676838
2006-06-26,0.007026001916751231,0.004788056153961949,0.006889446975119331,0.004724309749831383
2006-06-27,-0.05675406433427504,-0.037800693508303174,-0.05679958264815234,-0.03782194230968003
2006-06-28,0.022099737429498417,0.014768602604482553,0.022054219115621117,0.014747353803105698
2006-06-29,0.09096415107445911,0.06067783198253321,0.0909186327605818,0.060656583181156354
2006-06-30,-0.014911128309528376,-0.009905687606791794,-0.014956646623405677,-0.009926936408168649
2006-07-03,0.016954076271815076,0.011407626560725172,0.016817521330183174,0.011343880156594606
2006-07-05,-0.06595310893329547,-0.043897091059858444,-0.06604414556105007,-0.043939588662612154
2006-07-06,-0.003428342374894276,-0.0022504969837023932,-0.003473860688771576,-0.0022717457850792485
2006-07-07,-0.0333438060178128,-0.02219423432981461,-0.033389324331690104,-0.022215483131191465
2006-07-10,-0.027110934956708795,-0.01796847807204891,-0.027247489898340693,-0.018032224476179477
2006-07-11,0.022199226731467837,0.014835023747592413,0.022153708417590536,0.014813774946215557
2006-07-12,-0.05687067713023639,-0.03787834043534065,-0.05691619544411369,-0.037899589236717504
2006-07-13,-0.05065027877119526,-0.033731313254182986,-0.05069579708507256,-0.03375256205555984
2006-07-14,-0.030853089513900787,-0.02053328202445025,-0.030898607827778087,-0.020554530825827106
2006-07-17,0.006660480716127709,0.004546938257260037,0.006523925774495809,0.004483191853129472
2006-07-18,0.009704287058829768,0.006505538747733679,0.00965876874495247,0.0064842899463568235
2006-07-19,0.03871766431342215,0.025847980197589417,0.03867214599954485,0.02582673139621256
2006-07-20,-0.04452598299031873,-0.02964797461836532,-0.04457150130419603,-0.029669223419742177
2006-07-21,-0.0318809852833757,-0.021218261030794158,-0.031926503597253,-0.021239509832171013
2006-07-24,0.05880622268265621,0.03931162079861194,0.058669667741024306,0.03924787439448137
2006-07-25,0.017018062641753137,0.011381294170245963,0.016972544327875837,0.011360045368869108
2006-07-26,-0.0027459779916682503,-0.0017944480058041806,-0.00279149630554555,-0.0018156968071810357
2006-07-27,-0.01996470431348233,-0.01327378883380772,-0.02001022262735963,-0.013295037635184576
2006-07-28,0.06243774280665944,0.041661080946850164,0.06239222449278214,0.04163983214547331
2006-07-31,-0.0016618880095563592,-0.001001022719890346,-0.0017984429511882585,-0.0010647691240209113
2006-08-01,-0.05042105312301226,-0.03357811633959764,-0.05046657143688956,-0.033599365140974495
2006-08-02,0.033430370291851114,0.0223230225407136,0.03338485197797381,0.022301773739336745
2006-08-03,0.018418467510959238,0.012314897416383364,0.018372949197081937,0.012293648615006508
2006-08-04,-0.01402760234735953,-0.00931572085639252,-0.014073120661236829,-0.009336969657769376
2006-08-07,-0.02034202194913059,-0.013453875622579261,-0.02047857689076249,-0.013517622026709827
2006-08-08,-0.019083359252308883,-0.012686130488726396,-0.019128877566186184,-0.012707379290103252
2006-08-09,0.0038264277864628374,0.0025868709333857634,0.003780909472585538,0.002565622132008908
2006-08-10,0.021066251841709578,0.014079802101077683,0.02102073352783228,0.014058553299700828
2006-08-11,-0.021483215241408185,-0.014286699176121848,-0.021528733555285486,-0.014307947977498703
2006-08-14,0.01885714731677754,0.012678334164332254,0.01872059237514564,0.012614587760201688
2006-08-15,0.07558718356815382,0.05042756472491541,0.07554166525427651,0.05040631592353855
2006-08-16,0.07053645440564323,0.04706022201283936,0.07049093609176593,0.047038973211462505
2006-08-17,0.01059894939346298,0.007101600468913285,0.01055343107958568,0.00708035166753643
2006-08-18,0.00436337186387277,0.00294473869041778,0.00431785354999547,0.0029234898890409247
2006-08-21,-0.029475433847628785,-0.019542532004520906,-0.029611988789260683,-0.01960627840865147
2006-08-22,0.0004946065542820681,0.00036575174470187866,0.0004490882404047684,0.0003445029433250235
2006-08-23,-0.022925219666613764,-0.015247560701998637,-0.022970737980491065,-0.015268809503375492
2006-08-24,0.008367690493729171,0.00561428444365538,0.00832217217985187,0.005593035642278525
2006-08-25,0.005204459062680571,0.0035054634896229796,0.00515894074880327,0.003484214688246125
2006-08-28,0.021842997788786303,0.014670040651399036,0.0217064428471544,0.01460629424726847
2006-08-29,0.009036885813982936,0.006060509618399163,0.008991367500105638,0.006039260817022308
2006-08-30,0.013657676245816581,0.009140751703815684,0.01361215793193928,0.009119502902438828
2006-08-31,-0.003367774689158584,-0.0022097388079554475,-0.003413293003035884,-0.0022309876093323023
2006-09-01,0.015926970835206417,0.010653424874954553,0.015881452521329116,0.010632176073577698
2006-09-05,0.028044034538545478,0.018836661113372916,0.027861961283036276,0.018751665907865495
2006-09-06,-0.060341894681162404,-0.04019296010538101,-0.060387412995039705,-0.040214208906757865
2006-09-07,-0.014242936795483623,-0.009460606238279818,-0.014288455109360923,-0.009481855039656673
2006-09-08,0.017648336768885876,0.011800242804633182,0.017602818455008575,0.011778994003256327
2006-09-11,0.01776537299628389,0.011946498184241079,0.01762881805465199,0.011882751780110513
2006-09-12,0.05516439042266826,0.036810660560851326,0.05511887210879096,0.03678941175947447
2006-09-13,0.020136999576495045,0.013458782027470218,0.020091481262617745,0.013437533226093363
2006-09-14,0.002727174691922045,0.0018523269782102169,0.002681656378044745,0.0018310781768333616
2006-09-15,0.010457711369382306,0.007006302747016397,0.010412193055505005,0.006985053945639542
2006-09-18,-8.732039395113771e-05,4.555658595356472e-05,-0.00022387533558303711,-1.818981817700077e-05
2006-09-19,-0.020467565648944197,-0.013610548598534604,-0.020513083962821498,-0.01363179739991146
2006-09-20,0.043387036853910606,0.028959186403368597,0.043341518540033305,0.02893793760199174
2006-09-21,-0.01882798168855914,-0.012517587513300276,-0.01887350000243644,-0.012538836314677131
2006-09-22,-0.023420587771758056,-0.015579514664243184,-0.023466106085635357,-0.01560076346562004
2006-09-25,0.05183982074051758,0.03466279668039688,0.051703265798885685,0.034599050276266315
2006-09-26,0.014516256419260843,0.009711430189634516,0.014470738105383544,0.009690181388257661
2006-09-27,-0.003954790434036555,-0.0026026010458970825,-0.004000308747913855,-0.002623849847273938
2006-09-28,0.007830419392910144,0.005254205505400717,0.007784901079032844,0.005232956704023861
2006-09-29,-0.013497697456300585,-0.008964633919964748,-0.013543215770177884,-0.008985882721341603
2006-10-02,-0.038464481507347395,-0.025540925348945562,-0.03860103644897929,-0.025604671753076125
2006-10-03,0.012432307662174645,0.008322131018243717,0.012386789348297346,0.008300882216866862
2006-10-04,0.07340378431598134,0.04896997185379442,0.07335826600210403,0.04894872305241756
2006-10-05,0.014251246956722797,0.009535136700054693,0.014205728642845496,0.009513887898677837
2006-10-06,-0.00678218831785794,-0.004487058599499475,-0.00682770663173524,-0.00450830740087633
2006-10-09,0.009308320030344612,0.0063090321891809895,0.009171765088712713,0.006245285785050424
2006-10-10,0.004776387679771804,0.0032187536206093968,0.004730869365894504,0.003197504819232542
2006-10-11,-0.006046608867474908,-0.003996102896256009,-0.006092127181352208,-0.004017351697632864
2006-10-12,0.047382834745973164,0.03162371601923443,0.04733731643209586,0.031602467217857574
2006-10-13,0.01606725700913284,0.010747043932702413,0.016021738695255538,0.010725795131325558
2006-10-16,0.0019781194044729473,0.0014250792240994572,0.0018415644628410474,0.0013613328199688917
2006-10-17,-0.03348558779180313,-0.02228790108003282,-0.03353110610568043,-0.022309149881409675
2006-10-18,-0.014573494434891329,-0.00967983884209162,-0.01461901274876863,-0.009701087643468475
2006-10-19,0.006894409507895971,0.00463209711976658,0.00684889119401867,0.004610848318389725
2006-10-20,0.006872865511924338,0.004617829417026763,0.006827347198047037,0.004596580615649908
2006-10-23,0.029857466167075714,0.020012449788224942,0.029720911225443812,0.019948703384094376
2006-10-24,-0.020792610055450883,-0.013825631024154397,-0.020838128369328184,-0.013846879825531252
2006-10-25,0.020358482131543048,0.013608525409670018,0.020312963817665747,0.013587276608293163
2006-10-26,0.02728662793858492,0.018227194305202803,0.02724110962470762,0.018205945503825947
2006-10-27,-0.04302516829697918,-0.028647336518506598,-0.04307068661085648,-0.028668585319883453
2006-10-30,0.018331184308680505,0.012328831664661836,0.018194629367048604,0.01226508526053127
2006-10-31,0.006775750777009938,0.004553086260417163,0.006730232463132637,0.004531837459040308
2006-11-01,-0.0411492478186493,-0.027397102720976556,-0.0411947661325266,-0.02741835152235341
2006-11-02,0.0025723184286339804,0.0017505131590272846,0.0025268001147566808,0.0017292643576504296
2006-11-03,-0.00813467151354772,-0.005387480135760515,-0.00818018982742502,-0.00540872893713737
2006-11-06,0.04278776921182971,0.02863265181806094,0.04265121427019781,0.028568905413930375
2006-11-07,0.02016599295464067,0.01347981941759638,0.02012047464076337,0.013458570616219525
2006-11-08,0.013721861598357104,0.009183636890361046,0.013676343284479803,0.00916238808898419
2006-11-09,-0.014228026837113463,-0.009449432148998438,-0.014273545150990762,-0.009470680950375293
2006-11-10,0.01372129186007937,0.009183352021222179,0.01367577354620207,0.009162103219845324
2006-11-13,0.02981876905241771,0.01998693659551009,0.029682214110785813,0.019923190191379527
2006-11-14,0.031461006160409075,0.02100982822144198,0.031415487846531774,0.020988579420065125
2006-11-15,0.012007043861607272,0.00804052002224078,0.011961525547729971,0.008019271220863924
2006-11-16,0.012635856407966072,0.00845972838647998,0.012590338094088771,0.008438479585103124
2006-11-17,-0.00028562961852244607,-0.00015459563117903123,-0.00033114793239974585,-0.0001758444325558864
2006-11-20,0.0052382645020865115,0.0035996486782321393,0.005101709560454612,0.0035359022741015735
2006-11-21,0.003769734893481703,0.002548885753777446,0.0037242165796044033,0.002527636952400591
2006-11-22,0.018613347612643875,0.012444532615033883,0.01856782929876658,0.012423283813657027
2006-11-24,-0.005932797251186468,-0.003884309531157095,-0.0060238338789410685,-0.003926807133910805
2006-11-27,-0.06870890710542345,-0.045699889926641736,-0.06884546204705534,-0.0457636363307723
2006-11-28,0.008652513117119516,0.0058037863962299525,0.008606994803242217,0.005782537594853097
2006-11-29,0.02028021193350195,0.01355549067021482,0.020234693619624648,0.013534241868837964
2006-11-30,-0.0023245962882748467,-0.001514381477636379,-0.0023701146021521463,-0.0015356302790132342
2006-12-01,-0.02616838539792751,-0.01741033581614846,-0.02621390371180481,-0.017431584617525316
2006-12-04,0.040381425173519975,0.027026713463089623,0.04024487023188808,0.026962967058959057
2006-12-05,0.010564176928489424,0.007077849218553407,0.010518658614612124,0.007056600417176552
2006-12-06,-0.011086117750925883,-0.007355870397864897,-0.011131636064803182,-0.007377119199241752
2006-12-07,-0.038237551092875285,-0.0254568259591645,-0.038283069406752586,-0.025478074760541355
2006-12-08,0.01345023197233573,0.00900160117652586,0.013404713658458429,0.008980352375149004
2006-12-11,0.010096889019004431,0.006835314222130749,0.009960334077372531,0.006771567818000183
2006-12-12,-0.01797936924073974,-0.011951845881420675,-0.01802488755461704,-0.01197309468279753
2006-12-13,0.00520294667819616,0.0035030313978699247,0.00515742836431886,0.0034817825964930695
2006-12-14,0.033220859800047006,0.022181735034126196,0.033175341486169706,0.02216048623274934
2006-12-15,0.007440997775877687,0.004995255244558789,0.0073954794620003875,0.004974006443181933
2006-12-18,-0.03053876358232457,-0.020256544170763148,-0.03067531852395647,-0.020320290574893714
2006-12-19,-0.009826442824618023,-0.006516276924369417,-0.009871961138495323,-0.006537525725746272
2006-12-20,-0.011224011422351523,-0.0074479893228584166,-0.011269529736228823,-0.007469238124235272
2006-12-21,-0.021566244983536025,-0.014342811696981417,-0.021611763297413326,-0.014364060498358273
2006-12-22,-0.031397201451886625,-0.02089678267588182,-0.03144271976576392,-0.02091803147725867
2006-12-26,0.01145703775837067,0.007777524249923214,0.011274964502861471,0.007692529044415793
2006-12-27,0.015028897164779093,0.01005423445857999,0.014983378850901792,0.010032985657203135
2006-12-28,-0.01481759318009927,-0.00984361559176414,-0.01486311149397657,-0.009864864393140995
2006-12-29,0.002501504574107392,0.0017026393981321906,0.0024559862602300925,0.0016813905967553355
2007-01-03,0.004153126333143343,0.0029445484983571437,0.003925534763756844,0.002838304491472868
2007-01-04,0.05660884806415092,0.03777467636091755,0.05656332975027362,0.0377534275595407
2007-01-05,-0.014582858247970046,-0.00968655611743318,-0.014628376561847347,-0.009707804918810035
2007-01-08,0.001203470494532147,0.0009086466174722572,0.0010669155529002474,0.0008449002133416916
2007-01-09,0.014755688674062403,0.009872854940831245,0.014710170360185102,0.00985160613945439
2007-01-10,0.035089471317670005,0.023428710036569645,0.035043953003792705,0.02340746123519279
2007-01-11,0.03064137199834047,0.02046340544672958,0.03059585368446317,0.020442156645352726
2007-01-12,0.015020130465625666,0.010049434352264278,0.014974612151748367,0.010028185550887423
2007-01-16,-0.0031286917281949187,-0.001942498027452881,-0.0033107649837041176,-0.002027493232960302
2007-01-17,-0.02480080656190063,-0.01649785699941992,-0.02484632487577793,-0.016519105800796775
2007-01-18,-0.055732119721794385,-0.03711863746838339,-0.055777638035671685,-0.037139886269760246
2007-01-19,0.005838356096818717,0.003928346410692003,0.005792837782941418,0.003907097609315148
2007-01-22,-0.033466816733810946,-0.022202314247875186,-0.03360337167544285,-0.022266060652005752
2007-01-23,-0.00784282234492725,-0.00519234424131018,-0.00788834065880455,-0.005213593042687035
2007-01-24,0.04927659282564042,0.032887360853093205,0.04923107451176312,0.03286611205171635
2007-01-25,-0.03888920353494225,-0.02588993170132018,-0.03893472184881955,-0.025911180502697036
2007-01-26,-0.01126525914040638,-0.0074738737909379955,-0.011310777454283681,-0.007495122592314851
2007-01-29,0.0018913894370662496,0.0013695382573014584,0.0017548344954343503,0.0013057918531708928
2007-01-30,0.0010873557855430192,0.000761202826361604,0.0010418374716657194,0.0007399540249847489
2007-01-31,0.029967494448628045,0.020014533621060017,0.029921976134750745,0.01999328481968316
2007-02-01,-0.005051737347979283,-0.0033317158858399967,-0.005097255661856583,-0.003352964687216852
2007-02-02,0.01061998736770635,0.00711619556711222,0.01057446905382905,0.007094946765735364
2007-02-05,-0.0035828335757000424,-0.0022796588091345874,-0.0037193885173319417,-0.002343405213265153
2007-02-06,-0.004368234507302411,-0.002875762383313561,-0.004413752821179711,-0.0028970111846904163
2007-02-07,0.026946557694545514,0.018000670765696603,0.026901039380668217,0.017979421964319748
2007-02-08,-0.0009639642287766113,-0.0006062488642963611,-0.0010094825426539109,-0.0006274976656732163
2007-02-09,-0.03875944570372989,-0.0258031415238462,-0.03880496401760719,-0.025824390325223056
2007-02-12,-0.012490539035322934,-0.008217844158884484,-0.012627093976954834,-0.00828159056301505
2007-02-13,0.010004504568352255,0.006706253652825172,0.009958986254474955,0.006685004851448317
2007-02-14,0.05032549573921911,0.0335868194381198,0.05027997742534181,0.033565570636742946
2007-02-15,0.017200386833447986,0.011503318510520038,0.017154868519570685,0.011482069709143183
2007-02-16,-0.010320404976180088,-0.006843781038812999,-0.010365923290057387,-0.006865029840189854
2007-02-20,0.021653883762828223,0.01458225827091349,0.02147181050731902,0.01449726306540607
2007-02-21,0.009031345106393668,0.006057575678334029,0.008985826792516369,0.006036326876957173
2007-02-22,0.014978859399943556,0.010022490207219372,0.014933341086066256,0.010001241405842517
2007-02-23,-0.010858814112154532,-0.007202530467364771,-0.01090433242603183,-0.007223779268741627
2007-02-26,-0.015454426270310196,-0.010192914024658715,-0.015590981211942096,-0.010256660428789281
2007-02-27,-0.12351289961023533,-0.08230525413275197,-0.12355841792411262,-0.08232650293412883
2007-02-28,0.009434365797787718,0.006325686211338003,0.00938884748391042,0.006304437409961148
2007-03-01,-0.01413573263242698,-0.009387522785618397,-0.014181250946304281,-0.009408771586995253
2007-03-02,-0.04549877861959305,-0.03029631509108738,-0.04554429693347035,-0.030317563892464237
2007-03-05,-0.024165598408400196,-0.016002356813391964,-0.024302153350032097,-0.01606610321752253
2007-03-06,0.04953755740791434,0.03306095734768676,0.04949203909403704,0.03303970854630991
2007-03-07,-0.01219074488694128,-0.008091054245147996,-0.01223626320081858,-0.008112303046524851
2007-03-08,0.020096689442585237,0.013433712037467363,0.020051171128707936,0.013412463236090508
2007-03-09,-0.003075536586940697,-0.0020146285665041536,-0.0031210549008179964,-0.002035877367881009
2007-03-12,0.01870926080095341,0.012580312877476739,0.018572705859321508,0.012516566473346173
2007-03-13,-0.05860712614539542,-0.039035593315761015,-0.05865264445927272,-0.03905684211713787
2007-03-14,0.043615238643571586,0.029112459968985684,0.043569720329694285,0.02909121116760883
2007-03-15,-0.007261423395706385,-0.004805504612320648,-0.007306941709583684,-0.004826753413697503
2007-03-16,-0.0025928389826917466,-0.001693209940580979,-0.0026383572965690463,-0.0017144587419578342
2007-03-19,0.02997257124868048,0.020087477513196624,0.029836016307048577,0.020023731109066058
2007-03-20,0.021210827448484838,0.014176090892270413,0.021165309134607537,0.014154842090893557
2007-03-21,0.05753874640495512,0.038394608588120355,0.05749322809107782,0.0383733597867435
2007-03-22,-0.011086459934061146,-0.007355623908160578,-0.011131978247938447,-0.007376872709537434
2007-03-23,-0.009773714872994884,-0.006480365597179648,-0.009819233186872183,-0.006501614398556503
2007-03-26,0.01138546270845624,0.0076972110921180534,0.011248907766824343,0.0076334646879874886
2007-03-27,-0.021275888689889364,-0.014148386533312388,-0.021321407003766665,-0.014169635334689243
2007-03-28,-0.032338247430755966,-0.02152329236055679,-0.03238376574463327,-0.021544541161933644
2007-03-29,0.0031640938566406154,0.0021448402225773522,0.0031185755427633154,0.0021235914212004974
2007-03-30,-0.003035855239624347,-0.001988554111869379,-0.0030813735535016465,-0.002009802913246234
2007-04-02,0.003288609681794079,0.002298169801939023,0.00315205474016218,0.0022344233978084578
2007-04-03,0.03894490285238716,0.02599861794947162,0.03889938453850986,0.025977369148094766
2007-04-04,0.011945973841378053,0.00799933194213222,0.011900455527500752,0.007978083140755364
2007-04-05,0.014601625737955615,0.009769861476787352,0.014556107424078316,0.009748612675410497
2007-04-09,-0.008534889655135828,-0.005548908640211036,-0.008716962910645028,-0.005633903845718457
2007-04-10,0.015242644666245668,0.010196922632749428,0.015197126352368369,0.010175673831372573
2007-04-11,-0.03184094537369393,-0.021192137393876972,-0.03188646368757123,-0.021213386195253828
2007-04-12,0.023468730254172294,0.015681074618584742,0.023423211940294994,0.015659825817207887
2007-04-13,0.005777248519685469,0.0038866585350426286,0.005731730205808168,0.0038654097336657737
2007-04-16,0.02670518783778877,0.01790865235720722,0.026568632896156873,0.017844905953076657
2007-04-17,0.006375502521779024,0.004285399614079807,0.006329984207901725,0.004264150812702951
2007-04-18,-0.010244590091223008,-0.006794757045421409,-0.010290108405100308,-0.006816005846798264
2007-04-19,0.009051405982869418,0.0060691454246653035,0.00900588766899212,0.006047896623288448
2007-04-20,0.01633200984843763,0.01092278642726046,0.01628649153456033,0.010901537625883605
2007-04-23,0.003787938811322193,0.00262963212578758,0.0036513838696902935,0.0025658857216570145
2007-04-24,0.01489520451423883,0.00996491620446126,0.01484968620036153,0.009943667403084404
2007-04-25,0.03976482662075358,0.02654456937254498,0.03971930830687628,0.02652332057116813
2007-04-26,0.015268933795887387,0.010213879257898587,0.015223415482010087,0.010192630456521731
2007-04-27,0.0010116195198003044,0.0007089081806283966,0.0009661012059230047,0.0006876593792515415
2007-04-30,-0.040126804539475626,-0.026648002189099625,-0.04026335948110753,-0.02671174859323019
2007-05-01,-0.002887019016657655,-0.0018904688275095832,-0.002932537330534955,-0.0019117176288864384
2007-05-02,0.03239054338110604,0.021627621497531314,0.03234502506722874,0.02160637269615446
2007-05-03,0.010712278626762536,0.007175539858714813,0.010666760312885236,0.007154291057337957
2007-05-04,0.002301810028659645,0.0015684659292337169,0.0022562917147823454,0.0015472171278568616
2007-05-07,-0.0008227211768117144,-0.00044670305415928183,-0.0009592761184436139,-0.0005104494582898473
2007-05-08,0.006158789027480336,0.004139880125860013,0.0061132707136030365,0.0041186313244831576
2007-05-09,0.006145304953744844,0.004130795879290517,0.006099786639867545,0.0041095470779136615
2007-05-10,-0.04127154759925082,-0.027480628869636068,-0.04131706591312812,-0.027501877671012923
2007-05-11,0.038045513235582674,0.02539731683740188,0.037999994921705374,0.025376068036025025
2007-05-14,-0.021338025232692383,-0.014124426114087957,-0.021474580174324284,-0.014188172518218523
2007-05-15,-0.023518121587820028,-0.015645106378199918,-0.02356363990169733,-0.015666355179576777
2007-05-16,0.02901277730488177,0.01937520836416508,0.02896725899100447,0.019353959562788226
2007-05-17,-0.014444289340473527,-0.00959692790444292,-0.014489807654350827,-0.009618176705819775
2007-05-18,0.02433681282695609,0.01625770905685089,0.024291294513078793,0.016236460255474035
2007-05-21,0.018454117045255125,0.012402815179568446,0.018317562103623227,0.01233906877543788
2007-05-22,0.002279079448956045,0.001553312209431317,0.0022335611350787453,0.0015320634080544617
2007-05-23,-0.014303575921815656,-0.009501506764281584,-0.014349094235692954,-0.00952275556565844
2007-05-24,-0.04319574769688797,-0.02876314435705219,-0.043241266010765264,-0.028784393158429043
2007-05-25,0.018573435196187635,0.012416310904998212,0.018527916882310334,0.012395062103621356
2007-05-29,0.02215417692679376,0.014904775488138408,0.021972103671284562,0.01481978028263099
2007-05-30,0.024081089344612845,0.016087985473202514,0.024035571030735545,0.01606673667182566
2007-05-31,0.013714613803121986,0.009176527531284836,0.013669095489244686,0.00915527872990798
2007-06-01,0.0016313010280067568,0.001119942763448373,0.001585782714129457,0.0010986939620715177
2007-06-04,0.00804940560048766,0.005465203009088914,0.007912850658855762,0.005401456604958349
2007-06-05,-0.0002696879647878236,-0.00014662480431172,-0.0003152062786651234,-0.00016787360568857517
2007-06-06,-0.032428484488747716,-0.021585632831587917,-0.03247400280262502,-0.021606881632964772
2007-06-07,-0.04679461969476681,-0.03116334077803591,-0.04684013800864411,-0.031184589579412766
2007-06-08,0.036631514340912996,0.02445408191241729,0.036585996027035696,0.024432833111040435
2007-06-11,-0.006556464644043521,-0.004272612670269627,-0.006693019585675421,-0.004336359074400193
2007-06-12,-0.018208330359432045,-0.012106478161510828,-0.018253848673309345,-0.012127726962887683
2007-06-13,0.03261142679608064,0.02177326516055571,0.03256590848220334,0.021752016359178856
2007-06-14,0.019504426602570697,0.013034696443689693,0.019458908288693396,0.013013447642312838
2007-06-15,0.027442728575769734,0.018326803011474362,0.027397210261892433,0.018305554210097507
2007-06-18,-0.00013902485858816868,-2.888895956007915e-07,-0.0002755798002200681,-6.403529372616633e-05
2007-06-19,-0.0008872850918092779,-0.0005599675097477444,-0.0009328034056865776,-0.0005812163111245996
2007-06-20,-0.028526372204859166,-0.01898593084227824,-0.028571890518736466,-0.019007179643655094
2007-06-21,0.026999663615749382,0.018032279275066933,0.02695414530187208,0.018011030473690078
2007-06-22,-0.028541345596853906,-0.018995439316741258,-0.028586863910731206,-0.019016688118118113
2007-06-25,-0.013480727628201506,-0.00889020986262847,-0.013617282569833406,-0.008953956266759036
2007-06-26,-0.01746995165519717,-0.011613372439328539,-0.01751546996907447,-0.011634621240705394
2007-06-27,0.045862446138635236,0.03060822608989306,0.04581692782475794,0.030586977288516205
2007-06-28,-0.001529414495125074,-0.0009868217437191424,-0.0015749328090023738,-0.0010080705450959977
2007-06-29,0.004782720157933027,0.003221268024986258,0.004737201844055726,0.003200019223609403
2007-07-02,0.026291883371465975,0.017627423764284476,0.026155328429834077,0.01756367736015391
2007-07-03,0.017212083411930357,0.011509122553692724,0.017166565098053057,0.011487873752315868
2007-07-05,0.02118065074222902,0.01418923438629765,0.02108961411447442,0.01414673678354394
2007-07-06,0.01205410525573416,0.008070470449561924,0.01200858694185686,0.008049221648185069
2007-07-09,0.0010096457482513792,0.0007762980027183732,0.00087309080661948,0.0007125515985878078
2007-07-10,-0.025435847015227716,-0.016922641282844812,-0.025481365329105013,-0.016943890084221667
2007-07-11,0.020144259600931257,0.013463906679693324,0.020098741287053957,0.013442657878316468
2007-07-12,0.04581893132159316,0.030580354493467923,0.04577341300771586,0.030559105692091068
2007-07-13,0.020303524012015583,0.013570272735317386,0.020258005698138286,0.013549023933940531
2007-07-16,-0.0038405992367385377,-0.0024566293092380355,-0.003977154178370437,-0.0025203757133686008
2007-07-17,0.022589724644577473,0.015094501388427582,0.022544206330700173,0.015073252587050726
2007-07-18,-0.003860906688994196,-0.0025394426252346035,-0.003906425002871496,-0.0025606914266114583
2007-07-19,0.008690518678072806,0.005828174286143397,0.008645000364195505,0.005806925484766542
2007-07-20,-0.016375251821165226,-0.010882149588734218,-0.016420770135042527,-0.010903398390111074
2007-07-23,0.0003648365254862622,0.0003469945322451647,0.0002282815838543628,0.0002832481281145992
2007-07-24,-0.04461944745547297,-0.029711233704088194,-0.044664965769350265,-0.029732482505465046
2007-07-25,0.003975522141304124,0.002685412693763207,0.003930003827426825,0.0026641638923863517
2007-07-26,-0.025785987056955468,-0.01715587817633494,-0.02583150537083277,-0.017177126977711794
2007-07-27,-0.060912135968486054,-0.04057397500251718,-0.060957654282363355,-0.040595223803894034
2007-07-30,0.03419160398438978,0.022895042163306227,0.034055049042757884,0.02283129575917566
2007-07-31,-0.06330576405685921,-0.0421693475371446,-0.0633512823707365,-0.04219059633852146
2007-08-01,0.023077524830373303,0.015419511721010396,0.023032006516496003,0.01539826291963354
2007-08-02,0.027283648048467515,0.01822292974988065,0.027238129734590215,0.018201680948503794
2007-08-03,-0.05736860379199328,-0.03821190481042654,-0.05741412210587058,-0.0382331536118034
2007-08-06,0.03397879743926078,0.022753171133220226,0.033842242497628884,0.02268942472908966
2007-08-07,0.02098916965661368,0.014026515967606934,0.020943651342736378,0.014005267166230078
2007-08-08,0.0326363975872474,0.021791903787071094,0.0325908792733701,0.02177065498569424
2007-08-09,-0.06968706076024285,-0.04642364022775607,-0.06973257907412014,-0.04644488902913293
2007-08-10,-0.027308132456024613,-0.01817234928554111,-0.027353650769901913,-0.018193598086917964
2007-08-13,0.019536074368684486,0.013116728040848376,0.019399519427052588,0.01305298163671781
2007-08-14,-0.051315591167447515,-0.03417789058039766,-0.051361109481324815,-0.03419913938177452
2007-08-15,-0.05732370350695247,-0.038184246453176536,-0.05736922182082977,-0.03820549525455339
2007-08-16,-0.02964822395104492,-0.019737807038332167,-0.02969374226492222,-0.019759055839709022
2007-08-17,0.05655326404835693,0.03772597945754596,0.05650774573447963,0.037704730656169104
2007-08-20,0.013616999898873322,0.009148278191497744,0.013480444957241423,0.009084531787367178
2007-08-21,0.0314130230381884,0.020960072720524744,0.0313675047243111,0.02093882391914789
2007-08-22,0.04063104689661296,0.027109470603828924,0.04058552858273566,0.02708822180245207
2007-08-23,-0.008391178019750993,-0.005571352751494902,-0.008436696333628294,-0.005592601552871757
2007-08-24,0.042071151739247636,0.02807218160271626,0.042025633425370336,0.028050932801339405
2007-08-27,-0.020634181340719367,-0.0136722431627476,-0.020770736282351265,-0.013735989566878166
2007-08-28,-0.07168612584000762,-0.04775928941320451,-0.07173164415388492,-0.047780538214581364
2007-08-29,0.08576009060256344,0.05720277187104097,0.08571457228868613,0.05718152306966411
2007-08-30,0.015375942927807227,0.010276225456489457,0.015330424613929928,0.010254976655112602
2007-08-31,0.033302937767819576,0.022226233719271182,0.033257419453942276,0.022204984917894327
2007-09-04,0.04881907417871421,0.03264957012213548,0.048637000923205005,0.03256457491662806
2007-09-05,-0.03044327855796109,-0.020265478380574454,-0.03048879687183839,-0.02028672718195131
2007-09-06,-0.0026850607731635713,-0.0017610408570744912,-0.0027305790870408714,-0.0017822896584513465
2007-09-07,-0.055797200029186915,-0.03716970126583096,-0.055842718343064215,-0.037190950067207816
2007-09-10,-0.0025521816823594287,-0.0016223970159699307,-0.0026887366239913284,-0.0016861434201004962
2007-09-11,0.045212926502979575,0.03016735897773703,0.04516740818910228,0.030146110176360173
2007-09-12,0.00038105360343171894,0.000280766151889954,0.0003355352895544191,0.0002595173505130988
2007-09-13,0.014485888032335519,0.009683327766060202,0.014440369718458218,0.009662078964683346
2007-09-14,0.002209654852235005,0.001499550191386947,0.002164136538357705,0.0014783013900100917
2007-09-17,-0.025665143287450804,-0.017032738366652714,-0.025801698229082702,-0.01709648477078328
2007-09-18,0.0753642665207406,0.0502700472927958,0.0753187482068633,0.050248798491418945
2007-09-19,0.007568690527859453,0.005071673852654471,0.007523172213982153,0.005050425051277616
2007-09-20,-0.008594477396603852,-0.005704526879131081,-0.008639995710481152,-0.005725775680507936
2007-09-21,0.021145822585005216,0.014121018481978153,0.021100304271127916,0.014099769680601297
2007-09-24,0.013068472773746505,0.008782310473261836,0.012931917832114606,0.00871856406913127
2007-09-25,0.028247954647138467,0.018856433718695928,0.028202436333261166,0.018835184917319073
2007-09-26,0.0144711596792337,0.009671337558249943,0.014425641365356399,0.009650088756873088
2007-09-27,0.014987890589706836,0.01001525882339261,0.014942372275829535,0.009994010022015755
2007-09-28,-0.010097821270971863,-0.006708737714723037,-0.010143339584849163,-0.006729986516099892
2007-10-01,0.03378523999520547,0.02259575277047152,0.03364868505357357,0.022532006366340954
2007-10-02,0.00035476261114274823,0.00026163312603331865,0.0003092442972654484,0.00024038432465646345
2007-10-03,-0.020987581876435225,-0.013966313275206168,-0.021033100190312525,-0.013987562076583023
2007-10-04,0.006746332902915275,0.004522963244360832,0.006700814589037975,0.004501714442983977
2007-10-05,0.06062174758211745,0.04043981193996002,0.06057622926824015,0.04041856313858316
2007-10-08,0.018069782702346052,0.01212359563041536,0.017933227760714154,0.012059849226284794
2007-10-09,0.01275749077509972,0.008530685126350253,0.01271197246122242,0.008509436324973398
2007-10-10,0.007076842283269157,0.004744247335158223,0.0070313239693918575,0.004722998533781368
2007-10-11,-0.04788238119075272,-0.03189532945295001,-0.04792789950463002,-0.031916578254326866
2007-10-12,0.04933218567780759,0.03291494869769374,0.04928666736393029,0.03289369989631689
2007-10-15,-0.023687958430316267,-0.01570922911879525,-0.02382451337194817,-0.015772975522925815
2007-10-16,-0.01436060300685657,-0.009545208667793242,-0.014406121320733871,-0.009566457469170096
2007-10-17,0.03834701546223839,0.02559273077750534,0.03830149714836109,0.025571481976128484
2007-10-18,0.012658885318611653,0.00846513704648927,0.012613367004734354,0.008443888245112415
2007-10-19,-0.07496055559772533,-0.04995018331798151,-0.07500607391160262,-0.04997143211935837
2007-10-22,0.03539133909621863,0.02366733479891325,0.03525478415458673,0.023603588394782684
2007-10-23,0.06252171378817549,0.041706928244888496,0.062476195474298196,0.04168567944351164
2007-10-24,-0.022927041297984375,-0.015259097360704943,-0.022972559611861676,-0.015280346162081798
2007-10-25,-0.04038796444637122,-0.026900940052658317,-0.040433482760248524,-0.026922188854035172
2007-10-26,0.04954224316051117,0.03305338123984068,0.049496724846633866,0.033032132438463827
2007-10-29,0.011568594706049623,0.0077886203979516955,0.011432039764417723,0.00772487399382113
2007-10-30,0.005868663091117553,0.003938322228159871,0.005823144777240254,0.003917073426783016
2007-10-31,0.04234982663404857,0.02825862573178303,0.04230430832017128,0.028237376930406174
2007-11-01,-0.05637292834840823,-0.03755673309943892,-0.05641844666228553,-0.03757798190081577
2007-11-02,0.023118421839961826,0.015436273350336406,0.023072903526084525,0.015415024548959553
2007-11-05,-0.019906465382298455,-0.013204376122729143,-0.020043020323930353,-0.013268122526859709
2007-11-06,0.03363449557960204,0.022446140185659564,0.03358897726572474,0.02242489138428271
2007-11-07,-0.07318132415378052,-0.04876402902201831,-0.07322684246765782,-0.048785277823395166
2007-11-08,-0.09129281464153337,-0.06084080696634908,-0.09133833295541066,-0.06086205576772594
2007-11-09,-0.10052019019123565,-0.06699333247513803,-0.10056570850511294,-0.06701458127651488
2007-11-12,-0.07675488231744643,-0.05111264489434008,-0.07689143725907832,-0.051176391298470646
2007-11-13,0.12355589731469795,0.08238969042667336,0.12351037900082065,0.08236844162529651
2007-11-14,-0.03862855251099438,-0.02573120467200915,-0.03867407082487168,-0.025752453473386006
2007-11-15,-0.016363626207157624,-0.010888673993475217,-0.016409144521034924,-0.010909922794852072
2007-11-16,0.027511869049873863,0.01836062058404343,0.027466350735996566,0.018339371782666574
2007-11-19,-0.03518330739132793,-0.02339459033367558,-0.035319862332959834,-0.023458336737806146
2007-11-20,0.011880738064790255,0.007940808018930072,0.011835219750912956,0.007919559217553216
2007-11-21,-0.03565469914680411,-0.023750895412959563,-0.03570021746068141,-0.02377214421433642
2007-11-23,0.03189279666412829,0.021296850722194133,0.03180176003637369,0.021254353119440423
2007-11-26,-0.052315700080364784,-0.03482098587052986,-0.052452255021996685,-0.03488473227466043
2007-11-27,0.059848016701604174,0.03991654706963348,0.059802498387726874,0.03989529826825663
2007-11-28,0.09109291594452519,0.06074666799141595,0.09104739763064788,0.06072541919003909
2007-11-29,0.012648066245856434,0.008449161251421112,0.012602547931979133,0.008427912450044256
2007-11-30,-0.022801186870835936,-0.015184238094366623,-0.022846705184713233,-0.015205486895743477
2007-12-03,-0.02567840864725471,-0.017064767012972368,-0.02581496358888661,-0.017128513417102934
2007-12-04,-0.012556148265317386,-0.008353554416827348,-0.012601666579194684,-0.008374803218204203
2007-12-05,0.053703785631434096,0.03581982885832989,0.053658267317556796,0.035798580056953036
2007-12-06,0.04286573124186929,0.02859445926528669,0.04282021292799199,0.028573210463909836
2007-12-07,0.0003983023877989463,0.0002830280649202676,0.00035278407392164645,0.0002617792635434125
2007-12-10,0.011508016584703292,0.007725054640152379,0.011371461643071392,0.0076613082360218136
2007-12-11,-0.06983461970005307,-0.046539296045851886,-0.06988013801393037,-0.04656054484722874
2007-12-12,0.026723065512214227,0.017831460347076458,0.02667754719833693,0.017810211545699603
2007-12-13,-0.01638643933523555,-0.010908773170049131,-0.01643195764911285,-0.010930021971425986
2007-12-14,-0.03103747329148603,-0.02067622306061372,-0.03108299160536333,-0.020697471861990575
2007-12-17,-0.07347459192080324,-0.048936502120211785,-0.07361114686243515,-0.04900024852434235
2007-12-18,0.009475869684696568,0.006334645575950329,0.009430351370819268,0.006313396774573474
2007-12-19,-0.0007742199624307666,-0.0004990295541036888,-0.0008197382763080665,-0.000520278355480544
2007-12-20,0.06118219403689232,0.04080402480478605,0.06113667572301502,0.040782776003409196
2007-12-21,0.05900970416521802,0.039355698223669855,0.05896418585134072,0.039334449422293
2007-12-24,0.022055848147928596,0.014753558223857733,0.021919293206296698,0.014689811819727169
2007-12-26,0.014552529146265293,0.009741188223877137,0.014461492518510694,0.009698690621123426
2007-12-27,-0.03618771868317387,-0.02410558299138974,-0.03623323699705117,-0.024126831792766597
2007-12-28,-0.0030719771308332995,-0.0020298333383841553,-0.0031174954447105996,-0.00205108213976101
2007-12-31,-0.03527614733529532,-0.023462695134655223,-0.035412702276927215,-0.023526441538785785
2008-01-02,-0.04782298589468486,-0.03184192360073499,-0.04791402252243946,-0.0318844212034887
2008-01-03,0.012310785825064703,0.008226188665204196,0.012265267511187403,0.008204939863827341
2008-01-04,-0.1317500362975607,-0.08781454760558641,-0.13179555461143802,-0.08783579640696326
2008-01-07,-0.014800838880203457,-0.009811925103402095,-0.014937393821835357,-0.00987567150753266
2008-01-08,-0.07803409330393254,-0.05200363665241362,-0.07807961161780984,-0.05202488545379048
2008-01-09,0.06375392127766447,0.042521518203352836,0.06370840296378717,0.04250026940197598
2008-01-10,0.004199259568881671,0.0028181281355150805,0.004153741255004372,0.0027968793341382253
2008-01-11,-0.058945258152037085,-0.039278028841904,-0.058990776465914385,-0.03929927764328085
2008-01-14,0.05175765149834774,0.0345575804180614,0.05162109655671584,0.03449383401393084
2008-01-15,-0.082904552354342,-0.05525136203213431,-0.08295007066821931,-0.05527261083351116
2008-01-16,-0.032402147266383095,-0.021583280095417354,-0.032447665580260396,-0.02160452889679421
2008-01-17,-0.041871833980119524,-0.02789668671818232,-0.041917352293996825,-0.027917935519559175
2008-01-18,-0.004140135313272309,-0.0027427851048077096,-0.004185653627149608,-0.002764033906184565
2008-01-22,-0.07804754531735514,-0.05197036933652509,-0.07822961857286433,-0.05205536454203251
2008-01-23,-0.01168027266112085,-0.00777611253760523,-0.011725790974998148,-0.0077973613389820855
2008-01-24,0.06122393160256797,0.04082537926971043,0.061178413288690676,0.040804130468333574
2008-01-25,-0.061591404628309455,-0.041050013148800635,-0.061636922942186756,-0.04107126195017749
2008-01-28,0.02278895725238498,0.015223440875778973,0.022652402310753078,0.015159694471648407
2008-01-29,0.005279570301230499,0.003530355760976194,0.005234051987353199,0.003509106959599339
2008-01-30,-0.0028330442720769125,-0.0018786159124621119,-0.0028785625859542125,-0.0018998647138389671
2008-01-31,0.05125922177806377,0.03418223938670763,0.05121370346418647,0.03416099058533077
2008-02-01,0.030463292766478713,0.0203160413928666,0.030417774452601413,0.020294792591489745
2008-02-04,-0.04247949811437279,-0.02829419845334136,-0.042616053056004695,-0.028357944857471926
2008-02-05,-0.08555678135958526,-0.057027867613784936,-0.08560229967346256,-0.05704911641516179
2008-02-06,-0.05920691346501447,-0.03946203798991864,-0.05925243177889177,-0.039483286791295494
2008-02-07,0.020901629257267223,0.013942814928158105,0.020856110943389922,0.01392156612678125
2008-02-08,0.033973575861484515,0.0226581010322047,0.033928057547607214,0.022636852230827845
2008-02-11,0.031955766587985095,0.021332680696810834,0.03181921164635319,0.02126893429268027
2008-02-12,-0.017151419424073274,-0.011424012046874743,-0.017196937737950575,-0.011445260848251598
2008-02-13,0.06558920636427773,0.043736405145359265,0.06554368805040042,0.04371515634398241
2008-02-14,-0.05439367403678385,-0.03625246273191733,-0.05443919235066115,-0.03627371153329419
2008-02-15,-0.010367494117080439,-0.006901301518277774,-0.010413012430957738,-0.006922550319654629
2008-02-19,-0.005986665223777023,-0.003953410677190883,-0.006168738479286223,-0.004038405882698304
2008-02-20,0.013587596378728486,0.009068477854741488,0.013542078064851188,0.009047229053364633
2008-02-21,-0.028805678364199307,-0.01919398622188021,-0.028851196678076604,-0.019215235023257064
2008-02-22,0.010903081368118881,0.007278052170411536,0.010857563054241582,0.007256803369034681
2008-02-25,0.014729882160317946,0.009847915215208806,0.014593327218686046,0.00978416881107824
2008-02-26,0.011491226123869882,0.007670148674245535,0.011445707809992583,0.00764889987286868
2008-02-27,0.014852273070244096,0.009910285080408091,0.014806754756366796,0.009889036279031236
2008-02-28,-0.011629578076322134,-0.007745685496946422,-0.011675096390199433,-0.007766934298323276
2008-02-29,-0.07966822637775,-0.0531055322721293,-0.07971374469162731,-0.05312678107350616
2008-03-03,-0.019879159723776147,-0.01323431907381689,-0.020015714665408045,-0.013298065477947455
2008-03-04,0.01677352334878996,0.011187192482549525,0.01672800503491266,0.01116594368117267
2008-03-05,0.014584767594683449,0.009727648500497569,0.01453924928080615,0.009706399699120714
2008-03-06,-0.06618327113762529,-0.04411892393856089,-0.06622878945150258,-0.04414017273993775
2008-03-07,-0.007198651922209136,-0.004797056945634423,-0.007244170236086436,-0.0048183057470112785
2008-03-10,-0.058018887807038136,-0.038671726794422184,-0.05815544274867004,-0.03873547319855275
2008-03-11,0.11407434847789293,0.07605123707661966,0.11402883016401563,0.07602998827524281
2008-03-12,-0.008492389793830492,-0.005658802810689052,-0.008537908107707791,-0.005680051612065907
2008-03-13,0.023092171766023805,0.015397571562547147,0.023046653452146505,0.015376322761170291
2008-03-14,-0.05514414643557416,-0.036761092865691736,-0.05518966474945146,-0.03678234166706859
2008-03-17,-0.05489071313712962,-0.03659354656980963,-0.05502726807876152,-0.03665729297394019
2008-03-18,0.13373333486727237,0.08915499212399358,0.13368781655339507,0.08913374332261673
2008-03-19,-0.07413977363102403,-0.04942875533294006,-0.07418529194490134,-0.04945000413431692
2008-03-20,0.06127118522601888,0.04084233588011929,0.06122566691214158,0.040821087078742435
2008-03-24,0.10357265312690964,0.069028694699431,0.10339057987140043,0.06894369949392358
2008-03-25,0.01674900797485278,0.011166744794343085,0.01670348966097548,0.01114549599296623
2008-03-26,-0.008778601487546151,-0.0058512887918764816,-0.008824119801423452,-0.005872537593253337
2008-03-27,-0.06652059632403637,-0.04434595201620328,-0.06656611463791366,-0.04436720081758013
2008-03-28,-0.015176014416235895,-0.010116137552009505,-0.015221532730113195,-0.01013738635338636
2008-03-31,0.015626736999025267,0.010422279658488168,0.01549018205739337,0.010358533254357602
2008-04-01,0.12823298740466066,0.08549060937073112,0.12818746909078338,0.08546936056935427
2008-04-02,-0.006662325222417097,-0.004439412572828704,-0.006707843536294397,-0.004460661374205559
2008-04-03,0.006509203629763234,0.004341699906299611,0.006463685315885934,0.004320451104922757
2008-04-04,0.017685770982311902,0.011792651563657296,0.0176402526684346,0.01177140276228044
2008-04-07,-0.0067845396379195965,-0.004518012151206615,-0.006921094579551496,-0.004581758555337181
2008-04-08,-0.02303242422656231,-0.01535234563990716,-0.02307794254043961,-0.015373594441284015
2008-04-09,-0.03377651228193597,-0.02251544403483319,-0.03382203059581327,-0.022536692836210046
2008-04-10,0.042681075103190844,0.028455348657995264,0.04263555678931354,0.02843409985661841
2008-04-11,-0.0830783325692404,-0.055384629216813946,-0.0831238508831177,-0.0554058780181908
2008-04-14,-0.013764292722656082,-0.009175653539093508,-0.013900847664287981,-0.009239399943224072
2008-04-15,0.0040149935871266,0.0026759117367776944,0.0039694752732493,0.0026546629354008396
2008-04-16,0.08353166774872076,0.05568721404495918,0.08348614943484345,0.055665965243582326
2008-04-17,-0.006680594323148419,-0.004454107783621665,-0.006726112637025719,-0.00447535658499852
2008-04-18,0.09535298851852081,0.06356921215745005,0.09530747020464352,0.0635479633560732
2008-04-21,0.020953845246052368,0.013973964790214767,0.02081729030442047,0.013910218386084201
2008-04-22,-0.04472474958573236,-0.029814828299130538,-0.04477026789960966,-0.029836077100507393
2008-04-23,0.032940630985874735,0.02196143966947041,0.032895112671997434,0.021940190868093554
2008-04-24,0.02682079897907454,0.017881365303914116,0.026775280665197243,0.01786011650253726
2008-04-25,-0.007693391560910456,-0.005128095056075884,-0.007738909874787756,-0.005149343857452739
2008-04-28,0.00548833687520287,0.0036633462426065686,0.005351781933570971,0.0035995998384760032
2008-04-29,0.022774861881282384,0.015185751835389337,0.022729343567405087,0.015164503034012481
2008-04-30,-0.024666238573276815,-0.016441461936384662,-0.024711756887154112,-0.016462710737761517
2008-05-01,0.09459840363839554,0.06306801974826332,0.09455288532451823,0.06304677094688646
2008-05-02,0.004225660968943888,0.0028196178938303387,0.004180142655066588,0.002798369092453484
2008-05-05,-0.008877448764938399,-0.005909368342046016,-0.009014003706570298,-0.005973114746176582
2008-05-06,0.018417350848383033,0.012281584019912311,0.018371832534505736,0.012260335218535456
2008-05-07,-0.05466392678775522,-0.03643842781418216,-0.05470944510163252,-0.03645967661555902
2008-05-08,0.02238518106424655,0.01492801750959152,0.02233966275036925,0.014906768708214665
2008-05-09,-0.011875494493044852,-0.007912526224654631,-0.01192101280692215,-0.007933775026031487
2008-05-12,0.05446209222133012,0.03632231210013854,0.054325537279698216,0.03625856569600797
2008-05-13,0.007841404021648382,0.005233100035791986,0.007795885707771084,0.0052118512344151305
2008-05-14,-0.00681153010270433,-0.00453496215335762,-0.00685704841658163,-0.004556210954734475
2008-05-15,0.05242813738234868,0.03495805606474613,0.05238261906847138,0.03493680726336928
2008-05-16,0.0022936728998778693,0.0015351731816971791,0.0022481545860005697,0.001513924380320324
2008-05-19,-0.02191823834773335,-0.01459370482312169,-0.022054793289365247,-0.014657451227252255
2008-05-20,-0.02306727213286943,-0.01537221694539927,-0.023112790446746728,-0.015393465746776126
2008-05-21,-0.06647676927168782,-0.04431150792174376,-0.06652228758556511,-0.04433275672312061
2008-05-22,0.010477145653282793,0.006991102028236641,0.010431627339405492,0.006969853226859786
2008-05-23,-0.009416093359044907,-0.0062710573133151586,-0.009461611672922208,-0.006292306114692014
2008-05-27,0.05247085182753428,0.03500554711120467,0.05228877857202509,0.03492055190569725
2008-05-28,0.012122887100577904,0.008088543380089297,0.012077368786700604,0.008067294578712442
2008-05-29,0.0266917981592517,0.017801150752538495,0.0266462798453744,0.01777990195116164
2008-05-30,0.019207457135543036,0.012811683541890762,0.019161938821665735,0.012790434740513907
2008-06-02,-0.036922102046995676,-0.024595159160116002,-0.03705865698862758,-0.024658905564246568
2008-06-03,-0.016503735668173255,-0.010996245638903383,-0.016549253982050555,-0.011017494440280239
2008-06-04,0.03836032773900025,0.02557979663254562,0.03831480942512295,0.025558547831168763
2008-06-05,0.047521754810329546,0.03168732123200877,0.047476236496452245,0.031666072430631916
2008-06-06,-0.09031666428582906,-0.06020486471734058,-0.09036218259970635,-0.060226113518717435
2008-06-09,-0.016231829847082047,-0.01080276582268749,-0.016368384788713945,-0.010866512226818056
2008-06-10,-0.014257179551070899,-0.009498167721009905,-0.014302697864948198,-0.00951941652238676
2008-06-11,-0.07242833419774586,-0.04827781551011018,-0.07247385251162317,-0.04829906431148703
2008-06-12,0.0030537248741402145,0.0020429961313076016,0.0030082065602629144,0.0020217473299307467
2008-06-13,0.05998368680200491,0.039996678112994954,0.05993816848812761,0.0399754293116181
2008-06-16,0.026322966251653427,0.0175710243590325,0.026186411310021526,0.017507277954901933
2008-06-17,-0.01610370731420603,-0.010727503010169672,-0.01614922562808333,-0.010748751811546527
2008-06-18,-0.032254472310360695,-0.021495427961915455,-0.032299990624237995,-0.02151667676329231
2008-06-19,0.04674213669498302,0.03116832353941145,0.04669661838110572,0.031147074738034596
2008-06-20,-0.08111709056956566,-0.05407134826151503,-0.08116260888344297,-0.054092597062891885
2008-06-23,-0.023735390872027227,-0.015804579136540476,-0.023871945813659125,-0.015868325540671042
2008-06-24,-0.01541120746834266,-0.010267613132934736,-0.01545672578221996,-0.01028886193431159
2008-06-25,0.04859936332726748,0.03240563346662358,0.048553845013390176,0.03238438466524673
2008-06-26,-0.12119050489635137,-0.0807877988882403,-0.12123602321022868,-0.08080904768961715
2008-06-27,-0.00010142738722475835,-6.24945155301874e-05,-0.00014694570110205816,-8.374331690704257e-05
2008-06-30,-0.03183954268341555,-0.02121267138866224,-0.03197609762504745,-0.021276417792792806
2008-07-01,0.04239608093002073,0.02827076607154256,0.042350562616143436,0.028249517270165704
2008-07-02,-0.0721461212872586,-0.048090982474541646,-0.0721916396011359,-0.0481122312759185
2008-07-03,-0.005474368353962925,-0.003643614426128268,-0.005519886667840226,-0.0036648632275051232
2008-07-07,0.017719199814987808,0.011837405310481483,0.017537126559478606,0.011752410104974062
2008-07-08,0.07138326079795031,0.04759527224893095,0.071337742484073,0.0475740234475541
2008-07-09,-0.07972654888269992,-0.05314469432908516,-0.07977206719657721,-0.053165943130462016
2008-07-10,0.035423906964122176,0.02362190245259513,0.035378388650244876,0.023600653651218276
2008-07-11,-0.04780157186545285,-0.03186315111020808,-0.04784709017933015,-0.03188439991158493
2008-07-14,-0.02249958942187299,-0.01498771619664921,-0.022636144363504886,-0.015051462600779776
2008-07-15,0.0005869902578783268,0.00039458365844150797,0.0005414719440010269,0.00037333485706465277
2008-07-16,0.07451066076709835,0.049675818180570576,0.07446514245322106,0.04965456937919372
2008-07-17,0.019768075377968406,0.013180574789451647,0.019722557064091106,0.013159325988074792
2008-07-18,-0.06910278439394062,-0.04606619886043076,-0.06914830270781791,-0.04608744766180761
2008-07-21,0.012519138555007822,0.008354463525599043,0.012382583613375922,0.008290717121468477
2008-07-22,-8.798690748041478e-05,-5.577427565801562e-05,-0.00013350522135771462,-7.702307703487079e-05
2008-07-23,0.03943635806752764,0.026294348805211462,0.03939083975365034,0.026273100003834607
2008-07-24,-0.04505725798794013,-0.03003435529426467,-0.04510277630181743,-0.030055604095641526
2008-07-25,0.03883861398237088,0.025896786067643382,0.03879309566849358,0.025875537266266527
2008-07-28,-0.05663535788037777,-0.0377412538380126,-0.05677191282200967,-0.037805000242143165
2008-07-29,0.062033297410801165,0.041360655349820426,0.061987779096923865,0.04133940654844357
2008-07-30,0.015117542080528772,0.010083391738476229,0.015072023766651472,0.010062142937099375
2008-07-31,-0.0073434998934028385,-0.004890823012245674,-0.007389018207280138,-0.004912071813622529
2008-08-01,-0.03837208328892819,-0.02557673202506665,-0.03841760160280549,-0.025597980826443507
2008-08-04,-0.030371817315261753,-0.02023446789804869,-0.03050837225689365,-0.020298214302179256
2008-08-05,0.10117826049929375,0.06745748420536686,0.10113274218541644,0.06743623540399
2008-08-06,0.04562040531212226,0.030418914080585873,0.04557488699824496,0.030397665279209018
2008-08-07,-0.023258162893048905,-0.015501158535876558,-0.023303681206926205,-0.015522407337253413
2008-08-08,0.06797978193124894,0.04532432472487457,0.06793426361737165,0.045303075923497714
2008-08-11,0.026963369061792183,0.017990110124596777,0.026826814120160285,0.01792636372046621
2008-08-12,0.0030322079434225114,0.0020279036792457505,0.0029866896295452114,0.0020066548778688953
2008-08-13,-0.006384273671014508,-0.004249844187961559,-0.006429791984891808,-0.004271092989338414
2008-08-14,0.03448298127898465,0.02299489899253522,0.03443746296510735,0.022973650191158365
2008-08-15,-0.005704969634949059,-0.003796787910672335,-0.005750487948826359,-0.0038180367120491904
2008-08-18,-0.035208777041164645,-0.023454063952075888,-0.035345331982796546,-0.023517810356206453
2008-08-19,-0.03728989436065882,-0.024853965097258866,-0.03733541267453612,-0.02487521389863572
2008-08-20,0.004998785265084915,0.0033383011236090025,0.004953266951207615,0.0033170523222321472
2008-08-21,-0.014115099392159283,-0.009405129296403497,-0.014160617706036582,-0.009426378097780352
2008-08-22,0.03958285881058798,0.02639360289184903,0.03953734049671068,0.026372354090472176
2008-08-25,-0.0634703682984601,-0.04229904811557142,-0.06360692324009201,-0.042362794519701985
2008-08-26,-0.003973480819455892,-0.0026437700744464014,-0.004018999133333191,-0.0026650188758232563
2008-08-27,0.019283890418458616,0.012860863910675103,0.019238372104581316,0.012839615109298248
2008-08-28,0.024297829110924346,0.016203116207376717,0.024252310797047046,0.01618186740599986
2008-08-29,-0.0631465507579941,-0.0420924833668052,-0.0631920690718714,-0.04211373216818205
2008-09-02,-0.03748030717467281,-0.024966750043953677,-0.03766238043018201,-0.025051745249461098
2008-09-03,-0.028420794670182634,-0.01894216609533137,-0.02846631298405993,-0.018963414896708226
2008-09-04,-0.09717393697891995,-0.06477778106925708,-0.09721945529279724,-0.06479902987063393
2008-09-05,-0.014530763821841826,-0.009682425674810619,-0.014576282135719125,-0.009703674476187474
2008-09-08,-0.005817295740705265,-0.003864226657813749,-0.005953850682337164,-0.003927973061944315
2008-09-09,-0.06374016644673004,-0.04248841394636297,-0.06378568476060734,-0.042509662747739825
2008-09-10,0.024636550080513648,0.01642883682438437,0.024591031766636347,0.016407588023007513
2008-09-11,0.055978445381845786,0.03732334033395999,0.055932927067968485,0.03730209153258313
2008-09-12,-0.011792648854419028,-0.00785776254141287,-0.011838167168296328,-0.007879011342789725
2008-09-15,-0.0935171159366229,-0.062336092969761815,-0.0936536708782548,-0.062399839373892374
2008-09-16,0.023463960026726214,0.0156415170189016,0.023418441712848913,0.015620268217524744
2008-09-17,-0.15567890210552385,-0.10378882534078908,-0.15572442041940115,-0.10381007414216593
2008-09-18,0.10145983507430852,0.06762948291687634,0.10141431676043121,0.06760823411549949
2008-09-19,0.09805068214846588,0.06535856736929663,0.09800516383458859,0.06533731856791977
2008-09-22,-0.14144061394663734,-0.0942987867524978,-0.14157716888826924,-0.09436253315662836
2008-09-23,-0.022829277615374864,-0.015218219821048538,-0.02287479592925216,-0.015239468622425393
2008-09-24,0.020654301023046374,0.013766364471613831,0.020608782709169073,0.013745115670236976
2008-09-25,0.0477018324132481,0.03179517216569709,0.0476563140993708,0.031773923364320236
2008-09-26,-0.030410597512638485,-0.020277458971638445,-0.030456115826515785,-0.0202987077730153
2008-09-29,-0.23823584249952165,-0.15883200886038276,-0.23837239744115354,-0.15889575526451333
2008-09-30,0.08640266228045253,0.057600000433858864,0.08635714396657523,0.05757875163248201
2008-10-01,-0.031667297958078156,-0.021113864568663734,-0.031712816271955456,-0.02113511337004059
2008-10-02,-0.13641598902747404,-0.09094688328875587,-0.13646150734135135,-0.09096813209013273
2008-10-03,-0.04657387271893328,-0.03105418365891605,-0.046619391032810584,-0.031075432460292905
2008-10-06,-0.10955413582646431,-0.07305423888038111,-0.1096906907680962,-0.07311798528451167
2008-10-07,-0.19022632162437217,-0.12682322584675942,-0.19027183993824948,-0.12684447464813628
2008-10-08,-0.023943493324789726,-0.015965498426943565,-0.023989011638667027,-0.01598674722832042
2008-10-09,-0.08062273005987312,-0.05375295740989931,-0.08066824837375042,-0.05377420621127617
2008-10-10,-0.019074940306933855,-0.012721933547305584,-0.019120458620811156,-0.01274318234868244
2008-10-13,0.36488403898497934,0.2432306419090319,0.36474748404334745,0.24316689550490134
2008-10-14,-0.1298245903840869,-0.08655818828304271,-0.12987010869796417,-0.08657943708441956
2008-10-15,-0.2686947693396696,-0.1791373803018193,-0.2687402876535469,-0.17915862910319616
2008-10-16,0.1627249642967757,0.10847466277016324,0.1626794459828984,0.10845341396878638
2008-10-17,0.0036893554213570695,0.002453056761045279,0.0036438371074797695,0.0024318079596684244
2008-10-20,0.08343717488990034,0.055614995716966154,0.08330061994826844,0.05555124931283559
2008-10-21,-0.1554971085607975,-0.1036639063893339,-0.15554262687467477,-0.10368515519071075
2008-10-22,-0.08297671308068014,-0.055318373174641416,-0.08302223139455744,-0.05533962197601827
2008-10-23,-0.011824635765950883,-0.007884213509549797,-0.011870154079828183,-0.007905462310926653
2008-10-24,-0.09648453848151058,-0.06432480007411653,-0.09653005679538787,-0.06434604887549339
2008-10-27,-0.08352526885525126,-0.05569162643086914,-0.08366182379688317,-0.055755372834999706
2008-10-28,0.33142073311353165,0.22094426480524793,0.33137521479965437,0.22092301600387107
2008-10-29,-0.0075821411474963464,-0.0050583951145159785,-0.007627659461373646,-0.005079643915892834
2008-10-30,0.1000228264425642,0.06667685623426449,0.0999773081286869,0.06665560743288763
2008-10-31,0.004538915016554253,0.003018965865212621,0.004493396702676953,0.0029977170638357657
2008-11-03,-0.006478571593437553,-0.0043388666922933436,-0.006615126535069453,-0.004402613096423909
2008-11-04,0.08497567852531926,0.056644310082336675,0.08493016021144195,0.05662306128095982
2008-11-05,-0.15647756417510975,-0.10432461120465868,-0.15652308248898703,-0.10434586000603553
2008-11-06,-0.13413379061506114,-0.08942959733363648,-0.13417930892893845,-0.08945084613501333
2008-11-07,0.061821711910600714,0.0412066622969487,0.061776193596723414,0.041185413495571845
2008-11-10,-0.04046674196262107,-0.0270015431120276,-0.04060329690425297,-0.027065289516158164
2008-11-11,-0.06534640169715514,-0.04357226557459117,-0.06539192001103243,-0.04359351437596803
2008-11-12,-0.13856065177016705,-0.09238176562326578,-0.13860617008404436,-0.09240301442464263
2008-11-13,0.18284686240170445,0.12188889076164132,0.18280134408782717,0.12186764196026446
2008-11-14,-0.1457825610738308,-0.09719711350355881,-0.1458280793877081,-0.09721836230493566
2008-11-17,-0.06319118338033759,-0.04215562011580161,-0.0633277383219695,-0.042219366519932175
2008-11-18,-0.0031857971411350184,-0.0021334382440131145,-0.003231315455012318,-0.0021546870453899697
2008-11-19,-0.156682799288641,-0.10446477300901712,-0.15672831760251832,-0.10448602181039397
2008-11-20,-0.1452066903680101,-0.09681449691399226,-0.14525220868188737,-0.09683574571536911
2008-11-21,0.130274128551681,0.08683901190179134,0.13022861023780372,0.08681776310041449
2008-11-24,0.18332802442127633,0.12218718373664039,0.18319146947964443,0.12212343733250983
2008-11-25,-0.01379451693903508,-0.009205825458146097,-0.013840035252912379,-0.009227074259522952
2008-11-26,0.12565398060512636,0.08375956163194932,0.12560846229124906,0.08373831283057247
2008-11-28,-0.023528859230639885,-0.015706349973806155,-0.023619895858394482,-0.015748847576559866
2008-12-01,-0.22563896783722184,-0.1504577555678689,-0.22577552277885374,-0.15052150197199946
2008-12-02,0.1002494643916106,0.06682293959242154,0.1002039460777333,0.06680169079104468
2008-12-03,0.08514992336342637,0.05675648628393834,0.08510440504954907,0.056735237482561485
2008-12-04,-0.08491278826520134,-0.056619025247093266,-0.08495830657907863,-0.05664027404847012
2008-12-05,0.12188956354286215,0.08124920929161572,0.12184404522898486,0.08122796049023887
2008-12-08,0.11815305374212132,0.07873720328387039,0.11801649880048941,0.07867345687973983
2008-12-09,-0.006990406045152879,-0.004670677829431245,-0.007035924359030179,-0.0046919266308081
2008-12-10,-0.010004322364605278,-0.006679955375732845,-0.010049840678482577,-0.0067012041771097
2008-12-11,-0.08225277600709924,-0.05484586893623967,-0.08229829432097653,-0.05486711773761652
2008-12-12,0.06083761696404094,0.04054781897278697,0.06079209865016365,0.04052657017141011
2008-12-15,-0.052583613180554184,-0.035087241331246605,-0.052720168122186085,-0.03515098773537717
2008-12-16,0.1440238464009569,0.09600558307695378,0.14397832808707958,0.09598433427557693
2008-12-17,-0.03633004325079584,-0.024230343357548027,-0.03637556156467314,-0.024251592158924883
2008-12-18,-0.052675462803742745,-0.03512719711251827,-0.052720981117620046,-0.03514844591389513
2008-12-19,0.024607422572047462,0.016394263449858126,0.02456190425817016,0.01637301464848127
2008-12-22,-0.06532707351651398,-0.043582881555219805,-0.06546362845814589,-0.04364662795935037
2008-12-23,-0.015413194312347856,-0.010286055211472234,-0.015458712626225156,-0.01030730401284909
2008-12-24,0.008250410419323272,0.005489773875923131,0.008204892105445971,0.0054685250745462755
2008-12-26,-0.0010427498973264741,-0.000716536461231348,-0.0011337865250810738,-0.0007590340639850583
2008-12-29,-0.024741540674751535,-0.01652558184782233,-0.024878095616383433,-0.016589328251952896
2008-12-30,0.06229671993260608,0.04152101733005814,0.06225120161872879,0.041499768528681286
2008-12-31,0.025418969237630946,0.01693622072028572,0.025373450923753645,0.016914971918908863
2009-01-02,0.1301024010365076,0.08671560176492875,0.130011364408753,0.08667310416217504
2009-01-05,-0.0009997357675551,-0.0006963226345281166,-0.0011362907091869996,-0.000760069038658682
2009-01-06,0.029966680945633133,0.019968399120785463,0.029921162631755833,0.019947150319408607
2009-01-07,-0.08523740548039388,-0.05683432516323254,-0.08528292379427117,-0.05685557396460939
2009-01-08,0.031525459001923946,0.021007306538244466,0.03147994068804665,0.02098605773686761
2009-01-09,-0.06730702882411868,-0.04488120395795949,-0.06735254713799599,-0.044902452759336346
2009-01-12,-0.05490312281886988,-0.036632191885203155,-0.05503967776050178,-0.03669593828933372
2009-01-13,0.0010028767695079814,0.0006590110297488851,0.0009573584556306815,0.00063776222837203
2009-01-14,-0.09144518057427975,-0.06097311984589133,-0.09149069888815706,-0.060994368647268184
2009-01-15,0.04923530343176658,0.03281396213792129,0.04918978511788928,0.03279271333654443
2009-01-16,0.032977275131407344,0.021975183957900064,0.03293175681753005,0.02195393515652321
2009-01-20,-0.1489314213094121,-0.09932590813930046,-0.1491134945649213,-0.09941090334480789
2009-01-21,0.12766963056101072,0.0851036062085511,0.1276241122471334,0.08508235740717425
2009-01-22,-0.04015031858380545,-0.026776545185575134,-0.040195836897682746,-0.02679779398695199
2009-01-23,0.014592480788775548,0.009718561754382118,0.014546962474898248,0.009697312953005263
2009-01-26,0.021761461526274433,0.014478642628401801,0.02162490658464253,0.014414896224271235
2009-01-27,0.02162552668957999,0.014407722277255489,0.02158000837570269,0.014386473475878634
2009-01-28,0.10537596483165783,0.07024116238898251,0.10533044651778052,0.07021991358760565
2009-01-29,-0.07612942507849045,-0.050761874879235426,-0.07617494339236776,-0.05078312368061228
2009-01-30,-0.0527571906229074,-0.03518001447828556,-0.0528027089367847,-0.03520126327966241
2009-02-02,0.036071079394502714,0.024022002182047492,0.03593452445287081,0.023958255777916927
2009-02-03,0.046901797925861,0.031259682059815795,0.0468562796119837,0.031238433258438936
2009-02-04,0.003992934599117234,0.002654236829515662,0.003947416285239934,0.0026329880281388066
2009-02-05,0.06617536093597323,0.04410900224499987,0.06612984262209592,0.044087753443623014
2009-02-06,0.07848573200383646,0.05231582355940323,0.07844021368995917,0.052294574758026374
2009-02-09,0.012365821628571898,0.008219609577809133,0.012229266686939999,0.008155863173678567
2009-02-10,-0.11050078551716327,-0.07367490991467135,-0.11054630383104057,-0.0736961587160482
2009-02-11,-0.013866556099070186,-0.009252183042831898,-0.013912074412947485,-0.009273431844208754
2009-02-12,0.03673150405545935,0.024479764324657267,0.03668598574158205,0.024458515523280412
2009-02-13,-0.013761293673944441,-0.009182193559117377,-0.013806811987821742,-0.009203442360494233
2009-02-17,-0.11938073319608297,-0.07961914657000631,-0.11956280645159217,-0.07970414177551373
2009-02-18,0.0020294199311257344,0.0013452270508546617,0.001983901617248435,0.0013239782494778064
2009-02-19,-0.04619435785152008,-0.0308040508777985,-0.04623987616539738,-0.030825299679175355
2009-02-20,0.008314134934980646,0.0055348515776714674,0.008268616621103345,0.005513602776294612
2009-02-23,-0.1050185018086797,-0.07003688421139441,-0.1051550567503116,-0.07010063061552498
2009-02-24,0.09904204791613894,0.06602012689844367,0.09899652960226163,0.06599887809706681
2009-02-25,-0.019828460271883067,-0.013226693084484539,-0.019873978585760368,-0.013247941885861394
2009-02-26,-0.08396830301748566,-0.05598677372397273,-0.08401382133136297,-0.05600802252534959
2009-02-27,-0.028091108584485106,-0.01873558894708161,-0.028136626898362407,-0.018756837748458464
2009-03-02,-0.09704697642777663,-0.06472281210775617,-0.09718353136940852,-0.06478655851188674
2009-03-03,-0.0022753305699879,-0.0015249775492937557,-0.0023208488838652,-0.001546226350670611
2009-03-04,0.0799944491309987,0.0533214495299076,0.0799489308171214,0.05330020072853074
2009-03-05,-0.09003203386626331,-0.060029631851699454,-0.09007755218014062,-0.06005088065307631
2009-03-06,-0.023781049804507185,-0.015862865345972248,-0.023826568118384486,-0.015884114147349103
2009-03-09,-0.06393345811609195,-0.04264880183963034,-0.06407001305772386,-0.0427125482437609
2009-03-10,0.18529623644260768,0.12352227023205783,0.1852507181287304,0.12350102143068098
2009-03-11,0.04608325108602031,0.030713706030362095,0.04603773277214301,0.03069245722898524
2009-03-12,0.09944007744767398,0.06628483090210203,0.09939455913379669,0.06626358210072518
2009-03-13,0.007306401952049813,0.004862195180361601,0.007260883638172513,0.004840946378984746
2009-03-16,-0.05015538132880964,-0.03346369536659848,-0.05029193627044153,-0.03352744177072905
2009-03-17,0.1135680881852859,0.07570359742987248,0.11352256987140859,0.07568234862849563
2009-03-18,0.03782484671562,0.025208103116761894,0.0377793284017427,0.02518685431538504
2009-03-19,-0.0020390668381222864,-0.0013681173464197987,-0.002084585151999586,-0.0013893661477966538
2009-03-20,-0.045678194363375085,-0.03046096171855085,-0.045723712677252386,-0.030482210519927704
2009-03-23,0.17677856164757225,0.1178261560687,0.17664200670594035,0.11776240966456944
2009-03-24,-0.05535914684267969,-0.03691474465614034,-0.05540466515655699,-0.0369359934575172
2009-03-25,0.013829790278504513,0.009211120731331401,0.013784271964627214,0.009189871929954546
2009-03-26,0.09253333964045016,0.06167996826672498,0.09248782132657285,0.06165871946534812
2009-03-27,-0.05636666429644091,-0.0375870717134251,-0.05641218261031821,-0.03760832051480196
2009-03-30,-0.07401905164379005,-0.04937447692556149,-0.07415560658542195,-0.049438223329692055
2009-03-31,0.025930307944599267,0.01727785445690453,0.025884789630721966,0.017256605655527675
2009-04-01,0.04450785035944842,0.029663160785294,0.04446233204557112,0.029641911983917146
2009-04-02,0.09650344759369502,0.06432698496810944,0.09645792927981771,0.06430573616673259
2009-04-03,0.055711326701959524,0.03713223770695246,0.05566580838808222,0.037110988905575605
2009-04-06,-0.0074740587812858585,-0.0050089242172053966,-0.007610613722917758,-0.0050726706213359615
2009-04-07,-0.07903782612368068,-0.05270071622542124,-0.07908334443755799,-0.052721965026798094
2009-04-08,0.05058700199389802,0.03371583585296456,0.05054148368002072,0.033694587051587704
2009-04-09,0.09294065196945146,0.06195141714013933,0.09289513365557416,0.06193016833876248
2009-04-13,-0.004618550153698015,-0.0031151034604452797,-0.0048006234092072145,-0.0032000986659527003
2009-04-14,-0.036502057012779324,-0.02434372218134787,-0.036547575326656624,-0.024364970982724724
2009-04-15,-0.008326706974895308,-0.00556024816399091,-0.008372225288772607,-0.005581496965367765
2009-04-16,0.07776325673383398,0.051832875640091494,0.07771773841995668,0.05181162683871464
2009-04-17,0.0063035551181754215,0.004192889246660905,0.006258036804298122,0.00417164044528405
2009-04-20,-0.09641006512402608,-0.06430154127826061,-0.09654662006565799,-0.06436528768239118
2009-04-21,0.04185860647163574,0.027896349471453863,0.041813088157758437,0.027875100670077008
2009-04-22,0.009161605914147192,0.006098441760300291,0.009116087600269891,0.006077192958923436
2009-04-23,0.02926365997059773,0.019499718470761863,0.02921814165672043,0.019478469669385007
2009-04-24,0.052540245788575746,0.03501707175424892,0.052494727474698445,0.03499582295287206
2009-04-27,0.0035236446489967477,0.0023198201182597577,0.0033870897073648484,0.002256073714129192
2009-04-28,-0.02224795005025288,-0.014841447532291295,-0.02229346836413018,-0.01486269633366815
2009-04-29,0.04120396256965143,0.027459827547644904,0.041158444255774126,0.02743857874626805
2009-04-30,0.030041473795359444,0.020017983067201466,0.029995955481482144,0.01999673426582461
2009-05-01,0.007861788889513437,0.005231804416705663,0.007816270575636138,0.005210555615328807
2009-05-04,0.05930712617622926,0.03951019757009267,0.05917057123459737,0.039446451165962106
2009-05-05,-0.0025831423492520445,-0.0017310197264098278,-0.002628660663129344,-0.0017522685277866828
2009-05-06,0.0008398776458661555,0.0005509936036689723,0.0007943593319888557,0.0005297448022921171
2009-05-07,-0.07024229974435554,-0.046837124656478824,-0.07028781805823285,-0.04685837345785568
2009-05-08,0.0017366747688179712,0.00114876567305033,0.0016911564549406714,0.0011275168716734748
2009-05-11,0.010467321580653215,0.00695116186861719,0.010330766639021315,0.0068874154644866245
2009-05-12,-0.03669796854511734,-0.024474237190320026,-0.03674348685899464,-0.02449548599169688
2009-05-13,-0.08047773202842144,-0.05366074617918942,-0.08052325034229875,-0.05368199498056628
2009-05-14,0.033600263722823494,0.02239106563448829,0.03355474540894619,0.022369816833111435
2009-05-15,-0.0018119782640935447,-0.001217188360001678,-0.0018574965779708445,-0.0012384371613785332
2009-05-18,0.07816542277571038,0.05208295130829148,0.07802886783407847,0.05201920490416091
2009-05-19,0.014002420925466056,0.009326022456735573,0.013956902611588756,0.009304773655358718
2009-05-20,-0.010481857640661028,-0.00699692259993567,-0.010527375954538329,-0.007018171401312525
2009-05-21,-0.055151332668204926,-0.03677657261829827,-0.05519685098208223,-0.03679782141967512
2009-05-22,-0.009823173126086944,-0.006557706910966427,-0.009868691439964244,-0.0065789557123432825
2009-05-26,0.11173986346884138,0.07445717228791432,0.11155779021333218,0.0743721770824069
2009-05-27,-0.02071193372828013,-0.01381697332501507,-0.02075745204215743,-0.013838222126391925
2009-05-28,0.034714933654861294,0.02313417892251349,0.03466941534098399,0.023112930121136636
2009-05-29,0.036896085408897494,0.024588094756800488,0.036850567095020194,0.024566845955423633
2009-06-01,0.08559915463500671,0.05703793856109459,0.0854625996933748,0.056974192156964025
2009-06-02,0.00410721297895532,0.002728661153847505,0.004061694665078021,0.0027074123524706496
2009-06-03,-0.009069056432098562,-0.006055425797702337,-0.009114574745975861,-0.006076674599079192
2009-06-04,0.03384159739433784,0.022551676753255263,0.03379607908046054,0.022530427951878408
2009-06-05,0.0032512281276866365,0.002158097242154463,0.003205709813809337,0.0021368484407776078
2009-06-08,-0.009023845540078334,-0.006042671507444284,-0.009160400481710233,-0.006106417911574849
2009-06-09,0.022890652972079754,0.015251510487811372,0.022845134658202454,0.015230261686434517
2009-06-10,-0.010574224180320545,-0.007058407613788828,-0.010619742494197846,-0.007079656415165683
2009-06-11,-1.65798945369452e-05,-2.007076918628082e-05,-6.209820841424502e-05,-4.131957056313599e-05
2009-06-12,-0.013867478211503945,-0.009253910301244428,-0.013912996525381246,-0.009275159102621283
2009-06-15,-0.06144180536034039,-0.04098825609204521,-0.06157836030197229,-0.04105200249617578
2009-06-16,-0.02926240562818311,-0.01951738059951611,-0.029307923942060412,-0.019538629400892966
2009-06-17,0.02867646788846979,0.01910853507825249,0.02863094957459249,0.019087286276875635
2009-06-18,-0.005868218189270608,-0.0039212556402411095,-0.005913736503147908,-0.003942504441617965
2009-06-19,0.032183090652980674,0.021446376262492132,0.032137572339103374,0.021425127461115277
2009-06-22,-0.08965084137329919,-0.05979428010068441,-0.08978739631493109,-0.059858026504814976
2009-06-23,-0.006858571733940884,-0.004581213298928047,-0.006904090047818183,-0.004602462100304902
2009-06-24,0.050553876349425916,0.03369375208998316,0.050508358035548616,0.033672503288606305
2009-06-25,0.05898697649975856,0.039315726172930575,0.05894145818588126,0.03929447737155372
2009-06-26,0.006597120280255471,0.00438906268067533,0.006551601966378172,0.004367813879298475
2009-06-29,0.006548289814433567,0.004338752062230316,0.006411734872801667,0.004275005658099751
2009-06-30,-0.005779615476677384,-0.0038619091274190473,-0.005825133790554684,-0.0038831579287959025
2009-07-01,0.0016320619671636556,0.0010791164845339722,0.0015865436532863557,0.0010578676831571171
2009-07-02,-0.06595005981578932,-0.043975816724586905,-0.06599557812966662,-0.04399706552596376
2009-07-06,-0.016075214701604633,-0.010753250523979237,-0.01625728795711383,-0.010838245729486658
2009-07-07,-0.07457262648698185,-0.049724009151563026,-0.07461814480085915,-0.04974525795293988
2009-07-08,0.015621447173723458,0.010405373288907173,0.015575928859846155,0.010384124487530318
2009-07-09,0.005170392000913772,0.0034379104944475304,0.005124873687036472,0.003416661693070675
2009-07-10,0.012924105654533755,0.008607145609447373,0.012878587340656455,0.008585896808070518
2009-07-13,0.05751105487374022,0.03831365073067519,0.05737449993210832,0.038249904326544626
2009-07-14,0.010941804806450071,0.0072855190314717305,0.01089628649257277,0.007264270230094875
2009-07-15,0.10076730920687578,0.06716918863175553,0.10072179089299847,0.06714793983037867
2009-07-16,0.035735986301721576,0.023814973361652732,0.035690467987844275,0.023793724560275877
2009-07-17,0.01604223523185006,0.010685898660991573,0.015996716917972758,0.010664649859614718
2009-07-20,0.028706287929114276,0.019110194743894072,0.028569732987482374,0.019046448339763506
2009-07-21,0.020553305810486155,0.013693279046748972,0.020507787496608854,0.013672030245372117
2009-07-22,0.025125302840268957,0.016741277066604172,0.025079784526391657,0.016720028265227317
2009-07-23,0.06621775927765115,0.04413624802485898,0.06617224096377385,0.044114999223482124
2009-07-24,-0.022889142397868045,-0.015268353092153828,-0.022934660711745346,-0.015289601893530683
2009-07-27,0.02299798262849061,0.01530493590050879,0.022861427686858712,0.015241189496378224
2009-07-28,-0.020602479872462946,-0.013743911408550427,-0.020647998186340246,-0.013765160209927282
2009-07-29,0.019941707121204653,0.013285546587227972,0.019896188807327353,0.013264297785851116
2009-07-30,0.017522891371022156,0.011673002753772973,0.017477373057144856,0.011651753952396118
2009-07-31,-0.00911471926266063,-0.00608549701460207,-0.00916023757653793,-0.006106745815978925
2009-08-03,0.044816811663064414,0.029850821923557994,0.04468025672143251,0.029787075519427428
2009-08-04,-1.713597005606082e-05,-2.034880694583863e-05,-6.265428393336064e-05,-4.1597608322693794e-05
2009-08-05,-0.02324243112732273,-0.015503971591043471,-0.02328794944120003,-0.015525220392420326
2009-08-06,-0.02644658986774833,-0.01764007741799387,-0.02649210818162563,-0.017661326219370724
2009-08-07,0.03807452210771559,0.02537390455774969,0.03802900379383829,0.025352655756372834
2009-08-10,-0.021110180889948087,-0.01410050644511701,-0.021246735831579985,-0.014164252849247575
2009-08-11,-0.025774931658230044,-0.017192212599061826,-0.025820449972107345,-0.01721346140043868
2009-08-12,0.04659378004572088,0.031053502524318932,0.04654826173184358,0.031032253722942077
2009-08-13,0.016538339304573088,0.011016449355654689,0.016492820990695788,0.010995200554277834
2009-08-14,-0.034437817361937205,-0.02296765508868551,-0.034483335675814505,-0.022988903890062366
2009-08-17,-0.0871060728844411,-0.05809776777477901,-0.08724262782607299,-0.05816151417890958
2009-08-18,0.042863606101425276,0.028566719894788532,0.042818087787547976,0.028545471093411677
2009-08-19,0.02073550590466767,0.01381465309695013,0.020689987590790368,0.013793404295573275
2009-08-20,0.03510041187728619,0.02339116440413009,0.03505489356340889,0.023369915602753234
2009-08-21,0.03997319608347039,0.02663968720825289,0.03992767776959309,0.026618438406876034
2009-08-24,-0.0030266978936430247,-0.002045129137944129,-0.0031632528352749244,-0.0021088755420746942
2009-08-25,0.008928407439087691,0.00594316144533109,0.008882889125210392,0.005921912643954235
2009-08-26,-0.005216978825307208,-0.0034870960642655094,-0.005262497139184507,-0.0035083448656423647
2009-08-27,0.00742750491431689,0.00494237442708009,0.0073819866004395905,0.004921125625703235
2009-08-28,0.002956260259551491,0.00196154465723649,0.0029107419456741914,0.0019402958558596345
2009-08-31,-0.030460445128235727,-0.02033484996621733,-0.030597000069867625,-0.020398596370347893
2009-09-01,-0.056223269419390605,-0.0374914751287249,-0.056268787733267905,-0.03751272393010176
2009-09-02,-0.002306778581070663,-0.0015472405636837371,-0.0023522968949479628,-0.0015684893650605922
2009-09-03,0.019859397022271033,0.013230209838544062,0.019813878708393733,0.013208961037167207
2009-09-04,0.06452579904530718,0.043007903847740295,0.06448028073142988,0.04298665504636344
2009-09-08,0.02818881500186345,0.018754990629362454,0.02800674174635425,0.018669995423855033
2009-09-09,0.025758794233577336,0.017163141312748265,0.025713275919700036,0.01714189251137141
2009-09-10,0.028458607806801834,0.018963017028231263,0.028413089492924534,0.018941768226854408
2009-09-11,0.002878500289220637,0.001909612016510463,0.0028329819753433374,0.0018883632151336079
2009-09-14,0.01151848460784911,0.007650825209656188,0.011381929666217212,0.007587078805525623
2009-09-15,0.009343024618613938,0.006219294902772663,0.00929750630473664,0.006198046101395808
2009-09-16,0.04375538405633673,0.029160775205435106,0.04370986574245943,0.02913952640405825
2009-09-17,-0.0007187742062190508,-0.0004889415756142809,-0.0007642925200963506,-0.000510190376991136
2009-09-18,0.0050141647141028495,0.0033330177046003197,0.004968646400225549,0.0033117689032234644
2009-09-21,0.0091569009165249,0.006074768488191883,0.009020345974893,0.006011022084061317
2009-09-22,0.005624709556108045,0.003740140241033867,0.005579191242230745,0.003718891439657012
2009-09-23,-0.014078973553429356,-0.009395648498657734,-0.014124491867306656,-0.00941689730003459
2009-09-24,-0.026869048501366656,-0.017922365130615934,-0.026914566815243957,-0.01794361393199279
2009-09-25,-0.02639611108790615,-0.017607166163405682,-0.02644162940178345,-0.017628414964782537
2009-09-28,0.051042140556233545,0.033998817389750954,0.050905585614601644,0.03393507098562039
2009-09-29,-0.013453382992900654,-0.008978588124971933,-0.013498901306777954,-0.008999836926348788
2009-09-30,0.002118806422491921,0.001403056782871905,0.002073288108614621,0.0013818079814950498
2009-10-01,-0.08877321886182368,-0.05919153408418574,-0.08881873717570098,-0.059212782885562594
2009-10-02,-0.00879155451943475,-0.00587079511775808,-0.008837072833312051,-0.005892043919134935
2009-10-05,0.024180544871137348,0.01609108693302016,0.024043989929505447,0.016027340528889593
2009-10-06,0.0531308123577277,0.03541059753087689,0.0530852940438504,0.03538934872950004
2009-10-07,0.0085735195337431,0.005705735648220495,0.0085280012198658,0.005684486846843639
2009-10-08,0.012826762900490622,0.008541323858446706,0.012781244586613323,0.00852007505706985
2009-10-09,0.017035664521155586,0.011346980389091137,0.016990146207278286,0.011325731587714282
2009-10-12,0.006324776150900127,0.004186407427976846,0.006188221209268228,0.004122661023846281
2009-10-13,0.000693316867055309,0.00045217457605134905,0.0006477985531780093,0.0004309257746744939
2009-10-14,0.040855507376663006,0.027226968249123146,0.040809989062785705,0.02720571944774629
2009-10-15,-0.006961570078226491,-0.004651083387469851,-0.00700708839210379,-0.004672332188846705
2009-10-16,-0.01951943627683629,-0.013022994186543051,-0.01956495459071359,-0.013044242987919907
2009-10-19,0.030123780569756127,0.02005241037388085,0.02998722562812423,0.019988663969750284
2009-10-20,0.0006832550428873,0.0004455593209832945,0.0006377367290100001,0.00042431051960643937
2009-10-21,-0.0055642473421202,-0.0037194422690217054,-0.0056097656559974994,-0.0037406910703985607
2009-10-22,0.01181229421865871,0.00786482614378695,0.011766775904781411,0.007843577342410094
2009-10-23,-0.01247801541035551,-0.008328806231916262,-0.01252353372423281,-0.008350055033293117
2009-10-26,-0.009769894818864873,-0.006543373218533153,-0.009906449760496771,-0.006607119622663718
2009-10-27,-0.045371111326691596,-0.030257351592069305,-0.0454166296405689,-0.03027860039344616
2009-10-28,-0.067321866725564,-0.044891188524650905,-0.0673673850394413,-0.04491243732602776
2009-10-29,0.050725189505012605,0.033806756334689554,0.050679671191135305,0.0337855075333127
2009-10-30,-0.08055068630641021,-0.053710586829286054,-0.08059620462028752,-0.05373183563066291
2009-11-02,0.012421028685203577,0.008250020060066372,0.012284473743571677,0.008186273655935807
2009-11-03,0.009473723285753088,0.0063056862321561385,0.009428204971875787,0.006284437430779283
2009-11-04,0.005079707334352187,0.003376342264555538,0.005034189020474887,0.0033550934631786833
2009-11-05,0.07402802276005266,0.04934179326334533,0.07398250444617535,0.04932054446196847
2009-11-06,0.01770056633541676,0.011790063033260375,0.01765504802153946,0.01176881423188352
2009-11-09,0.06405499456757606,0.04267294183667961,0.06391843962594417,0.04260919543254905
2009-11-10,0.007575432515004509,0.005040251674684149,0.007529914201127209,0.005019002873307294
2009-11-11,0.019244409091949306,0.012819569392647348,0.019198890778072006,0.012798320591270493
2009-11-12,-0.017093656910292694,-0.011405807942180652,-0.017139175224169995,-0.011427056743557507
2009-11-13,0.024731826229389506,0.016477847484274145,0.024686307915512205,0.01645659868289729
2009-11-16,0.03064537281138476,0.020399860665885415,0.03050881786975286,0.02033611426175485
2009-11-17,0.009436121049265708,0.0062807106975249485,0.00939060273538841,0.006259461896148094
2009-11-18,-0.016825565136976514,-0.011227172716330263,-0.016871083450853815,-0.011248421517707118
2009-11-19,-0.046682144285636835,-0.031131744047442025,-0.046727662599514136,-0.03115299284881888
2009-11-20,-0.015126742336435526,-0.01009499462791607,-0.015172260650312826,-0.010116243429292925
2009-11-23,0.048320164762577916,0.03218194396417479,0.048183609820946015,0.03211819756004423
2009-11-24,-0.010203473992213441,-0.006812537904832076,-0.01024899230609074,-0.00683378670620893
2009-11-25,0.012948288136870859,0.008621970181224124,0.01290276982299356,0.008600721379847269
2009-11-27,-0.04551537622231939,-0.030364027968259155,-0.04560641285007399,-0.030406525571012866
2009-11-30,0.003423629789842564,0.0022511984619070654,0.0032870748482106645,0.0021874520577765
2009-12-01,0.030981165374527782,0.020643980958005934,0.03093564706065048,0.02062273215662908
2009-12-02,0.004080324508154387,0.002710087047090338,0.004034806194277088,0.0026888382457134832
2009-12-03,-0.012262447271048043,-0.008185186757388477,-0.012307965584925341,-0.008206435558765332
2009-12-04,0.015711333082284888,0.010464092763177339,0.015665814768407588,0.010442843961800483
2009-12-07,-0.014309700969374138,-0.009570188521287187,-0.014446255911006038,-0.009633934925417751
2009-12-08,-0.01845601568156204,-0.012314324978058825,-0.01850153399543934,-0.01233557377943568
2009-12-09,0.030239810131752323,0.020149466288505558,0.030194291817875023,0.020128217487128702
2009-12-10,0.014964365473150222,0.009965836516104155,0.014918847159272924,0.0099445877147273
2009-12-11,-0.011519972439522326,-0.007690481363307269,-0.011565490753399627,-0.007711730164684124
2009-12-14,0.02852785563253416,0.01898734902370147,0.028391300690902264,0.018923602619570903
2009-12-15,-0.016844511773390837,-0.011239989039278024,-0.016890030087268137,-0.01126123784065488
2009-12-16,0.004053209359524359,0.002691917662993124,0.00400769104564706,0.002670668861616269
2009-12-17,-0.03652718579106494,-0.024361771717727427,-0.03657270410494224,-0.024383020519104282
2009-12-18,0.04888613406679906,0.032580441520848574,0.04884061575292176,0.03255919271947172
2009-12-21,0.03370935648654887,0.022442238594296574,0.03357280154491698,0.022378492190166008
2009-12-22,0.018005018950251694,0.011993401925892893,0.017959500636374397,0.011972153124516037
2009-12-23,0.0218780452578988,0.014575419464324293,0.0218325269440215,0.014554170662947438
2009-12-24,0.027644759889683308,0.018419803257803347,0.027599241575806007,0.01839855445642649
2009-12-28,0.015622577335906739,0.010374163917178698,0.015440504080397538,0.010289168711671277
2009-12-29,-0.012345742887526356,-0.008240161388055734,-0.012391261201403657,-0.00826141018943259
2009-12-30,0.00911310616113955,0.0060656453359581195,0.00906758784726225,0.006044396534581264
2009-12-31,-0.027299764290330243,-0.018210064770243277,-0.027345282604207544,-0.018231313571620132
2010-01-04,0.043893794304774254,0.029222012369799155,0.04371172104926505,0.029137017164291734
2010-01-05,-1.1020685857416436e-05,-1.7291164846516436e-05,-5.6538999734716256e-05,-3.853996622337161e-05
2010-01-06,-0.01810505153831079,-0.01208007102752605,-0.01815056985218809,-0.012101319828902906
2010-01-07,0.0019405506270245873,0.001283571126337138,0.0018950323131472872,0.0012623223249602828
2010-01-08,0.02468118100419996,0.016443898759443524,0.02463566269032266,0.01642264995806667
2010-01-11,-0.012271986183059223,-0.008211989852108827,-0.012408541124691122,-0.008275736256239393
2010-01-12,-0.03754111322602604,-0.025037723341034827,-0.03758663153990334,-0.025058972142411682
2010-01-13,0.03734310719225676,0.024885182884814724,0.03729758887837946,0.02486393408343787
2010-01-14,0.0025784465685920873,0.0017088350873821381,0.0025329282547147873,0.0016875862860052829
2010-01-15,-0.03493014315410964,-0.023296984012762877,-0.03497566146798694,-0.023318232814139733
2010-01-19,0.04837821725657126,0.03221162767099715,0.048196144001062056,0.03212663246548973
2010-01-20,-0.043152383691138614,-0.028778385085771664,-0.04319790200501591,-0.02879963388714852
2010-01-21,-0.02810113911502404,-0.018744314653372476,-0.02814665742890134,-0.01876556345474933
2010-01-22,-0.08772206534937811,-0.058491506191264656,-0.08776758366325542,-0.05851275499264151
2010-01-25,0.010162230260318362,0.006744432298507814,0.010025675318686462,0.006680685894377248
2010-01-26,0.0026967184219403874,0.001787682989614338,0.0026512001080630874,0.0017664341882374828
2010-01-27,0.02366620873687611,0.015767435822598548,0.02362069042299881,0.015746187021221693
2010-01-28,-0.0771929692788653,-0.0514719235601851,-0.0772384875927426,-0.05149317236156196
2010-01-29,-0.052365018393295694,-0.034919956303138704,-0.052410536707172994,-0.03494120510451556
2010-02-01,0.032918510032847396,0.021915841232406884,0.032781955091215495,0.021852094828276318
2010-02-02,0.027033127728516248,0.01801232638087592,0.026987609414638947,0.017991077579499064
2010-02-03,0.016483474966981746,0.010979224539852919,0.016437956653104446,0.010957975738476063
2010-02-04,-0.08682031481376726,-0.05788996864731308,-0.08686583312764455,-0.05791121744868993
2010-02-05,0.025329495966861224,0.016876479236027104,0.025283977652983923,0.01685523043465025
2010-02-08,-0.021675844076755352,-0.014479839032241643,-0.021812399018387253,-0.014543585436372209
2010-02-09,0.03092223839874168,0.020605252115904683,0.03087672008486438,0.020584003314527827
2010-02-10,-0.006275585720533619,-0.004193297296945515,-0.006321104034410919,-0.00421454609832237
2010-02-11,0.04531481882463374,0.030200213086717664,0.04526930051075645,0.03017896428534081
2010-02-12,0.006170254529670445,0.004103836890075467,0.006124736215793144,0.004082588088698612
2010-02-16,0.038342245131052,0.02552246166816168,0.0381601718755428,0.025437466462654258
2010-02-17,0.016910458481890146,0.011263880216458518,0.016864940168012845,0.011242631415081663
2010-02-18,0.01883470208618815,0.012546709285990519,0.018789183772310848,0.012525460484613664
2010-02-19,-0.0013497411446688507,-0.0009095862012474809,-0.0013952594585461505,-0.000930835002624336
2010-02-22,-0.0060613141979341655,-0.0040698745210706,-0.006197869139566065,-0.004133620925201165
2010-02-23,-0.03890432680303305,-0.025945883998393534,-0.038949845116910346,-0.02596713279977039
2010-02-24,0.030557548049163483,0.020362125216185883,0.030512029735286182,0.020340876414809028
2010-02-25,-0.0006852028634686186,-0.0004663753922355148,-0.0007307211773459185,-0.00048762419361237
2010-02-26,0.01074882864912992,0.007156404933963905,0.010703310335252621,0.00713515613258705
2010-03-01,0.043524043156922466,0.028987586274913518,0.043387488215290565,0.028923839870782952
2010-03-02,0.009234574297398322,0.006146902032809505,0.009189055983521023,0.00612565323143265
2010-03-03,0.0032790012525692374,0.0021766126587428633,0.0032334829386919377,0.002155363857366008
2010-03-04,0.009854881197669836,0.006560532622143263,0.009809362883792538,0.006539283820766408
2010-03-05,0.04523094717057504,0.030144576604080063,0.04518542885669774,0.030123327802703208
2010-03-08,0.005769698299980275,0.003818578985926671,0.0056331433583483755,0.0037548325817961053
2010-03-09,0.016747307129892454,0.01115566856932232,0.016701788816015157,0.011134419767945465
2010-03-10,0.024347905378247554,0.016222734068225723,0.024302387064370257,0.016201485266848868
2010-03-11,0.011433711836100192,0.0076131790416022905,0.011388193522222891,0.007591930240225435
2010-03-12,0.0006178855300582552,0.00040272083609952216,0.0005723672161809555,0.000381472034722667
2010-03-15,-0.007644207715615525,-0.00512402502447053,-0.007780762657247425,-0.0051877714286010955
2010-03-16,0.01903467762080319,0.012680674899808089,0.01898915930692589,0.012659426098431233
2010-03-17,0.008186883112915357,0.005448719224670923,0.008141364799038056,0.0054274704232940675
2010-03-18,0.010056256237319592,0.006694875309081891,0.010010737923442292,0.006673626507705035
2010-03-19,-0.018161953871070148,-0.01211717209798608,-0.018207472184947445,-0.012138420899362935
2010-03-22,0.027116580249359867,0.01805011161442197,0.02698002530772797,0.017986365210291403
2010-03-23,0.020644282718290687,0.013753559629729288,0.020598764404413387,0.013732310828352433
2010-03-24,-0.014314743630171963,-0.009552550596417938,-0.014360261944049262,-0.009573799397794793
2010-03-25,-0.004387350394675863,-0.002934288439420537,-0.004432868708553163,-0.0029555372407973923
2010-03-26,0.003113574986070837,0.002066328481077263,0.0030680566721935374,0.002045079679700408
2010-03-29,0.01433207607955691,0.009526552857461389,0.014195521137925013,0.009462806453330823
2010-03-30,0.009937178084848992,0.00661548987410149,0.009891659770971692,0.006594241072724635
2010-03-31,-0.014273665262774245,-0.00952497969245548,-0.014319183576651545,-0.009546228493832335
2010-04-01,-1.5467827870961094e-05,-1.9514735853288767e-05,-6.098614174826092e-05,-4.076353723014394e-05
2010-04-05,0.027968938495452622,0.01860914759454449,0.02778686523994342,0.01852415238903707
2010-04-06,0.008623255446237271,0.005739819457996531,0.00857773713235997,0.005718570656619675
2010-04-07,-0.007400137405059509,-0.00494253511743371,-0.007445655718936808,-0.004963783918810565
2010-04-08,0.006771097902050791,0.00450495508730649,0.0067255795881734914,0.004483706285929635
2010-04-09,0.01783299679541709,0.01187955434955069,0.01778747848153979,0.011858305548173834
2010-04-12,0.002399476327188466,0.0015720423329743667,0.002262921385556567,0.0015082959288438011
2010-04-13,0.015269643403261954,0.01017055941823532,0.015224125089384654,0.010149310616858465
2010-04-14,0.03587233086951946,0.023905684395740322,0.03582681255564216,0.023884435594363467
2010-04-15,0.013208537853146554,0.00879648905149172,0.013163019539269254,0.008775240250114865
2010-04-16,-0.03592098510649694,-0.02395652625493728,-0.03596650342037424,-0.023977775056314134
2010-04-19,-0.001863293291264534,-0.0012698040793276335,-0.0019998482328964333,-0.001333550483458199
2010-04-20,0.015134988561081456,0.010080789523448321,0.015089470247204155,0.010059540722071466
2010-04-21,0.01686957198462615,0.011237178472478121,0.016824053670748854,0.011215929671101266
2010-04-22,0.01677509791376929,0.011174103093381689,0.016729579599891988,0.011152854292004834
2010-04-23,0.012505841758817256,0.00832802498860552,0.012460323444939955,0.008306776187228665
2010-04-26,-0.006577525928064134,-0.0044126258371940345,-0.006714080869696034,-0.004476372241324599
2010-04-27,-0.06369395432917456,-0.04247183907005568,-0.06373947264305185,-0.042493087871432536
2010-04-28,0.0018092207863090552,0.001196944340266722,0.0017637024724317554,0.0011756955388898668
2010-04-29,0.052242315657766956,0.03481900758790532,0.052196797343889656,0.034797758786528465
2010-04-30,-0.05914414724998701,-0.039438541680718704,-0.05918966556386431,-0.03945979048209556
2010-05-03,0.041992475872346266,0.02796737536307957,0.041855920930714365,0.027903628958949003
2010-05-04,-0.09014149013256201,-0.0601034369357687,-0.09018700844643932,-0.06012468573714556
2010-05-05,-0.015502563729669443,-0.010344245337052279,-0.015548082043546744,-0.010365494138429134
2010-05-06,-0.10026334972669991,-0.06685152866693111,-0.10030886804057722,-0.06687277746830797
2010-05-07,-0.07473900621276976,-0.04983567027155133,-0.07478452452664706,-0.049856919072928184
2010-05-10,0.1558713271987828,0.10388577563615373,0.15573477225715088,0.10382202923202316
2010-05-11,-0.003155737147068745,-0.0021130276153184776,-0.0032012554609460444,-0.002134276416695333
2010-05-12,0.05656391242359855,0.03770007209845972,0.05651839410972125,0.037678823297082865
2010-05-13,-0.047526158508436334,-0.031693308522896875,-0.047571676822313634,-0.03171455732427373
2010-05-14,-0.057696021926542336,-0.038473217468300874,-0.057741540240419637,-0.03849446626967773
2010-05-17,0.009543591207186765,0.006334785586306566,0.009407036265554865,0.006271039182176001
2010-05-18,-0.04143446425649024,-0.02763217902159948,-0.04147998257036754,-0.027653427822976334
2010-05-19,-0.023923312922148814,-0.015957985462159912,-0.023968831236026115,-0.015979234263536767
2010-05-20,-0.11139255694698409,-0.07427081481205011,-0.1114380752608614,-0.07429206361342697
2010-05-21,0.033130397772327395,0.02207782166749089,0.033084879458450095,0.022056572866114035
2010-05-24,-0.012091977486162024,-0.008088648866290129,-0.012228532427793924,-0.008152395270420694
2010-05-25,0.0026721392010915918,0.0017723159533336904,0.0026266208872142917,0.0017510671519568352
2010-05-26,-0.033574263269131106,-0.02239195236014811,-0.03361978158300841,-0.022413201161524964
2010-05-27,0.11333245649199518,0.07554586081393608,0.11328693817811787,0.07552461201255922
2010-05-28,-0.01767507449986011,-0.011792493180634111,-0.01772059281373741,-0.011813741982010966
2010-06-01,-0.027693452161182578,-0.01849911284321231,-0.02787552541669178,-0.01858410804871973
2010-06-02,0.07103324308046385,0.047346292536369926,0.07098772476658656,0.04732504373499307
2010-06-03,0.028525513077337052,0.019007805867618723,0.028479994763459755,0.018986557066241867
2010-06-04,-0.10282064022458137,-0.06855648165935754,-0.10286615853845867,-0.0685777304607344
2010-06-07,-0.05460106453422379,-0.03642887421839241,-0.05473761947585569,-0.036492620622522974
2010-06-08,-0.005432766046170119,-0.003631417514036515,-0.005478284360047419,-0.00365266631541337
2010-06-09,-0.02513269814697732,-0.016764705581241317,-0.02517821646085462,-0.016785954382618172
2010-06-10,0.08556530413646123,0.057033777319505916,0.08551978582258393,0.05701252851812906
2010-06-11,0.028610819303514848,0.01906412076420832,0.028565300989637547,0.019042871962831463
2010-06-14,-0.0006920437598663999,-0.0004911946294023164,-0.0008285987014982994,-0.000554941033532882
2010-06-15,0.08044644442066011,0.05362092627845456,0.0804009261067828,0.0535996774770777
2010-06-16,0.012190662210584622,0.008117256731842706,0.012145143896707324,0.00809600793046585
2010-06-17,0.00958258947576685,0.00637863421237632,0.00953707116188955,0.006357385410999465
2010-06-18,0.0024795036183647224,0.0016431510036961055,0.0024339853044874223,0.0016219022023192503
2010-06-21,-0.025569701726020366,-0.017075466206461398,-0.025706256667652267,-0.017139212610591963
2010-06-22,-0.023188983766006917,-0.015468895993927714,-0.023234502079884218,-0.01549014479530457
2010-06-23,-0.012340660546854879,-0.008236587863359296,-0.012386178860732178,-0.00825783666473615
2010-06-24,-0.04561597169122287,-0.030420128626271293,-0.04566149000510017,-0.030441377427648148
2010-06-25,0.0005831377736664208,0.00037927768365490495,0.000537619459789121,0.0003580288822780498
2010-06-28,-0.010645163770012738,-0.007125218343043286,-0.010781718711644636,-0.0071889647471738505
2010-06-29,-0.1157329533817607,-0.07716441243523452,-0.11577847169563801,-0.07718566123661137
2010-06-30,-0.04566793044158261,-0.030454582476852912,-0.045713448755459914,-0.030475831278229767
2010-07-01,-0.00844662581817453,-0.00564010138494467,-0.00849214413205183,-0.005661350186321525
2010-07-02,-0.008468899888178009,-0.0056550434395127094,-0.008514418202055308,-0.005676292240889565
2010-07-06,0.009117798835991467,0.006042091834418162,0.008935725580482267,0.005957096628910741
2010-07-07,0.0957603784560493,0.06383114212330548,0.095714860142172,0.06380989332192863
2010-07-08,0.016361925216714153,0.010898747293870121,0.016316406902836856,0.010877498492493266
2010-07-09,0.02849296034534449,0.01898601138109849,0.02844744203146719,0.018964762579721635
2010-07-12,0.008693062465714064,0.0057677664253247656,0.008556507524082164,0.005704020021194201
2010-07-13,0.03886842700713766,0.025903081820819122,0.03882290869326036,0.025881833019442267
2010-07-14,0.01520657511235909,0.010128421225774889,0.01516105679848179,0.010107172424398033
2010-07-15,0.0026186512795198912,0.00173647200388209,0.0025731329656425916,0.001715223202505235
2010-07-16,-0.08290903886600351,-0.055281988093133505,-0.08295455717988082,-0.05530323689451036
2010-07-19,0.025664718335016875,0.01708192567595107,0.025528163393384977,0.01701817927182051
2010-07-20,0.03620974553082009,0.024130720173152688,0.03616422721694279,0.024109471371775833
2010-07-21,-0.041111350288016844,-0.02741676970928388,-0.041156868601894145,-0.027438018510660734
2010-07-22,0.07592489342636384,0.05060739276696992,0.07587937511248655,0.050586143965593064
2010-07-23,0.01899320788106145,0.01265293573676832,0.018947689567184154,0.012631686935391465
2010-07-26,0.024703566930602865,0.01644143606858397,0.024567011988970967,0.016377689664453403
2010-07-27,-0.0013074390994231447,-0.0008808289168880779,-0.0013529574133004446,-0.000902077718264933
2010-07-28,-0.023926961084824314,-0.015960602905680712,-0.023972479398701615,-0.015981851707057567
2010-07-29,-0.02216443308464111,-0.01478558423889191,-0.02220995139851841,-0.014806833040268766
2010-07-30,0.006548683855900092,0.004356493721468891,0.006503165542022792,0.004335244920092036
2010-08-02,0.05627374048312556,0.03748794044135687,0.05613718554149367,0.037424194037226306
2010-08-03,-0.012871791703326144,-0.00859039731949008,-0.012917310017203445,-0.008611646120866935
2010-08-04,0.03032682489060015,0.020208680409794122,0.030281306576722854,0.020187431608417267
2010-08-05,-0.007044220450699644,-0.004705349817739077,-0.007089738764576944,-0.004726598619115932
2010-08-06,-0.004499711898499009,-0.0030091034481305096,-0.004545230212376308,-0.003030352249507365
2010-08-09,0.02048589616045827,0.01362937755957867,0.020349341218826374,0.013565631155448104
2010-08-10,-0.026141947725195413,-0.01743726066592811,-0.026187466039072713,-0.017458509467304966
2010-08-11,-0.0816510627578776,-0.054443337354382906,-0.08169658107175491,-0.05446458615575976
2010-08-12,-0.023803692598780315,-0.015878423914984712,-0.023849210912657615,-0.015899672716361567
2010-08-13,-0.021330423262172247,-0.014229485025387479,-0.021375941576049544,-0.014250733826764334
2010-08-16,0.005321033474233174,0.0035194691020952705,0.005184478532601274,0.0034557226979647047
2010-08-17,0.03815599081033336,0.025428124356282923,0.038110472496456056,0.025406875554906068
2010-08-18,0.011885941845443192,0.00791485104956809,0.011840423531565893,0.007893602248191234
2010-08-19,-0.04545966738245534,-0.03031564777224288,-0.04550518569633264,-0.030336896573619734
2010-08-20,0.003997249896102456,0.0026556304134623225,0.003951731582225155,0.0026343816120854673
2010-08-23,-0.029431342251486626,-0.01964878138171793,-0.029567897193118524,-0.01971252778584849
2010-08-24,-0.05599547526336675,-0.03733951969285048,-0.05604099357724405,-0.037360768494227335
2010-08-25,0.02885130115442475,0.01922499791901052,0.028805782840547453,0.019203749117633666
2010-08-26,-0.03609509837645954,-0.024072601768245678,-0.036140616690336844,-0.024093850569622533
2010-08-27,0.03650335796831626,0.024326369128271522,0.03645783965443896,0.024305120326894667
2010-08-30,-0.03135869320922433,-0.02093368202020973,-0.03149524815085623,-0.02099742842434029
2010-08-31,-0.010333542265685162,-0.006898416353426737,-0.010379060579562461,-0.006919665154803592
2010-09-01,0.08972234341740562,0.05980550743530046,0.08967682510352833,0.05978425863392361
2010-09-02,0.03349896615853143,0.022323163273564907,0.03345344784465413,0.02230191447218805
2010-09-03,0.049697993263418345,0.033122607332642266,0.049652474949541045,0.03310135853126541
2010-09-07,-0.020270419552445653,-0.013551165740176948,-0.02045249280795485,-0.013636160945684369
2010-09-08,0.03609217689284664,0.024052063085594464,0.03604665857896934,0.02403081428421761
2010-09-09,0.011660580500134438,0.007764332157119663,0.011615062186257139,0.007743083355742808
2010-09-10,0.010969763057755436,0.007303787195533663,0.010924244743878138,0.007282538394156808
2010-09-13,0.04180182441868481,0.027839718416879992,0.04166526947705291,0.027775972012749426
2010-09-14,0.012683876799695893,0.008446622350666089,0.012638358485818593,0.008425373549289234
2010-09-15,0.01895187411993949,0.012625287230828489,0.01890635580606219,0.012604038429451634
2010-09-16,0.01192154223816199,0.007938399309643488,0.01187602392428469,0.007917150508266633
2010-09-17,0.010147324619885855,0.006755680229317922,0.010101806306008555,0.006734431427941067
2010-09-20,0.052464527646919966,0.03494874321279537,0.052327972705288064,0.0348849968086648
2010-09-21,-0.0006300295644446083,-0.0004291298903571096,-0.0006755478783219081,-0.00045037869173396474
2010-09-22,-0.00800510046781971,-0.00534584382594051,-0.008050618781697008,-0.005367092627317365
2010-09-23,-0.0012470102782726445,-0.0008405430361210778,-0.0012925285921499443,-0.000861791837497933
2010-09-24,0.06100699757708926,0.040662128867453524,0.06096147926321196,0.04064088006607667
2010-09-27,-0.01635583650024063,-0.01093177754755393,-0.016492391441872527,-0.010995523951684495
2010-09-28,-0.0012298211283586448,-0.0008290836028450779,-0.0012753394422359446,-0.000850332404221933
2010-09-29,-0.004877236846110145,-0.0032606940813460776,-0.004922755159987445,-0.003281942882722933
2010-09-30,-0.013406037908102846,-0.00894656145600788,-0.013451556221980146,-0.008967810257384735
2010-10-01,-0.0036830869313575444,-0.0024645941381776773,-0.003728605245234844,-0.0024858429395545325
2010-10-04,-0.03248924325100844,-0.021687104052490233,-0.03262579819264034,-0.0217508504566208
2010-10-05,0.07300656114507542,0.04866155993126091,0.07296104283119811,0.048640311129884053
2010-10-06,-0.02599083744398682,-0.017336798445914316,-0.02603635575786412,-0.01735804724729117
2010-10-07,0.010955428018520721,0.007294137846891105,0.010909909704643422,0.00727288904551425
2010-10-08,0.020630605077924018,0.013744255886493304,0.020585086764046717,0.01372300708511645
2010-10-11,0.0011655703921736441,0.0007483264783464557,0.0010290154505417446,0.0006845800742158901
2010-10-12,0.02048183383539108,0.013644982407004284,0.02043631552151378,0.01362373360562743
2010-10-13,0.024532032599153417,0.016345207567312905,0.024486514285276116,0.01632395876593605
2010-10-14,-0.0059526096556343795,-0.003977887269212295,-0.005998127969511679,-0.00399913607058915
2010-10-15,0.06365248180485474,0.042425599693599866,0.06360696349097744,0.04240435089222301
2010-10-18,-0.011113621576311489,-0.007437245579784211,-0.011250176517943387,-0.007500991983914776
2010-10-19,-0.028086027168046614,-0.018733313627828912,-0.028131545481923915,-0.018754562429205767
2010-10-20,0.021828187690639735,0.014542736950789862,0.021782669376762435,0.014521488149413007
2010-10-21,0.0058459550788709375,0.0038879152096106635,0.005800436764993638,0.0038666664082338082
2010-10-22,0.02045742713661542,0.013628803925620905,0.02041190882273812,0.01360755512424405
2010-10-25,0.01448336143488666,0.009627131793556313,0.014346806493254762,0.009563385389425747
2010-10-26,0.008078592021368637,0.005376339837942463,0.008033073707491338,0.0053550910365656075
2010-10-27,0.009211822634426938,0.006131826913314663,0.009166304320549639,0.006110578111937808
2010-10-28,0.006307640878649037,0.0041957057427960635,0.006262122564771737,0.004174456941419208
2010-10-29,-0.006896020543155579,-0.004606827860893095,-0.006941538857032878,-0.00462807666226995
2010-11-01,0.002260871964385444,0.0014785275264876557,0.0021243170227535444,0.0014147811223570901
2010-11-02,0.03215717836899513,0.021428638080540706,0.03211166005511783,0.02140738927916385
2010-11-03,0.013627194033351319,0.009075315190111503,0.01358167571947402,0.009054066388734648
2010-11-04,0.036764826392758826,0.024500403429716506,0.036719308078881525,0.02447915462833965
2010-11-05,-1.3799938770595614e-05,-1.8680791303106025e-05,-5.931825264789543e-05,-3.99295926799612e-05
2010-11-08,0.0038707487686683627,0.0025520566827441147,0.003734193827036463,0.002488310278613549
2010-11-09,-0.016201871708782182,-0.010810728637977496,-0.016247390022659482,-0.010831977439354351
2010-11-10,0.015140475156444322,0.010084169272173505,0.015094956842567023,0.01006292047079665
2010-11-11,-0.01900212361053748,-0.012677563239147696,-0.01904764192441478,-0.012698812040524551
2010-11-12,-0.048907502148502174,-0.03261448226445749,-0.048953020462379475,-0.032635731065834346
2010-11-15,-0.011467636864251238,-0.007673533739202286,-0.011604191805883136,-0.007737280143332851
2010-11-16,-0.049336503051702355,-0.032900390210771534,-0.049382021365579655,-0.03292163901214839
2010-11-17,0.008731515875421193,0.005811715067816291,0.008685997561543892,0.005790466266439436
2010-11-18,0.048241803524857144,0.03215181417360147,0.04819628521097984,0.03213056537222461
2010-11-19,0.002273472778517891,0.00150635300321409,0.0022279544646405915,0.001485104201837235
2010-11-22,0.025114471894619208,0.01671481673416959,0.02497791695298731,0.016651070330039024
2010-11-23,-0.0476439407646166,-0.0317719226922089,-0.0476894590784939,-0.03179317149358576
2010-11-24,0.06048108654593989,0.04031142884816209,0.060435568232062586,0.04029018004678524
2010-11-26,-0.019796679013794588,-0.013216191710408354,-0.01988771564154919,-0.013258689313162065
2010-11-29,-0.002321037007290734,-0.0015749665566784335,-0.0024575919489226335,-0.001638712960808999
2010-11-30,-0.03642913675071542,-0.02429510867330527,-0.03647465506459272,-0.024316357474682124
2010-12-01,0.0633374077907818,0.042215828346460496,0.06329188947690449,0.04219457954508364
2010-12-02,0.03044049331006305,0.02028445935610272,0.030394974996185754,0.020263210554725866
2010-12-03,0.007802043895917156,0.005192159746672123,0.007756525582039856,0.005170910945295267
2010-12-06,-0.001157404161074889,-0.0007997673029598109,-0.0012939591027067885,-0.0008635137070903765
2010-12-07,0.0016568490636718915,0.00109527052665009,0.0016113307497945917,0.001074021725273235
2010-12-08,0.011120861522269735,0.007404519505209863,0.011075343208392437,0.0073832707038330074
2010-12-09,0.002758537390573991,0.0018297294112514899,0.002713019076696691,0.0018084806098746348
2010-12-10,0.019938165099014034,0.013282721889706061,0.019892646785136733,0.013261473088329206
2010-12-13,-0.010501735216231439,-0.007029599307189086,-0.010638290157863337,-0.007093345711319651
2010-12-14,0.005510477135765891,0.0036643559080460904,0.005464958821888592,0.003643107106669235
2010-12-15,-0.01325112909866711,-0.008843381581575912,-0.01329664741254441,-0.008864630382952767
2010-12-16,0.023250284542388033,0.015490801518622062,0.023204766228510733,0.015469552717245207
2010-12-17,0.0026298036018477214,0.001743721569109105,0.0025842852879704213,0.0017224727677322498
2010-12-20,0.002163038890396634,0.0014130275378166006,0.0020264839487647347,0.001349281133686035
2010-12-21,0.018130714079237935,0.012077754543188662,0.018085195765360634,0.012056505741811807
2010-12-22,-0.0005606841805455631,-0.00038317763000033695,-0.0006062024944228629,-0.0004044264313771921
2010-12-23,-0.007666251725609463,-0.005120222660042937,-0.0077117700394867626,-0.005141471461419792
2010-12-27,0.001585096207723548,0.001019178099935852,0.0014030229522143487,0.0009341828944284313
2010-12-28,-0.005492948746150708,-0.0036710760114945095,-0.005538467060028008,-0.0036923248128713647
2010-12-29,0.006569801418705191,0.0043705720966722905,0.006524283104827892,0.004349323295295435
2010-12-30,-0.007131178766338779,-0.004763600009681895,-0.007176697080216079,-0.00478484881105875
2010-12-31,-0.01099128754617042,-0.007337098514036715,-0.011036805860047719,-0.00735834731541357
2011-01-03,0.046784290592563144,0.031160806611939457,0.04664773565093124,0.03109706020780889
2011-01-04,-0.002185049220429709,-0.00146599499608431,-0.0022305675343070085,-0.001487243797461165
2011-01-05,0.025497893290212535,0.016989207350505065,0.025452374976335235,0.01696795854912821
2011-01-06,0.009670997617861736,0.006437943568937863,0.009625479303984438,0.0064166947675610075
2011-01-07,-0.002696006355046309,-0.00180663308582871,-0.0027415246689236087,-0.001827881887205565
2011-01-10,0.01123420298778761,0.007461304129615189,0.011097648046155713,0.007397557725484624
2011-01-11,0.004263436555071191,0.00283299552091629,0.0042179182411938914,0.002811746719539435
2011-01-12,0.021352886853239886,0.014225962386362088,0.021307368539362586,0.014204713584985233
2011-01-13,0.0010466389970983914,0.0006884638156010901,0.0010011206832210916,0.0006672150142242349
2011-01-14,0.02225359025569819,0.014826431321334288,0.022208071941820888,0.014805182519957433
2011-01-18,0.008361697679095665,0.00553728305620576,0.008179624423586466,0.00545228785069834
2011-01-19,-0.03413004182659724,-0.022762564068337477,-0.03417556014047454,-0.022783812869714332
2011-01-20,-0.02125091847311745,-0.014176481832684279,-0.021296436786994746,-0.014197730634061134
2011-01-21,-0.023006585664079947,-0.015346926626659279,-0.023052103977957244,-0.015368175428036134
2011-01-24,0.041441876027122064,0.027600308799596768,0.04130532108549016,0.027536562395466202
2011-01-25,0.004235301950363256,0.0028143317829695228,0.004189783636485956,0.0027930829815926675
2011-01-26,0.015905372005028555,0.010594378486079721,0.015859853691151258,0.010573129684702866
2011-01-27,0.01846063936470975,0.01229789005920052,0.018415121050832452,0.012276641257823665
2011-01-28,-0.07608921350413632,-0.05073543785188871,-0.07613473181801363,-0.05075668665326556
2011-01-31,0.014488716554699074,0.00963125782240587,0.014352161613067174,0.009567511418275304
2011-02-01,0.05623493052612139,0.037480658168283096,0.05618941221224409,0.03745940936690624
2011-02-02,-0.004746849327708409,-0.0031738617342701096,-0.004792367641585709,-0.003195110535646965
2011-02-03,0.005251337491972956,0.0034916888107093228,0.005205819178095656,0.0034704400093324675
2011-02-04,0.016809013530841736,0.011196620844257862,0.016763495216964436,0.011175372042881007
2011-02-07,0.014071943559151775,0.00935340915870767,0.013935388617519875,0.009289662754577105
2011-02-08,0.019758810909727954,0.013163337755879322,0.019713292595850657,0.013142088954502466
2011-02-09,-0.005184831050158909,-0.00346584954923711,-0.005230349364036209,-0.003487098350613965
2011-02-10,0.004646152167743637,0.003088046602192463,0.004600633853866338,0.003066797800815608
2011-02-11,0.02170190844309318,0.014458365478805685,0.02165639012921588,0.01443711667742883
2011-02-14,0.007148946836921945,0.004737244108178655,0.007012391895290045,0.00467349770404809
2011-02-15,-0.004110233986494879,-0.002749636823119295,-0.004155752300372179,-0.0027708856244961504
2011-02-16,0.01947293556933812,0.012972476214102704,0.019427417255460818,0.01295122741272585
2011-02-17,-0.0010320790417777184,-0.0006976261777749148,-0.0010775973556550183,-0.00071887497915177
2011-02-18,-0.006637698090508578,-0.004434983468886095,-0.006683216404385878,-0.004456232270262949
2011-02-22,-0.08688694617539061,-0.057963665869466725,-0.08706901943089981,-0.058048661074974146
2011-02-23,-0.02473655946773562,-0.016500613128413517,-0.02478207778161292,-0.016521861929790372
2011-02-24,0.01589915093245938,0.010589860471716485,0.01585363261858208,0.01056861167033963
2011-02-25,0.04166758700581503,0.027768910505087306,0.04162206869193773,0.02774766170371045
2011-02-28,0.006203622661746362,0.004107305944796114,0.006067067720114463,0.004043559540665549
2011-03-01,-0.04831040818552961,-0.03221623430615091,-0.04835592649940691,-0.03223748310752776
2011-03-02,0.015818502205727034,0.010536279960848062,0.015772983891849734,0.010515031159471206
2011-03-03,0.05931578626547852,0.03953437667819631,0.05927026795160122,0.03951312787681945
2011-03-04,-0.01545855109120708,-0.010315181559594096,-0.015504069405084378,-0.010336430360970952
2011-03-07,-0.04040659708517886,-0.026966451839888543,-0.04054315202681076,-0.02703019824401911
2011-03-08,0.012052547954755646,0.008025365840132267,0.012007029640878346,0.008004117038755412
2011-03-09,-0.020389569118912355,-0.013602712208979734,-0.020435087432789656,-0.01362396101035659
2011-03-10,-0.046828706179344946,-0.03122889622436488,-0.04687422449322225,-0.031250145025741735
2011-03-11,0.018691702726678597,0.012451191110177492,0.0186461844128013,0.012429942308800637
2011-03-14,-0.0106536222582642,-0.0071322469616675165,-0.0107901771998961,-0.007195993365798082
2011-03-15,-0.04264776700007858,-0.028441696075266098,-0.04269328531395588,-0.028462944876642953
2011-03-16,-0.07245869670603307,-0.04831555657549028,-0.07250421501991036,-0.04833680537686714
2011-03-17,0.027688696046164148,0.01844937192597452,0.027643177732286847,0.018428123124597663
2011-03-18,-0.006771641903932099,-0.004524371976896305,-0.006817160217809399,-0.0045456207782731605
2011-03-21,0.05781971408551832,0.03851636605105565,0.05768315914388642,0.03845261964692508
2011-03-22,-0.005418343692504351,-0.0036219878998044806,-0.005463862006381651,-0.003643236701181336
2011-03-23,0.01677537515531305,0.011173824665407119,0.01672985684143575,0.011152575864030264
2011-03-24,0.053300318228906324,0.03552369407739051,0.05325479991502902,0.03550244527601366
2011-03-25,0.0073960146211766225,0.0049208250055707056,0.007350496307299323,0.004899576204193851
2011-03-28,-0.016397163109613935,-0.010960996298717085,-0.016533718051245833,-0.01102474270284765
2011-03-29,0.029175208067124744,0.019440472581711665,0.029129689753247444,0.01941922378033481
2011-03-30,0.014178881527124949,0.009442828913281718,0.014133363213247648,0.009421580111904863
2011-03-31,0.00417286691850745,0.0027721525075367196,0.004127348604630149,0.0027509037061598644
2011-04-01,0.0015558962510252218,0.0010274127588031055,0.001510377937147922,0.0010061639574262503
2011-04-04,-0.009952249896340774,-0.006664943270183753,-0.010088804837972672,-0.006728689674314318
2011-04-05,-0.007866661825527912,-0.005254570508697862,-0.007912180139405213,-0.005275819310074717
2011-04-06,0.0073417438410353095,0.004884459225371349,0.00729622552715801,0.004863210423994495
2011-04-07,-0.0021054699134634126,-0.0014137759006548618,-0.0021509882273407126,-0.001435024702031717
2011-04-08,-0.014163948465754037,-0.009452946834186824,-0.014209466779631337,-0.00947419563556368
2011-04-11,-0.010035862642444313,-0.006721518666015273,-0.010172417584076212,-0.006785265070145839
2011-04-12,-0.020622433202012343,-0.013758510711364677,-0.020667951515889644,-0.013779759512741532
2011-04-13,0.025536952001903458,0.017014412757912524,0.025491433688026158,0.01699316395653567
2011-04-14,-0.0052879703025855125,-0.0035354428267362617,-0.005333488616462812,-0.0035566916281131165
2011-04-15,-0.0052962175047657906,-0.0035408483384960507,-0.00534173581864309,-0.003562097139872906
2011-04-18,-0.021214258939660176,-0.014172949299063353,-0.021350813881292074,-0.014236695703193919
2011-04-19,0.01865654990042481,0.01242766326496435,0.01861103158654751,0.012406414463587494
2011-04-20,0.06783388701129749,0.04521246204918574,0.06778836869742018,0.045191213247808885
2011-04-21,0.023832700263975284,0.015878337550970935,0.023787181950097984,0.01585708874959408
2011-04-25,0.007674359513832249,0.005075722509171153,0.0074922862583230495,0.004990727303663732
2011-04-26,0.01691479166949561,0.011266491111011549,0.01686927335561831,0.011245242309634694
2011-04-27,0.02039091972888981,0.013583909817274349,0.02034540141501251,0.013562661015897494
2011-04-28,-0.004568868010767013,-0.003056041298857262,-0.004614386324644313,-0.003077290100234117
2011-04-29,-0.002546070049449438,-0.0017076945566504246,-0.0025915883633267378,-0.0017289433580272796
2011-05-02,-0.005611658424957113,-0.003772049187690473,-0.005748213366589013,-0.0038357955918210387
2011-05-03,-0.01425379565853954,-0.009512752349049476,-0.014299313972416839,-0.009534001150426331
2011-05-04,-0.00460948278084628,-0.003083395653226845,-0.004655001094723579,-0.0031046444546037
2011-05-05,-0.01638960036307138,-0.010936807374710245,-0.01643511867694868,-0.0109580561760871
2011-05-06,0.009771790123993773,0.006504027012370131,0.009726271810116472,0.006482778210993276
2011-05-09,0.011265574072040619,0.007478883503816592,0.011129019130408719,0.007415137099686026
2011-05-10,0.02554913741364032,0.017022351143097556,0.02550361909976302,0.0170011023417207
2011-05-11,-0.021801859211106278,-0.014544979940066845,-0.02184737752498358,-0.0145662287414437
2011-05-12,0.017860944748307718,0.011896889366209154,0.017815426434430418,0.011875640564832299
2011-05-13,-0.035534448825696924,-0.023700132287423667,-0.035579967139574224,-0.023721381088800522
2011-05-16,-0.05189920619805594,-0.03463069219669194,-0.052035761139687844,-0.034694438600822504
2011-05-17,0.008353453270156063,0.005558654323086576,0.008307934956278762,0.005537405521709721
2011-05-18,0.02500799563401946,0.016661682565662174,0.02496247732014216,0.01664043376428532
2011-05-19,0.008777764575772859,0.005841621140492124,0.00873224626189556,0.005820372339115269
2011-05-20,-0.022685441292626642,-0.015133849438440877,-0.022730959606503943,-0.015155098239817732
2011-05-23,-0.044168985241003926,-0.029476655890738626,-0.04430554018263582,-0.029540402294869192
2011-05-24,-0.018456967623463813,-0.012314774373988462,-0.018502485937341114,-0.012336023175365318
2011-05-25,0.011655793141235687,0.007760399469144539,0.011610274827358387,0.007739150667767683
2011-05-26,0.018480535337231686,0.012310227599808538,0.018435017023354386,0.012288978798431683
2011-05-27,0.015216738649166757,0.010134270522754722,0.015171220335289459,0.010113021721377867
2011-05-31,0.04854332555172924,0.032321329394393694,0.04836125229622004,0.03223633418888627
2011-06-01,-0.06529391303367661,-0.043539404647463656,-0.06533943134755392,-0.04356065344884051
2011-06-02,0.00629627591271996,0.004187295365123524,0.00625075759884266,0.00416604656374667
2011-06-03,-0.04510568802034574,-0.030080773203914626,-0.04515120633422304,-0.03010202200529148
2011-06-06,-0.02451706051116312,-0.016375650578494473,-0.024653615452795017,-0.01643939698262504
2011-06-07,-0.005376440091318241,-0.003594515304235276,-0.0054219584051955405,-0.003615764105612131
2011-06-08,-0.021518751216658142,-0.014356056054461877,-0.021564269530535442,-0.014377304855838732
2011-06-09,0.0054079150827694615,0.0035949621981621756,0.005362396768892162,0.0035737133967853204
2011-06-10,-0.04596372349325694,-0.030652704238861076,-0.04600924180713424,-0.03067395304023793
2011-06-13,-2.8060414104471768e-05,-4.9372672805660544e-05,-0.00016461535573637122,-0.00011311907693622604
2011-06-14,0.03842354644281036,0.025605475718517123,0.03837802812893306,0.025584226917140268
2011-06-15,-0.056929619223090235,-0.03796330139208327,-0.056975137536967535,-0.03798455019346012
2011-06-16,-0.011614348248162243,-0.007753120742131276,-0.011659866562039541,-0.0077743695435081315
2011-06-17,-0.00940513267973304,-0.006280310363178476,-0.00945065099361034,-0.00630155916455533
2011-06-20,0.015589738165434784,0.010362215205904126,0.015453183223802886,0.010298468801773562
2011-06-21,0.06435258742407933,0.04289131781672356,0.06430706911020202,0.04287006901534671
2011-06-22,-0.02173430753148988,-0.014499945486989246,-0.02177982584536718,-0.014521194288366101
2011-06-23,0.027895612725701072,0.018586575413508333,0.027850094411823772,0.018565326612131478
2011-06-24,-0.05204938451057335,-0.03471018201028923,-0.052094902824450645,-0.03473143081166608
2011-06-27,0.04797329445008362,0.031950697089178595,0.04783673950845172,0.03188695068504803
2011-06-28,0.04451783597387698,0.02966805757895893,0.04447231765999968,0.029646808777582075
2011-06-29,0.012297778595511321,0.008188111931011554,0.012252260281634023,0.008166863129634699
2011-06-30,0.03995605365380218,0.02662686936557573,0.03991053533992488,0.026605620564198875
2011-07-01,0.045215581531146624,0.030133313888101757,0.045170063217269324,0.030112065086724902
2011-07-05,0.014991676326502393,0.009952451936498725,0.014809603070993195,0.009867456730991304
2011-07-06,0.009786608517507274,0.006513905941379131,0.009741090203629973,0.006492657140002276
2011-07-07,0.04109497745084524,0.027386059297323163,0.04104945913696795,0.027364810495946308
2011-07-08,-0.008117296273676378,-0.005421937981780245,-0.008162814587553677,-0.0054431867831571
2011-07-11,-0.05440297890235734,-0.036299873999559536,-0.05453953384398924,-0.0363636204036901
2011-07-12,-0.022782436911949783,-0.015198698407295846,-0.022827955225827083,-0.015219947208672702
2011-07-13,0.01250791654625432,0.008328203898173554,0.012462398232377022,0.008306955096796699
2011-07-14,-0.03480480285558836,-0.023213794240299238,-0.03485032116946565,-0.023235043041676093
2011-07-15,0.03992855628174214,0.026608445184587763,0.03988303796786485,0.026587196383210908
2011-07-18,-0.01609876815071318,-0.010764011311352607,-0.01623532309234508,-0.010827757715483173
2011-07-19,0.06829185386331266,0.04551740283858273,0.06824633554943536,0.045496154037205874
2011-07-20,-0.01275190993531228,-0.008511680422870847,-0.012797428249189578,-0.008532929224247702
2011-07-21,0.01995884507707227,0.013295396981089131,0.01991332676319497,0.013274148179712276
2011-07-22,0.031011784385629557,0.020664301013729923,0.030966266071752256,0.020643052212353068
2011-07-25,-0.0060679579315942225,-0.004075971017798828,-0.006204512873226121,-0.0041397174219293936
2011-07-26,0.007556077848474359,0.005027163322293124,0.007510559534597059,0.0050059145209162695
2011-07-27,-0.0774877052395546,-0.05166850682835525,-0.07753322355343191,-0.051689755629732104
2011-07-28,0.0051529113317545,0.003425330180228095,0.005107393017877201,0.0034040813788512396
2011-07-29,-0.009806442148152092,-0.006547664767420251,-0.00985196046202939,-0.006568913568797106
2011-08-01,-0.014001394250339253,-0.009363539147964242,-0.014137949191971153,-0.009427285552094808
2011-08-02,-0.07588210848096756,-0.05059783109211328,-0.07592762679484485,-0.05061907989349013
2011-08-03,0.028779931044314686,0.019176491404530534,0.028734412730437385,0.01915524260315368
2011-08-04,-0.13941987433220646,-0.09295708262509668,-0.13946539264608376,-0.09297833142647353
2011-08-05,-0.018837659169247227,-0.01256893918312387,-0.018883177483124527,-0.012590187984500725
2011-08-08,-0.18058962760712416,-0.1204248620811371,-0.18072618254875605,-0.12048860848526767
2011-08-09,0.14468268411064866,0.09644490083040932,0.14463716579677136,0.09642365202903247
2011-08-10,-0.12276848569076908,-0.08185606425984206,-0.12281400400464638,-0.08187731306121891
2011-08-11,0.1321194395663247,0.08806912664059073,0.13207392125244738,0.08804787783921388
2011-08-12,0.02654531007200102,0.017686466248671356,0.02649979175812372,0.0176652174472945
2011-08-15,0.044218278975371325,0.029447353439370397,0.044081724033739424,0.02938360703523983
2011-08-16,-0.025392757703937327,-0.016939004872917267,-0.025438276017814627,-0.016960253674294122
2011-08-17,-0.01782023649756808,-0.011890564797708046,-0.01786575481144538,-0.011911813599084902
2011-08-18,-0.14726379138103587,-0.09818645325726424,-0.14730930969491315,-0.0982077020586411
2011-08-19,-0.054177285708292756,-0.03612878280876883,-0.05422280402217005,-0.03615003161014568
2011-08-22,0.01077031978827202,0.0071487139813041925,0.01063376484664012,0.007084967577173627
2011-08-23,0.12367370656295974,0.08243854537206616,0.12362818824908244,0.0824172965706893
2011-08-24,0.02351986662126454,0.015669318744269363,0.02347434830738724,0.015648069942892508
2011-08-25,-0.048973943158908025,-0.03265979517623107,-0.049019461472785325,-0.032681043977607925
2011-08-26,0.07523910295486234,0.05014880963333457,0.07519358464098504,0.05012756083195771
2011-08-29,0.08354828471417293,0.0556670794663943,0.08341172977254104,0.055603333062263734
2011-08-30,0.01976840351236677,0.01316843593795213,0.01972288519848947,0.013147187136575275
2011-08-31,0.004903980530909441,0.0032587280173659652,0.004858462217032141,0.0032374792159891104
2011-09-01,-0.027250360340536527,-0.018177406630650067,-0.027295878654413828,-0.018198655432026922
2011-09-02,-0.07038808613893355,-0.04693589049624807,-0.07043360445281084,-0.04695713929762493
2011-09-06,0.0005322414238798915,0.0003128286680837238,0.00035016816837069227,0.00022783346257630312
2011-09-07,0.07599065239385036,0.05064993519227453,0.07594513407997307,0.050628686390897674
2011-09-08,-0.013733486726337028,-0.00916615755451707,-0.013779005040214329,-0.009187406355893926
2011-09-09,-0.06674805128584684,-0.044509200594190265,-0.06679356959972413,-0.04453044939556712
2011-09-12,0.038338162158956524,0.025526997762916698,0.03820160721732463,0.025463251358786132
2011-09-13,0.04009655747890114,0.026720445982693762,0.040051039165023845,0.026699197181316907
2011-09-14,0.04286666914325914,0.028567187092265762,0.04282115082938184,0.028545938290888907
2011-09-15,0.04442874411284614,0.029608570405323765,0.04438322579896885,0.02958732160394691
2011-09-16,0.02749170223531594,0.018317209153636962,0.02744618392143864,0.018295960352260107
2011-09-19,0.0010383695684593258,0.0006604693692518964,0.0009018146268274263,0.0005967229651213309
2011-09-20,-0.013256029747358058,-0.008847945501479035,-0.013301548061235359,-0.00886919430285589
2011-09-21,-0.05217095221738226,-0.03479122714816183,-0.05221647053125955,-0.034812475949538686
2011-09-22,-0.09751570136363875,-0.06502105991233284,-0.09756121967751606,-0.0650423087137097
2011-09-23,0.03190954491181736,0.021262345009704725,0.03186402659794006,0.02124109620832787
2011-09-26,0.034880579822125925,0.023221942871696297,0.03474402488049403,0.02315819646756573
2011-09-27,0.031207859294566473,0.020794739792751933,0.031162340980689172,0.020773490991375078
2011-09-28,-0.04445124812164136,-0.029644757751001238,-0.044496766435518656,-0.029666006552378093
2011-09-29,-0.03576696372985772,-0.023855142223530867,-0.03581248204373502,-0.023876391024907722
2011-09-30,-0.07740202520735644,-0.051611849875196666,-0.07744754352123373,-0.05163309867657352
2011-10-03,-0.07718107549855599,-0.051485549543247806,-0.0773176304401879,-0.05154929594737837
2011-10-04,0.061588509844861174,0.04104850682628173,0.06154299153098387,0.041027258024904874
2011-10-05,0.07701798157514764,0.05133472871352477,0.07697246326127033,0.051313479912147915
2011-10-06,0.050432669073556764,0.033611094450864326,0.050387150759679464,0.03358984564948747
2011-10-07,-0.019848457331124857,-0.013242897223990234,-0.019893975645002157,-0.01326414602536709
2011-10-10,0.10373318834600381,0.06912368188761489,0.10359663340437192,0.06905993548348432
2011-10-11,0.02037161505728314,0.013570484368281765,0.02032609674340584,0.01354923556690491
2011-10-12,0.014906808537493472,0.00992737262136993,0.014861290223616172,0.009906123819993074
2011-10-13,0.02755413275752347,0.01835892210138993,0.02750861444364617,0.018337673300013076
2011-10-14,0.05566473866316357,0.03709932603848333,0.05561922034928627,0.037078077237106474
2011-10-17,-0.046430967798862285,-0.030985477743452006,-0.04656752274049419,-0.03104922414758257
2011-10-18,0.03717739566490696,0.024774615919587174,0.03713187735102966,0.02475336711821032
2011-10-19,-0.05795008750183184,-0.03864370619157202,-0.05799560581570914,-0.03866495499294888
2011-10-20,-0.014778954752374479,-0.009863043634245646,-0.014824473066251778,-0.009884292435622501
2011-10-21,0.03763113177654213,0.025077014051698755,0.03758561346266483,0.0250557652503219
2011-10-24,0.06228132140712622,0.041489381727206995,0.06214476646549432,0.04142563532307643
2011-10-25,-0.05899288580401712,-0.039339090272970466,-0.05903840411789442,-0.03936033907434732
2011-10-26,-0.0036692577310589577,-0.0024567641572796344,-0.0037147760449362573,-0.002478012958656489
2011-10-27,0.08275715371161087,0.055160936070781534,0.08271163539773357,0.05513968726940468
2011-10-28,0.004580425462280073,0.003043117237894331,0.004534907148402773,0.003021868436517476
2011-10-31,-0.05041157010398718,-0.033639490412379104,-0.05054812504561908,-0.03370323681650967
2011-11-01,-0.07817767814090786,-0.05212904443051223,-0.07822319645478516,-0.052150293231889085
2011-11-02,0.02550651415817734,0.016993750435544564,0.02546099584430004,0.01697250163416771
2011-11-03,0.06218559707275474,0.04144647237859617,0.06214007875887745,0.04142522357721932
2011-11-04,-0.015497586258667458,-0.010342316509018635,-0.015543104572544758,-0.01036356531039549
2011-11-07,0.021258723567235027,0.014140705368435697,0.021122168625603125,0.014076958964305131
2011-11-08,0.03452285257145794,0.023004642711064963,0.03447733425758065,0.022983393909688107
2011-11-09,-0.10547529070905357,-0.07032745280927605,-0.10552080902293087,-0.0703487016106529
2011-11-10,-0.0015911905875464578,-0.0010713860616046345,-0.0016367089014237576,-0.0010926348629814898
2011-11-11,0.05652710650279384,0.03767414533195557,0.05648158818891655,0.03765289653057872
2011-11-14,-0.018690400007792273,-0.012492043681582504,-0.018826954949424175,-0.01255579008571307
2011-11-15,0.033390875591751044,0.022249991391260365,0.03334535727787375,0.02222874258988351
2011-11-16,-0.04955312708886686,-0.03304601039581823,-0.049598645402744154,-0.03306725919719509
2011-11-17,-0.07032362463563066,-0.04689300876032743,-0.07036914294950797,-0.04691425756170429
2011-11-18,-0.02311287686083113,-0.01541908431084647,-0.02315839517470843,-0.015440333112223325
2011-11-21,-0.05742320826211938,-0.0383139158511339,-0.05755976320375127,-0.03837766225526447
2011-11-22,0.009930605858555073,0.006609904168744331,0.009885087544677772,0.0065886553673674755
2011-11-23,-0.06768971117587654,-0.04513697385421007,-0.06773522948975383,-0.04515822265558692
2011-11-25,-0.023096454606308454,-0.015418635878123737,-0.023187491234063055,-0.015461133480877447
2011-11-28,0.10436536252153342,0.06954540913681179,0.10422880757990151,0.06948166273268122
2011-11-29,-0.01864961734617178,-0.012443485363443845,-0.01869513566004908,-0.0124647341648207
2011-11-30,0.11087860996403397,0.07390857357239693,0.11083309165015667,0.07388732477102007
2011-12-01,0.02074179301577434,0.013817269673942565,0.02069627470189704,0.01379602087256571
2011-12-02,-0.008462584835990957,-0.005652315560567634,-0.008508103149868258,-0.005673564361944489
2011-12-05,0.03282825925785442,0.021854006961025796,0.032691704316222515,0.02179026055689523
2011-12-06,-0.008392364647927458,-0.005605502101858634,-0.008437882961804758,-0.00562675090323549
2011-12-07,-7.130912064874517e-06,-1.534627795024548e-05,-5.264922594217434e-05,-3.659507932710065e-05
2011-12-08,-0.05046329741938023,-0.03365269801654587,-0.05050881573325753,-0.033673946817922726
2011-12-09,0.04810428181967344,0.03205892887654197,0.048058763505796145,0.032037680075165116
2011-12-12,-0.03369469686762258,-0.022494908254802704,-0.033831251809254476,-0.02255865465893327
2011-12-13,-0.03299713397639216,-0.022008681654168437,-0.03304265229026945,-0.022029930455545292
2011-12-14,-0.04681457817376766,-0.031220311119085437,-0.046860096487644956,-0.031241559920462292
2011-12-15,-0.008204475031018458,-0.005480242357252634,-0.008249993344895758,-0.00550149115862949
2011-12-16,0.015438435762606265,0.010281605576897326,0.015392917448728964,0.01026035677552047
2011-12-19,-0.029549518166323615,-0.019731733572069622,-0.029686073107955513,-0.019795479976200188
2011-12-20,0.08891120889440524,0.05926354692636317,0.08886569058052793,0.05924229812498631
2011-12-21,-0.04291776093264176,-0.02862243295833484,-0.042963279246519055,-0.028643681759711694
2011-12-22,0.02556689547498184,0.017034004646747564,0.02552137716110454,0.01701275584537071
2011-12-23,0.02589393905130004,0.017252033697626363,0.025848420737422738,0.017230784896249508
2011-12-27,0.011161481048254368,0.007398618019208262,0.010979407792745168,0.007313622813700841
2011-12-28,-0.03468065602159712,-0.023130937084690467,-0.03472617433547442,-0.023152185886067322
2011-12-29,0.021578497066742742,0.014375072374588165,0.02153297875286544,0.01435382357321131
2011-12-30,-0.008580533960460926,-0.0057308557105996685,-0.008626052274338226,-0.005752104511976524
2012-01-03,0.05746560188889319,0.03826840231142592,0.05728352863338399,0.0381834071059185
2012-01-04,0.012645469268560772,0.00841981310874813,0.012599950954683472,0.008398564307371275
2012-01-05,0.024669671585063974,0.016435947986416934,0.024624153271186673,0.01641469918504008
2012-01-06,0.010406470296269073,0.006927147127220331,0.010360951982391772,0.006905898325843476
2012-01-09,-0.009883459986204083,-0.006620472535013208,-0.010020014927835982,-0.006684218939143774
2012-01-10,0.02186072307947614,0.014563223049743765,0.02181520476559884,0.01454197424836691
2012-01-11,0.006195185765831373,0.004119624106928531,0.006149667451954073,0.0040983753055516756
2012-01-12,0.011856286925164774,0.00789369154648413,0.011810768611287473,0.007872442745107275
2012-01-13,-0.010797201675471579,-0.007208541582977045,-0.010842719989348878,-0.0072297903843539
2012-01-17,0.027295002519932485,0.01815503981597102,0.027112929264423286,0.0180700446104636
2012-01-18,0.03984832424849282,0.026555142366332555,0.03980280593461552,0.0265338935649557
2012-01-19,0.01865166510506702,0.012424036270715354,0.01860614679118972,0.012402787469338499
2012-01-20,-0.004520602047398041,-0.0030239566082884755,-0.00456612036127534,-0.003045205409665331
2012-01-23,0.0009753950654437776,0.0006195976468931723,0.000838840123811878,0.0005558512427626068
2012-01-24,-0.0055277994976024375,-0.0036955141887524243,-0.005573317811479737,-0.0037167629901292795
2012-01-25,0.03769261931279656,0.025118098351513574,0.03764710099891926,0.02509684955013672
2012-01-26,-0.010434185959510938,-0.006966438496691424,-0.010479704273388239,-0.0069876872980682795
2012-01-27,0.008958132372982259,0.005961866338631724,0.00891261405910496,0.005940617537254869
2012-01-30,0.0024537097714913618,0.0016054186392898144,0.0023171548298594625,0.0015416722351592489
2012-01-31,0.003960173762653259,0.0026298939317457243,0.0039146554487759595,0.002608645130368869
2012-02-01,0.024275169771350687,0.016173317222554537,0.024229651457473387,0.01615206842117768
2012-02-02,0.009332416407469788,0.006211481646633939,0.009286898093592488,0.0061902328452570834
2012-02-03,0.0411582778197091,0.027428907838864494,0.0411127595058318,0.02740765903748764
2012-02-06,-0.0024496262446743,-0.0016629162859409163,-0.0025861811863061995,-0.0017266626900714818
2012-02-07,0.006279034031077901,0.004176078646443695,0.006233515717200601,0.00415482984506684
2012-02-08,0.0159219757276435,0.010604706444154094,0.015876457413766202,0.010583457642777239
2012-02-09,0.02160262402565212,0.014391897941887706,0.02155710571177482,0.01437064914051085
2012-02-10,-0.02099417216482748,-0.014005966185098695,-0.02103969047870478,-0.01402721498647555
2012-02-13,0.027818744095891565,0.01851627517161992,0.027682189154259667,0.018452528767489353
2012-02-14,0.0076006289867551445,0.005057419861465267,0.007555110672877844,0.0050361710600884116
2012-02-15,-0.02089604836805652,-0.013940272395294115,-0.02094156668193382,-0.01396152119667097
2012-02-16,0.04109018927726264,0.027383793388470263,0.04104467096338535,0.027362544587093408
2012-02-17,-0.009442437631706149,-0.00630471719260568,-0.00948795594558345,-0.006325965993982535
2012-02-21,0.008466955984584888,0.005605231688868422,0.008284882729075687,0.005520236483361001
2012-02-22,-0.0136871482368317,-0.009134709532162708,-0.013732666550709,-0.009155958333539563
2012-02-23,0.01988734004405872,0.013248375287492105,0.019841821730181418,0.01322712648611525
2012-02-24,0.010342596808378422,0.006885213130371905,0.010297078494501124,0.006863964328995051
2012-02-27,0.004184859766920749,0.002760630196875758,0.004048304825288849,0.002696883792745192
2012-02-28,0.030431851277782678,0.02027832736859868,0.030386332963905378,0.020257078567221826
2012-02-29,-0.01345865680486565,-0.00898219664137868,-0.01350417511874295,-0.009003445442755536
2012-03-01,0.023743117168042296,0.015818800737753293,0.023697598854165,0.015797551936376438
2012-03-02,-0.0023221497502412,-0.0015580438744357053,-0.0023676680641185,-0.0015792926758125606
2012-03-05,-0.031016411170860576,-0.020707717453196953,-0.031152966112492474,-0.02077146385732752
2012-03-06,-0.029450770776372807,-0.019643791225190107,-0.029496289090250104,-0.019665040026566962
2012-03-07,0.023113330791403895,0.015398943153327693,0.023067812477526598,0.015377694351950837
2012-03-08,0.03230365888401911,0.021525828548404496,0.032258140570141806,0.02150457974702764
2012-03-09,0.0124982390958937,0.008322215356320894,0.0124527207820164,0.008300966554944039
2012-03-12,0.0013496160371172657,0.0008701897991037164,0.0012130610954853662,0.0008064433949731509
2012-03-13,0.055791032983571624,0.03718417058050071,0.055745514669694324,0.03716292177912386
2012-03-14,0.0104036117880331,0.0069257971510804945,0.0103580934741558,0.006904548349703639
2012-03-15,0.008560611514736622,0.005697222934610706,0.008515093200859324,0.0056759741332338505
2012-03-16,-0.0021290162252416995,-0.0014292881911027054,-0.0021745345391189995,-0.0014505369924795607
2012-03-19,0.021162522920032262,0.014078794387713716,0.021025967978400364,0.01401504798358315
2012-03-20,0.00536102346668695,0.0035642568729897196,0.005315505152809649,0.0035430080716128643
2012-03-21,0.0004348301451329493,0.00028012799195371917,0.0003893118312556495,0.000258879190576864
2012-03-22,-0.006270045709320978,-0.004189881881427695,-0.006315564023198278,-0.00421113068280455
2012-03-23,-0.0018021480107743998,-0.0012113760481245054,-0.0018476663246516996,-0.0012326248495013606
2012-03-26,0.052402864230526196,0.03490541069752608,0.052266309288894294,0.03484166429339552
2012-03-27,0.004391284543839222,0.002917671620679106,0.004345766229961923,0.0028964228193022507
2012-03-28,-0.01188646922010098,-0.007934164221947695,-0.011931987533978278,-0.00795541302332455
2012-03-29,-0.011490444660610579,-0.007670147848954095,-0.011535962974487878,-0.007691396650330949
2012-03-30,-0.005773759698666991,-0.003859209801096851,-0.005819278012544291,-0.003880458602473706
2012-04-02,0.031055822000653828,0.02067377132781265,0.03091926705902193,0.020610024923682083
2012-04-03,-0.0008877402008075001,-0.0006017708414799056,-0.0009332585146848,-0.0006230196428567607
2012-04-04,-0.0409030032767687,-0.027278612892120704,-0.040948521590646,-0.02729986169349756
2012-04-05,0.018711861780082297,0.012464630479113293,0.018666343466205,0.012443381677736438
2012-04-09,-0.0226378399597658,-0.015131669470276821,-0.022819913215275,-0.015216664675784242
2012-04-10,-0.04821881396489318,-0.03215572738514249,-0.04826433227877048,-0.032176976186519345
2012-04-11,0.014504547504406422,0.009659846927723906,0.014459029190529124,0.00963859812634705
2012-04-12,0.03430080647208382,0.022857352906175504,0.03425528815820652,0.02283610410479865
2012-04-13,-0.045540452343927375,-0.030370152971165295,-0.045585970657804675,-0.03039140177254215
2012-04-16,-0.03357533855541053,-0.022413113262581483,-0.033711893497042435,-0.02247685966671205
2012-04-17,0.06095299169512631,0.0406253837558093,0.06090747338124901,0.04060413495443244
2012-04-18,-0.007649252143930099,-0.005109445470228305,-0.007694770457807399,-0.00513069427160516
2012-04-19,-0.03378913601094159,-0.022536127342613253,-0.03383465432481889,-0.02255737614399011
2012-04-20,-0.008209468948883492,-0.005483015967907851,-0.00825498726276079,-0.005504264769284705
2012-04-23,-0.0274384326639126,-0.018322120565433114,-0.0275749876055445,-0.01838586696956368
2012-04-24,-0.016145650036572503,-0.010773710731989907,-0.0161911683504498,-0.010794959533366762
2012-04-25,0.07970400718951583,0.05312615338446351,0.07965848887563852,0.05310490458308666
2012-04-26,0.01759543292096422,0.011720437205429104,0.01754991460708692,0.01169918840405225
2012-04-27,0.01794146833078552,0.011951127478643304,0.01789595001690822,0.01192987867726645
2012-04-30,-0.021449763747356937,-0.014329396723879085,-0.021586318688988835,-0.01439314312800965
2012-05-01,0.00493158725921065,0.0032779660680055194,0.004886068945333349,0.003256717266628664
2012-05-02,0.008512735608105521,0.0056653056635233056,0.008467217294228222,0.00564405686214645
2012-05-03,-0.031774408837172294,-0.021192883265723106,-0.031819927151049594,-0.02121413206709996
2012-05-04,-0.07461546361993299,-0.04975349382183569,-0.0746609819338103,-0.04977474262321255
2012-05-07,0.0027490730347329274,0.0018026053505320473,0.0026125180931010276,0.0017388589464014817
2012-05-08,-0.01113029622475985,-0.00742995625464148,-0.01117581453863715,-0.007451205056018336
2012-05-09,-0.009310275768954079,-0.006216701921183095,-0.009355794082831378,-0.006237950722559949
2012-05-10,-0.006074533580011878,-0.0040595404618882945,-0.006120051893889178,-0.00408078926326515
2012-05-11,-0.0004792255686750507,-0.0003292424839182808,-0.0005247438825523506,-0.00035049128529513596
2012-05-14,-0.02808227860196355,-0.01875079538238044,-0.028218833543595452,-0.018814541786511006
2012-05-15,-0.009921708521667051,-0.006624231119246281,-0.009967226835544352,-0.006645479920623136
2012-05-16,-0.02036893744830428,-0.013589143040749894,-0.02041445576218158,-0.01361039184212675
2012-05-17,-0.06340509911154636,-0.04227982484583248,-0.06345061742542366,-0.042301073647209336
2012-05-18,-0.03896624306527565,-0.02598725414831868,-0.03901176137915295,-0.026008502949695537
2012-05-21,0.0838342553517798,0.055859671445028486,0.0836977004101479,0.05579592504089792
2012-05-22,-0.003371793666255678,-0.0022577138527174944,-0.003417311980132978,-0.0022789626540943497
2012-05-23,0.005755610229890022,0.003827222078046306,0.005710091916012723,0.0038059732766694506
2012-05-24,-0.01967336163176138,-0.013125425829721295,-0.01971887994563868,-0.01314667463109815
2012-05-25,-0.0038738218655904504,-0.0025923066818618803,-0.00391934017946775,-0.0026135554832387355
2012-05-29,0.03813648221923919,0.025384915845304622,0.037954408963729994,0.0252999206397972
2012-05-30,-0.02530571171864528,-0.016880325887643897,-0.02535123003252258,-0.016901574689020753
2012-05-31,-0.013006002405212491,-0.00868070493879385,-0.01305152071908979,-0.008701953740170706
2012-06-01,-0.07977230128234448,-0.053191570856881844,-0.07981781959622179,-0.0532128196582587
2012-06-04,0.022812193139935225,0.015178018754000246,0.022675638198303327,0.01511427234986968
2012-06-05,0.012310023454386101,0.008196738261982493,0.012264505140508801,0.008175489460605638
2012-06-06,0.06870731923747209,0.045794935450706495,0.06866180092359479,0.04577368664932964
2012-06-07,-0.01200785991641978,-0.008015091352826895,-0.012053378230297078,-0.00803634015420375
2012-06-08,0.02889517772803012,0.019253600410139703,0.02884965941415282,0.019232351608762847
2012-06-11,-0.05061535913402333,-0.03377312698165668,-0.050751914075655234,-0.033836873385787246
2012-06-12,0.03639066883272142,0.024250594479933902,0.03634515051884412,0.024229345678557047
2012-06-13,-0.02063285746782905,-0.013764997083354281,-0.02067837578170635,-0.013786245884731136
2012-06-14,0.01109241933724615,0.00738518745336252,0.01104690102336885,0.007363938651985665
2012-06-15,0.03726097464854625,0.024830983635992666,0.03721545633466895,0.02480973483461581
2012-06-18,0.028065512059114565,0.018680787147101918,0.027928957117482667,0.018617040742971352
2012-06-19,0.03112871221026145,0.02074271603537272,0.03108319389638415,0.020721467233995865
2012-06-20,0.0023231495460443222,0.0015389149554825056,0.002277631232167022,0.0015176661541056503
2012-06-21,-0.07467334260304058,-0.04979207981057409,-0.07471886091691789,-0.049813328611950945
2012-06-22,0.03157344254047522,0.021039110285103104,0.03152792422659792,0.02101786148372625
2012-06-25,-0.05780892100452413,-0.03856883489532388,-0.05794547594615603,-0.038632581299454447
2012-06-26,0.01881934616146375,0.012536472002840918,0.01877382784758645,0.012515223201464063
2012-06-27,0.018222785856115448,0.012138765132608718,0.018177267542238147,0.012117516331231863
2012-06-28,-0.03339898299198458,-0.022275840069870097,-0.03344450130586188,-0.022297088871246953
2012-06-29,0.09452162358827063,0.0630045643169667,0.09447610527439332,0.06298331551558985
2012-07-02,0.008849378300092565,0.005870031307753916,0.008712823358460665,0.005806284903623351
2012-07-03,0.025162694555023745,0.016765370931880918,0.025117176241146445,0.016744122130504063
2012-07-05,0.0018265946092999436,0.0011980269224392108,0.0017355579815453441,0.0011555293196855005
2012-07-06,-0.037436532784588396,-0.024967632564000506,-0.037482051098465696,-0.02498888136537736
2012-07-09,-0.0056465292264069,-0.0037941849404293164,-0.005783084168038799,-0.0038579313445598817
2012-07-10,-0.029543424789155778,-0.019705467934650896,-0.029588943103033078,-0.01972671673602775
2012-07-11,-0.01658127010024568,-0.011064031475377495,-0.01662678841412298,-0.01108528027675435
2012-07-12,-0.028097364514905954,-0.018741335114738883,-0.028142882828783255,-0.018762583916115738
2012-07-13,0.04563932890098506,0.03041646049585512,0.04559381058710776,0.030395211694478265
2012-07-16,-0.008557245955072651,-0.005734106951119843,-0.00869380089670455,-0.005797853355250408
2012-07-17,0.015652218688104246,0.010425053687267918,0.015606700374226947,0.010403804885891063
2012-07-18,0.040598939505830656,0.02705620089908552,0.040553421191953355,0.027034952097708665
2012-07-19,0.03306862357414312,0.022035897640881704,0.03302310526026582,0.02201464883950485
2012-07-20,-0.03964402312125548,-0.026439200156050696,-0.03968954143513278,-0.02646044895742755
2012-07-23,-0.03646003126558464,-0.024336241736030884,-0.03659658620721654,-0.02439998814016145
2012-07-24,-0.023649607504084253,-0.015776163774191082,-0.023695125817961554,-0.015797412575567937
2012-07-25,-0.02002360940305355,-0.013358831706837281,-0.02006912771693085,-0.013380080508214136
2012-07-26,0.03980127035842165,0.02652442146747952,0.03975575204454435,0.026503172666102665
2012-07-27,0.07099923717934274,0.04732315865652367,0.07095371886546543,0.04730190985514682
2012-07-30,-0.0023509115435593657,-0.0015962727514873994,-0.002487466485191265,-0.001660019155617965
2012-07-31,-0.0009378638626672554,-0.0006349087048163332,-0.0009833821765445551,-0.0006561575061931884
2012-08-01,-0.008809447970593954,-0.0058826314434341324,-0.008854966284471254,-0.005903880244810988
2012-08-02,-0.01069112786791295,-0.0071371773500768804,-0.01073664618179025,-0.007158426151453736
2012-08-03,0.05683810205553742,0.03788221662847791,0.05679258374166012,0.03786096782710106
2012-08-06,0.022831057643680264,0.015191150870145716,0.022694502702048366,0.01512740446601515
2012-08-07,0.02495011075174555,0.016623648396362118,0.02490459243786825,0.016602399594985263
2012-08-08,-0.0013634129286472553,-0.0009186080821363332,-0.0014089312425245551,-0.0009398568835131884
2012-08-09,0.008994327311635346,0.005986552078052067,0.008948808997758045,0.005965303276675212
2012-08-10,0.0017830523225023445,0.0011790354186300667,0.0017375340086250447,0.0011577866172532115
2012-08-13,0.007142654021400748,0.004732493033195757,0.007006099079768849,0.004668746629065192
2012-08-14,0.0013298093709388447,0.0008768734509210668,0.0012842910570615448,0.0008556246495442116
2012-08-15,0.007593319690878746,0.0050525469975476675,0.0075478013770014455,0.005031298196170812
2012-08-16,0.035692408447340625,0.023785087556346705,0.035646890133463324,0.02376383875496985
2012-08-17,0.01322039578050082,0.008803745778453505,0.01317487746662352,0.00878249697707665
2012-08-20,0.0043570002554472655,0.0028751126113237165,0.004220445313815367,0.002811366207193151
2012-08-21,-0.011851516222405656,-0.007910676944641934,-0.011897034536282956,-0.00793192574601879
2012-08-22,0.012312933991762946,0.008198956531470467,0.012267415677885645,0.008177707730093612
2012-08-23,-0.02456457491904406,-0.016386049409067537,-0.02461009323292136,-0.016407298210444392
2012-08-24,0.01855316919683654,0.012359113334852866,0.01850765088295924,0.01233786453347601
2012-08-27,0.004795872088908449,0.0031679717448675577,0.004659317147276549,0.003104225340736992
2012-08-28,-1.2688153277871777e-05,-1.812489855674411e-05,-5.820646715517159e-05,-3.937369993359928e-05
2012-08-29,-1.213230269736712e-05,-1.784697326649178e-05,-5.765061657466695e-05,-3.909577464334695e-05
2012-08-30,-0.03027583210815732,-0.020193461555361315,-0.03032135042203462,-0.02021471035673817
2012-08-31,0.019923735595311846,0.013272731625406318,0.019878217281434546,0.013251482824029463
2012-09-04,-0.0031256520988092126,-0.0021231737000609783,-0.0033077253543184115,-0.002208168905568399
2012-09-05,-0.0030969168750846505,-0.0020743700215246803,-0.00314243518896195,-0.0020956188229015356
2012-09-06,0.06658676536359254,0.04438151077935687,0.06654124704971523,0.044360261977980014
2012-09-07,-0.004328546176836155,-0.0028953635809289328,-0.0043740644907134555,-0.002916612382305788
2012-09-10,-0.03849362881263047,-0.0256914175975348,-0.038630183754262366,-0.025755164001665366
2012-09-11,-0.00482658719042015,-0.0032274835650816804,-0.004872105504297451,-0.0032487323664585357
2012-09-12,0.00875588680352365,0.005827499097547519,0.008710368489646349,0.005806250296170664
2012-09-13,0.04064025803160415,0.02708374658293452,0.04059473971772685,0.027062497781557664
2012-09-14,0.026726937514016644,0.017808199571209517,0.026681419200139344,0.017786950769832662
2012-09-17,0.0012447200062642339,0.0008008149483950005,0.0011081650646323344,0.000737068544264435
2012-09-18,0.0025503137694637447,0.0016905430499376667,0.002504795455586445,0.0016692942485608115
2012-09-19,0.00553923671544295,0.0036830657054937196,0.0054937184015656495,0.0036618169041168643
2012-09-20,-0.002995336330332455,-0.0020065570165931326,-0.0030408546442097545,-0.002027805817969988
2012-09-21,0.0008422062840484447,0.0005518047263274668,0.0007966879701711448,0.0005305559249506117
2012-09-24,-0.017572074086564266,-0.011743714446823999,-0.017708629028196168,-0.011807460850954564
2012-09-25,-0.04217036579830936,-0.028123243328577737,-0.04221588411218665,-0.028144492129954592
2012-09-26,-0.02444370928498306,-0.016305472319693537,-0.02448922759886036,-0.016326721121070392
2012-09-27,0.04133535630059804,0.027547238070693866,0.04128983798672075,0.02752598926931701
2012-09-28,-0.024743837374373776,-0.016505742991462895,-0.024789355688251077,-0.01652699179283975
2012-10-01,-0.004411682319428251,-0.0029703978606902422,-0.004548237261060151,-0.003034144264820808
2012-10-02,0.00875102329652512,0.005824164122469705,0.008705504982647822,0.00580291532109285
2012-10-03,0.01921041163771612,0.012797089683263705,0.01916489332383882,0.01277584088188685
2012-10-04,0.010407696359784821,0.006928612831309505,0.010362178045907522,0.00690736402993265
2012-10-05,-0.016017533742198352,-0.01068811459960048,-0.016063052056075652,-0.010709363400977336
2012-10-08,-0.027437925391353767,-0.018320948650017,-0.02757448033298567,-0.018384695054147564
2012-10-09,-0.04785499622478376,-0.03191299694622733,-0.04790051453866105,-0.03193424574760419
2012-10-10,-0.015176002275066951,-0.010127093621512881,-0.015221520588944252,-0.010148342422889737
2012-10-11,-0.00942765844710785,-0.00629486440287348,-0.00947317676098515,-0.006316113204250335
2012-10-12,-0.0013599266421792505,-0.0009163765329210809,-0.0014054449560565504,-0.000937625334297936
2012-10-15,0.022006839882624134,0.014642228199301601,0.021870284940992232,0.014578481795171036
2012-10-16,0.042417317902541246,0.028268545805322665,0.04237179958866395,0.02824729700394581
2012-10-17,-0.001773138276190578,-0.0011919435926740945,-0.001818656590067878,-0.0012131923940509497
2012-10-18,-0.03482515573268086,-0.023226436618158736,-0.03487067404655815,-0.02324768541953559
2012-10-19,-0.07179105096132636,-0.04787045941235248,-0.07183656927520365,-0.04789170821372934
2012-10-22,0.015492841520312547,0.010299284699136957,0.015356286578680647,0.010235538295006391
2012-10-23,-0.02863872035136095,-0.01910223900570888,-0.02868423866523825,-0.019123487807085737
2012-10-24,-0.010564400754995555,-0.007052599966368533,-0.010609919068872856,-0.007073848767745388
2012-10-25,-1.2688153277871777e-05,-1.812489855674411e-05,-5.820646715517159e-05,-3.937369993359928e-05
2012-10-26,0.008734289938363947,0.005813193829204468,0.008688771624486646,0.005791945027827612
2012-10-31,-0.018430091353208992,-0.012334594985088173,-0.01865768292259549,-0.01244083899197245
2012-11-01,0.042482093663768844,0.028311729646141065,0.04243657534989155,0.02829048084476421
2012-11-02,-0.03189221762906768,-0.021271329827925498,-0.03193773594294498,-0.021292578629302353
2012-11-05,0.019759310705819162,0.013143319578238315,0.019622755764187264,0.01307957317410775
2012-11-06,0.005475989177490446,0.0036409933219554674,0.005430470863613145,0.003619744520578612
2012-11-07,-0.07076704693712525,-0.04718779006288508,-0.07081256525100255,-0.047209038864261935
2012-11-08,-0.04723026768167285,-0.031496603892583484,-0.04727578599555015,-0.03151785269396034
2012-11-09,0.01281162298357105,0.008531323217579118,0.012766104669693749,0.008510074416202263
2012-11-12,-0.0005070230693552342,-0.0003675696052112836,-0.0006435780109871336,-0.0004313160093418491
2012-11-13,-0.02082478395427118,-0.013893040711394494,-0.02087030226814848,-0.01391428951277135
2012-11-14,-0.03526259232496276,-0.023518061013013337,-0.035308110638840054,-0.023539309814390192
2012-11-15,-0.010134607240480249,-0.00676616359845508,-0.01018012555435755,-0.006787412399831935
2012-11-16,0.013046970342444399,0.008688036187354692,0.013001452028567098,0.008666787385977837
2012-11-19,0.07123857684677666,0.047461996689480014,0.07110202190514477,0.04739825028534945
2012-11-20,0.0009292395406436218,0.0006096416185487054,0.000883721226766322,0.0005883928171718502
2012-11-21,0.0061022654096389,0.004058232898817695,0.0060567470957616,0.00403698409744084
2012-11-23,0.04549492191519829,0.030310430400529036,0.04540388528744369,0.030267932797775326
2012-11-26,0.012905736127486047,0.008574547770585958,0.012769181185854147,0.008510801366455392
2012-11-27,-0.01013842718555315,-0.00676871022850368,-0.01018394549943045,-0.0067899590298805355
2012-11-28,0.025849426050823448,0.017223191929080717,0.025803907736946147,0.017201943127703862
2012-11-29,0.01784706694960615,0.011888285861602519,0.01780154863572885,0.011867037060225663
2012-11-30,-0.005020108536938478,-0.0033565904331726943,-0.005065626850815777,-0.0033778392345495496
2012-12-03,-0.0059591658780141004,-0.004002609374834117,-0.006095720819645999,-0.0040663557789646825
2012-12-04,-0.0018390222493809506,-0.0012357736043888809,-0.0018845405632582505,-0.0012570224057657361
2012-12-05,-0.033380885416197645,-0.02226368238226668,-0.033426403730074945,-0.022284931183643535
2012-12-06,0.01940186037072355,0.01292481480901412,0.01935634205684625,0.012903566007637264
2012-12-07,-0.017924823570050753,-0.011959641151502082,-0.017970341883928053,-0.011980889952878937
2012-12-10,0.008744227962342966,0.005799931082587516,0.008607673020711066,0.005736184678456951
2012-12-11,0.03914706243590692,0.026088190215390904,0.03910154412202962,0.02606694141401405
2012-12-12,-0.006378302146799299,-0.004262145472141105,-0.006423820460676599,-0.00428339427351796
2012-12-13,-0.023707011197283093,-0.015814710800174252,-0.023752529511160393,-0.015835959601551108
2012-12-14,-0.028488802462967117,-0.019002664266990665,-0.028534320776844417,-0.01902391306836752
2012-12-17,0.03985561836033438,0.026539468669170528,0.03971906341870248,0.026475722265039962
2012-12-18,0.04575789324395676,0.030495040252614722,0.04571237493007946,0.030473791451237867
2012-12-19,-0.01308402134104771,-0.008732810185711062,-0.013129539654925011,-0.008754058987087917
2012-12-20,-9.353471368157258e-06,-1.645755760188685e-05,-5.4871785245457074e-05,-3.770635897874202e-05
2012-12-21,-0.03156132365429761,-0.021051011727877662,-0.031606841968174905,-0.021072260529254518
2012-12-24,-0.006010410982930838,-0.004037328530324986,-0.006146965924562738,-0.004101074934455552
2012-12-26,-0.026299795525928725,-0.017553455600644325,-0.026390832153683326,-0.017595953203398036
2012-12-27,-0.004662579316749978,-0.0031182376197136943,-0.0047080976306272775,-0.0031394864210905495
2012-12-28,-0.028893126256915404,-0.019272028212218507,-0.0289386445707927,-0.019293277013595362
2012-12-31,0.06347795871408372,0.0422868621330015,0.06334140377245183,0.042223115728870934
2013-01-02,0.09533022485379161,0.06353303941581485,0.09523918822603701,0.06349054181306114
2013-01-03,-0.0156371920472585,-0.010434738739113906,-0.0156827103611358,-0.010455987540490761
2013-01-04,-0.0098838377045054,-0.0065991691772785055,-0.0099293560183827,-0.006620417978655361
2013-01-07,0.0008689927650897271,0.0005492185041032471,0.0007324378234578278,0.0004854720999726816
2013-01-08,-0.00586103583554949,-0.003917393892351851,-0.00590655414942679,-0.003938642693728706
2013-01-09,0.011263372372550607,0.0074988782463815485,0.011217854058673309,0.007477629445004694
2013-01-10,0.017963151160642187,0.011965304815415538,0.017917632846764887,0.011944056014038683
2013-01-11,0.004009260494997587,0.002662711038319138,0.003963742181120287,0.0026414622369422833
2013-01-14,-0.013411844023451974,-0.008971339354924553,-0.013548398965083872,-0.009035085759055119
2013-01-15,-0.014796678810888201,-0.009874396581533707,-0.014842197124765501,-0.009895645382910562
2013-01-16,0.012145383651698921,0.008087071025918905,0.012099865337821623,0.00806582222454205
2013-01-17,0.0143389496455243,0.009549355722741293,0.014293431331647,0.009528106921364438
2013-01-18,-0.00670581242505339,-0.004480578285354451,-0.00675133073893069,-0.004501827086731305
2013-01-22,0.0048765158642098,0.003211234412373578,0.0046944426087006,0.0031262392068661573
2013-01-23,0.0182969525307706,0.012188024312905494,0.018251434216893302,0.012166775511528638
2013-01-24,-0.0412878006085409,-0.027535144446635504,-0.0413333189224182,-0.02755639324801236
2013-01-25,0.015290212259019699,0.010183530798404892,0.015244693945142399,0.010162281997028037
2013-01-28,0.0066829339390347,0.004425457169865084,0.006546378997402801,0.004361710765734518
2013-01-29,0.00043605207632060904,0.000280664715561549,0.0003905337624433092,0.00025941591418469386
2013-01-30,-0.006263821317527191,-0.0041859175470036515,-0.006309339631404491,-0.004207166348380506
2013-01-31,-0.006723120794795191,-0.004492117198515651,-0.006768639108672491,-0.004513365999892506
2013-02-01,0.03543138799742421,0.023610888662963948,0.03538586968354691,0.023589639861587092
2013-02-04,-0.05235067505148244,-0.034930837909359386,-0.05248722999311434,-0.03499458431348995
2013-02-05,0.044212097834251105,0.029464695220848547,0.044166579520373804,0.02944344641947169
2013-02-06,-0.009793249911734792,-0.0065388699431420515,-0.009838768225612091,-0.006560118744518906
2013-02-07,0.002666001946210409,0.001767297962154749,0.002620483632333109,0.0017460491607778938
2013-02-08,0.030748218856189412,0.020488775902140748,0.03070270054231211,0.020467527100763893
2013-02-11,0.0008506056568089271,0.000536960431916047,0.0007140507151770278,0.00047321402778548156
2013-02-12,-0.01236347965001438,-0.008252171175223295,-0.012408997963891678,-0.00827341997660015
2013-02-13,0.010618541905119221,0.007069176528199105,0.010573023591241923,0.00704792772682225
2013-02-14,-0.0008945809876560508,-0.0006061460965722809,-0.0009400993015333506,-0.000627394897949136
2013-02-15,-0.008841843128762255,-0.005904228215546333,-0.008887361442639555,-0.005925477016923188
2013-02-19,0.021648743567940398,0.014393460626087278,0.021466670312431196,0.014308465420579857
2013-02-20,-0.04617395092807602,-0.030792207435307115,-0.04621946924195332,-0.03081345623668397
2013-02-21,-0.03216103548586242,-0.021450263807164718,-0.03220655379973972,-0.021471512608541573
2013-02-22,0.03022525194741392,0.020140687132819905,0.03017973363353662,0.02011943833144305
2013-02-25,-0.037128984370305235,-0.02478109874323828,-0.037265539311937136,-0.024844845147368847
2013-02-26,0.01129919831655708,0.007523225394448285,0.011253680002679782,0.007501976593071431
2013-02-27,0.030634274026612736,0.020413461174771864,0.030588755712735435,0.02039221237339501
2013-02-28,-0.006259363504870054,-0.004182575132951533,-0.006304881818747355,-0.004203823934328388
2013-03-01,0.012506158647856345,0.008327772968866066,0.012460640333979044,0.008306524167489211
2013-03-04,0.013319124214294334,0.008850417753748402,0.013182569272662434,0.008786671349617836
2013-03-05,0.044312969083194445,0.029532313259091465,0.04426745076931715,0.02951106445771461
2013-03-06,-0.0074375519316221,-0.004968311995356306,-0.0074830702454994,-0.004989560796733161
2013-03-07,0.00787104261768745,0.0052376029736567195,0.00782552430381015,0.005216354172279864
2013-03-08,0.0034814077284422494,0.0023111797141599196,0.0034358894145649498,0.0022899309127830643
2013-03-11,0.008688410828303248,0.005762997571130757,0.008551855886671348,0.005699251167000192
2013-03-12,-0.01088568137978495,-0.0072668796913248805,-0.01093119969366225,-0.007288128492701736
2013-03-13,-0.00394139343586715,-0.0026373543953796806,-0.003986911749744451,-0.002658603196756536
2013-03-14,0.010043182734555522,0.006685603747823305,0.009997664420678223,0.006664354946446451
2013-03-15,-0.008354405681375151,-0.005579362559051681,-0.008399923995252452,-0.005600611360428536
2013-03-18,-0.006602073007971835,-0.004430936230955684,-0.006738627949603734,-0.004494682635086249
2013-03-19,-0.0057149610741063905,-0.0038200107180564507,-0.00576047938798369,-0.003841259519433306
2013-03-20,0.02109351117828471,0.014052304116870949,0.021047992864407408,0.014031055315494093
2013-03-21,-0.03406588699588689,-0.022720627999243452,-0.03411140530976419,-0.022741876800620307
2013-03-22,0.02913650363742141,0.01941429908962875,0.029090985323544108,0.019393050288251893
2013-03-25,-0.010966184243980173,-0.007340899501943354,-0.011102739185612071,-0.007404645906073919
2013-03-26,0.0162314619815413,0.010811030613419294,0.016185943667664,0.010789781812042439
2013-03-27,0.003919957388972009,0.002603268257329149,0.003874439075094709,0.002582019455952294
2013-03-28,0.0074002838076317225,0.0049236711298741055,0.007354765493754423,0.004902422328497251
2013-04-01,-0.02048438679901596,-0.013696404540619402,-0.02066646005452516,-0.013781399746126823
2013-04-02,0.023636532305998596,0.015747744163057496,0.0235910139921213,0.01572649536168064
2013-04-03,-0.027384895219984592,-0.018266633481975252,-0.027430413533861893,-0.018287882283352107
2013-04-04,0.000867825200056787,0.000568420841691938,0.0008223068861794873,0.0005471720403150828
2013-04-05,-0.024999640269717092,-0.016676463515130253,-0.025045158583594393,-0.01669771231650711
2013-04-08,0.015883643257894826,0.010558985499306646,0.01574708831626293,0.01049523909517608
2013-04-09,0.02021774026731591,0.01346845684289175,0.02017222195343861,0.013447208041514894
2013-04-10,0.05852192986137088,0.03900449061590134,0.058476411547493584,0.038983241814524484
2013-04-11,-0.0012948789275832907,-0.0008732892870410509,-0.0013403972414605906,-0.0008945380884179061
2013-04-12,-0.002153896032909991,-0.001445967357258851,-0.002199414346787291,-0.0014672161586357063
2013-04-15,-0.05922250927005604,-0.039512060721741786,-0.059359064211687934,-0.03957580712587235
2013-04-16,0.039807863958667186,0.026528446680765535,0.03976234564478989,0.02650719787938868
2013-04-17,-0.058739196439250116,-0.039169593584512656,-0.05878471475312741,-0.03919084238588951
2013-04-18,-0.041413628735948414,-0.027619215115644864,-0.04145914704982571,-0.02764046391702172
2013-04-19,0.04107946759340046,0.027376089818910522,0.04103394927952316,0.027354841017533667
2013-04-22,0.030814333871041075,0.020512223517291372,0.030677778929409174,0.020448477113160807
2013-04-23,0.02877322638336816,0.019171929012222325,0.02872770806949086,0.01915068021084547
2013-04-24,-0.0013043089298516407,-0.0008797611965908759,-0.0013498272437289405,-0.0009010099979677311
2013-04-25,0.015977852704787084,0.010641772511512137,0.015932334390909783,0.010620523710135282
2013-04-26,-0.009463640189747342,-0.006319315369854676,-0.00950915850362464,-0.0063405641712315315
2013-04-29,0.027568891524347276,0.018348595286162173,0.027432336582715374,0.018284848882031607
2013-04-30,0.021782954343570356,0.014511747652357123,0.021737436029693056,0.014490498850980268
2013-05-01,-0.01400924647332894,-0.009349719558909076,-0.014054764787206239,-0.009370968360285932
2013-05-02,0.03792164422370038,0.025270966857454336,0.03787612590982309,0.02524971805607748
2013-05-03,0.03534448433280786,0.023552767645182122,0.03529896601893056,0.023531518843805267
2013-05-06,0.011618525504693278,0.007715017939726172,0.011481970563061378,0.007651271535595607
2013-05-07,-0.0016657584880198377,-0.0011208201823640245,-0.0017112768018971375,-0.0011420689837408795
2013-05-08,0.014502384524418462,0.009657941825928175,0.014456866210541161,0.00963669302455132
2013-05-09,-0.004135293073256538,-0.0027671765725218243,-0.0041808113871338376,-0.0027884253738986796
2013-05-10,0.01817032848155056,0.012103237797349575,0.01812481016767326,0.01208198899597272
2013-05-13,0.0036708668420800867,0.0024163009903343273,0.0035343119004481874,0.0023525545862037615
2013-05-14,0.015576693485192758,0.010374240413438722,0.01553117517131546,0.010352991612061867
2013-05-15,0.006111152632176959,0.004063879844761524,0.0060656343182996595,0.00404263104338467
2013-05-16,-0.003265936348522038,-0.0021876054226988243,-0.0033114546623993378,-0.0022088542240756796
2013-05-17,0.02893605023669432,0.019280293025133555,0.028890531922817018,0.0192590442237567
2013-05-20,-0.004469432051992313,-0.003010564939047273,-0.004605986993624213,-0.0030743113431778387
2013-05-21,0.0032270216920767597,0.0021411258846947244,0.0031815033781994596,0.002119877083317869
2013-05-22,-0.02626384670503394,-0.017519545660373427,-0.026309365018911242,-0.017540794461750282
2013-05-23,-0.006937473405106638,-0.0046352967937552236,-0.0069829917189839375,-0.004656545595132079
2013-05-24,-0.0016426269156905409,-0.0011053065204834759,-0.0016881452295678407,-0.0011265553218603311
2013-05-28,0.019579288265085048,0.013011600748653504,0.01939721500957585,0.012926605543146083
2013-05-29,-0.01422006476491104,-0.009490265086630477,-0.014265583078788339,-0.009511513888007332
2013-05-30,0.015903046095939656,0.010591808820603323,0.015857527782062356,0.010570560019226467
2013-05-31,-0.027602450938321636,-0.018411948482565225,-0.027647969252198937,-0.01843319728394208
2013-06-03,0.005297804733934387,0.003500926251570527,0.005161249792302487,0.0034371798474399614
2013-06-04,-0.01554616117379394,-0.010374329359219076,-0.015591679487671239,-0.010395578160595931
2013-06-05,-0.03904987642960034,-0.026043565476751025,-0.03909539474347764,-0.02606481427812788
2013-06-06,0.014563200193997759,0.009698578219308723,0.01451768188012046,0.009677329417931868
2013-06-07,0.04101364987864536,0.027332211342407122,0.04096813156476806,0.027310962541030267
2013-06-10,0.0011993890495576864,0.0007686491286527268,0.001062834107925787,0.0007049027245221613
2013-06-11,-0.029836600218354242,-0.019901288722259276,-0.029882118532231543,-0.01992253752363613
2013-06-12,-0.03467933629340214,-0.023129779438957877,-0.03472485460727944,-0.023151028240334732
2013-06-13,0.03798910553668206,0.025315848447764924,0.03794358722280476,0.02529459964638807
2013-06-14,-0.019802562244874942,-0.013211930073273077,-0.019848080558752243,-0.013233178874649932
2013-06-17,0.029026080527854378,0.019320054621833574,0.028889525586222476,0.019256308217703008
2013-06-18,0.02465522558477976,0.016426595146496723,0.024609707270902458,0.016405346345119868
2013-06-19,-0.03344097973289694,-0.022304208398621076,-0.03348649804677424,-0.02232545719999793
2013-06-20,-0.07134074527330134,-0.04757071875889067,-0.07138626358717864,-0.047591967560267526
2013-06-21,-0.015940483344917943,-0.010637210806635078,-0.015986001658795244,-0.010658459608011933
2013-06-24,-0.029845301015537822,-0.019927533073761227,-0.029981855957169724,-0.019991279477891793
2013-06-25,0.021933123975659986,0.014611953358760737,0.021887605661782685,0.014590704557383882
2013-06-26,0.026896233244099788,0.017920692871053936,0.026850714930222487,0.01789944406967708
2013-06-27,0.012689906951957989,0.008449808676292738,0.012644388638080688,0.008428559874915883
2013-06-28,0.004205458203966286,0.002793509510964938,0.0041599398900889865,0.002772260709588083
2013-07-01,0.018494340846613985,0.012298616993356926,0.018357785904982087,0.012234870589226362
2013-07-02,0.0012456506691775624,0.0008201192557675756,0.0012001323553002625,0.0007988704543907205
2013-07-03,0.01212012080749862,0.008069673405669754,0.012074602493621321,0.008048424604292899
2013-07-05,0.022887939931029114,0.015238182800639847,0.022796903303274517,0.015195685197886137
2013-07-08,0.0028673205984613864,0.001880603494588527,0.002730765656829487,0.0018168570904579613
2013-07-09,0.018159575240626558,0.012096161583727923,0.018114056926749257,0.012074912782351068
2013-07-10,0.01722989949133306,0.011476285137204575,0.01718438117745576,0.01145503633582772
2013-07-11,0.059576262343924664,0.03970719370559898,0.059530744030047364,0.03968594490422212
2013-07-12,0.013196887303187564,0.008787610345107576,0.013151368989310264,0.00876636154373072
2013-07-15,0.006745604215018387,0.0044661259056265265,0.006609049273386488,0.004402379501495961
2013-07-16,-0.003981965081668038,-0.0026649579114628244,-0.004027483395545338,-0.0026862067128396797
2013-07-17,0.007552475455495221,0.005024576504334155,0.007506957141617921,0.0050033277029573
2013-07-18,-0.007549952811698679,-0.005043709007128445,-0.007595471125575979,-0.0050649578085053
2013-07-19,-0.03105760705484128,-0.020715478502556842,-0.03110312536871858,-0.020736727303933698
2013-07-22,0.008824486835523664,0.005851769825694465,0.008687931893891766,0.0057880234215639
2013-07-23,-0.02206523452066334,-0.014720470870793024,-0.02211075283454064,-0.01474171967216988
2013-07-24,0.009688431855080374,0.006448454833094531,0.009642913541203073,0.006427206031717676
2013-07-25,0.01891834686221432,0.012601824108813555,0.01887282854833702,0.0125805753074367
2013-07-26,0.01600014079163937,0.01065626079080053,0.01595462247776207,0.010635011989423675
2013-07-29,-0.0055989276769676365,-0.003763839849299735,-0.005735482618599536,-0.0038275862534303
2013-07-30,0.01594324743484862,0.010618424490569755,0.01589772912097132,0.0105971756891929
2013-07-31,0.005543886973058562,0.0036856101250215757,0.0054983686591812625,0.0036643613236447205
2013-08-01,0.03047790638966806,0.020308289736094574,0.03043238807579076,0.02028704093471772
2013-08-02,0.016844303380531063,0.011219221063336575,0.016798785066653762,0.01119797226195972
2013-08-05,0.0019234605085009864,0.0012513634346149269,0.001786905566869087,0.0011876170304843613
2013-08-06,-0.017925715579451343,-0.011960698962990677,-0.017971233893328643,-0.011981947764367533
2013-08-07,-0.005496026506164738,-0.0036743321944606245,-0.0055415448200420376,-0.0036955809958374797
2013-08-08,0.014908990015596058,0.009929104767040923,0.014863471701718759,0.009907855965664068
2013-08-09,-0.012119168751139742,-0.008089667744116277,-0.01216468706501704,-0.008110916545493133
2013-08-12,0.007032265728858178,0.004657511422502772,0.006895710787226279,0.004593765018372206
2013-08-13,0.016814943407025884,0.011199832979671337,0.016769425093148584,0.011178584178294482
2013-08-14,-0.011294111913886212,-0.0075395372342700615,-0.011339630227763513,-0.007560786035646917
2013-08-15,-0.05078595399309684,-0.03386752457208767,-0.05083147230697414,-0.03388877337346453
2013-08-16,-0.0011993246772110408,-0.000809771694830476,-0.0012448429910883406,-0.0008310204962073311
2013-08-19,-0.005195191810840622,-0.0034941269372964277,-0.005331746752472521,-0.003557873341426993
2013-08-20,0.013128168384495287,0.008741982964650938,0.013082650070617987,0.008720734163274083
2013-08-21,-0.010314071207588238,-0.006886361995409624,-0.010359589521465538,-0.0069076107967864795
2013-08-22,0.02942630434784416,0.019607221708211973,0.02938078603396686,0.019585972906835118
2013-08-23,0.02008135467658622,0.013377162651728154,0.02003583636270892,0.013355913850351299
2013-08-26,0.0015390018269571635,0.0009947798199834653,0.001402446885325264,0.0009310334158528997
2013-08-27,-0.061407741489892344,-0.040948808850279024,-0.061453259803769644,-0.04097005765165588
2013-08-28,0.01156817644555026,0.007701895720343724,0.01152265813167296,0.00768064691896687
2013-08-29,0.021071851556773817,0.014037493905186554,0.021026333242896517,0.014016245103809699
2013-08-30,-0.019360335146131828,-0.01291738983438027,-0.01940585346000913,-0.012938638635757125
2013-09-03,0.017059408271983285,0.01133131031733822,0.016877335016474086,0.011246315111830801
2013-09-04,0.03200773961583868,0.02132799334026673,0.03196222130196138,0.021306744538889876
2013-09-05,0.005077589616593073,0.003374560007436331,0.005032071302715773,0.003353311206059476
2013-09-06,0.003506065277433873,0.002326877114663531,0.003460546963556573,0.002305628313286676
2013-09-09,0.03507368252982202,0.023350955809004197,0.03493712758819012,0.02328720940487363
2013-09-10,0.014639733419363673,0.00974932254261673,0.014594215105486372,0.009728073741239875
2013-09-11,-0.005760921952052127,-0.003851114371660469,-0.0058064402659294264,-0.0038723631730373242
2013-09-12,-0.001929986043041727,-0.001297157098986869,-0.0019755043569190268,-0.0013184059003637243
2013-09-13,0.001916401156156842,0.0012670084341975655,0.0018708828422795423,0.0012457596328207103
2013-09-16,-0.008093746416699474,-0.005427607954187304,-0.008230301358331374,-0.005491354358317869
2013-09-17,0.020032609227740673,0.01334457308153473,0.019987090913863373,0.013323324280157875
2013-09-18,0.03597550528331494,0.023973077852302963,0.035929986969437645,0.023951829050926108
2013-09-19,0.007179269264500842,0.004775587173093566,0.007133750950623542,0.004754338371716711
2013-09-20,-0.010301027255890457,-0.0068779438405006344,-0.010346545569767758,-0.00689919264187749
2013-09-23,-0.006099799329836575,-0.0040983098962787045,-0.006236354271468474,-0.004162056300409269
2013-09-24,-7.686509752543559e-06,-1.5624076794079998e-05,-5.320482362984338e-05,-3.687287817093517e-05
2013-09-25,-0.010282341577203327,-0.006865394121761269,-0.010327859891080628,-0.006886642923138124
2013-09-26,0.023286730010484872,0.01551398693669753,0.02324121169660757,0.015492738135320675
2013-09-27,-0.003796502528293237,-0.002541686617035674,-0.0038420208421705367,-0.002562935418412529
2013-09-30,-0.007232483969277082,-0.004853155190395208,-0.0073690389109089816,-0.004916901594525774
2013-10-01,0.030420638102798672,0.02026992566490673,0.03037511978892137,0.020248676863529876
2013-10-02,-0.0011377372601151271,-0.0007689912437024691,-0.001183255573992427,-0.0007902400450793243
2013-10-03,-0.03503716662859472,-0.023368610822688866,-0.03508268494247202,-0.02338985962406572
2013-10-04,0.02590659284803502,0.017260654766027356,0.02586107453415772,0.0172394059646505
2013-10-07,-0.024960103164727142,-0.016671290174472733,-0.02509665810635904,-0.0167350365786033
2013-10-08,-0.057922097936735674,-0.03862513909048644,-0.057967616250612974,-0.038646387891863296
2013-10-09,-0.00933250682334954,-0.006231893125589476,-0.00937802513722684,-0.006253141926966331
2013-10-10,0.06351273485644807,0.04233160132760893,0.06346721654257076,0.042310352526232074
2013-10-11,0.023652491952199556,0.015758106058109924,0.023606973638322256,0.01573685725673307
2013-10-14,0.021170677315520397,0.014083952754188882,0.0210341223738885,0.014020206350058316
2013-10-15,-0.011665863299521701,-0.0077871862406227055,-0.011711381613399002,-0.007808435041999561
2013-10-16,0.033955239040931645,0.022627437850984464,0.033909720727054345,0.02260618904960761
2013-10-17,0.01715726781441715,0.011428419771476519,0.017111749500539848,0.011407170970099663
2013-10-18,0.04860479814254226,0.03239297685167173,0.04855927982866496,0.032371728050294875
2013-10-21,0.006547270395127387,0.004333903359032527,0.006410715453495488,0.004270156954901961
2013-10-22,0.004363754562548862,0.0028988551846817756,0.004318236248671562,0.0028776063833049204
2013-10-23,-0.018200891002063936,-0.012144241858393424,-0.018246409315941237,-0.01216549065977028
2013-10-24,0.013168134187280262,0.008768441601169375,0.013122615873402962,0.00874719279979252
2013-10-25,0.02149601472787622,0.014320269352588155,0.021450496413998918,0.0142990205512113
2013-10-28,0.0006985283358619866,0.0004347419861889269,0.0005619733942300873,0.0003709955820583614
2013-10-29,0.005056470720328663,0.003360665956534976,0.005010952406451363,0.0033394171551581206
2013-10-30,-0.0028986200318263378,-0.0019427278782350244,-0.0029441383457036374,-0.0019639766796118794
2013-10-31,-0.006877596365912839,-0.004595378767626024,-0.006923114679790138,-0.004616627569002879
2013-11-01,0.000715554084777462,0.0004667215328341756,0.0006700357709001623,0.0004454727314573204
2013-11-04,0.004319894619291487,0.002848986175141927,0.004183339677659588,0.002785239771011361
2013-11-05,0.0032473299159864596,0.0021546647006345245,0.0032018116021091596,0.0021334158992576692
2013-11-06,-0.000731087320013041,-0.000497613456698476,-0.0007766056338903407,-0.0005188622580753311
2013-11-07,-0.05639580423641874,-0.03760742473430227,-0.05644132255029604,-0.03762867353567913
2013-11-08,0.040511285467027564,0.026997301734661923,0.04046576715315026,0.026976052933285068
2013-11-11,-0.004754889441352538,-0.0032003141692727856,-0.004891444382984438,-0.003264060573403351
2013-11-12,0.004722706841261986,0.003138341935828738,0.004677188527384687,0.0031170931344518833
2013-11-13,0.036334415459990804,0.024212999599052296,0.036288897146113504,0.02419175079767544
2013-11-14,0.0093277004815765,0.006208522946776095,0.0092821821676992,0.00618727414539924
2013-11-15,0.0057160704448786,0.0038007695889774947,0.005670552131001301,0.0037795207876006394
2013-11-18,-0.029332747790158202,-0.019584997316263515,-0.0294693027317901,-0.01964874372039408
2013-11-19,-0.00867300630142808,-0.005791855609499095,-0.008718524615305378,-0.00581310441087595
2013-11-20,-0.007247992427482699,-0.004841938992596705,-0.007293510741359999,-0.00486318779397356
2013-11-21,0.030460216182162096,0.020296866747166496,0.0304146978682848,0.02027561794578964
2013-11-22,0.01614918941112021,0.010756089605427949,0.016103671097242908,0.010734840804051094
2013-11-25,0.007111959508502127,0.004711196333044846,0.006975404566870227,0.004647449928914281
2013-11-26,0.015668775780641797,0.010435906479486293,0.015623257466764502,0.010414657678109437
2013-11-27,0.020903980293640108,0.01392595019377455,0.020858461979762807,0.013904701392397694
2013-11-29,0.017932738689381115,0.011935085788949697,0.017841702061626517,0.011892588186195988
2013-12-02,-0.008777023092899738,-0.005881736603637586,-0.008913578034531638,-0.005945483007768152
2013-12-03,-0.0024673261174784403,-0.0016551059883420757,-0.0025128444313557404,-0.001676354789718931
2013-12-04,0.002800105090996787,0.001856607435651938,0.002754586777119487,0.0018353586342750828
2013-12-05,-0.003870545504145913,-0.002590492961109862,-0.003916063818023213,-0.002611741762486717
2013-12-06,0.021776323080997487,0.014507419428985738,0.021730804767120186,0.014486170627608883
2013-12-09,0.012178449465321262,0.008088578435176413,0.012041894523689362,0.008024832031045849
2013-12-10,-0.002094813233045491,-0.001406578824015851,-0.002140331546922791,-0.0014278276253927062
2013-12-11,-0.03860036542854339,-0.025743613621014454,-0.03864588374242069,-0.02576486242239131
2013-12-12,-0.007757750603745091,-0.005181870404482251,-0.007803268917622391,-0.005203119205859106
2013-12-13,-0.003896078679588991,-0.0026074224550448506,-0.0039415969934662905,-0.002628671256421706
2013-12-16,0.016585234652038525,0.011026713095402447,0.016448679710406627,0.010962966691271881
2013-12-17,-0.005987115736503692,-0.0040014471596546515,-0.006032634050380991,-0.004022695961031506
2013-12-18,0.03486833483275221,0.023235519886515947,0.03482281651887491,0.023214271085139092
2013-12-19,-0.008368184428068692,-0.005588826287364651,-0.008413702741945991,-0.005610075088741505
2013-12-20,0.03054134223742349,0.020350765533269737,0.03049582392354619,0.020329516731892882
2013-12-23,0.03152853330712563,0.020988912198793848,0.031391978365493726,0.020925165794663282
2013-12-24,0.0013628230047146093,0.0008985120011575491,0.0013173046908373095,0.0008772631997806938
2013-12-26,0.009927597596501818,0.006598325060363498,0.009836560968747219,0.006555827457609788
2013-12-27,-0.007532688622974391,-0.005031829083968451,-0.0075782069368516905,-0.005053077885345305
2013-12-30,-0.004486874646396873,-0.003021359770221153,-0.0046234295880287725,-0.0030851061743517186
2013-12-31,0.019556050115337807,0.013027330074906349,0.019510531801460507,0.013006081273529493
2014-01-02,-0.023553895538937785,-0.015722670363262903,-0.023644932166692383,-0.015765167966016614
2014-01-03,-0.021667558712115693,-0.014455075810062652,-0.021713077025992993,-0.014476324611439507
2014-01-06,-0.011111539788274174,-0.007437803198139354,-0.011248094729906071,-0.0075015496022699185
2014-01-07,0.027794135985887758,0.018519202080568724,0.027748617672010457,0.01849795327919187
2014-01-08,0.0065334914949688625,0.0043453464729617764,0.006487973181091563,0.004324097671584921
2014-01-09,-0.00997325456407074,-0.006659058286070276,-0.01001877287794804,-0.00668030708744713
2014-01-10,0.009644390946208663,0.006419279440454976,0.009598872632331362,0.006398030639078121
2014-01-13,-0.04435782398155062,-0.029602548384436426,-0.04449437892318252,-0.029666294788566992
2014-01-14,0.05719331749165863,0.03811847119510976,0.05714779917778133,0.03809722239373291
2014-01-15,0.02463490615981126,0.016412956249523374,0.02458938784593396,0.01639170744814652
2014-01-16,0.0003292915696285622,0.00020921318940157562,0.00028377325575126237,0.00018796438802472045
2014-01-17,-0.016978341403023737,-0.011329208792366624,-0.017023859716901037,-0.01135045759374348
2014-01-21,0.022834711913666036,0.015182253635684897,0.022652638658156837,0.015097258430177476
2014-01-22,0.007783444879461462,0.005178648729290176,0.007737926565584162,0.005157399927913321
2014-01-23,-0.010146806507591536,-0.0067748521954118235,-0.010192324821468837,-0.006796100996788679
2014-01-24,-0.05900565507589874,-0.03934741790761662,-0.05905117338977604,-0.03936866670899348
2014-01-27,-0.029079152783433114,-0.01941704542667447,-0.029215707725065012,-0.019480791830805037
2014-01-28,-0.0017554762336052406,-0.0011805393990932758,-0.0018009945474825404,-0.001201788200470131
2014-01-29,-0.03215801995991874,-0.021448901883302278,-0.03220353827379604,-0.021470150684679133
2014-01-30,0.05544874783767257,0.03695551736809758,0.05540322952379527,0.036934268566720725
2014-01-31,-0.007984603024265426,-0.005333568419802669,-0.008030121338142727,-0.005354817221179524
2014-02-03,-0.06887605599627428,-0.04594886987506001,-0.06901261093790619,-0.04601261627919057
2014-02-04,0.022056847532688658,0.014694343111769323,0.022011329218811358,0.014673094310392468
2014-02-05,-0.007782843020770814,-0.005198691305526462,-0.007828361334648114,-0.005219940106903317
2014-02-06,0.03824542107237531,0.025486910712931347,0.03819990275849801,0.025465661911554492
2014-02-07,0.05350619214311211,0.035660758093422555,0.05346067382923481,0.0356395092920457
2014-02-10,0.017148140757992696,0.011402261715837083,0.017011585816360798,0.011338515311706517
2014-02-11,0.03415799433028461,0.022761959551537547,0.03411247601640731,0.02274071075016069
2014-02-12,0.00573483513029826,0.0038130015101757245,0.00568931681642096,0.0037917527087988692
2014-02-13,0.022244194941655557,0.014819241384413923,0.022198676627778257,0.014797992583037068
2014-02-14,0.00601693733985182,0.004000884427238555,0.005971419025974521,0.0039796356258617
2014-02-18,0.01466779320545029,0.009736529855797324,0.014485719949941092,0.009651534650289903
2014-02-19,-0.02062001331914244,-0.013756897456118076,-0.02066553163301974,-0.013778146257494931
2014-02-20,0.014048090262537288,0.009355264216678937,0.014002571948659987,0.009334015415302082
2014-02-21,-0.004006468476543841,-0.0026812008943856757,-0.0040519867904211405,-0.002702449695762531
2014-02-24,0.015985106292476577,0.010626071798248373,0.015848551350844675,0.010562325394117807
2014-02-25,-0.003328510170895441,-0.0022292286906200756,-0.003374028484772741,-0.002250477491996931
2014-02-26,-0.0026663313273647404,-0.0017877761282662759,-0.0027118496412420405,-0.0018090249296431311
2014-02-27,0.01945466590573566,0.012959555360467324,0.01940914759185836,0.012938306559090468
2014-02-28,-0.0033270660092116376,-0.0022283585298252242,-0.003372584323088937,-0.0022496073312020795
2014-03-03,-0.022275482483103123,-0.014880987385471427,-0.022412037424735024,-0.014944733789601993
2014-03-04,0.03812973623684376,0.025409602247872722,0.03808421792296646,0.025388353446495867
2014-03-05,0.008250020061719458,0.0054897914644565235,0.00820450174784216,0.005468542663079668
2014-03-06,-0.0026465596559223127,-0.0017745023956274618,-0.0026920779697996128,-0.001795751197004317
2014-03-07,-0.01484767434074574,-0.009908671470520276,-0.01489319265462304,-0.009929920271897132
2014-03-10,0.0026220814965131614,0.0017176664559710143,0.0024855265548812617,0.0016539200518404487
2014-03-11,-0.01292248177677204,-0.008625209761204476,-0.012968000090649339,-0.008646458562581331
2014-03-12,0.011296138690518358,0.007520537216989124,0.01125062037664106,0.007499288415612269
2014-03-13,-0.04241228157807684,-0.028285076295407677,-0.04245779989195414,-0.028306325096784532
2014-03-14,-0.020506113098730242,-0.013680963975843277,-0.020551631412607543,-0.013702212777220132
2014-03-17,0.026361544445507278,0.017543697233602173,0.026224989503875376,0.017479950829471607
2014-03-18,0.036211467490937385,0.024130849035612335,0.03616594917706009,0.02410960023423548
2014-03-19,-0.016246361582914745,-0.010841129631966278,-0.016291879896792046,-0.010862378433343133
2014-03-20,0.008319256646604288,0.0055360418060569384,0.008273738332726988,0.005514793004680083
2014-03-21,-0.036109990936628714,-0.024083456582765065,-0.03615550925050601,-0.02410470538414192
2014-03-24,-0.02632165940946094,-0.017578160814678386,-0.02645821435109284,-0.017641907218808952
2014-03-25,0.009853290459108889,0.006558731014393339,0.009807772145231588,0.006537482213016484
2014-03-26,-0.03864987110543694,-0.025776802646981078,-0.03869538941931424,-0.025798051448357933
2014-03-27,-0.016834647426608042,-0.011233320194428477,-0.016880165740485342,-0.011254568995805332
2014-03-28,0.005861466194064162,0.0038973296056919763,0.005815947880186863,0.0038760808043151206
2014-03-31,0.021340178651621283,0.014195842196695126,0.021203623709989385,0.014132095792564562
2014-04-01,0.052688712261155755,0.03511558626408073,0.052643193947278455,0.03509433746270387
2014-04-02,0.007725558852066762,0.005140058044360376,0.007680040538189463,0.005118809242983521
2014-04-03,-0.023822487571098325,-0.015892158117691266,-0.023868005884975625,-0.01591340691906812
2014-04-04,-0.07979940340064463,-0.053210102004055466,-0.07984492171452193,-0.05323135080543232
2014-04-07,-0.02850718682894544,-0.019036012617284933,-0.02864374177057734,-0.0190997590214155
2014-04-08,0.02769419090504762,0.018452386804035756,0.02764867259117032,0.0184311380026589
2014-04-09,0.05141624518877342,0.03426708965985296,0.05137072687489612,0.0342458408584761
2014-04-10,-0.09292654665098055,-0.061961345624337825,-0.09297206496485784,-0.06198259442571468
2014-04-11,-0.034908794963698336,-0.023282844499483025,-0.03495431327757564,-0.02330409330085988
2014-04-14,0.023514026486901485,0.015645074086881927,0.023377471545269587,0.01558132768275136
2014-04-15,0.009901478362213063,0.006590671051124576,0.009855960048335763,0.006569422249747721
2014-04-16,0.03984993648363376,0.026556309798738374,0.03980441816975646,0.02653506099736152
2014-04-17,0.0006874138799452621,0.0004479613962793756,0.0006418955660679623,0.00042671259490252046
2014-04-21,0.022240052628453383,0.01478507322165162,0.022057979372944184,0.0147000780161442
2014-04-22,0.023828972801833062,0.015875667344204574,0.02378345448795576,0.01585441854282772
2014-04-23,-0.02639941362372688,-0.017610016215147243,-0.02644493193760418,-0.017631265016524098
2014-04-24,0.02869267220006607,0.01911794839641833,0.02864715388618877,0.019096699595041476
2014-04-25,-0.04795857051609566,-0.03198297268063743,-0.04800408882997295,-0.03200422148201428
2014-04-28,0.009719940987927963,0.006448739260630665,0.009583386046296065,0.0063849928565001
2014-04-29,0.02393298964026272,0.015944919294179155,0.02388747132638542,0.0159236704928023
2014-04-30,0.007908580057810774,0.005261886968248131,0.007863061743933473,0.005240638166871276
2014-05-01,0.00891604138633202,0.005933620458225355,0.008870523072454721,0.0059123716568485
2014-05-02,-0.0054842395155404785,-0.0036665668096896448,-0.005529757829417778,-0.0036878156110664996
2014-05-05,0.015751772392518217,0.010469682384134992,0.01561521745088632,0.010405935980004426
2014-05-06,-0.038895077512003176,-0.025940458807331444,-0.03894059582588048,-0.0259617076087083
2014-05-07,-0.00864787577197918,-0.005775657647315445,-0.008693394085856478,-0.0057969064486923004
2014-05-08,-0.002780572993922679,-0.001864122461944445,-0.002826091307799979,-0.0018853712633213001
2014-05-09,0.01109250115968302,0.007384593640459355,0.011046982845805721,0.0073633448390825
2014-05-12,0.04939869595762866,0.032901242573764464,0.04926214101599676,0.0328374961696339
2014-05-13,0.002031009614627721,0.001343599277089155,0.001985491300750421,0.0013223504757122998
2014-05-14,-0.01563814872335128,-0.010435839614896846,-0.01568366703722858,-0.010457088416273701
2014-05-15,-0.023575888722142783,-0.015727666280757845,-0.023621407036020083,-0.0157489150821347
2014-05-16,0.01961534158719212,0.013066487258798755,0.01956982327331482,0.0130452384574219
2014-05-19,0.020839177479732063,0.013861563588500065,0.020702622538100166,0.0137978171843695
2014-05-20,-0.01087715359559638,-0.007261842863060245,-0.010922671909473679,-0.0072830916644371
2014-05-21,0.02862903501615392,0.019075616211439956,0.02858351670227662,0.0190543674100631
2014-05-22,0.013158997190614063,0.008762350270058575,0.013113478876736763,0.00874110146868172
2014-05-23,0.02184649493549162,0.014553922824331754,0.02180097662161432,0.014532674022954899
2014-05-27,0.037348525696940756,0.024857759036557306,0.037166452441431554,0.024772763831049885
2014-05-28,-0.009239767597813336,-0.0061701595888930235,-0.009285285911690637,-0.006191408390269879
2014-05-29,0.019170386363570862,0.012769943052029775,0.01912486804969356,0.01274869425065292
2014-05-30,0.00032019966038566224,0.00020315191657297563,0.0002746813465083624,0.00018190311519612046
2014-06-02,-0.0029840176376089134,-0.0020202886627916734,-0.0031205725792408127,-0.0020840350669222387
2014-06-03,-0.0013248396117562379,-0.0008935409315216244,-0.0013703579256335377,-0.0009147897328984796
2014-06-04,0.011179434676624063,0.007442641927398576,0.011133916362746762,0.007421393126021721
2014-06-05,0.025231243843844862,0.016810514705545773,0.025185725529967562,0.016789265904168918
2014-06-06,0.01721814026722996,0.011468445654469176,0.01717262195335266,0.01144719685309232
2014-06-09,-0.002288413447188713,-0.0015565525358448731,-0.0024249683888206124,-0.0016202989399754387
2014-06-10,0.005166635402784462,0.0034341090781721756,0.0051211170889071626,0.0034128602767953204
2014-06-11,-0.0006537673738375379,-0.0004461594395758244,-0.0006992856877148377,-0.00046740824095267957
2014-06-12,-0.027137170277374036,-0.018101761375266825,-0.027182688591251336,-0.01812301017664368
2014-06-13,0.008789739437741263,0.005849511768143376,0.008744221123863962,0.005828262966766521
2014-06-16,0.0025732394849305867,0.0016845494189013268,0.0024366845432986874,0.0016208030147707613
2014-06-17,0.0016141579759402624,0.0010657907936093755,0.0015686396620629625,0.0010445419922325205
2014-06-18,0.01686505739611396,0.011233057073725175,0.01681953908223666,0.01121180827234832
2014-06-19,-0.0019440652726727787,-0.0013064506477778448,-0.0019895835865500785,-0.0013276994491547
2014-06-20,0.0035217905030609726,0.002337360598414931,0.003476272189183673,0.0023161117970380758
2014-06-23,0.0006233139292214187,0.00038404340860379287,0.00048675898758951923,0.0003202970044732274
2014-06-24,-0.0029173767949469786,-0.0019553249959606447,-0.0029628951088242787,-0.0019765737973375
2014-06-25,0.01908498894032222,0.012712918827552154,0.01903947062644492,0.012691670026175298
2014-06-26,0.001599490603018221,0.001055919936016155,0.001553972289140921,0.0010346711346392997
2014-06-27,0.013169536757880464,0.008769376648236175,0.013124018444003164,0.00874812784685932
2014-06-30,0.005094078644025964,0.0033648310313626655,0.004957523702394064,0.0033010846272321
2014-07-01,0.03289643938793386,0.021920645068271773,0.03285092107405656,0.021899396266894917
2014-07-02,0.005047486031510973,0.003354490950714931,0.005001967717633673,0.003333242149338076
2014-07-03,0.018919495514318672,0.01260249727258673,0.018873977200441372,0.012581248471209875
2014-07-07,-0.009119228735856732,-0.0061218551701991385,-0.009301301991365932,-0.0062068503757065595
2014-07-08,-0.03616894775778914,-0.024122946362210226,-0.03621446607166644,-0.02414419516358708
2014-07-09,0.02227158519806792,0.014837316332715953,0.02222606688419062,0.014816067531339098
2014-07-10,-0.009486311653693479,-0.0063346149017916445,-0.009531829967570777,-0.0063558637031685
2014-07-11,0.019324470988578573,0.012872480922093331,0.019278952674701273,0.012851232120716476
2014-07-14,0.017925968105661518,0.011919146192897193,0.01778941316402962,0.011855399788766628
2014-07-15,-0.01033778879090698,-0.006902266326600645,-0.010383307104784278,-0.0069235151279775
2014-07-16,0.011928437536067373,0.00794179195375253,0.011882919222190072,0.007920543152375675
2014-07-17,-0.03974122938268562,-0.026504652658749468,-0.03978674769656292,-0.026525901460126323
2014-07-18,0.04755163613485408,0.03169059101961033,0.04750611782097678,0.031669342218233476
2014-07-21,-0.003768481747523181,-0.002543820375892607,-0.0039050366891550804,-0.0026075667800231723
2014-07-22,0.019054069061223318,0.012692305574819554,0.019008550747346017,0.012671056773442699
2014-07-23,0.01924379134115162,0.012818787094771755,0.01919827302727432,0.0127975382933949
2014-07-24,-0.003401513552381979,-0.002278082834250645,-0.003447031866259279,-0.0022993316356275
2014-07-25,-0.011746495299885279,-0.007841403999252846,-0.011792013613762578,-0.007862652800629701
2014-07-28,0.0009055634421828633,0.0005724875634672651,0.0007690085005509638,0.0005087411593366996
2014-07-29,-0.005278978756287138,-0.0035296336945422244,-0.005324497070164438,-0.0035508824959190797
2014-07-30,0.011793235664903373,0.00785165737297653,0.011747717351026072,0.007830408571599674
2014-07-31,-0.060639741552915134,-0.04043680889229422,-0.060685259866792435,-0.04045805769367108
2014-08-01,-0.01105826226972748,-0.007382581979147645,-0.011103780583604778,-0.0074038307805245
2014-08-04,0.020573779222651863,0.013684631417113265,0.020437224281019965,0.0136208850129827
2014-08-05,-0.022984213289179038,-0.015333123383136825,-0.02302973160305634,-0.01535437218451368
2014-08-06,-0.0022291402211324783,-0.0014965006134176448,-0.0022746585350097784,-0.0015177494147945
2014-08-07,-0.00952963942047388,-0.006363500079645245,-0.009575157734351178,-0.0063847488810221
2014-08-08,0.02164328177057822,0.014418447381056155,0.02159776345670092,0.0143971985796793
2014-08-11,0.01767728969964516,0.011753638401775464,0.017540734758013262,0.011689891997644898
2014-08-12,-0.0012648536479540377,-0.0008535502889868244,-0.0013103719618313375,-0.0008747990903636795
2014-08-13,0.03174626471055933,0.021153769341043557,0.03170074639668203,0.021132520539666702
2014-08-14,0.015545267868298962,0.010353197388515175,0.015499749554421662,0.01033194858713832
2014-08-15,0.014538384689701962,0.009681941936117175,0.014492866375824661,0.00966069313474032
2014-08-18,0.02307595461488796,0.015352748345270664,0.02293939967325606,0.015289001941140098
2014-08-19,0.01680291053946542,0.011191533226980955,0.01675739222558812,0.0111702844256041
2014-08-20,-8.24213553089534e-06,-1.590188968325589e-05,-5.376044940819516e-05,-3.715069106011106e-05
2014-08-21,0.006070144646308962,0.004036448573855176,0.006024626332431662,0.004015199772478321
2014-08-22,0.004542680824936473,0.003017954146331931,0.004497162511059173,0.002996705344955076
2014-08-25,0.010575957949394463,0.007019417234941664,0.010439403007762565,0.006955670830811099
2014-08-26,0.0030085118938228623,0.001995360072197776,0.0029629935799455626,0.0019741112708209206
2014-08-27,0.0005946638562327211,0.0003860354381591551,0.0005491455423554212,0.0003647866367822999
2014-08-28,-0.0033244923119104377,-0.0022266427316244243,-0.0033700106257877373,-0.0022478915330012795
2014-08-29,0.011157507557300722,0.007427931238871155,0.011111989243423423,0.0074066824374943
2014-09-02,0.008687023197148584,0.00574972026744842,0.008504949941639384,0.005664725061940999
2014-09-03,-0.01769628890083438,-0.011807933066552246,-0.01774180721471168,-0.011829181867929101
2014-09-04,-0.0027229982068985785,-0.001825739270595045,-0.0027685165207758785,-0.0018469880719719002
2014-09-05,0.015084621894257121,0.010046007463508755,0.015039103580379822,0.0100247586621319
2014-09-08,0.0056821485205761635,0.0037568776157294653,0.005545593578944264,0.0036931312115989
2014-09-09,-0.02488815693480813,-0.016602604360164468,-0.02493367524868543,-0.016623853161541323
2014-09-10,0.02477826437147427,0.01650834317735713,0.02473274605759697,0.016487094375980275
2014-09-11,-0.002405823713528727,-0.001614382212644869,-0.0024513420274060267,-0.0016356310140217243
2014-09-12,-0.015309828283107627,-0.01021705192569747,-0.015355346596984927,-0.010238300727074325
2014-09-15,-0.02897466170909288,-0.019347940350272402,-0.02911121665072478,-0.019411686754402968
2014-09-16,0.026181010940843373,0.017443507556936532,0.026135492626966073,0.017422258755559677
2014-09-17,0.0045201984508574725,0.003002965896945931,0.004474680136980173,0.0029817170955690757
2014-09-18,0.022598879565748173,0.01505541997353973,0.022553361251870872,0.015034171172162875
2014-09-19,-0.001866581946884127,-0.0012548877015484692,-0.001912100260761427,-0.0012761365029253244
2014-09-22,-0.02792853193750358,-0.018650520502546203,-0.02806508687913548,-0.01871426690667677
2014-09-23,-0.008185519826763557,-0.005467605554416034,-0.008231038140640858,-0.0054888543557928895
2014-09-24,0.03218644627218604,0.021447038511550363,0.032140927958308745,0.021425789710173507
2014-09-25,-0.06310954494087634,-0.04208352969754327,-0.06315506325475363,-0.04210477849892012
2014-09-26,0.03191439364490224,0.021265670093361163,0.03186887533102495,0.021244421291984308
2014-09-29,-0.003969477722559174,-0.0026780954914271036,-0.004106032664191074,-0.002741841895557669
2014-09-30,0.004250324196116373,0.002823049727118531,0.004204805882239073,0.0028018009257416757
2014-10-01,-0.047989242717001224,-0.03200332821495987,-0.048034761030878524,-0.03202457701633672
2014-10-02,-7.686509752543559e-06,-1.5624076794079998e-05,-5.320482362984338e-05,-3.687287817093517e-05
2014-10-03,0.029619685276933844,0.019735864514715564,0.029574166963056543,0.01971461571333871
2014-10-06,-0.006439383728979175,-0.004324699495707104,-0.0065759386706110735,-0.004388445899837669
2014-10-07,-0.04257396343678862,-0.028393142028151467,-0.04261948175066592,-0.028414390829528322
2014-10-08,0.05839345691062048,0.03891847153678793,0.05834793859674318,0.038897222735411074
2014-10-09,-0.04845746847776606,-0.03231557132175103,-0.04850298679164335,-0.032336820123127885
2014-10-10,-0.07496160408280016,-0.04998499505844043,-0.07500712239667746,-0.050006243859817286
2014-10-13,-0.04703448120417498,-0.031388097812504304,-0.04717103614580687,-0.03145184421663487
2014-10-14,0.00031516788726004195,0.0001995195882663655,0.0002696495733827421,0.00017827078688951032
2014-10-15,-0.01936882333295403,-0.01292304862559507,-0.01941434164683133,-0.012944297426971925
2014-10-16,-0.018843975957565828,-0.012573150375336269,-0.018889494271443128,-0.012594399176713124
2014-10-17,0.039537672619406126,0.026348041280274757,0.039492154305528826,0.026326792478897902
2014-10-20,0.04481690913317692,0.029846440211240798,0.04468035419154502,0.029782693807110232
2014-10-21,0.07881373074431877,0.052531987425920135,0.07876821243044148,0.05251073862454328
2014-10-22,-0.015492308340716425,-0.01033870529743667,-0.015537826654593726,-0.010359954098813524
2014-10-23,0.04513090802618758,0.030076772280499334,0.04508538971231028,0.03005552347912248
2014-10-24,0.02452770263720524,0.016341209421563162,0.024482184323327938,0.016319960620186306
2014-10-27,0.002107752770461026,0.0013733915039196966,0.001971197828829127,0.001309645099789131
2014-10-28,0.04528616590086598,0.030180277530284932,0.04524064758698868,0.030159028728908077
2014-10-29,-0.011088026065511427,-0.0074025171139666685,-0.011133544379388727,-0.007423765915343524
2014-10-30,0.006303289809337821,0.004191786073562555,0.006257771495460521,0.0041705372721856995
2014-10-31,0.04138414690967824,0.027578838936545162,0.041338628595800946,0.027557590135168307
2014-11-03,0.008854617626878626,0.005871301408198096,0.008718062685246726,0.005807555004067531
2014-11-04,-0.010036653945548427,-0.006701602367324669,-0.010082172259425728,-0.006722851168701524
2014-11-05,0.00028710004441532107,0.00018099289694755507,0.00024158173053802123,0.0001597440955706999
2014-11-06,0.009462254308745421,0.0062977624065009554,0.009416735994868123,0.0062765136051241
2014-11-07,-0.0026635986497903787,-0.0017861395658562448,-0.0027091169636676788,-0.0018073883672331
2014-11-10,0.010606109203308662,0.007039518070884465,0.010469554261676764,0.0069757716667539
2014-11-11,0.009408005230568074,0.0062615037500863314,0.009362486916690773,0.006240254948709476
2014-11-12,0.005271656622691473,0.003503938011501931,0.005226138308814173,0.003482689210125076
2014-11-13,0.012875436552659674,0.00857312463148073,0.012829918238782373,0.008551875830103875
2014-11-14,0.009320533854110672,0.006203189499114731,0.009275015540233371,0.006181940697737876
2014-11-17,-0.009031375139802681,-0.006052415970745607,-0.00916793008143458,-0.006116162374876173
2014-11-18,0.02243845225096442,0.014948561034646955,0.02239293393708712,0.0149273122332701
2014-11-19,-0.013607584041962729,-0.00908222243160087,-0.01365310235584003,-0.009103471232977726
2014-11-20,0.013362470704903543,0.008897721466695365,0.013316952391026243,0.00887647266531851
2014-11-21,0.005781050638013673,0.0038435340217167313,0.005735532324136374,0.003822285220339876
2014-11-24,0.023373315506725324,0.015550433328095895,0.023236760565093422,0.01548668692396533
2014-11-25,0.004576278143045973,0.0030403523584049312,0.0045307598291686735,0.003019103557028076
2014-11-26,0.019451895188120072,0.01295743038845433,0.01940637687424277,0.012936181587077475
2014-11-28,0.013915724153249345,0.009256149961581462,0.013824687525494745,0.009213652358827751
2014-12-01,-0.03398267255716688,-0.022686614248988404,-0.03411922749879878,-0.02275036065311897
2014-12-02,0.012014067284951422,0.007998971057304955,0.011968548971074123,0.0079777222559281
2014-12-03,0.005408294807717721,0.003595122739149155,0.005362776493840421,0.0035738739377723003
2014-12-04,-0.001429579359577158,-0.0009636452429584346,-0.0014750976734544579,-0.0009848940443352896
2014-12-05,0.00027617862898947284,0.00017361934903393095,0.000230660315112173,0.00015237054765707578
2014-12-08,-0.021374295875177182,-0.014281029794328607,-0.02151085081680908,-0.014344776198459173
2014-12-09,0.009454006154132121,0.006292263636758755,0.009408487840254822,0.0062710148353819
2014-12-10,-0.04717009348720754,-0.031457043515155825,-0.04721561180108484,-0.03147829231653268
2014-12-11,0.01422111289317062,0.009470334796117754,0.014175594579293321,0.009449085994740898
2014-12-12,-0.03266727495181378,-0.021788590433871845,-0.03271279326569108,-0.0218098392352487
2014-12-15,-0.03099662869826798,-0.020695918343055803,-0.031133183639899878,-0.02075966474718637
2014-12-16,-0.04813303745800154,-0.032099006162351826,-0.048178555771878843,-0.03212025496372868
2014-12-17,0.05460202619982033,0.03639094366721756,0.05455650788594303,0.036369694865840706
2014-12-18,0.07219237896462842,0.04811784551042296,0.07214686065075111,0.048096596709046105
2014-12-19,0.013191925639124863,0.008784302569065774,0.013146407325247562,0.00876305376768892
2014-12-22,0.007450153304619187,0.0049358252986937265,0.007313598362987287,0.004872078894563161
2014-12-23,-0.010623181650241143,-0.007092343010183876,-0.010668699964118442,-0.007113591811560732
2014-12-24,0.002582847277655721,0.001711491052441155,0.002537328963778421,0.0016902422510642998
2014-12-26,0.021270141056599585,0.014158909364585732,0.021179104428844985,0.014116411761832022
2014-12-29,-0.0005923506883555743,-0.00042667746862470353,-0.0007289056299874738,-0.0004904238727552691
2014-12-30,-0.02000411552465578,-0.013346484149099846,-0.02004963383853308,-0.013367732950476701
2014-12-31,-0.03077928444777388,-0.020529930097845244,-0.03082480276165118,-0.0205511788992221
2015-01-02,-0.009025333492812876,-0.006037518042576849,-0.009116370120567475,-0.006080015645330559
2015-01-05,-0.04402999883806058,-0.029384831769584206,-0.04416655377969248,-0.02944857817371477
2015-01-06,-0.040232664543183576,-0.026832183494785045,-0.040278182857060876,-0.0268534322961619
2015-01-07,0.03866536732084563,0.025766504414567758,0.038619849006968326,0.025745255613190902
2015-01-08,0.05741172603577443,0.03826407689118696,0.05736620772189713,0.0382428280898101
2015-01-09,-0.01975768391191528,-0.013182196407272846,-0.01980320222579258,-0.013203445208649701
2015-01-12,-0.03130337679592478,-0.020900417074827003,-0.03143993173755668,-0.02096416347895757
2015-01-13,-0.000895216638919779,-0.000607218225275845,-0.0009407349527970788,-0.0006284670266527002
2015-01-14,-0.01655625195575758,-0.011047908436501046,-0.016601770269634882,-0.011069157237877901
2015-01-15,-0.03893427927706184,-0.025966500708392026,-0.03897979759093914,-0.02598774950976888
2015-01-16,0.035214808933655126,0.023466132156440757,0.035169290619777825,0.0234448833550639
2015-01-20,0.023771912641064482,0.01580631323005902,0.023589839385555283,0.0157213180245516
2015-01-21,0.01534264007596892,0.010218019584649954,0.015297121762091621,0.010196770783273098
2015-01-22,0.055503729083193926,0.03699207892279996,0.055458210769316625,0.036970830121423104
2015-01-23,0.00662427675105302,0.004405777368039355,0.006578758437175721,0.004384528566662499
2015-01-26,-0.003476109536227281,-0.002348905568362007,-0.0036126644778591804,-0.002412651972492572
2015-01-27,-0.07778697073964579,-0.05186838762575984,-0.0778324890535231,-0.0518896364271367
2015-01-28,-0.015387034172711728,-0.01026852251876687,-0.015432552486589028,-0.010289771320143725
2015-01-29,0.028827471184560576,0.019207814386081334,0.028781952870683275,0.01918656558470448
2015-01-30,-0.02326895258981638,-0.015523042192540245,-0.02331447090369368,-0.0155442909939171
2015-02-02,0.02608947009319432,0.017361480851252397,0.025952915151562422,0.01729773444712183
2015-02-03,0.02882143272089007,0.01920378874363433,0.02877591440701277,0.019182539942257475
2015-02-04,-0.002629749786781827,-0.0017636662614802692,-0.0026752681006591266,-0.0017849150628571244
2015-02-05,0.025947481477145144,0.017287728648189764,0.025901963163267844,0.01726647984681291
2015-02-06,-0.018223497415146027,-0.012159498013723069,-0.018269015729023327,-0.012180746815099924
2015-02-09,-0.009622090421187982,-0.006446226158335807,-0.009758645362819882,-0.006509972562466373
2015-02-10,0.04668589011163444,0.031113334404515962,0.046640371797757145,0.031092085603139107
2015-02-11,0.010913062527816042,0.007264782681970366,0.010867544213938742,0.00724353388059351
2015-02-12,0.03492270305965744,0.023271209703197963,0.034877184745780145,0.023249960901821107
2015-02-13,0.02574702330873267,0.01715418246886273,0.025701504994855368,0.017132933667485875
2015-02-17,0.0027777303914161677,0.001809450914649462,0.0025956571359069683,0.0017244557091420413
2015-02-18,0.004197411438061473,0.002787774555081931,0.004151893124184174,0.002766525753705076
2015-02-19,0.014829761438969073,0.00987600788902033,0.014784243125091773,0.009854759087643475
2015-02-20,0.020050026469976372,0.01335618457635853,0.020004508156099072,0.013334935774981675
2015-02-23,0.003020855914981719,0.001982404732443993,0.00288430097334982,0.0019186583283134278
2015-02-24,0.002204285492140173,0.001459023924467731,0.0021587671782628735,0.0014377751230908757
2015-02-25,-0.007465813555563628,-0.004987708774001469,-0.007511331869440928,-0.0050089575753783245
2015-02-26,0.015222666309044673,0.01013794446907073,0.015177147995167372,0.010116695667693874
2015-02-27,-0.013234361730810879,-0.008833314953203246,-0.013279880044688178,-0.0088545637545801
2015-03-02,0.027098887175382218,0.018034425572710996,0.02696233223375032,0.01797067916858043
2015-03-03,-0.013995917385533128,-0.00934111132731447,-0.014041435699410429,-0.009362360128691325
2015-03-04,-0.011581034616414628,-0.007731189481235469,-0.011626552930291929,-0.0077524382826123246
2015-03-05,0.0052497520181937415,0.0034892423422221656,0.005204233704316442,0.0034679935408453108
2015-03-06,-0.033972592910588725,-0.022658895010684868,-0.034018111224466026,-0.022680143812061723
2015-03-09,0.008636081345625426,0.005725610554029296,0.008499526403993526,0.005661864149898731
2015-03-10,-0.05570749975348682,-0.037148832905950266,-0.05575301806736412,-0.03717008170732712
2015-03-11,-0.01731802570265343,-0.01155585020539467,-0.01736354401653073,-0.011577099006771525
2015-03-12,0.019686055847527518,0.013113630099022354,0.019640537533650217,0.013092381297645499
2015-03-13,-0.01305230096332288,-0.008711941108211246,-0.01309781927720018,-0.008733189909588102
2015-03-16,0.038707352861514666,0.02577368050968847,0.038570797919882764,0.025709934105557903
2015-03-17,0.004770737810394659,0.0031702699635733243,0.0047252194965173595,0.003149021162196469
2015-03-18,0.029466290796887156,0.019633971954568324,0.029420772483009856,0.01961272315319147
2015-03-19,0.00443821829280302,0.002948405062539355,0.004392699978925721,0.0029271562611625002
2015-03-20,0.01941182319818012,0.012930808332790754,0.01936630488430282,0.012909559531413898
2015-03-23,-0.005827188667594374,-0.003916569454783904,-0.005963743609226273,-0.003980315858914469
2015-03-24,-0.01080973496582338,-0.007216897109878245,-0.010855253279700678,-0.0072381459112551005
2015-03-25,-0.06866280370884154,-0.045785702209520066,-0.06870832202271883,-0.04580695101089692
2015-03-26,-0.010249438546824438,-0.006843273554900424,-0.010294956860701738,-0.006864522356277279
2015-03-27,0.01197993714692822,0.007976217631956155,0.011934418833050922,0.0079549688305793
2015-03-30,0.034375120416193686,0.02288580337307673,0.034238565474561784,0.022822056968946163
2015-03-31,-0.03177126302383994,-0.021191156539577427,-0.03181678133771724,-0.021212405340954282
2015-04-01,-0.01563321025736878,-0.010432547304241846,-0.01567872857124608,-0.0104537961056187
2015-04-02,0.0019908964931850213,0.001316857196127355,0.0019453781793077212,0.0012956083947504998
2015-04-06,0.02451262917701659,0.016299753836841523,0.02433055592150739,0.016214758631334102
2015-04-07,-0.0051034387129622796,-0.003412699607970845,-0.005148957026839579,-0.0034339484093477
2015-04-08,0.02381027172339177,0.01586301474530213,0.02376475340951447,0.015841765943925275
2015-04-09,0.01883981067836612,0.012549466652914754,0.018794292364488818,0.012528217851537899
2015-04-10,0.01229319520200992,0.008185056335343954,0.012247676888132622,0.008163807533967098
2015-04-13,-0.007540538174671281,-0.0050585246606580075,-0.007677093116303181,-0.005122271064788573
2015-04-14,-0.008660581344049779,-0.005784128028695845,-0.008706099657927078,-0.0058053768300727
2015-04-15,0.01874691933223527,0.01248744648453113,0.01870140101835797,0.012466197683154275
2015-04-16,-0.0041807577408024274,-0.002797671564160669,-0.004226276054679727,-0.0028189203655375242
2015-04-17,-0.04680851134479992,-0.031216173966825668,-0.04685402965867722,-0.031237422768202523
2015-04-20,0.044975168357332625,0.029951668561834097,0.04483861341570073,0.02988792215770353
2015-04-21,0.01281705522617222,0.008534296351452154,0.012771536912294922,0.008513047550075299
2015-04-22,0.01637123539134302,0.010903749794899354,0.016325717077465718,0.010882500993522498
2015-04-23,0.01131207743044562,0.007530977820967755,0.011266559116568322,0.0075097290195909
2015-04-24,0.04070403543158822,0.027125616488396155,0.04065851711771092,0.0271043676870193
2015-04-27,-0.007624353872747637,-0.005114123979819736,-0.007760908814379536,-0.005177870383950301
2015-04-28,-0.005993841989268327,-0.004006394396471269,-0.006039360303145626,-0.004027643197848124
2015-04-29,-0.01881917343727113,-0.01255661536180647,-0.01886469175114843,-0.012577864163183326
2015-04-30,-0.047194837360695865,-0.03147381724370423,-0.04724035567457316,-0.03149506604508109
2015-05-01,0.03957292925201614,0.026371360498103763,0.03952741093813884,0.026350111696726908
2015-05-04,0.004929907698244626,0.0032548281224420964,0.004793352756612727,0.003191081718311531
2015-05-05,-0.048894269543046626,-0.03260667943232347,-0.048939787856923926,-0.03262792823370032
2015-05-06,-0.02066758271880326,-0.013788980815775835,-0.02071310103268056,-0.01381022961715269
2015-05-07,0.017983986130375773,0.011978824349958131,0.017938467816498473,0.011957575548581276
2015-05-08,0.03744151255608154,0.02495041603414736,0.037395994242204245,0.024929167232770506
2015-05-11,-0.011614290299597575,-0.007774637209452704,-0.011750845241229475,-0.007838383613583268
2015-05-12,-0.013585239513333928,-0.00906732607918167,-0.013630757827211229,-0.009088574880558526
2015-05-13,0.006116115091039822,0.004067002928030555,0.006070596777162522,0.0040457541266537
2015-05-14,0.04388101265391568,0.029243508698984733,0.04383549434003838,0.029222259897607877
2015-05-15,-7.130912064874517e-06,-1.534627795024548e-05,-5.264922594217434e-05,-3.659507932710065e-05
2015-05-18,0.013117678588895018,0.008713619848386192,0.012981123647263119,0.008649873444255626
2015-05-19,-0.003278035675259127,-0.002195856853798469,-0.0033235539891364268,-0.002217105655175324
2015-05-20,0.001901401870962573,0.001257101510349331,0.001855883557085273,0.0012358527089724757
2015-05-21,0.015536641795571973,0.01034726146008893,0.015491123481694673,0.010326012658712075
2015-05-22,-0.0029919903082074274,-0.002005159942430669,-0.003037508622084727,-0.002026408743807524
2015-05-26,-0.034519994322742005,-0.023055328496330876,-0.03470206757825121,-0.023140323701838297
2015-05-27,0.048344598587218776,0.03221923265452013,0.048299080273341476,0.03219798385314328
2015-05-28,-0.0067665332158013585,-0.004521614480441234,-0.006812051529678658,-0.004542863281818089
2015-05-29,-0.017890804514345358,-0.011937795346137235,-0.017936322828222658,-0.01195904414751409
2015-06-01,0.010063417251709925,0.006677167824752296,0.009926862310078026,0.006613421420621731
2015-06-02,-0.009516365727283227,-0.006354743555147869,-0.009561884041160528,-0.006375992356524724
2015-06-03,0.008987037242562043,0.005980765825134366,0.008941518928684743,0.005959517023757511
2015-06-04,-0.02283390905949213,-0.01523310577662047,-0.02287942737336943,-0.015254354577997325
2015-06-05,-0.007127104957843227,-0.004761903042187869,-0.007172623271720527,-0.004783151843564724
2015-06-08,-0.030490864944701043,-0.020358464694455333,-0.03062741988633294,-0.0204222110985859
2015-06-09,-0.004998573734680227,-0.0033428822267458688,-0.005044092048557527,-0.003364131028122724
2015-06-10,0.041099437373274275,0.02738912517855713,0.041053919059396975,0.027367876377180276
2015-06-11,0.004376311681159173,0.002907041383813731,0.004330793367281874,0.002885792582436876
2015-06-12,-0.02463133524394586,-0.016431482499204238,-0.02467685355782316,-0.016452731300581093
2015-06-15,-0.01491930743461778,-0.009977704167289008,-0.01505586237624968,-0.010041450571419573
2015-06-16,0.01634908719321117,0.01088889172518173,0.01630356887933387,0.010867642923804875
2015-06-17,0.008265140015376043,0.005499501007010366,0.008219621701498743,0.0054782522056335105
2015-06-18,0.04371409041084364,0.029132134603988762,0.04366857209696635,0.029110885802611907
2015-06-19,-0.014838810516702857,-0.009903132681042235,-0.014884328830580157,-0.00992438148241909
2015-06-22,0.022091440832429227,0.014695850211898497,0.021954885890797325,0.014632103807767931
2015-06-23,0.002432296034700042,0.0016109383532263654,0.0023867777208227423,0.0015896895518495101
2015-06-24,-0.015442864493897658,-0.010305835332505436,-0.015488382807774958,-0.010327084133882291
2015-06-25,-0.005994769495328959,-0.004007105333459634,-0.0060402878092062585,-0.00402835413483649
2015-06-26,-0.019916629025531957,-0.013288345020261634,-0.019962147339409257,-0.01330959382163849
2015-06-29,-0.07085508892135878,-0.047268502957293505,-0.07099164386299067,-0.04733224936142407
2015-06-30,0.010677253404169173,0.007107669199153731,0.010631735090291873,0.007086420397776876
2015-07-01,0.023810660355586842,0.015863181233817563,0.02376514204170954,0.015841932432440708
2015-07-02,0.0008264213873850418,0.0005403552550163654,0.000780903073507742,0.0005191064536395103
2015-07-06,-0.006976309642665431,-0.004693242441404938,-0.007158382898174631,-0.004778237646912359
2015-07-07,0.007513294468675173,0.004998363242157731,0.007467776154797873,0.004977114440780876
2015-07-08,-0.05224448678320112,-0.034840157592426466,-0.05229000509707842,-0.03486140639380332
2015-07-09,-0.001704717037521627,-0.0011469777619734691,-0.0017502353513989268,-0.0011682265633503244
2015-07-10,0.04582745764075233,0.030541231294505557,0.04578193932687503,0.030519982493128702
2015-07-13,0.052649709088795925,0.0350680290494763,0.05251315414716403,0.03500428264534573
2015-07-14,0.019711223734223973,0.01313031608585693,0.019665705420346673,0.013109067284480075
2015-07-15,0.003258118164026142,0.0021614864394437655,0.003212599850148842,0.0021402376380669106
2015-07-16,0.04239170399264218,0.02825063625813573,0.04234618567876488,0.028229387456758875
2015-07-17,0.04421189366812018,0.02946409604178773,0.04416637535424288,0.029442847240410876
2015-07-20,0.010275138261936663,0.006818870776636465,0.010138583320304765,0.0067551243725059
2015-07-21,-0.0018509986819969376,-0.0012443136450154245,-0.0018965169958742375,-0.0012655624463922795
2015-07-22,-0.03398230744864917,-0.022665278765095442,-0.03402782576252647,-0.022686527566472298
2015-07-23,-0.011197022012546838,-0.007474995865382024,-0.011242540326424138,-0.007496244666758879
2015-07-24,-0.029420539966877685,-0.019624100443914445,-0.029466058280754985,-0.0196453492452913
2015-07-27,-0.024868171524997318,-0.016609724587717273,-0.025004726466629216,-0.01667347099184784
2015-07-28,0.02585742716830686,0.017228062868848124,0.02581190885442956,0.01720681406747127
2015-07-29,0.011328656036413557,0.007542215447585924,0.011283137722536259,0.0075209666462090685
2015-07-30,0.014242979238533687,0.009485190200676537,0.014197460924656386,0.009463941399299682
2015-07-31,-0.003489566558103391,-0.002336414374054451,-0.003535084871980691,-0.002357663175431306
2015-08-03,-0.009412641129659399,-0.006304926209264317,-0.009549196071291299,-0.006368672613394882
2015-08-04,-0.005655262963869799,-0.0037801193501881053,-0.005700781277747099,-0.0038013681515649605
2015-08-05,0.023150680824040596,0.015423843175085493,0.0231051625101633,0.015402594373708637
2015-08-06,-0.048118572030856704,-0.03208899206151271,-0.048164090344734005,-0.032110240862889564
2015-08-07,-0.003811178485862238,-0.0025511001809256245,-0.003856696799739538,-0.0025723489823024797
2015-08-10,0.03423805097836766,0.022794979443874014,0.03410149603673576,0.022731233039743448
2015-08-11,-0.03846517513521012,-0.025653023573396518,-0.03851069344908742,-0.025674272374773374
2015-08-12,0.010338338922523749,0.006882467176880919,0.010292820608646449,0.006861218375504064
2015-08-13,-0.00489825955818965,-0.0032752651435946803,-0.004943777872066951,-0.0032965139449715355
2015-08-14,0.00461043380704075,0.0030638637665589196,0.004564915493163449,0.0030426149651820644
2015-08-17,0.024940343589662163,0.016597341500800316,0.024803788648030265,0.01653359509666975
2015-08-18,-0.01535832247211615,-0.010248640419545681,-0.015403840785993451,-0.010269889220922536
2015-08-19,-0.019765066585800392,-0.013186747725852451,-0.019810584899677693,-0.013207996527229307
2015-08-20,-0.08309291356929684,-0.05540549762288767,-0.08313843188317414,-0.055426746424264525
2015-08-21,-0.13112448384443673,-0.08742682229991687,-0.13117000215831404,-0.08744807110129373
2015-08-24,-0.11545470909683875,-0.07700102746254714,-0.11559126403847064,-0.0770647738666777
2015-08-25,-0.011283425587024812,-0.007532413016362462,-0.011328943900902113,-0.007553661817739317
2015-08-26,0.1510748802343001,0.10070655015421454,0.15102936192042282,0.10068530135283768
2015-08-27,0.07598789571479939,0.05064846785152034,0.07594237740092208,0.05062721905014349
2015-08-28,-0.000577604411578513,-0.00039519889939826195,-0.0006231227254558128,-0.0004164477007751171
2015-08-31,-0.03723911906631244,-0.024856467252579385,-0.03737567400794434,-0.02492021365670995
2015-09-01,-0.09376990742915842,-0.06252321566038051,-0.09381542574303571,-0.06254446446175736
2015-09-02,0.08460389130115022,0.05639218706810416,0.08455837298727291,0.0563709382667273
2015-09-03,-0.014734300216370679,-0.009833273943576446,-0.014779818530247978,-0.009854522744953301
2015-09-04,-0.03569752647876512,-0.023808850722802467,-0.03574304479264242,-0.023830099524179322
2015-09-08,0.08454210228863658,0.05631940257792152,0.08436002903312738,0.0562344073724141
2015-09-09,-0.03371177849566321,-0.022484648288788062,-0.0337572968095405,-0.022505897090164918
2015-09-10,0.032632016993973625,0.021744270863319756,0.032586498680096325,0.0217230220619429
2015-09-11,0.01656637837021377,0.01103375250985013,0.01652086005633647,0.011012503708473275
2015-09-14,-0.009120001357668411,-0.006110944476164673,-0.009256556299300311,-0.006174690880295239
2015-09-15,0.03533378492087211,0.023545819945262548,0.03528826660699481,0.023524571143885693
2015-09-16,0.016892135610077907,0.011251387071399749,0.016846617296200607,0.011230138270022894
2015-09-17,0.001110108061955387,0.000729942749624338,0.0010645897480780872,0.0007086939482474829
2015-09-18,-0.04267506771320276,-0.028460637478708837,-0.04272058602708005,-0.028481886280085692
2015-09-21,0.009379377935815994,0.00622058605860043,0.009242822994184094,0.0061568396544698645
2015-09-22,-0.04486014312799676,-0.029917354421904838,-0.04490566144187405,-0.029938603223281693
2015-09-23,0.0022989409032459643,0.0015218497470716765,0.0022534225893686647,0.0015006009456948214
2015-09-24,-0.010949544880229358,-0.007310288923393234,-0.010995063194106659,-0.007331537724770089
2015-09-25,-0.025439986114892663,-0.016970583079835438,-0.025485504428769963,-0.016991831881212293
2015-09-28,-0.08542405086149021,-0.056981699806270374,-0.08556060580312211,-0.05704544621040094
2015-09-29,-0.015609658692300857,-0.010417031464774235,-0.015655177006178158,-0.01043828026615109
2015-09-30,0.06906011109937954,0.04602948172967937,0.06901459278550223,0.046008232928302514
2015-10-01,0.013555065747229865,0.009025932976394277,0.013509547433352564,0.009004684175017421
2015-10-02,0.05252798451741457,0.035007786237612686,0.05248246620353727,0.03498653743623583
2015-10-05,0.042956054116153386,0.02860531461624838,0.042819499174521485,0.028541568212117813
2015-10-06,-0.01422466579357856,-0.009493702865626036,-0.01427018410745586,-0.009514951667002891
2015-10-07,0.01799417822348246,0.011985433884148125,0.01794865990960516,0.01196418508277127
2015-10-08,0.011921413558724062,0.007936924107642525,0.011875895244846762,0.00791567530626567
2015-10-09,0.013572947975389866,0.009037854461834277,0.013527429661512566,0.009016605660457422
2015-10-12,0.007299897230366226,0.004834821143856496,0.007163342288734327,0.004771074739725931
2015-10-13,-0.01939075260935816,-0.012937760742812434,-0.01943627092323546,-0.01295900954418929
2015-10-14,-0.004813950985931058,-0.0032198929938610345,-0.004859469299808358,-0.0032411417952378893
2015-10-15,0.04927157151145676,0.03283702940946433,0.04922605319757946,0.03281578060808747
2015-10-16,0.012531308713546843,0.008343613472457566,0.012485790399669542,0.00832236467108071
2015-10-19,0.017181417044627226,0.011422501020030496,0.017044862102995325,0.01135875461589993
2015-10-20,-0.015457572106606527,-0.01031554780803007,-0.015503090420483827,-0.010336796609406925
2015-10-21,-0.018310429885739728,-0.012217452994118869,-0.018355948199617028,-0.012238701795495724
2015-10-22,0.061097075078504745,0.04072079104909617,0.06105155676462745,0.040699542247719316
2015-10-23,0.08394318681990835,0.05595143961509873,0.08389766850603106,0.05593019081372187
2015-10-26,0.0018402781957348256,0.0011950751207688965,0.001703723254102926,0.001131328716638331
2015-10-27,0.006107067404106574,0.004060878532445331,0.006061549090229274,0.004039629731068476
2015-10-28,0.024928546711649416,0.016608624008436955,0.024883028397772115,0.0165873752070601
2015-10-29,-0.0047445118596706375,-0.003173322430131224,-0.004790030173547937,-0.0031945712315080794
2015-10-30,-0.013449825769707092,-0.00897658718179025,-0.01349534408358439,-0.008997835983167106
2015-11-02,0.0338503592489385,0.022537074043134285,0.0337138043073066,0.02247332763900372
2015-11-03,0.010458657659407601,0.006962494398663495,0.0104131393455303,0.00694124559728664
2015-11-04,0.00025168620622902235,0.00015766151247342822,0.0002061678923517225,0.00013641271109657304
2015-11-05,-0.008095301861262841,-0.005407089817531676,-0.00814082017514014,-0.005428338618908531
2015-11-06,0.0020828432388357594,0.0013783402492007241,0.0020373249249584593,0.0013570914478238689
2015-11-09,-0.0319166106459783,-0.021307572553476914,-0.0320531655876102,-0.02137131895760748
2015-11-10,-0.007674805286139064,-0.005125925033729337,-0.007720323600016363,-0.005147173835106192
2015-11-11,-0.0037224546093632786,-0.002491117238364895,-0.0037679729232405787,-0.00251236603974175
2015-11-12,-0.029180924322055483,-0.019463430380159696,-0.029226442635932784,-0.01948467918153655
2015-11-13,-0.05892198271704096,-0.03929070998766394,-0.05896750103091826,-0.03931195878904079
2015-11-16,0.043112665769097364,0.02871333468303012,0.04297611082746546,0.028649588278899553
2015-11-17,0.0018694829348797914,0.00123702644078869,0.0018239646210024916,0.001215777639411835
2015-11-18,0.05757007316425944,0.03837066059986966,0.05752455485038214,0.038349411798492807
2015-11-19,0.0020981843107288813,0.0013892160572294852,0.0020526659968515817,0.00136796725585263
2015-11-20,0.020302343338122142,0.013525229429043266,0.02025682502424484,0.01350398062766641
2015-11-23,-0.008685606243569566,-0.0058194025514942,-0.008822161185201466,-0.005883148955624765
2015-11-24,-0.002643298284842463,-0.0017715870328649371,-0.0026888165987197627,-0.0017928358342417922
2015-11-25,0.0026157803832898554,0.001734650738253922,0.002570262069412556,0.0017134019368770668
2015-11-27,0.004170431978924211,0.0027624383321325444,0.004079395351169612,0.0027199407293788344
2015-11-30,-0.007659797268514224,-0.005133862054524929,-0.007796352210146123,-0.005197608458655495
2015-12-01,0.02997737868032252,0.019976272359194452,0.02993186036644522,0.019955023557817596
2015-12-02,-0.018515543239713488,-0.012352434947480598,-0.018561061553590788,-0.012373683748857453
2015-12-03,-0.05086993417489309,-0.033922028904266995,-0.05091545248877039,-0.03394327770564385
2015-12-04,0.07010908584280182,0.04673065110752961,0.07006356752892451,0.04670940230615275
2015-12-07,-0.013604904446748245,-0.00909587658089384,-0.013741459388380145,-0.009159622985024405
2015-12-08,0.0002393554428197551,0.00015157251872542139,0.00019383712894245533,0.00013032371734856621
2015-12-09,-0.045560125846462005,-0.03038160045506621,-0.045605644160339305,-0.030402849256443064
2015-12-10,0.013532303648571291,0.009013259824856939,0.013486785334693992,0.008992011023480084
2015-12-11,-0.0690673325269671,-0.0460533497116295,-0.06911285084084441,-0.046074598513006354
2015-12-14,0.022688930100967255,0.015100013117583161,0.022552375159335357,0.015036266713452595
2015-12-15,0.01825375878923309,0.012160896585298139,0.01820824047535579,0.012139647783921284
2015-12-16,0.04458798527027372,0.02971695486058315,0.044542466956396416,0.029695706059206295
2015-12-17,-0.043714017689245606,-0.02915086168358861,-0.043759536003122906,-0.029172110484965465
2015-12-18,-0.057565749686863205,-0.03838572052092276,-0.057611268000740505,-0.03840696932229961
2015-12-21,0.03327387019725466,0.022155805650777717,0.033137315255622767,0.02209205924664715
2015-12-22,0.0196999564853844,0.013124842963271495,0.019654438171507103,0.013103594161894641
2015-12-23,0.022258182045987413,0.01483004857632,0.022212663732110113,0.014808799774943145
2015-12-24,-0.0005506252483796839,-0.0003759156418872474,-0.0005961435622569836,-0.00039716444326410254
2015-12-28,-0.0016702900521893352,-0.0011488552733293896,-0.0018523633076985345,-0.0012338504788368101
2015-12-29,0.04716923505555929,0.03143760264069224,0.04712371674168199,0.03141635383931539
2015-12-30,-0.02705432181356251,-0.01804476860538896,-0.027099840127439812,-0.018066017406765816
2015-12-31,-0.03736295557659049,-0.0249173765053986,-0.03740847389046779,-0.024938625306775455
2016-01-04,-0.0633539884358844,-0.04227280369301352,-0.06353606169139359,-0.04235779889852094
2016-01-05,-0.005225125567378181,-0.0034920638059393458,-0.00527064388125548,-0.003513312607316201
2016-01-06,-0.028835376319383585,-0.019232416355889848,-0.028880894633260885,-0.019253665157266703
2016-01-07,-0.09395833511623819,-0.06264762953183041,-0.0940038534301155,-0.06266887833320726
2016-01-08,-0.024619518199785587,-0.016421844276157848,-0.024665036513662888,-0.016443093077534703
2016-01-11,0.00917700270571325,0.006091505374906458,0.00904044776408135,0.006027758970775892
2016-01-12,0.034775404749798414,0.023174863712194,0.03472988643592111,0.023153614910817143
2016-01-13,-0.10348668821379708,-0.068999864930203,-0.10353220652767439,-0.06902111373157986
2016-01-14,0.06386721425012462,0.04256949607239586,0.06382169593624731,0.042548247271019
2016-01-15,-0.0931312786696764,-0.062095887766050246,-0.0931767969835537,-0.0621171365674271
2016-01-19,0.006468577159452269,0.0042781685209123625,0.006286503903943069,0.0041931733154049414
2016-01-20,-0.009223984157754009,-0.00615759871269326,-0.009269502471631308,-0.006178847514070115
2016-01-21,0.002956824471792591,0.00196294037367114,0.002911306157915291,0.0019416915722942844
2016-01-22,0.08684065726304879,0.057885681006064046,0.0867951389491715,0.05786443220468719
2016-01-25,-0.04459211884510097,-0.0297517943670142,-0.04472867378673287,-0.029815540771144764
2016-01-26,0.026973985761123514,0.0179748448639639,0.026928467447246213,0.017953596062587045
2016-01-27,-0.0747687105957274,-0.049853619373936696,-0.0748142289096047,-0.04987486817531355
2016-01-28,0.04232976871720003,0.02821212624157086,0.04228425040332273,0.028190877440194006
2016-01-29,0.06262163688097708,0.041740223845278486,0.06257611856709977,0.04171897504390163
2016-02-01,0.007993434092679103,0.005305797352098585,0.007856879151047203,0.005242050947968019
2016-02-02,-0.06496242839826528,-0.04331572691991539,-0.06500794671214258,-0.04333697572129225
2016-02-03,-0.014415845884052722,-0.009618097998074717,-0.01446136419793002,-0.009639346799451573
2016-02-04,-0.00032021354292145553,-0.00022110252026173692,-0.00036573185679875537,-0.0002423513216385921
2016-02-05,-0.10420368531787205,-0.06947712132173578,-0.10424920363174935,-0.06949837012311263
2016-02-08,-0.045930903422460125,-0.030644595611103328,-0.046067458364092026,-0.030708342015233894
2016-02-09,-0.009338260486907266,-0.006233226561167338,-0.009383778800784564,-0.006254475362544193
2016-02-10,0.011501267753257546,0.007659606789856067,0.011455749439380245,0.007638357988479212
2016-02-11,-0.0043685743695066875,-0.002920195223122899,-0.004414092683383987,-0.0029414440244997543
2016-02-12,0.0456531800710155,0.030427362878041844,0.04560766175713821,0.03040611407666499
2016-02-16,0.06754885001948772,0.04500057557370749,0.06736677676397852,0.04491558036820007
2016-02-17,0.06792051301896485,0.04527243696699427,0.06787499470508754,0.04525118816561741
2016-02-18,-0.03426710704167355,-0.022852643073431333,-0.03431262535555085,-0.022873891874808188
2016-02-19,0.008858441038864245,0.005897722313593867,0.008812922724986945,0.005876473512217012
2016-02-22,0.04863658118322463,0.032400672318536196,0.04850002624159273,0.03233692591440564
2016-02-23,-0.04940546696005073,-0.03294460479834792,-0.04945098527392803,-0.03296585359972477
2016-02-24,0.028623799461213434,0.01907481340424646,0.028578281147336133,0.019053564602869603
2016-02-25,0.029520519630582963,0.019672719595407877,0.029475001316705662,0.019651470794031022
2016-02-26,-0.0037900836007984657,-0.002534441970428138,-0.0038356019146757654,-0.0025556907718049934
2016-02-29,-0.0270476714428391,-0.018054939671580214,-0.027184226384471002,-0.01811868607571078
2016-03-01,0.09626807275132805,0.06417108834257126,0.09622255443745074,0.06414983954119441
2016-03-02,0.0011094228673689667,0.0007319884199318777,0.0010639045534916668,0.0007107396185550226
2016-03-03,-0.0056951613359512735,-0.003804215545039392,-0.005740679649828574,-0.0038254643464162475
2016-03-04,0.0011137787870899969,0.0007343359673017928,0.0010682604732126972,0.0007130871659249377
2016-03-07,-0.0185204384374122,-0.012371230466180267,-0.018656993379044102,-0.012434976870310832
2016-03-08,-0.02487549040367387,-0.016591379839011742,-0.02492100871755117,-0.016612628640388597
2016-03-09,0.019274960513727856,0.012841975899330824,0.019229442199850556,0.012820727097953968
2016-03-10,-0.004601455409421856,-0.0030755419852635333,-0.004646973723299155,-0.0030967907866403886
2016-03-11,0.052432221817246716,0.0349470022347127,0.052386703503369415,0.03492575343333584
2016-03-14,0.004996628756496103,0.003307927127976585,0.004860073814864203,0.0032441807238460193
2016-03-15,-0.0011507006498931223,-0.0007746678419683167,-0.0011962189637704222,-0.000795916643345172
2016-03-16,0.026703089577856772,0.01779452564319828,0.02665757126397947,0.017773276841821426
2016-03-17,-0.0016973640649980875,-0.0011393883534504992,-0.0017428823788753873,-0.0011606371548273544
2016-03-18,0.004678437475811659,0.003110960540720024,0.004632919161934359,0.003089711739343169
2016-03-21,0.011667043300464476,0.007754035537513072,0.011530488358832577,0.007690289133382506
2016-03-22,0.009161297722444412,0.006099719504844501,0.009115779408567113,0.006078470703467646
2016-03-23,-0.024718030278968656,-0.016486591898294732,-0.024763548592845953,-0.016507840699671587
2016-03-24,0.0008157196836402441,0.0005359080767778665,0.0007702013697629443,0.0005146592754010113
2016-03-28,-0.004286097018847063,-0.0028893891185157038,-0.004468170274356262,-0.002974384324023125
2016-03-29,0.04815160163424386,0.03209306997967483,0.04810608332036656,0.032071821178297974
2016-03-30,0.014590790969386192,0.00971863991657684,0.014545272655508892,0.009697391115199985
2016-03-31,-0.004407021402260684,-0.0029468464111412473,-0.004452539716137983,-0.0029680952125181025
2016-04-01,0.03185000419019832,0.0212245966724606,0.031804485876321016,0.021203347871083744
2016-04-04,-0.011475054780731724,-0.007675698709529679,-0.011611609722363624,-0.007739445113660245
2016-04-05,-0.028943744801079908,-0.01930438393040056,-0.028989263114957208,-0.019325632731777415
2016-04-06,0.04930055966661269,0.03285848571472784,0.04925504135273539,0.03283723691335099
2016-04-07,-0.043120861174392004,-0.02875579484594196,-0.043166379488269305,-0.028777043647318815
2016-04-08,-0.0022185315541872076,-0.0014875750991387594,-0.0022640498680645076,-0.0015088239005156146
2016-04-11,-0.011067869517207623,-0.007404241867180279,-0.011204424458839523,-0.0074679882713108445
2016-04-12,0.025119283915936493,0.01673763521427704,0.025073765602059192,0.016716386412900186
2016-04-13,0.03833285204804342,0.02554658793767505,0.03828733373416612,0.025525339136298196
2016-04-14,0.00025205335337562094,0.00015948150590312647,0.0002065350394983211,0.0001382327045262713
2016-04-15,-0.0075922080904529815,-0.005070118821322547,-0.007637726404330281,-0.005091367622699401
2016-04-18,0.015941623094577653,0.010601808446656761,0.015805068152945755,0.010538062042526195
2016-04-19,-0.01835905461246898,-0.012248016502666546,-0.018404572926346282,-0.012269265304043401
2016-04-20,0.0024237546892435136,0.0016070970051574012,0.002378236375366214,0.0015858482037805462
2016-04-21,0.0002518265101540808,0.00015933027708876635,0.00020630819627678095,0.00013808147571191118
2016-04-22,-0.045297061012006506,-0.03020659473768496,-0.04534257932588381,-0.030227843539061817
2016-04-25,-5.8081660269373134e-05,-6.438329588811122e-05,-0.00019463660190127257,-0.00012812970001867672
2016-04-26,-0.014610962604189589,-0.00974901038905905,-0.014656480918066888,-0.009770259190435905
2016-04-27,-0.0240857735332689,-0.016065643715830705,-0.024131291847146196,-0.01608689251720756
2016-04-28,-0.036272204841084295,-0.024189931254374304,-0.036317723154961595,-0.02421118005575116
2016-04-29,-0.015825509078885983,-0.010558986146944546,-0.015871027392763283,-0.010580234948321401
2016-05-02,0.028319919403440055,0.018854005985898363,0.028183364461808157,0.018790259581767797
2016-05-03,-0.027848559140389778,-0.018574352854613747,-0.02789407745426708,-0.018595601655990602
2016-05-04,-0.019313243848745287,-0.012884235353501798,-0.019358762162622587,-0.012905484154878653
2016-05-05,-0.0008735209034555443,-0.0005912720958788277,-0.0009190392173328442,-0.0006125208972556828
2016-05-06,0.015979125579827114,0.010643918243583952,0.015933607265949813,0.010622669442207097
2016-05-09,0.008473411169101965,0.005622166298675916,0.008336856227470065,0.005558419894545351
2016-05-10,0.041064417035000106,0.027367816663015295,0.041018898721122805,0.02734656786163844
2016-05-11,-0.0271328587569528,-0.018097033864953305,-0.027178377070830095,-0.01811828266633016
2016-05-12,-0.013277408461200008,-0.00885988158165726,-0.013322926775077307,-0.008881130383034116
2016-05-13,-0.011071380346510904,-0.007389103455098808,-0.011116898660388203,-0.007410352256475662
2016-05-16,0.037469401002386396,0.024955329160352133,0.0373328460607545,0.024891582756221567
2016-05-17,-0.0376558961262849,-0.025112021253491757,-0.037701414440162194,-0.025133270054868612
2016-05-18,0.0107861524639806,0.007182677806685245,0.0107406341501033,0.0071614290053083896
2016-05-19,-0.015610864209773655,-0.010415147852164734,-0.015656382523650956,-0.01043639665354159
2016-05-20,0.033023100617776545,0.022007495366202067,0.032977582303899244,0.021986246564825212
2016-05-23,-0.004018650084196997,-0.002702258765818815,-0.004155205025828897,-0.0027660051699493807
2016-05-24,0.060070320335868725,0.04003943890284061,0.06002480202199143,0.040018190101463756
2016-05-25,0.021548990492418724,0.014358552340540606,0.021503472178541424,0.014337303539163751
2016-05-26,0.008763150922298768,0.005834473789885078,0.008717632608421467,0.005813224988508223
2016-05-27,0.015583863285404745,0.010381337144620865,0.015538344971527444,0.01036008834324401
2016-05-31,0.0056256106874021505,0.003719157884461003,0.005443537431892951,0.0036341626789535824
2016-06-01,0.00024577524080158977,0.00015631608516149142,0.00020025692692428993,0.00013506728378463625
2016-06-02,0.006230440783852543,0.004145722143586067,0.006184922469975243,0.0041244733422092115
2016-06-03,-0.0141297404517069,-0.009427917470439756,-0.0141752587655842,-0.009449166271816611
2016-06-06,0.010834987972141078,0.007199331985297472,0.010698433030509179,0.007135585581166906
2016-06-07,-0.007626417385476,-0.005092368759619155,-0.0076719356993533,-0.00511361756099601
2016-06-08,0.0051517004373561,0.0034263764556022444,0.0051061821234788,0.0034051276542253896
2016-06-09,-0.004912778371671297,-0.0032836469414323035,-0.004958296685548596,-0.0033048957428091588
2016-06-10,-0.03405349162390108,-0.02271069640220005,-0.03409900993777838,-0.022731945203576905
2016-06-13,-0.02512160861726126,-0.016772845036972146,-0.02525816355889316,-0.016836591441102708
2016-06-14,-2.1585586957619726e-05,-2.2573615396618083e-05,-6.710390083491954e-05,-4.382241677347325e-05
2016-06-15,-0.008629673756800304,-0.005761299061958407,-0.008675192070677603,-0.005782547863335262
2016-06-16,0.00889173778785929,0.00591954925104894,0.008846219473981991,0.005898300449672085
2016-06-17,-0.035185764532884405,-0.023465359579347807,-0.035231282846761705,-0.023486608380724663
2016-06-20,0.01881251880117417,0.012516851378211019,0.01867596385954227,0.012453104974080453
2016-06-21,0.009494788452714899,0.006321768465841445,0.009449270138837599,0.006300519664464589
2016-06-22,-0.007277150358029204,-0.004859616796111008,-0.007322668671906504,-0.004880865597487862
2016-06-23,0.042779304541032195,0.02851135313659659,0.042733786227154895,0.028490104335219736
2016-06-24,-0.12358582634016807,-0.08239845593909434,-0.12363134465404538,-0.0824197047404712
2016-06-27,-0.05960864895386313,-0.03976392712514718,-0.05974520389549503,-0.03982767352927775
2016-06-28,0.06571894985874979,0.043804450015075,0.0656734315448725,0.04378320121369814
2016-06-29,0.053109367913076896,0.035397969334527345,0.053063849599199596,0.03537672053315049
2016-06-30,0.034688334368766,0.02311728030498674,0.0346428160548887,0.023096031503609886
2016-07-01,0.01504373650220969,0.010020881727282539,0.014998218188332392,0.009999632925905683
2016-07-05,-0.018406482860111813,-0.012303721469774027,-0.018588556115621012,-0.012388716675281448
2016-07-06,0.024554035290347102,0.016361266357596244,0.024508516976469802,0.01634001755621939
2016-07-07,0.008843455029568395,0.005887453462287392,0.008797936715691096,0.005866204660910538
2016-07-08,0.04637746190680736,0.030910310161383823,0.04633194359293006,0.030889061360006968
2016-07-11,0.017070975411394188,0.011356100601988179,0.016934420469762287,0.011292354197857613
2016-07-12,0.015120091269176012,0.0100722485359989,0.015074572955298713,0.010050999734622045
2016-07-13,-0.007287663811184741,-0.004866440317277575,-0.00733318212506204,-0.004887689118654431
2016-07-14,0.020476065942585813,0.0136428983182721,0.020430547628708513,0.013621649516895245
2016-07-15,-0.004846219851131488,-0.003238625544206099,-0.0048917381650087875,-0.0032598743455829545
2016-07-18,0.01978501890960274,0.013166575676046503,0.019648463967970837,0.013102829271915938
2016-07-19,-0.010952875890539567,-0.007309636830255538,-0.010998394204416865,-0.007330885631632394
2016-07-20,0.03502487641174012,0.0233421052977083,0.03497935809786282,0.023320856496331446
2016-07-21,-0.006900874218759466,-0.0046083023824021385,-0.006946392532636766,-0.004629551183778994
2016-07-22,0.012434480511076412,0.0082818413639325,0.012388962197199113,0.008260592562555645
2016-07-25,0.00019106413896400275,0.00010421738295518495,5.45091973321033e-05,4.047097882461946e-05
2016-07-26,0.0034064756484703342,0.002263264195751062,0.0033609573345930346,0.002242015394374207
2016-07-27,0.02080480845160611,0.0138620599909523,0.02075929013772881,0.013840811189575445
2016-07-28,0.010448097720258813,0.006957586170054101,0.010402579406381514,0.006936337368677246
2016-07-29,0.0065030367225012145,0.004326989162068151,0.006457518408623914,0.004305740360691296
2016-08-01,0.01581568567092749,0.01051924077501038,0.01567913072929559,0.010455494370879814
2016-08-02,-0.02281252159904314,-0.015216345509183176,-0.02285803991292044,-0.015237594310560031
2016-08-03,0.00989420674441136,0.006588140053119825,0.00984868843053406,0.006566891251742969
2016-08-04,0.008561034610309201,0.005699265904237645,0.0085155162964319,0.00567801710286079
2016-08-05,0.02876777225534999,0.019170238896042743,0.02872225394147269,0.019148990094665887
2016-08-08,-0.00340435902474451,-0.002294122355437621,-0.003540913966376409,-0.002357868759568187
2016-08-09,0.006919579093438412,0.0046052404188405005,0.006874060779561112,0.004583991617463645
2016-08-10,-0.00771934208861194,-0.0051542258355623755,-0.00776486040248924,-0.005175474636939231
2016-08-11,0.0128392936953444,0.008551438627594443,0.0127937753814671,0.008530189826217588
2016-08-12,0.0020277409406606996,0.0013437367911386443,0.0019822226267833996,0.001322487989761789
2016-08-15,0.012732198886653898,0.008463861083197133,0.012595643945021998,0.008400114679066567
2016-08-16,-0.01659171766877619,-0.0110689574226359,-0.01663723598265349,-0.011090206224012755
2016-08-17,0.005360583557410397,0.003565539147515393,0.005315065243533097,0.003544290346138538
2016-08-18,0.0007438014638268442,0.0004879625969022666,0.0006982831499495444,0.00046671379552541144
2016-08-19,-0.0007895583191226408,-0.0005343699892361759,-0.0008350766329999407,-0.0005556187906130311
2016-08-22,0.0022341194371192775,0.0014654196286162722,0.0020975644954873782,0.001401673224485707
2016-08-23,0.00534675759371396,0.0035565072859882244,0.00530123927983666,0.003535258484611369
2016-08-24,-0.019417991536322357,-0.012953232736530535,-0.019463509850199654,-0.01297448153790739
2016-08-25,-0.004904255580450387,-0.003277316030418699,-0.004949773894327687,-0.0032985648317955542
2016-08-26,0.004348971361247167,0.002891687415850678,0.004303453047369867,0.002870438614473823
2016-08-29,0.0040358793699914,0.0026677057717186337,0.0038993244283595007,0.0026039593675880684
2016-08-30,-0.009774126038379233,-0.006523710850566922,-0.009819644352256534,-0.006544959651943777
2016-08-31,-0.0031128373421609335,-0.002082851719754722,-0.003158355656038233,-0.0021041005211315774
2016-09-01,0.007703656219064767,0.005128143987729078,0.007658137905187467,0.005106895186352223
2016-09-02,0.009740352476743866,0.006485941492848478,0.009694834162866565,0.006464692691471622
2016-09-06,0.01860153288493224,0.012370143643704848,0.018419459629423037,0.012285148438197427
2016-09-07,0.0017570247128062344,0.0011636302386416617,0.0017115063989289346,0.0011423814372648064
2016-09-08,-0.017579222303020225,-0.011727015610719718,-0.017624740616897526,-0.011748264412096573
2016-09-09,-0.07551855574909443,-0.05035323790810251,-0.07556407406297173,-0.05037448670947937
2016-09-12,0.05373842280877913,0.03580301297973405,0.05360186786714723,0.03573926657560349
2016-09-13,-0.026846692743328106,-0.017905050960607658,-0.026892211057205406,-0.017926299761984513
2016-09-14,0.01428483540101388,0.009515875038598584,0.014239317087136579,0.00949462623722173
2016-09-15,0.04659204817977067,0.031053738628199677,0.04654652986589337,0.031032489826822822
2016-09-16,-0.0014553181223544405,-0.0009782098580573759,-0.0015008364362317404,-0.0009994586594342311
2016-09-19,-0.01311218618708382,-0.008765450787519127,-0.01324874112871572,-0.008829197191649693
2016-09-20,0.005628567061101044,0.0037444729950850664,0.005583048747223744,0.0037232241937082116
2016-09-21,0.029463569416639843,0.019634474565444267,0.029418051102762546,0.01961322576406741
2016-09-22,0.023849028264693914,0.01589070541544205,0.023803509950816613,0.015869456614065195
2016-09-23,-0.01916217074235753,-0.01278379800106667,-0.01920768905623483,-0.012805046802443525
2016-09-26,-0.025148347634608288,-0.016792617608223807,-0.025284902576240186,-0.016856364012354373
2016-09-27,0.02963717562446071,0.01974974843004115,0.02959165731058341,0.019728499628664294
2016-09-28,0.00504228154175999,0.00335324508698274,0.004996763227882691,0.0033319962856058847
2016-09-29,-0.021757364265817307,-0.014513092734636409,-0.021802882579694607,-0.014534341536013264
2016-09-30,0.022382484781910388,0.014913380580416339,0.022336966468033088,0.014892131779039483
2016-10-03,-0.004362151262510101,-0.002932372349578867,-0.004498706204142,-0.0029961187537094324
2016-10-04,-0.0045798998914351645,-0.0030609861641859378,-0.004625418205312465,-0.003082234965562793
2016-10-05,0.010620059347782367,0.007072412740207478,0.010574541033905066,0.007051163938830623
2016-10-06,-0.0015398790549484656,-0.0010343056065281384,-0.0015853973688257654,-0.0010555544079049936
2016-10-07,-0.006593323553615566,-0.004403268605639539,-0.006638841867492866,-0.004424517407016394
2016-10-10,0.018918448146290203,0.012589140054505985,0.0187818932046583,0.01252539365037542
2016-10-11,-0.04280269810525456,-0.02854285164006554,-0.04284821641913186,-0.028564100441442395
2016-10-12,-0.002578283915064474,-0.0017262972644481926,-0.0026238022289417737,-0.0017475460658250477
2016-10-13,-0.010757283280247222,-0.007178870748908816,-0.010802801594124523,-0.007200119550285672
2016-10-14,0.003566201942038159,0.002369470184871024,0.003520683628160859,0.002348221383494169
2016-10-17,-0.008265369031501163,-0.005533682951356098,-0.00840192397313306,-0.005597429355486663
2016-10-18,0.026680992111757177,0.017779793999131883,0.026635473797879877,0.017758545197755028
2016-10-19,-0.00027957449294781315,-0.00019391707067144382,-0.000325092806825113,-0.000215165872048299
2016-10-20,-0.0035893263158436224,-0.0024004182859353163,-0.003634844629720922,-0.0024216670873121716
2016-10-21,0.011188440108297877,0.007451425996825683,0.011142921794420578,0.007430177195448828
2016-10-24,0.0359817933502436,0.023964981758553435,0.0358452384086117,0.02390123535442287
2016-10-25,-0.009559185581429333,-0.006380417212600322,-0.009604703895306634,-0.006401666013977177
2016-10-26,-0.020414170394288125,-0.013616981004898318,-0.020459688708165426,-0.013638229806275173
2016-10-27,-0.013709084541833333,-0.009147016519536323,-0.013754602855710634,-0.009168265320913178
2016-10-28,-0.018863102250905442,-0.012583399277091376,-0.018908620564782742,-0.012604648078468231
2016-10-31,-0.0028848220109947225,-0.0019472080034597277,-0.0030213769526266218,-0.0020109544075902932
2016-11-01,-0.022591559369048126,-0.015068573654738317,-0.022637077682925427,-0.015089822456115173
2016-11-02,-0.024055291953406076,-0.016044302623342596,-0.024100810267283376,-0.01606555142471945
2016-11-03,-0.029458067824160224,-0.01964606044485082,-0.029503586138037524,-0.019667309246227675
2016-11-04,-0.010548891590997807,-0.007039850192387459,-0.010594409904875108,-0.007061098993764314
2016-11-07,0.07118973370012828,0.047438055071585425,0.07105317875849637,0.04737430866745486
2016-11-08,0.019566452523126342,0.013037416985394816,0.019520934209249042,0.01301616818401796
2016-11-09,0.013802901664190417,0.009195235325126453,0.013757383350313119,0.009173986523749598
2016-11-10,-0.04847909054521588,-0.03232600001792224,-0.04852460885909318,-0.032347248819299096
2016-11-11,0.00126260229974569,0.0008354069632337394,0.00121708398586839,0.0008141581618568843
2016-11-14,-0.03040903456901613,-0.02029167342246758,-0.030545589510648032,-0.020355419826598147
2016-11-15,0.041575293405480815,0.02771118417314255,0.041529775091603514,0.027689935371765693
2016-11-16,0.0177766564248061,0.011845054840069095,0.017731138110928798,0.01182380603869224
2016-11-17,0.021779627856664343,0.014513331190532766,0.021734109542787042,0.01449208238915591
2016-11-18,-0.011239440708934186,-0.007499659590289948,-0.011284959022811484,-0.007520908391666802
2016-11-21,0.031104686857476048,0.02071636055198256,0.03096813191584415,0.020652614147851994
2016-11-22,0.00907884827100854,0.006046144800095565,0.009033329957131242,0.006024895998718711
2016-11-23,-0.012144710231718323,-0.008102708575731067,-0.012190228545595623,-0.008123957377107922
2016-11-25,0.0095589034374485,0.0063605034053623895,0.0094678668096939,0.006318005802608679
2016-11-28,-0.006918638327951469,-0.0046311308157242015,-0.007055193269583369,-0.004694877219854767
2016-11-29,0.010344062146367378,0.006889806342992733,0.010298543832490077,0.006868557541615878
2016-11-30,-0.036354127220456126,-0.02424231990155627,-0.03639964553433342,-0.024263568702933124
2016-12-01,-0.05186275473487833,-0.034581404911171065,-0.05190827304875562,-0.03460265371254792
2016-12-02,0.00594236424223849,0.00395524825822894,0.00589684592836119,0.0039339994568520845
2016-12-05,0.023236378341340427,0.015472213630470397,0.02309982339970853,0.015408467226339833
2016-12-06,0.0071700622321770584,0.004773899220241874,0.007124543918299759,0.004752650418865019
2016-12-07,0.03795375141752406,0.025296358677139873,0.03790823310364676,0.025275109875763018
2016-12-08,0.005287582983269154,0.003519098708484522,0.005242064669391854,0.0034978499071076667
2016-12-09,0.0234963303758479,0.015658170807430295,0.0234508120619706,0.01563692200605344
2016-12-12,-0.013664288304164846,-0.009126838358260241,-0.013800843245796746,-0.009190584762390807
2016-12-13,0.037792942065973854,0.02518933809695432,0.037747423752096554,0.025168089295577466
2016-12-14,-0.006262824689656288,-0.00418089455694885,-0.0063083430035335885,-0.004202143358325705
2016-12-15,0.004705134910135412,0.0031310785095789505,0.004659616596258112,0.003109829708202095
2016-12-16,-0.011155458357832701,-0.007443021681690106,-0.01120097667171,-0.00746427048306696
2016-12-19,0.0121882573964742,0.008107356601577883,0.012051702454842302,0.008043610197447317
2016-12-20,0.011455782165865687,0.007631324331021488,0.011410263851988386,0.007610075529644633
2016-12-21,-0.002275248756204713,-0.0015226962836921122,-0.0023207670700820127,-0.0015439450850689672
2016-12-22,-0.008502644069034547,-0.005674385993051279,-0.008548162382911846,-0.005695634794428134
2016-12-23,0.0019633762835305,0.0013028680792186945,0.0019178579696532002,0.0012816192778418393
2016-12-27,0.015335077085347417,0.010199558268785288,0.015153003829838219,0.010114563063277867
2016-12-28,-0.023375955878087648,-0.01558992719908668,-0.02342147419196495,-0.015611176000463535
2016-12-29,-0.004289937866704013,-0.002865822357358312,-0.004335456180581313,-0.002887071158735167
2016-12-30,-0.030856075104563258,-0.020577137450285634,-0.030901593418440558,-0.02059838625166249
2017-01-03,0.026702470436476004,0.017777449185110778,0.026520397180966805,0.01769245397960336
2017-01-04,0.016276240696617452,0.01084505619036152,0.01623072238274015,0.010823807388984665
2017-01-05,0.016937331091112583,0.011285690281186086,0.016891812777235286,0.01126444147980923
2017-01-06,0.026274568124467552,0.017510422135950124,0.026229049810590252,0.01748917333457327
2017-01-09,0.00973563640902356,0.0064728329340154635,0.00959908146739166,0.006409086529884898
2017-01-10,0.0065862824584135,0.004384805529140694,0.0065407641445362,0.00436355672776384
2017-01-11,0.008039609139591954,0.005353782812699721,0.007994090825714655,0.005332534011322866
2017-01-12,-0.004671205315685345,-0.003120093490818478,-0.004716723629562646,-0.003141342292195333
2017-01-13,0.010230977909277954,0.006814695325823721,0.010185459595400655,0.006793446524446866
2017-01-17,-0.009154371601270953,-0.006126369519069849,-0.009336444856780151,-0.006211364724577269
2017-01-18,0.006070919351698112,0.00404160147062075,0.006025401037820811,0.004020352669243895
2017-01-19,-0.001498911665674013,-0.001005138223338312,-0.0015444299795513128,-0.0010263870247151673
2017-01-20,0.0065519249280645555,0.004361993338348122,0.006506406614187255,0.004340744536971267
2017-01-23,0.0023324423477284768,0.0015365347615238219,0.0021958874060965775,0.0014727883573932565
2017-01-24,0.02015171424139685,0.01342851954723632,0.02010619592751955,0.013407270745859465
2017-01-25,0.030164223528342998,0.020103432909093694,0.030118705214465698,0.02008218410771684
2017-01-26,0.003074689363759559,0.0020436506412968743,0.003029171049882259,0.002022401839920019
2017-01-27,0.0057006011272801,0.003794351308385095,0.0056550828134028005,0.0037731025070082396
2017-01-30,-0.023475151024360937,-0.015667970523992034,-0.023611705965992838,-0.0157317169281226
2017-01-31,-0.006044128568222946,-0.004035375659176879,-0.006089646882100247,-0.004056624460553734
2017-02-01,0.020676269770831385,0.013778316067665287,0.02063075145695409,0.013757067266288432
2017-02-02,-0.0026656324939367,-0.0017831377724261055,-0.0027111508078139996,-0.0018043865738029607
2017-02-03,0.008583038744815554,0.0057160692161821215,0.008537520430938255,0.005694820414805266
2017-02-06,0.0034770526606293,0.0022998867776812836,0.0033404977189974007,0.0022361403735507183
2017-02-07,0.010931221110306451,0.00728170979948752,0.01088570279642915,0.007260460998110665
2017-02-08,0.004952421651935252,0.0032958434939067203,0.004906903338057952,0.003274594692529865
2017-02-09,0.01087294045920315,0.00724285603208532,0.01082742214532585,0.007221607230708465
2017-02-10,0.009888252066783152,0.006586397103805321,0.009842733752905852,0.006565148302428466
2017-02-13,0.016847187944054733,0.01121442433783585,0.016710633002422835,0.011150677933705284
2017-02-14,0.010035297213648788,0.006684334362876888,0.009989778899771488,0.006663085561500033
2017-02-15,0.01770174664088421,0.01179548633007815,0.01765622832700691,0.011774237528701294
2017-02-16,-0.0009641894812867491,-0.0006485639282412801,-0.0010097077951640489,-0.0006698127296181352
2017-02-17,0.012962907916706288,0.008636074831581887,0.012917389602828988,0.008614826030205032
2017-02-21,0.014648960898162446,0.009742518813885753,0.014466887642653248,0.009657523608378332
2017-02-22,0.001114020517111651,0.00073690940402432,0.0010685022032343513,0.0007156606026474648
2017-02-23,-0.011299348161411114,-0.007538762553829712,-0.011344866475288415,-0.0075600113552065674
2017-02-24,0.005732849730715555,0.003815943206782122,0.005687331416838254,0.0037946944054052666
2017-02-27,0.0035800389239245625,0.0023688227748649648,0.0034434839822926632,0.0023050763707343994
2017-02-28,-0.009234525391264101,-0.006162399703977706,-0.0092800437051414,-0.00618364850535456
2017-03-01,0.032727841595673754,0.02181279012306572,0.03268232328179645,0.021791541321688864
2017-03-02,-0.015104998792654591,-0.010074934374730253,-0.015150517106531891,-0.010096183176107108
2017-03-03,0.005462403412374069,0.0036370386669283793,0.0054168850984967695,0.003615789865551524
2017-03-06,-0.006778041385038537,-0.004531270139917085,-0.006914596326670437,-0.004595016544047651
2017-03-07,-0.005095226948976214,-0.0034007311424626625,-0.005140745262853514,-0.0034219799438395177
2017-03-08,0.005239240150153319,0.0034890994702227542,0.005193721836276019,0.003467850668845899
2017-03-09,0.0022469161544217803,0.0014939379935639346,0.0022013978405444803,0.0014726891921870793
2017-03-10,0.012565031428180879,0.008372681509403334,0.01251951311430358,0.008351432708026478
2017-03-13,0.004880858913017359,0.0032421664125760127,0.004744303971385459,0.003178420008445447
2017-03-14,-0.007343962976496765,-0.004899423759002688,-0.007389481290374066,-0.004920672560379543
2017-03-15,0.018459308681848474,0.012302664390116432,0.018413790367971174,0.012281415588739577
2017-03-16,-0.0020913040850120196,-0.0013982088327252654,-0.0021368223988893196,-0.0014194576341021207
2017-03-17,-0.00109295759555452,-0.0007326445064202656,-0.00113847590943182,-0.0007538933077971207
2017-03-20,0.00259375714627944,0.0017171531027012036,0.0024572022046475406,0.001653406698570638
2017-03-21,-0.04556897205813078,-0.030383042001966645,-0.04561449037200808,-0.0304042908033435
2017-03-22,0.02028892241687375,0.01352231392839742,0.02024340410299645,0.013501065127020566
2017-03-23,-0.007624082762492346,-0.005086356191179978,-0.007669601076369646,-0.0051076049925568336
2017-03-24,0.006165449437864619,0.004106572328696954,0.006119931123987319,0.004085323527320099
2017-03-27,0.004673556748766927,0.003105080305830297,0.004537001807135027,0.003041333901699731
2017-03-28,0.018294265525235075,0.012192635619040831,0.018248747211357774,0.012171386817663976
2017-03-29,0.013852284411053375,0.009231314876253031,0.013806766097176076,0.009210066074876176
2017-03-30,0.004940699090887176,0.0032902579961422325,0.004895180777009876,0.0032690091947653772
2017-03-31,-0.0020870897593152243,-0.0013949345706593677,-0.0021326080731925243,-0.001416183372036223
2017-04-03,-0.001958361305623143,-0.001316756093387138,-0.0020949162472550424,-0.0013805024975177035
2017-04-04,0.004712295141023235,0.003138081652677312,0.004666776827145934,0.0031168328513004567
2017-04-05,-0.012275895307103267,-0.00818737864607369,-0.012321413620980567,-0.008208627447450545
2017-04-06,0.0015401093792014862,0.0010233841059493875,0.0014945910653241864,0.0010021353045725323
2017-04-07,-0.0016398127587670661,-0.0010966569471828887,-0.001685331072644366,-0.001117905748559744
2017-04-10,0.0009816844253414286,0.0006449476523096978,0.0008451294837095293,0.0005812012481791323
2017-04-11,-0.013004664520480123,-0.00867294589073717,-0.013050182834357424,-0.008694194692114025
2017-04-12,-0.012147627144928123,-0.008101587640369168,-0.012193145458805423,-0.008122836441746023
2017-04-13,-0.011966951079008921,-0.007981229900328415,-0.01201246939288622,-0.00800247870170527
2017-04-17,0.024643025393831126,0.01641563353859754,0.024460952138321928,0.016330638333090123
2017-04-18,-0.004616104927433281,-0.003080479853423946,-0.004661623241310581,-0.003101728654800801
2017-04-19,0.004747438080316276,0.0031617891764604326,0.004701919766438976,0.0031405403750835773
2017-04-20,0.02504600569961738,0.016694074618755782,0.02500048738574008,0.016672825817378927
2017-04-21,-0.0007295152783993661,-0.0004897919602710885,-0.0007750335922766658,-0.0005110407616479436
2017-04-24,0.036060659452490804,0.024030094310979338,0.0359241045108589,0.023966347906848772
2017-04-25,0.02163960600230558,0.014423141487214585,0.02159408768842828,0.01440189268583773
2017-04-26,-0.004269962584296224,-0.0028498112666145675,-0.004315480898173523,-0.0028710600679914228
2017-04-27,0.01795457799565572,0.011966642095302054,0.01790905968177842,0.011945393293925199
2017-04-28,0.005253854150779281,0.003499306919530385,0.0052083358369019814,0.00347805811815353
2017-05-01,0.02654151735503216,0.017684278462799966,0.02640496241340026,0.0176205320586694
2017-05-02,0.004976296050193919,0.003314454131660854,0.0049307777363166196,0.0032932053302839994
2017-05-03,-0.009656120790876823,-0.006440583404334967,-0.009701639104754124,-0.006461832205711822
2017-05-04,0.001041692276071369,0.0006915709136077289,0.0009961739621940691,0.0006703221122308738
2017-05-05,0.01089299900376887,0.007259108732072729,0.010847480689891569,0.007237859930695874
2017-05-08,0.006376145183284407,0.004243207601979987,0.0062395902416525085,0.0041794611978494215
2017-05-09,0.010390242909706643,0.006924496009859466,0.010344724595829342,0.006903247208482611
2017-05-10,0.0016786584868453429,0.0011167730612852659,0.001633140172968043,0.0010955242599084108
2017-05-11,-0.0024416466469794748,-0.001630190040905693,-0.0024871649608567744,-0.001651438842282548
2017-05-12,0.0066710064451998285,0.004444726008736409,0.006625488131322529,0.0044234772073595535
2017-05-15,0.009359651681055443,0.006231653926668654,0.009223096739423543,0.006167907522538089
2017-05-16,0.012459467555911725,0.008303886094355107,0.012413949242034424,0.008282637292978252
2017-05-17,-0.07633584657896408,-0.05089298999556209,-0.07638136489284139,-0.050914238796938946
2017-05-18,0.026182312990113824,0.017452449717156506,0.026136794676236523,0.01743120091577965
2017-05-19,0.01261816389698398,0.008409869685731933,0.01257264558310668,0.008388620884355078
2017-05-22,0.025077273615383228,0.0167111846204206,0.02494071867375133,0.016647438216290035
2017-05-23,0.0029636704964270764,0.0019736337744284327,0.0029181521825497763,0.0019523849730515776
2017-05-24,0.013741267328734779,0.009158605306899133,0.013695749014857478,0.009137356505522278
2017-05-25,0.025481432933968776,0.016985475399456232,0.025435914620091475,0.016964226598079377
2017-05-26,0.005263129035358776,0.0035066061337162328,0.005217610721481476,0.003485357332339378
2017-05-30,0.002318000900052205,0.0015367477072763306,0.0021359276445430055,0.0014517525017689098
2017-05-31,-0.0011191375588197237,-0.0007482382624027674,-0.0011646558726970235,-0.0007694870637796225
2017-06-01,0.01161771111169053,0.00774336632135086,0.011572192797813229,0.0077221175199740045
2017-06-02,0.034205423403521736,0.02280184118257166,0.034159905089644435,0.022780592381194804
2017-06-05,-0.0008089971049178087,-0.0005446546626070208,-0.0009455520465497082,-0.0006084010667375863
2017-06-06,-0.011981887096102931,-0.007989792191770222,-0.01202740540998023,-0.008011040993147077
2017-06-07,0.011700339833250929,0.0077984521357244594,0.011654821519373628,0.007777203334347604
2017-06-08,0.0030766639350192477,0.0020495209669005184,0.0030311456211419476,0.0020282721655236636
2017-06-09,-0.075076694210438,-0.050052624741331854,-0.0751222125243153,-0.05007387354270871
2017-06-12,-0.016260136219312497,-0.010844576615994564,-0.016396691160944395,-0.010908323020125128
2017-06-13,0.024288104350231605,0.016190388193018997,0.024242586036354305,0.016169139391642145
2017-06-14,-0.013099258402531998,-0.008734334202727855,-0.013144776716409297,-0.00875558300410471
2017-06-15,-0.0133711250370992,-0.008915578625772656,-0.013416643350976499,-0.008936827427149512
2017-06-16,-0.013076495797735883,-0.008719066072741598,-0.013122014111613184,-0.008740314874118454
2017-06-19,0.04997196888289602,0.03331071849369444,0.04983541394126412,0.03324697208956388
2017-06-20,-0.02355750173765456,-0.015706310301181785,-0.023603020051531858,-0.01572755910255864
2017-06-21,0.029645545465608512,0.019762294769488,0.029600027151731215,0.019741045968111146
2017-06-22,-0.0009113793270703919,-0.0006092675918490014,-0.0009568976409476917,-0.0006305163932258566
2017-06-23,0.011453713942583073,0.007633848797476631,0.011408195628705774,0.007612599996099776
2017-06-26,-0.014196565002203792,-0.009469979051240663,-0.01433311994383569,-0.009533725455371228
2017-06-27,-0.05448028191737395,-0.03632177626802828,-0.054525800231251254,-0.036343025069405135
2017-06-28,0.043189843940923005,0.028791734026242143,0.043144325627045704,0.028770485224865288
2017-06-29,-0.052125972257388686,-0.034752050379176794,-0.05217149057126599,-0.03477329918055365
2017-06-30,0.0010281427357273253,0.0006842124172955071,0.0009826244218500255,0.0006629636159186519
2017-07-03,-0.03179434135742387,-0.02120015499985215,-0.031930896299055773,-0.021263901403982717
2017-07-05,0.02938966091072452,0.019591047433967248,0.02929862428296992,0.019548549831213537
2017-07-06,-0.027112395973616886,-0.0180760536479938,-0.027157914287494186,-0.018097302449370654
2017-07-07,0.032294102109529335,0.02152818533316351,0.032248583795652035,0.021506936531786654
2017-07-10,0.019407501621435348,0.012934965417542608,0.01927094667980345,0.012871219013412042
2017-07-11,0.008372948344288618,0.005580842563943204,0.008327430030411318,0.0055595937625663484
2017-07-12,0.03553682022738342,0.023690090486006402,0.03549130191350612,0.023668841684629547
2017-07-13,0.006544430299132916,0.004361830533839403,0.006498911985255616,0.004340581732462548
2017-07-14,0.02355085280386752,0.0156994455369958,0.023505334489990218,0.015678196735618946
2017-07-17,0.0012885178068996759,0.0008553636516983214,0.0011519628652677763,0.0007916172475677559
2017-07-18,0.01997816148311181,0.0133178374858595,0.019932643169234508,0.013296588684482644
2017-07-19,0.017538780222137906,0.011691583311876898,0.017493261908260605,0.011670334510500043
2017-07-20,0.003893266120079066,0.0025949462925313775,0.0038477478062017663,0.0025736974911545227
2017-07-21,-0.0013183757737201837,-0.0008791091791214475,-0.0013638940875974836,-0.0009003579804983026
2017-07-24,0.013528336679129076,0.00901859450806332,0.013391781737497176,0.008954848103932754
2017-07-25,-0.007737250117963563,-0.0051581724848499865,-0.007782768431840862,-0.005179421286226842
2017-07-26,0.009692113752514692,0.0064614965644353905,0.009646595438637393,0.006440247763058535
2017-07-27,-0.01891165554073772,-0.012608148595347866,-0.01895717385461502,-0.012629397396724721
2017-07-28,-0.002568290395907734,-0.0017127580514598225,-0.002613808709785034,-0.0017340068528366778
2017-07-31,-0.012919867248274187,-0.00861577607554376,-0.013056422189906087,-0.008679522479674327
2017-08-01,0.006847974478933709,0.004564379483074099,0.006802456165056409,0.004543130681697244
2017-08-02,0.008083304295823705,0.005388025782762147,0.008037785981946405,0.005366776981385292
2017-08-03,-0.011736945887388394,-0.007825474339379253,-0.011782464201265695,-0.00784672314075611
2017-08-04,0.005374454925204204,0.0035821262023491467,0.005328936611326904,0.003560877400972292
2017-08-07,0.01880809406757421,0.01253619813502184,0.018671539125942313,0.012472451730891274
2017-08-08,-0.005251297594461858,-0.0035021742057199843,-0.005296815908339157,-0.0035234230070968395
2017-08-09,-0.004013657125512939,-0.002676801336933175,-0.004059175439390239,-0.00269805013831003
2017-08-10,-0.06438505417714234,-0.04292439937135277,-0.06443057249101965,-0.042945648172729625
2017-08-11,0.022696399028520116,0.015129809686764202,0.022650880714642815,0.015108560885387347
2017-08-14,0.03844651514134392,0.025627082665993048,0.03830996019971202,0.025563336261862482
2017-08-15,0.0020210334265644424,0.0013460464749642156,0.0019755151126871423,0.0013247976735873603
2017-08-16,0.005142822596458025,0.003427332324449307,0.005097304282580726,0.003406083523072452
2017-08-17,-0.061400106881542585,-0.040934806795279395,-0.061445625195419885,-0.04095605559665625
2017-08-18,-0.0021850726348514524,-0.0014583034130132818,-0.0022305909487287524,-0.001479552214390137
2017-08-21,-0.0040089309798179516,-0.0026768272759649923,-0.004145485921449851,-0.002740573680095558
2017-08-22,0.0456666543780481,0.030442940984325543,0.0456211360641708,0.030421692182948688
2017-08-23,-0.0107464096139651,-0.007165768343683255,-0.010791927927842398,-0.00718701714506011
2017-08-24,-0.008892027668352554,-0.005929606768680682,-0.008937545982229853,-0.005950855570057537
2017-08-25,-0.006387490239884183,-0.004259729034173797,-0.006433008553761483,-0.004280977835550652
2017-08-28,0.009110583287705528,0.006069794763567447,0.008974028346073628,0.006006048359436881
2017-08-29,0.01173522606164531,0.007821802667294799,0.01168970774776801,0.007800553865917944
2017-08-30,0.035189437932497146,0.023458316145586015,0.035143919618619845,0.02343706734420916
2017-08-31,0.03208416791156104,0.021388136131628613,0.03203864959768374,0.021366887330251758
2017-09-01,-0.004166389259347697,-0.002779088107271654,-0.004211907573224998,-0.0028003369086485094
2017-09-05,-0.027166411817640936,-0.01811655004209799,-0.027348485073150137,-0.01820154524760541
2017-09-06,0.009060423449126742,0.006038973156672416,0.009014905135249442,0.006017724355295561
2017-09-07,0.006961888965084208,0.004640322473841099,0.006916370651206908,0.004619073672464244
2017-09-08,-0.026048610752578083,-0.0173668635006346,-0.026094129066455383,-0.017388112302011455
2017-09-11,0.03434282389484048,0.022891567710325526,0.03420626895320858,0.02282782130619496
2017-09-12,0.00713451434698106,0.0047553129780628246,0.0070889960331037595,0.004734064176685969
2017-09-13,0.0040390659402991256,0.0026914945536767074,0.003993547626421826,0.002670245752299852
2017-09-14,-0.017684097061403878,-0.011790614114125294,-0.01772961537528118,-0.01181186291550215
2017-09-15,0.010242365867610717,0.006827120912824603,0.010196847553733417,0.006805872111447748
2017-09-18,-0.004124258677563851,-0.002752874781790192,-0.00426081361919575,-0.002816621185920757
2017-09-19,0.0050880678788099605,0.003391015332615425,0.00504254956493266,0.00336976653123857
2017-09-20,-0.009321945697186983,-0.006215753463707197,-0.009367464011064284,-0.006237002265084052
2017-09-21,-0.018434703454388877,-0.012291018376115294,-0.018480221768266178,-0.01231226717749215
2017-09-22,-0.002969850781754275,-0.0019811165943588926,-0.0030153690956315747,-0.002002365395735748
2017-09-25,-0.031784703795726475,-0.021193729958720552,-0.03192125873735838,-0.021257476362851118
2017-09-26,0.007708185094562061,0.005137760143116825,0.00766266678068476,0.0051165113417399695
2017-09-27,0.026964990498514106,0.017975723496127697,0.026919472184636806,0.01795447469475084
2017-09-28,-0.0011030861604252912,-0.0007363276098319012,-0.001148604474302591,-0.0007575764112087563
2017-09-29,0.021542553569453355,0.014360672459711022,0.021497035255576058,0.014339423658334167
2017-10-02,0.0024866368408567813,0.0016546681341308741,0.0023500818992248816,0.0015909217300003086
2017-10-03,0.006324617159302416,0.004215009231950602,0.006279098845425116,0.004193760430573747
2017-10-04,0.0028155665964890086,0.0018761075614442987,0.002770048282611709,0.0018548587600674437
2017-10-05,0.029311249974305304,0.019539989568416547,0.029265731660428007,0.019518740767039692
2017-10-06,0.0040041946363187095,0.0026685262546640993,0.003958676322441409,0.002647277453287244
2017-10-09,-0.0036496222762106736,-0.0024358920261189033,-0.0037861772178425734,-0.002499638430249469
2017-10-10,0.0021733123136624087,0.0014479380395598987,0.002127793999785109,0.0014266892381830437
2017-10-11,0.008876283233827706,0.005916678408098147,0.008830764919950405,0.005895429606721292
2017-10-12,-0.005537489385115963,-0.003692317146851137,-0.005583007698993263,-0.003713565948227992
2017-10-13,0.0115044979537634,0.007668914647868895,0.011458979639886102,0.007647665846492039
2017-10-16,0.010116267582020999,0.006741926424093883,0.0099797126403891,0.006678180019963317
2017-10-17,0.0037618284799712663,0.0025073211991261776,0.0037163101660939663,0.002486072397749323
2017-10-18,-0.0036888766849846005,-0.0024600017779631057,-0.0037343949988619006,-0.0024812505793399605
2017-10-19,-0.0111501777693289,-0.007434202500859305,-0.011195696083206199,-0.007455451302236161
2017-10-20,0.008025133385351237,0.005349431366793663,0.007979615071473937,0.005328182565416808
2017-10-23,-0.0197711675320567,-0.013182471717268466,-0.0199077224736886,-0.013246218121399032
2017-10-24,0.005010439633037837,0.003339635531918063,0.004964921319160537,0.003318386730541208
2017-10-25,-0.011421300822069368,-0.0076146718949284395,-0.011466819135946668,-0.007635920696305295
2017-10-26,-0.00963067323914377,-0.00642092017297804,-0.00967619155302107,-0.006442168974354895
2017-10-27,0.08730319336053836,0.058201564452837584,0.08725767504666106,0.05818031565146073
2017-10-30,0.006544142399433109,0.004360788929300588,0.0064075874578012094,0.004297042525170022
2017-10-31,0.011212949775564831,0.00747482850349436,0.01116743146168753,0.007453579702117505
2017-11-01,-0.0010554094848466838,-0.0007037983198724475,-0.0011009277987239837,-0.0007250471212493026
2017-11-02,-0.005791555174819909,-0.0038609493871210095,-0.0058370734886972085,-0.0038821981884978644
2017-11-03,0.028780401058482834,0.01918692829944761,0.028734882744605533,0.019165679498070756
2017-11-06,0.009965390798309376,0.0066438560538163716,0.009828835856677477,0.006580109649685806
2017-11-07,0.0016845789838091066,0.0011232331923206977,0.0016390606699318068,0.0011019843909438425
2017-11-08,0.01201417314547504,0.008009908749503613,0.011968654831597739,0.007988659948126758
2017-11-09,-0.01580283704864428,-0.010534671553993345,-0.01584835536252158,-0.0105559203553702
2017-11-10,-0.00026906882574034456,-0.00017873290808385079,-0.0003145871396176444,-0.00019998170946070596
2017-11-13,0.003487399376560573,0.00232659235301557,0.0033508444349286738,0.0022628459488850047
2017-11-14,-0.010992884711519307,-0.007327943498603159,-0.011038403025396607,-0.007349192299980014
2017-11-15,-0.014166966862503957,-0.009443811923804885,-0.014212485176381257,-0.009465060725181738
2017-11-16,0.038265430294873094,0.02551102634102329,0.038219911980995794,0.025489777539646433
2017-11-17,-0.011530354997379089,-0.00768597750223975,-0.011575873311256389,-0.007707226303616605
2017-11-20,-0.0025696537583828026,-0.0017100454689267677,-0.0027062087000147023,-0.0017737918730573333
2017-11-21,0.03249188106484911,0.021662459435380498,0.03244636275097181,0.021641210634003642
2017-11-22,0.0035871426232220046,0.002392633807629097,0.003541624309344705,0.002371385006252242
2017-11-24,0.010828603163776396,0.007221293175492837,0.010737566536021797,0.007178795572739127
2017-11-27,-0.0015745067905877032,-0.001046614157063368,-0.0017110617322196025,-0.0011103605611939335
2017-11-28,0.00760707678874701,0.00507231035517765,0.007561558474869711,0.005051061553800795
2017-11-29,-0.052380607996619186,-0.0349191999389317,-0.052426126310496486,-0.034940448740308556
2017-11-30,0.025075311546014046,0.016717986563830316,0.025029793232136745,0.01669673776245346
2017-12-01,-0.012838739703302791,-0.008558233972855551,-0.012884258017180092,-0.008579482774232407
2017-12-04,-0.03479351141930067,-0.02319289679149485,-0.03493006636093257,-0.023256643195625416
2017-12-05,0.0018869224588607043,0.0012591536980548967,0.0018414041449834044,0.0012379048966780415
2017-12-06,0.013468479083534005,0.008980191447837096,0.013422960769656704,0.00895894264646024
2017-12-07,0.010085212324468405,0.006724680275126697,0.010039694010591104,0.006703431473749842
2017-12-08,0.013166952097787047,0.008779080265012318,0.013121433783909746,0.008757831463635462
2017-12-11,0.023040309084599194,0.01536326309306123,0.022903754142967296,0.015299516688930665
2017-12-12,-0.004119993306381276,-0.0027451772067637434,-0.004165511620258576,-0.0027664260081405987
2017-12-13,0.0057009169599982566,0.003802189515392123,0.005655398646120956,0.003780940714015268
2017-12-14,-0.0021946328458605957,-0.0014618831717593034,-0.0022401511597378953,-0.0014831319731361586
2017-12-15,0.033986072164826096,0.022658773234199542,0.033940553850948796,0.022637524432822687
2017-12-18,0.024917065842445314,0.016615272995900994,0.024780510900813416,0.016551526591770428
2017-12-19,-0.017859374201576423,-0.011904298366760267,-0.017904892515453723,-0.011925547168137122
2017-12-20,-0.003315718675990494,-0.0022086212465209525,-0.003361236989867794,-0.002229870047897808
2017-12-21,0.00029941507094968003,0.00020156114825713455,0.0002538967570723802,0.0001803123468802794
2017-12-22,-0.003508863694274365,-0.0023375710381585376,-0.0035543820081516647,-0.002358819839535393
2017-12-26,-0.016521102649866205,-0.011008128443282375,-0.016703175905375404,-0.011093123648789796
2017-12-27,0.0002956073322504074,0.00019986194003154822,0.00025008901837310756,0.00017861313865469308
2017-12-28,0.0035547775194546883,0.0023723622608375385,0.0035092592055773883,0.0023511134594606836
2017-12-29,-0.018649433180264935,-0.012430911117671624,-0.018694951494142235,-0.012452159919048479
2018-01-02,0.05224912995269996,0.034840930645153305,0.05206705669719076,0.034755935439645884
2018-01-03,0.029063587487422285,0.019378235572815938,0.029018069173544988,0.019356986771439082
2018-01-04,0.005165935059259534,0.003446187525963812,0.005120416745382234,0.0034249387245869566
2018-01-05,0.030045067518878435,0.02003227583237641,0.029999549205001134,0.020011027030999554
2018-01-08,0.011423608768508592,0.007621872186520729,0.011287053826876692,0.007558125782390164
2018-01-09,9.81047244992061e-05,6.800699413385029e-05,5.25864106219063e-05,4.675819275699511e-05
2018-01-10,-0.007099544418432513,-0.004730519031087261,-0.007145062732309812,-0.004751767832464116
2018-01-11,0.0204491817733489,0.013635111917762245,0.0204036634594716,0.01361386311638539
2018-01-12,0.021961224926115935,0.014643233940076912,0.021915706612238635,0.014621985138700057
2018-01-16,-0.008912985215808453,-0.005932320853207149,-0.009095058471317653,-0.00601731605871457
2018-01-17,0.032287266793069994,0.02152744837318104,0.03224174847919269,0.021506199571804184
2018-01-18,0.00045784464394268824,0.00030774034382953866,0.0004123263300653884,0.00028649154245268346
2018-01-19,0.00932162988002299,0.00621702376448304,0.009276111566145691,0.0061957749631061845
2018-01-22,0.03184413949066887,0.02123695807071582,0.031707584549036966,0.021173211666585253
2018-01-23,0.02471880726644899,0.016481808688767037,0.02467328895257169,0.016460559887390182
2018-01-24,-0.019554499500199413,-0.013033822418931862,-0.01960001781407671,-0.013055071220308717
2018-01-25,-0.0011534517560630633,-0.0007665505147090872,-0.0011989700699403631,-0.0007877993160859423
2018-01-26,0.0458911618563865,0.030596431973120643,0.0458456435425092,0.030575183171743788
2018-01-29,-0.014819096478685697,-0.009872705193084766,-0.014955651420317595,-0.009936451597215332
2018-01-30,-0.02477804734616891,-0.01651609438631156,-0.02482356566004621,-0.016537343187688416
2018-01-31,0.012362005007263288,0.008243847252709937,0.012316486693385987,0.008222598451333081
2018-02-01,-0.025587897231640518,-0.01705590104196046,-0.025633415545517815,-0.017077149843337316
2018-02-02,-0.0599247303663808,-0.039946936581591604,-0.059970248680258104,-0.03996818538296846
2018-02-05,-0.1185434916631041,-0.07902034345408261,-0.118680046604736,-0.07908408985821318
2018-02-06,0.07940771604986427,0.05294164089003253,0.07936219773598698,0.05292039208865568
2018-02-07,-0.03890544301637827,-0.025933705191062893,-0.03895096133025557,-0.025954953992439748
2018-02-08,-0.12667564437159612,-0.08444689284359952,-0.1267211626854734,-0.08446814164497637
2018-02-09,0.051717157217650675,0.03448164154923168,0.051671638903773374,0.03446039274785483
2018-02-12,0.052959439733056744,0.03531690336776486,0.05282288479142484,0.0352531569636343
2018-02-13,0.015388212536350398,0.010263091750389643,0.0153426942224731,0.010241842949012788
2018-02-14,0.056076688922942014,0.037388369309207005,0.056031170609064714,0.03736712050783015
2018-02-15,0.055597654262170365,0.037068919539142334,0.055552135948293065,0.03704767073776548
2018-02-16,-0.01349004529157173,-0.00898954683001907,-0.013535563605449028,-0.009010795631395925
2018-02-20,0.005619168074208519,0.003762498851705337,0.005437094818699319,0.0036775036461979163
2018-02-21,-0.00862734621169135,-0.00574700067436708,-0.00867286452556865,-0.005768249475743935
2018-02-22,-0.00046098452306972187,-0.00030294626931701645,-0.0005065028369470217,-0.0003241950706938716
2018-02-23,0.061249743018695305,0.04083744540528625,0.061204224704818004,0.040816196603909394
2018-02-26,0.0394933638303348,0.026341759398691333,0.039356808888702896,0.026278012994560767
2018-02-27,-0.037246656827873786,-0.02482644771769705,-0.03729217514175109,-0.024847696519073904
2018-02-28,-0.01935141707432095,-0.01289638124945348,-0.019396935388198252,-0.012917630050830336
2018-03-01,-0.04907729566715665,-0.03271372700739583,-0.04912281398103395,-0.03273497580877269
2018-03-02,0.027445502667648777,0.01830119182275383,0.027399984353771476,0.018279943021376976
2018-03-05,0.03296382030403163,0.02198901044087615,0.032827265362399737,0.021925264036745586
2018-03-06,0.012591145335912763,0.008398940473964726,0.012545627022035462,0.00837769167258787
2018-03-07,0.006843312389828313,0.004566865094104351,0.006797794075951013,0.004545616292727496
2018-03-08,0.01641692209001961,0.01094927156089855,0.01637140377614231,0.010928022759521695
2018-03-09,0.058186719164880045,0.03879570957668052,0.058141200851002744,0.038774460775303665
2018-03-12,0.015643946655855747,0.010442988170851958,0.01550739171422385,0.010379241766721394
2018-03-13,-0.040942986369308876,-0.027290387281169896,-0.040988504683186176,-0.02731163608254675
2018-03-14,-0.000626278949122542,-0.00041239555679537643,-0.0006717972629998419,-0.0004336443581722316
2018-03-15,-0.002723882896018763,-0.001810517986118637,-0.002769401209896063,-0.0018317667874954923
2018-03-16,-0.009023107454121118,-0.006009907614721015,-0.009068625767998417,-0.00603115641609787
2018-03-19,-0.06432219444639115,-0.04286469065555384,-0.06445874938802304,-0.0429284370596844
2018-03-20,0.009769459838808914,0.006518750839425002,0.009723941524931615,0.006497502038048147
2018-03-21,-0.013169336361060165,-0.008773686531379488,-0.013214854674937463,-0.008794935332756344
2018-03-22,-0.0741480788410905,-0.049426835422202796,-0.0741935971549678,-0.04944808422357965
2018-03-23,-0.07915602957132124,-0.05276565602942377,-0.07920154788519854,-0.052786904830800625
2018-03-26,0.11117036578663653,0.0741292286066636,0.11103381084500463,0.07406548220253303
2018-03-27,-0.09718525399238243,-0.06478448513906632,-0.09723077230625973,-0.06480573394044317
2018-03-28,-0.03461553309135042,-0.023071524706207214,-0.03466105140522772,-0.02309277350758407
2018-03-29,0.05484413354741606,0.036567879440897025,0.05479861523353876,0.03654663063952017
2018-04-02,-0.08696139988429998,-0.05795377161905471,-0.08714347313980918,-0.05803876682456213
2018-04-03,0.03365685627236839,0.022443401536271987,0.03361133795849109,0.02242215273489513
2018-04-04,0.04720756418543015,0.031477019996124476,0.04716204587155285,0.03145577119474762
2018-04-05,0.016989898230193617,0.011331535785165103,0.016944379916316317,0.011310286983788248
2018-04-06,-0.07517066629003473,-0.05010874717523277,-0.07521618460391202,-0.05012999597660962
2018-04-09,0.020763965054131972,0.01385801459728027,0.020627410112500074,0.013794268193149705
2018-04-10,0.06608689494090964,0.044063333905166965,0.06604137662703233,0.04404208510379011
2018-04-11,-0.017409437074240492,-0.011601074244302801,-0.017454955388117793,-0.011622323045679657
2018-04-12,0.03602288585860766,0.024020380981691423,0.03597736754473036,0.023999132180314568
2018-04-13,-0.015637447878385745,-0.010419654713086127,-0.015682966192263045,-0.010440903514462982
2018-04-16,0.022557339068631107,0.015054437879435688,0.02242078412699921,0.014990691475305124
2018-04-17,0.06447087193898768,0.04298626548184709,0.06442535362511037,0.04296501668047024
2018-04-18,0.006034395673770616,0.004028708062732802,0.005988877359893316,0.004007459261355947
2018-04-19,-0.027682255478063866,-0.01844896594271529,-0.027727773791941166,-0.018470214744092144
2018-04-20,-0.04758699863063422,-0.03171870127724247,-0.04763251694451152,-0.03173995007861932
2018-04-23,-0.007896477310736297,-0.005246705079175665,-0.008033032252368196,-0.005310451483306231
2018-04-24,-0.06367022203460569,-0.04244038297277305,-0.063715740348483,-0.042461631774149904
2018-04-25,0.0034861884448486114,0.00233055734686315,0.0034406701309713113,0.002309308545486295
2018-04-26,0.06305189639531514,0.04204084240342222,0.06300637808143784,0.042019593602045366
2018-04-27,0.0017446087960791745,0.0011690370072331316,0.0016990904822018747,0.0011477882058562765
2018-04-30,-0.0216024565256894,-0.014384024555811066,-0.0217390114673213,-0.01444777095994163
2018-05-01,0.03418908919466621,0.02279915784674155,0.03414357088078891,0.022777909045364694
2018-05-02,-0.017800832440471856,-0.011860976820435782,-0.017846350754349156,-0.011882225621812638
2018-05-03,-0.0004780789785710482,-0.0003125679605916296,-0.0005235972924483481,-0.00033381676196848474
2018-05-04,0.05681522186218057,0.03788287248989898,0.05676970354830327,0.037861623688522125
2018-05-07,0.024606730160672306,0.01642266051911734,0.024470175219040408,0.016358914114986776
2018-05-08,-0.0031752772806120082,-0.0021105132610265594,-0.003220795594489308,-0.0021317620624034146
2018-05-09,0.032588079202751814,0.02173181785213195,0.032542560888874514,0.021710569050755094
2018-05-10,0.030983370291477835,0.020662105373612263,0.030937851977600538,0.020640856572235407
2018-05-11,-0.0029411189431586965,-0.001954127315735104,-0.0029866372570359965,-0.001975376117111959
2018-05-14,0.0048001373742229845,0.003220508367119926,0.004663582432591085,0.0031567619629893607
2018-05-15,-0.03333898380382168,-0.022218996640388296,-0.03338450211769898,-0.02224024544176515
2018-05-16,0.019725807208486216,0.013157437215080253,0.019680288894608915,0.013136188413703398
2018-05-17,-0.011651257810233939,-0.007760699612054425,-0.011696776124111238,-0.007781948413431279
2018-05-18,-0.015616992774753037,-0.010404522921733826,-0.01566251108863034,-0.010425771723110681
2018-05-21,0.016506185576524907,0.011024260072269488,0.016369630634893006,0.010960513668138923
2018-05-22,-0.004030753487456978,-0.0026801764294784947,-0.004076271801334278,-0.0027014252308553495
2018-05-23,0.02521604692321652,0.016817690510970505,0.02517052860933922,0.01679644170959365
2018-05-24,-0.0009952454579910384,-0.0006566913772258247,-0.0010407637718683382,-0.0006779401786026799
2018-05-25,0.002897731058261336,0.0019385328237029626,0.0028522127443840364,0.0019172840223261073
2018-05-29,-0.013699204832471387,-0.009106328636164816,-0.013881278087980587,-0.009191323841672237
2018-05-30,0.02137013800154882,0.014253751229858705,0.02132461968767152,0.01423250242848185
2018-05-31,-0.002050780365078578,-0.0013601943478928945,-0.002096298678955878,-0.0013814431492697498
2018-06-01,0.046984545506159714,0.03132992941352926,0.04693902719228241,0.031308680612152404
2018-06-04,0.026759162154407885,0.01785985822057653,0.026622607212775984,0.017796111816445963
2018-06-05,0.009181163503688014,0.006127861722104052,0.009135645189810714,0.006106612920727197
2018-06-06,0.01738804619063091,0.01159911684673265,0.01734252787675361,0.011577868045355795
2018-06-07,-0.02450649124187199,-0.01633057477493595,-0.02455200955574929,-0.016351823576312804
2018-06-08,5.8657411797104125e-05,4.609750335756029e-05,1.3139097919804298e-05,2.4848701980705115e-05
2018-06-11,0.007746117296799946,0.005184775426134956,0.007609562355168047,0.0051210290220043905
2018-06-12,0.01566669760074921,0.01045155112014485,0.015621179286871912,0.010430302318767995
2018-06-13,-0.0002825623067622959,-0.000181475795085422,-0.0003280806206395957,-0.00020272459646227719
2018-06-14,0.03025920379775462,0.020179795093995905,0.03021368548387732,0.02015854629261905
2018-06-15,-0.010585664514209978,-0.007050117113980494,-0.010631182828087277,-0.007071365915357349
2018-06-18,-0.002069856709394634,-0.0013589267864512833,-0.0022064116510265336,-0.0014226731905818489
2018-06-19,-0.008611684316135786,-0.005734036824445148,-0.008657202630013086,-0.005755285625822003
2018-06-20,0.021192680049630812,0.01413553941939925,0.02114716173575351,0.014114290618022395
2018-06-21,-0.026177415044735378,-0.017444617467664094,-0.026222933358612678,-0.01746586626904095
2018-06-22,-0.006771541770759578,-0.004507368618346895,-0.006817060084636878,-0.00452861741972375
2018-06-25,-0.06792700271670776,-0.04526397124953684,-0.06806355765833966,-0.04532771765366741
2018-06-26,0.01214213650541342,0.008101750232435105,0.012096618191536122,0.00808050143105825
2018-06-27,-0.040911506478535475,-0.027267345090197494,-0.040957024792412776,-0.02728859389157435
2018-06-28,0.02569510580362982,0.01713696961184265,0.025649587489752518,0.017115720810465796
2018-06-29,0.007948561118869515,0.005305939822002452,0.007903042804992214,0.005284691020625597
2018-07-02,0.019763888785811746,0.013196623085476157,0.019627333844179844,0.013132876681345591
2018-07-03,-0.034838650247628423,-0.023218306767997767,-0.034884168561505724,-0.023239555569374622
2018-07-05,0.03700666413504323,0.024685842531232155,0.03691562750728863,0.024643344928478444
2018-07-06,0.04655591343981922,0.0310444551750936,0.04651039512594192,0.031023206373716746
2018-07-09,0.026649012932470073,0.017787827768245022,0.02651245799083817,0.017724081364114457
2018-07-10,0.0020851045651870755,0.0013975297738792322,0.002039586251309776,0.0013762809725023771
2018-07-11,-0.015342302532898625,-0.010220741624844569,-0.015387820846775924,-0.010241990426221424
2018-07-12,0.05157981937810797,0.03439381930093808,0.05153430106423067,0.034372570499561224
2018-07-13,0.002393602846590867,0.001603101784995578,0.002348084532713567,0.0015818529836187228
2018-07-16,-0.007527263461843598,-0.004996075979424066,-0.007663818403475498,-0.005059822383554631
2018-07-17,0.01813263132529595,0.01209616150525102,0.01808711301141865,0.012074912703874164
2018-07-18,-0.0057747402879260515,-0.003842086236896981,-0.005820258601803351,-0.003863335038273836
2018-07-19,-0.015122789945197293,-0.010074306385139854,-0.015168308259074594,-0.01009555518651671
2018-07-20,-0.0007859330790132948,-0.000516401807683853,-0.0008314513928905946,-0.0005376506090607081
2018-07-23,0.009207768190089527,0.006160892317989897,0.009071213248457628,0.006097145913859331
2018-07-24,0.012246685127580207,0.008172010330045146,0.012201166813702907,0.00815076152866829
2018-07-25,0.04181340600765425,0.027883344626823216,0.04176788769377695,0.02786209582544636
2018-07-26,-0.045570813575031316,-0.030372895285707364,-0.04561633188890861,-0.03039414408708422
2018-07-27,-0.04060419130621062,-0.027062000807052566,-0.04064970962008792,-0.02708324960842942
2018-07-30,-0.04274226116683588,-0.028472180042915556,-0.042878816108467784,-0.028535926447046122
2018-07-31,0.022838229091500576,0.015233507283455232,0.022792710777623276,0.015212258482078377
2018-08-01,0.011273796769233015,0.0075236986633680026,0.011228278455355716,0.007502449861991147
2018-08-02,0.04070172247445942,0.027142315800185602,0.04065620416058212,0.027121066998808747
2018-08-03,0.00907393996367165,0.00605703393083482,0.00902842164979435,0.006035785129457964
2018-08-06,0.017308664299885767,0.011562050826197717,0.017172109358253865,0.011498304422067151
2018-08-07,0.010810974942551517,0.007215431393906503,0.010765456628674216,0.007194182592529648
2018-08-08,0.0035117325888718177,0.0023492698247867035,0.003466214274994518,0.0023280210234098483
2018-08-09,-0.0019323348086263826,-0.0012801084402120969,-0.0019778531225036824,-0.001301357241588952
2018-08-10,-0.023042271886147683,-0.015353399825226297,-0.023087790200024983,-0.015374648626603152
2018-08-13,-0.003680822860816276,-0.0024298182398463045,-0.003817377802448176,-0.00249356464397687
2018-08-14,0.01867931582175947,0.01246108552788263,0.01863379750788217,0.012439836726505775
2018-08-15,-0.03682413026447544,-0.024541118310349275,-0.03686964857835274,-0.02456236711172613
2018-08-16,0.009756233922399176,0.006512364261642432,0.009710715608521875,0.006491115460265577
2018-08-17,0.0005475842006068749,0.00037326444711423203,0.0005020658867295751,0.0003520156457373769
2018-08-20,-0.003026186676699976,-0.001993394117102105,-0.0031627416183318754,-0.00205714052123267
2018-08-21,0.010898806447776176,0.007274079278560433,0.010853288133898875,0.007252830477183577
2018-08-22,0.011522374648464968,0.0076898849649443286,0.011476856334587669,0.007668636163567473
2018-08-23,-0.0044286212113763745,-0.0029440187176042925,-0.004474139525253675,-0.0029652675189811477
2018-08-24,0.027755884024713066,0.018512224549109727,0.027710365710835766,0.018490975747732872
2018-08-27,0.03021502701160357,0.02016853761100892,0.030078472069971673,0.020104791206878355
2018-08-28,0.004271225643605229,0.0028561598862826593,0.004225707329727929,0.002834911084905804
2018-08-29,0.034491202400673195,0.02300290463402749,0.034445684086795894,0.022981655832650636
2018-08-30,-0.0054260034570700055,-0.003608565937801308,-0.005471521770947305,-0.0036298147391781634
2018-08-31,0.0037408289227450313,0.0025024685007653605,0.0036953106088677317,0.0024812196993885052
2018-09-04,-0.013346966135128273,-0.008863647214344158,-0.013529039390637472,-0.008948642419851579
2018-09-05,-0.038864603100392206,-0.02590096570001611,-0.038910121414269506,-0.025922214501392964
2018-09-06,-0.026942727673421454,-0.017952955167580033,-0.026988245987298754,-0.017974203968956888
2018-09-07,-0.011673847649565408,-0.007773795399464908,-0.011719365963442707,-0.0077950442008417635
2018-09-10,0.009732374004760633,0.0065148391806099,0.009595819063128733,0.006451092776479334
2018-09-11,0.02298863741900421,0.0153347151465824,0.02294311910512691,0.015313466345205544
2018-09-12,-0.00897117016335099,-0.0059718232416544,-0.009016688477228288,-0.005993072043031255
2018-09-13,0.03191594242941991,0.0212863454108283,0.03187042411554261,0.021265096609451445
2018-09-14,-0.008903571620701288,-0.0059267575465546,-0.008949089934578587,-0.005948006347931455
2018-09-17,-0.04358403534463317,-0.029028872189443698,-0.04372059028626507,-0.029092618593574263
2018-09-18,0.024689161185013075,0.016468584843282983,0.024643642871135775,0.016447336041906128
2018-09-19,-0.002423013785695323,-0.001606198470522617,-0.002468532099572623,-0.0016274472718994723
2018-09-20,0.03304465302055831,0.0220388191382539,0.03299913470668101,0.022017570336877044
2018-09-21,-0.016528091376165125,-0.011009583530835818,-0.016573609690042426,-0.011030832332212673
2018-09-24,0.00796490584005967,0.005337650186979469,0.007828350898427771,0.005273903782848903
2018-09-25,0.0039497227359634336,0.0026427605922492116,0.003904204422086133,0.0026215117908723563
2018-09-26,0.001990334502679714,0.0013364081508763514,0.001944816188802414,0.0013151593494994962
2018-09-27,0.02527004822387037,0.01685612368391203,0.02522452990999307,0.016834874882535177
2018-09-28,-0.0007719162005594761,-0.0005053731469486436,-0.000817434514436776,-0.0005266219483254988
2018-10-01,0.005756713146909246,0.0038658025396030066,0.005620158205277347,0.0038020561354724413
2018-10-02,-0.006897489852991244,-0.004588620843110877,-0.006943008166868544,-0.004609869644487732
2018-10-03,0.0031017568404941563,0.0020775436192127226,0.003056238526616856,0.0020562948178358678
2018-10-04,-0.05772570061680784,-0.038474094685655276,-0.05777121893068514,-0.03849534348703213
2018-10-05,-0.03681043399698406,-0.02453067722971579,-0.03685595231086136,-0.024551926031092644
2018-10-08,-0.0187020022117586,-0.012439165169684966,-0.0188385571533905,-0.012502911573815532
2018-10-09,0.009589332308223132,0.006402500307089011,0.009543813994345833,0.006381251505712155
2018-10-10,-0.13206845923063482,-0.08803574649937446,-0.13211397754451212,-0.08805699530075131
2018-10-11,-0.03734132443686091,-0.02488413602231811,-0.03738684275073821,-0.024905384823694966
2018-10-12,0.08336013987292513,0.05558341320788867,0.08331462155904784,0.055562164406511814
2018-10-15,-0.036705477421686644,-0.024440077474356937,-0.03684203236331854,-0.024503823878487502
2018-10-16,0.08714348678789098,0.05810611274706714,0.08709796847401367,0.058084863945690283
2018-10-17,0.001052757070997263,0.000712199273774026,0.0010072387571199632,0.0006909504723971708
2018-10-18,-0.06968112161116892,-0.046443626185639464,-0.06972663992504623,-0.04646487498701632
2018-10-19,-0.002904773001805825,-0.001926060446064068,-0.0029502913156831245,-0.0019473092474409232
2018-10-22,0.01503280427949919,0.010052953198993677,0.01489624933786729,0.009989206794863112
2018-10-23,-0.01117428005213585,-0.00743878413161523,-0.011219798366013148,-0.007460032932992086
2018-10-24,-0.13743446820738442,-0.09161233657810042,-0.1374799865212617,-0.09163358537947727
2018-10-25,0.103650915470848,0.06911125254072119,0.10360539715697069,0.06909000373934433
2018-10-26,-0.07729984540821859,-0.0515225880453232,-0.0773453637220959,-0.05154383684670005
2018-10-29,-0.06214548953525287,-0.041398680691036145,-0.06228204447688477,-0.04146242709516671
2018-10-30,0.04930434323866315,0.032880298062250776,0.04925882492478585,0.03285904926087392
2018-10-31,0.07038204198000099,0.0469320035468232,0.07033652366612368,0.04691075474544634
2018-11-01,0.039436668872300795,0.026301754808356392,0.039391150558423495,0.026280506006979537
2018-11-02,-0.04686127890025742,-0.031230397711698468,-0.046906797214134724,-0.03125164651307532
2018-11-05,-0.007841442995395864,-0.005195982997798149,-0.007977997937027763,-0.005259729401928715
2018-11-06,0.02259123788862214,0.015071748529153765,0.02254571957474484,0.01505049972777691
2018-11-07,0.09396643988010624,0.06265512283762932,0.09392092156622894,0.06263387403625247
2018-11-08,-0.01927275574143026,-0.012837580557547836,-0.01931827405530756,-0.01285882935892469
2018-11-09,-0.05069036269958915,-0.03378283922991743,-0.050735881013466454,-0.03380408803129428
2018-11-12,-0.09118356209965152,-0.060756552647092225,-0.09132011704128341,-0.06082029905122279
2018-11-13,0.0023887812778469603,0.0016033504361231245,0.0023432629639696606,0.0015821016347462695
2018-11-14,-0.023023666495494494,-0.015338000340936053,-0.023069184809371795,-0.015359249142312908
2018-11-15,0.05234534739894583,0.03490791522664781,0.05229982908506853,0.034886666425270954
2018-11-16,-0.010666601144340558,-0.007100144159488035,-0.010712119458217857,-0.00712139296086489
2018-11-19,-0.09783989647924692,-0.06519410890015583,-0.09797645142087881,-0.06525785530428639
2018-11-20,-0.053821486315747985,-0.03586988022110505,-0.053867004629625286,-0.035891129022481906
2018-11-21,0.022668769820376106,0.015123623869644347,0.022623251506498805,0.015102375068267492
2018-11-23,-0.021975285134731903,-0.014627593967603813,-0.022066321762486504,-0.014670091570357523
2018-11-26,0.06892669094502599,0.04598502148001018,0.06879013600339409,0.04592127507587961
2018-11-27,0.009990163186479538,0.006671500561767914,0.00994464487260224,0.006650251760391059
2018-11-28,0.09641142150763421,0.0642855790661982,0.0963659031937569,0.06426433026482134
2018-11-29,-0.009919115788001172,-0.0066015395024656915,-0.009964634101878473,-0.006622788303842547
2018-11-30,0.02162958332353354,0.014430645485761366,0.02158406500965624,0.01440939668438451
2018-12-03,0.05202189257812992,0.0347140315289703,0.051885337636498025,0.03465028512483973
2018-12-04,-0.1152079227076007,-0.07679417114900686,-0.115253441021478,-0.07681541995038371
2018-12-06,0.020902005786476937,0.013957641494759159,0.02081096915872234,0.013915143892005448
2018-12-07,-0.0991859204006948,-0.06611264887268781,-0.0992314387145721,-0.06613389767406466
2018-12-10,0.03100303030629158,0.020702299939466325,0.030866475364659682,0.020638553535335762
2018-12-11,0.009794700225478738,0.006541191921100714,0.00974918191160144,0.0065199431197238596
2018-12-12,0.02626565633861604,0.017521829329858914,0.02622013802473874,0.01750058052848206
2018-12-13,0.0007684396708585033,0.0005238723183318961,0.0007229213569812035,0.000502623516955041
2018-12-14,-0.07318620459908882,-0.048779317580838616,-0.07323172291296613,-0.04880056638221547
2018-12-17,-0.06839603917530078,-0.04556318413785586,-0.06853259411693269,-0.045626930541986424
2018-12-18,0.0187271001378817,0.012496031486363194,0.0186815818240044,0.012474782684986339
2018-12-19,-0.07380205746865522,-0.049190260989709855,-0.07384757578253251,-0.04921150979108671
2018-12-20,-0.043624811793047474,-0.029072003505829894,-0.04367033010692477,-0.029093252307206746
2018-12-21,-0.09311801925413211,-0.062067568846694454,-0.09316353756800941,-0.06208881764807131
2018-12-24,-0.07480537385500649,-0.04983691726849016,-0.07494192879663839,-0.04990066367262073
2018-12-26,0.18703417486046203,0.12471298322125206,0.18694313823270742,0.12467048561849835
2018-12-27,0.011469675891013003,0.0076580297984348965,0.011424157577135703,0.007636780997058041
2018-12-28,-0.0017069435890595015,-0.0011266643315976062,-0.0017524619029368014,-0.0011479131329744615
2018-12-31,0.02488516439347328,0.016623722664254124,0.02474860945184138,0.016559976260123562
2019-01-02,0.01177629015223523,0.007874205958287755,0.01168525352448063,0.007831708355534045
2019-01-03,-0.09815009799276966,-0.0654220068910649,-0.09819561630664697,-0.06544325569244175
2019-01-04,0.128214274806187,0.0854874812652334,0.1281687564923097,0.08546623246385654
2019-01-07,0.035299670614477016,0.023567289055329343,0.035163115672845115,0.023503542651198778
2019-01-08,0.02699642435209986,0.018009382891871928,0.02695090603822256,0.017988134090495073
2019-01-09,0.024306962753293866,0.01621640849266793,0.024261444439416566,0.016195159691291074
2019-01-10,0.008439486146737464,0.005637997026223776,0.008393967832860165,0.005616748224846922
2019-01-11,-0.01111422551911833,-0.0073979981941916205,-0.011159743832995629,-0.007419246995568476
2019-01-14,-0.026928541755848797,-0.01791790471490406,-0.027065096697480695,-0.017981651119034627
2019-01-15,0.058438430290168465,0.03897062645517778,0.058392911976291165,0.03894937765380092
2019-01-16,-0.0006952143136968356,-0.0004518032807324233,-0.0007407326275741355,-0.0004730520821092784
2019-01-17,0.02351334778241547,0.01568705067349758,0.02346782946853817,0.015665801872120726
2019-01-18,0.029562478438704538,0.019719710729917912,0.029516960124827237,0.019698461928541057
2019-01-22,-0.060644749866977606,-0.040384641000216825,-0.06082682312248681,-0.040469636205724246
2019-01-23,0.00374942986471557,0.0025111053950309797,0.00370391155083827,0.0024898565936541245
2019-01-24,0.019289177875770995,0.012870749978289393,0.019243659561893695,0.012849501176912538
2019-01-25,0.035708489384631045,0.023816582859826366,0.035662971070753745,0.02379533405844951
2019-01-28,-0.03746824014605518,-0.024945494795855956,-0.03760479508768708,-0.025009241199986522
2019-01-29,-0.028463208729034264,-0.018964080715241288,-0.028508727042911564,-0.018985329516618143
2019-01-30,0.07617452136428213,0.050794406013636315,0.07612900305040482,0.05077315721225946
2019-01-31,0.04476627061814334,0.029855572182877113,0.04472075230426604,0.029834323381500258
2019-02-01,-0.0128052507767951,-0.008525535790088006,-0.0128507690906724,-0.008546784591464861
2019-02-04,0.03685126862961608,0.024601125488349324,0.036714713687984186,0.024537379084218762
2019-02-05,0.026404381360799038,0.017614312677980914,0.026358863046921737,0.01759306387660406
2019-02-06,-0.00908416610856816,-0.006044718968263886,-0.00912968442244546,-0.00606596776964074
2019-02-07,-0.04042703175338526,-0.026939962731475288,-0.04047255006726256,-0.026961211532852143
2019-02-08,0.005745138522487439,0.003841484119106514,0.0056996202086101394,0.003820235317729659
2019-02-11,-0.003267374187268292,-0.0021437930025170623,-0.0034039291289001913,-0.002207539406647628
2019-02-12,0.04421865727723436,0.029490777779888375,0.04417313896335706,0.02946952897851152
2019-02-13,0.0019670773352015694,0.0013228703753549792,0.0019215590213242696,0.001301621573978124
2019-02-14,0.0035437240726495034,0.0023740619195258966,0.003498205758772204,0.0023528131181490414
2019-02-15,0.01247581170085917,0.008328693285793378,0.01243029338698187,0.008307444484416523
2019-02-19,0.005374210192691877,0.0036287487360103163,0.005192136937182678,0.0035437535305028957
2019-02-20,-0.0006641913213938353,-0.00043102755712387314,-0.0007097096352711352,-0.00045227635850072833
2019-02-21,-0.011112538711058434,-0.007396686212306824,-0.011158057024935735,-0.007417935013683678
2019-02-22,0.022060013835093265,0.014718348818460977,0.022014495521215965,0.014697100017084122
2019-02-25,0.010507342256937195,0.00704019480937418,0.010370787315305295,0.006976448405243614
2019-02-26,0.0029693025588072267,0.0019913954298510584,0.0029237842449299266,0.001970146628474203
2019-02-27,-0.0020402564232915353,-0.0013484980204622233,-0.0020857747371688354,-0.0013697468218390786
2019-02-28,-0.007052645610690636,-0.004690090812061623,-0.0070981639245679354,-0.004711339613438478
2019-03-01,0.020645700106268962,0.013775472999244776,0.02060018179239166,0.01375422419786792
2019-03-04,9.444956441910995e-05,9.770398955808854e-05,-4.210537721278945e-05,3.3957585427523e-05
2019-03-05,0.0020956513275330645,0.0014088675421607267,0.002050133013655765,0.0013876187407838717
2019-03-06,-0.017156305603272536,-0.011425770411709673,-0.017201823917149837,-0.011447019213086529
2019-03-07,-0.03695792202351053,-0.024626848025201674,-0.03700344033738783,-0.02464809682657853
2019-03-08,-0.004691784421008335,-0.003116183352273423,-0.004737302734885635,-0.003137432153650278
2019-03-11,0.061970538110810595,0.04134899204528978,0.061833983169178694,0.041285245641159214
2019-03-12,0.01634145669016116,0.010906071117246126,0.01629593837628386,0.01088482231586927
2019-03-13,0.022398474276221762,0.014944082841286526,0.022352955962344462,0.01492283403990967
2019-03-14,-0.005225452656112535,-0.003471962175676223,-0.005270970969989835,-0.0034932109770530783
2019-03-15,0.027701168095388064,0.018479118325324177,0.027655649781510763,0.01845786952394732
2019-03-18,0.006723294615547094,0.00451721519556113,0.006586739673915194,0.004453468791430565
2019-03-19,0.009946881123991905,0.006642833287087497,0.009901362810114604,0.006621584485710642
2019-03-20,0.011754054315892265,0.007847802867733527,0.011708536002014965,0.007826554066356671
2019-03-21,0.04675401397648353,0.031181203041635255,0.04670849566260623,0.0311599542402584
2019-03-22,-0.06603425578360614,-0.04401088306014892,-0.06607977409748345,-0.044032131861525776
2019-03-25,-0.006137654337795706,-0.00405646958711442,-0.006274209279427605,-0.004120215991244985
2019-03-26,0.013831727201806266,0.009232918125009527,0.013786208887928966,0.009211669323632671
2019-03-27,-0.019410103948648436,-0.012928302641960274,-0.019455622262525736,-0.01294955144333713
2019-03-28,0.006774172737801104,0.004527694362960297,0.006728654423923804,0.004506445561583442
2019-03-29,0.022573460369663668,0.015060459064996378,0.022527942055786367,0.015039210263619523
2019-04-01,0.03932732689996058,0.026251831001912324,0.039190771958328686,0.026188084597781762
2019-04-02,0.011232013875972268,0.007499494735868779,0.011186495562094969,0.007478245934491924
2019-04-03,0.017099891844827637,0.011411319667333313,0.017054373530950337,0.011390070865956458
2019-04-04,-0.0012825432206923968,-0.000843449609368704,-0.0013280615345696964,-0.0008646984107455591
2019-04-05,0.015372418701039703,0.010259858338452695,0.015326900387162402,0.01023860953707584
2019-04-08,0.0072159574235760105,0.004845375895662688,0.007079402481944111,0.004781629491532123
2019-04-09,-0.010673852848438832,-0.007104416413738621,-0.010719371162316131,-0.007125665215115476
2019-04-10,0.01596122825908494,0.010652210610171515,0.015915709945207638,0.01063096180879466
2019-04-11,-0.007256298820201531,-0.004826047061580421,-0.007301817134078831,-0.0048472958629572765
2019-04-12,0.01283029770173877,0.008565017286379779,0.012784779387861472,0.008543768485002923
2019-04-15,6.418966511370991e-05,7.753072335448852e-05,-7.236527651818949e-05,1.3784319223922973e-05
2019-04-16,0.01019055116873427,0.0068051862643767795,0.010145032854856972,0.006783937462999924
2019-04-17,0.010316249955347669,0.006888985455452379,0.01027073164147037,0.006867736654075524
2019-04-18,0.0037070401438816032,0.0024829393003472965,0.0036615218300043036,0.0024616904989704412
2019-04-22,0.007929292253415657,0.005331761918736656,0.007747218997906457,0.005246766713229235
2019-04-23,0.038014013899901805,0.025354255137694095,0.03796849558602451,0.02533300633631724
2019-04-24,-0.009598392242049636,-0.006387255232967623,-0.009643910555926935,-0.0064085040343444775
2019-04-25,0.012035525301292002,0.008035262738620895,0.011990006987414701,0.00801401393724404
2019-04-26,0.0025378932430865694,0.001703414313944979,0.0024923749292092698,0.0016821655125681238
2019-04-29,0.005405015135098918,0.0036375187357439425,0.005268460193467018,0.0035737723316133767
2019-04-30,-0.023384039843465897,-0.015577780691217704,-0.023429558157343197,-0.01559902949259456
2019-05-01,-0.009794000834179232,-0.006517848404232221,-0.00983951914805653,-0.006539097205609076
2019-05-02,-0.01316067304598823,-0.008762296545438222,-0.013206191359865529,-0.008783545346815077
2019-05-03,0.047703680991329774,0.031814220651358534,0.04765816267745247,0.03179297184998168
2019-05-06,-0.018785924293370494,-0.012489493073251864,-0.01892247923500239,-0.012553239477382428
2019-05-07,-0.058578511876963696,-0.0390407620468829,-0.05862403019084099,-0.039062010848259755
2019-05-08,-0.007711504877994631,-0.005129517766775821,-0.007757023191871931,-0.005150766568152676
2019-05-09,-0.016288293134421632,-0.010847376604393822,-0.016333811448298933,-0.010868625405770677
2019-05-10,0.0035952784335650696,0.0024083377742639793,0.00354976011968777,0.0023870889728871245
2019-05-13,-0.1045271968726627,-0.06965034145944667,-0.10466375181429459,-0.06971408786357723
2019-05-14,0.032788238318429495,0.02187012360672839,0.0327427200045522,0.021848874805351536
2019-05-15,0.042234044141130696,0.028167327488529192,0.0421885258272534,0.028146078687152336
2019-05-16,0.030009694134215042,0.020017854526924915,0.02996417582033774,0.01999660572554806
2019-05-17,-0.03079769802852367,-0.020520594329480692,-0.030843216342400972,-0.020541843130857544
2019-05-20,-0.05105659769249878,-0.03400439982681836,-0.051193152634130684,-0.03406814623094893
2019-05-21,0.0312052384961299,0.020814602986813546,0.0311597201822526,0.02079335418543669
2019-05-22,-0.013502100601793595,-0.008990289745135454,-0.013547618915670896,-0.009011538546512309
2019-05-23,-0.04604396543246988,-0.030684959994295997,-0.04608948374634718,-0.030706208795672853
2019-05-24,-0.0016507237134308584,-0.0010895592055482348,-0.0016962420273081583,-0.00111080800692509
2019-05-28,-0.011822282789464995,-0.007838578247075319,-0.012004356044974194,-0.00792357345258274
2019-05-29,-0.02481412880625596,-0.016531829267431634,-0.02485964712013326,-0.01655307806880849
2019-05-30,0.01247566553240524,0.008328033625009165,0.012430147218527941,0.00830678482363231
2019-05-31,-0.04799534733178578,-0.031985881260506596,-0.04804086564566308,-0.03200713006188345
2019-06-03,-0.06645932419284704,-0.044274008419138686,-0.06659587913447894,-0.04433775482326925
2019-06-04,0.08433535559142236,0.05623430629742358,0.08428983727754505,0.05621305749604672
2019-06-05,0.02216198286767935,0.01478539114826157,0.022116464553802048,0.014764142346884715
2019-06-06,0.02370061884529285,0.015811148466670567,0.02365510053141555,0.015789899665293712
2019-06-07,0.057801648126426776,0.038544980639550884,0.057756129812549475,0.03852373183817403
2019-06-10,0.03457035718577426,0.023077145597283664,0.034433802244142366,0.023013399193153098
2019-06-11,0.00396411277196214,0.0026529157646423144,0.00391859445808484,0.002631666963265459
2019-06-12,-0.01747068434211766,-0.011637136268806535,-0.01751620265599496,-0.01165838507018339
2019-06-13,0.017640304680693854,0.011769908846012521,0.017594786366816554,0.011748660044635666
2019-06-14,-0.012884236466720374,-0.008580253324389244,-0.012929754780597675,-0.0086015021257661
2019-06-17,0.017689389411146946,0.011820920049094807,0.017552834469515048,0.011757173644964241
2019-06-18,0.04346511661693184,0.02898635651289481,0.04341959830305454,0.028965107711517956
2019-06-19,0.011137943527570714,0.0074348141674703515,0.011092425213693415,0.007413565366093496
2019-06-20,0.02777255295356417,0.018524179355650382,0.02772703463968687,0.018502930554273527
2019-06-21,-0.004570919532251806,-0.003038509987922508,-0.004616437846129105,-0.0030597587892993634
2019-06-24,-0.0002706091563980579,-0.00015465844745935414,-0.00040716409802995737,-0.00021840485158991968
2019-06-25,-0.05162239446263447,-0.034406253517877135,-0.05166791277651177,-0.03442750231925399
2019-06-26,0.013829258045891532,0.00922808791619636,0.013783739732014232,0.009206839114819504
2019-06-27,0.011341126779230644,0.007569614467521367,0.011295608465353343,0.0075483656661445115
2019-06-28,0.003736469636714294,0.0024997494580548917,0.0036909513228369946,0.0024785006566780364
2019-07-01,0.04011587984839389,0.02676994827056678,0.03997932490676199,0.026706201866436213
2019-07-02,0.01176184585582977,0.007850655438551629,0.01171632754195247,0.007829406637174774
2019-07-03,0.022451618218358484,0.014977076737237936,0.022406099904481183,0.014955827935861081
2019-07-05,-0.006366277242748562,-0.0042253350925021416,-0.006457313870503162,-0.004267832695255852
2019-07-08,-0.021427791660035903,-0.014256358135203167,-0.021564346601667804,-0.014320104539333732
2019-07-09,0.014893267613378888,0.009938738063301339,0.014847749299501587,0.009917489261924484
2019-07-10,0.029766610808761685,0.019854300193556537,0.029721092494884388,0.019833051392179682
2019-07-11,-0.0023076592529912175,-0.0015291082436618643,-0.0023531775668685175,-0.0015503570450387195
2019-07-12,0.01718074797709981,0.0114628824426149,0.01713522966322251,0.011441633641238045
2019-07-15,0.009239814488284934,0.0061864661696261,0.009103259546653034,0.006122719765495535
2019-07-16,-0.01557767402002389,-0.010376159146103,-0.015623192333901189,-0.010397407947479856
2019-07-17,-0.014878620755352056,-0.009910217222200434,-0.014924139069229356,-0.00993146602357729
2019-07-18,0.003310949305320194,0.0022160692371254917,0.0032654309914428945,0.0021948204357486365
2019-07-19,-0.022102377409251625,-0.014726897050379568,-0.022147895723128926,-0.014748145851756423
2019-07-22,0.02351517516355775,0.01570112773898831,0.02337862022192585,0.015637381334857745
2019-07-23,0.019512931866585065,0.013016923110357728,0.019467413552707764,0.012995674308980873
2019-07-24,0.020934324085883218,0.013964330822794304,0.020888805772005917,0.013943082021417448
2019-07-25,-0.028560542665001975,-0.019031966353354694,-0.028606060978879275,-0.01905321515473155
2019-07-26,0.030762438247500568,0.02051678115041388,0.030716919933623268,0.020495532349037025
2019-07-29,-0.010660787372094813,-0.007081163209759023,-0.010797342313726713,-0.007144909613889588
2019-07-30,-0.013070082921407869,-0.00870480606200324,-0.013115601235285169,-0.008726054863380095
2019-07-31,-0.04161032287991513,-0.027731913387309074,-0.04165584119379243,-0.02775316218868593
2019-08-01,-0.015034775316295733,-0.010014881678229472,-0.015080293630173032,-0.010036130479606328
2019-08-02,-0.044295783382421225,-0.02952231394157117,-0.044341301696298525,-0.029543562742948025
2019-08-05,-0.10636249034516425,-0.07088398260015968,-0.10649904528679614,-0.07094772900429025
2019-08-06,0.041877499373322115,0.0279262605996721,0.041831981059444814,0.027905011798295246
2019-08-07,0.016087794040316676,0.010733217249332632,0.016042275726439376,0.010711968447955777
2019-08-08,0.06517423162538044,0.04345722837197402,0.06512871331150313,0.043435979570597166
2019-08-09,-0.02832162795885355,-0.018873344684181982,-0.02836714627273085,-0.018894593485558837
2019-08-12,-0.034773657694880986,-0.023159777728278957,-0.03491021263651289,-0.023223524132409523
2019-08-13,0.0656281835163599,0.04375967592256495,0.0655826652024826,0.0437384271211881
2019-08-14,-0.0897703933516384,-0.05983937532276725,-0.08981591166551571,-0.059860624124144106
2019-08-15,-0.0035610584441430853,-0.002366859414214598,-0.0036065767580203854,-0.002388108215591453
2019-08-16,0.04803982437334644,0.03203326170042637,0.047994306059469145,0.032012012899049515
2019-08-19,0.04738839621531717,0.03161127892168912,0.04725184127368527,0.031547532517558555
2019-08-20,-0.023356673382286478,-0.015564123026031494,-0.02340219169616378,-0.015585371827408349
2019-08-21,0.02652243465079322,0.017688615662688305,0.02647691633691592,0.01766736686131145
2019-08-22,-0.009815668218991842,-0.006536505763795126,-0.009861186532869142,-0.006557754565171981
2019-08-23,-0.0950530849625884,-0.06336116973006727,-0.0950986032764657,-0.06338241853144412
2019-08-26,0.04496876305619387,0.03000099451739422,0.04483220811456197,0.029937248113263655
2019-08-27,-0.006446475381159694,-0.004290096675781453,-0.006491993695036995,-0.004311345477158308
2019-08-28,0.010621667868994766,0.007088478466598178,0.010576149555117468,0.007067229665221324
2019-08-29,0.04575360938536338,0.030509866320663433,0.04570809107148608,0.030488617519286578
2019-08-30,-0.0072994532732266245,-0.004858842118396568,-0.007344971587103925,-0.004880090919773423
2019-09-03,-0.029586201963947897,-0.019694294387613873,-0.029768275219457095,-0.019779289593121294
2019-09-04,0.04319186582541147,0.028801943770875978,0.04314634751153417,0.028780694969499122
2019-09-05,0.05484241267241606,0.03656888149714348,0.05479689435853876,0.03654763269576662
2019-09-06,-0.003085756975101642,-0.002049898267868326,-0.0031312752889789417,-0.0020711470692451814
2019-09-09,-0.006605080311116957,-0.004381848228435595,-0.006741635252748856,-0.004445594632566161
2019-09-10,-0.008743125201090685,-0.005821570585512998,-0.008788643514967984,-0.0058428193868898535
2019-09-11,0.028054273514152715,0.018709935062413852,0.028008755200275414,0.018688686261036997
2019-09-12,0.012357900327240214,0.0082457797667076,0.012312382013362915,0.008224530965330745
2019-09-13,-0.010825381143884786,-0.0072098347096111485,-0.010870899457762087,-0.007231083510988004
2019-09-16,-0.013740806760089957,-0.009138999194417597,-0.013877361701721857,-0.009202745598548162
2019-09-17,0.014283120957659575,0.009529540702194231,0.014237602643782276,0.009508291900817376
2019-09-18,-0.0013607917933246244,-0.0008997344651285677,-0.0014063101072019242,-0.0009209832665054229
2019-09-19,0.004873229758430313,0.003255905891932251,0.0048277114445530135,0.0032346570905553962
2019-09-20,-0.031849313410927484,-0.02122597653119555,-0.031894831724804784,-0.021247225332572405
2019-09-23,0.0009907935113515076,0.0006806653621538873,0.0008542385697196083,0.0006169189580233219
2019-09-24,-0.039954964407098975,-0.026629650375906495,-0.040000482720976276,-0.02665089917728335
2019-09-25,0.033564639022726765,0.022383231609919375,0.033519120708849465,0.02236198280854252
2019-09-26,-0.011158129377549059,-0.007432227739072335,-0.01120364769142636,-0.00745347654044919
2019-09-27,-0.037334128389852825,-0.024883454450054868,-0.037379646703730125,-0.024904703251431723
2019-09-30,0.028237861110408862,0.01884229330783847,0.028101306168776964,0.018778546903707904
2019-10-01,-0.024578361244054093,-0.01637914244573865,-0.02462387955793139,-0.016400391247115505
2019-10-02,-0.05168867670874126,-0.034453246763166884,-0.05173419502261856,-0.03447449556454374
2019-10-03,0.032820817879501016,0.02188613602256965,0.03277529956562372,0.021864887221192796
2019-10-04,0.04407748462212166,0.029389833331437323,0.04403196630824436,0.029368584530060467
2019-10-07,-0.009357159916293245,-0.006223295715754089,-0.009493714857925144,-0.006287042119884654
2019-10-08,-0.045045363296756694,-0.030025025059313603,-0.045090881610633994,-0.030046273860690458
2019-10-09,0.029184305537242317,0.019461140656530904,0.029138787223365017,0.01943989185515405
2019-10-10,0.023134756262203675,0.015427921047886381,0.023089237948326374,0.015406672246509526
2019-10-11,0.03853909335219411,0.02569738573568155,0.03849357503831681,0.025676136934304695
2019-10-14,-0.0006103193550446003,-0.00039290906737330587,-0.0007468742966764998,-0.0004566554715038714
2019-10-15,0.03805079758477671,0.02537185522406995,0.03800527927089941,0.025350606422693094
2019-10-16,-0.00754009395502405,-0.00502216583658888,-0.007585612268901349,-0.005043414637965735
2019-10-17,0.007828865856507649,0.005223714008380369,0.007783347542630349,0.005202465207003514
2019-10-18,-0.028927359468773953,-0.01928043620847403,-0.028972877782651254,-0.019301685009850886
2019-10-21,0.026313134725767743,0.01755550012930431,0.026176579784135845,0.017491753725173743
2019-10-22,-0.02398741172838775,-0.01598704435216468,-0.02403293004226505,-0.016008293153541537
2019-10-23,0.005689465365595479,0.003797353656459784,0.005643947051718179,0.0037761048550829287
2019-10-24,0.029087326945933478,0.019395928043351784,0.029041808632056177,0.01937467924197493
2019-10-25,0.023860298207307645,0.015911428938298916,0.023814779893430345,0.01589018013692206
2019-10-28,0.029302096854538943,0.01954814154848511,0.029165541912907045,0.019484395144354544
2019-10-29,-0.023329147387683626,-0.015548388179059618,-0.023374665701560927,-0.015569636980436473
2019-10-30,0.01444254561306318,0.009632553786363433,0.014397027299185879,0.009611304984986578
2019-10-31,0.0012754295609228796,0.0008543830745068342,0.0012299112470455797,0.000833134273129979
2019-11-01,0.027156075045058535,0.018107400151029313,0.027110556731181238,0.018086151349652458
2019-11-04,0.018286426110934423,0.012200441310991995,0.018149871169302525,0.01213669490686143
2019-11-05,0.0015590035722134268,0.0010425925346649078,0.001513485258336127,0.0010213437332880528
2019-11-06,-0.006834678143083918,-0.004552915357924714,-0.006880196456961218,-0.00457416415930157
2019-11-07,0.009969890744009282,0.006650130566804085,0.009924372430131981,0.00662888176542723
2019-11-08,0.011882591151193682,0.007925264171593685,0.011837072837316382,0.00790401537021683
2019-11-11,-0.004299003779280172,-0.0028556722389410025,-0.004435558720912071,-0.0029194186430715682
2019-11-12,0.008566751107799041,0.005714610832059066,0.008521232793921743,0.0056933620306822115
2019-11-13,0.0006507728475652716,0.0004376652627389304,0.0006052545336879718,0.0004164164613620752
2019-11-14,-0.002473441644080607,-0.001645331043248509,-0.002518959957957907,-0.0016665798446253643
2019-11-15,0.021949533029334695,0.014636652072361691,0.021904014715457394,0.014615403270984836
2019-11-18,0.002088561525899979,0.0014032645090156731,0.001952006584268079,0.0013395181048851076
2019-11-19,0.0043395634455621925,0.002896672349846691,0.004294045131684893,0.0028754235484698357
2019-11-20,-0.018089445248100508,-0.01205600011259511,-0.01813496356197781,-0.012077248913971965
2019-11-21,-0.0067705286696669075,-0.004510055726972708,-0.006816046983544207,-0.004531304528349564
2019-11-22,0.0018403449538790095,0.0012306200088013993,0.0017948266400017096,0.001209371207424544
2019-11-25,0.03524600378872173,0.023508505977794,0.03510944884708983,0.023444759573663435
2019-11-26,0.005634300853406071,0.00376020393047053,0.005588782539528771,0.003738955129093675
2019-11-27,0.020872792436713715,0.013919104985054801,0.020827274122836414,0.013897856183677946
2019-11-29,-0.01387780818797374,-0.00924367872419933,-0.01396884481572834,-0.009286176326953041
2019-12-02,-0.030996967415211685,-0.020653194850388207,-0.031133522356843583,-0.020716941254518773
2019-12-03,-0.02359157512959519,-0.0157238067258178,-0.02363709344347249,-0.015745055527194657
2019-12-04,0.015100060562117492,0.01007033709421689,0.015054542248240191,0.010049088292840035
2019-12-05,0.005837337516853743,0.0038950017714288656,0.005791819202976443,0.0038737529700520108
2019-12-06,0.03200507721925984,0.021340068267163514,0.03195955890538254,0.02131881946578666
2019-12-09,-0.01388093978449642,-0.009244189396763077,-0.014017494726128319,-0.009307935800893643
2019-12-10,-0.0025901796659081647,-0.001723436322948488,-0.0026356979797854643,-0.0017446851243253431
2019-12-11,0.01579831162778238,0.010535744489319484,0.01575279331390508,0.010514495687942629
2019-12-12,0.02230035868222509,0.01487053584095529,0.02225484036834779,0.014849287039578435
2019-12-13,0.009786390707056081,0.006527797208835285,0.00974087239317878,0.00650654840745843
2019-12-16,0.02983984762133788,0.019904121905974275,0.02970329267970598,0.01984037550184371
2019-12-17,0.001627960190517693,0.001088936846483691,0.001582441876640393,0.0010676880451068358
2019-12-18,0.0021996942662716817,0.0014699995816456852,0.0021541759523943816,0.00144875078026883
2019-12-19,0.01866399182170968,0.012446197951937684,0.01861847350783238,0.012424949150560829
2019-12-20,0.012000498791207494,0.00800396258027689,0.011954980477330193,0.007982713778900035
2019-12-23,0.007644513255120928,0.0051075122887267975,0.0075079583134890285,0.005043765884596232
2019-12-24,0.0014640139437202718,0.0009798259935089304,0.0014184956298429721,0.0009585771921320752
2019-12-26,0.026287021983836818,0.017532128068321995,0.026195985356082217,0.017489630465568288
2019-12-27,-0.0026190872551656906,-0.0017423347972284008,-0.0026646055690429907,-0.001763583598605256
2019-12-30,-0.019939049587443625,-0.013281809566546728,-0.020075604529075523,-0.013345555970677292
2019-12-31,0.005561730055674093,0.003711450089921291,0.005516211741796793,0.003690201288544436
2020-01-02,0.049909735624139584,0.033280043936479126,0.04981869899638498,0.033237546333725415
2020-01-03,-0.027570170527517666,-0.018376763564021487,-0.027615688841394963,-0.018398012365398342
2020-01-06,0.019059471879506622,0.012715805156706795,0.018922916937874724,0.01265205875257623
2020-01-07,-0.0005086131704365186,-0.0003355387094931148,-0.0005541314843138185,-0.00035678751086997
2020-01-08,0.022457584757025334,0.014975073292340511,0.022412066443148037,0.014953824490963656
2020-01-09,0.025329934940103632,0.016889973414392714,0.025284416626226335,0.01686872461301586
2020-01-10,-0.007762840698559464,-0.005171877011382687,-0.007808359012436764,-0.005193125812759543
2020-01-13,0.0343386661361383,0.022902494453729737,0.0342021111945064,0.02283874804959917
2020-01-14,-0.011905435131280106,-0.00793332670138151,-0.011950953445157406,-0.007954575502758365
2020-01-15,0.001134359828616693,0.0007598699385496909,0.0010888415147393932,0.0007386211371728358
2020-01-16,0.02865832181180979,0.019109177927345088,0.02861280349793249,0.019087929125968232
2020-01-17,0.01475460824314704,0.009839848922291065,0.01470908992926974,0.00981860012091421
2020-01-21,-0.0017108591916016745,-0.0011264258445428592,-0.0018929324471108737,-0.00121142105005028
2020-01-22,0.007835043729156482,0.005226899223568886,0.007789525415279181,0.0052056504221920305
2020-01-23,0.009557950284475442,0.006375410283176666,0.009512431970598144,0.0063541614817998115
2020-01-24,-0.025337526404114158,-0.016888240842549737,-0.02538304471799146,-0.016909489643926592
2020-01-27,-0.062239070789953096,-0.04148266349699786,-0.062375625731585,-0.04154640990112843
2020-01-28,0.045987985423222744,0.030662100375674864,0.04594246710934544,0.03064085157429801
2020-01-29,0.004785120553903893,0.003193710422074491,0.004739602240026593,0.0031724616206976358
2020-01-30,0.010592423651350682,0.007065152505031686,0.010546905337473381,0.00704390370365483
2020-01-31,-0.0476661507495809,-0.0317738037802487,-0.047711669063458195,-0.03179505258162556
2020-02-03,0.04505404702914403,0.0300463616333418,0.044917492087512126,0.029982615229211234
2020-02-04,0.0685735893370429,0.0457193562775005,0.06852807102316559,0.04569810747612364
2020-02-05,0.009798587190441393,0.006536021513099491,0.009753068876564092,0.006514772711722636
2020-02-06,0.02580396154607799,0.017206271083523888,0.025758443232200688,0.017185022282147033
2020-02-07,-0.012995245915320806,-0.008659867224075309,-0.013040764229198107,-0.008681116025452164
2020-02-10,0.03598094550165264,0.023997907213495456,0.03584439056002074,0.02393416080936489
2020-02-11,0.0004243735592150093,0.0002866390790253992,0.0003788552453377095,0.000265390277648544
2020-02-12,0.029129783269008988,0.019423485565477887,0.029084264955131688,0.019402236764101032
2020-02-13,-0.003933997844435791,-0.002618941856741801,-0.003979516158313091,-0.002640190658118656
2020-02-14,0.00849754198429787,0.00566884468722733,0.008452023670420571,0.0056475958858504755
2020-02-18,0.0007783939679198372,0.0005338228034747968,0.000596320712410638,0.0004488275979673761
2020-02-19,0.02866297418969301,0.019112372832677398,0.02861745587581571,0.019091124031300543
2020-02-20,-0.027943732785363395,-0.0186254318173602,-0.027989251099240692,-0.018646680618737057
2020-02-21,-0.05772079330801179,-0.03847680549912579,-0.05776631162188909,-0.03849805430050265
2020-02-24,-0.11596618114414897,-0.07730017721703894,-0.11610273608578087,-0.0773639236211695
2020-02-25,-0.08166602732991518,-0.05444076140008749,-0.08171154564379247,-0.05446201020146434
2020-02-26,0.015371813807954028,0.010251132691825308,0.01532629549407673,0.010229883890448453
2020-02-27,-0.15031164265459565,-0.10020450494987448,-0.15035716096847296,-0.10022575375125134
2020-02-28,0.0022483732067352883,0.0015014260523579387,0.0022028548928579882,0.0014801772509810834
2020-03-02,0.15458133419788536,0.10305700028662916,0.15444477925625344,0.1029932538824986
2020-03-03,-0.09626959360843178,-0.06418020041917004,-0.09631511192230907,-0.0642014492205469
2020-03-04,0.12510903905899512,0.0834039725099221,0.1250635207451178,0.08338272370854524
2020-03-05,-0.09119244384079266,-0.06079906159811103,-0.09123796215466996,-0.06082031039948788
2020-03-06,-0.05065735317261328,-0.03377659684252049,-0.05070287148649058,-0.033797845643897345
2020-03-09,-0.20848875680442158,-0.13901204509585938,-0.20862531174605348,-0.13907579149998994
2020-03-10,0.16332722116637113,0.10887709454101825,0.16328170285249383,0.1088558457396414
2020-03-11,-0.1306948919908719,-0.08713662711158175,-0.13074041030474917,-0.08715787591295861
2020-03-12,-0.2751035086142969,-0.18340922377288735,-0.2751490269281742,-0.1834304725742642
2020-03-13,0.2540918195023177,0.16938691950989768,0.2540463011884404,0.16936567070852082
2020-03-16,-0.359428400998356,-0.23964348367117863,-0.3595649559399879,-0.2397072300753092
2020-03-17,0.22750535412591932,0.15166177472362813,0.22745983581204204,0.15164052592225127
2020-03-18,-0.09126538482094194,-0.06085251470753642,-0.09131090313481925,-0.06087376350891328
2020-03-19,0.017998753189555773,0.01198866905607813,0.017953234875678473,0.011967420254701275
2020-03-20,-0.11753685958812465,-0.07836822091576723,-0.11758237790200195,-0.07838946971714408
2020-03-23,0.0021380997040165777,0.0013947340726083723,0.002001544762384678,0.0013309876684778068
2020-03-24,0.23230542143069488,0.15485978121683755,0.23225990311681757,0.1548385324154607
2020-03-25,-0.02222290556664746,-0.014825862714338636,-0.02226842388052476,-0.01484711151571549
2020-03-26,0.15797785447770685,0.10530751438737211,0.15793233616382954,0.10528626558599526
2020-03-27,-0.10318313123944065,-0.06879990199559093,-0.10322864955331795,-0.06882115079696778
2020-03-30,0.10909567326228455,0.07269922744353506,0.10895911832065265,0.0726354810394045
2020-03-31,-0.02563256183192292,-0.017097948037871718,-0.02567808014580022,-0.017119196839248573
2020-04-01,-0.12748130996008064,-0.08499720610309193,-0.12752682827395795,-0.08501845490446878
2020-04-02,0.060873301972553626,0.04057234990648871,0.060827783658676325,0.040551101105111856
2020-04-03,-0.04258998467887028,-0.028403174527793895,-0.04263550299274758,-0.02842442332917075
2020-04-06,0.21444853383969675,0.14293641291205975,0.21431197889806486,0.14287266650792918
2020-04-07,-0.0012369237981076087,-0.0008339113812029098,-0.0012824421119849085,-0.000855160182579765
2020-04-08,0.06368276060549753,0.042445785560695067,0.06363724229162024,0.04242453675931821
2020-04-09,0.004318409583255319,0.002870292961149654,0.004272891269378019,0.002849044159772799
2020-04-13,0.032329262350031154,0.021519366954956806,0.03214718909452196,0.021434371749449385
2020-04-14,0.13045164532867798,0.08695948761159474,0.13040612701480067,0.08693823881021788
2020-04-15,-0.03442678696339259,-0.02296002345189585,-0.03447230527726989,-0.022981272253272705
2020-04-16,0.05470617629637954,0.036461396021283066,0.05466065798250224,0.03644014721990621
2020-04-17,0.028683510588624533,0.019112952216113064,0.028637992274747233,0.01909170341473621
2020-04-20,-0.03557304513247835,-0.02374408387142154,-0.035709600074110254,-0.023807830275552107
2020-04-21,-0.11071157161183391,-0.07381728789114571,-0.1107570899257112,-0.07383853669252256
2020-04-22,0.08901037109877795,0.05933058126948047,0.08896485278490064,0.05930933246810362
2020-04-23,-0.006411687964950718,-0.004284032126556915,-0.006457206278828018,-0.00430528092793377
2020-04-24,0.047298558939558435,0.03152270649666747,0.04725304062568114,0.03150145769529061
2020-04-27,0.02409017437536444,0.016031395800473656,0.023953619433732542,0.01596764939634309
2020-04-28,-0.05651766100884972,-0.037688014155822916,-0.056563179322727024,-0.03770926295719977
2020-04-29,0.10637129300102113,0.07090452920430926,0.10632577468714383,0.0708832804029324
2020-04-30,-0.0012452022373278507,-0.0008398935963534809,-0.0012907205512051505,-0.000861142397730336
2020-05-01,-0.08456719723214978,-0.05638798289664689,-0.08461271554602709,-0.05640923169802375
2020-05-04,0.034932742930208344,0.023259774837036257,0.03479618798857644,0.02319602843290569
2020-05-05,0.03399765774048482,0.022655624328200504,0.03395213942660752,0.02263437552682365
2020-05-06,0.01845594486851672,0.012294482413555104,0.01841042655463942,0.012273233612178249
2020-05-07,0.03861688048837698,0.025735013508994882,0.038571362174499677,0.025713764707618027
2020-05-08,0.04110104223600644,0.027391028694299463,0.04105552392212915,0.027369779892922608
2020-05-11,0.026776942373947742,0.017822574466195857,0.026640387432315844,0.01775882806206529
2020-05-12,-0.06282408615935743,-0.04189229758949471,-0.06286960447323472,-0.04191354639087157
2020-05-13,-0.037561048832291076,-0.025050180053650093,-0.037606567146168376,-0.02507142885502695
2020-05-14,0.034042847203723525,0.022685750637026304,0.033997328889846225,0.02266450183564945
2020-05-15,0.01946075964906858,0.012964266282789285,0.01941524133519128,0.01294301748141243
2020-05-18,0.05585663321323524,0.03720903502572086,0.055720078271603336,0.03714528862159029
2020-05-19,-0.0075321080151875795,-0.005030886175581095,-0.007577626329064879,-0.00505213497695795
2020-05-20,0.05989096804168442,0.03991783119566691,0.05984544972780712,0.03989658239429005
2020-05-21,-0.03268576275761622,-0.021800081988333917,-0.03273128107149352,-0.021821330789710772
2020-05-22,0.010342498928162882,0.006885425802185485,0.010296980614285583,0.006864177000808631
2020-05-26,-0.008152003868507875,-0.005472963178697659,-0.008334077124017073,-0.00555795838420508
2020-05-27,0.016358480452091036,0.010896265458424063,0.016312962138213736,0.010875016657047208
2020-05-28,-0.003923228218035409,-0.0026247809944881097,-0.003968746531912709,-0.002646029795864965
2020-05-29,0.043943743952380994,0.02928653378578949,0.04389822563850369,0.029265284984412634
2020-06-01,0.008955620040668211,0.0059422488315355885,0.008819065099036313,0.0058785024274050236
2020-06-02,0.020108939909486336,0.013396571763354263,0.020063421595609036,0.013375322961977408
2020-06-03,0.013480253573737692,0.008977540200027289,0.013434735259860392,0.008956291398650434
2020-06-04,-0.021055073359657946,-0.014045918423711279,-0.021100591673535243,-0.014067167225088134
2020-06-05,0.05946702824955889,0.039635389983908094,0.05942150993568159,0.03961414118253124
2020-06-08,0.02323522123795887,0.01546226094457907,0.023098666296326974,0.015398514540448504
2020-06-09,0.021718411888481788,0.014469831078260489,0.021672893574604488,0.014448582276883634
2020-06-10,0.03598772105418516,0.023982889209214972,0.035942202740307856,0.023961640407838117
2020-06-11,-0.14866324708469783,-0.09911794157052592,-0.1487087653985751,-0.09913919037190277
2020-06-12,0.023827976232341185,0.015876207307500088,0.023782457918463885,0.015854958506123232
2020-06-15,0.03645476015455006,0.024275564884548767,0.03631820521291816,0.0242118184804182
2020-06-16,0.051502143038646274,0.03432574451960253,0.05145662472476897,0.03430449571822568
2020-06-17,0.009495232252972292,0.006321044654587491,0.009449713939094993,0.006299795853210635
2020-06-18,0.008111495307881791,0.00539855335786049,0.008065976994004492,0.005377304556483635
2020-06-19,-0.0005063312670844447,-0.00034675702866227785,-0.0005518495809617446,-0.000368005830039133
2020-06-22,0.03593306924653587,0.023927492950297072,0.03579651430490398,0.02386374654616651
2020-06-23,0.025517855441601754,0.017002700777128524,0.025472337127724457,0.01698145197575167
2020-06-24,-0.061862595422474236,-0.041250933132255474,-0.061908113736351536,-0.04127218193363233
2020-06-25,0.028543153761577088,0.01901947365858689,0.028497635447699787,0.018998224857210033
2020-06-26,-0.07086033564088906,-0.04724942661119868,-0.07090585395476635,-0.047270675412575534
2020-06-29,0.03267745268600711,0.02175680392842819,0.032540897744375206,0.021693057524297624
2020-06-30,0.058789633105416544,0.03918370056064106,0.058744114791539244,0.03916245175926421
2020-07-01,0.03500041506122626,0.023324407190211522,0.03495489674734896,0.023303158388834667
2020-07-02,0.020345793247869236,0.013554473988942863,0.020300274933991936,0.013533225187566007
2020-07-06,0.07369727534146775,0.04909396418909865,0.07351520208595855,0.04900896898359123
2020-07-07,-0.020682187904106412,-0.013797420785202111,-0.020727706217983713,-0.013818669586578966
2020-07-08,0.03950090571970819,0.02632464163067429,0.03945538740583089,0.026303392829297435
2020-07-09,0.02525454725554639,0.01682706932123309,0.025209028941669088,0.016805820519856234
2020-07-10,0.02046818415022922,0.013635975268030105,0.020422665836351918,0.01361472646665325
2020-07-13,-0.06175240115288664,-0.041196709931625886,-0.06188895609451854,-0.04126045633575645
2020-07-14,0.021219892524769135,0.014137206840209462,0.021174374210891835,0.014115958038832607
2020-07-15,0.006092386685193491,0.004052295607664491,0.006046868371316192,0.0040310468062876356
2020-07-16,-0.020483370974845948,-0.01366478350050328,-0.020528889288723245,-0.013686032301880134
2020-07-17,0.0034602388409758445,0.002297159764279067,0.003414720527098545,0.002275910962902212
2020-07-20,0.08507551995456943,0.0566880149139318,0.08493896501293753,0.056624268509801234
2020-07-21,-0.03127573318291557,-0.020859969620733092,-0.03132125149679287,-0.020881218422109948
2020-07-22,0.01055401797136442,0.007026531148786905,0.010508499657487121,0.007005282347410049
2020-07-23,-0.07837325913116339,-0.05225832025289829,-0.0784187774450407,-0.052279569054275145
2020-07-24,-0.02850110534269782,-0.019010310378388316,-0.02854662365657512,-0.01903155917976517
2020-07-27,0.05349104441890573,0.035631697890156,0.053354489477273837,0.035567951486025436
2020-07-28,-0.03818693949500655,-0.025467625793042535,-0.038232457808883846,-0.02548887459441939
2020-07-29,0.03456544978410465,0.023033967059698266,0.034519931470227354,0.02301271825832141
2020-07-30,0.015693627414307045,0.010452752146499867,0.015648109100429745,0.010431503345123012
2020-07-31,0.05352470627582692,0.03567328610867091,0.05347918796194962,0.035652037307294056
2020-08-03,0.040486558804926666,0.026961484977643318,0.040350003863294764,0.026897738573512752
2020-08-04,0.011124662200520049,0.007406682695545119,0.011079143886642748,0.007385433894168264
2020-08-05,0.007421466046210722,0.004937792622260105,0.007375947732333422,0.00491654382088325
2020-08-06,0.03972245317439365,0.026471876678127518,0.03967693486051635,0.026450627876750663
2020-08-07,-0.03463915098755165,-0.023102526096502683,-0.03468466930142895,-0.023123774897879538
2020-08-10,-0.012855370650361353,-0.008599523414645642,-0.012991925591993253,-0.008663269818776208
2020-08-11,-0.05683618948584046,-0.03790045912026513,-0.056881707799717754,-0.037921707921641984
2020-08-12,0.07544129394274635,0.05028452983212607,0.07539577562886904,0.050263281030749216
2020-08-13,0.006830345585872045,0.004543897594209867,0.006784827271994745,0.004522648792833012
2020-08-14,-0.0035355565490760503,-0.0023667964708522803,-0.00358107486295335,-0.0023880452722291356
2020-08-17,0.03479615445524595,0.02316815998909256,0.034659599513614046,0.023104413584961993
2020-08-18,0.028862770188805748,0.01923208802106892,0.028817251874928448,0.019210839219692064
2020-08-19,-0.020192695554075678,-0.013471648444597495,-0.02023821386795298,-0.01349289724597435
2020-08-20,0.041601842591398944,0.027724895597894466,0.04155632427752165,0.02770364679651761
2020-08-21,0.020779457735475744,0.013843305693945667,0.020733939421598443,0.013822056892568811
2020-08-24,0.01869484445831475,0.012433953324471758,0.018558289516682848,0.012370206920341192
2020-08-25,0.023572921538812082,0.015705707542618283,0.02352740322493478,0.015684458741241428
2020-08-26,0.06400575591053594,0.04266083781065247,0.06396023759665863,0.042639589009275614
2020-08-27,-0.009363711715793555,-0.006252140606900533,-0.009409230029670855,-0.006273389408277388
2020-08-28,0.015242850583566446,0.010152234259339466,0.015197332269689145,0.010130985457962611
2020-08-31,0.024064438039559544,0.016013682378634958,0.023927883097927642,0.015949935974504392
2020-09-01,0.051262045260344544,0.034165030710524874,0.05121652694646725,0.03414378190914802
2020-09-02,0.028393891213375082,0.018919687325660284,0.028348372899497782,0.01889843852428343
2020-09-03,-0.15211342129578462,-0.10141852101377952,-0.15215893960966193,-0.10143976981515637
2020-09-04,-0.03999160110911956,-0.026670733535784537,-0.040037119422996856,-0.026691982337161392
2020-09-08,-0.14424226810369503,-0.09620017658794934,-0.1444243413592042,-0.09628517179345676
2020-09-09,0.08811405431641862,0.05873322204548971,0.08806853600254132,0.058711973244112856
2020-09-10,-0.059824104578185315,-0.03989230986871331,-0.059869622892062616,-0.039913558670090166
2020-09-11,-0.02083280057019582,-0.013898107196720315,-0.02087831888407312,-0.01391935599809717
2020-09-14,0.052209224357999226,0.034777151182885,0.05207266941636733,0.03471340477875443
2020-09-15,0.04250765349039225,0.028328769530556665,0.042462135176514954,0.02830752072917981
2020-09-16,-0.04785330655983525,-0.031911870502928326,-0.047898824873712546,-0.03193311930430518
2020-09-17,-0.04687798067361792,-0.03126156059900172,-0.04692349898749522,-0.031282809400378565
2020-09-18,-0.03830020707372308,-0.025543322791029097,-0.03834572538760038,-0.025564571592405952
2020-09-21,0.007158587476387349,0.004743115336520157,0.007022032534755449,0.004679368932389592
2020-09-22,0.05572395091145696,0.03713954183616972,0.05567843259757966,0.03711829303479287
2020-09-23,-0.09161542593135126,-0.061086709392369085,-0.09166094424522855,-0.06110795819374594
2020-09-24,0.013955932912138943,0.009294289145054466,0.013910414598261643,0.00927304034367761
2020-09-25,0.06973413198510743,0.046479662551936717,0.06968861367123014,0.04645841375055986
2020-09-28,0.062271300498343944,0.041484924017824554,0.06213474555671204,0.04142117761369399
2020-09-29,-0.013541387040017856,-0.009037257489716734,-0.013586905353895156,-0.00905850629109359
2020-09-30,0.02053527059889832,0.013680328990718506,0.02048975228502102,0.01365908018934165
2020-10-01,0.047605183374134954,0.03172703014462172,0.047559665060257654,0.031705781343244865
2020-10-02,-0.08440403020547618,-0.05627920487886449,-0.08444954851935349,-0.05630045368024134
2020-10-05,0.06394324831305366,0.04259927798306132,0.06380669337142177,0.04253553157893075
2020-10-06,-0.053552154961169454,-0.03571119541224788,-0.053597673275046755,-0.03573244421362474
2020-10-07,0.051884450962217346,0.03457987520334332,0.051838932648340046,0.03455862640196646
2020-10-08,0.01595659471847485,0.01062797104084832,0.01591107640459755,0.010606722239471464
2020-10-09,0.04582910191077923,0.030542883198639105,0.045783583596901926,0.03052163439726225
2020-10-12,0.09257560766157373,0.061687795459977754,0.09243905271994184,0.06162404905584719
2020-10-13,-0.0001150616063483342,-8.646650903380317e-05,-0.00016057992022563402,-0.00010771531041065834
2020-10-14,-0.025070400235126356,-0.016723266286455735,-0.025115918549003656,-0.01674451508783259
2020-10-15,-0.02014586994062202,-0.013440153443671115,-0.020191388254499322,-0.01346140224504797
2020-10-16,-0.016454960425732957,-0.010979639746860134,-0.016500478739610257,-0.011000888548236989
2020-10-19,-0.049014466458267174,-0.0327053093612926,-0.04915102139989907,-0.03276905576542317
2020-10-20,0.006435290110443146,0.004280527277257268,0.006389771796565845,0.004259278475880412
2020-10-21,-0.0023325031445472506,-0.001564760867833081,-0.00237802145842455,-0.0015860096692099362
2020-10-22,-0.00011680649427548066,-8.76297676519008e-05,-0.00016232480815278047,-0.00010887856902875597
2020-10-23,0.005899721381691223,0.003923296179247106,0.005854203067813923,0.0039020473778702503
2020-10-26,-0.045025229384817754,-0.03004609590428324,-0.045161784326449655,-0.030109842308413806
2020-10-27,0.023412944728719146,0.015598963689441267,0.023367426414841845,0.015577714888064411
2020-10-28,-0.11697281951812386,-0.07799163845021748,-0.11701833783200115,-0.07801288725159433
2020-10-29,0.052447796199452945,0.03495543869483372,0.052402277885575645,0.03493418989345686
2020-10-30,-0.07609988915854808,-0.05074311084757909,-0.07614540747242539,-0.050764359648955946
2020-11-02,0.0066476286088926655,0.004402198180287316,0.006511073667260767,0.004338451776156751
2020-11-03,0.05188065000234922,0.03457724859301911,0.05183513168847192,0.034555999791642256
2020-11-04,0.13390425855855656,0.08925974693423612,0.13385874024467925,0.08923849813285926
2020-11-05,0.07820027011038114,0.05212375463545252,0.07815475179650384,0.05210250583407566
2020-11-06,0.0022302193088480494,0.0014770541010971192,0.00218470099497075,0.001455805299720264
2020-11-09,-0.061337944587216454,-0.040921239372549045,-0.061474499528848356,-0.04098498577667961
2020-11-10,-0.05375649607323166,-0.03584733017852593,-0.05380201438710895,-0.03586857897990278
2020-11-11,0.06709614010009794,0.04472100129526372,0.06705062178622065,0.044699752493886864
2020-11-12,-0.01409350493110415,-0.00940542872553768,-0.01413902324498145,-0.009426677526914536
2020-11-13,0.026305910504061548,0.01752751489790612,0.026260392190184247,0.017506266096529263
2020-11-16,0.023372517095336165,0.015552123837916315,0.023235962153704267,0.01548837743378575
2020-11-17,-0.009526292673691279,-0.006360713191007895,-0.009571810987568577,-0.00638196199238475
2020-11-18,-0.02218348957189148,-0.014798844456474695,-0.02222900788576878,-0.01482009325785155
2020-11-19,0.02346248489530432,0.015631805188322502,0.02341696658142702,0.015610556386945647
2020-11-20,-0.02053255737204759,-0.01369840825001725,-0.02057807568592489,-0.013719657051394106
2020-11-23,7.267936809739507e-05,1.8342906108359075e-05,-6.387557353450439e-05,-4.540349802220643e-05
2020-11-24,0.0421388434678633,0.028082618270967294,0.042093325153986,0.02806136946959044
2020-11-25,0.01842811077818362,0.012275555776908705,0.01838259246430632,0.01225430697553185
2020-11-27,0.027619928307350244,0.01839358272113941,0.027528891679595647,0.0183510851183857
2020-11-30,0.006085887069339966,0.004027703820585516,0.005949332127708067,0.003963957416454951
2020-12-01,0.038437027010741504,0.025614740632886095,0.0383915086968642,0.02559349183150924
2020-12-02,0.003843642848007522,0.0025525771567913055,0.0037981245341302218,0.0025313283554144503
2020-12-03,0.004234665875380122,0.0028132591750397056,0.004189147561502822,0.0027920103736628504
2020-12-04,0.012214036181750501,0.008132746746892093,0.0121685178678732,0.008111497945515238
2020-12-07,0.016953213362916362,0.011272588016303115,0.016816658421284464,0.01120884161217255
2020-12-08,0.010143468897873702,0.006752368557640895,0.010097950583996401,0.00673111975626404
2020-12-09,-0.06793481065303689,-0.04529972517723829,-0.0679803289669142,-0.04532097397861515
2020-12-10,0.012036472540303,0.008014370985927093,0.0119909542264257,0.007993122184550238
2020-12-11,-0.006654684794225299,-0.004446400570425105,-0.006700203108102599,-0.0044676493718019605
2020-12-14,0.021732702743069095,0.014458636372554682,0.021596147801437197,0.014394889968424116
2020-12-15,0.03205572265825102,0.021360630363620303,0.03201020434437372,0.021339381562243447
2020-12-16,0.016488766126254696,0.010982566709894894,0.0164432478123774,0.010961317908518039
2020-12-17,0.019602048185721824,0.013058180715267506,0.019556529871844523,0.01303693191389065
2020-12-18,-0.0090789439025696,-0.0060625733093213055,-0.0091244622164469,-0.006083822110698161
2020-12-21,-0.0056458939833522,-0.0037937614450595167,-0.005782448924984099,-0.003857507849190082
2020-12-22,0.008146417798056822,0.0054210937901575055,0.008100899484179523,0.005399844988780651
2020-12-23,-0.015120787943955678,-0.010090376704517495,-0.015166306257832976,-0.01011162550589435
2020-12-24,0.01322696508533692,0.008808125315010904,0.013181446771459621,0.00878687651363405
2020-12-28,0.030189505733225087,0.02008693152129522,0.030007432477715888,0.0200019363157878
2020-12-29,0.0026738427186907446,0.0017728956827556667,0.002628324404813445,0.0017516468813788114
2020-12-30,8.365384219444025e-05,4.601045666137981e-05,3.813552831714043e-05,2.4761655284524636e-05
2020-12-31,0.0073691114645866,0.004902796935449495,0.007323593150709301,0.00488154813407264
2021-01-04,-0.042405130686104714,-0.02830949275825798,-0.04258720394161391,-0.0283944879637654
2021-01-05,0.02471985232414102,0.016470050140880304,0.02467433401026372,0.01644880133950345
2021-01-06,-0.04156778306016188,-0.027721706781988296,-0.04161330137403918,-0.02774295558336515
2021-01-07,0.07256492004929213,0.04836676195764771,0.07251940173541482,0.04834551315627086
2021-01-08,0.03856213896018952,0.025698241231579304,0.03851662064631222,0.02567699243020245
2021-01-11,-0.0433826185313127,-0.028951577810366516,-0.0435191734729446,-0.029015324214497082
2021-01-12,-0.004782297742342699,-0.003198142535836705,-0.004827816056219999,-0.0032193913372135603
2021-01-13,0.020248345775656422,0.013489045775223906,0.02020282746177912,0.01346779697384705
2021-01-14,-0.016053939601440678,-0.010712477809507496,-0.01609945791531798,-0.01073372661088435
2021-01-15,-0.023776112129133678,-0.015860592827969495,-0.02382163044301098,-0.01588184162934635
2021-01-19,0.043724695309408486,0.02911039123875082,0.04354262205389929,0.0290253960332434
2021-01-20,0.06977152476579351,0.04650449843531531,0.0697260064519162,0.046483249633938455
2021-01-21,0.023986509521349397,0.015981062306624695,0.0239409912074721,0.01595981350524784
2021-01-22,-0.00865215868508738,-0.005777957198605295,-0.008697676998964678,-0.00579920599998215
2021-01-25,0.0247657275951945,0.016480652940638284,0.0246291726535626,0.01641690653650772
2021-01-26,0.004377323227307022,0.002908364076324306,0.004331804913429722,0.0028871152749474507
2021-01-27,-0.0836403593528914,-0.055770276237246445,-0.0836858776667687,-0.0557915250386233
2021-01-28,0.017740379775754298,0.011816975809561293,0.017694861461877,0.011795727008184438
2021-01-29,-0.06312633632303019,-0.04209426088400565,-0.0631718546369075,-0.0421155096853825
2021-02-01,0.07493204766527815,0.04992431056848101,0.07479549272364626,0.049860564164350446
2021-02-02,0.04893171875056581,0.032611109165058355,0.04888620043668851,0.0325898603636815
2021-02-03,-0.011912523004245994,-0.007951718671482852,-0.011958041318123292,-0.007972967472859707
2021-02-04,0.03547162963149586,0.023637438563979773,0.03542611131761856,0.023616189762602918
2021-02-05,0.010165917019152763,0.006766963489084376,0.010120398705275462,0.006745714687707521
2021-02-08,0.02007470005385166,0.013351911971246464,0.019938145112219762,0.013288165567115899
2021-02-09,-0.000639260147660641,-0.0004363953417968759,-0.0006847784615379407,-0.00045764414317373106
2021-02-10,-0.0068450891679625375,-0.004573707302325824,-0.006890607481839837,-0.004594956103702679
2021-02-11,0.01648893170506086,0.010982399226684123,0.016443413391183558,0.010961150425307268
2021-02-12,0.016757648521520455,0.011161543770990523,0.016712130207643155,0.011140294969613667
2021-02-16,-0.008148507384503052,-0.005473596351071898,-0.00833058064001225,-0.005558591556579318
2021-02-17,-0.014404133382765137,-0.009613070112194224,-0.014449651696642437,-0.00963431891357108
2021-02-18,-0.013124710952230336,-0.008760121825171024,-0.013170229266107636,-0.00878137062654788
2021-02-19,-0.01309186871122948,-0.008738319606815646,-0.013137387025106778,-0.008759568408192501
2021-02-22,-0.07778672146453991,-0.05188875788074567,-0.07792327640617182,-0.05195250428487624
2021-02-23,-0.00894068993084818,-0.005970867086561445,-0.008986208244725478,-0.0059921158879383
2021-02-24,0.02472123031038496,0.016470505683239173,0.02467571199650766,0.016449256881862318
2021-02-25,-0.10459617967154398,-0.06974119358035866,-0.10464169798542129,-0.06976244238173551
2021-02-26,0.012554378320168962,0.008359271023095175,0.012508860006291662,0.00833802222171832
2021-03-01,0.09022043272767649,0.06011601158073193,0.09008387778604458,0.060052265176601366
2021-03-02,-0.04812609213905004,-0.03209428333605647,-0.04817161045292734,-0.032115532137433324
2021-03-03,-0.08706835765047255,-0.058055886290665826,-0.08711387596434984,-0.05807713509204268
2021-03-04,-0.049111095662980435,-0.03275095235201007,-0.049156613976857735,-0.03277220115338692
2021-03-05,0.04517393328165856,0.030105640997421572,0.04512841496778126,0.030084392196044717
2021-03-08,-0.0849685879196161,-0.05667666885079647,-0.08510514286124801,-0.05674041525492703
2021-03-09,0.11831434785200257,0.07886600999131192,0.11826882953812526,0.07884476118993507
2021-03-10,-0.00857353101458934,-0.005725909253082676,-0.00861904932846664,-0.00574715805445953
2021-03-11,0.06908586919875616,0.04604693160881998,0.06904035088487886,0.046025682807443125
2021-03-12,-0.02434591246909814,-0.016240922836416226,-0.02439143078297544,-0.01626217163779308
2021-03-15,0.03202199987546179,0.02131705634592213,0.03188544493382989,0.021253309941791563
2021-03-16,0.01645791345973606,0.010961627782806575,0.01641239514585876,0.01094037898142972
2021-03-17,0.012344692118356175,0.00821929500861173,0.012299173804478874,0.008198046207234876
2021-03-18,-0.09189886805425383,-0.061276411773128266,-0.09194438636813113,-0.06129766057450512
2021-03-19,0.010567680102660343,0.007034527731866566,0.010522161788783043,0.007013278930489711
2021-03-22,0.056238282293536626,0.0374604111859701,0.05610172735190473,0.037396664781839534
2021-03-23,-0.013095110269060179,-0.008740480645369446,-0.013140628582937477,-0.0087617294467463
2021-03-24,-0.05060345536925816,-0.03374622924941243,-0.05064897368313545,-0.033767478050789286
2021-03-25,-0.005202872677403427,-0.0034790815218946687,-0.005248390991280726,-0.003500330323271524
2021-03-26,0.04499323419804238,0.029984989728402533,0.04494771588416508,0.029963740927025678
2021-03-29,-0.0008769598792560814,-0.0006161391303812072,-0.0010135148208879807,-0.0006798855345117727
2021-03-30,-0.01510807557207328,-0.010082457514044846,-0.015153593885950578,-0.010103706315421701
2021-03-31,0.045900475331862284,0.030589817150949133,0.04585495701798498,0.030568568349572278
2021-04-01,0.05113081026229022,0.03407679970886416,0.05108529194841292,0.034055550907487304
2021-04-05,0.05986456796079259,0.03986771302602552,0.05968249470528339,0.0397827178205181
2021-04-06,-0.002093160031190079,-0.001405847153456045,-0.002138678345067379,-0.0014270959548329002
2021-04-07,0.007248065990148572,0.004821544256473331,0.007202547676271273,0.004800295455096476
2021-04-08,0.03129292223581858,0.020851448420253334,0.031247403921941277,0.02083019961887648
2021-04-09,0.01816728712886314,0.012100932416001764,0.01812176881498584,0.012079683614624909
2021-04-12,-0.003938352115780581,-0.002657067288064207,-0.004074907057412481,-0.0027208136921947723
2021-04-13,0.035011455466285174,0.02333047057389773,0.034965937152407874,0.023309221772520875
2021-04-14,-0.03603335714524197,-0.024032645229490644,-0.036078875459119274,-0.0240538940308675
2021-04-15,0.04545982050122488,0.030296047263857533,0.04541430218734758,0.030274798462480677
2021-04-16,0.003504632040729873,0.002325921623527531,0.0034591137268525736,0.002304672822150676
2021-04-19,-0.027478457601508584,-0.018350470945216205,-0.027615012543140482,-0.01841421734934677
2021-04-20,-0.02187343190324733,-0.01459278767245727,-0.02191895021712463,-0.014614036473834125
2021-04-21,0.02567449242998192,0.017105921153991954,0.025628974116104618,0.0170846723526151
2021-04-22,-0.03617217177329277,-0.024125188314857843,-0.036217690087170074,-0.0241464371162347
2021-04-23,0.037760620741232424,0.025163340028158957,0.037715102427355124,0.025142091226782102
2021-04-26,0.019508101834075562,0.012974179824729065,0.019371546892443664,0.0129104334205985
2021-04-27,-0.013004776743148478,-0.008680258294761645,-0.013050295057025776,-0.0087015070961385
2021-04-28,-0.010149779756896158,-0.006777112174504434,-0.010195298070773458,-0.00679836097588129
2021-04-29,0.010789257847454442,0.007182246228395966,0.010743739533577141,0.007160997427019111
2021-04-30,-0.019670589011629457,-0.013124318344326634,-0.019716107325506757,-0.01314556714570349
2021-05-03,-0.015998346459213473,-0.010697341315863303,-0.016134901400845374,-0.010761087719993869
2021-05-04,-0.053995823283306134,-0.03600753004588822,-0.054041341597183434,-0.036028778847265075
2021-05-05,-0.010095116048509227,-0.0067405771026318685,-0.010140634362386528,-0.006761825904008724
2021-05-06,0.02260507518478317,0.01505955038622973,0.02255955687090587,0.015038301584852875
2021-05-07,0.024335310867393274,0.016213040841303133,0.024289792553515974,0.016191792039926278
2021-05-10,-0.07578511412487159,-0.050554908627458206,-0.0759216690665035,-0.05061865503158877
2021-05-11,-0.004152458982154527,-0.002778805725062069,-0.004197977296031827,-0.0028000545264389243
2021-05-12,-0.07765609837576196,-0.05178132458708163,-0.07770161668963926,-0.051802573388458485
2021-05-13,0.02318583464348247,0.01544672335869593,0.02314031632960517,0.015425474557319074
2021-05-14,0.06622289402990397,0.044138096282976935,0.06617737571602668,0.04411684748160008
2021-05-17,-0.018219897679526875,-0.012178375462738903,-0.018356452621158776,-0.012242121866869468
2021-05-18,-0.020259692189929228,-0.01351696119691187,-0.02030521050380653,-0.013538209998288725
2021-05-19,0.003436069385433273,0.0022802131866631313,0.0033905510715559733,0.002258964385286276
2021-05-20,0.05802340448949243,0.03867167732308797,0.05797788617561514,0.03865042852171111
2021-05-21,-0.01661124135567986,-0.011084753240360234,-0.01665675966955716,-0.01110600204173709
2021-05-24,0.050435544912221214,0.033591919598426494,0.05029898997058932,0.03352817319429593
2021-05-25,0.004142988709923873,0.002751492736323531,0.004097470396046574,0.002730243934946676
2021-05-26,0.010443304455224673,0.0069517032331907315,0.010397786141347372,0.006930454431813876
2021-05-27,-0.011230528977835526,-0.0074975190555160685,-0.011276047291712827,-0.007518767856892924
2021-05-28,0.009454514338582172,0.006292509822095731,0.009408996024704871,0.006271261020718876
2021-06-01,-0.010000051884329833,-0.006709070602514538,-0.010182125139839033,-0.006794065808021959
2021-06-02,0.005851422450887973,0.0038904485636329315,0.005805904137010673,0.003869199762256076
2021-06-03,-0.031225000900809333,-0.02082716700416527,-0.03127051921468663,-0.020848415805542125
2021-06-04,0.05090105193932218,0.03392353488925573,0.05085553362544488,0.033902286087878875
2021-06-07,0.008916113065384718,0.005912576166045992,0.008779558123752819,0.005848829761915426
2021-06-08,0.001419386976675273,0.0009357582474911309,0.001373868662797973,0.0009145094461142757
2021-06-09,0.0007041086959034728,0.00045890606030993096,0.000658590382026173,0.0004376572589330758
2021-06-10,0.03125284781921913,0.020824824746816756,0.031207329505341823,0.0208035759454399
2021-06-11,0.00783715354607852,0.005214361898056355,0.007791635232201222,0.0051931130966794995
2021-06-14,0.02872315431780396,0.01911754814721467,0.028586599376172063,0.019053801743084103
2021-06-15,-0.01960146951867658,-0.013078053478447045,-0.01964698783255388,-0.0130993022798239
2021-06-16,-0.010964774096750379,-0.007320256530496245,-0.011010292410627677,-0.0073415053318731
2021-06-17,0.03808427034680116,0.025379199040849974,0.03803875203292386,0.02535795023947312
2021-06-18,-0.023551128878194938,-0.015711067109147426,-0.02359664719207224,-0.01573231591052428
2021-06-21,0.018616934003974076,0.012380623605913372,0.018480379062342175,0.012316877201782806
2021-06-22,0.027955789406125555,0.018626971027393923,0.027910271092248255,0.018605722226017068
2021-06-23,0.0014587580177074621,0.0009621908214541754,0.0014132397038301623,0.0009409420200773204
2021-06-24,0.018539219076447656,0.012349257474275323,0.018493700762570356,0.012328008672898468
2021-06-25,-0.0036969193705100405,-0.0024748348236964756,-0.0037424376843873406,-0.002496083625073331
2021-06-28,0.03645534535341506,0.024273175693905615,0.03631879041178317,0.02420942928977505
2021-06-29,0.01084665804322956,0.007220883452129924,0.01080113972935226,0.0071996346507530685
2021-06-30,-0.004740912158089338,-0.0031709226290770245,-0.004786430471966638,-0.0031921714304538797
2021-07-01,0.0011756106855954592,0.000773518547040524,0.0011300923717181594,0.0007522697456636689
2021-07-02,0.03442591202350746,0.022940386105648525,0.03438039370963016,0.02291913730427167
2021-07-06,0.012929146881257337,0.008578543614079098,0.012747073625748137,0.008493548408571677
2021-07-07,0.006319916823953159,0.004203055972612324,0.00627439851007586,0.004181807171235469
2021-07-08,-0.018127904332289942,-0.012095491464883076,-0.018173422646167243,-0.012116740266259932
2021-07-09,0.018720958303016986,0.012470509576998738,0.018675439989139685,0.012449260775621883
2021-07-12,0.011688078257677462,0.007761664296747213,0.011551523316045562,0.007697917892616648
2021-07-13,-9.353471368157258e-06,-1.645755760188685e-05,-5.4871785245457074e-05,-3.770635897874202e-05
2021-07-14,0.0053704542372081596,0.0035700809147823243,0.00532493592333086,0.003548832113405469
2021-07-15,-0.021080087070943814,-0.014063520672308462,-0.021125605384821115,-0.014084769473685317
2021-07-16,-0.02430761350776624,-0.016215297581867277,-0.02435313182164354,-0.016236546383244132
2021-07-19,-0.024608355446585524,-0.016436236027793028,-0.024744910388217425,-0.016499982431923594
2021-07-20,0.03483991320983916,0.023216386896536323,0.03479439489596186,0.023195138095159468
2021-07-21,0.023151626311065956,0.015424195630687523,0.023106107997188655,0.015402946829310668
2021-07-22,0.019821541865964656,0.013204139333953323,0.019776023552087355,0.013182890532576468
2021-07-23,0.035022610055763057,0.02333818479381892,0.034977091741885756,0.023316935992442066
2021-07-26,0.0023352244288459777,0.0015261505558279724,0.002198669487214078,0.0014624041516974069
2021-07-27,-0.033063921733964344,-0.022052836399332677,-0.033109440047841644,-0.022074085200709533
2021-07-28,0.011515652277501358,0.007666879608311124,0.01147013396362406,0.007645630806934269
2021-07-29,0.005321598516024359,0.003537510433993124,0.005276080202147059,0.003516261632616269
2021-07-30,-0.015644908061684712,-0.010440067999469062,-0.015690426375562012,-0.010461316800845917
2021-08-02,0.00021609580911440403,0.00011367599770517602,7.954086748250457e-05,4.99295935746105e-05
2021-08-03,0.018174909413527857,0.012106384365662123,0.018129391099650557,0.012085135564285268
2021-08-04,0.004325437994428859,0.0028734034195961244,0.00427991968055156,0.002852154618219269
2021-08-05,0.019019516796303357,0.012669455954179122,0.018973998482426056,0.012648207152802267
2021-08-06,-0.013156314143705944,-0.008781098005827078,-0.013201832457583242,-0.008802346807203933
2021-08-09,0.005513337408879561,0.0036451703975486143,0.005376782467247662,0.003581423993418049
2021-08-10,-0.015386788949529313,-0.010267988591365462,-0.015432307263406614,-0.010289237392742318
2021-08-11,-0.005162073223794841,-0.0034516040592196756,-0.0052075915376721404,-0.003472852860596531
2021-08-12,0.010804034758816259,0.007192467929187724,0.01075851644493896,0.00717121912781087
2021-08-13,0.010519772235578989,0.007003052198706739,0.010474253921701688,0.006981803397329883
2021-08-16,0.0012721913750603612,0.0008177397083358142,0.0011356364334284617,0.0007539933042052487
2021-08-17,-0.026434301825294416,-0.017632997175208866,-0.026479820139171717,-0.01765424597658572
2021-08-18,-0.028884612780013592,-0.019266445188661253,-0.028930131093890893,-0.01928769399003811
2021-08-19,0.014483959593864207,0.009645936393923948,0.014438441279986908,0.009624687592547093
2021-08-20,0.031065782040352787,0.020700392068555937,0.031020263726475487,0.02067914326717908
2021-08-23,0.044841178397916175,0.029863453201874772,0.04470462345628428,0.029799706797744206
2021-08-24,0.00915361142128926,0.006092185704169724,0.00910809310741196,0.00607093690279287
2021-08-25,0.0034368323397669593,0.0022809996498215244,0.003391314025889659,0.002259750848444669
2021-08-26,-0.019059978096539414,-0.012716781356038862,-0.019105496410416714,-0.012738030157415717
2021-08-27,0.02915162715181146,0.019424196191184524,0.029106108837934158,0.01940294738980767
2021-08-30,0.03363876940083708,0.022395180537155373,0.03350221445920518,0.022331434133024807
2021-08-31,-0.0024557159223380404,-0.0016473658582484758,-0.0025012342362153404,-0.001668614659625331
2021-09-01,0.004965634020080562,0.0033001081563695757,0.004920115706203263,0.0032788593549927204
2021-09-02,-0.001428196118149141,-0.000962352655455876,-0.0014737144320264408,-0.0009836014568327311
2021-09-03,0.00921773553791226,0.006134935115251724,0.00917221722403496,0.00611368631387487
2021-09-07,0.004208564767610337,0.002764822204981096,0.004026491512101138,0.0026798269994736754
2021-09-08,-0.010451292267460142,-0.006977750088329876,-0.01049681058133744,-0.00699899888970673
2021-09-09,-0.010330940788895042,-0.006897515769286476,-0.01037645910277234,-0.006918764570663331
2021-09-10,-0.02277668667330014,-0.015194772305884225,-0.02282220498717744,-0.01521602110726108
2021-09-13,-0.002099463923374322,-0.0014303083456522275,-0.002236018865006222,-0.001494054749782793
2021-09-14,-0.008539139059029012,-0.005702888664365261,-0.008584657372906312,-0.0057241374657421165
2021-09-15,0.022295034971152962,0.014853042123751175,0.02224951665727566,0.01483179332237432
2021-09-16,0.002054107299330162,0.0013590903425359756,0.0020085889854528625,0.0013378415411591205
2021-09-17,-0.03553535736444674,-0.023700552766648626,-0.03558087567832404,-0.02372180156802548
2021-09-20,-0.06201561222487722,-0.04137468505430387,-0.06215216716650912,-0.041438431458434434
2021-09-21,0.0036826717019911625,0.002444799944309976,0.003637153388113863,0.0024235511429331206
2021-09-22,0.02801280712960472,0.018664797620407157,0.02796728881572742,0.0186435488190303
2021-09-23,0.027672929688758716,0.018438212659843155,0.027627411374881415,0.0184169638584663
2021-09-24,0.0028064955253269213,0.0018605898842219552,0.0027609772114496212,0.0018393410828451
2021-09-27,-0.02397111049527534,-0.01601196172817153,-0.024107665436907236,-0.016075708132302097
2021-09-28,-0.08490148648024905,-0.056611305510516824,-0.08494700479412634,-0.05663255431189368
2021-09-29,-0.004927400638057937,-0.003295248282389424,-0.004972918951935237,-0.0033164970837662794
2021-09-30,-0.011031143403999136,-0.007364410126350224,-0.011076661717876437,-0.007385658927727079
2021-10-01,0.01859703615225286,0.012387709577817775,0.01855151783837556,0.01236646077644092
2021-10-04,-0.062994893420662,-0.042027539184827066,-0.06313144836229391,-0.04209128558895763
2021-10-05,0.04048763823882106,0.026981444302196574,0.04044211992494376,0.02696019550081972
2021-10-06,0.019215227443251763,0.012799837105150376,0.019169709129374463,0.01277858830377352
2021-10-07,0.02751652720383406,0.018334036945538573,0.02747100888995676,0.018312788144161717
2021-10-08,-0.014969884316743141,-0.009990144787851877,-0.01501540263062044,-0.010011393589228732
2021-10-11,-0.02303714548817802,-0.015388762722188027,-0.023173700429809922,-0.015452509126318592
2021-10-12,-0.010472206700795341,-0.006991693043886676,-0.01051772501467264,-0.00701294184526353
2021-10-13,0.024014099259728985,0.015999270214806734,0.023968580945851685,0.01597802141342988
2021-10-14,0.05524002503245476,0.03681646144494673,0.05519450671857746,0.03679521264356987
2021-10-15,0.018892347710010655,0.012584676563317323,0.018846829396133354,0.012563427761940468
2021-10-18,0.030139580157970077,0.02006238770857737,0.030003025216338176,0.019998641304446806
2021-10-19,0.022692555412899287,0.015118240983586937,0.022647037099021987,0.015096992182210082
2021-10-20,-0.003924506090793541,-0.0026265593038854755,-0.00397002440467084,-0.0026478081052623307
2021-10-21,0.018312123143097957,0.012197860185375524,0.018266604829220656,0.012176611383998668
2021-10-22,-0.02521833715130911,-0.016822354059218662,-0.025263855465186412,-0.016843602860595518
2021-10-25,0.030684535559824158,0.020425969164845015,0.03054798061819226,0.02036222276071445
2021-10-26,0.009435751569337788,0.006280371754545939,0.009390233255460487,0.006259122953169083
2021-10-27,0.0069541084040096865,0.0046259429776605385,0.006908590090132387,0.004604694176283683
2021-10-28,0.033305886491739586,0.022193795036147136,0.03326036817786229,0.02217254623477028
2021-10-29,0.014746644954220187,0.009820967344467538,0.014701126640342886,0.009799718543090682
2021-11-01,0.010228611002421777,0.006788408271545172,0.010092056060789877,0.006724661867414607
2021-11-02,0.012534915291606358,0.008346388284381123,0.012489396977729059,0.008325139483004267
2021-11-03,0.03183800707017666,0.021215116136761324,0.03179248875629936,0.02119386733538447
2021-11-04,0.03844566175186656,0.025620219257887922,0.03840014343798926,0.025598970456511067
2021-11-05,0.002854231383333162,0.0018925063985379756,0.0028087130694558625,0.0018712575971611206
2021-11-08,-0.004092149026098723,-0.0027587650808018277,-0.004228703967730622,-0.002822511484932393
2021-11-09,-0.02065998332878021,-0.013783451510866062,-0.02070550164265751,-0.013804700312242917
2021-11-10,-0.04409950910594174,-0.029409987260978626,-0.04414502741981904,-0.02943123606235548
2021-11-11,0.008308510105541159,0.005528784827004324,0.00826299179166386,0.005507536025627468
2021-11-12,0.03155827517961876,0.021028628209722722,0.03151275686574146,0.021007379408345867
2021-11-15,-0.0007118227847161226,-0.0005052142532134277,-0.0008483777263480219,-0.0005689606573439932
2021-11-16,0.021352584710922957,0.014224834563925523,0.021307066397045656,0.014203585762548668
2021-11-17,0.0015759632928309595,0.0010404202851975243,0.0015304449789536596,0.001019171483820669
2021-11-18,0.031075687922347855,0.020706903371542122,0.031030169608470555,0.020685654570165267
2021-11-19,0.016716947319798656,0.011134409636509322,0.016671429005921355,0.011113160835132467
2021-11-22,-0.03485588451306192,-0.023267922072110626,-0.03499243945469382,-0.023331668476241192
2021-11-23,-0.013682581439368142,-0.009131942869601877,-0.01372809975324544,-0.009153191670978732
2021-11-24,0.009650383486460988,0.006423459699294739,0.009604865172583688,0.0064022108979178835
2021-11-26,-0.056896123352621134,-0.03795100748510593,-0.056987159980375734,-0.03799350508785964
2021-11-29,0.06507793250773136,0.043354900463449815,0.06494137756609947,0.04329115405931925
2021-11-30,-0.04406910083428232,-0.029389529847867465,-0.04411461914815961,-0.02941077864924432
2021-12-01,-0.051048403291539236,-0.03404249077104927,-0.05109392160541654,-0.03406373957242612
2021-12-02,0.021612479099163584,0.014398190107763137,0.021566960785286284,0.014376941306386282
2021-12-03,-0.05217575982533934,-0.03479406179358267,-0.05222127813921664,-0.03481531059495953
2021-12-06,0.02400854479911236,0.015975308657703816,0.02387198985748046,0.01591156225357325
2021-12-07,0.09033247679340659,0.06021152190392514,0.09028695847952928,0.060190273102548285
2021-12-08,0.013412309763274488,0.008931410550503737,0.013366791449397187,0.008910161749126882
2021-12-09,-0.04415323619376309,-0.02944552746449425,-0.04419875450764039,-0.029466776265871106
2021-12-10,0.03260147375325299,0.021724186543822736,0.03255595543937569,0.02170293774244588
2021-12-13,-0.04337000289584585,-0.028943723138934986,-0.04350655783747774,-0.029007469543065552
2021-12-14,-0.031060378888385344,-0.020717141168946678,-0.031105897202262645,-0.020738389970323533
2021-12-15,0.06838302076069896,0.04557845859710953,0.06833750244682166,0.045557209795732675
2021-12-16,-0.0771542879538042,-0.051446321260882055,-0.07719980626768151,-0.05146757006225891
2021-12-17,-0.01497581777571714,-0.009994100427167876,-0.01502133608959444,-0.010015349228544732
2021-12-20,-0.02912984468310012,-0.019450562185469426,-0.02926639962473202,-0.01951430858959999
2021-12-21,0.06713045759504961,0.044743601728047554,0.0670849392811723,0.0447223529266707
2021-12-22,0.03652518984812571,0.024340089896764946,0.03647967153424841,0.02431884109538809
2021-12-23,0.0226062000632341,0.015060856001214493,0.0225606817493568,0.015039607199837638
2021-12-27,0.0495378050353825,0.03298542719315537,0.0493557317798733,0.03290043198764795
2021-12-28,-0.013913984203568713,-0.009286118760725062,-0.013959502517446013,-0.009307367562101918
2021-12-29,-0.0004579611279615128,-0.0003154367103202619,-0.0005034794418388126,-0.00033668551169711706
2021-12-30,-0.008974543400411941,-0.005993250843631076,-0.00902006171428924,-0.006014499645007931
2021-12-31,-0.018743599086233343,-0.012505954634178676,-0.018789117400110644,-0.012527203435555532
2022-01-03,0.02885084454445886,0.019203508487934815,0.028714289602826962,0.01913976208380425
2022-01-04,-0.038922981211034775,-0.025958505549236895,-0.038968499524912076,-0.02597975435061375
2022-01-05,-0.0921739326103025,-0.0614592324478099,-0.0922194509241798,-0.06148048124918676
2022-01-06,-0.002120151179238378,-0.0014232855280392944,-0.002165669493115678,-0.0014445343294161497
2022-01-07,-0.03250996281530885,-0.021683067315007482,-0.03255548112918615,-0.021704316116384337
2022-01-10,0.0019377102779005479,0.0012625305375289575,0.0018011553362686486,0.001198784133398392
2022-01-11,0.045052060636022725,0.030025226258559107,0.045006542322145425,0.03000397745718225
2022-01-12,0.01188333082319988,0.007912647065543486,0.011837812509322582,0.00789139826416663
2022-01-13,-0.07506158774403733,-0.050050631979281314,-0.07510710605791462,-0.05007188078065817
2022-01-14,0.01865515306358208,0.012427195225798285,0.01860963474970478,0.01240594642442143
2022-01-18,-0.07473802595926252,-0.04986327396799918,-0.07492009921477172,-0.0499482691735066
2022-01-19,-0.03296677981628961,-0.02198696339158711,-0.03301229813016691,-0.022008212192963967
2022-01-20,-0.038981798596737206,-0.02599697591188551,-0.03902731691061451,-0.026018224713262365
2022-01-21,-0.08320184237541783,-0.055476912423106865,-0.08324736068929514,-0.05549816122448372
2022-01-24,0.013685122890045275,0.009096084717848072,0.013548567948413375,0.009032338313717506
2022-01-25,-0.06956201293072048,-0.04638350743011444,-0.06960753124459779,-0.0464047562314913
2022-01-26,-0.0047114296936235835,-0.003149785272049847,-0.004756948007500883,-0.0031710340734267023
2022-01-27,-0.030228731580293645,-0.020161412547104227,-0.030274249894170945,-0.020182661348481082
2022-01-28,0.0940890561045735,0.06271720526008154,0.0940435377906962,0.06269595645870468
2022-01-31,0.09588398598924437,0.06389588284543753,0.09574743104761246,0.06383213644130696
2022-02-01,0.0203902427122884,0.013585033781207494,0.020344724398411104,0.01356378497983064
2022-02-02,0.024359202937201212,0.01623063648183335,0.024313684623323912,0.016209387680456495
2022-02-03,-0.12164969186938289,-0.08110862672255606,-0.1216952101832602,-0.08112987552393292
2022-02-04,0.03782699551147151,0.0252092575533094,0.03778147719759421,0.025188008751932545
2022-02-07,-0.024191611799580025,-0.016153403388761877,-0.024328166741211923,-0.016217149792892443
2022-02-08,0.033683588307548695,0.02244763503573064,0.0336380699936714,0.022426386234353786
2022-02-09,0.0635509228704641,0.0423590986895512,0.0635054045565868,0.04233784988817434
2022-02-10,-0.06791961181776761,-0.045287924435936606,-0.0679651301316449,-0.04530917323731346
2022-02-11,-0.09519401565434277,-0.06346956179958459,-0.09523953396822006,-0.06349081060096144
2022-02-14,0.0036346527444419815,0.0024013344344612246,0.0034980978028100822,0.002337588030330659
2022-02-15,0.07456115701815617,0.04970092449224468,0.07451563870427887,0.04967967569086783
2022-02-16,-0.0007872831714206545,-0.0005317401443031827,-0.0008328014852979544,-0.000552988945680038
2022-02-17,-0.08926019756969104,-0.059513868636723075,-0.08930571588356834,-0.05953511743809993
2022-02-18,-0.034243109106941,-0.022835995203016258,-0.0342886274208183,-0.022857244004393113
2022-02-22,-0.030235363581900994,-0.02018667433888817,-0.030417436837410196,-0.02027166954439559
2022-02-23,-0.07687368880080483,-0.05125619612413227,-0.07691920711468213,-0.051277444925509126
2022-02-24,0.10078711818909138,0.06718406356398358,0.10074159987521408,0.06716281476260673
2022-02-25,0.04649568162172087,0.03098949425616648,0.04645016330784357,0.030968245454789625
2022-02-28,0.0088620175664402,0.005885131236017833,0.0087254626248083,0.005821384831887267
2022-03-01,-0.045961568620993404,-0.03064830154571786,-0.046007086934870704,-0.030669550347094714
2022-03-02,0.05031394038434083,0.033534907352998064,0.05026842207046353,0.03351365855162121
2022-03-03,-0.042879197641147726,-0.02859375858574592,-0.042924715955025027,-0.028615007387122776
2022-03-04,-0.043503282964854804,-0.029009444441625457,-0.043548801278732105,-0.029030693243002312
2022-03-07,-0.11071790134064351,-0.07383481470203797,-0.1108544562822754,-0.07389856110616853
2022-03-08,-0.013972134919054961,-0.009321919642709587,-0.01401765323293226,-0.009343168444086442
2022-03-09,0.10796746895914756,0.07197096407735439,0.10792195064527027,0.07194971527597753
2022-03-10,-0.033341823805579054,-0.022235045567058985,-0.033387342119456355,-0.02225629436843584
2022-03-11,-0.062243274848220155,-0.04150267959548638,-0.062288793162097456,-0.04152392839686324
2022-03-14,-0.0576985168304872,-0.03848688865777861,-0.05783507177211909,-0.03855063506190918
2022-03-15,0.09407004614258598,0.06270685057519787,0.09402452782870867,0.06268560177382101
2022-03-16,0.11122789297125703,0.07414550793359455,0.11118237465737972,0.07412425913221769
2022-03-17,0.03628773832787792,0.024185126434251452,0.03624222001400062,0.024163877632874597
2022-03-18,0.06137485409255595,0.04090959191588042,0.06132933577867865,0.04088834311450357
2022-03-21,-0.008428323977728363,-0.005639536741887149,-0.008564878919360263,-0.005703283146017714
2022-03-22,0.058920425982242126,0.039274698739222506,0.058874907668364826,0.03925344993784565
2022-03-23,-0.04314935472545634,-0.028772193097332477,-0.04319487303933364,-0.028793441898709332
2022-03-24,0.06664591555882389,0.0444245609294143,0.0666003972449466,0.04440331212803744
2022-03-25,-0.0025368482627393,-0.0016972816182945056,-0.0025823665766165995,-0.0017185304196713608
2022-03-28,0.04630876919539455,0.03085519997477936,0.046172214253762646,0.030791453570648795
2022-03-29,0.05158985764075368,0.034388117489942485,0.05154433932687638,0.03436686868856563
2022-03-30,-0.03317441529676426,-0.022121769260508687,-0.03321993361064156,-0.022143018061885542
2022-03-31,-0.03722118690849388,-0.024819709854601496,-0.03726670522237118,-0.02484095865597835
2022-04-01,-0.005745109310253246,-0.003836029487197078,-0.005790627624130546,-0.0038572782885739334
2022-04-04,0.061659258042195866,0.041088580689463666,0.061522703100563965,0.0410248342853331
2022-04-05,-0.06665590082665482,-0.04444173792108711,-0.06670141914053211,-0.04446298672246397
2022-04-06,-0.06517757554865451,-0.04345637354038986,-0.0652230938625318,-0.04347762234176671
2022-04-07,0.007090038369174788,0.0047222215427992886,0.007044520055297488,0.004700972741422433
2022-04-08,-0.041982039052598,-0.027992403829007206,-0.0420275573664753,-0.02801365263038406
2022-04-11,-0.07110652819410702,-0.04741720676898833,-0.07124308313573892,-0.047480953173118894
2022-04-12,-0.012723664531101768,-0.00848589146207269,-0.012769182844979068,-0.008507140263449545
2022-04-13,0.060933342732585216,0.040618408249524104,0.060887824418707916,0.04059715944814725
2022-04-14,-0.06864991739359219,-0.04577033889227425,-0.06869543570746948,-0.045791587693651103
2022-04-18,0.0021055490094107356,0.001389905574254446,0.0019234757539015365,0.0013049103687470254
2022-04-19,0.0670003585377544,0.04466382912336785,0.06695484022387711,0.044642580321991
2022-04-20,-0.04380589645329828,-0.029207007537333945,-0.04385141476717558,-0.0292282563387108
2022-04-21,-0.062124821645934775,-0.041419624332424944,-0.062170339959812075,-0.0414408731338018
2022-04-22,-0.0786103587361844,-0.05240998239259135,-0.07865587705006169,-0.052431231193968204
2022-04-25,0.03838044383312106,0.025577732850008764,0.038243888891489164,0.025513986445878198
2022-04-26,-0.11329366668031372,-0.07553116464961711,-0.11333918499419102,-0.07555241345099396
2022-04-27,-0.003647019635979131,-0.0024342370277592707,-0.003692537949856431,-0.002455485829136126
2022-04-28,0.10649511421328081,0.07099366624038544,0.10644959589940352,0.07097241743900859
2022-04-29,-0.13504756121018183,-0.09003487701720497,-0.1350930795240591,-0.09005612581858183
2022-05-02,0.049929924315545306,0.033277665444935135,0.049793369373913404,0.03321391904080457
2022-05-03,0.0031458604889695427,0.002094907729368066,0.003100342175092243,0.0020736589279912107
2022-05-04,0.10137926053752495,0.06758384109507166,0.10133374222364765,0.06756259229369481
2022-05-05,-0.15114781800132332,-0.10076773061872987,-0.15119333631520063,-0.10078897942010673
2022-05-06,-0.03599546993214763,-0.023999870558538274,-0.036040988246024926,-0.024021119359915126
2022-05-09,-0.1175406161055868,-0.0783690825483774,-0.1176771710472187,-0.07843282895250797
2022-05-10,0.036387818202896376,0.02425639891207463,0.036342299889019075,0.024235150110697774
2022-05-11,-0.08902991885712458,-0.05935570484766909,-0.08907543717100189,-0.059376953649045945
2022-05-12,-0.007150174729735658,-0.004769115749768734,-0.007195693043612957,-0.004790364551145589
2022-05-13,0.11111995412309866,0.07407810195436418,0.11107443580922136,0.07405685315298732
2022-05-16,-0.03496294991686338,-0.023312560706145152,-0.03509950485849528,-0.023376307110275718
2022-05-17,0.0776374967180264,0.0517575804907109,0.0775919784041491,0.051736331689334045
2022-05-18,-0.14733663774479921,-0.09822526891098646,-0.14738215605867652,-0.09824651771236331
2022-05-19,-0.016138623861181377,-0.010760298647310294,-0.016184142175058678,-0.010781547448687149
2022-05-20,-0.009387805775244638,-0.006259567103420975,-0.009433324089121939,-0.00628081590479783
2022-05-23,0.04969361346829392,0.033125148217293045,0.04955705852666202,0.03306140181316248
2022-05-24,-0.06385219208984019,-0.0425688787145335,-0.0638977104037175,-0.042590127515910355
2022-05-25,0.041920523225601206,0.027946078647519097,0.04187500491172391,0.02792482984614224
2022-05-26,0.08305565888665072,0.05536950242155211,0.08301014057277341,0.05534825362017525
2022-05-27,0.0978538754235899,0.06523507320127295,0.09780835710971261,0.06521382439989609
2022-05-31,-0.008221874031231981,-0.0054846243453026125,-0.008403947286741181,-0.0055696195508100335
2022-06-01,-0.022256788329708184,-0.014838050883113447,-0.022302306643585484,-0.014859299684490302
2022-06-02,0.08208796107998347,0.05472502226854643,0.08204244276610616,0.05470377346716958
2022-06-03,-0.07812808134777349,-0.05208557956182364,-0.0781735996616508,-0.0521068283632005
2022-06-06,0.00977857958053622,0.006519594663034693,0.00964202463890432,0.0064558482589041274
2022-06-07,0.025801714817185684,0.017201882689231687,0.025756196503308383,0.017180633887854832
2022-06-08,-0.02166556386088476,-0.014442876589392086,-0.02171108217476206,-0.01446412539076894
2022-06-09,-0.08042914887672249,-0.053618506755135346,-0.0804746671905998,-0.0536397555565122
2022-06-10,-0.10588955170613636,-0.070592015458537,-0.10593507002001366,-0.07061326425991385
2022-06-13,-0.13973180306177727,-0.093149241438366,-0.13986835800340916,-0.09321298784249657
2022-06-14,0.005345502871269872,0.0035686989323036305,0.005299984557392572,0.0035474501309267752
2022-06-15,0.07480932022263223,0.049878751191082114,0.07476380190875492,0.04985750238970526
2022-06-16,-0.12113974002127534,-0.08075479632939317,-0.12118525833515263,-0.08077604513077002
2022-06-17,0.03638609826037569,0.02426102889305569,0.0363405799464984,0.024239780091678834
2022-06-21,0.07530919255928088,0.05022214181898652,0.07512711930377168,0.0501371466134791
2022-06-22,-0.004474549073025427,-0.002978282508933019,-0.004520067386902727,-0.002999531310309874
2022-06-23,0.04458510012076611,0.029727310107756397,0.04453958180688881,0.029706061306379542
2022-06-24,0.10269529814420816,0.06846762879669703,0.10264977983033087,0.06844637999532018
2022-06-27,-0.022292808879341482,-0.014847621966975857,-0.022429363820973384,-0.014911368371106423
2022-06-28,-0.09150444240472248,-0.06099737083357934,-0.09154996071859979,-0.061018619634956195
2022-06-29,0.00264664036874712,0.0017700176820670546,0.00260112205486982,0.0017487688806901993
2022-06-30,-0.03731227408430366,-0.024869445444975238,-0.03735779239818096,-0.024890694246352093
2022-07-01,0.019702206334013872,0.01313955442909318,0.01965668802013657,0.013118305627716325
2022-07-05,0.050963168756886695,0.033994446663593525,0.0507810955013775,0.033909451458086104
2022-07-06,0.019124448550306806,0.012756251013241897,0.019078930236429505,0.012735002211865042
2022-07-07,0.06408749700843774,0.04273152318491887,0.06404197869456044,0.04271027438354202
2022-07-08,0.0036509705906787155,0.0024408794698752524,0.003605452276801416,0.002419630668498397
2022-07-11,-0.06443301325616696,-0.042934084011841844,-0.06456956819779885,-0.04299783041597241
2022-07-12,-0.029187436918204926,-0.019449147225529016,-0.029232955232082226,-0.01947039602690587
2022-07-13,-0.006310585282458031,-0.004197631986973571,-0.006356103596335331,-0.004218880788350426
2022-07-14,0.010575876819096417,0.007061601506748203,0.010530358505219118,0.007040352705371348
2022-07-15,0.054281209253136724,0.03619848979610841,0.05423569093925942,0.036177240994731553
2022-07-18,-0.025792316117237705,-0.017162950731024217,-0.025928871058869603,-0.017226697135154782
2022-07-19,0.0921167875299358,0.0614232395585897,0.09207126921605849,0.061401990757212845
2022-07-20,0.04742628775869101,0.03162976054482115,0.04738076944481371,0.0316085117434443
2022-07-21,0.0429217914390031,0.02862657549796789,0.0428762731251258,0.028605326696591035
2022-07-22,-0.052747632985231836,-0.03515341572842242,-0.05279315129910914,-0.035174664529799275
2022-07-25,-0.01751033185414721,-0.01163825459801542,-0.017646886795779106,-0.011702001002145987
2022-07-26,-0.0590960357539916,-0.039384277809059405,-0.059141554067868904,-0.03940552661043626
2022-07-27,0.1266348984534855,0.08443568852749009,0.12658938013960822,0.08441443972611323
2022-07-28,0.029194459227400434,0.019474364589048512,0.029148940913523134,0.019453115787671657
2022-07-29,0.05457339311795783,0.03639346643484031,0.054527874804080535,0.036372217633463454
2022-08-01,-0.0022193011380239828,-0.0014462021238351578,-0.002355856079655882,-0.0015099485279657233
2022-08-02,-0.009089635867650608,-0.006047334353267309,-0.009135154181527909,-0.0060685831546441645
2022-08-03,0.08155298879794348,0.05438108209046209,0.08150747048406619,0.05435983328908524
2022-08-04,0.013885906298313995,0.009269318737508492,0.013840387984436696,0.009248069936131637
2022-08-05,-0.024647536683626636,-0.01641992446527907,-0.024693054997503936,-0.016441173266655926
2022-08-08,-0.010132990680049823,-0.006718058444533929,-0.010269545621681721,-0.0067818048486644935
2022-08-09,-0.0341062091712448,-0.022724205815202007,-0.0341517274851221,-0.022745454616578863
2022-08-10,0.08358183850889371,0.055734586448063506,0.08353632019501642,0.05571333764668665
2022-08-11,-0.0171780078460226,-0.011438832070120206,-0.017223526159899902,-0.011460080871497061
2022-08-12,0.0582642876913083,0.038855656448896096,0.058218769377431,0.03883440764751924
2022-08-15,0.02379985717577761,0.01590524677251804,0.02366330223414571,0.015841500368387475
2022-08-16,-0.007178697162166102,-0.004771968211828656,-0.007224215476043402,-0.004793217013205511
2022-08-17,-0.034371962769354746,-0.02290099961260468,-0.034417481083232046,-0.022922248413981536
2022-08-18,0.007064459361600651,0.00472309416448182,0.007018941047723351,0.004701845363104965
2022-08-19,-0.05864416337923965,-0.03908246668586128,-0.05868968169311695,-0.039103715487238136
2022-08-22,-0.07944479724511425,-0.052921426959097836,-0.07958135218674614,-0.0529851733632284
2022-08-23,-0.0026404361967985396,-0.0017454284154674754,-0.0026859545106758392,-0.0017666772168443304
2022-08-24,0.008533125546924304,0.005703331102555897,0.008487607233047005,0.0056820823011790415
2022-08-25,0.052887043384917384,0.035272797419411084,0.052841525071040084,0.03525154861803423
2022-08-26,-0.12312712323432058,-0.08206951084761999,-0.12317264154819788,-0.08209075964899684
2022-08-29,-0.03005328103462913,-0.01998980676397158,-0.03018983597626103,-0.020053553168102145
2022-08-30,-0.03357679908318226,-0.022368261471974286,-0.03362231739705956,-0.02238951027335114
2022-08-31,-0.01760878289203428,-0.011723011302541496,-0.01765430120591158,-0.01174426010391835
2022-09-01,0.0011353285882425284,0.0007729690644286586,0.0010898102743652285,0.0007517202630518034
2022-09-02,-0.042551100541637576,-0.028351223068943696,-0.04259661885551488,-0.02837247187032055
2022-09-06,-0.022211872049403236,-0.01474433291217079,-0.022393945304912434,-0.01482932811767821
2022-09-07,0.060431789782673544,0.040304788945262716,0.06038627146879624,0.04028354014388586
2022-09-08,0.015379575217934233,0.010270167232806311,0.015334056904056932,0.010248918431429456
2022-09-09,0.06541465383507794,0.04362679230982317,0.06536913552120063,0.043605543508446316
2022-09-12,0.0351366678666745,0.023475796507000136,0.0350001129250426,0.02341205010286957
2022-09-13,-0.16469084223111072,-0.10977574340523577,-0.164736360544988,-0.10979699220661263
2022-09-14,0.02361456842921826,0.015762137836353572,0.02356905011534096,0.015740889034976717
2022-09-15,-0.05014328211364493,-0.03341023298616932,-0.05018880042752223,-0.03343148178754617
2022-09-16,-0.018525416250106824,-0.012331843894493367,-0.01857093456398412,-0.012353092695870222
2022-09-19,0.02282130137936708,0.015268937341786375,0.02268474643773518,0.01520519093765581
2022-09-20,-0.024103494326421577,-0.016048962719753593,-0.024149012640298877,-0.01607021152113045
2022-09-21,-0.053907621925342056,-0.035918663553711226,-0.053953140239219356,-0.03593991235508808
2022-09-22,-0.0371095603060946,-0.02472042643603881,-0.0371550786199719,-0.024741675237415665
2022-09-23,-0.049030422661520044,-0.032667856224138626,-0.049075940975397345,-0.03268910502551548
2022-09-26,-0.012956842652888758,-0.008582594285192296,-0.013093397594520658,-0.008646340689322862
2022-09-27,0.0010106677775240742,0.0006939061707017816,0.0009651494636467743,0.0006726573693249264
2022-09-28,0.05948700126248775,0.039677751904841976,0.05944148294861045,0.03965650310346512
2022-09-29,-0.08667319535180039,-0.05776209673667279,-0.08671871366567768,-0.057783345538049646
2022-09-30,-0.051059096940081455,-0.03401964689687083,-0.051104615253958756,-0.03404089569824768
2022-10-03,0.0698199951679475,0.046604787097680886,0.0696834402263156,0.04654104069355032
2022-10-04,0.09412929093507923,0.0627733649417106,0.09408377262120192,0.06275211614033374
2022-10-05,-0.0017878319870944454,-0.0011715720156597284,-0.0018333503009717452,-0.0011928208170365834
2022-10-06,-0.02381183799144792,-0.015854148516335417,-0.02385735630532522,-0.015875397317712273
2022-10-07,-0.11450464716374115,-0.07631611546675753,-0.11455016547761845,-0.07633736426813438
2022-10-10,-0.030564713001181035,-0.020315809899188082,-0.030701267942812936,-0.020379556303318648
2022-10-11,-0.041407166150842244,-0.02758455562225063,-0.041452684464719544,-0.027605804423627485
2022-10-12,-0.0012309177045907395,-0.0007983172718037252,-0.0012764360184680393,-0.0008195660731805805
2022-10-13,0.07014970598713421,0.04678904801316676,0.0701041876732569,0.046767799211789904
2022-10-14,-0.09038239101682838,-0.060231595580964185,-0.09042790933070567,-0.06025284438234104
2022-10-17,0.09843045649820673,0.06569058259105334,0.09829390155657483,0.06562683618692279
2022-10-18,0.02350261766890731,0.01569344208846765,0.02345709935503001,0.015672193287090793
2022-10-19,-0.011164593991520881,-0.007417371384730146,-0.011210112305398182,-0.007438620186107001
2022-10-20,-0.015532390438185247,-0.01032904679137533,-0.015577908752062547,-0.010350295592752185
2022-10-21,0.07011817383289805,0.046771329389346875,0.07007265551902075,0.04675008058797002
2022-10-24,0.0323277773804886,0.021629208745306886,0.0321912224388567,0.02156546234117632
2022-10-25,0.061826277794101415,0.041244248945669755,0.061780759480224115,0.0412230001442929
2022-10-26,-0.0665175038166679,-0.04431855558788165,-0.0665630221305452,-0.044339804389258504
2022-10-27,-0.0548464644742784,-0.036538146109236655,-0.0548919827881557,-0.03655939491061351
2022-10-28,0.09157427343288989,0.06107577362947839,0.09152875511901258,0.06105452482810154
2022-10-31,-0.03557491647423224,-0.023636703208196736,-0.035711471415864136,-0.0237004496123273
2022-11-01,-0.030888874422599903,-0.02056528548240921,-0.030934392736477204,-0.020586534283786064
2022-11-02,-0.10306494474868372,-0.06868266569979842,-0.10311046306256101,-0.06870391450117527
2022-11-03,-0.05883841309498559,-0.0391985002998825,-0.05888393140886289,-0.03921974910125935
2022-11-04,0.0480208427668381,0.0320411926438828,0.04797532445296081,0.03201994384250594
2022-11-07,0.032287240669187804,0.02160558535339659,0.0321506857275559,0.021541838949266024
2022-11-08,0.02162444507197485,0.014444161404177818,0.02157892675809755,0.014422912602800963
2022-11-09,-0.06946662044558423,-0.04628340470135836,-0.06951213875946152,-0.046304653502735216
2022-11-10,0.22112806078027483,0.14744647732704771,0.22108254246639752,0.14742522852567086
2022-11-11,0.05504165971698435,0.03672202086735032,0.054996141403107046,0.03670077206597346
2022-11-14,-0.02696133824347067,-0.01789148232756485,-0.02709789318510257,-0.017955228731695416
2022-11-15,0.04127510607114492,0.027544980315919506,0.04122958775726762,0.02752373151454265
2022-11-16,-0.04118759279825641,-0.02743034139615786,-0.04123311111213371,-0.027451590197534716
2022-11-17,-0.006860647251046211,-0.004545711031351061,-0.006906165564923511,-0.004566959832727916
2022-11-18,-0.00013322254171894526,-6.08557841241931e-05,-0.00017874085559624507,-8.210458550104828e-05
2022-11-21,-0.03158034060210854,-0.020969115301899034,-0.031716895543740437,-0.0210328617060296
2022-11-22,0.04296467854107214,0.02867202407842971,0.04291916022719484,0.028650775277052856
2022-11-23,0.029866573556905144,0.019939764888848965,0.029821055243027843,0.01991851608747211
2022-11-25,-0.020220543160465003,-0.013422930405152262,-0.020311579788219604,-0.013465428007905973
2022-11-28,-0.04475087760016,-0.029747487054417113,-0.0448874325417919,-0.02981123345854768
2022-11-29,-0.02295581843583349,-0.01527431155339165,-0.023001336749710787,-0.015295560354768504
2022-11-30,0.1365104369227615,0.09103624145784504,0.1364649186088842,0.09101499265646819
2022-12-01,0.003435528599541101,0.002319635909031445,0.0033900102856638014,0.00229838710765459
2022-12-02,-0.01219398592040273,-0.008100513498371972,-0.012239504234280031,-0.008121762299748828
2022-12-05,-0.05108051930753649,-0.03396724819266811,-0.05121707424916839,-0.034030994596798675
2022-12-06,-0.0624075957821294,-0.04157578034541555,-0.0624531140960067,-0.041597029146792405
2022-12-07,-0.0124948541532719,-0.008300619259510556,-0.0125403724671492,-0.008321868060887411
2022-12-08,0.03526226064278709,0.02353679501995304,0.0352167423289098,0.023515546218576183
2022-12-09,-0.01937033192509043,-0.01288521710808482,-0.019415850238967726,-0.012906465909461673
2022-12-12,0.0369282305532229,0.024704400379148683,0.036791675611590996,0.024640653975018117
2022-12-13,0.03200267644473529,0.02136459039731984,0.03195715813085799,0.021343341595942984
2022-12-14,-0.02248722279427332,-0.014962292975336815,-0.02253274110815062,-0.01498354177671367
2022-12-15,-0.10097356794779276,-0.06728680691414689,-0.10101908626167007,-0.06730805571552374
2022-12-16,-0.028846365369026936,-0.019202099797454773,-0.028891883682904233,-0.019223348598831628
2022-12-19,-0.04288945239124263,-0.028507104486543478,-0.043026007332874525,-0.028570850890674043
2022-12-20,-0.0025819358218414573,-0.0016919124118956342,-0.002627454135718757,-0.0017131612132724892
2022-12-21,0.043273593065133224,0.028878156313944504,0.043228074751255924,0.02885690751256765
2022-12-22,-0.07363899170823354,-0.04906385069025917,-0.07368451002211085,-0.049085099491636024
2022-12-23,0.006502569939943228,0.004364046284996709,0.006457051626065928,0.004342797483619854
2022-12-27,-0.04339093134570045,-0.028811667359607145,-0.04357300460120964,-0.028896662565114566
2022-12-28,-0.03985968767904469,-0.026543084461296853,-0.03990520599292199,-0.026564333262673708
2022-12-29,0.07287550942376021,0.048613713607239754,0.0728299911098829,0.0485924648058629
2022-12-30,-0.0020522800184616234,-0.0013382406814316673,-0.002097798332338923,-0.0013594894828085225
2023-01-03,-0.021271306407050855,-0.014062601322711199,-0.021453379662560054,-0.01414759652821862
2023-01-04,0.014037396742043509,0.009388778527971198,0.013991878428166208,0.009367529726594343
2023-01-05,-0.04721676032233321,-0.03144723149205051,-0.04726227863621051,-0.031468480293427366
2023-01-06,0.08254502758580112,0.05506157427532586,0.08249950927192382,0.055040325473949006
2023-01-09,0.018638677012616765,0.012520452329453166,0.018502122070984867,0.0124567059253226
2023-01-10,0.02513133007069374,0.016786154932338364,0.025085811756816442,0.01676490613096151
2023-01-11,0.0516363876789844,0.03445638286715095,0.0515908693651071,0.034435134065774094
2023-01-12,0.015950625094765896,0.010665874477671942,0.015905106780888596,0.010644625676295087
2023-01-13,0.02038210424396808,0.013619530642779284,0.02033658593009078,0.013598281841402429
2023-01-17,0.005046062710176189,0.003490265345951222,0.00486398945466699,0.0034052701404438013
2023-01-18,-0.03926188126208084,-0.026142557860625328,-0.03930739957595814,-0.026163806662002183
2023-01-19,-0.029736112745648826,-0.019792235035929667,-0.029781631059526126,-0.019813483837306523
2023-01-20,0.08183869075311233,0.05459106205395076,0.08179317243923503,0.05456981325257391
2023-01-23,0.06585773265720721,0.04400152834828884,0.0657211777155753,0.043937781944158275
2023-01-24,-0.006389744146646766,-0.004227610244689939,-0.0064352624605240666,-0.004248859046066794
2023-01-25,-0.006921034817318901,-0.004581898797051256,-0.006966553131196201,-0.004603147598428111
2023-01-26,0.05822934117808156,0.038851590432816274,0.05818382286420426,0.03883034163143942
2023-01-27,0.02960048462269074,0.019765591300336362,0.02955496630881344,0.019744342498959507
2023-01-30,-0.061446194973691505,-0.04086775673897696,-0.061582749915323406,-0.04093150314310753
2023-01-31,0.04469309348890094,0.02982770962243591,0.044647575175023636,0.029806460821059054
2023-02-01,0.06388689308917943,0.042623481245860864,0.06384137477530213,0.04260223244448401
2023-02-02,0.10740813656298227,0.07163726450315773,0.10736261824910497,0.07161601570178087
2023-02-03,-0.053578961893138106,-0.03568756255344951,-0.0536244802070154,-0.03570881135482636
2023-02-06,-0.026167328429549705,-0.017348512376215767,-0.026303883371181603,-0.017412258780346333
2023-02-07,0.06189211448565134,0.041293723620269514,0.061846596171774036,0.04127247481889266
2023-02-08,-0.05360773172348146,-0.03570617385248569,-0.05365325003735876,-0.03572742265386254
2023-02-09,-0.026779320272845974,-0.01782056621872869,-0.026824838586723274,-0.017841815020105546
2023-02-10,-0.019956710902047474,-0.013271686015000743,-0.020002229215924774,-0.013292934816377599
2023-02-13,0.04724246219228356,0.03159390740361952,0.04710590725065166,0.03153016099948895
2023-02-14,0.02189791534028699,0.01463177739907149,0.021852397026409693,0.014610528597694634
2023-02-15,0.02271351956629359,0.015175418729337689,0.02266800125241629,0.015154169927960833
2023-02-16,-0.05656112683353694,-0.037674440352770025,-0.05660664514741424,-0.03769568915414688
2023-02-17,-0.021437273764307627,-0.014258159015294519,-0.021482792078184928,-0.014279407816671374
2023-02-21,-0.0721085475154521,-0.047938937699992475,-0.07229062077096131,-0.048023932905499896
2023-02-22,0.0019718774057292283,0.0013481314395016087,0.0019263590918519287,0.0013268826381247537
2023-02-23,0.025931003550828887,0.017320787363089438,0.02588548523695159,0.017299538561712582
2023-02-24,-0.05050392025391101,-0.03363582850673716,-0.05054943856778831,-0.033657077308114014
2023-02-27,0.020668154302283786,0.013879409041902227,0.020531599360651884,0.013815662637771661
2023-02-28,-0.004152239976938121,-0.0027344237880942658,-0.0041977582908154214,-0.002755672589471121
2023-03-01,-0.024389082595636772,-0.016225841894742393,-0.024434600909514072,-0.016247090696119248
2023-03-02,0.024555917865177374,0.01640425325713168,0.024510399551300074,0.016383004455754826
2023-03-03,0.061747678606538375,0.04119885526755673,0.061702160292661075,0.04117760646617988
2023-03-06,0.0025846287527975355,0.0018242944247918013,0.002448073811165636,0.0017605480206612358
2023-03-07,-0.037071925470823455,-0.024680691070421684,-0.037117443784700756,-0.02470193987179854
2023-03-08,0.014702124694163994,0.009836386144836591,0.014656606380286694,0.009815137343459736
2023-03-09,-0.05225932900048103,-0.03480439314506837,-0.05230484731435833,-0.034825641946445225
2023-03-10,-0.04241142042848071,-0.02823931060359321,-0.04245693874235801,-0.028260559404970065
2023-03-13,0.021414397568369662,0.014380035227500764,0.021277842626737764,0.014316288823370198
2023-03-14,0.06866954940400716,0.04581305643024868,0.06862403109012986,0.045791807628871826
2023-03-15,0.015465798281570686,0.010343983850250637,0.015420279967693386,0.010322735048873781
2023-03-16,0.07881835391107722,0.05257788323722011,0.07877283559719993,0.052556634435843255
2023-03-17,-0.0144424490910146,-0.009596174979515057,-0.0144879674048919,-0.009617423780891912
2023-03-20,0.009891799810248496,0.006684939177118581,0.009755244868616597,0.006621192772988015
2023-03-21,0.04257968031498693,0.028419336268875658,0.04253416200110963,0.028398087467498802
2023-03-22,-0.041060025882421726,-0.02734075226574172,-0.04110554419629902,-0.027362001067118575
2023-03-23,0.0353073134687695,0.023570902097873495,0.0352617951548922,0.02354965329649664
2023-03-24,0.010777982894397999,0.007217446344093344,0.010732464580520698,0.007196197542716489
2023-03-27,-0.021344458075055705,-0.014133265473219768,-0.021481013016687603,-0.014197011877350334
2023-03-28,-0.016208397217739784,-0.010771767094257548,-0.016253915531617084,-0.010793015895634403
2023-03-29,0.05443413311053062,0.03632220999338466,0.05438861479665333,0.036300961192007805
2023-03-30,0.028129440941558226,0.018785748547403055,0.028083922627680925,0.0187644997460262
2023-03-31,0.0496151426861977,0.033111067186371294,0.049569624372320396,0.03308981838499444
2023-04-03,-0.008100081134414721,-0.005300552572969327,-0.00823663607604662,-0.005364298977099893
2023-04-04,-0.010394927830291265,-0.006895931112654388,-0.010440446144168565,-0.006917179914031243
2023-04-05,-0.029890753463002222,-0.019893432778803666,-0.029936271776879523,-0.01991468158018052
2023-04-06,0.01995464748480933,0.01333664482555501,0.01990912917093203,0.013315396024178154
2023-04-10,-0.002797061550355458,-0.0017286246034111505,-0.002979134805864657,-0.0018136198089185713
2023-04-11,-0.019538067650025522,-0.012989744226745717,-0.01958358596390282,-0.013010993028122572
2023-04-12,-0.02678303314239173,-0.017820195906342172,-0.026828551456269032,-0.017841444707719027
2023-04-13,0.058466498570313,0.03901263539560259,0.058420980256435696,0.038991386594225734
2023-04-14,-0.005924708075149697,-0.003914076225310154,-0.005970226389026997,-0.003935325026687009
2023-04-17,0.0016821236465696047,0.001229457889921236,0.0015455687049377052,0.0011657114857906705
2023-04-18,-0.000102921457776478,-3.184035943314324e-05,-0.00014843977165377784,-5.3089160809998414e-05
2023-04-19,-0.001701983292023345,-0.001098071587425228,-0.0017475016059006448,-0.0011193203888020832
2023-04-20,-0.023161482470550783,-0.015404689344367598,-0.02320700078442808,-0.015425938145744453
2023-04-21,0.0028438466076859377,0.0019318168142011636,0.002798328293808638,0.0019105680128243083
2023-04-24,-0.007113874883952696,-0.004634541130426965,-0.0072504298255845956,-0.00469828753455753
2023-04-25,-0.05688176288113705,-0.037884591313501026,-0.05692728119501435,-0.03790584011487788
2023-04-26,0.01790742176310974,0.011974200251150363,0.017861903449232438,0.011952951449773508
2023-04-27,0.08128517727034905,0.054226322168874026,0.08123965895647174,0.05420507336749717
2023-04-28,0.02040707104443321,0.0136412029749292,0.02036155273055591,0.013619954173552344
2023-05-01,-0.0042970432711781905,-0.0027575080397498615,-0.00443359821281009,-0.0028212544438804272
2023-05-02,-0.026458019826125546,-0.017601525869623227,-0.026503538140002846,-0.017622774671000083
2023-05-03,-0.019924360321265773,-0.013245942910470291,-0.019969878635143073,-0.013267191711847147
2023-05-04,-0.010882739257649187,-0.007218100515115699,-0.010928257571526488,-0.007239349316492554
2023-05-05,0.06346996633888395,0.04235046490704977,0.06342444802500666,0.04232921610567292
2023-05-08,0.0065513969097295765,0.004479059983201122,0.006414841968097677,0.004415313579070556
2023-05-09,-0.019295783077398633,-0.012826226175077721,-0.019341301391275934,-0.012847474976454576
2023-05-10,0.03234975031219633,0.021603939325224256,0.03230423199831903,0.0215826905238474
2023-05-11,0.009487864163723929,0.006362206746189509,0.00944234584984663,0.006340957944812654
2023-05-12,-0.011051027026928645,-0.0073307674106954275,-0.011096545340805945,-0.007352016212072283
2023-05-15,0.01536744496800339,0.010355855223122929,0.01523089002637149,0.010292108818992363
2023-05-16,0.0031056988736290147,0.002107239861503852,0.003060180559751715,0.002085991060126997
2023-05-17,0.03602040096828305,0.02405046960115152,0.03597488265440575,0.024029220799774664
2023-05-18,0.055426792573154256,0.036988349063229974,0.055381274259276955,0.03696710026185312
2023-05-19,-0.007056113757964524,-0.004666541677603167,-0.007101632071841823,-0.004687790478980022
2023-05-22,0.009189871130031772,0.006238612987399219,0.009053316188399873,0.006174866583268653
2023-05-23,-0.03833041919447147,-0.025515127927987293,-0.03837593750834877,-0.02553637672936415
2023-05-24,-0.01568715030641104,-0.010420185818760775,-0.01573266862028834,-0.01044143462013763
2023-05-25,0.07269884981031531,0.048504099478544206,0.072653331496438,0.04848285067716735
2023-05-26,0.07635113843708542,0.05093895856305761,0.07630562012320811,0.05091770976168075
2023-05-30,0.012417133135940854,0.008428985811447106,0.012235059880431654,0.008343990605939685
2023-05-31,-0.01736186705491597,-0.011535712748970391,-0.017407385368793268,-0.011556961550347246
2023-06-01,0.034353319838987637,0.02294088829422966,0.034307801525110336,0.022919639492852806
2023-06-02,0.02219790370266162,0.014837087336768105,0.02215238538878432,0.01481583853539125
2023-06-05,0.0012115884872072153,0.0009228949851779912,0.001075033545575316,0.0008591485810474258
2023-06-06,-0.0008063151219263835,-0.0004994388876498973,-0.0008518334358036834,-0.0005206876890267525
2023-06-07,-0.051194474885846136,-0.03409173553838417,-0.05123999319972344,-0.034112984339761024
2023-06-08,0.03694294017520467,0.024666351047008078,0.03689742186132737,0.024645102245631222
2023-06-09,0.011173441193852957,0.007486304873916874,0.011127922879975657,0.0074650560725400186
2023-06-12,0.04980839866278756,0.03331734623993722,0.049671843721155656,0.033253599835806655
2023-06-13,0.022755683013425676,0.015207989503323633,0.022710164699548376,0.015186740701946777
2023-06-14,0.021508778641334617,0.014376434804693803,0.021463260327457316,0.014355186003316948
2023-06-15,0.03545428504278256,0.023673344042982172,0.03540876672890526,0.023652095241605317
2023-06-16,-0.019170671967839056,-0.012743579022929883,-0.019216190281716356,-0.012764827824306739
2023-06-20,-0.00546710565084635,-0.003496501140629197,-0.005649178906355549,-0.0035814963461366176
2023-06-21,-0.041178883481670925,-0.027415054826740767,-0.041224401795548225,-0.027436303628117623
2023-06-22,0.03510052468225017,0.023437978998021476,0.03505500636837287,0.02341673019664462
2023-06-23,-0.03003685153277253,-0.019986938478660322,-0.03008236984664983,-0.020008187280037178
2023-06-26,-0.041105491734071194,-0.02729077352648336,-0.041242046675703095,-0.027354519930613927
2023-06-27,0.05128033896502182,0.034225377511674905,0.05123482065114452,0.03420412871029805
2023-06-28,0.00555563526433738,0.0037417662966969345,0.005510116950460079,0.0037205174953200792
2023-06-29,-0.006305707879443935,-0.004165890867449373,-0.006351226193321235,-0.004187139668826228
2023-06-30,0.045961154659264813,0.0306788742998109,0.04591563634538751,0.030657625498434045
2023-07-03,0.006172344405714326,0.0042283542367492965,0.006035789464082427,0.004164607832618731
2023-07-05,-0.0006812715769573737,-0.00037778184130360105,-0.0007723082047119734,-0.0004202794440573114
2023-07-06,-0.023147466718372277,-0.015393444873914194,-0.023192985032249577,-0.015414693675291049
2023-07-07,-0.010260808252045228,-0.00680214905901687,-0.010306326565922527,-0.006823397860393725
2023-07-10,8.1429890736176e-05,0.00016917065753797162,-5.51250508957234e-05,0.00010542425340740611
2023-07-11,0.014519512642946259,0.009718255061143724,0.014473994329068958,0.009697006259766869
2023-07-12,0.03758759977014196,0.025096979812607525,0.03754208145626466,0.02507573101123067
2023-07-13,0.05063455390322023,0.033794854137140506,0.050589035589342926,0.03377360533576365
2023-07-14,-0.0009347233845955776,-0.0005846640547366943,-0.0009802416984728774,-0.0006059128561135495
2023-07-17,0.02710992101659037,0.01818902057526557,0.026973366074958472,0.018125274171135006
2023-07-18,0.024238803879708837,0.016197877654710462,0.024193285565831536,0.016176628853333607
2023-07-19,-0.0010022364966184413,-0.0006295776985660762,-0.0010477548104957412,-0.0006508264999429314
2023-07-20,-0.06945862788394057,-0.04626707685438913,-0.06950414619781788,-0.04628832565576599
2023-07-21,-0.009300160303671963,-0.006161431800876737,-0.009345678617549261,-0.006182680602253592
2023-07-24,0.0038821805891481294,0.0027044309192727984,0.00374562564751623,0.002640684515142233
2023-07-25,0.02002907103863993,0.01339157931340021,0.019983552724762634,0.013370330512023354
2023-07-26,-0.01028325096122737,-0.00681663535317799,-0.01032876927510467,-0.006837884154554845
2023-07-27,-0.007456038451260069,-0.00493182701319979,-0.00750155676513737,-0.004953075814576645
2023-07-28,0.054340844685094127,0.03626609507770301,0.054295326371216826,0.036244846276326154
2023-07-31,0.0006524704536144924,0.0005515761653304297,0.0005159155119825929,0.0004878297611998642
2023-08-01,-0.0072623053406769686,-0.0048026716061443896,-0.007307823654554269,-0.004823920407521245
2023-08-02,-0.06613608286136949,-0.044051951732077196,-0.0661816011752468,-0.04407320053345405
2023-08-03,-0.00511127620781589,-0.0033687472963748,-0.00515679452169319,-0.0033899960977516554
2023-08-04,-0.01434864765025029,-0.009526994924664401,-0.01439416596412759,-0.009548243726041256
2023-08-07,0.024489405515542288,0.01644286620661563,0.02435285057391039,0.016379119802485066
2023-08-08,-0.025812247623335248,-0.01716920467757183,-0.02585776593721255,-0.017190453478948684
2023-08-09,-0.03328885032619607,-0.022153511357593643,-0.03333436864007337,-0.022174760158970498
2023-08-10,0.005241248855520532,0.0035330311913206102,0.005195730541643231,0.003511782389943755
2023-08-11,-0.01943074093461097,-0.012914962002100391,-0.019476259248488267,-0.012936210803477247
2023-08-14,0.03275474552612139,0.02195309288033503,0.03261819058448949,0.021889346476204465
2023-08-15,-0.03213913209455684,-0.02138712765838623,-0.03218465040843414,-0.021408376459763085
2023-08-16,-0.03207102250686435,-0.02134172126659123,-0.03211654082074165,-0.021362970067968085
2023-08-17,-0.033074158291638144,-0.02201047845644043,-0.033119676605515444,-0.022031727257817286
2023-08-18,-0.0040686361299763505,-0.0026734636819992306,-0.00411415444385365,-0.002694712483376086
2023-08-21,0.0474223341152926,0.03173148527311583,0.0472857791736607,0.031667738868985267
2023-08-22,-0.004591924514476077,-0.003022227483113644,-0.0046374428283533775,-0.003043476284490499
2023-08-23,0.04700123344895383,0.03137321115917296,0.04695571513507653,0.0313519623577961
2023-08-24,-0.06443257195370358,-0.042915992442598645,-0.06447809026758088,-0.0429372412439755
2023-08-25,0.022948975684796095,0.015338467776494242,0.022903457370918794,0.015317218975117387
2023-08-28,0.021659909278084113,0.01455824770720104,0.021523354336452215,0.014494501303070475
2023-08-29,0.06521202770549847,0.04351412119982508,0.06516650939162116,0.04349287239844823
2023-08-30,0.01642307356093567,0.01098805662873143,0.01637755524705837,0.010966807827354574
2023-08-31,0.008689619802384833,0.005832325653187911,0.008644101488507533,0.005811076851811056
2023-09-01,-0.003481027769761268,-0.0022814393949094893,-0.003526546083638568,-0.0023026881962863446
2023-09-05,0.002593657558198391,0.0018853271449472237,0.0024115843026891915,0.001800331939439803
2023-09-06,-0.02672987285714017,-0.01778066945316209,-0.02677539117101747,-0.017801918254538945
2023-09-07,-0.021760171968843604,-0.014467630659265557,-0.021805690282720905,-0.014488879460642413
2023-09-08,0.003887867498516223,0.002630967192214556,0.0038423491846389228,0.0026097183908377008
2023-09-11,0.03443112826601039,0.023071537470564132,0.03429457332437849,0.023007791066433567
2023-09-12,-0.03357074551017577,-0.02234125122185249,-0.03361626382405307,-0.022362500023229346
2023-09-13,0.011120422774026832,0.0074528609676159105,0.011074904460149531,0.007431612166239055
2023-09-14,0.024226507542567898,0.016190155681675443,0.024180989228690598,0.016168906880298588
2023-09-15,-0.0516752252500002,-0.034410999513369955,-0.0517207435638775,-0.03443224831474681
2023-09-18,0.0022090904880309957,0.0015904643468147314,0.0020725355463990965,0.0015267179426841659
2023-09-19,-0.006699261730024203,-0.004427023833385957,-0.006744780043901503,-0.004448272634762812
2023-09-20,-0.0435370739366076,-0.028985565304441557,-0.0435825922504849,-0.029006814105818412
2023-09-21,-0.055280309311257825,-0.03681419861939757,-0.055325827625135125,-0.03683544742077442
2023-09-22,0.00011226823693117119,0.00011418641272843013,6.674992305387141e-05,9.293761135157496e-05
2023-09-25,0.013330945033960297,0.009005034044100932,0.013194390092328397,0.008941287639970366
2023-09-26,-0.04535659206541102,-0.030198196834520265,-0.04540211037928832,-0.03021944563589712
2023-09-27,0.006722848425243872,0.00452133501298868,0.006677330111366572,0.004500086211611825
2023-09-28,0.02478838589455017,0.016565026659192877,0.02474286758067287,0.016543777857816022
2023-09-29,0.001872136194031132,0.0012873365809521105,0.0018266178801538322,0.0012660877795752552
2023-10-02,0.024119199489353496,0.016197203681029733,0.023982644547721595,0.016133457276899167
2023-10-03,-0.052957059043438115,-0.03526517481987167,-0.053002577357315415,-0.03528642362124852
2023-10-04,0.04051782318066188,0.027051413329528335,0.04047230486678458,0.02703016452815148
2023-10-05,-0.009146405869714828,-0.006058167850317119,-0.009191924183592126,-0.006079416651693975
2023-10-06,0.04995862172283867,0.03334518387805189,0.04991310340896137,0.03332393507667503
2023-10-09,0.01437485415326986,0.009702115182852813,0.01423829921163796,0.009638368778722248
2023-10-10,0.016305446628495854,0.010909924112554871,0.016259928314618553,0.010888675311178016
2023-10-11,0.02109872192412747,0.01410525067891108,0.02105320361025017,0.014084001877534225
2023-10-12,-0.010733025913612828,-0.00711591454624912,-0.010778544227490127,-0.007137163347625975
2023-10-13,-0.03801743506316931,-0.025305425499692464,-0.03806295337704661,-0.02532667430106932
2023-10-16,0.03299584419235194,0.022115823088829208,0.03285928925072005,0.022052076684698642
2023-10-17,-0.010133211583127728,-0.006716038325925719,-0.010178729897005027,-0.0067372871273025745
2023-10-18,-0.03966235379755671,-0.026402037989284064,-0.03970787211143401,-0.02642328679066092
2023-10-19,-0.02837715848936433,-0.018878669596750122,-0.02842267680324163,-0.018899918398126977
2023-10-20,-0.04506103232229442,-0.03000134729342197,-0.04510655063617172,-0.030022596094798824
2023-10-23,0.008136226982097892,0.005541603281289129,0.007999672040465994,0.005477856877158564
2023-10-24,0.02887795765608413,0.01929121755565411,0.02883243934220683,0.019269968754277254
2023-10-25,-0.07373366469122342,-0.04911662580751876,-0.07377918300510071,-0.04913787460889561
2023-10-26,-0.057507412501568766,-0.03829902921611449,-0.05755293081544607,-0.03832027801749135
2023-10-27,0.01409781068718263,0.009437786243053109,0.01405229237330533,0.009416537441676254
2023-10-30,0.03287713779196989,0.022035829216107333,0.03274058285033799,0.021972082811976767
2023-10-31,0.014040265592321173,0.00939951798298843,0.013994747278443872,0.009378269181611575
2023-11-01,0.05176346738972108,0.03454831918125503,0.05171794907584378,0.03452707037987818
2023-11-02,0.0541548786659646,0.03614240309727325,0.0541093603520873,0.03612115429589639
2023-11-03,0.03494233615863413,0.023333756060063007,0.03489681784475683,0.023312507258686152
2023-11-06,0.01132863943416693,0.0076687368159519985,0.01119208449253503,0.007604990411821433
2023-11-07,0.02805277228369815,0.01874080859378377,0.028007253969820848,0.018719559792406915
2023-11-08,0.0016280849829437304,0.0011242552762694097,0.0015825666690664306,0.0011030064748925544
2023-11-09,-0.02339068806317707,-0.015554926754477791,-0.023436206377054368,-0.015576175555854646
2023-11-10,0.06714415079227042,0.044801537370349406,0.06709863247839311,0.04478028856897255
2023-11-13,-0.010264197823486386,-0.00672677334427721,-0.010400752765118286,-0.006790519748407776
2023-11-14,0.06427564752683752,0.042889296972198614,0.06423012921296023,0.04286804817082176
2023-11-15,0.0019552717855235383,0.0013421895919202636,0.0019097534716462383,0.0013209407905434083
2023-11-16,0.002264015002613938,0.0015480184033138634,0.0022184966887366384,0.0015267696019370084
2023-11-17,0.0003979607898940587,0.00030388715910892387,0.00035244247601675884,0.00028263835773206867
2023-11-20,0.03561803746604748,0.023861098208236974,0.03548148252441558,0.023797351804106408
2023-11-21,-0.01773184934556099,-0.011782462721538201,-0.01777736765943829,-0.011803711522915056
2023-11-22,0.01197569449948854,0.008022471401230264,0.01193017618561124,0.008001222599853409
2023-11-24,-0.00483631225339188,-0.003146667817923001,-0.004927348881146479,-0.0031891654206767117
2023-11-27,-0.0035303581050320073,-0.00223697620710057,-0.003666913046663907,-0.002300722611231136
2023-11-28,0.007558932457108132,0.005078153592379011,0.007513414143230831,0.005056904791002155
2023-11-29,-0.0032249911853370903,-0.0021112239480556004,-0.00327050949921439,-0.0021324727494324556
2023-11-30,-0.007844244266447841,-0.005190916211785676,-0.007889762580325142,-0.005212165013162531
2023-12-01,0.00826245968896636,0.005546886425157124,0.008216941375089059,0.005525637623780269
2023-12-04,-0.028753919370164187,-0.019054110253069606,-0.028890474311796085,-0.019117856657200172
2023-12-05,0.007230189603819238,0.004858801470784063,0.007184671289941939,0.004837552669407208
2023-12-06,-0.017653714499908043,-0.011730563034092478,-0.017699232813785343,-0.011751811835469332
2023-12-07,0.041614641339601056,0.027781674192246923,0.041569123025723756,0.027760425390870067
2023-12-08,0.013068285451233123,0.008750675169149106,0.013022767137355824,0.00872942636777225
2023-12-11,0.02472111003185166,0.01659619462621552,0.024584555090219763,0.016532448222084953
2023-12-12,0.02359064353077264,0.015765770755419663,0.02354512521689534,0.015744521954042807
2023-12-13,0.03784909815690053,0.02527140717283826,0.03780357984302323,0.025250158371461405
2023-12-14,-0.0029022086003749775,-0.0018963208652562943,-0.0029477269142522775,-0.0019175696666331496
2023-12-15,0.01420084993721187,0.00950562306715453,0.014155331623334572,0.009484374265777674
2023-12-18,0.017990906071570865,0.012109391986028317,0.017854351129938967,0.012045645581897751
2023-12-19,0.015026006294777336,0.010056012598089463,0.014980487980900037,0.010034763796712608
2023-12-20,-0.04487980937384613,-0.02988148314021747,-0.04492532768772343,-0.029902731941594325
2023-12-21,0.03460431638451762,0.023108029124672105,0.03455879807064032,0.02308678032329525
2023-12-22,0.004187555621129858,0.002829998435324524,0.004142037307252558,0.002808749633947669
2023-12-26,0.01715892545808349,0.011593223112030425,0.01697685220257429,0.011508227906523004
2023-12-27,0.0058050231880024585,0.003908595424514524,0.005759504874125159,0.003887346623137669
2023-12-28,-0.0017599582738882773,-0.0011348206475984943,-0.0018054765877655772,-0.0011560694489753495
2023-12-29,-0.013285166040005241,-0.008818197394157276,-0.013330684353882542,-0.008839446195534131
2024-01-02,-0.05196387261205373,-0.03449016363349839,-0.05214594586756292,-0.03457515883900581
2024-01-03,-0.03204500447104064,-0.021325041626122476,-0.03209052278491794,-0.02134629042749933
2024-01-04,-0.015741265482339478,-0.010455692119899294,-0.01578678379621678,-0.01047694092127615
2024-01-05,0.003256533692180823,0.002209507329780906,0.003211015378303523,0.0021882585284040508
2024-01-08,0.06109938395773477,0.040848377243470915,0.060962829016102865,0.04078463083934035
2024-01-09,0.0056245010612767585,0.003788247340030724,0.005578982747399459,0.0037669985386538686
2024-01-10,0.02003119391798532,0.013392614146983905,0.01998567560410802,0.01337136534560705
2024-01-11,0.005940951642298172,0.00399902420387873,0.0058954333284208715,0.003977775402501875
2024-01-12,0.001237757482517972,0.0008635614306919305,0.001192239168640672,0.0008423126293150753
2024-01-16,-0.00149450422423858,-0.0008431573978739142,-0.0016765774797477793,-0.0009281526033813349
2024-01-17,-0.017222963223723745,-0.011443680794577877,-0.017268481537601042,-0.011464929595954732
2024-01-18,0.04228136155721263,0.028226059239802107,0.042235843243335326,0.02820481043842525
2024-01-19,0.05919227757185086,0.03949981306913853,0.05914675925797356,0.039478564267761675
2024-01-22,0.0030160875487771762,0.0021256090962319717,0.002879532607145277,0.0020618626921014064
2024-01-23,0.012148494924109358,0.008137291303977522,0.012102976610232057,0.008116042502600666
2024-01-24,0.016347848192672324,0.010936765066782206,0.016302329878795024,0.01091551626540535
2024-01-25,0.0033634366239929233,0.002280490687662606,0.0033179183101156233,0.0022592418862857513
2024-01-26,-0.018172608591822976,-0.012076872789547994,-0.018218126905700276,-0.012098121590924849
2024-01-29,0.029821389352698967,0.01999552505013462,0.029684834411067066,0.019931778646004053
2024-01-30,-0.020269864356066144,-0.013474948216139478,-0.02031538266994344,-0.013496197017516334
2024-01-31,-0.059058028841017275,-0.03933381962234419,-0.059103547154894576,-0.039355068423721044
2024-02-01,0.03502594247710036,0.02338892300597152,0.034980424163223056,0.023367674204594666
2024-02-02,0.05040087670240756,0.03363887915617633,0.05035535838853026,0.03361763035479948
2024-02-05,-0.004819090688876484,-0.003097557798877809,-0.004955645630508384,-0.003161304203008374
2024-02-06,-0.006322379123882541,-0.004176624728017076,-0.006367897437759841,-0.004197873529393931
2024-02-07,0.030569826051176672,0.02041827380979773,0.03052430773729937,0.020397025008420874
2024-02-08,0.005254883571398672,0.0035416454899457306,0.005209365257521372,0.0035203966885688754
2024-02-09,0.02922818469265017,0.01952384623744673,0.02918266637877287,0.019502597436069875
2024-02-12,-0.012642435580188233,-0.008312835781811082,-0.012778990521820131,-0.008376582185941648
2024-02-13,-0.04709185531484763,-0.03135618043421847,-0.04713737362872493,-0.031377429235595326
2024-02-14,0.032389164537932565,0.021631356324467926,0.032343646224055264,0.02161010752309107
2024-02-15,0.00863197974610317,0.00579304293974873,0.008586461432225872,0.005771794138371875
2024-02-16,-0.02750391181139823,-0.01829755143191887,-0.02754943012527553,-0.018318800233295726
2024-02-20,-0.02385109310395781,-0.015746789262663777,-0.02403316635946701,-0.015831784468171198
2024-02-21,-0.012306512488555079,-0.008165856790709695,-0.012352030802432377,-0.00818710559208655
2024-02-22,0.08752530497096321,0.05838868818230251,0.08747978665708592,0.05836743938092565
2024-02-23,-0.009136268475941841,-0.006052265684781676,-0.009181786789819141,-0.006073514486158531
2024-02-26,-0.0024882138329155854,-0.001542784017230009,-0.0026247687745474847,-0.0016065304213605746
2024-02-27,0.006913276077048838,0.004647525786270463,0.0068677577631715385,0.004626276984893608
2024-02-28,-0.016275755937808344,-0.010811923992692676,-0.01632127425168564,-0.010833172794069531
2024-02-29,0.025406221842042418,0.016975966096355304,0.025360703528165118,0.01695471729497845
2024-03-01,0.04486915310975386,0.029951348705682123,0.04482363479587656,0.029930099904305268
2024-03-04,-0.011608000206069684,-0.0076234974770066095,-0.011744555147701584,-0.007687243881137175
2024-03-05,-0.054150607525988874,-0.036061920148998894,-0.054196125839866174,-0.03608316895037575
2024-03-06,0.01855038042866697,0.01240531006145793,0.01850486211478967,0.012384061260081075
2024-03-07,0.04523262016591903,0.030193564978939706,0.04518710185204173,0.03017231617756285
2024-03-08,-0.04360638930043757,-0.029032441331964694,-0.043651907614314873,-0.02905369013334155
2024-03-11,-0.012042819809032433,-0.007913091934373883,-0.01217937475066433,-0.007976838338504448
2024-03-12,0.04270365007455612,0.028507584918031105,0.04265813176067882,0.02848633611665425
2024-03-13,-0.02336058626788184,-0.015535144212741676,-0.02340610458175914,-0.015556393014118531
2024-03-14,-0.007865752053291741,-0.005205254736348276,-0.007911270367169041,-0.005226503537725131
2024-03-15,-0.03596257600981094,-0.023936470707361077,-0.03600809432368824,-0.023957719508737933
2024-03-18,0.027705699394671178,0.018586206160652773,0.027569144453039277,0.018522459756522208
2024-03-19,0.007172390227808859,0.004820173451052124,0.00712687191393156,0.004798924649675269
2024-03-20,0.035268429375110225,0.023550771118400506,0.035222911061232924,0.02352952231702365
2024-03-21,0.013894622775907323,0.009301566718931906,0.013849104462030025,0.00928031791755505
2024-03-22,0.003129746044566759,0.002125077328890724,0.0030842277306894587,0.002103828527513869
2024-03-25,-0.011792602718114333,-0.007746280540428484,-0.01192915765974623,-0.0078100269445590485
2024-03-26,-0.010013898521705129,-0.00663754257212347,-0.010059416835582428,-0.006658791373500325
2024-03-27,0.00991780453111606,0.006650164375315324,0.00987228621723876,0.006628915573938469
2024-03-28,-0.005830718952190941,-0.0038488512802226757,-0.0058762372660682415,-0.003870100081599531
2024-04-01,0.005147141036306588,0.003584986460257522,0.004965067780797389,0.0034999912547501013
2024-04-02,-0.02619186487601523,-0.01742285347499687,-0.026237383189892532,-0.017444102276373726
2024-04-03,0.00643304655854386,0.0043269923936005246,0.0063875282446665595,0.004305743592223669
2024-04-04,-0.04617266453732024,-0.030743481670308877,-0.04621818285119754,-0.030764730471685733
2024-04-05,0.035051748295530226,0.023406031802020805,0.035006229981652925,0.02338478300064395
2024-04-08,-1.7640160648584524e-05,0.00010340921994079131,-0.00015419510228048392,3.9662815810225825e-05
2024-04-09,0.01079734700040507,0.00723662110928333,0.010751828686527772,0.007215372307906475
2024-04-10,-0.02648625822991833,-0.01761911571093227,-0.02653177654379563,-0.017640364512309124
2024-04-11,0.04760231800375606,0.031773458635016925,0.04755679968987876,0.03175220983364007
2024-04-12,-0.04812760280343314,-0.03204648856977587,-0.04817312111731044,-0.032067737371152726
2024-04-15,-0.05025915872087593,-0.033390365916378624,-0.05039571366250782,-0.03345411232050919
2024-04-16,-2.400872176420619e-05,2.2574151336747276e-05,-6.952703564150602e-05,1.3253499598920776e-06
2024-04-17,-0.03690616468617554,-0.024565529824937475,-0.03695168300005284,-0.02458677862631433
2024-04-18,-0.017421532986586944,-0.011575775358545076,-0.01746705130046424,-0.01159702415992193
2024-04-19,-0.062369500247608935,-0.04154108686589307,-0.062415018561486235,-0.041562335667269926
2024-04-22,0.029263567447531072,0.01962478486255937,0.029127012505899174,0.019561038458428805
2024-04-23,0.04446821351313946,0.029683770363330923,0.04442269519926216,0.029662521561954067
2024-04-24,0.009860627564595159,0.006612331675576324,0.009815109250717859,0.006591082874199469
2024-04-25,-0.014792322550094763,-0.009822873298491937,-0.014837840863972062,-0.009844122099868792
2024-04-26,0.04599273422297154,0.030700497883552263,0.04594721590909424,0.030679249082175408
2024-04-29,0.011274522447865375,0.007632088196115571,0.011137967506233476,0.0075683417919850055
2024-04-30,-0.056870641027878734,-0.03787518071940627,-0.056916159341756034,-0.03789642952078313
2024-05-01,-0.021994174042841843,-0.014624202729381676,-0.022039692356719143,-0.014645451530758531
2024-05-02,0.037987411378682334,0.02536361598735946,0.037941893064805034,0.025342367185982605
2024-05-03,0.059993205337567065,0.04003405019089093,0.059947687023689765,0.040012801389514074
2024-05-06,0.03195364781311217,0.021418171772946772,0.031817092871480275,0.021354425368816207
2024-05-07,0.00017518384205355864,0.00015536919388192384,0.0001296655281762588,0.00013412039250506865
2024-05-08,-0.002074049875598241,-0.0013441199512192763,-0.0021195681894755412,-0.0013653687525961315
2024-05-09,0.0062425242918967595,0.004200262827110724,0.00619700597801946,0.004179014025733869
2024-05-10,0.006772236136521458,0.004553404056860524,0.006726717822644159,0.0045321552554836685
2024-05-13,0.006014353648798314,0.00412559430391259,0.005877798707166415,0.0040618478997820244
2024-05-14,0.018994176488088158,0.012701364291238325,0.018948658174210858,0.01268011548986147
2024-05-15,0.04658919467412103,0.03109794798440771,0.04654367636024373,0.031076699183030854
2024-05-16,-0.006395746545188541,-0.004225251064279476,-0.0064412648590658405,-0.004246499865656331
2024-05-17,-0.0017626479338632413,-0.0011365186567292762,-0.0018081662477405411,-0.0011577674581061315
2024-05-20,0.020011519145341376,0.013456752661099572,0.019874964203709475,0.013393006256969006
2024-05-21,0.005567118603672759,0.0037499923682947243,0.005521600289795459,0.003728743566917869
2024-05-22,-0.0008947572589423413,-0.0005579248734486762,-0.0009402755728196412,-0.0005791736748255314
2024-05-23,-0.013797034077661342,-0.009159442752594678,-0.013842552391538643,-0.009180691553971531
2024-05-24,0.028065912195933535,0.01874928319886026,0.028020393882056235,0.018728034397483405
2024-05-28,0.010122524657279152,0.0069030500444710536,0.009940451401769954,0.006818054838963633
2024-05-29,-0.02144793574327746,-0.014259948760613737,-0.021493454057154762,-0.014281197561990592
2024-05-30,-0.03244300416108577,-0.02158999437248594,-0.03248852247496307,-0.021611243173862794
2024-05-31,-0.0058834671645669615,-0.003883636374806736,-0.005928985478444261,-0.0039048851761835915
2024-06-03,0.015201420136145574,0.010250019988302371,0.015064865194513674,0.010186273584171806
2024-06-04,0.007907073800974738,0.005310057602221064,0.00786155548709744,0.0052888088008442085
2024-06-05,0.06017731268916166,0.040156788425287325,0.06013179437528436,0.04013553962391047
2024-06-06,-0.0013378496459506414,-0.0008533197981208762,-0.0013833679598279412,-0.0008745685994977315
2024-06-07,-0.0029567614048621417,-0.0019325943040618763,-0.0030022797187394413,-0.0019538431054387313
2024-06-10,0.011209276900011713,0.00758887647138819,0.011072721958379814,0.0075251300672576245
2024-06-11,0.020286229063607556,0.013562732674917925,0.02024071074973026,0.01354148387354107
2024-06-12,0.038991091997952164,0.026032641297814324,0.03894557368407486,0.02601139249643747
2024-06-13,0.01595861115443716,0.010677654068804322,0.015913092840559858,0.010656405267427468
2024-06-14,0.01524138526092766,0.010199503473131324,0.015195866947050359,0.01017825467175447
2024-06-17,0.035843253185191375,0.024011242020999572,0.03570669824355948,0.023947495616869006
2024-06-18,0.0006254660040490586,0.0004555573018789238,0.0005799476901717588,0.0004343085005020686
2024-06-20,-0.023727396677908855,-0.015741294715285188,-0.023818433305663453,-0.0157837923180389
2024-06-21,-0.008339164902909478,-0.005520958400279294,-0.008384683216786776,-0.005542207201656149
2024-06-24,-0.03505706321089478,-0.023256206146890005,-0.03519361815252668,-0.02331995255102057
2024-06-25,0.034005036845959624,0.022708509432300107,0.033959518532082324,0.022687260630923252
2024-06-26,0.005894548772480072,0.0039680889573333305,0.005849030458602772,0.003946840155956475
2024-06-27,0.007442124819571922,0.004999901414708305,0.0073966065056946225,0.004978652613331451
2024-06-28,-0.01587383089385013,-0.01054416415355347,-0.015919349207727432,-0.010565412954930326
2024-07-01,0.016694066522280174,0.01124426174523397,0.016557511580648276,0.011180515341103404
2024-07-02,0.03119735944480632,0.020836724498197904,0.03115184113092902,0.02081547569682105
2024-07-03,0.024709824797803624,0.016511701400196106,0.024664306483926323,0.01649045259881925
2024-07-05,0.030677181713303338,0.02052842421218961,0.03058614508554874,0.0204859266094359
2024-07-08,0.006231548948655815,0.004269535292810391,0.006094994007023916,0.004205788888679825
2024-07-09,0.0022931468537300717,0.0015671543448333304,0.002247628539852772,0.0015459055434564753
2024-07-10,0.030978316283429067,0.02069060063129933,0.030932797969551767,0.020669351829922473
2024-07-11,-0.06609137419682344,-0.04402252635553567,-0.06613689251070075,-0.044043775156912525
2024-07-12,0.017324259362902723,0.011587705846935806,0.017278741049025423,0.011566457045558951
2024-07-15,0.007164053749490169,0.004890634647995418,0.00702749880785827,0.0048268882438648525
2024-07-16,0.0008494772959827163,0.0006044227242895027,0.0008039589821054164,0.0005831739229126475
2024-07-17,-0.08836380705804539,-0.0588711001783959,-0.08840932537192268,-0.05889234897977275
2024-07-18,-0.014496832921528183,-0.009626450754051098,-0.014542351235405482,-0.009647699555427953
2024-07-19,-0.026891087333203577,-0.017889191950468394,-0.026936605647080877,-0.01791044075184525
2024-07-22,0.043795537399517144,0.029311338513914507,0.04365898245788525,0.02924759210978394
2024-07-23,-0.01087273824386312,-0.007210482708770066,-0.01091825655774042,-0.007231731510146921
2024-07-24,-0.10790892880425483,-0.07190137148398998,-0.10795444711813214,-0.07192262028536683
2024-07-25,-0.033381636273483034,-0.022216509796808774,-0.033427154587360335,-0.02223775859818563
2024-07-26,0.030470449717546613,0.0203514524671221,0.030424931403669312,0.020330203665745245
2024-07-29,0.005135224587810792,0.0035366558491554297,0.004998669646178892,0.0034729094450248643
2024-07-30,-0.041490519210890434,-0.027622716930738922,-0.041536037524767734,-0.027643965732115777
2024-07-31,0.08848537580440108,0.05902778469730724,0.08843985749052377,0.059006535895930384
2024-08-01,-0.07296110274337533,-0.04860310595239552,-0.07300662105725264,-0.04862435475377237
2024-08-02,-0.07149943889797715,-0.047628948520636524,-0.07154495721185444,-0.04765019732201338
2024-08-05,-0.09032063302893549,-0.06010371853040891,-0.0904571879705674,-0.06016746493453948
2024-08-06,0.028372204142491413,0.0189518617516447,0.028326685828614112,0.018930612950267843
2024-08-07,-0.03278252199441669,-0.0218179556729607,-0.03282804030829398,-0.021839204474337556
2024-08-08,0.0914797754016947,0.061023575924446904,0.09143425708781741,0.06100232712307005
2024-08-09,0.01537450141444221,0.0102867265996119,0.01532898310056491,0.010265477798235044
2024-08-12,0.005581440997579539,0.0038321376350043024,0.005444886055947639,0.003768391230873737
2024-08-13,0.07414614372418714,0.04946763143842092,0.07410062541030983,0.04944638263704407
2024-08-14,0.0006820386239557146,0.0004914663617216518,0.0006365203100784148,0.00047021756034479665
2024-08-15,0.07549735867535434,0.05036844140586572,0.07545184036147703,0.05034719260448887
2024-08-16,0.0035641015899938126,0.002413126716646301,0.003518583276116513,0.002391877915269446
2024-08-19,0.038530590267501386,0.02579795208945493,0.03839403532586949,0.025734205685324363
2024-08-20,-0.006587132992162685,-0.004354648049023948,-0.006632651306039986,-0.004375896850400803
2024-08-21,0.013702128794241054,0.009171336470084371,0.013656610480363754,0.009150087668707516
2024-08-22,-0.047853707015083805,-0.03186607738850116,-0.047899225328961105,-0.03188732618987802
2024-08-23,0.03224644494595956,0.021534213904563372,0.03220092663208226,0.021512965103186517
2024-08-26,-0.029990416703986444,-0.019884714227992185,-0.030126971645618342,-0.01994846063212275
2024-08-27,0.008675500690807369,0.005819681169052079,0.00862998237693007,0.005798432367675224
2024-08-28,-0.03432943164477703,-0.022850273721337522,-0.03437494995865433,-0.022871522522714377
2024-08-29,-0.004677415262640629,-0.0030824527272578202,-0.004722933576517929,-0.003103701528634675
2024-08-30,0.03547140788944457,0.023683619301476878,0.03542588957556727,0.023662370500100022
2024-09-03,-0.09222954568051793,-0.06134230761962328,-0.09241161893602713,-0.0614273028251307
2024-09-04,-0.008081712828993762,-0.005351889476918637,-0.008127231142871063,-0.005373138278295492
2024-09-05,0.0025150034295230704,0.0017124930675179798,0.0024694851156457707,0.0016912442661411245
2024-09-06,-0.08064632527745513,-0.053728582645032115,-0.08069184359133243,-0.05374983144640897
2024-09-09,0.037727196363231116,0.025258082021995643,0.037590641421599215,0.025194335617865077
2024-09-10,0.02744372296753327,0.01833097483360783,0.02739820465365597,0.018309726032230973
2024-09-11,0.06486671659353822,0.04327925759066086,0.06482119827966093,0.04325800878928401
2024-09-12,0.029166838067430666,0.019479718233539427,0.029121319753553365,0.019458469432162572
2024-09-13,0.013160436648605832,0.00880840429403926,0.013114918334728531,0.008787155492662405
2024-09-16,-0.014080074097777359,-0.009284369135764347,-0.014216629039409257,-0.009348115539894912
2024-09-17,0.0013111524068939156,0.0009079326554982522,0.0012656340930166158,0.000886683854121397
2024-09-18,-0.013262089981539986,-0.008807562270124348,-0.013307608295417285,-0.008828811071501203
2024-09-19,0.07558457007339871,0.05042259610781685,0.07553905175952141,0.05040134730644
2024-09-20,-0.005975605050656817,-0.003951233169203864,-0.006021123364534116,-0.003972481970580719
2024-09-23,0.007163330833430869,0.004871642831239618,0.0070267758917989705,0.004807896427109052
2024-09-24,0.014209651263384098,0.009504846217565293,0.014164132949506797,0.009483597416188438
2024-09-25,0.0025219183685893823,0.0017127400591934855,0.002476400054712082,0.0016914912578166303
2024-09-26,0.022279339351037517,0.014884448785483454,0.02223382103716022,0.014863199984106599
2024-09-27,-0.016930566475107118,-0.011255583169937515,-0.01697608478898442,-0.01127683197131437
2024-09-30,0.007356857548637646,0.004998955139493456,0.0072203026070057465,0.004935208735362891
2024-10-01,-0.04205736336280726,-0.028006591614243636,-0.04210288167668456,-0.02802784041562049
2024-10-02,0.003979146401365082,0.0026842254143772857,0.003933628087487782,0.0026629766130004304
2024-10-03,-0.0024993158182171488,-0.00163493886012678,-0.0025448341320944484,-0.0016561876615036352
2024-10-04,0.03543612547543365,0.023655355335640418,0.03539060716155635,0.023634106534263562
2024-10-07,-0.032918488466379604,-0.021850422851658717,-0.0330550434080115,-0.021914169255789283
2024-10-08,0.04454147655476364,0.029726252588384964,0.04449595824088634,0.02970500378700811
2024-10-09,0.0233440089676945,0.015594418020438894,0.0232984906538172,0.015573169219062039
2024-10-10,-0.0036683687242345248,-0.0024137390216534675,-0.0037138870381118244,-0.0024349878230303227
2024-10-11,0.004427663236812775,0.0029836156190447324,0.004382144922935475,0.002962366817667877
2024-10-14,0.024390988809046797,0.016355895331958883,0.024254433867414896,0.016292148927828317
2024-10-15,-0.0403615337781923,-0.02687594381015231,-0.040407052092069594,-0.026897192611529164
2024-10-16,0.00010623330358903587,0.00010247283002056247,6.071498971173603e-05,8.12240286437073e-05
2024-10-17,0.0018175681513423222,0.0012432679856866555,0.0017720498374650226,0.0012220191843098005
2024-10-18,0.019402655029382276,0.012966943480757732,0.019357136715504975,0.012945694679380877
2024-10-21,0.004980310178270697,0.003415442911441482,0.004843755236638797,0.0033516965073109167
2024-10-22,0.0030094320029524224,0.002037843886760056,0.002963913689075123,0.002016595085383201
2024-10-23,-0.04623119452310868,-0.030789240463947345,-0.04627671283698598,-0.0308104892653242
2024-10-24,0.024066104853391033,0.016075720529888562,0.024020586539513732,0.016054471728511707
2024-10-25,0.01802087721534798,0.012045379290365884,0.01797535890147068,0.012024130488989029
2024-10-28,-0.0002972082489886922,-0.00010318694977551255,-0.0004337631906205917,-0.00016693335390607808
2024-10-29,0.028566533303353046,0.01907572194922257,0.028521014989475745,0.019054473147845714
2024-10-30,-0.022931852282912252,-0.015256535108287632,-0.022977370596789552,-0.015277783909664487
2024-10-31,-0.075985874215977,-0.050626072515425447,-0.07603139252985429,-0.0506473213168023
2024-11-01,0.021940712699771193,0.01465803462042259,0.021895194385893896,0.014636785819045735
2024-11-04,-0.009502662074291733,-0.006243281881012934,-0.009639217015923632,-0.006307028285143499
2024-11-05,0.0380148489750337,0.025374125470597593,0.037969330661156396,0.025352876669220738
2024-11-06,0.0812342245165942,0.054186947794217205,0.08118870620271691,0.05416569899284035
2024-11-07,0.0469768458643702,0.03134879006348859,0.046931327550492896,0.031327541262111736
2024-11-08,0.003249592050571011,0.0021971928168684,0.003204073736693711,0.0021759440154915446
2024-11-11,-0.0025169085404069683,-0.0015855446774748006,-0.002653463482038868,-0.0016492910816053661
2024-11-12,-0.005685297370166889,-0.0037594001302902,-0.005730815684044189,-0.0037806489316670553
2024-11-13,-0.004115889855816489,-0.0027131284540566,-0.004161408169693789,-0.0027343772554334553
2024-11-14,-0.021102673726855693,-0.014037935117961602,-0.021148192040732993,-0.014059183919338457
2024-11-15,-0.07173211196096702,-0.04779079925113971,-0.07177763027484432,-0.04781204805251656
2024-11-18,0.020079871702107264,0.013478407303253066,0.019943316760475362,0.0134146608991225
2024-11-19,0.02038393726595823,0.01361999492788106,0.02033841895208093,0.013598746126504205
2024-11-20,-0.0019821387988959117,-0.0012908171430923113,-0.0020276571127732113,-0.0013120659444691666
2024-11-21,0.01053685773500043,0.00705527524057586,0.01049133942112313,0.007034026439199005
2024-11-22,0.004556502029235411,0.003068466135978,0.004510983715358111,0.0030472173346011446
2024-11-25,0.003978669829937132,0.0027448409027545995,0.003842114888305232,0.0026810944986240337
2024-11-26,0.015852633531058532,0.010599125771281259,0.01580711521718123,0.010577876969904405
2024-11-27,-0.02387420101636069,-0.0158856199776316,-0.023919719330237992,-0.015906868779008456
2024-11-29,0.025853174014243713,0.017296477409380194,0.025762137386489112,0.017253979806626484
2024-12-02,0.03190413700478526,0.021360682715517516,0.03176758206315336,0.02129693631138695
2024-12-03,0.008946410255569347,0.005994598172384918,0.008900891941692047,0.005973349371008063
2024-12-04,0.03683684830586097,0.024588034194002725,0.036791329991983666,0.02456678539262587
2024-12-05,-0.00856445101810549,-0.00567959335400405,-0.00860996933198279,-0.005700842155380905
2024-12-06,0.026598640097577574,0.017762372729261133,0.026553121783700274,0.017741123927884277
2024-12-09,-0.024108456864820535,-0.015983318441540634,-0.024245011806452436,-0.0160470648456712
2024-12-10,-0.010470390176844788,-0.0069506927140658495,-0.010515908490722089,-0.006971941515442705
2024-12-11,0.05345886787139389,0.03566871801509224,0.05341334955751659,0.03564746921371539
2024-12-12,-0.019606307637719818,-0.013041682870967814,-0.01965182595159712,-0.01306293167234467
2024-12-13,0.022718819477244936,0.015174784702544913,0.022673301163367635,0.015153535901168058
2024-12-16,0.042469481991948416,0.028399703147777143,0.04233292705031652,0.028335956743646577
2024-12-17,-0.013456661511312681,-0.008942013403686097,-0.013502179825189982,-0.008963262205062952
2024-12-18,-0.10847658899934612,-0.07228853711205202,-0.10852210731322341,-0.07230978591342888
2024-12-19,-0.01360517172128588,-0.009041020210334896,-0.01365069003516318,-0.009062269011711751
2024-12-20,0.025953814293040233,0.017331447913075112,0.025908295979162933,0.017310199111698257
2024-12-23,0.02849515344054612,0.019083484113508943,0.028358598498914218,0.019019737709378377
2024-12-24,0.04043459874638853,0.02698539882262691,0.04038908043251123,0.026964150021250053
2024-12-26,-0.002531570023878014,-0.001628957077254668,-0.0026226066516326137,-0.0016714546800083783
2024-12-27,-0.040123840117215266,-0.02672022708644229,-0.04016935843109257,-0.026741475887819145
2024-12-30,-0.040624614137049805,-0.026997496081033117,-0.04076116907868171,-0.027061242485163683
2024-12-31,-0.025729163319097168,-0.01712387049501649,-0.02577468163297447,-0.017145119296393344
2025-01-02,-0.006356277448835624,-0.004179708197127172,-0.006447314076590223,-0.004222205799880883
2025-01-03,0.04885162271225857,0.032596558923402234,0.04880610439838127,0.03257531012202538
2025-01-06,0.03375187812890727,0.022587115860223123,0.03361532318727538,0.022523369456092558
2025-01-07,-0.05377578065780705,-0.03582180458762583,-0.05382129897168435,-0.035843053389002684
2025-01-08,0.0002815872889685474,0.00021644071022456827,0.00023606897509124758,0.00019519190884771307
2025-01-10,-0.04752963302146541,-0.031628990312485866,-0.04762066964922001,-0.03167148791523958
2025-01-13,-0.010371975428830893,-0.006828218940197714,-0.010508530370462793,-0.006891965344328279
2025-01-14,-0.0030927322428152618,-0.002032916444161886,-0.0031382505566925614,-0.0020541652455387414
2025-01-15,0.06877570621298257,0.045879281257218234,0.06873018789910526,0.04585803245584138
2025-01-16,-0.021261052751971554,-0.014145319317068833,-0.021306571065848854,-0.014166568118445688
2025-01-17,0.05039242077282984,0.03362366303279877,0.05034690245895254,0.033602414231421913
2025-01-21,0.016624771494659768,0.011197666028819763,0.01644269823915057,0.011112670823312343
2025-01-22,0.03811490136854707,0.025438744694261228,0.03806938305466977,0.025417495892884372
2025-01-23,0.006134122479841869,0.004118225435124429,0.0060886041659645685,0.004096976633747574
2025-01-24,-0.017197041995329135,-0.011435884214989573,-0.017242560309206432,-0.011457133016366429
2025-01-27,-0.08807282894003776,-0.058629071740621895,-0.08820938388166966,-0.05869281814475246
2025-01-28,0.04409700563344539,0.029426625013725238,0.044051487319568094,0.029405376212348382
2025-01-29,-0.005876058620920408,-0.0038887511558519596,-0.005921576934797708,-0.003909999957228814
2025-01-30,0.012544622567418692,0.00839170296970744,0.012499104253541391,0.008370454168330585
2025-01-31,-0.004601307906966268,-0.0030390119345330394,-0.004646826220843568,-0.0030602607359098946
2025-02-03,-0.024736527804373225,-0.01640515476196388,-0.024873082746005127,-0.016468901166094445
2025-02-04,0.036582180980443565,0.024416931102192226,0.036536662666566265,0.02439568230081537
2025-02-05,0.013370985144015069,0.008942800544573228,0.013325466830137769,0.008921551743196372
2025-02-06,0.015415191169729267,0.010305604561716027,0.015369672855851967,0.010284355760339172
2025-02-07,-0.03808365736594973,-0.02536029446206997,-0.03812917567982703,-0.025381543263446826
2025-02-10,0.035581502432629586,0.023808000596856727,0.035444947490997684,0.02374425419272616
2025-02-11,-0.007386198107707161,-0.004895227020756486,-0.0074317164215844615,-0.0049164758221333415
2025-02-12,0.0015174540425592386,0.0010405410794211136,0.0014719357286819387,0.0010192922780442586
2025-02-13,0.04291274863926424,0.028637404143891113,0.04286723032538694,0.028616155342514257
2025-02-14,0.01235291921170747,0.008264089923034828,0.01230740089783017,0.008242841121657973
2025-02-18,0.0058262795780810745,0.003999428179640115,0.005644206322571875,0.0039144329741326945
2025-02-19,0.0005903833915503384,0.00042249397874851374,0.0005448650776730385,0.00040124517737165854
2025-02-20,-0.012977395846091632,-0.008622786782164573,-0.013022914159968932,-0.008644035583541428
2025-02-21,-0.06250694892948905,-0.04164258343541383,-0.06255246724336636,-0.04166383223679068
2025-02-24,-0.03614153950929916,-0.024008212120129494,-0.03627809445093105,-0.024071958524260056
2025-02-25,-0.03803952141424917,-0.025331154272721642,-0.03808503972812647,-0.025352403074098497
2025-02-26,0.007004367368004631,0.0046981049154475605,0.0069588490541273315,0.004676856114070705
2025-02-27,-0.0835558939913531,-0.05567530806947375,-0.08360141230523041,-0.05569655687085061
2025-02-28,0.04713178126615988,0.03144980876886824,0.04708626295228259,0.03142855996749139
2025-03-03,-0.06637430138854772,-0.04416367048474688,-0.06651085633017961,-0.04422741688887744
2025-03-04,-0.009296065666980952,-0.0061686612604084316,-0.009341583980858253,-0.006189910061785287
2025-03-05,0.03886545988795089,0.02593892785006224,0.0388199415740736,0.025917679048685385
2025-03-06,-0.08277121337512895,-0.05515209306584043,-0.08281673168900625,-0.055173341867217285
2025-03-07,0.02181825448001499,0.01457412424477164,0.021772736166137688,0.014552875443394784
2025-03-10,-0.11699661140250242,-0.07791187716071667,-0.11713316634413432,-0.07797562356484723
2025-03-11,-0.007412916388758268,-0.004913417589061039,-0.007458434702635568,-0.004934666390437895
2025-03-12,0.03359991988282329,0.02242856784664384,0.033554401568946,0.022407319045266983
2025-03-13,-0.05421452725949736,-0.03611430232208603,-0.05426004557337466,-0.03613555112346289
2025-03-14,0.07226908809143949,0.048208013319054645,0.07222356977756218,0.04818676451767779
2025-03-17,0.018724157435943876,0.012568635398247522,0.018587602494311975,0.012504888994116956
2025-03-18,-0.051384825744711815,-0.034227929238379556,-0.05143034405858911,-0.03424917803975641
2025-03-19,0.03990189243782379,0.026629882883310838,0.0398563741239465,0.026608634081933983
2025-03-20,-0.010411223280827608,-0.006912194262456759,-0.010456741594704909,-0.006933443063833615
2025-03-21,0.009648432645715832,0.0064608151005883605,0.009602914331838531,0.006439566299211505
2025-03-24,0.06510737913879669,0.04349049943619788,0.0649708241971648,0.04342675303206731
2025-03-25,0.01687810418356953,0.011280596125824159,0.016832585869692232,0.011259347324447305
2025-03-26,-0.055443858222928466,-0.036934045478507836,-0.055489376536805766,-0.03695529427988469
2025-03-27,-0.017336576914203507,-0.01152909668470736,-0.017382095228080808,-0.011550345486084215
2025-03-28,-0.07922568560036541,-0.05278850247548195,-0.07927120391424272,-0.05280975127685881
2025-03-31,-0.0008554826949103101,-0.0004844580223219359,-0.0009920376365422097,-0.0005482044264525015
2025-04-01,0.023940434622203646,0.015989005599047968,0.02389491630832635,0.015967756797671113
2025-04-02,0.02165317352783079,0.01446407027664884,0.02160765521395349,0.014442821475271985
2025-04-03,-0.16084375578055113,-0.10720045466945523,-0.16088927409442844,-0.10722170347083208
2025-04-04,-0.18656888655265402,-0.12435063644367436,-0.18661440486653133,-0.12437188524505122
2025-04-07,0.006517376379141523,0.004429930112020745,0.006380821437509623,0.004366183707890179
2025-04-08,-0.05426620256097533,-0.03614913086534142,-0.05431172087485263,-0.03617037966671827
2025-04-09,0.3598506106325626,0.23992893375848617,0.3598050923186853,0.23990768495710932
2025-04-10,-0.12784149835506148,-0.08519866591167309,-0.12788701666893879,-0.08521991471304995
2025-04-11,0.055025794489845674,0.03671267344179364,0.05498027617596837,0.03669142464041678
2025-04-14,0.019602361170313016,0.013154955933353541,0.019465806228681114,0.013091209529222976
2025-04-15,0.0031006752147147688,0.002095927258373029,0.003055156900837469,0.002074678456996174
2025-04-16,-0.09070406875709243,-0.06044056872283177,-0.09074958707096974,-0.06046181752420862
2025-04-17,-0.0007831048856466527,-0.0004933540728522318,-0.0008286231995239525,-0.000514602874229087
2025-04-21,-0.07521687340852096,-0.05002896206815415,-0.07539894666403016,-0.05011395727366157
2025-04-22,0.07851255570878887,0.052370514254422434,0.07846703739491157,0.05234926545304558
2025-04-23,0.06779111500344037,0.04522288711752343,0.06774559668956306,0.045201638316146577
2025-04-24,0.08416795264127946,0.056140778876082834,0.08412243432740216,0.05611953007470598
2025-04-25,0.03320082632032225,0.02216260006446037,0.03315530800644495,0.022141351263083513
2025-04-28,-0.0016813651145362576,-0.0010347625236208952,-0.001817920056168157,-0.0010985089277514607
2025-04-29,0.01957088776697199,0.01307587976940964,0.01952536945309469,0.013054630968032785
2025-04-30,-0.000620848154049208,-0.0003852775112711594,-0.0006663664679265078,-0.0004065263126480146
2025-05-01,0.03893972501374209,0.02598843793392304,0.0388942066998648,0.025967189132546184
2025-05-02,0.04428929684692359,0.02955481915604404,0.0442437785330463,0.029533570354667183
2025-05-05,-0.018528310968317196,-0.012265775966521914,-0.018664865909949094,-0.01232952237065248
2025-05-06,-0.028148596477964034,-0.018736920536746172,-0.02819411479184133,-0.018758169338123028
2025-05-07,0.011534252644063568,0.007718312211272229,0.011488734330186268,0.007697063409895373
2025-05-08,0.030730995903436864,0.020516141050854426,0.030685477589559567,0.02049489224947757
2025-05-09,-0.0022101989112794616,-0.0014445608898046864,-0.0022557172251567613,-0.0014658096911815415
2025-05-12,0.12149014077391161,0.08107985852829729,0.1213535858322797,0.08101611212416672
2025-05-13,0.04547341053671739,0.030345269069480388,0.04542789222284009,0.030324020268103533
2025-05-14,0.017731745164842487,0.011850636210724639,0.017686226850965187,0.011829387409347783
2025-05-15,0.003049418637403689,0.0020624185257654393,0.0030039003235263896,0.002041169724388584
2025-05-16,0.0128112552866758,0.008570120367121244,0.0127657369727985,0.008548871565744388
2025-05-19,0.00214065638620476,0.0015143870690369134,0.00200410144457286,0.0014506406649063479
2025-05-20,-0.010246870238433757,-0.006801868689623834,-0.010292388552311058,-0.006823117491000689
2025-05-21,-0.04193630854946142,-0.027928350145462216,-0.04198182686333872,-0.02794959894683907
2025-05-22,0.005369026018494029,0.003608350337363909,0.0053235077046167294,0.003587101535987054
2025-05-23,-0.02802736508005688,-0.018655815782848896,-0.02807288339393418,-0.01867706458422575
2025-05-27,0.06959725265077721,0.04651416706732303,0.069415179395268,0.04642917186181561
2025-05-28,-0.013540984077479971,-0.008998323059952093,-0.013586502391357272,-0.009019571861328948
2025-05-29,0.005653032314193629,0.003797687867830309,0.0056075140003163295,0.0037764390664534538
2025-05-30,-0.004976838509709981,-0.0032887980692842956,-0.00502235682358728,-0.003310046870661151
2025-06-02,0.022958850609308155,0.015393183217772511,0.022822295667676257,0.015329436813641946
2025-06-03,0.023205937981803818,0.015499719591724904,0.023160419667926518,0.015478470790348049
2025-06-04,0.008118624617421627,0.005441416069982308,0.008073106303544329,0.005420167268605454
2025-06-05,-0.022825968006721282,-0.015188217733958497,-0.022871486320598582,-0.015209466535335352
2025-06-06,0.029080336750333717,0.019415985437411503,0.029034818436456417,0.019394736636034648
2025-06-09,0.00368035789591446,0.0025408547421767133,0.00354380295428256,0.002477108338046148
2025-06-10,0.01959647057907592,0.013093407989906304,0.01955095226519862,0.013072159188529449
2025-06-11,-0.010354230463172517,-0.006873631421269614,-0.010399748777049815,-0.006894880222646469
2025-06-12,0.006796943650993983,0.004560484654841386,0.006751425337116683,0.004539235853464531
2025-06-13,-0.037909759555277894,-0.025243889527514555,-0.037955277869155195,-0.02526513832889141
2025-06-16,0.04099210980044635,0.027415639862833758,0.04085555485881445,0.027351893458703192
2025-06-17,-0.02949804725131977,-0.01963636517584529,-0.02954356556519707,-0.019657613977222144
2025-06-18,-0.0007548367337405617,-0.00047431943811208633,-0.0008003550476178616,-0.0004955682394889415
2025-06-20,-0.012737883843133723,-0.008434112459992572,-0.012828920470888324,-0.008476610062746283
2025-06-23,0.03011829691539404,0.020165012162999305,0.029981741973762143,0.020101265758868742
2025-06-24,0.04563403895013633,0.030451219303535358,0.04558852063625903,0.030429970502158503
2025-06-25,0.007428100826697631,0.00498059388790956,0.007382582512820332,0.004959345086532705
2025-06-26,0.027809118638849727,0.018567939096010958,0.02776360032497243,0.018546690294634103
2025-06-27,0.010027529600274847,0.006713735584428769,0.009982011286397547,0.006692486783051913
2025-06-30,0.018703737515752477,0.012555022118119923,0.018567182574120576,0.012491275713989357
2025-07-01,-0.02553310393715457,-0.01699306963306849,-0.02557862225103187,-0.017014318434445345
2025-07-02,0.020651550387575424,0.013796699916751507,0.020606032073698124,0.013775451115374652
2025-07-03,0.029276134946754025,0.01954642295620391,0.029230616632876724,0.019525174154827053
2025-07-07,-0.023582272654518163,-0.015604759552963853,-0.023764345910027365,-0.015689754758471276
2025-07-08,0.0014393076190348836,0.000988727300201986,0.0013937893051575835,0.0009674784988251311
2025-07-09,0.020990637131086082,0.014022946974902785,0.020945118817208782,0.01400169817352593
2025-07-10,-0.004559970194242916,-0.0030107912419832135,-0.0046054885081202165,-0.0030320400433600687
2025-07-11,-0.006996917851767681,-0.0046355176306560955,-0.00704243616564498,-0.004656766432032951
2025-07-14,0.010144799204771458,0.0068504822814147125,0.010008244263139558,0.006786735877284147
2025-07-15,0.0025050110553877835,0.0016991962577705862,0.002459492741510484,0.0016779474563937311
2025-07-16,0.00282627257470372,0.0019132759869915042,0.0027807542608264202,0.001892027185614649
2025-07-17,0.024033630619902026,0.01605142007163591,0.023988112306024725,0.016030171270259054
2025-07-18,-0.003128286492162571,-0.002056524669740491,-0.003173804806039871,-0.0020777734711173463
2025-07-21,0.014819939244198686,0.009966958471236126,0.014683384302566787,0.00990321206710556
2025-07-22,-0.015771602165605775,-0.010485401785369292,-0.015817120479483075,-0.010506650586746148
2025-07-23,0.013439385590532328,0.008988590052056107,0.013393867276655029,0.008967341250679252
2025-07-24,0.006139368143464719,0.004122006366165504,0.00609384982958742,0.004100757564788649
2025-07-25,0.00697604366653252,0.004679790048210704,0.00693052535265522,0.004658541246833849
2025-07-28,0.00863984830008276,0.005847181678288913,0.00850329335845086,0.005783435274158347
2025-07-29,-0.004891485108448471,-0.003231990413931091,-0.00493700342232577,-0.003253239215307946
2025-07-30,0.003774587039570429,0.002545391018081509,0.003729068725693129,0.002524142216704654
2025-07-31,-0.016142751621654083,-0.010732740143913696,-0.016188269935531383,-0.010753988945290551
2025-08-01,-0.05934102465924777,-0.03953168344779729,-0.05938654297312507,-0.039552932249174146
2025-08-04,0.05462978437699149,0.03650543626166108,0.054493229435359586,0.03644168985753051
2025-08-05,-0.020609213101470774,-0.013711232465824293,-0.020654731415348074,-0.013732481267201148
2025-08-06,0.037509660012762125,0.025034682943664305,0.037464141698884824,0.02501343414228745
2025-08-07,0.009913829653617588,0.006637273571758139,0.009868311339740287,0.006616024770381284
2025-08-08,0.027745661050509286,0.018525161169685937,0.027700142736631985,0.018503912368309082
2025-08-11,-0.009593440294417234,-0.006311465454905584,-0.009729995236049133,-0.00637521185903615
2025-08-12,0.03746650932583306,0.02500582125039092,0.037420991011955757,0.024984572449014066
2025-08-13,0.0012609943141637884,0.0008687166787889385,0.0012154760002864883,0.0008474678774120834
2025-08-14,-0.0025630651001425806,-0.001680939926563896,-0.0026085834140198803,-0.0017021887279407512
2025-08-15,-0.01343036242394055,-0.008925710259765782,-0.013475880737817851,-0.008946959061142637
2025-08-18,-0.0019089919566655505,-0.0011890672358599416,-0.0020455468982974495,-0.0012528136399905072
2025-08-19,-0.040941877626371415,-0.027266531281567863,-0.040987395940248715,-0.027287780082944718
2025-08-20,-0.01804936682722365,-0.012005046528621182,-0.018094885141100952,-0.012026295329998037
2025-08-21,-0.01412714427858645,-0.009390231496196381,-0.01417266259246375,-0.009411480297573237
2025-08-22,0.04604297505265319,0.03072337050444854,0.04599745673877589,0.030702121703071683
2025-08-25,-0.009364507992321365,-0.006159978541120899,-0.009501062933953265,-0.006223724945251465
2025-08-26,0.01180928414001128,0.007900531689038634,0.01176376582613398,0.007879282887661779
2025-08-27,0.004373789332107378,0.0029435351504360336,0.004328271018230079,0.0029222863490591783
2025-08-28,0.01854426432798164,0.012390329406507465,0.01849874601410434,0.01236908060513061
2025-08-29,-0.03496230384833895,-0.023280716044372932,-0.03500782216221625,-0.023301964845749788
2025-09-02,-0.026076138384943798,-0.01727528047408762,-0.026258211640452996,-0.01736027567959504
2025-09-03,0.023368732588564495,0.015606358004678394,0.0233232142746872,0.015585109203301539
2025-09-04,0.026922042407773746,0.017975042191257017,0.02687652409389645,0.017953793389880162
2025-09-05,0.004096895916835584,0.0027580888570457366,0.004051377602958283,0.0027368400556688813
2025-09-08,0.013954176022030399,0.009380707875329432,0.013817621080398499,0.009316961471198867
2025-09-09,0.00827141215616428,0.0055405327783279845,0.008225893842286981,0.005519283976951129
2025-09-10,0.0007533327933182796,0.0005284798697639842,0.0007078144794409797,0.0005072310683871291
2025-09-11,0.017234180822749894,0.011515617422115543,0.017188662508872594,0.011494368620738687
2025-09-12,0.013023592607657796,0.008708558612054142,0.012978074293780496,0.008687309810677286
2025-09-15,0.024987920045623783,0.01673710398459603,0.024851365103991885,0.016673357580465464
2025-09-16,-0.002761202605765147,-0.001814921569761929,-0.002806720919642447,-0.0018361703711387842
2025-09-17,-0.006213282188136401,-0.004116402405986106,-0.006258800502013701,-0.004137651207362961
2025-09-18,0.026826551032941227,0.01790996419324546,0.026781032719063926,0.017888715391868603
2025-09-19,0.020083251126289017,0.013414525360476453,0.02003773281241172,0.013393276559099597
2025-09-22,0.017085724042515352,0.01146755652386156,0.016949169100883454,0.011403810119730995
2025-09-23,-0.02014991806742493,-0.01340787073586597,-0.02019543638130223,-0.013429119537242825
2025-09-24,-0.010754978393491826,-0.007144577619910568,-0.010800496707369127,-0.0071658264212874235
2025-09-25,-0.013157574933400761,-0.008746214217826787,-0.01320309324727806,-0.008767463019203642
2025-09-26,0.012108012733917118,0.008097699765561852,0.012062494420039817,0.008076450964184996
2025-09-29,0.01322213642965932,0.008891264833094043,0.01308558148802742,0.008827518428963477
2025-09-30,0.007994270088647676,0.005354921368182432,0.007948751774770375,0.005333672566805577
2025-10-01,0.014167934430563975,0.00947069759612663,0.014122416116686675,0.009449448794749776
2025-10-02,0.012110799280868544,0.008099179739127415,0.012065280966991243,0.00807793093775056
2025-10-03,-0.012852476844087326,-0.00854290992030757,-0.012897995157964626,-0.008564158721684425
2025-10-06,0.021859365687678118,0.014649417671773243,0.02172281074604622,0.014585671267642677
2025-10-07,-0.016019841898186827,-0.010654486623040568,-0.016065360212064127,-0.010675735424417424
2025-10-08,0.03416864832651795,0.022804412436227016,0.03412313001264065,0.02278316363485016
2025-10-09,-0.003853328901324757,-0.002543572382334784,-0.003898847215202057,-0.002564821183711639
2025-10-10,-0.10436658048894956,-0.06955221792152598,-0.10441209880282686,-0.06957346672290284
2025-10-13,0.06299475885675351,0.042072729831754294,0.06285820391512162,0.04200898342762373
2025-10-14,-0.020205966556979427,-0.01344523639556897,-0.020251484870856727,-0.013466485196945824
2025-10-15,0.02094773997085334,0.013990473532450615,0.020902221656976038,0.01396922473107376
2025-10-16,-0.011332490112328161,-0.007529491003778386,-0.01137800842620546,-0.007550739805155241
2025-10-17,0.019477187599186773,0.013010199708541831,0.019431669285309473,0.012988950907164976
2025-10-20,0.03713594746547599,0.02483295570881703,0.036999392523844085,0.024769209304686464
2025-10-21,-0.0010046333330363273,-0.0006448196507508192,-0.0010501516469136273,-0.0006660684521276744
2025-10-22,-0.02912169625760806,-0.019389622666902383,-0.02916721457148536,-0.019410871468279238
2025-10-23,0.024999797244896538,0.016691373001434015,0.024954278931019237,0.01667012420005716
2025-10-24,0.03181510463626755,0.021234911262348017,0.03176958632239025,0.02121366246097116
2025-10-27,0.05277355930741928,0.03525604787491843,0.05263700436578738,0.03519230147078786
2025-10-28,0.022853667236763672,0.01525995899918593,0.022808148922886375,0.015238710197809075
2025-10-29,0.013293494084064977,0.00888651023072013,0.013247975770187676,0.008865261429343275
2025-10-30,-0.04608370380294086,-0.03069791086752539,-0.046129222116818164,-0.030719159668902245
2025-10-31,0.014254040484807867,0.009527157610475527,0.014208522170930566,0.009505908809098672
2025-11-03,0.013706815753793627,0.009210419693226196,0.013570260812161727,0.00914667328909563
2025-11-04,-0.061114571452215695,-0.04071801732561435,-0.061160089766092995,-0.040739266126991205
2025-11-05,0.01930411381352834,0.012894250713855214,0.01925859549965104,0.012873001912478359
2025-11-06,-0.05610181980205095,-0.037376371696530984,-0.05614733811592825,-0.03739762049790784
2025-11-07,-0.009684212090160871,-0.006431583059005391,-0.00972973040403817,-0.0064528318603822455
2025-11-10,0.06571851813636699,0.04388602042755023,0.06558196319473508,0.04382227402341966
2025-11-11,-0.008209662426686169,-0.00544836117457294,-0.008255180740563469,-0.005469609975949795
2025-11-12,-0.0025841636388054708,-0.001698028649319141,-0.0026296819526827704,-0.001719277450695996
2025-11-13,-0.06146700891549127,-0.04095325883377634,-0.06151252722936857,-0.040974507635153194
2025-11-14,0.0020481445370089412,0.001390271196175615,0.0020026262231316416,0.00136902239479876
2025-11-17,-0.02628093598101468,-0.017446099472834153,-0.02641749092264658,-0.01750984587696472
2025-11-18,-0.03674657433692595,-0.024472874719780983,-0.03679209265080325,-0.02449412352115784
2025-11-19,0.017691309255907953,0.01181885889035622,0.017645790942030656,0.011797610088979366
2025-11-20,-0.07123452924357247,-0.047464939052497136,-0.07128004755744978,-0.04748618785387399
2025-11-21,0.022319613806528853,0.014904395257436821,0.022274095492651556,0.014883146456059966
2025-11-24,0.07606907604782334,0.050785826099983056,0.07593252110619143,0.05072207969585249
2025-11-25,0.018274103187964574,0.01220710503689888,0.018228584874087277,0.012185856235522027
2025-11-26,0.026290877740152475,0.01755152703415978,0.026245359426275174,0.017530278232782925
2025-11-28,0.023886802787943834,0.015973463099836455,0.023795766160189233,0.015930965497082745
2025-12-01,-0.010724402645819473,-0.007077059239849203,-0.010860957587451373,-0.007140805643979769
2025-12-02,0.023263880054318124,0.015533245493240606,0.023218361740440827,0.015511996691863752
2025-12-03,0.007118236408754301,0.004769200022505945,0.007072718094877001,0.00474795122112909
2025-12-04,-0.003001243503263165,-0.001977497238587388,-0.0030467618171404645,-0.001998746039964243
2025-12-05,0.012021940314222074,0.008037864321831682,0.011976422000344773,0.008016615520454826
2025-12-08,-0.006383844799058889,-0.004186467134931311,-0.006520399740690788,-0.004250213539061877
2025-12-09,0.003489361186084735,0.0023495725543112122,0.0034438428722074355,0.002328323752934357
2025-12-10,0.012076225838641435,0.00807414898934901,0.012030707524764135,0.008052900187972155
2025-12-11,-0.009911751301853832,-0.0065848796803930215,-0.00995726961573113,-0.006606128481769877
2025-12-12,-0.05756220330417719,-0.038352036274445694,-0.05760772161805449,-0.03837328507582255
2025-12-15,-0.01567321306857066,-0.010381642309217048,-0.015809768010202563,-0.010445388713347614
2025-12-16,0.00573956085432882,0.0038489512579631545,0.00569404254045152,0.0038277024565862993
2025-12-17,-0.055817585976144175,-0.03718914662901884,-0.055863104290021476,-0.0372103954303957
2025-12-18,0.04326501214175861,0.028865824503500247,0.04321949382788131,0.02884457570212339
2025-12-19,0.03890163076780576,0.025956715043127274,0.03885611245392846,0.02593546624175042
2025-12-22,0.013765536073473842,0.009244190452145954,0.013628981131841942,0.009180444048015388
2025-12-23,0.01384381201986552,0.009251785368320954,0.01379829370598822,0.009230536566944099
2025-12-24,0.00857054170264392,0.005736271823506554,0.008525023388766621,0.0057150230221297
2025-12-26,-0.0006089132942810832,-0.00036003315450165604,-0.0006999499220356829,-0.0004025307572553664
2025-12-29,-0.015140495464279142,-0.010025931577620937,-0.01527705040591104,-0.010089677981751503
2025-12-30,-0.007164875835737275,-0.004753912251188393,-0.007210394149614574,-0.004775161052565248
2025-12-31,-0.0250024368249329,-0.016645808140960755,-0.0250479551388102,-0.01666705694233761
2026-01-02,-0.006224818574446549,-0.004104535771024785,-0.0063158552022011495,-0.004147033373778496
2026-01-05,0.023213852358750838,0.015543067975663953,0.023077297417118937,0.015479321571533387
2026-01-06,0.02615476817478588,0.017458900917578384,0.026109249860908578,0.01743765211620153
2026-01-07,0.00268306994659036,0.0018110078289836746,0.0026375516327130605,0.0017897590276068195
2026-01-08,-0.01727088548792235,-0.011491723392347181,-0.01731640380179965,-0.011512972193724037
2026-01-09,0.02967680663552505,0.01980673802328442,0.029631288321647752,0.019785489221907565
2026-01-12,0.001877589496508848,0.0013183271298090576,0.0017410345548769487,0.001254580725678492
2026-01-13,-0.0046546376362036805,-0.0030805144023918454,-0.00470015595008098,-0.0031017632037687007
2026-01-14,-0.03225520254778487,-0.02148079672588679,-0.03230072086166217,-0.021502045527263647
2026-01-15,0.010591667149163824,0.007083783072079007,0.010546148835286526,0.007062534270702151
2026-01-16,-0.0027157556780737745,-0.0017878321460793928,-0.0027612739919510745,-0.001809080947456248
2026-01-20,-0.0645681875082409,-0.042954771781614776,-0.06475026076375011,-0.0430397669871222
2026-01-21,0.04034729280538766,0.026921055425777322,0.04030177449151036,0.026899806624400467
2026-01-22,0.021600299707929253,0.01442306002747172,0.021554781394051956,0.014401811226094866
2026-01-23,0.009263850154528968,0.006198854623862179,0.00921833184065167,0.006177605822485324
2026-01-26,0.012576790131208366,0.008453107420695567,0.012440235189576467,0.008389361016565
2026-01-27,0.026988006542426352,0.018014864583803122,0.026942488228549055,0.017993615782426267
2026-01-28,0.009727021061795104,0.006507446636202498,0.009681502747917806,0.006486197834825643
2026-01-29,-0.01816366872122885,-0.01208625225863368,-0.018209187035106145,-0.012107501060010534
2026-01-30,-0.03624037529496304,-0.024137389974456476,-0.03628589360884034,-0.02415863877583333
2026-02-02,0.01997765188013882,0.013386732371776493,0.019841096938506917,0.013322985967645928
2026-02-03,-0.04630039963740793,-0.03084397857076242,-0.04634591795128523,-0.030865227372139276
2026-02-04,-0.05261576567588292,-0.035054222596412415,-0.05266128398976022,-0.03507547139778927
2026-02-05,-0.04339426738683193,-0.02890655707037842,-0.04343978570070923,-0.028927805871755276
2026-02-06,0.06320605007830314,0.04216022694105432,0.06316053176442585,0.042138978139677465
2026-02-09,0.022355150336005103,0.014972297119865335,0.022218595394373205,0.014908550715734771
2026-02-10,-0.014126418165129731,-0.009394657589243622,-0.01417193647900703,-0.009415906390620477
2026-02-11,0.007837933195190569,0.005248243317636579,0.00779241488131327,0.005226994516259724
2026-02-12,-0.06122570276701537,-0.04079408635369884,-0.06127122108089267,-0.0408153351550757
2026-02-13,0.0061838610185621316,0.00414562283668616,0.006138342704684832,0.004124374035309305
2026-02-17,-0.003923714165348025,-0.002523991360193885,-0.004105787420857224,-0.0026089865657013054
2026-02-18,0.02219283334674803,0.01481827105547676,0.02214731503287073,0.014797022254099904
2026-02-19,-0.01169861070781777,-0.00777602498090044,-0.011744129021695068,-0.007797273782277295
2026-02-20,0.02633766261995003,0.01758149057094476,0.02629214430607273,0.017560241769567903
2026-02-23,-0.0370898192444731,-0.02465768260045346,-0.037226374186105,-0.024721429004584027
2026-02-24,0.032016072900083875,0.02136700312089878,0.031970554586206575,0.021345754319521924
2026-02-25,0.04327127535112487,0.02887047142159278,0.04322575703724757,0.028849222620215925
2026-02-26,-0.036402280954261325,-0.02424523278199802,-0.036447799268138625,-0.024266481583374876
2026-02-27,-0.009810377216389632,-0.006517296956750221,-0.009855895530266931,-0.0065385457581270765
2026-03-02,0.0033283466880979677,0.0022874784586219676,0.0031917917464660685,0.0022237320544914022
2026-03-03,-0.032326060094075466,-0.02152765790507224,-0.03237157840795277,-0.021548906706449097
2026-03-04,0.045521059152218275,0.03037032728898838,0.045475540838340975,0.030349078487611526
2026-03-05,-0.009246317165822531,-0.006141256923038821,-0.00929183547969983,-0.006162505724415676
2026-03-06,-0.045337698126593745,-0.030202271862210278,-0.045383216440471046,-0.030223520663587133
2026-03-09,0.03944494923093091,0.026364930605637892,0.03930839428929902,0.026301184201507326
2026-03-10,-0.00015945141378504178,-8.325211821195515e-05,-0.00020496972766234162,-0.00010450091958881031
2026-03-11,-0.0006037112674651313,-0.00037951965746722106,-0.0006492295813424311,-0.00040076845884407626
2026-03-12,-0.05169887945533716,-0.03444287081258004,-0.05174439776921446,-0.034464119613956894
2026-03-13,-0.017990261603519467,-0.01197045891136824,-0.018035779917396768,-0.011991707712745095
2026-03-16,0.03302548229093229,0.02208613466688908,0.03288892734930039,0.022022388262758513
2026-03-17,0.014431738836638033,0.00964420804873676,0.014386220522760734,0.009622959247359906
2026-03-18,-0.04202801556249457,-0.02799562821735164,-0.04207353387637187,-0.028016877018728497
2026-03-19,-0.009690325168048464,-0.006437073646107437,-0.009735843481925764,-0.0064583224474842925
2026-03-20,-0.055654666221782056,-0.03707996768192984,-0.05570018453565936,-0.03710121648330669
2026-03-23,0.033806584508643815,0.022607435342813443,0.03367002956701192,0.022543688938682877
2026-03-24,-0.020720506492636726,-0.013790433549407519,-0.020766024806514027,-0.013811682350784374
2026-03-25,0.019516751970600373,0.01303440542608388,0.019471233656723073,0.013013156624707025
2026-03-26,-0.07181391369802974,-0.04785270501966952,-0.07185943201190705,-0.047873953821046374
2026-03-27,-0.058820078771763526,-0.03919014840215872,-0.058865597085640826,-0.03921139720353557
2026-03-30,-0.02355874679838169,-0.01563640180114651,-0.023695301740013587,-0.015700148205277077
2026-03-31,0.10135217047566603,0.06759125678303556,0.10130665216178873,0.0675700079816587
2026-04-01,0.03685061982479573,0.02459012870750856,0.03680510151091843,0.024568879906131706
2026-04-02,0.003230904851851431,0.00217698539221236,0.003185386537974131,0.002155736590835505
2026-04-06,0.017216185094654723,0.01156965202701544,0.017034111839145525,0.01148465682150802
2026-04-07,0.00024813629002553504,0.00018875595693841206,0.00020261797614823526,0.0001675071555615569
2026-04-08,0.08898658706383022,0.059347534508478364,0.08894106874995293,0.05932628570710151
2026-04-09,0.02008514030340323,0.01341314235991356,0.02003962198952593,0.013391893558536705
2026-04-10,0.004118081059709569,0.002768341893982579,0.004072562745832268,0.002747093092605724
2026-04-13,0.030402240584372905,0.02033702395211054,0.030265685642741007,0.020273277547979973
2026-04-14,0.054261392854453236,0.03619740503556036,0.054215874540575935,0.03617615623418351
2026-04-15,0.04178886291016684,0.027882385072702763,0.04174334459628954,0.027861136271325908
2026-04-16,0.014239590057300038,0.009516203170791562,0.014194071743422737,0.009494954369414707
2026-04-17,0.03904282374953974,0.026051692298951365,0.03899730543566244,0.02603044349757451
2026-04-20,-0.010151480372862806,-0.00669850710897432,-0.010288035314494706,-0.006762253513104886
2026-04-21,-0.011619627111922763,-0.007723274942023637,-0.011665145425800064,-0.007744523743400492
2026-04-22,0.04998336396406487,0.03334519716355278,0.04993784565018757,0.03332394836217593
2026-04-23,-0.017106450957691633,-0.011381346117618221,-0.017151969271568934,-0.011402594918995076
2026-04-24,0.05717405206620527,0.03813898923164638,0.05712853375232797,0.038117740430269526
2026-04-27,0.0009563459093924064,0.0007064275021235367,0.0008197909677605071,0.0006426810979929712
2026-04-28,-0.030378690264290534,-0.02022950565535082,-0.030424208578167834,-0.020250754456727676
2026-04-29,0.018132292789324368,0.012111149713725778,0.018086774475447067,0.012089900912348923
2026-04-30,0.027770401427617664,0.01853655547258798,0.027724883113740363,0.018515306671211124
2026-05-01,0.028591021842436455,0.019083541450476523,0.028545503528559158,0.019062292649099668
2026-05-04,-0.006275143788952932,-0.004114848526078633,-0.006411698730584832,-0.004178594930209199
2026-05-05,0.03871318270503863,0.02583183729433716,0.03866766439116133,0.025810588492960303
2026-05-06,0.062114115334701535,0.04143245904744576,0.062068597020824234,0.041411210246068905
2026-05-07,-0.003787801484894469,-0.00250215216561824,-0.003833319798771769,-0.002523400966995095
2026-05-08,0.07011354139083291,0.04676540975153336,0.07006802307695562,0.0467441609501565
2026-05-11,0.008063939088039505,0.005444822954554936,0.007927384146407606,0.00538107655042437
2026-05-12,-0.02565435027556837,-0.01707985135940084,-0.02569986858944567,-0.017101100160777694
2026-05-13,0.03147780450143363,0.02100825182526716,0.03143228618755633,0.020987003023890304
2026-05-14,0.02111400746368133,0.01409905380009896,0.02106848914980403,0.014077804998722104
2026-05-15,-0.04547138239134823,-0.03029130040672262,-0.04551690070522553,-0.030312549208099476
2026-05-18,-0.013532180352336094,-0.008952590005695465,-0.013668735293967994,-0.009016336409826029
2026-05-19,-0.01869567215274103,-0.012440826914317821,-0.018741190466618332,-0.012462075715694677
2026-05-20,0.049483515765527356,0.03301187073253712,0.049437997451650055,0.032990621931160265
2026-05-21,0.005514180986268426,0.0036987922968154075,0.005468662672391126,0.0036775434954385523
2026-05-22,0.012514152907411156,0.00836562882712632,0.012468634593533855,0.008344380025749465
2026-05-26,0.05243418747795942,0.03504756587404848,0.05225211422245022,0.03496257066854106
2026-05-27,-0.003618115084750331,-0.002389122202324021,-0.003663633398627631,-0.002410371003700876
2026-05-28,0.02508493262397145,0.016746148638166522,0.025039414310094155,0.016724899836789667
2026-05-29,0.01084381556669537,0.007252164898639779,0.01079829725281807,0.007230916097262924
2026-06-01,0.017375470928233404,0.011652510848017536,0.017238915986601506,0.011588764443886972
2026-06-02,0.013603416796092373,0.009092181976411881,0.013557898482215072,0.009070933175035026
2026-06-03,-0.008050072460796528,-0.005343477528180719,-0.008095590774673828,-0.005364726329557574
2026-06-04,-0.014722227750542626,-0.009791581054678119,-0.014767746064419926,-0.009812829856054974
2026-06-05,-0.14421307177801346,-0.09611881040632533,-0.14425859009189074,-0.09614005920770219
2026-06-08,0.046216795662181114,0.030880909445171644,0.04608024072054922,0.03081716304104108
2026-06-09,-0.03473301646287949,-0.023131918222281153,-0.03477853477675679,-0.02315316702365801
2026-06-10,-0.060140204612451356,-0.040070137978046184,-0.06018572292632866,-0.04009138677942304
2026-06-11,0.10111681310863582,0.06743454050267861,0.10107129479475853,0.06741329170130175
2026-06-12,0.017443947057100576,0.011652535483750682,0.017398428743223275,0.011631286682373827
2026-06-15,0.09361097188290983,0.062477026925657445,0.09347441694127792,0.062413280521526886
2026-06-16,-0.057226940286080163,-0.03812796176046539,-0.057272458599957464,-0.03814921056184224
2026-06-17,-0.03042189789339997,-0.020257933498678587,-0.03046741620727727,-0.020279182300055442
2026-06-18,0.07498337361358219,0.05001262482572454,0.0749378552997049,0.04999137602434769
2026-06-22,-0.008379814157434898,-0.005492083786907321,-0.008561887412944096,-0.005577078992414742
2026-06-23,-0.0990012010078125,-0.06597690289978085,-0.09904671932168979,-0.0659981517011577
2026-06-24,-0.0129515305140498,-0.008610455903939057,-0.0129970488279271,-0.008631704705315912
2026-06-25,0.024102763615925397,0.016092406849377742,0.024057245302048096,0.016071158048000887
2026-06-26,-0.04150437883698248,-0.027645782466013645,-0.04154989715085978,-0.0276670312673905
2026-06-29,0.07392551242369425,0.04935451918766646,0.07378895748206235,0.04929077278353589
2026-06-30,0.05082777649169538,0.03390945953518838,0.050782258177818076,0.03388821073381153
2026-07-01,-0.04596609635345083,-0.03061978902824242,-0.04601161466732813,-0.030641037829619275
2026-07-02,-0.05221626882410608,-0.03478685375904219,-0.05226178713798338,-0.034808102560419045
2026-07-06,0.0421739176391456,0.02821078142610938,0.0419918443836364,0.02812578622060196
2026-07-07,-0.055790398235947926,-0.03716932361657382,-0.055835916549825226,-0.03719057241795067
2026-07-08,0.008284052919279975,0.005546882787530133,0.008238534605402675,0.005525633986153277
2026-07-09,0.04971125189791148,0.03316501543995113,0.04966573358403418,0.033143766638574275
2026-07-10,0.00903594305008972,0.006047765458701154,0.00899042473621242,0.006026516657324299
2026-07-13,-0.057583249539761024,-0.038316856655421776,-0.057719804481392925,-0.03838060305955234
2026-07-14,0.03329201085752307,0.02221913785895233,0.03324649254364577,0.022197889057575474
2026-07-15,-0.008343188301376776,-0.005538133410555993,-0.008388706615254076,-0.005559382211932848
2026-07-16,-0.0495355025287116,-0.032999770580380255,-0.0495810208425889,-0.033021019381757104
2026-07-17,-0.0453028269039129,-0.030177986830514456,-0.0453483452177902,-0.03019923563189131
2026-07-20,0.0025055862849435737,0.0017423672277146205,0.0023690313433116744,0.001678620823584055
2026-07-21,0.05542586949035948,0.03697476050158313,0.05538035117648218,0.036953511700206276
2026-07-22,-0.015534312677444224,-0.010331933244238017,-0.015579830991321523,-0.010353182045614872
2026-07-23,-0.05716715721103792,-0.03808706856243611,-0.05721267552491522,-0.03810831736381297
2026-07-24,-0.03373397712562822,-0.02246438217914542,-0.03377949543950552,-0.022485630980522274
2026-07-27,-0.009912112271594482,-0.006533267133909458,-0.010048667213226382,-0.006597013538040024
2026-07-28,-0.029379980712115887,-0.019561623498881152,-0.029425499025993188,-0.019582872300258007
2026-07-29,-0.06132927254883686,-0.040861623364789386,-0.06137479086271416,-0.04088287216616624
2026-07-30,0.0987084858305415,0.06582955499245514,0.0986629675166642,0.06580830619107829
2026-07-31,0.019273009858743216,0.012872476664470153,0.019227491544865916,0.012851227863093298
2026-08-03,0.05203474305071016,0.03476123897639746,0.05189818810907826,0.0346974925722669
2026-08-04,0.10168705582997707,0.06781574013157388,0.10164153751609976,0.06779449133019702
2026-08-05,-0.027362794753822924,-0.01821758796182382,-0.027408313067700224,-0.018238836763200674
2026-08-06,-0.011299411976789823,-0.007508666110468417,-0.011344930290667122,-0.007529914911845272
2026-08-07,0.03496174230955337,0.02333210341376038,0.03491622399567607,0.023310854612383525
2026-08-10,-0.009608036614585834,-0.006333098302722683,-0.009744591556217734,-0.006396844706853249
2026-08-11,-0.010287429132483124,-0.006834010880930617,-0.010332947446360423,-0.0068552596823074725
2026-08-12,0.021705857062915078,0.014494846582668183,0.021660338749037777,0.014473597781291328
2026-08-13,0.03448147288814059,0.023011735072205237,0.03443595457426329,0.02299048627082838
2026-08-14,-0.004312606406156675,-0.002851078813742593,-0.004358124720033975,-0.002872327615119448
2026-08-17,-0.005568252119925526,-0.0036401917088647795,-0.005704807061557426,-0.003703938112995345
2026-08-18,-0.05101871170091141,-0.033988387987162756,-0.05106423001478871,-0.03400963678853961
2026-08-19,-0.006193617714311675,-0.004105086352512593,-0.006239136028188975,-0.004126335153889448
2026-08-20,-0.02179054102729588,-0.014503035227835394,-0.021836059341173178,-0.014524284029212249
2026-08-21,0.010377163733565325,0.006942101279405407,0.010331645419688024,0.0069208524780285515
2026-08-24,-0.030585039108747037,-0.020317766632163482,-0.030721594050378935,-0.020381513036294048
2026-08-25,0.018473053634649485,0.012339455569877837,0.01842753532077219,0.012318206768500983
2026-08-26,0.0025291620260241244,0.0017101001410446068,0.002483643712146825,0.0016888513396677515
2026-08-27,0.0408615584226996,0.027264936720560542,0.040816040108822296,0.027243687919183687
2026-08-28,-0.019683459183273383,-0.013098502696874247,-0.019728977497150683,-0.013119751498251103
2026-08-31,0.000732914730326931,0.0005614354423923491,0.0005963597886950315,0.0004976890382617836
2026-09-01,-0.03839035327131854,-0.02556891612779478,-0.03843587158519584,-0.025590164929171634
2026-09-02,0.0065644051634914545,0.0044009228287452224,0.006518886849614155,0.004379674027368367
2026-09-03,0.035439255576400056,0.023650823104017622,0.035393737262522755,0.023629574302640767
2026-09-04,0.005175711585412577,0.003474843968530883,0.005130193271535278,0.003453595167154028
2026-09-08,-0.003375908819272084,-0.002152372541773964,-0.0035579820747812835,-0.002237367747281385
2026-09-09,-0.00878085025919566,-0.005829058667960785,-0.00882636857307296,-0.00585030746933764
2026-09-10,-0.032133836997580725,-0.02139762209378042,-0.032179355311458026,-0.021418870895157274
2026-09-11,0.02598015392643837,0.017345510593376228,0.02593463561256107,0.017324261791999373
2026-09-14,-0.024599747499971205,-0.016321907806004968,-0.024736302441603106,-0.016385654210135533
2026-09-15,-0.019857731950612596,-0.013212041010511454,-0.019903250264489896,-0.013233289811888309
2026-09-16,0.0005370597125450047,0.0003844867649269469,0.0004915413986677048,0.00036323796355009174
