date,close,adjclose,volume
2003-11-07,50.54999923706055,22.328594207763672,184200
2003-11-10,50.18000030517578,22.165151596069336,76000
2003-11-11,50.06999969482422,22.11656951904297,83600
2003-11-12,50.63999938964844,22.36835289001465,132600
2003-11-13,50.7599983215332,22.42133903503418,103300
2003-11-14,50.61000061035156,22.3551025390625,183700
2003-11-17,50.290000915527344,22.2137451171875,135900
2003-11-18,49.93000030517578,22.054725646972656,204100
2003-11-19,50.13999938964844,22.147491455078125,146300
2003-11-20,49.83000183105469,22.010562896728516,163100
2003-11-21,49.95000076293945,22.063556671142578,118000
2003-11-24,50.630001068115234,22.363929748535156,148800
2003-11-25,51.08000183105469,22.562702178955078,198600
2003-11-26,51.290000915527344,22.65545654296875,258300
2003-11-28,51.310001373291016,22.664291381835938,95700
2003-12-01,51.88999938964844,22.920488357543945,238700
2003-12-02,51.849998474121094,22.902822494506836,443700
2003-12-03,51.900001525878906,22.924901962280273,434200
2003-12-04,52.08000183105469,23.00440788269043,383700
2003-12-05,51.720001220703125,22.84539222717285,252600
2003-12-08,52.209999084472656,23.06183624267578,203400
2003-12-09,51.959999084472656,22.951406478881836,242800
2003-12-10,51.79999923706055,22.88072967529297,212300
2003-12-11,52.130001068115234,23.02650260925293,322000
2003-12-12,52.36000061035156,23.256574630737305,342400
2003-12-15,51.97999954223633,23.08779525756836,484300
2003-12-16,52.08000183105469,23.132204055786133,388400
2003-12-17,52.08000183105469,23.132204055786133,368700
2003-12-18,52.65999984741211,23.38983726501465,403100
2003-12-19,52.61000061035156,23.367618560791016,363800
2003-12-22,52.88999938964844,23.491994857788086,374700
2003-12-23,53.06999969482422,23.571935653686523,436800
2003-12-24,53.119998931884766,23.594148635864258,119500
2003-12-26,53.2400016784668,23.647438049316406,140500
2003-12-29,53.849998474121094,23.91838836669922,399400
2003-12-30,53.959999084472656,23.96724510192871,421800
2003-12-31,53.84000015258789,23.9139404296875,424700
2004-01-02,53.790000915527344,23.891738891601562,510800
2004-01-05,54.040000915527344,24.00278091430664,632000
2004-01-06,53.95000076293945,23.96279525756836,533900
2004-01-07,53.939998626708984,23.958354949951172,482300
2004-01-08,54.15999984741211,24.056079864501953,625500
2004-01-09,53.79999923706055,23.896177291870117,573600
2004-01-12,53.970001220703125,23.97169303894043,374000
2004-01-13,53.689998626708984,23.847318649291992,399700
2004-01-14,54.0,23.985013961791992,397300
2004-01-15,54.2599983215332,24.10048484802246,477700
2004-01-16,54.40999984741211,24.1671142578125,558900
2004-01-20,54.52000045776367,24.21597671508789,578200
2004-01-21,55.119998931884766,24.48246955871582,493800
2004-01-22,54.970001220703125,24.415851593017578,555700
2004-01-23,54.880001068115234,24.375883102416992,602600
2004-01-26,55.220001220703125,24.526897430419922,719000
2004-01-27,55.09000015258789,24.469161987304688,772300
2004-01-28,54.7400016784668,24.313692092895508,785900
2004-01-29,54.720001220703125,24.30481719970703,591500
2004-01-30,54.72999954223633,24.30925178527832,481500
2004-02-02,54.7400016784668,24.313692092895508,572600
2004-02-03,54.900001525878906,24.384754180908203,380700
2004-02-04,54.47999954223633,24.198198318481445,365500
2004-02-05,54.470001220703125,24.19377326965332,496900
2004-02-06,55.04999923706055,24.45137596130371,538100
2004-02-09,54.959999084472656,24.411401748657227,465400
2004-02-10,55.43000030517578,24.620161056518555,509200
2004-02-11,55.939998626708984,24.846681594848633,512800
2004-02-12,55.79999923706055,24.78451156616211,524800
2004-02-13,55.59000015258789,24.69123077392578,399300
2004-02-17,56.04999923706055,24.89555549621582,516800
2004-02-18,55.939998626708984,24.846681594848633,499600
2004-02-19,55.95000076293945,24.85114288330078,388100
2004-02-20,55.7599983215332,24.76673698425293,320600
2004-02-23,55.83000183105469,24.797828674316406,359800
2004-02-24,55.83000183105469,24.797828674316406,427500
2004-02-25,56.09000015258789,24.91331672668457,409500
2004-02-26,56.18000030517578,24.95329475402832,362800
2004-02-27,56.58000183105469,25.130970001220703,376900
2004-03-01,56.90999984741211,25.27753257751465,468200
2004-03-02,56.790000915527344,25.224227905273438,498900
2004-03-03,56.84000015258789,25.246448516845703,356400
2004-03-04,57.0,25.317506790161133,504800
2004-03-05,57.34000015258789,25.468521118164062,374300
2004-03-08,57.130001068115234,25.375246047973633,461900
2004-03-09,56.70000076293945,25.184263229370117,448600
2004-03-10,55.90999984741211,24.83336067199707,480400
2004-03-11,55.099998474121094,24.473590850830078,631800
2004-03-12,55.61000061035156,24.700117111206055,691800
2004-03-15,54.810001373291016,24.344785690307617,580700
2004-03-16,55.150001525878906,24.495805740356445,406800
2004-03-17,55.77000045776367,24.771190643310547,419900
2004-03-18,55.61000061035156,24.700117111206055,295900
2004-03-19,55.11000061035156,24.47803497314453,319600
2004-03-22,54.279998779296875,24.109363555908203,650100
2004-03-23,54.290000915527344,24.113819122314453,430500
2004-03-24,53.95000076293945,23.96279525756836,373400
2004-03-25,54.52000045776367,24.21597671508789,441700
2004-03-26,54.060001373291016,24.217315673828125,324100
2004-03-29,54.599998474121094,24.4592227935791,357700
2004-03-30,55.0099983215332,24.64288902282715,442900
2004-03-31,55.290000915527344,24.76832389831543,659400
2004-04-01,55.720001220703125,24.960941314697266,482200
2004-04-02,55.59000015258789,24.9027156829834,774700
2004-04-05,55.720001220703125,24.960941314697266,386800
2004-04-06,55.7400016784668,24.969907760620117,347900
2004-04-07,55.43000030517578,24.83103370666504,489400
2004-04-08,55.20000076293945,24.72800636291504,415800
2004-04-12,55.15999984741211,24.710086822509766,348100
2004-04-13,54.25,24.302431106567383,484900
2004-04-14,53.779998779296875,24.09187889099121,358400
2004-04-15,53.83000183105469,24.114295959472656,347200
2004-04-16,54.45000076293945,24.39202117919922,242600
2004-04-19,54.380001068115234,24.36067008972168,327800
2004-04-20,53.79999923706055,24.100847244262695,309200
2004-04-21,54.0,24.190448760986328,357500
2004-04-22,54.9900016784668,24.633928298950195,284900
2004-04-23,54.81999969482422,24.557769775390625,281600
2004-04-26,54.849998474121094,24.571231842041016,271400
2004-04-27,54.900001525878906,24.593612670898438,322800
2004-04-28,54.150001525878906,24.257644653320312,338700
2004-04-29,53.66999816894531,24.0426025390625,419900
2004-04-30,53.75,24.078445434570312,242800
2004-05-03,54.16999816894531,24.266605377197266,224500
2004-05-04,54.349998474121094,24.34722328186035,247400
2004-05-05,54.599998474121094,24.4592227935791,266600
2004-05-06,54.33000183105469,24.338272094726562,381900
2004-05-07,53.099998474121094,23.787263870239258,454300
2004-05-10,52.349998474121094,23.451292037963867,674400
2004-05-11,52.54999923706055,23.54088592529297,380400
2004-05-12,52.84000015258789,23.67078399658203,357700
2004-05-13,52.88999938964844,23.69320297241211,304200
2004-05-14,53.040000915527344,23.760387420654297,284900
2004-05-17,52.540000915527344,23.53641700744629,286200
2004-05-18,52.900001525878906,23.697673797607422,301600
2004-05-19,52.810001373291016,23.65735626220703,420100
2004-05-20,53.08000183105469,23.77831268310547,192400
2004-05-21,53.25,23.854463577270508,237400
2004-05-24,53.349998474121094,23.899253845214844,276800
2004-05-25,54.060001373291016,24.217315673828125,285100
2004-05-26,54.439998626708984,24.387544631958008,355800
2004-05-27,54.65999984741211,24.486101150512695,347800
2004-05-28,54.810001373291016,24.553300857543945,272000
2004-06-01,54.75,24.52642059326172,309500
2004-06-02,54.83000183105469,24.56226348876953,310900
2004-06-03,54.439998626708984,24.387544631958008,314000
2004-06-04,54.68000030517578,24.495065689086914,649700
2004-06-07,55.349998474121094,24.795204162597656,260400
2004-06-08,55.31999969482422,24.78175926208496,285900
2004-06-09,54.84000015258789,24.566736221313477,266000
2004-06-10,55.130001068115234,24.6966552734375,222700
2004-06-14,54.47999954223633,24.40545654296875,306900
2004-06-15,54.900001525878906,24.593612670898438,287200
2004-06-16,54.849998474121094,24.571231842041016,784500
2004-06-17,54.95000076293945,24.616018295288086,209600
2004-06-18,55.09000015258789,24.678741455078125,182200
2004-06-21,55.189998626708984,24.72352409362793,205500
2004-06-22,55.220001220703125,24.736970901489258,215100
2004-06-23,55.650001525878906,24.92960548400879,292200
2004-06-24,55.060001373291016,24.6652889251709,523200
2004-06-25,54.97999954223633,24.849702835083008,263400
2004-06-28,55.130001068115234,24.917490005493164,229900
2004-06-29,55.310001373291016,24.998857498168945,304400
2004-06-30,55.650001525878906,25.15252113342285,336600
2004-07-01,55.029998779296875,24.872291564941406,314700
2004-07-02,55.18000030517578,24.940082550048828,220500
2004-07-06,54.88999938964844,24.809017181396484,239500
2004-07-07,54.869998931884766,24.799997329711914,252500
2004-07-08,54.459999084472656,24.614673614501953,259200
2004-07-09,54.689998626708984,24.7186222076416,226300
2004-07-12,54.81999969482422,24.777387619018555,233100
2004-07-13,54.88999938964844,24.809017181396484,249400
2004-07-14,54.88999938964844,24.809017181396484,609600
2004-07-15,54.880001068115234,24.80450439453125,250900
2004-07-16,54.900001525878906,24.813541412353516,235200
2004-07-19,55.04999923706055,24.8813419342041,232400
2004-07-20,55.5,25.084718704223633,301000
2004-07-21,54.70000076293945,24.723148345947266,381000
2004-07-22,54.470001220703125,24.619190216064453,412300
2004-07-23,54.189998626708984,24.492633819580078,376900
2004-07-26,54.130001068115234,24.465513229370117,309100
2004-07-27,54.630001068115234,24.691516876220703,343900
2004-07-28,54.75,24.74574089050293,323400
2004-07-29,55.130001068115234,24.917490005493164,290400
2004-07-30,55.08000183105469,24.894901275634766,202800
2004-08-02,55.43000030517578,25.053091049194336,286300
2004-08-03,55.25,24.97172737121582,305300
2004-08-04,55.36000061035156,25.02145004272461,261100
2004-08-05,54.70000076293945,24.723148345947266,309600
2004-08-06,54.040000915527344,24.42484474182129,1385000
2004-08-09,54.220001220703125,24.506196975708008,482800
2004-08-10,54.779998779296875,24.759296417236328,336800
2004-08-11,54.900001525878906,24.813541412353516,328400
2004-08-12,54.61000061035156,24.682464599609375,392900
2004-08-13,54.45000076293945,24.61015510559082,508300
2004-08-16,55.290000915527344,24.98980712890625,487100
2004-08-17,55.369998931884766,25.025970458984375,502400
2004-08-18,55.95000076293945,25.288124084472656,532500
2004-08-19,55.70000076293945,25.175125122070312,294500
2004-08-20,56.08000183105469,25.346872329711914,376000
2004-08-23,55.900001525878906,25.265522003173828,343900
2004-08-24,56.150001525878906,25.378507614135742,351300
2004-08-25,56.529998779296875,25.55026626586914,529300
2004-08-26,56.59000015258789,25.577377319335938,341500
2004-08-27,56.70000076293945,25.62710189819336,731200
2004-08-30,56.4900016784668,25.53219223022461,366500
2004-08-31,56.849998474121094,25.694894790649414,394700
2004-09-01,56.93000030517578,25.731054306030273,425300
2004-09-02,57.400001525878906,25.94347381591797,277400
2004-09-03,57.29999923706055,25.898290634155273,338500
2004-09-07,57.79999923706055,26.1242733001709,528800
2004-09-08,57.310001373291016,25.902803421020508,531100
2004-09-09,57.5,25.988679885864258,402200
2004-09-10,57.459999084472656,25.97059440612793,347400
2004-09-13,57.75,26.10167121887207,1170600
2004-09-14,57.630001068115234,26.047433853149414,487200
2004-09-15,57.47999954223633,25.979629516601562,264200
2004-09-16,57.84000015258789,26.1423397064209,378400
2004-09-17,57.880001068115234,26.16043472290039,584500
2004-09-20,57.619998931884766,26.04290771484375,390000
2004-09-21,57.779998779296875,26.1152286529541,437600
2004-09-22,57.2599983215332,25.880212783813477,389900
2004-09-23,56.869998931884766,25.703937530517578,490800
2004-09-24,56.560001373291016,25.773653030395508,335200
2004-09-27,56.31999969482422,25.664289474487305,326300
2004-09-28,56.95000076293945,25.951370239257812,517400
2004-09-29,57.0,25.974143981933594,332500
2004-09-30,57.400001525878906,26.156431198120117,590800
2004-10-01,57.959999084472656,26.4116153717041,301900
2004-10-04,58.279998779296875,26.55742645263672,529600
2004-10-05,58.220001220703125,26.530099868774414,372200
2004-10-06,58.650001525878906,26.726032257080078,306800
2004-10-07,58.119998931884766,26.484535217285156,591500
2004-10-08,57.939998626708984,26.402496337890625,514600
2004-10-11,58.0099983215332,26.434391021728516,275300
2004-10-12,58.02000045776367,26.438953399658203,347700
2004-10-13,57.40999984741211,26.160999298095703,476600
2004-10-14,56.9900016784668,25.969594955444336,299200
2004-10-15,57.68000030517578,26.284025192260742,375600
2004-10-18,57.68000030517578,26.284025192260742,282600
2004-10-19,56.95000076293945,25.951370239257812,427400
2004-10-20,56.900001525878906,25.9285888671875,464800
2004-10-21,57.040000915527344,25.992374420166016,370000
2004-10-22,56.779998779296875,25.873899459838867,276000
2004-10-25,56.86000061035156,25.910356521606445,488700
2004-10-26,57.40999984741211,26.160999298095703,392600
2004-10-27,58.0,26.429838180541992,525800
2004-10-28,58.0,26.429838180541992,287000
2004-10-29,58.31999969482422,26.57565689086914,256700
2004-11-01,58.2400016784668,26.539216995239258,757800
2004-11-02,58.0,26.429838180541992,746100
2004-11-03,58.9900016784668,26.8809757232666,4331200
2004-11-04,60.33000183105469,27.491594314575195,2064200
2004-11-05,60.209999084472656,27.436904907226562,1149800
2004-11-08,60.220001220703125,27.44147300720215,455200
2004-11-09,60.27000045776367,27.46424674987793,486100
2004-11-10,60.279998779296875,27.468807220458984,668200
2004-11-11,60.83000183105469,27.719440460205078,936100
2004-11-12,61.540000915527344,28.042984008789062,3301400
2004-11-15,61.400001525878906,27.979177474975586,1259100
2004-11-16,60.7599983215332,27.687530517578125,626200
2004-11-17,61.099998474121094,27.84247589111328,1152800
2004-11-18,61.0,27.796907424926758,543700
2004-11-19,60.459999084472656,27.55084228515625,682400
2004-11-22,60.939998626708984,27.76957130432129,577700
2004-11-23,61.04999923706055,27.81968879699707,516000
2004-11-24,61.2400016784668,27.906269073486328,458700
2004-11-26,61.36000061035156,27.960952758789062,568300
2004-11-29,61.20000076293945,27.888036727905273,1355100
2004-11-30,61.029998779296875,27.81057357788086,478100
2004-12-01,61.38999938964844,27.97461700439453,606700
2004-12-02,61.36000061035156,27.960952758789062,2226700
2004-12-03,61.040000915527344,27.81513023376465,600100
2004-12-06,60.81999969482422,27.714885711669922,606800
2004-12-07,59.91999816894531,27.304765701293945,541600
2004-12-08,60.040000915527344,27.359447479248047,576700
2004-12-09,59.95000076293945,27.318429946899414,548600
2004-12-10,60.08000183105469,27.377660751342773,613900
2004-12-13,60.72999954223633,27.673866271972656,411000
2004-12-14,60.9900016784668,27.7923583984375,512700
2004-12-15,61.45000076293945,28.001964569091797,499500
2004-12-16,61.29999923706055,27.933610916137695,603700
2004-12-17,60.95000076293945,27.774124145507812,498400
2004-12-20,60.95000076293945,27.774124145507812,512300
2004-12-21,61.560001373291016,28.05208396911621,617200
2004-12-22,61.779998779296875,28.15235710144043,917700
2004-12-23,61.38999938964844,28.198713302612305,855700
2004-12-27,61.06999969482422,28.051740646362305,378100
2004-12-28,61.40999984741211,28.20792579650879,390300
2004-12-29,61.58000183105469,28.286006927490234,374800
2004-12-30,61.58000183105469,28.286006927490234,315300
2004-12-31,61.400001525878906,28.203327178955078,375800
2005-01-03,60.70000076293945,27.88179588317871,768900
2005-01-04,60.150001525878906,27.62915802001953,1715900
2005-01-05,59.68000030517578,27.413267135620117,2245700
2005-01-06,59.86000061035156,27.49594497680664,654100
2005-01-07,59.66999816894531,27.408674240112305,3058700
2005-01-10,59.779998779296875,27.459203720092773,496400
2005-01-11,59.439998626708984,27.303024291992188,1441000
2005-01-12,59.5,27.330575942993164,1928100
2005-01-13,59.150001525878906,27.16982078552246,543500
2005-01-14,59.38999938964844,27.280054092407227,458200
2005-01-18,59.9900016784668,27.5556583404541,595300
2005-01-19,59.54999923706055,27.353548049926758,538200
2005-01-20,59.310001373291016,27.243309020996094,418500
2005-01-21,59.099998474121094,27.146848678588867,464100
2005-01-24,59.040000915527344,27.119291305541992,484200
2005-01-25,58.90999984741211,27.0595703125,489200
2005-01-26,59.2599983215332,27.220333099365234,495800
2005-01-27,59.209999084472656,27.19737434387207,448100
2005-01-28,58.95000076293945,27.07794189453125,586300
2005-01-31,59.540000915527344,27.348957061767578,566600
2005-02-01,59.97999954223633,27.551063537597656,548200
2005-02-02,60.25,27.67508888244629,505900
2005-02-03,60.18000030517578,27.642929077148438,406800
2005-02-04,60.79999923706055,27.9277286529541,627800
2005-02-07,60.849998474121094,27.95069694519043,593900
2005-02-08,60.83000183105469,27.94150733947754,531300
2005-02-09,60.40999984741211,27.74857521057129,535900
2005-02-10,60.689998626708984,27.877195358276367,324400
2005-02-11,60.900001525878906,27.97365951538086,509900
2005-02-14,61.099998474121094,28.065526962280273,625200
2005-02-15,61.2599983215332,28.13900375366211,522000
2005-02-16,61.20000076293945,28.11146354675293,504600
2005-02-17,60.779998779296875,27.918533325195312,495700
2005-02-18,60.720001220703125,27.89097023010254,379700
2005-02-22,59.84000015258789,27.486757278442383,681600
2005-02-23,60.25,27.67508888244629,420000
2005-02-24,60.689998626708984,27.877195358276367,509000
2005-02-25,61.290000915527344,28.152790069580078,491000
2005-02-28,61.04999923706055,28.042560577392578,432800
2005-03-01,61.5,28.249267578125,446300
2005-03-02,61.400001525878906,28.203327178955078,371800
2005-03-03,61.45000076293945,28.226295471191406,328400
2005-03-04,62.08000183105469,28.515676498413086,539500
2005-03-07,62.33000183105469,28.63050651550293,578900
2005-03-08,62.150001525878906,28.547834396362305,455400
2005-03-09,61.45000076293945,28.226295471191406,415800
2005-03-10,61.650001525878906,28.318161010742188,437000
2005-03-11,61.41999816894531,28.21251106262207,369300
2005-03-14,61.900001525878906,28.432998657226562,361300
2005-03-15,61.45000076293945,28.226295471191406,424800
2005-03-16,60.599998474121094,27.83584976196289,626000
2005-03-17,60.81999969482422,27.93691635131836,388100
2005-03-18,60.650001525878906,27.85881996154785,356200
2005-03-21,60.45000076293945,27.766950607299805,442500
2005-03-22,59.849998474121094,27.49134635925293,624400
2005-03-23,59.689998626708984,27.417856216430664,564200
2005-03-24,59.25,27.4271297454834,649200
2005-03-28,59.400001525878906,27.49656105041504,501000
2005-03-29,58.91999816894531,27.274354934692383,392400
2005-03-30,59.689998626708984,27.63079071044922,373800
2005-03-31,59.95000076293945,27.75114631652832,409300
2005-04-01,59.7400016784668,27.65393829345703,1299000
2005-04-04,59.849998474121094,27.70485496520996,588200
2005-04-05,60.04999923706055,27.797441482543945,328800
2005-04-06,60.25,27.8900203704834,390900
2005-04-07,60.4900016784668,28.001134872436523,436200
2005-04-08,59.93000030517578,27.74188804626465,314700
2005-04-11,59.970001220703125,27.760400772094727,367000
2005-04-12,60.369998931884766,27.945568084716797,418200
2005-04-13,59.79999923706055,27.68170738220215,322200
2005-04-14,59.04999923706055,27.334535598754883,525200
2005-04-15,58.11000061035156,26.89940643310547,2708800
2005-04-18,58.619998931884766,27.13548469543457,1162000
2005-04-19,59.0,27.311389923095703,655600
2005-04-20,58.220001220703125,26.95033073425293,822900
2005-04-21,59.11000061035156,27.36231231689453,556700
2005-04-22,59.20000076293945,27.403976440429688,525400
2005-04-25,59.65999984741211,27.616910934448242,393600
2005-04-26,59.099998474121094,27.357685089111328,377100
2005-04-27,59.36000061035156,27.47804069519043,414900
2005-04-28,58.83000183105469,27.232702255249023,358100
2005-04-29,59.54999923706055,27.565988540649414,389000
2005-05-02,60.04999923706055,27.797441482543945,332000
2005-05-03,60.040000915527344,27.792818069458008,414700
2005-05-04,60.779998779296875,28.135360717773438,545700
2005-05-05,60.650001525878906,28.07518196105957,583100
2005-05-06,60.45000076293945,27.982595443725586,534300
2005-05-09,60.83000183105469,28.158512115478516,345100
2005-05-10,60.43000030517578,27.97335433959961,449400
2005-05-11,60.529998779296875,28.01963233947754,585100
2005-05-12,59.880001068115234,27.7187442779541,578300
2005-05-13,59.400001525878906,27.49656105041504,624300
2005-05-16,60.09000015258789,27.815967559814453,328300
2005-05-17,60.56999969482422,28.038137435913086,441800
2005-05-18,61.15999984741211,28.31126594543457,673000
2005-05-19,61.27000045776367,28.3621826171875,519000
2005-05-20,61.2400016784668,28.348299026489258,333600
2005-05-23,61.380001068115234,28.41309928894043,620900
2005-05-24,61.29999923706055,28.376073837280273,385000
2005-05-25,61.08000183105469,28.274250030517578,385100
2005-05-26,61.290000915527344,28.371435165405273,350200
2005-05-27,61.47999954223633,28.459392547607422,260900
2005-05-31,61.29999923706055,28.376073837280273,409100
2005-06-01,61.95000076293945,28.67694854736328,3043500
2005-06-02,61.81999969482422,28.616779327392578,513700
2005-06-03,61.650001525878906,28.538084030151367,327700
2005-06-06,61.630001068115234,28.52883529663086,369800
2005-06-07,61.70000076293945,28.561229705810547,519300
2005-06-08,61.70000076293945,28.561229705810547,397200
2005-06-09,61.689998626708984,28.556594848632812,248500
2005-06-10,61.790000915527344,28.60289764404297,606300
2005-06-13,61.91999816894531,28.663066864013672,443700
2005-06-14,62.25,28.815828323364258,603300
2005-06-15,62.400001525878906,28.88526725769043,324100
2005-06-16,62.61000061035156,28.982471466064453,442900
2005-06-17,63.0,29.163009643554688,462600
2005-06-20,62.400001525878906,29.09865379333496,667400
2005-06-21,62.29999923706055,29.052021026611328,369800
2005-06-22,62.439998626708984,29.117305755615234,379000
2005-06-23,61.83000183105469,28.832855224609375,536000
2005-06-24,61.40999984741211,28.637001037597656,440400
2005-06-27,61.52000045776367,28.68829345703125,474600
2005-06-28,62.20000076293945,29.00539779663086,425500
2005-06-29,62.20000076293945,29.00539779663086,362000
2005-06-30,61.72999954223633,28.786237716674805,349200
2005-07-01,62.20000076293945,29.00539779663086,222500
2005-07-05,62.560001373291016,29.173263549804688,305600
2005-07-06,62.029998779296875,28.926128387451172,332900
2005-07-07,62.099998474121094,28.95875358581543,494000
2005-07-08,62.779998779296875,29.275856018066406,357800
2005-07-11,63.150001525878906,29.448389053344727,2946100
2005-07-12,63.36000061035156,29.546337127685547,2170400
2005-07-13,63.439998626708984,29.583635330200195,635400
2005-07-14,63.45000076293945,29.588306427001953,731100
2005-07-15,63.40999984741211,29.569644927978516,347600
2005-07-18,63.25,29.495025634765625,364800
2005-07-19,63.5,29.61160659790039,625000
2005-07-20,63.970001220703125,29.83079719543457,452800
2005-07-21,63.470001220703125,29.597637176513672,633400
2005-07-22,64.0999984741211,29.891408920288086,402200
2005-07-25,63.869998931884766,29.784156799316406,461200
2005-07-26,63.880001068115234,29.7888126373291,429500
2005-07-27,64.0199966430664,29.854093551635742,335400
2005-07-28,64.43000030517578,30.045291900634766,333200
2005-07-29,63.970001220703125,29.83079719543457,482500
2005-08-01,63.75,29.728199005126953,963500
2005-08-02,64.30000305175781,29.98467254638672,402700
2005-08-03,64.5,30.077938079833984,299700
2005-08-04,63.86000061035156,29.779495239257812,381900
2005-08-05,63.2599983215332,29.499696731567383,398200
2005-08-08,62.91999816894531,29.341154098510742,422500
2005-08-09,63.130001068115234,29.439077377319336,317000
2005-08-10,63.11000061035156,29.429752349853516,459200
2005-08-11,63.43000030517578,29.57897186279297,387400
2005-08-12,63.25,29.495025634765625,463900
2005-08-15,63.47999954223633,29.602285385131836,298100
2005-08-16,62.790000915527344,29.2805118560791,365900
2005-08-17,62.65999984741211,29.219907760620117,632200
2005-08-18,62.66999816894531,29.224559783935547,689100
2005-08-19,62.79999923706055,29.285186767578125,287700
2005-08-22,63.02000045776367,29.387786865234375,667900
2005-08-23,62.88999938964844,29.327167510986328,352100
2005-08-24,62.43000030517578,29.11264419555664,387200
2005-08-25,62.61000061035156,29.196584701538086,346200
2005-08-26,62.150001525878906,28.982072830200195,386600
2005-08-29,62.47999954223633,29.135961532592773,640000
2005-08-30,62.310001373291016,29.056690216064453,407500
2005-08-31,62.91999816894531,29.341154098510742,405300
2005-09-01,63.220001220703125,29.48105239868164,453100
2005-09-02,63.13999938964844,29.44374656677246,311400
2005-09-06,63.59000015258789,29.653593063354492,452700
2005-09-07,63.7400016784668,29.723522186279297,378400
2005-09-08,63.4900016784668,29.606950759887695,257600
2005-09-09,63.97999954223633,29.83544921875,304900
2005-09-12,63.88999938964844,29.793474197387695,343200
2005-09-13,63.36000061035156,29.546337127685547,395800
2005-09-14,63.2400016784668,29.490371704101562,270700
2005-09-15,63.2400016784668,29.490371704101562,294400
2005-09-16,63.79999923706055,29.751506805419922,300000
2005-09-19,63.4900016784668,29.606950759887695,303600
2005-09-20,63.02000045776367,29.387786865234375,519100
2005-09-21,62.15999984741211,28.986740112304688,753900
2005-09-22,62.189998626708984,29.000732421875,725800
2005-09-23,61.880001068115234,29.07355499267578,533800
2005-09-26,61.869998931884766,29.06885528564453,585400
2005-09-27,61.90999984741211,29.08765411376953,406900
2005-09-28,61.939998626708984,29.101749420166016,417400
2005-09-29,62.40999984741211,29.32257843017578,796400
2005-09-30,62.279998779296875,29.26150131225586,510100
2005-10-03,62.5,29.364850997924805,457100
2005-10-04,61.849998474121094,29.05946159362793,674200
2005-10-05,60.7599983215332,28.547346115112305,633700
2005-10-06,60.47999954223633,28.415775299072266,1032000
2005-10-07,60.720001220703125,28.528549194335938,520500
2005-10-10,60.09000015258789,28.232555389404297,466700
2005-10-11,59.7400016784668,28.068086624145508,582700
2005-10-12,59.290000915527344,27.85666275024414,768700
2005-10-13,58.97999954223633,27.711023330688477,1824600
2005-10-14,59.70000076293945,28.04930877685547,498000
2005-10-17,60.029998779296875,28.204349517822266,511600
2005-10-18,59.33000183105469,27.875469207763672,441300
2005-10-19,59.90999984741211,28.147977828979492,967000
2005-10-20,59.25,27.837888717651367,927100
2005-10-21,59.529998779296875,27.969436645507812,459200
2005-10-24,60.63999938964844,28.490955352783203,618400
2005-10-25,60.58000183105469,28.462770462036133,481300
2005-10-26,60.459999084472656,28.406381607055664,523300
2005-10-27,59.939998626708984,28.16207504272461,1381300
2005-10-28,60.86000061035156,28.59432601928711,384800
2005-10-31,61.25,28.77755355834961,721100
2005-11-01,61.06999969482422,28.692977905273438,354600
2005-11-02,61.45000076293945,28.87152671813965,330100
2005-11-03,61.279998779296875,28.791648864746094,3056300
2005-11-04,61.2599983215332,28.782258987426758,258300
2005-11-07,61.2599983215332,28.782258987426758,335300
2005-11-08,61.04999923706055,28.683582305908203,417500
2005-11-09,61.2599983215332,28.782258987426758,251400
2005-11-10,61.790000915527344,29.0312557220459,670200
2005-11-11,61.849998474121094,29.05946159362793,281500
2005-11-14,61.630001068115234,28.956098556518555,239800
2005-11-15,61.31999969482422,28.810441970825195,349600
2005-11-16,61.220001220703125,28.763471603393555,339400
2005-11-17,61.720001220703125,28.99839210510254,714500
2005-11-18,62.040000915527344,29.148717880249023,515800
2005-11-21,62.349998474121094,29.29438018798828,344300
2005-11-22,62.4900016784668,29.36016082763672,431600
2005-11-23,62.86000061035156,29.53399658203125,1125400
2005-11-25,62.93000030517578,29.5668888092041,138400
2005-11-28,62.41999816894531,29.327268600463867,319000
2005-11-29,62.68000030517578,29.449430465698242,1127000
2005-11-30,62.099998474121094,29.176916122436523,517800
2005-12-01,62.720001220703125,29.46823501586914,297300
2005-12-02,62.779998779296875,29.496402740478516,241200
2005-12-05,62.54999923706055,29.388347625732422,362800
2005-12-06,62.459999084472656,29.346071243286133,469500
2005-12-07,62.04999923706055,29.153425216674805,304600
2005-12-08,62.0,29.129928588867188,405000
2005-12-09,62.279998779296875,29.26150131225586,1001700
2005-12-12,62.15999984741211,29.205114364624023,335100
2005-12-13,62.599998474121094,29.411855697631836,329000
2005-12-14,63.09000015258789,29.64205551147461,299300
2005-12-15,62.900001525878906,29.552783966064453,434100
2005-12-16,62.970001220703125,29.585678100585938,289500
2005-12-19,62.45000076293945,29.341358184814453,456700
2005-12-20,62.400001525878906,29.31786346435547,280600
2005-12-21,62.5099983215332,29.369544982910156,392300
2005-12-22,62.209999084472656,29.447174072265625,297100
2005-12-23,62.220001220703125,29.4519100189209,239100
2005-12-27,61.84000015258789,29.272048950195312,412800
2005-12-28,61.79999923706055,29.253108978271484,303500
2005-12-29,61.59000015258789,29.153701782226562,299200
2005-12-30,61.2599983215332,28.99748420715332,536700
2006-01-03,62.20000076293945,29.442459106445312,648500
2006-01-04,62.45000076293945,29.560789108276367,570500
2006-01-05,62.4900016784668,29.579723358154297,493000
2006-01-06,62.900001525878906,29.773788452148438,537100
2006-01-09,63.099998474121094,29.868465423583984,723800
2006-01-10,63.04999923706055,29.844791412353516,395800
2006-01-11,63.060001373291016,29.84953498840332,275400
2006-01-12,62.709999084472656,29.68385124206543,298000
2006-01-13,62.83000183105469,29.740659713745117,1694800
2006-01-17,62.599998474121094,29.631799697875977,408100
2006-01-18,62.650001525878906,29.655452728271484,526100
2006-01-19,62.790000915527344,29.721712112426758,409400
2006-01-20,62.040000915527344,29.366708755493164,2399600
2006-01-23,62.18000030517578,29.4329833984375,436200
2006-01-24,62.43000030517578,29.551313400268555,393000
2006-01-25,62.38999938964844,29.532379150390625,363500
2006-01-26,62.66999816894531,29.664915084838867,1922200
2006-01-27,62.86000061035156,29.75486183166504,429500
2006-01-30,62.599998474121094,29.631799697875977,2015300
2006-01-31,62.31999969482422,29.499248504638672,372300
2006-02-01,62.54999923706055,29.608137130737305,821900
2006-02-02,62.02000045776367,29.357240676879883,529700
2006-02-03,61.63999938964844,29.177370071411133,412100
2006-02-06,61.75,29.229433059692383,710600
2006-02-07,61.41999816894531,29.073226928710938,435200
2006-02-08,61.630001068115234,29.172637939453125,458000
2006-02-09,61.77000045776367,29.238908767700195,278800
2006-02-10,61.959999084472656,29.32884979248047,627800
2006-02-13,61.81999969482422,29.262571334838867,264500
2006-02-14,62.4900016784668,29.579723358154297,378000
2006-02-15,62.7400016784668,29.69805908203125,449800
2006-02-16,63.150001525878906,29.89212417602539,301900
2006-02-17,63.27000045776367,29.94894027709961,276200
2006-02-21,63.08000183105469,29.85899543762207,433400
2006-02-22,63.849998474121094,30.22347640991211,327900
2006-02-23,63.66999816894531,30.138263702392578,276500
2006-02-24,63.56999969482422,30.090932846069336,213500
2006-02-27,63.7599983215332,30.18088150024414,322100
2006-02-28,63.34000015258789,29.982074737548828,315400
2006-03-01,63.5,30.057798385620117,249200
2006-03-02,63.130001068115234,29.882665634155273,419600
2006-03-03,62.88999938964844,29.76906967163086,2404500
2006-03-06,62.4900016784668,29.579723358154297,286300
2006-03-07,62.45000076293945,29.560789108276367,335600
2006-03-08,62.52000045776367,29.593910217285156,400000
2006-03-09,62.279998779296875,29.480323791503906,215700
2006-03-10,62.7400016784668,29.69805908203125,292000
2006-03-13,63.06999969482422,29.854270935058594,260500
2006-03-14,63.52000045776367,30.067270278930664,414800
2006-03-15,63.81999969482422,30.209278106689453,365500
2006-03-16,64.0,30.294477462768555,456900
2006-03-17,64.02999877929688,30.308677673339844,367000
2006-03-20,63.869998931884766,30.232942581176758,354600
2006-03-21,63.470001220703125,30.043609619140625,300600
2006-03-22,64.13999938964844,30.36075210571289,313100
2006-03-23,63.97999954223633,30.28500747680664,250800
2006-03-24,63.439998626708984,30.298383712768555,227000
2006-03-27,63.29999923706055,30.23151969909668,330100
2006-03-28,62.790000915527344,29.987958908081055,272000
2006-03-29,63.18000030517578,30.17420768737793,253600
2006-03-30,62.79999923706055,29.992727279663086,828500
2006-03-31,62.70000076293945,29.94496726989746,327600
2006-04-03,62.7599983215332,29.973623275756836,409100
2006-04-04,63.29999923706055,30.23151969909668,516500
2006-04-05,63.34000015258789,30.250629425048828,366700
2006-04-06,63.09000015258789,30.131235122680664,393200
2006-04-07,62.52000045776367,29.858999252319336,285900
2006-04-10,62.599998474121094,29.897212982177734,381900
2006-04-11,62.08000183105469,29.64886474609375,428800
2006-04-12,62.16999816894531,29.691848754882812,534000
2006-04-13,62.099998474121094,29.658418655395508,271300
2006-04-17,62.02000045776367,29.62019920349121,312800
2006-04-18,63.04999923706055,30.112119674682617,503800
2006-04-19,62.95000076293945,30.064373016357422,422700
2006-04-20,63.16999816894531,30.169431686401367,287200
2006-04-21,63.060001373291016,30.11690902709961,294200
2006-04-24,62.959999084472656,30.069133758544922,342100
2006-04-25,62.810001373291016,29.99749755859375,320000
2006-04-26,63.0,30.088245391845703,256600
2006-04-27,63.709999084472656,30.42732810974121,343600
2006-04-28,64.0,30.56584358215332,264000
2006-05-01,63.5,30.327041625976562,270400
2006-05-02,63.93000030517578,30.532407760620117,214800
2006-05-03,63.849998474121094,30.494199752807617,293500
2006-05-04,64.0,30.56584358215332,233400
2006-05-05,64.62000274658203,30.86195182800293,381200
2006-05-08,64.58999633789062,30.84762191772461,223700
2006-05-09,64.5999984741211,30.852399826049805,197300
2006-05-10,64.51000213623047,30.809406280517578,173700
2006-05-11,63.79999923706055,30.470317840576172,254500
2006-05-12,63.25,30.207639694213867,302500
2006-05-15,63.560001373291016,30.355701446533203,313000
2006-05-16,63.650001525878906,30.398683547973633,431400
2006-05-17,62.459999084472656,29.830358505249023,621000
2006-05-18,62.060001373291016,29.639307022094727,372000
2006-05-19,62.459999084472656,29.830358505249023,455500
2006-05-22,62.439998626708984,29.8207950592041,262200
2006-05-23,61.84000015258789,29.534236907958984,454100
2006-05-24,62.400001525878906,29.80168914794922,337000
2006-05-25,63.0,30.088245391845703,246700
2006-05-26,63.369998931884766,30.264976501464844,235900
2006-05-30,62.560001373291016,29.878095626831055,266600
2006-05-31,63.11000061035156,30.14077377319336,270700
2006-06-01,63.869998931884766,30.503755569458008,221000
2006-06-02,64.1500015258789,30.637475967407227,369500
2006-06-05,63.25,30.207639694213867,318000
2006-06-06,63.11000061035156,30.14077377319336,296200
2006-06-07,63.040000915527344,30.10735321044922,174300
2006-06-08,63.29999923706055,30.23151969909668,668000
2006-06-09,63.279998779296875,30.22197914123535,191900
2006-06-12,62.93000030517578,30.0548095703125,492400
2006-06-13,62.20000076293945,29.7061767578125,551500
2006-06-14,61.959999084472656,29.591552734375,522700
2006-06-15,63.060001373291016,30.11690902709961,459200
2006-06-16,62.7400016784668,29.964065551757812,271200
2006-06-19,62.13999938964844,29.677520751953125,247100
2006-06-20,62.27000045776367,29.73961067199707,280400
2006-06-21,62.63999938964844,29.91630744934082,255200
2006-06-22,61.91999816894531,29.841623306274414,346900
2006-06-23,61.65999984741211,29.716318130493164,205300
2006-06-26,62.20000076293945,29.97655487060547,200500
2006-06-27,61.79999923706055,29.783782958984375,374600
2006-06-28,62.099998474121094,29.928369522094727,197200
2006-06-29,63.150001525878906,30.43440055847168,420500
2006-06-30,63.060001373291016,30.391029357910156,348000
2006-07-03,63.349998474121094,30.530790328979492,169500
2006-07-05,63.060001373291016,30.391029357910156,466900
2006-07-06,63.25,30.482587814331055,212400
2006-07-07,63.25,30.482587814331055,223000
2006-07-10,63.54999923706055,30.627174377441406,529900
2006-07-11,63.689998626708984,30.694639205932617,206200
2006-07-12,63.15999984741211,30.43922233581543,367500
2006-07-13,62.400001525878906,30.072940826416016,305600
2006-07-14,62.400001525878906,30.072940826416016,342700
2006-07-17,62.54999923706055,30.145231246948242,544500
2006-07-18,62.77000045776367,30.25126838684082,293500
2006-07-19,63.880001068115234,30.786203384399414,384400
2006-07-20,63.70000076293945,30.69947052001953,349900
2006-07-21,63.47999954223633,30.593427658081055,343800
2006-07-24,64.37000274658203,31.02235221862793,348200
2006-07-25,64.73999786376953,31.20067024230957,372100
2006-07-26,65.05000305175781,31.350082397460938,308500
2006-07-27,64.80999755859375,31.23440933227539,706000
2006-07-28,65.33000183105469,31.485015869140625,260500
2006-07-31,65.1500015258789,31.398269653320312,304800
2006-08-01,65.0999984741211,31.37418556213379,200600
2006-08-02,65.26000213623047,31.45128631591797,280500
2006-08-03,65.5,31.56694984436035,293100
2006-08-04,65.69000244140625,31.658517837524414,336000
2006-08-07,65.41000366210938,31.523578643798828,262100
2006-08-08,65.3499984741211,31.494665145874023,450100
2006-08-09,64.83999633789062,31.248872756958008,347700
2006-08-10,65.02999877929688,31.340442657470703,310500
2006-08-11,64.79000091552734,31.224773406982422,278500
2006-08-14,64.87999725341797,31.268157958984375,573700
2006-08-15,65.4800033569336,31.557323455810547,359600
2006-08-16,65.80000305175781,31.711528778076172,327300
2006-08-17,65.68000030517578,31.653696060180664,358200
2006-08-18,65.9800033569336,31.798290252685547,633100
2006-08-21,65.87999725341797,31.750097274780273,367900
2006-08-22,65.91000366210938,31.764549255371094,203000
2006-08-23,65.5999984741211,31.615150451660156,220400
2006-08-24,65.62000274658203,31.62477684020996,320700
2006-08-25,65.48999786376953,31.56212615966797,254700
2006-08-28,65.81999969482422,31.72117042541504,219100
2006-08-29,65.86000061035156,31.740449905395508,261700
2006-08-30,65.75,31.687437057495117,326200
2006-08-31,65.88999938964844,31.754911422729492,302900
2006-09-01,66.22000122070312,31.9139461517334,211500
2006-09-05,66.12999725341797,31.870580673217773,335300
2006-09-06,65.83000183105469,31.725997924804688,306900
2006-09-07,65.48999786376953,31.56212615966797,386200
2006-09-08,65.7300033569336,31.677799224853516,210000
2006-09-11,65.80000305175781,31.711528778076172,259700
2006-09-12,66.30000305175781,31.95250129699707,332300
2006-09-13,66.55999755859375,32.07781982421875,463300
2006-09-14,66.4800033569336,32.039249420166016,283700
2006-09-15,66.5999984741211,32.09708023071289,349600
2006-09-18,66.5,32.048892974853516,471900
2006-09-19,66.37000274658203,31.986238479614258,513400
2006-09-20,66.94999694824219,32.2657585144043,345800
2006-09-21,66.55999755859375,32.07781982421875,338100
2006-09-22,66.48999786376953,32.04405975341797,344800
2006-09-25,66.8499984741211,32.217567443847656,605600
2006-09-26,66.5,32.322566986083984,600800
2006-09-27,66.66000366210938,32.40032196044922,287500
2006-09-28,66.69000244140625,32.414913177490234,336200
2006-09-29,66.43000030517578,32.288543701171875,301800
2006-10-02,66.41999816894531,32.28366470336914,262200
2006-10-03,66.44999694824219,32.298255920410156,299200
2006-10-04,67.05000305175781,32.58987808227539,544700
2006-10-05,67.23999786376953,32.68222427368164,377900
2006-10-06,66.9000015258789,32.5169677734375,275900
2006-10-09,66.9800033569336,32.555870056152344,247700
2006-10-10,67.23999786376953,32.68222427368164,423600
2006-10-11,67.27999877929688,32.7016716003418,267100
2006-10-12,67.62999725341797,32.87178039550781,369200
2006-10-13,67.87999725341797,32.99330520629883,268600
2006-10-16,67.86000061035156,32.98358917236328,389100
2006-10-17,67.83000183105469,32.9690055847168,414000
2006-10-18,68.1500015258789,33.124542236328125,386200
2006-10-19,68.22000122070312,33.158573150634766,887400
2006-10-20,68.27999877929688,33.187744140625,264000
2006-10-23,68.5999984741211,33.34326934814453,914200
2006-10-24,68.68000030517578,33.38214874267578,359400
2006-10-25,68.91999816894531,33.498809814453125,352900
2006-10-26,68.98999786376953,33.532833099365234,274100
2006-10-27,68.69999694824219,33.39185333251953,415700
2006-10-30,68.70999908447266,33.39673614501953,543100
2006-10-31,68.6500015258789,33.367576599121094,297500
2006-11-01,68.63999938964844,33.362709045410156,608300
2006-11-02,68.44999694824219,33.27035140991211,272600
2006-11-03,68.41999816894531,33.25578308105469,338900
2006-11-06,68.98999786376953,33.532833099365234,354100
2006-11-07,69.2300033569336,33.649478912353516,365600
2006-11-08,69.5,33.78070831298828,353800
2006-11-09,69.18000030517578,33.625186920166016,357800
2006-11-10,69.33000183105469,33.69809341430664,239400
2006-11-13,69.48999786376953,33.77585983276367,245700
2006-11-14,69.75,33.902217864990234,308300
2006-11-15,69.80000305175781,33.92653274536133,413900
2006-11-16,70.1500015258789,34.09664535522461,277000
2006-11-17,70.0999984741211,34.07234573364258,302700
2006-11-20,70.05999755859375,34.05290985107422,305900
2006-11-21,69.69999694824219,33.877933502197266,287300
2006-11-22,69.70999908447266,33.882789611816406,251400
2006-11-24,69.5999984741211,33.82932662963867,123500
2006-11-27,68.8499984741211,33.464786529541016,434400
2006-11-28,69.04000091552734,33.557132720947266,381200
2006-11-29,69.80000305175781,33.92653274536133,481400
2006-11-30,69.7699966430664,33.91193771362305,377800
2006-12-01,69.83000183105469,33.94111633300781,425200
2006-12-04,70.31999969482422,34.17927932739258,281300
2006-12-05,70.69999694824219,34.36397171020508,254300
2006-12-06,70.5999984741211,34.31536865234375,353300
2006-12-07,70.23999786376953,34.140384674072266,264800
2006-12-08,70.16999816894531,34.10636520385742,172900
2006-12-11,70.55000305175781,34.29107666015625,675900
2006-12-12,70.69999694824219,34.36397171020508,550100
2006-12-13,70.73999786376953,34.383419036865234,431300
2006-12-14,71.19999694824219,34.60701370239258,232200
2006-12-15,71.12000274658203,34.568119049072266,367400
2006-12-18,70.93000030517578,34.47577667236328,304400
2006-12-19,71.12999725341797,34.572975158691406,273200
2006-12-20,70.70999908447266,34.62488555908203,397100
2006-12-21,70.55999755859375,34.55143356323242,520100
2006-12-22,70.36000061035156,34.45349884033203,312200
2006-12-26,70.98999786376953,34.762001037597656,526100
2006-12-27,71.44000244140625,34.98234176635742,425500
2006-12-28,71.13999938964844,34.8354606628418,926500
2006-12-29,70.7300033569336,34.634681701660156,325400
2007-01-03,71.16999816894531,34.85012435913086,880700
2007-01-04,71.06999969482422,34.80117416381836,371400
2007-01-05,70.19999694824219,34.375152587890625,542800
2007-01-08,70.3499984741211,34.44859313964844,568600
2007-01-09,70.38999938964844,34.46819305419922,307800
2007-01-10,70.41000366210938,34.477989196777344,332100
2007-01-11,70.68000030517578,34.61018753051758,535800
2007-01-12,70.66000366210938,34.600406646728516,327700
2007-01-16,70.52999877929688,34.5367431640625,463000
2007-01-17,70.56999969482422,34.55634689331055,581900
2007-01-18,70.44999694824219,34.49756622314453,349700
2007-01-19,70.61000061035156,34.575923919677734,389400
2007-01-22,70.44999694824219,34.49756622314453,326100
2007-01-23,70.66999816894531,34.60531234741211,427700
2007-01-24,71.19000244140625,34.85991287231445,526800
2007-01-25,70.61000061035156,34.575923919677734,436700
2007-01-26,70.5999984741211,34.57101821899414,278300
2007-01-29,70.68000030517578,34.61018753051758,275700
2007-01-30,71.02999877929688,34.78158187866211,271600
2007-01-31,71.43000030517578,34.97745132446289,268100
2007-02-01,71.9000015258789,35.20761489868164,421300
2007-02-02,72.05000305175781,35.28105163574219,333100
2007-02-05,72.08000183105469,35.29573059082031,379400
2007-02-06,72.27999877929688,35.3936767578125,399100
2007-02-07,72.44999694824219,35.47690963745117,322000
2007-02-08,72.37999725341797,35.4426383972168,319500
2007-02-09,72.08000183105469,35.29573059082031,353600
2007-02-12,72.0199966430664,35.26636505126953,254300
2007-02-13,72.66000366210938,35.579742431640625,922400
2007-02-14,72.91000366210938,35.70218276977539,332000
2007-02-15,72.87000274658203,35.682586669921875,695500
2007-02-16,72.87000274658203,35.682586669921875,209500
2007-02-20,73.16999816894531,35.829498291015625,256400
2007-02-21,72.95999908447266,35.72665786743164,308100
2007-02-22,72.80000305175781,35.648292541503906,339400
2007-02-23,72.6500015258789,35.57484817504883,188300
2007-02-26,72.87999725341797,35.6874885559082,284900
2007-02-27,70.55000305175781,34.54655838012695,1191000
2007-02-28,70.98999786376953,34.762001037597656,730300
2007-03-01,71.04000091552734,34.7864990234375,582800
2007-03-02,70.16999816894531,34.3604621887207,531600
2007-03-05,69.12999725341797,33.85118865966797,600800
2007-03-06,70.30999755859375,34.42900848388672,530800
2007-03-07,70.05000305175781,34.301700592041016,345800
2007-03-08,70.55999755859375,34.55143356323242,352600
2007-03-09,70.77999877929688,34.65916442871094,508500
2007-03-12,70.95999908447266,34.74730682373047,302900
2007-03-13,69.55999755859375,34.061763763427734,515100
2007-03-14,69.97000122070312,34.26253128051758,522900
2007-03-15,70.44000244140625,34.49266815185547,327000
2007-03-16,70.08999633789062,34.3212776184082,308300
2007-03-19,70.73999786376953,34.639564514160156,289300
2007-03-20,71.48999786376953,35.00682067871094,755700
2007-03-21,72.51000213623047,35.506290435791016,374300
2007-03-22,72.33999633789062,35.42304992675781,326600
2007-03-23,71.9800033569336,35.521759033203125,366500
2007-03-26,71.91000366210938,35.48721694946289,443900
2007-03-27,71.83999633789062,35.452667236328125,313200
2007-03-28,71.23999786376953,35.156558990478516,507300
2007-03-29,71.5999984741211,35.334228515625,227800
2007-03-30,71.44999694824219,35.26019287109375,296100
2007-04-02,71.73999786376953,35.403316497802734,269700
2007-04-03,72.20999908447266,35.63526153564453,242600
2007-04-04,72.27999877929688,35.66979217529297,341800
2007-04-05,72.30000305175781,35.6796875,219000
2007-04-09,72.26000213623047,35.659934997558594,207300
2007-04-10,72.5,35.77837371826172,202400
2007-04-11,71.94999694824219,35.506954193115234,269400
2007-04-12,71.9800033569336,35.521759033203125,288400
2007-04-13,72.4800033569336,35.76850891113281,389800
2007-04-16,73.19999694824219,36.123817443847656,439300
2007-04-17,73.27999877929688,36.163307189941406,359000
2007-04-18,73.5999984741211,36.32121658325195,303300
2007-04-19,73.51000213623047,36.27680206298828,482800
2007-04-20,74.11000061035156,36.57289123535156,232200
2007-04-23,73.75,36.395233154296875,483500
2007-04-24,73.70999908447266,36.375511169433594,329500
2007-04-25,74.44999694824219,36.740692138671875,525800
2007-04-26,74.36000061035156,36.69626235961914,364000
2007-04-27,74.1500015258789,36.592647552490234,295700
2007-04-30,73.43000030517578,36.23732376098633,275400
2007-05-01,73.87000274658203,36.454463958740234,361600
2007-05-02,74.0999984741211,36.56796646118164,306900
2007-05-03,74.44999694824219,36.740692138671875,248800
2007-05-04,74.66000366210938,36.84434127807617,237700
2007-05-07,74.94999694824219,36.9874382019043,311300
2007-05-08,74.83999633789062,36.93315124511719,244600
2007-05-09,74.94999694824219,36.9874382019043,244200
2007-05-10,74.12000274658203,36.57783126831055,295600
2007-05-11,74.83999633789062,36.93315124511719,289500
2007-05-14,74.77999877929688,36.903541564941406,401000
2007-05-15,74.7699966430664,36.89860153198242,720000
2007-05-16,75.2300033569336,37.1256103515625,355300
2007-05-17,75.12000274658203,37.07133483886719,298800
2007-05-18,75.41999816894531,37.2193717956543,330700
2007-05-21,75.52999877929688,37.27366256713867,1226100
2007-05-22,75.55000305175781,37.283531188964844,258100
2007-05-23,75.22000122070312,37.12069320678711,596100
2007-05-24,74.19000244140625,36.61239242553711,372300
2007-05-25,74.47000122070312,36.75057601928711,274100
2007-05-29,74.63999938964844,36.83445358276367,307200
2007-05-30,74.91999816894531,36.97263717651367,242900
2007-05-31,74.87999725341797,36.95288848876953,668300
2007-06-01,75.23999786376953,37.13053894042969,379800
2007-06-04,75.16999816894531,37.09600067138672,409300
2007-06-05,74.54000091552734,36.785099029541016,405700
2007-06-06,73.72000122070312,36.38042449951172,452500
2007-06-07,72.26000213623047,35.659934997558594,702900
2007-06-08,73.0,36.02511978149414,442000
2007-06-11,73.33000183105469,36.187984466552734,307700
2007-06-12,72.30000305175781,35.6796875,400100
2007-06-13,73.4000015258789,36.22252655029297,359300
2007-06-14,73.5199966430664,36.281742095947266,310300
2007-06-15,74.18000030517578,36.60743713378906,592500
2007-06-18,73.97000122070312,36.50381851196289,366800
2007-06-19,74.08000183105469,36.5580940246582,297500
2007-06-20,72.95999908447266,36.005374908447266,279300
2007-06-21,73.08000183105469,36.064613342285156,377300
2007-06-22,72.16999816894531,35.61553192138672,472800
2007-06-25,72.19999694824219,35.63032531738281,645100
2007-06-26,71.83999633789062,35.452667236328125,522200
2007-06-27,72.80999755859375,35.93133544921875,337500
2007-06-28,72.13999938964844,35.888084411621094,374400
2007-06-29,71.88999938964844,35.76371383666992,537400
2007-07-02,73.05000305175781,36.340782165527344,308800
2007-07-03,73.12000274658203,36.37559509277344,331200
2007-07-05,72.8499984741211,36.241275787353516,534300
2007-07-06,72.8499984741211,36.241275787353516,338400
2007-07-09,72.80000305175781,36.21640396118164,313500
2007-07-10,71.4000015258789,35.51994705200195,438700
2007-07-11,71.87000274658203,35.753761291503906,330300
2007-07-12,73.16000366210938,36.395511627197266,572700
2007-07-13,73.3499984741211,36.49002456665039,663500
2007-07-16,73.06999969482422,36.3507194519043,548900
2007-07-17,73.1500015258789,36.390541076660156,386300
2007-07-18,72.66999816894531,36.151729583740234,549700
2007-07-19,72.8499984741211,36.241275787353516,265800
2007-07-20,71.81999969482422,35.728878021240234,465500
2007-07-23,72.0,35.81843566894531,348200
2007-07-24,70.22000122070312,34.93292999267578,653600
2007-07-25,70.55000305175781,35.09709548950195,1175100
2007-07-26,68.69999694824219,34.17673873901367,1810600
2007-07-27,67.80000305175781,33.72902297973633,1190300
2007-07-30,68.4000015258789,34.02750778198242,898100
2007-07-31,67.69999694824219,33.67927932739258,798500
2007-08-01,68.5999984741211,34.12699890136719,852800
2007-08-02,68.8499984741211,34.251373291015625,546400
2007-08-03,66.4800033569336,33.07234573364258,1123500
2007-08-06,68.54000091552734,34.09716033935547,1215700
2007-08-07,69.2699966430664,34.46030807495117,1768700
2007-08-08,70.0999984741211,34.87322998046875,2174300
2007-08-09,67.80000305175781,33.72902297973633,1694400
2007-08-10,68.36000061035156,34.00761795043945,758200
2007-08-13,68.06999969482422,33.863338470458984,434400
2007-08-14,66.8499984741211,33.25642776489258,854600
2007-08-15,66.08999633789062,32.87833023071289,1286200
2007-08-16,67.66000366210938,33.65937423706055,2039500
2007-08-17,69.19999694824219,34.425498962402344,1147300
2007-08-20,69.0,34.325992584228516,1340200
2007-08-21,69.30999755859375,34.4802131652832,442800
2007-08-22,70.06999969482422,34.858306884765625,705200
2007-08-23,69.69000244140625,34.669254302978516,613500
2007-08-24,70.20999908447266,34.927940368652344,984300
2007-08-27,69.2300033569336,34.44041061401367,1152600
2007-08-28,67.76000213623047,33.70912551879883,1198300
2007-08-29,68.9000015258789,34.2762565612793,406000
2007-08-30,68.58999633789062,34.12202835083008,401800
2007-08-31,69.08999633789062,34.37078094482422,371900
2007-09-04,69.72000122070312,34.68417739868164,493800
2007-09-05,68.83999633789062,34.24639892578125,657300
2007-09-06,69.11000061035156,34.38071823120117,908400
2007-09-07,68.13999938964844,33.898155212402344,909200
2007-09-10,67.76000213623047,33.70912551879883,613300
2007-09-11,68.5,34.077266693115234,454400
2007-09-12,68.63999938964844,34.146907806396484,1063200
2007-09-13,68.87000274658203,34.26133346557617,347600
2007-09-14,69.0,34.325992584228516,503600
2007-09-17,68.80000305175781,34.22650909423828,338000
2007-09-18,70.77999877929688,35.21150207519531,671300
2007-09-19,71.2699966430664,35.45526885986328,499900
2007-09-20,70.58000183105469,35.11201858520508,403700
2007-09-21,70.66000366210938,35.15180969238281,359700
2007-09-24,69.93000030517578,34.78864669799805,399700
2007-09-25,69.12000274658203,34.68177795410156,750000
2007-09-26,69.62000274658203,34.93266296386719,380000
2007-09-27,69.70999908447266,34.97780990600586,647100
2007-09-28,69.30000305175781,34.77208709716797,473300
2007-10-01,70.19999694824219,35.223670959472656,614500
2007-10-02,70.33000183105469,35.288902282714844,639100
2007-10-03,70.44999694824219,35.3491096496582,634000
2007-10-04,70.63999938964844,35.444454193115234,245200
2007-10-05,71.45999908447266,35.855899810791016,407500
2007-10-08,70.91000366210938,35.57992172241211,270700
2007-10-09,71.38999938964844,35.82078170776367,417600
2007-10-10,70.94000244140625,35.59498596191406,266900
2007-10-11,70.87999725341797,35.56489181518555,424500
2007-10-12,70.94999694824219,35.60001754760742,337800
2007-10-15,70.0999984741211,35.17351150512695,476000
2007-10-16,69.06999969482422,34.65668869018555,351700
2007-10-17,69.02999877929688,34.63661575317383,372200
2007-10-18,68.55999755859375,34.400794982910156,821600
2007-10-19,67.08999633789062,33.663204193115234,570900
2007-10-22,67.0,33.61803436279297,1216000
2007-10-23,67.94999694824219,34.09470748901367,465600
2007-10-24,67.75,33.99437713623047,908000
2007-10-25,68.08999633789062,34.16496658325195,838000
2007-10-26,69.75,34.99788284301758,842300
2007-10-29,69.4000015258789,34.822269439697266,553000
2007-10-30,69.05000305175781,34.64667510986328,482100
2007-10-31,69.3499984741211,34.79718780517578,899400
2007-11-01,67.45999908447266,33.84884262084961,1837300
2007-11-02,66.97000122070312,33.60297775268555,972100
2007-11-05,66.55000305175781,33.392242431640625,1126300
2007-11-06,67.4000015258789,33.8187370300293,724600
2007-11-07,65.19999694824219,32.7148551940918,986300
2007-11-08,65.75,32.9908332824707,1161900
2007-11-09,66.01000213623047,33.12130355834961,1063300
2007-11-12,65.94999694824219,33.091182708740234,1204300
2007-11-13,67.55000305175781,33.894012451171875,1483800
2007-11-14,66.8499984741211,33.54277038574219,1222700
2007-11-15,66.08000183105469,33.15641403198242,846300
2007-11-16,65.76000213623047,32.995849609375,557800
2007-11-19,64.4000015258789,32.31346130371094,1309100
2007-11-20,64.69999694824219,32.463993072509766,1317300
2007-11-21,64.13999938964844,32.18300247192383,1039200
2007-11-23,65.16999816894531,32.69981384277344,257600
2007-11-26,63.439998626708984,31.83177375793457,902500
2007-11-27,64.47000122070312,32.34859085083008,1144900
2007-11-28,66.68000030517578,33.45746994018555,826100
2007-11-29,66.44999694824219,33.34207534790039,495300
2007-11-30,67.41000366210938,33.82377243041992,789400
2007-12-03,67.30000305175781,33.76856231689453,520200
2007-12-04,66.88999938964844,33.562843322753906,596900
2007-12-05,67.87000274658203,34.054569244384766,792400
2007-12-06,68.66999816894531,34.455970764160156,544900
2007-12-07,68.5,34.37068176269531,634000
2007-12-10,69.3499984741211,34.79718780517578,667000
2007-12-11,67.33000183105469,33.78362274169922,1011400
2007-12-12,67.27999877929688,33.7585334777832,1709600
2007-12-13,66.73999786376953,33.48758316040039,1063700
2007-12-14,65.7300033569336,32.98080062866211,836600
2007-12-17,64.94999694824219,32.58941650390625,870000
2007-12-18,65.4000015258789,32.815208435058594,1002600
2007-12-19,65.20999908447266,32.71989440917969,597800
2007-12-20,65.5199966430664,32.87541580200195,819100
2007-12-21,67.36000061035156,33.798667907714844,737200
2007-12-24,67.0199966430664,33.62806701660156,387300
2007-12-26,66.86000061035156,33.54779052734375,572200
2007-12-27,65.20999908447266,33.02914810180664,629100
2007-12-28,64.88999938964844,32.8670539855957,643700
2007-12-31,64.48999786376953,32.664451599121094,801300
2008-01-02,63.70000076293945,32.26431655883789,891500
2008-01-03,63.130001068115234,31.975605010986328,682900
2008-01-04,61.63999938964844,31.220911026000977,1235800
2008-01-07,62.5099983215332,31.661584854125977,1243200
2008-01-08,61.130001068115234,30.96260643005371,1313900
2008-01-09,61.45000076293945,31.12468147277832,1933300
2008-01-10,62.47999954223633,31.646387100219727,1272300
2008-01-11,62.040000915527344,31.423521041870117,1213000
2008-01-14,62.09000015258789,31.448833465576172,750700
2008-01-15,60.65999984741211,30.724536895751953,1515300
2008-01-16,61.349998474121094,31.074024200439453,1421000
2008-01-17,58.970001220703125,29.868558883666992,1868000
2008-01-18,58.27000045776367,29.513988494873047,2388500
2008-01-22,58.16999816894531,29.463342666625977,5333800
2008-01-23,61.34000015258789,31.068952560424805,5786000
2008-01-24,61.540000915527344,31.170270919799805,2185100
2008-01-25,60.83000183105469,30.81064224243164,1616700
2008-01-28,62.41999816894531,31.61598777770996,2336400
2008-01-29,63.36000061035156,32.09209060668945,1596500
2008-01-30,63.040000915527344,31.93001937866211,1394900
2008-01-31,64.61000061035156,32.72523498535156,1429500
2008-02-01,65.79000091552734,33.32291030883789,1298400
2008-02-04,64.72000122070312,32.78096008300781,1352100
2008-02-05,62.61000061035156,31.712230682373047,1535200
2008-02-06,62.11000061035156,31.458980560302734,1065800
2008-02-07,62.7400016784668,31.77806854248047,993200
2008-02-08,62.11000061035156,31.458980560302734,1750300
2008-02-11,61.619998931884766,31.21078109741211,1420900
2008-02-12,62.33000183105469,31.570404052734375,922900
2008-02-13,62.54999923706055,31.68183135986328,1007400
2008-02-14,61.689998626708984,31.246234893798828,1118100
2008-02-15,62.08000183105469,31.443788528442383,1125900
2008-02-19,61.349998474121094,31.074024200439453,1399900
2008-02-20,62.02000045776367,31.41338539123535,1481100
2008-02-21,60.869998931884766,30.830900192260742,1004700
2008-02-22,61.630001068115234,31.215850830078125,1096300
2008-02-25,62.29999923706055,31.555208206176758,1381400
2008-02-26,62.59000015258789,31.70209503173828,964800
2008-02-27,62.40999984741211,31.610923767089844,751500
2008-02-28,61.119998931884766,30.957536697387695,905700
2008-02-29,59.189998626708984,29.97998046875,764400
2008-03-03,58.869998931884766,29.817895889282227,793500
2008-03-04,58.779998779296875,29.772310256958008,938300
2008-03-05,58.720001220703125,29.74192237854004,1405700
2008-03-06,57.18000030517578,28.9619140625,1397800
2008-03-07,57.29999923706055,29.02267837524414,1218900
2008-03-10,56.7400016784668,28.739046096801758,932900
2008-03-11,59.529998779296875,30.152191162109375,1027700
2008-03-12,58.720001220703125,29.74192237854004,498200
2008-03-13,59.029998779296875,29.898941040039062,913300
2008-03-14,57.58000183105469,29.164518356323242,1170200
2008-03-17,56.900001525878906,28.820100784301758,1479500
2008-03-18,59.040000915527344,29.90401840209961,914700
2008-03-19,58.400001525878906,29.57984733581543,844100
2008-03-20,60.45000076293945,30.618179321289062,924300
2008-03-24,61.04999923706055,30.92207908630371,991200
2008-03-25,60.459999084472656,30.967134475708008,1159700
2008-03-26,59.29999923706055,30.372997283935547,597600
2008-03-27,58.56999969482422,29.999094009399414,580200
2008-03-28,57.66999816894531,29.538131713867188,733700
2008-03-31,57.869998931884766,29.64056968688965,1077600
2008-04-01,60.540000915527344,31.008129119873047,839000
2008-04-02,60.470001220703125,30.97228240966797,822400
2008-04-03,60.47999954223633,30.977401733398438,727800
2008-04-04,59.939998626708984,30.70081901550293,782900
2008-04-07,60.25,30.859590530395508,766700
2008-04-08,59.779998779296875,30.618850708007812,418300
2008-04-09,58.869998931884766,30.15276336669922,462400
2008-04-10,58.95000076293945,30.193742752075195,519400
2008-04-11,58.16999816894531,29.794225692749023,403500
2008-04-14,56.970001220703125,29.179611206054688,611900
2008-04-15,57.7599983215332,29.584226608276367,420700
2008-04-16,59.18000030517578,30.311534881591797,456300
2008-04-17,59.560001373291016,30.506175994873047,587300
2008-04-18,60.16999816894531,30.818613052368164,478400
2008-04-21,59.16999816894531,30.306421279907227,706200
2008-04-22,58.58000183105469,30.004226684570312,687700
2008-04-23,58.18000030517578,29.799360275268555,681500
2008-04-24,59.40999984741211,30.429349899291992,1189300
2008-04-25,60.09000015258789,30.77764320373535,559900
2008-04-28,60.18000030517578,30.823740005493164,408600
2008-04-29,59.790000915527344,30.623981475830078,369100
2008-04-30,59.369998931884766,30.408849716186523,549300
2008-05-01,61.15999984741211,31.325687408447266,1496800
2008-05-02,61.150001525878906,31.320566177368164,1407200
2008-05-05,60.849998474121094,31.166900634765625,408800
2008-05-06,60.970001220703125,31.228378295898438,554900
2008-05-07,59.79999923706055,30.629104614257812,442700
2008-05-08,59.56999969482422,30.511301040649414,521900
2008-05-09,59.189998626708984,30.31666374206543,295500
2008-05-12,60.22999954223633,30.849346160888672,279500
2008-05-13,59.97999954223633,30.72129249572754,372500
2008-05-14,60.11000061035156,30.787891387939453,422300
2008-05-15,60.77000045776367,31.12594223022461,497200
2008-05-16,60.20000076293945,30.8339900970459,414400
2008-05-19,60.119998931884766,30.793006896972656,313400
2008-05-20,59.619998931884766,30.53689956665039,421800
2008-05-21,58.63999938964844,30.03495979309082,583200
2008-05-22,59.150001525878906,30.296178817749023,1235600
2008-05-23,58.220001220703125,29.819843292236328,924500
2008-05-27,58.4900016784668,29.958139419555664,465700
2008-05-28,58.09000015258789,29.753259658813477,637400
2008-05-29,58.83000183105469,30.132280349731445,686800
2008-05-30,58.25,29.835203170776367,722900
2008-06-02,57.68000030517578,29.543258666992188,834600
2008-06-03,57.29999923706055,29.34860610961914,855900
2008-06-04,57.29999923706055,29.34860610961914,718300
2008-06-05,57.970001220703125,29.691791534423828,502500
2008-06-06,55.970001220703125,28.667409896850586,656300
2008-06-09,55.38999938964844,28.37034034729004,771300
2008-06-10,55.599998474121094,28.477888107299805,690200
2008-06-11,54.2599983215332,27.79155921936035,570000
2008-06-12,54.189998626708984,27.755714416503906,516100
2008-06-13,54.40999984741211,27.868391036987305,537200
2008-06-16,54.619998931884766,27.975942611694336,520000
2008-06-17,53.790000915527344,27.550840377807617,410900
2008-06-18,52.779998779296875,27.03351593017578,827300
2008-06-19,52.79999923706055,27.043764114379883,929200
2008-06-20,52.31999969482422,26.797901153564453,1104100
2008-06-23,51.709999084472656,26.485462188720703,713500
2008-06-24,51.91999816894531,26.593032836914062,902500
2008-06-25,51.58000183105469,26.743906021118164,927900
2008-06-26,50.189998626708984,26.0231990814209,746900
2008-06-27,49.70000076293945,25.769142150878906,733800
2008-06-30,49.25,25.535816192626953,791500
2008-07-01,49.779998779296875,25.810619354248047,1391200
2008-07-02,48.77000045776367,25.286943435668945,888300
2008-07-03,48.220001220703125,25.001779556274414,457300
2008-07-07,47.310001373291016,24.52994728088379,917000
2008-07-08,49.16999816894531,25.494342803955078,1527700
2008-07-09,47.939998626708984,24.856592178344727,675300
2008-07-10,48.029998779296875,24.90325164794922,1143100
2008-07-11,47.619998931884766,24.690677642822266,624500
2008-07-14,45.7400016784668,23.715913772583008,1066800
2008-07-15,44.939998626708984,23.301105499267578,1935700
2008-07-16,47.459999084472656,24.607715606689453,941600
2008-07-17,49.959999084472656,25.903959274291992,1621500
2008-07-18,50.15999984741211,26.007652282714844,880400
2008-07-21,50.150001525878906,26.002464294433594,767900
2008-07-22,52.029998779296875,26.977235794067383,786800
2008-07-23,52.470001220703125,27.205379486083984,1125400
2008-07-24,50.56999969482422,26.220233917236328,1358100
2008-07-25,50.040000915527344,25.94542694091797,874200
2008-07-28,49.470001220703125,25.64989471435547,587200
2008-07-29,51.16999816894531,26.531333923339844,1079900
2008-07-30,51.90999984741211,26.91501808166504,890300
2008-07-31,51.310001373291016,26.603910446166992,858400
2008-08-01,51.56999969482422,26.738718032836914,658000
2008-08-04,51.540000915527344,26.723167419433594,408800
2008-08-05,52.77000045776367,27.36091423034668,995600
2008-08-06,53.029998779296875,27.495725631713867,1032300
2008-08-07,51.58000183105469,26.743906021118164,541800
2008-08-08,53.189998626708984,27.57868194580078,650900
2008-08-11,54.43000030517578,28.22161293029785,648500
2008-08-12,53.119998931884766,27.54239845275879,698900
2008-08-13,52.150001525878906,27.039459228515625,1115600
2008-08-14,52.83000183105469,27.392030715942383,1977600
2008-08-15,53.43000030517578,27.7031307220459,596800
2008-08-18,52.459999084472656,27.20018196105957,405100
2008-08-19,51.65999984741211,26.785398483276367,603400
2008-08-20,51.68000030517578,26.795761108398438,427500
2008-08-21,51.43000030517578,26.666133880615234,277900
2008-08-22,52.52000045776367,27.231294631958008,448600
2008-08-25,51.400001525878906,26.65057373046875,308000
2008-08-26,51.5099983215332,26.707612991333008,524600
2008-08-27,52.119998931884766,27.023902893066406,282300
2008-08-28,53.439998626708984,27.70831298828125,330300
2008-08-29,53.2400016784668,27.604612350463867,289500
2008-09-02,53.83000183105469,27.9105167388916,587800
2008-09-03,54.61000061035156,28.314943313598633,820300
2008-09-04,53.130001068115234,27.54757308959961,641000
2008-09-05,54.04999923706055,28.024585723876953,591700
2008-09-08,56.400001525878906,29.243053436279297,965100
2008-09-09,54.5099983215332,28.26309585571289,1020200
2008-09-10,54.470001220703125,28.24234962463379,833100
2008-09-11,55.31999969482422,28.683061599731445,910600
2008-09-12,55.90999984741211,28.98897933959961,881700
2008-09-15,54.04999923706055,28.024585723876953,791500
2008-09-16,55.529998779296875,28.79195785522461,1253600
2008-09-17,53.5,27.739423751831055,1058300
2008-09-18,57.65999984741211,29.8963565826416,1367100
2008-09-19,61.0,31.628124237060547,1271200
2008-09-22,57.31999969482422,29.720048904418945,1071200
2008-09-23,56.0,29.035654067993164,1103600
2008-09-24,55.040000915527344,28.823036193847656,628900
2008-09-25,55.88999938964844,29.268173217773438,530400
2008-09-26,56.810001373291016,29.74994659423828,465400
2008-09-29,52.150001525878906,27.309619903564453,804300
2008-09-30,53.2400016784668,27.88042640686035,1138900
2008-10-01,55.54999923706055,29.090110778808594,964800
2008-10-02,53.66999816894531,28.10559844970703,865800
2008-10-03,52.84000015258789,27.670961380004883,1167000
2008-10-06,51.0,26.707386016845703,1545500
2008-10-07,47.5,24.874553680419922,949700
2008-10-08,45.93000030517578,24.052366256713867,1873700
2008-10-09,41.33000183105469,21.643465042114258,2165600
2008-10-10,42.65999984741211,22.339954376220703,2199300
2008-10-13,45.91999816894531,24.047128677368164,1439700
2008-10-14,47.5099983215332,24.879772186279297,1475100
2008-10-15,44.15999984741211,23.125465393066406,727200
2008-10-16,46.0,24.089033126831055,1498000
2008-10-17,45.25,23.696271896362305,997300
2008-10-20,46.77000045776367,24.492250442504883,776900
2008-10-21,45.59000015258789,23.874317169189453,912900
2008-10-22,43.47999954223633,22.769367218017578,1253200
2008-10-23,43.25,22.648914337158203,1390500
2008-10-24,41.959999084472656,21.97337532043457,1003600
2008-10-27,41.0099983215332,21.47589111328125,612200
2008-10-28,45.119998931884766,23.62819480895996,941700
2008-10-29,44.810001373291016,23.465856552124023,823400
2008-10-30,46.040000915527344,24.109968185424805,812300
2008-10-31,47.13999938964844,24.68600845336914,525900
2008-11-03,47.470001220703125,24.858821868896484,514800
2008-11-04,48.720001220703125,25.51340675354004,862800
2008-11-05,45.900001525878906,24.036657333374023,1102600
2008-11-06,43.900001525878906,22.98930549621582,952000
2008-11-07,44.790000915527344,23.455373764038086,646500
2008-11-10,43.90999984741211,22.99454689025879,582200
2008-11-11,43.380001068115234,22.716995239257812,519400
2008-11-12,41.130001068115234,21.538721084594727,700700
2008-11-13,44.18000030517578,23.13593864440918,1512500
2008-11-14,42.20000076293945,22.09906578063965,708200
2008-11-17,41.279998779296875,21.617277145385742,703600
2008-11-18,41.18000030517578,21.564910888671875,1389400
2008-11-19,38.5,20.161474227905273,660700
2008-11-20,35.880001068115234,18.78944206237793,1540400
2008-11-21,37.540000915527344,19.658742904663086,2137200
2008-11-24,40.08000183105469,20.988868713378906,1430800
2008-11-25,41.119998931884766,21.533498764038086,1070900
2008-11-26,42.22999954223633,22.114770889282227,998400
2008-11-28,42.939998626708984,22.4865779876709,355300
2008-12-01,38.029998779296875,19.91533851623535,1063700
2008-12-02,39.77000045776367,20.8265323638916,848200
2008-12-03,40.97999954223633,21.46018409729004,1012500
2008-12-04,40.15999984741211,21.030757904052734,1102400
2008-12-05,41.790000915527344,21.884355545043945,930200
2008-12-08,42.880001068115234,22.455163955688477,1313700
2008-12-09,41.43000030517578,21.695833206176758,883300
2008-12-10,41.79999923706055,21.88958740234375,1648400
2008-12-11,39.97999954223633,20.936504364013672,1164900
2008-12-12,40.849998474121094,21.39209747314453,985300
2008-12-15,39.93000030517578,20.910324096679688,1298200
2008-12-16,42.09000015258789,22.041458129882812,907000
2008-12-17,41.720001220703125,21.847702026367188,873300
2008-12-18,41.18000030517578,21.564910888671875,909300
2008-12-19,40.869998931884766,21.402572631835938,1091300
2008-12-22,40.310001373291016,21.109325408935547,1040500
2008-12-23,39.20000076293945,20.815141677856445,867400
2008-12-24,39.40999984741211,20.926658630371094,618000
2008-12-26,39.779998779296875,21.123119354248047,705100
2008-12-29,39.34000015258789,20.889482498168945,1106300
2008-12-30,40.36000061035156,21.43109703063965,775100
2008-12-31,41.290000915527344,21.924936294555664,1046400
2009-01-02,42.029998779296875,22.3178653717041,589300
2009-01-05,41.63999938964844,22.110780715942383,1213000
2009-01-06,41.75,22.169187545776367,967400
2009-01-07,40.2400016784668,21.367374420166016,859600
2009-01-08,40.58000183105469,21.547924041748047,918900
2009-01-09,39.5099983215332,20.97975730895996,789600
2009-01-12,38.7599983215332,20.581504821777344,948100
2009-01-13,38.779998779296875,20.592126846313477,938800
2009-01-14,37.52000045776367,19.92306900024414,880400
2009-01-15,37.189998626708984,19.747838973999023,1002800
2009-01-16,37.34000015258789,19.82748794555664,780600
2009-01-20,34.91999816894531,18.54247283935547,901200
2009-01-21,36.20000076293945,19.22214698791504,3619400
2009-01-22,35.4900016784668,18.84514045715332,1282100
2009-01-23,35.61000061035156,18.908859252929688,914400
2009-01-26,35.529998779296875,18.866376876831055,975900
2009-01-27,36.13999938964844,19.190290451049805,492400
2009-01-28,37.7400016784668,20.039888381958008,654900
2009-01-29,36.119998931884766,19.17966651916504,756600
2009-01-30,34.81999969482422,18.489376068115234,888300
2009-02-02,34.7400016784668,18.446889877319336,785700
2009-02-03,34.779998779296875,18.468124389648438,2749000
2009-02-04,34.43000030517578,18.282283782958984,995900
2009-02-05,34.779998779296875,18.468124389648438,1484100
2009-02-06,35.880001068115234,19.052230834960938,823900
2009-02-09,35.720001220703125,18.967269897460938,602300
2009-02-10,33.9900016784668,18.048648834228516,912400
2009-02-11,34.33000183105469,18.229188919067383,695300
2009-02-12,34.15999984741211,18.138904571533203,1440000
2009-02-13,33.58000183105469,17.830928802490234,659200
2009-02-17,32.0,16.991952896118164,782800
2009-02-18,31.600000381469727,16.779550552368164,821700
2009-02-19,31.0,16.460952758789062,986000
2009-02-20,30.489999771118164,16.190143585205078,1736800
2009-02-23,29.600000381469727,15.717558860778809,1267200
2009-02-24,30.68000030517578,16.291040420532227,3847500
2009-02-25,30.43000030517578,16.158288955688477,988400
2009-02-26,30.110000610351562,15.988360404968262,3761600
2009-02-27,29.639999389648438,15.738798141479492,1167800
2009-03-02,28.219999313354492,14.984781265258789,1562400
2009-03-03,27.549999237060547,14.629011154174805,1363400
2009-03-04,27.979999542236328,14.857342720031738,859300
2009-03-05,26.420000076293945,14.028983116149902,1349100
2009-03-06,26.610000610351562,14.129875183105469,1593700
2009-03-09,26.270000457763672,13.949331283569336,1709500
2009-03-10,27.90999984741211,14.820167541503906,1214600
2009-03-11,27.959999084472656,14.846719741821289,901400
2009-03-12,29.1299991607666,15.467987060546875,1176700
2009-03-13,29.399999618530273,15.611353874206543,1056900
2009-03-16,29.579999923706055,15.70694351196289,1252500
2009-03-17,30.459999084472656,16.174213409423828,884400
2009-03-18,31.440000534057617,16.694602966308594,1353400
2009-03-19,31.25,16.593708038330078,1488200
2009-03-20,30.75,16.328205108642578,1299700
2009-03-23,32.72999954223633,17.379581451416016,1121200
2009-03-24,32.040000915527344,17.01319694519043,1217400
2009-03-25,32.040000915527344,17.248994827270508,1902300
2009-03-26,32.790000915527344,17.65275764465332,1539700
2009-03-27,32.08000183105469,17.270530700683594,551000
2009-03-30,30.989999771118164,16.683717727661133,844000
2009-03-31,31.309999465942383,16.85599136352539,909100
2009-04-01,32.02000045776367,17.23822784423828,599500
2009-04-02,33.0099983215332,17.771198272705078,1046100
2009-04-03,33.40999984741211,17.98654556274414,647800
2009-04-06,32.9900016784668,17.76043701171875,539000
2009-04-07,32.22999954223633,17.35128402709961,517600
2009-04-08,32.619998931884766,17.56123924255371,459400
2009-04-09,33.900001525878906,18.25033950805664,616700
2009-04-13,33.90999984741211,18.255722045898438,663200
2009-04-14,32.959999084472656,17.74428939819336,844800
2009-04-15,33.59000015258789,18.08344841003418,560800
2009-04-16,34.150001525878906,18.384933471679688,703700
2009-04-17,34.52000045776367,18.584115982055664,642900
2009-04-20,32.93000030517578,17.72812843322754,600400
2009-04-21,33.7400016784668,18.16420555114746,1472100
2009-04-22,33.66999816894531,18.126516342163086,753200
2009-04-23,33.689998626708984,18.13728904724121,549500
2009-04-24,34.45000076293945,18.54644012451172,708500
2009-04-27,34.20000076293945,18.41184425354004,488900
2009-04-28,34.060001373291016,18.33647346496582,572700
2009-04-29,34.97999954223633,18.831768035888672,470100
2009-04-30,34.90999984741211,18.794084548950195,782200
2009-05-01,35.09000015258789,18.890981674194336,462800
2009-05-04,36.33000183105469,19.55854606628418,945500
2009-05-05,36.11000061035156,19.440109252929688,514000
2009-05-06,36.43000030517578,19.612390518188477,785700
2009-05-07,36.099998474121094,19.434722900390625,564500
2009-05-08,37.04999923706055,19.946163177490234,1126100
2009-05-11,36.2400016784668,19.51009750366211,570900
2009-05-12,36.09000015258789,19.42934799194336,655200
2009-05-13,34.939998626708984,18.81022834777832,550400
2009-05-14,35.209999084472656,18.955591201782227,598200
2009-05-15,34.709999084472656,18.686410903930664,501200
2009-05-18,35.689998626708984,19.21399688720703,648400
2009-05-19,35.63999938964844,19.187084197998047,680900
2009-05-20,35.310001373291016,19.00942611694336,690800
2009-05-21,34.65999984741211,18.65949058532715,598300
2009-05-22,34.709999084472656,18.686410903930664,375800
2009-05-26,35.720001220703125,19.23015785217285,667300
2009-05-27,34.86000061035156,18.767162322998047,633900
2009-05-28,35.31999969482422,19.014806747436523,582100
2009-05-29,35.810001373291016,19.278602600097656,346400
2009-06-01,36.900001525878906,19.86541748046875,934800
2009-06-02,37.029998779296875,19.935396194458008,593900
2009-06-03,36.56999969482422,19.687755584716797,422600
2009-06-04,36.9900016784668,19.913862228393555,431500
2009-06-05,36.7599983215332,19.79004669189453,726000
2009-06-08,36.70000076293945,19.757747650146484,383800
2009-06-09,36.65999984741211,19.73621368408203,284200
2009-06-10,36.599998474121094,19.703908920288086,430400
2009-06-11,37.0,19.91925048828125,702900
2009-06-12,37.040000915527344,19.940786361694336,323000
2009-06-15,36.209999084472656,19.493947982788086,799400
2009-06-16,35.7400016784668,19.24091911315918,329600
2009-06-17,35.599998474121094,19.165552139282227,889500
2009-06-18,35.84000015258789,19.29475212097168,314700
2009-06-19,35.689998626708984,19.21399688720703,305600
2009-06-22,35.0099983215332,18.847923278808594,592000
2009-06-23,34.75,18.70794105529785,429900
2009-06-24,34.52000045776367,18.79888343811035,340300
2009-06-25,35.369998931884766,19.261781692504883,374300
2009-06-26,35.33000183105469,19.240005493164062,225400
2009-06-29,35.75,19.468721389770508,232600
2009-06-30,35.36000061035156,19.256338119506836,284500
2009-07-01,35.90999984741211,19.55585479736328,595600
2009-07-02,34.84000015258789,18.973161697387695,283400
2009-07-06,34.900001525878906,19.00583839416504,347200
2009-07-07,34.16999816894531,18.608285903930664,362100
2009-07-08,34.119998931884766,18.5810546875,433700
2009-07-09,34.15999984741211,18.60283851623535,335400
2009-07-10,34.09000015258789,18.564720153808594,208200
2009-07-13,34.90999984741211,19.01127815246582,262900
2009-07-14,35.08000183105469,19.10384750366211,401300
2009-07-15,36.06999969482422,19.642986297607422,264800
2009-07-16,36.439998626708984,19.844480514526367,723700
2009-07-17,36.33000183105469,19.784568786621094,329700
2009-07-20,36.790000915527344,20.03508758544922,290200
2009-07-21,36.880001068115234,20.084096908569336,436600
2009-07-22,37.040000915527344,20.171228408813477,374400
2009-07-23,38.13999938964844,20.770267486572266,792200
2009-07-24,38.45000076293945,20.939083099365234,316100
2009-07-27,38.689998626708984,21.069799423217773,336300
2009-07-28,38.650001525878906,21.04800796508789,331400
2009-07-29,38.400001525878906,20.911855697631836,239600
2009-07-30,38.779998779296875,21.11880111694336,417200
2009-07-31,38.779998779296875,21.11880111694336,284600
2009-08-03,39.27000045776367,21.385639190673828,442000
2009-08-04,39.47999954223633,21.5000057220459,317100
2009-08-05,39.279998779296875,21.391084671020508,324800
2009-08-06,39.09000015258789,21.28761863708496,284700
2009-08-07,39.75,21.64703941345215,347100
2009-08-10,39.650001525878906,21.592580795288086,1638400
2009-08-11,39.27000045776367,21.385639190673828,319600
2009-08-12,39.72999954223633,21.636152267456055,476200
2009-08-13,39.959999084472656,21.761396408081055,336400
2009-08-14,39.630001068115234,21.581695556640625,310700
2009-08-17,38.83000183105469,21.14603042602539,425500
2009-08-18,39.060001373291016,21.271278381347656,253800
2009-08-19,39.38999938964844,21.45099639892578,239000
2009-08-20,39.599998474121094,21.56536102294922,252500
2009-08-21,40.529998779296875,22.071815490722656,334500
2009-08-24,40.40999984741211,22.006454467773438,324500
2009-08-25,40.560001373291016,22.08814239501953,304900
2009-08-26,40.540000915527344,22.0772647857666,352600
2009-08-27,40.560001373291016,22.08814239501953,229300
2009-08-28,40.470001220703125,22.03913688659668,295900
2009-08-31,40.060001373291016,21.815868377685547,582500
2009-09-01,39.29999923706055,21.401981353759766,1116400
2009-09-02,39.060001373291016,21.271278381347656,312900
2009-09-03,39.25,21.374738693237305,219400
2009-09-04,39.650001525878906,21.592580795288086,229500
2009-09-08,40.02000045776367,21.794084548950195,247200
2009-09-09,40.33000183105469,21.962900161743164,272100
2009-09-10,40.61000061035156,22.115375518798828,207800
2009-09-11,40.689998626708984,22.15894317626953,475300
2009-09-14,41.08000183105469,22.371328353881836,393000
2009-09-15,41.43000030517578,22.561939239501953,530000
2009-09-16,42.2400016784668,23.003042221069336,398400
2009-09-17,42.130001068115234,22.943147659301758,283000
2009-09-18,42.2400016784668,23.003042221069336,505500
2009-09-21,41.9900016784668,22.866897583007812,436300
2009-09-22,41.68000030517578,22.913623809814453,365300
2009-09-23,41.38999938964844,22.754196166992188,288000
2009-09-24,40.970001220703125,22.523311614990234,545000
2009-09-25,40.83000183105469,22.446334838867188,256100
2009-09-28,41.529998779296875,22.831159591674805,375100
2009-09-29,41.66999816894531,22.908130645751953,362900
2009-09-30,41.27000045776367,22.688234329223633,580000
2009-10-01,40.380001068115234,22.19894790649414,386100
2009-10-02,40.119998931884766,22.056018829345703,383100
2009-10-05,40.68000030517578,22.36387825012207,257900
2009-10-06,41.150001525878906,22.62226676940918,263200
2009-10-07,41.099998474121094,22.594768524169922,254900
2009-10-08,41.4900016784668,22.809185028076172,303600
2009-10-09,41.84000015258789,23.0015869140625,307000
2009-10-12,42.0,23.08954620361328,191800
2009-10-13,41.880001068115234,23.02358055114746,543700
2009-10-14,42.43000030517578,23.325937271118164,768000
2009-10-15,42.720001220703125,23.485370635986328,1109200
2009-10-16,42.540000915527344,23.38640785217285,421200
2009-10-19,43.02000045776367,23.650297164916992,442600
2009-10-20,42.779998779296875,23.51835823059082,453800
2009-10-21,42.33000183105469,23.270963668823242,309000
2009-10-22,42.88999938964844,23.578832626342773,386500
2009-10-23,42.27000045776367,23.23798370361328,268200
2009-10-26,41.77000045776367,22.96311378479004,425100
2009-10-27,41.75,22.952110290527344,320900
2009-10-28,41.040000915527344,22.561786651611328,461900
2009-10-29,41.68000030517578,22.913623809814453,656100
2009-10-30,40.70000076293945,22.3748779296875,849000
2009-11-02,40.86000061035156,22.462831497192383,910400
2009-11-03,41.02000045776367,22.5507869720459,360000
2009-11-04,40.95000076293945,22.512313842773438,344300
2009-11-05,41.81999969482422,22.99059295654297,294000
2009-11-06,41.77000045776367,22.96311378479004,410900
2009-11-09,42.650001525878906,23.446887969970703,304300
2009-11-10,42.66999816894531,23.457883834838867,332200
2009-11-11,42.880001068115234,23.573328018188477,541300
2009-11-12,42.41999816894531,23.32044219970703,541200
2009-11-13,42.689998626708984,23.468881607055664,412600
2009-11-16,43.36000061035156,23.83721160888672,417800
2009-11-17,43.369998931884766,23.842702865600586,366400
2009-11-18,43.27000045776367,23.7877254486084,303100
2009-11-19,42.650001525878906,23.446887969970703,367700
2009-11-20,42.66999816894531,23.457883834838867,470600
2009-11-23,43.18000030517578,23.738258361816406,490600
2009-11-24,43.2599983215332,23.7822322845459,430300
2009-11-25,43.54999923706055,23.941659927368164,383800
2009-11-27,42.77000045776367,23.512859344482422,274300
2009-11-30,42.880001068115234,23.573328018188477,457700
2009-12-01,43.40999984741211,23.86469841003418,416100
2009-12-02,43.7400016784668,24.04612159729004,256800
2009-12-03,43.5099983215332,23.919673919677734,379600
2009-12-04,43.90999984741211,24.139577865600586,513300
2009-12-07,44.040000915527344,24.211036682128906,534800
2009-12-08,43.650001525878906,23.99663734436035,469800
2009-12-09,43.68000030517578,24.01312828063965,559300
2009-12-10,43.93000030517578,24.150569915771484,441400
2009-12-11,44.31999969482422,24.36497688293457,522500
2009-12-14,44.65999984741211,24.551891326904297,684200
2009-12-15,44.470001220703125,24.447437286376953,378200
2009-12-16,44.56999969482422,24.50240707397461,548400
2009-12-17,44.04999923706055,24.21654510498047,464000
2009-12-18,44.060001373291016,24.22203254699707,1286700
2009-12-21,44.439998626708984,24.43094253540039,1965500
2009-12-22,44.54999923706055,24.491403579711914,553100
2009-12-23,44.22999954223633,24.553037643432617,638600
2009-12-24,44.43000030517578,24.6640567779541,307200
2009-12-28,44.459999084472656,24.680706024169922,642000
2009-12-29,44.59000015258789,24.75287628173828,587800
2009-12-30,44.5,24.70292091369629,439600
2009-12-31,43.90999984741211,24.375398635864258,389300
2010-01-04,44.470001220703125,24.686262130737305,446200
2010-01-05,44.279998779296875,24.58078384399414,452800
2010-01-06,44.34000015258789,24.61409568786621,427100
2010-01-07,44.38999938964844,24.641855239868164,378700
2010-01-08,44.459999084472656,24.680706024169922,344400
2010-01-11,44.619998931884766,24.76953887939453,418800
2010-01-12,44.5099983215332,24.70846939086914,489800
2010-01-13,44.84000015258789,24.89166259765625,1304200
2010-01-14,44.95000076293945,24.952722549438477,1916300
2010-01-15,44.58000183105469,24.74733543395996,772400
2010-01-19,45.06999969482422,25.01933479309082,675100
2010-01-20,44.66999816894531,24.79729461669922,589900
2010-01-21,44.0099983215332,24.430910110473633,815100
2010-01-22,43.279998779296875,24.025665283203125,533100
2010-01-25,43.439998626708984,24.114490509033203,405900
2010-01-26,43.290000915527344,24.031221389770508,582100
2010-01-27,43.310001373291016,24.042327880859375,1061600
2010-01-28,43.09000015258789,23.920202255249023,409800
2010-01-29,42.70000076293945,23.70370101928711,503000
2010-02-01,43.209999084472656,23.9868106842041,360500
2010-02-02,43.59000015258789,24.197757720947266,426700
2010-02-03,43.349998474121094,24.064531326293945,315800
2010-02-04,42.34000015258789,23.503862380981445,563800
2010-02-05,42.349998474121094,23.509403228759766,779500
2010-02-08,42.04999923706055,23.342870712280273,359400
2010-02-09,42.560001373291016,23.6259765625,722300
2010-02-10,42.43000030517578,23.553810119628906,257600
2010-02-11,42.84000015258789,23.781404495239258,336700
2010-02-12,42.869998931884766,23.79806900024414,361100
2010-02-16,43.59000015258789,24.197757720947266,336000
2010-02-17,43.79999923706055,24.31432342529297,360000
2010-02-18,44.25,24.564146041870117,433900
2010-02-19,44.47999954223633,24.69181251525879,549500
2010-02-22,44.529998779296875,24.719568252563477,368900
2010-02-23,44.119998931884766,24.49197006225586,343900
2010-02-24,44.369998931884766,24.630756378173828,304100
2010-02-25,44.2599983215332,24.56968879699707,425700
2010-02-26,44.0,24.425350189208984,275700
2010-03-01,44.529998779296875,24.719568252563477,243700
2010-03-02,44.72999954223633,24.830598831176758,644800
2010-03-03,44.75,24.841703414916992,366600
2010-03-04,44.83000183105469,24.8861083984375,291600
2010-03-05,45.36000061035156,25.18031883239746,430900
2010-03-08,45.369998931884766,25.18586540222168,503000
2010-03-09,45.349998474121094,25.174772262573242,499600
2010-03-10,45.52000045776367,25.26913833618164,474100
2010-03-11,45.709999084472656,25.374616622924805,491100
2010-03-12,45.720001220703125,25.380165100097656,330900
2010-03-15,45.849998474121094,25.452335357666016,275200
2010-03-16,46.16999816894531,25.62997055053711,547000
2010-03-17,46.459999084472656,25.79094886779785,445100
2010-03-18,46.40999984741211,25.763195037841797,346900
2010-03-19,46.2400016784668,25.66883087158203,247600
2010-03-22,46.47999954223633,25.802064895629883,433600
2010-03-23,46.810001373291016,25.985252380371094,427500
2010-03-24,46.41999816894531,25.76875114440918,412400
2010-03-25,45.810001373291016,25.662307739257812,496100
2010-03-26,45.84000015258789,25.679121017456055,335900
2010-03-29,46.15999984741211,25.858381271362305,247600
2010-03-30,46.220001220703125,25.891998291015625,300200
2010-03-31,46.02000045776367,25.77996253967285,356800
2010-04-01,46.459999084472656,26.026430130004883,350500
2010-04-05,46.849998474121094,26.244918823242188,228900
2010-04-06,47.09000015258789,26.379352569580078,747700
2010-04-07,46.849998474121094,26.244918823242188,376400
2010-04-08,46.79999923706055,26.216896057128906,453700
2010-04-09,47.06999969482422,26.368154525756836,236200
2010-04-12,47.16999816894531,26.424177169799805,253700
2010-04-13,47.130001068115234,26.401763916015625,287400
2010-04-14,47.470001220703125,26.592227935791016,364100
2010-04-15,47.619998931884766,26.676258087158203,288100
2010-04-16,47.06999969482422,26.368154525756836,383600
2010-04-19,47.209999084472656,26.446578979492188,269000
2010-04-20,47.68000030517578,26.70986557006836,232900
2010-04-21,47.86000061035156,26.810701370239258,240900
2010-04-22,48.029998779296875,26.905933380126953,370800
2010-04-23,48.31999969482422,27.068387985229492,260200
2010-04-26,48.09000015258789,26.939537048339844,1583700
2010-04-27,47.06999969482422,26.368154525756836,396700
2010-04-28,47.33000183105469,26.513811111450195,234000
2010-04-29,47.90999984741211,26.83871078491211,314800
2010-04-30,47.47999954223633,26.59782600402832,273900
2010-05-03,48.09000015258789,26.939537048339844,385400
2010-05-04,47.0099983215332,26.334543228149414,715500
2010-05-05,46.650001525878906,26.132877349853516,947700
2010-05-06,45.209999084472656,25.326196670532227,2020000
2010-05-07,44.56999969482422,24.967676162719727,1214100
2010-05-10,46.400001525878906,25.992826461791992,687300
2010-05-11,46.459999084472656,26.026430130004883,568500
2010-05-12,47.11000061035156,26.390565872192383,466600
2010-05-13,46.779998779296875,26.205699920654297,792200
2010-05-14,46.09000015258789,25.819168090820312,501200
2010-05-17,46.25,25.9088134765625,736200
2010-05-18,45.720001220703125,25.611900329589844,539400
2010-05-19,45.34000015258789,25.399032592773438,573200
2010-05-20,43.70000076293945,24.480314254760742,1040900
2010-05-21,43.93000030517578,24.60915756225586,811900
2010-05-24,43.599998474121094,24.424287796020508,456400
2010-05-25,43.439998626708984,24.334667205810547,803300
2010-05-26,43.33000183105469,24.273035049438477,679600
2010-05-27,44.66999816894531,25.023706436157227,408200
2010-05-28,44.189998626708984,24.754810333251953,439100
2010-06-01,43.349998474121094,24.284252166748047,440500
2010-06-02,44.41999816894531,24.883651733398438,799100
2010-06-03,44.61000061035156,24.990079879760742,716300
2010-06-04,42.9900016784668,24.08258056640625,747500
2010-06-07,42.72999954223633,23.93692970275879,329800
2010-06-08,43.18000030517578,24.189016342163086,439900
2010-06-09,43.11000061035156,24.149797439575195,363300
2010-06-10,44.33000183105469,24.833240509033203,361000
2010-06-11,44.5,24.928466796875,253100
2010-06-14,44.599998474121094,24.984479904174805,245100
2010-06-15,45.47999954223633,25.477453231811523,421700
2010-06-16,45.619998931884766,25.555879592895508,304700
2010-06-17,45.72999954223633,25.61749839782715,275000
2010-06-18,45.77000045776367,25.639904022216797,261200
2010-06-21,45.59000015258789,25.5390682220459,467000
2010-06-22,44.84000015258789,25.11893081665039,1190500
2010-06-23,44.52000045776367,24.939672470092773,303300
2010-06-24,43.59000015258789,24.65404510498047,413000
2010-06-25,43.84000015258789,24.79545021057129,248700
2010-06-28,43.95000076293945,24.85765838623047,234900
2010-06-29,42.81999969482422,24.218536376953125,522100
2010-06-30,42.43000030517578,23.997961044311523,509200
2010-07-01,42.29999923706055,23.9244327545166,751400
2010-07-02,42.09000015258789,23.805673599243164,586100
2010-07-06,42.2400016784668,23.8905029296875,541900
2010-07-07,43.459999084472656,24.580520629882812,561600
2010-07-08,44.04999923706055,24.914220809936523,893200
2010-07-09,44.369998931884766,25.095211029052734,298700
2010-07-12,44.27000045776367,25.03863525390625,267200
2010-07-13,44.93000030517578,25.41194725036621,412500
2010-07-14,44.86000061035156,25.372343063354492,296300
2010-07-15,44.91999816894531,25.406278610229492,231400
2010-07-16,43.81999969482422,24.784135818481445,375300
2010-07-19,44.11000061035156,24.948158264160156,385500
2010-07-20,44.61000061035156,25.230939865112305,226500
2010-07-21,44.18000030517578,24.987741470336914,531600
2010-07-22,45.150001525878906,25.536373138427734,438600
2010-07-23,45.529998779296875,25.751279830932617,625700
2010-07-26,46.09000015258789,26.068017959594727,729300
2010-07-27,46.279998779296875,26.17548179626465,1473200
2010-07-28,45.88999938964844,25.95490074157715,592300
2010-07-29,45.61000061035156,25.796541213989258,747500
2010-07-30,45.52000045776367,25.745635986328125,260700
2010-08-02,46.2400016784668,26.152864456176758,713700
2010-08-03,46.040000915527344,26.03973388671875,547700
2010-08-04,46.15999984741211,26.107608795166016,409300
2010-08-05,46.060001373291016,26.05105209350586,460400
2010-08-06,45.970001220703125,26.000152587890625,391500
2010-08-09,46.310001373291016,26.192445755004883,407100
2010-08-10,46.16999816894531,26.11326789855957,352900
2010-08-11,44.900001525878906,25.39496612548828,594000
2010-08-12,44.650001525878906,25.25357437133789,588400
2010-08-13,44.599998474121094,25.22528839111328,335100
2010-08-16,44.619998931884766,25.23660659790039,597500
2010-08-17,45.2400016784668,25.58725929260254,583600
2010-08-18,45.25,25.59293556213379,1585900
2010-08-19,44.4900016784668,25.163068771362305,587000
2010-08-20,44.27000045776367,25.03863525390625,549300
2010-08-23,44.25,25.0273380279541,383300
2010-08-24,43.95000076293945,24.85765838623047,679900
2010-08-25,44.13999938964844,24.96511459350586,797000
2010-08-26,43.959999084472656,24.863323211669922,1235600
2010-08-27,44.689998626708984,25.27619171142578,492600
2010-08-30,43.97999954223633,24.874624252319336,382700
2010-08-31,44.11000061035156,24.948158264160156,466300
2010-09-01,45.310001373291016,25.626855850219727,656700
2010-09-02,45.4900016784668,25.728660583496094,653900
2010-09-03,45.970001220703125,26.000152587890625,849900
2010-09-07,45.529998779296875,25.751279830932617,2088000
2010-09-08,45.65999984741211,25.824811935424805,465800
2010-09-09,45.900001525878906,25.960561752319336,1271300
2010-09-10,46.04999923706055,26.045400619506836,493600
2010-09-13,46.459999084472656,26.277284622192383,725900
2010-09-14,46.369998931884766,26.226394653320312,751900
2010-09-15,46.380001068115234,26.232038497924805,1587000
2010-09-16,46.27000045776367,26.16982078552246,373800
2010-09-17,46.29999923706055,26.186796188354492,470700
2010-09-20,47.02000045776367,26.594017028808594,698200
2010-09-21,46.86000061035156,26.503520965576172,1180700
2010-09-22,46.779998779296875,26.458282470703125,596500
2010-09-23,45.88999938964844,26.191164016723633,538600
2010-09-24,46.790000915527344,26.704835891723633,773200
2010-09-27,46.70000076293945,26.653470993041992,1447000
2010-09-28,46.97999954223633,26.813278198242188,1148000
2010-09-29,46.900001525878906,26.767610549926758,1053200
2010-09-30,46.84000015258789,26.73337173461914,1243500
2010-10-01,47.06999969482422,26.864635467529297,863200
2010-10-04,46.779998779296875,26.699127197265625,739800
2010-10-05,47.599998474121094,27.16712760925293,592300
2010-10-06,47.599998474121094,27.16712760925293,951400
2010-10-07,47.5099983215332,27.115766525268555,314900
2010-10-08,47.790000915527344,27.27558135986328,360300
2010-10-11,47.83000183105469,27.298402786254883,396900
2010-10-12,47.84000015258789,27.304113388061523,485300
2010-10-13,48.2400016784668,27.53239631652832,581700
2010-10-14,48.18000030517578,27.498159408569336,686800
2010-10-15,48.18000030517578,27.498159408569336,489300
2010-10-18,48.47999954223633,27.669389724731445,1008400
2010-10-19,47.970001220703125,27.378305435180664,568800
2010-10-20,48.400001525878906,27.623733520507812,529900
2010-10-21,48.38999938964844,27.618011474609375,630500
2010-10-22,48.36000061035156,27.600902557373047,472300
2010-10-25,48.43000030517578,27.64084243774414,651200
2010-10-26,48.22999954223633,27.526700973510742,434300
2010-10-27,47.97999954223633,27.384008407592773,517200
2010-10-28,48.040000915527344,27.418254852294922,1202600
2010-10-29,48.08000183105469,27.441091537475586,309500
2010-11-01,47.91999816894531,27.349763870239258,604000
2010-11-02,48.38999938964844,27.618011474609375,742000
2010-11-03,48.459999084472656,27.65796661376953,1129900
2010-11-04,49.2400016784668,28.1031436920166,1364200
2010-11-05,49.290000915527344,28.13166618347168,711900
2010-11-08,49.04999923706055,27.994707107543945,613900
2010-11-09,48.689998626708984,27.789236068725586,470500
2010-11-10,48.720001220703125,27.806354522705078,599700
2010-11-11,48.66999816894531,27.777809143066406,838000
2010-11-12,48.16999816894531,27.492441177368164,939000
2010-11-15,48.31999969482422,27.578062057495117,459600
2010-11-16,47.650001525878906,27.195669174194336,677900
2010-11-17,47.720001220703125,27.23563003540039,608700
2010-11-18,48.2599983215332,27.543821334838867,589100
2010-11-19,48.25,27.538118362426758,332800
2010-11-22,48.33000183105469,27.583770751953125,632700
2010-11-23,47.849998474121094,27.30982208251953,650200
2010-11-24,48.43000030517578,27.64084243774414,517300
2010-11-26,48.18000030517578,27.498159408569336,241000
2010-11-29,48.029998779296875,27.41254234313965,705700
2010-11-30,47.7599983215332,27.25844955444336,576200
2010-12-01,48.63999938964844,27.76070785522461,546400
2010-12-02,49.029998779296875,27.983293533325195,602100
2010-12-03,49.06999969482422,28.00611114501953,557100
2010-12-06,49.02000045776367,27.977581024169922,619300
2010-12-07,49.13999938964844,28.046072006225586,843100
2010-12-08,49.18000030517578,28.06888771057129,852200
2010-12-09,49.33000183105469,28.154510498046875,1993600
2010-12-10,49.619998931884766,28.32002067565918,919000
2010-12-13,49.7599983215332,28.399930953979492,781600
2010-12-14,49.95000076293945,28.508358001708984,705100
2010-12-15,49.720001220703125,28.377099990844727,692600
2010-12-16,50.08000183105469,28.582565307617188,619500
2010-12-17,50.02000045776367,28.548311233520508,719800
2010-12-20,50.099998474121094,28.593982696533203,699300
2010-12-21,50.220001220703125,28.66246795654297,810300
2010-12-22,50.04999923706055,28.815610885620117,779400
2010-12-23,50.0099983215332,28.792587280273438,665700
2010-12-27,50.029998779296875,28.804088592529297,527600
2010-12-28,50.08000183105469,28.8328857421875,464600
2010-12-29,50.08000183105469,28.8328857421875,554600
2010-12-30,50.0,28.78681755065918,404700
2010-12-31,49.86000061035156,28.706222534179688,271800
2011-01-03,50.209999084472656,28.90772819519043,538300
2011-01-04,50.040000915527344,28.809844970703125,850400
2011-01-05,50.099998474121094,28.844404220581055,647400
2011-01-06,49.959999084472656,28.76380729675293,618000
2011-01-07,49.689998626708984,28.608341217041016,776700
2011-01-10,49.7400016784668,28.637142181396484,746400
2011-01-11,49.77000045776367,28.654401779174805,637000
2011-01-12,50.04999923706055,28.815610885620117,842900
2011-01-13,49.900001525878906,28.729267120361328,722900
2011-01-14,50.15999984741211,28.87894630432129,634100
2011-01-18,50.279998779296875,28.948022842407227,890200
2011-01-19,49.93000030517578,28.74652862548828,827300
2011-01-20,49.869998931884766,28.711978912353516,743100
2011-01-21,49.83000183105469,28.688953399658203,829100
2011-01-24,50.13999938964844,28.8674259185791,608200
2011-01-25,50.2400016784668,28.925003051757812,783000
2011-01-26,50.29999923706055,28.95954704284668,1512800
2011-01-27,50.5099983215332,29.080448150634766,517900
2011-01-28,49.75,28.642894744873047,1080700
2011-01-31,49.97999954223633,28.77530860900879,712300
2011-02-01,50.54999923706055,29.103483200073242,931900
2011-02-02,50.40999984741211,29.02288055419922,715100
2011-02-03,50.54999923706055,29.103483200073242,482400
2011-02-04,50.54999923706055,29.103483200073242,352000
2011-02-07,50.720001220703125,29.201345443725586,626100
2011-02-08,50.9900016784668,29.35680389404297,1065600
2011-02-09,51.0099983215332,29.368309020996094,622500
2011-02-10,50.91999816894531,29.31650161743164,421000
2011-02-11,51.27000045776367,29.51801300048828,519900
2011-02-14,51.08000183105469,29.408618927001953,1323200
2011-02-15,50.959999084472656,29.339536666870117,552700
2011-02-16,51.099998474121094,29.420135498046875,541600
2011-02-17,51.36000061035156,29.569822311401367,374900
2011-02-18,51.52000045776367,29.661945343017578,629900
2011-02-22,50.97999954223633,29.35104751586914,895700
2011-02-23,50.56999969482422,29.114992141723633,685100
2011-02-24,50.560001373291016,29.109235763549805,646800
2011-02-25,50.9900016784668,29.35680389404297,406600
2011-02-28,51.380001068115234,29.581340789794922,423000
2011-03-01,50.779998779296875,29.23589324951172,747500
2011-03-02,50.91999816894531,29.31650161743164,422300
2011-03-03,51.689998626708984,29.759817123413086,1143600
2011-03-04,51.34000015258789,29.558305740356445,572700
2011-03-07,51.15999984741211,29.45468521118164,773500
2011-03-08,51.790000915527344,29.817394256591797,437600
2011-03-09,51.97999954223633,29.92678451538086,475500
2011-03-10,51.310001373291016,29.541044235229492,1958200
2011-03-11,51.47999954223633,29.63892364501953,498800
2011-03-14,51.119998931884766,29.431655883789062,986300
2011-03-15,50.5099983215332,29.080448150634766,932700
2011-03-16,49.79999923706055,28.67168426513672,1599800
2011-03-17,50.15999984741211,28.87894630432129,671500
2011-03-18,50.650001525878906,29.16106414794922,793400
2011-03-21,51.40999984741211,29.598602294921875,585500
2011-03-22,51.33000183105469,29.552539825439453,521100
2011-03-23,51.36000061035156,29.569822311401367,532700
2011-03-24,51.63999938964844,29.731042861938477,445000
2011-03-25,51.34000015258789,29.828632354736328,1068200
2011-03-28,51.290000915527344,29.79959487915039,458400
2011-03-29,51.65999984741211,30.014558792114258,507200
2011-03-30,52.16999816894531,30.31085777282715,632400
2011-03-31,52.130001068115234,30.287643432617188,444000
2011-04-01,52.470001220703125,30.48516845703125,626100
2011-04-04,52.5099983215332,30.508411407470703,736000
2011-04-05,52.470001220703125,30.48516845703125,469800
2011-04-06,52.7400016784668,30.642047882080078,497800
2011-04-07,52.4900016784668,30.49679946899414,555800
2011-04-08,52.22999954223633,30.34574317932129,388200
2011-04-11,52.04999923706055,30.24114990234375,364700
2011-04-12,51.72999954223633,30.055233001708984,2735000
2011-04-13,51.630001068115234,29.99713706970215,424600
2011-04-14,51.849998474121094,30.124958038330078,636300
2011-04-15,52.209999084472656,30.334117889404297,346700
2011-04-18,51.619998931884766,29.991317749023438,626000
2011-04-19,51.720001220703125,30.049423217773438,380500
2011-04-20,52.38999938964844,30.43868637084961,575600
2011-04-21,52.470001220703125,30.48516845703125,446700
2011-04-25,52.439998626708984,30.46774673461914,327300
2011-04-26,53.0099983215332,30.798919677734375,473200
2011-04-27,53.380001068115234,31.013883590698242,515500
2011-04-28,53.599998474121094,31.141698837280273,476700
2011-04-29,53.65999984741211,31.17656135559082,448000
2011-05-02,53.650001525878906,31.170753479003906,1073200
2011-05-03,53.65999984741211,31.17656135559082,511900
2011-05-04,53.38999938964844,31.019689559936523,627000
2011-05-05,53.11000061035156,30.85702896118164,785900
2011-05-06,53.41999816894531,31.037126541137695,391700
2011-05-09,53.72999954223633,31.217235565185547,555100
2011-05-10,54.279998779296875,31.536781311035156,761000
2011-05-11,53.88999938964844,31.31019401550293,666100
2011-05-12,54.34000015258789,31.571651458740234,546000
2011-05-13,53.970001220703125,31.35667610168457,402300
2011-05-16,53.84000015258789,31.281139373779297,833000
2011-05-17,53.84000015258789,31.281139373779297,682400
2011-05-18,54.15999984741211,31.467065811157227,441300
2011-05-19,54.380001068115234,31.594879150390625,533600
2011-05-20,54.029998779296875,31.391542434692383,330400
2011-05-23,53.439998626708984,31.048738479614258,737800
2011-05-24,53.310001373291016,30.97321891784668,523200
2011-05-25,53.27000045776367,30.94996452331543,609000
2011-05-26,53.43000030517578,31.04292869567871,431500
2011-05-27,53.63999938964844,31.164953231811523,360700
2011-05-31,54.11000061035156,31.43802833557129,635700
2011-06-01,53.13999938964844,30.87444305419922,1031100
2011-06-02,52.869998931884766,30.71756935119629,828000
2011-06-03,52.220001220703125,30.339923858642578,798600
2011-06-06,51.720001220703125,30.049423217773438,727500
2011-06-07,51.689998626708984,30.031984329223633,632000
2011-06-08,51.599998474121094,29.979707717895508,792000
2011-06-09,51.849998474121094,30.124958038330078,875600
2011-06-10,51.29999923706055,29.80540657043457,1418800
2011-06-13,51.540000915527344,29.944843292236328,617000
2011-06-14,52.29999923706055,30.38640785217285,477700
2011-06-15,51.5099983215332,29.927410125732422,694100
2011-06-16,51.7599983215332,30.072656631469727,484800
2011-06-17,52.040000915527344,30.235334396362305,663000
2011-06-20,52.43000030517578,30.461938858032227,1013600
2011-06-21,52.88999938964844,30.729188919067383,1316600
2011-06-22,52.58000183105469,30.54908561706543,738800
2011-06-23,52.29999923706055,30.38640785217285,993000
2011-06-24,51.650001525878906,30.282621383666992,574200
2011-06-27,51.93000030517578,30.446792602539062,1105600
2011-06-28,52.290000915527344,30.65785789489746,665300
2011-06-29,52.61000061035156,30.845478057861328,969300
2011-06-30,52.91999816894531,31.027238845825195,703800
2011-07-01,53.68000030517578,31.47283172607422,1594500
2011-07-05,53.41999816894531,31.320388793945312,1415100
2011-07-06,53.61000061035156,31.43178367614746,587500
2011-07-07,54.0099983215332,31.66630744934082,695000
2011-07-08,53.66999816894531,31.46695899963379,582400
2011-07-11,53.029998779296875,31.091732025146484,578900
2011-07-12,53.0099983215332,31.080013275146484,485700
2011-07-13,53.0,31.074140548706055,685700
2011-07-14,52.63999938964844,30.86307144165039,641500
2011-07-15,52.77000045776367,30.93929672241211,446700
2011-07-18,52.2599983215332,30.64027976989746,1015300
2011-07-19,52.7599983215332,30.933414459228516,1685600
2011-07-20,52.849998474121094,30.98619842529297,625500
2011-07-21,53.650001525878906,31.45524024963379,1243100
2011-07-22,53.369998931884766,31.29106903076172,710800
2011-07-25,53.11000061035156,31.138639450073242,603300
2011-07-26,52.7599983215332,30.933414459228516,1036500
2011-07-27,51.95000076293945,30.45851707458496,1125000
2011-07-28,51.66999816894531,30.294355392456055,634800
2011-07-29,51.34000015258789,30.10086441040039,986000
2011-08-01,51.220001220703125,30.030513763427734,1319100
2011-08-02,50.189998626708984,29.426620483398438,1045800
2011-08-03,50.22999954223633,29.4500789642334,2453600
2011-08-04,48.25,28.28919219970703,5765600
2011-08-05,48.52000045776367,28.44749641418457,4077900
2011-08-08,45.599998474121094,26.7354793548584,4621900
2011-08-09,47.54999923706055,27.878782272338867,5212700
2011-08-10,46.0099983215332,26.97587013244629,3419800
2011-08-11,48.02000045776367,28.15434455871582,3360800
2011-08-12,48.08000183105469,28.189523696899414,2240600
2011-08-15,49.369998931884766,28.94585418701172,2570500
2011-08-16,49.029998779296875,28.746517181396484,2235700
2011-08-17,49.209999084472656,28.852052688598633,2944500
2011-08-18,47.810001373291016,28.031230926513672,3191000
2011-08-19,47.41999816894531,27.802547454833984,2096400
2011-08-22,47.400001525878906,27.79083251953125,1799900
2011-08-23,48.7599983215332,28.588199615478516,1899600
2011-08-24,49.560001373291016,29.057252883911133,2181500
2011-08-25,48.779998779296875,28.599931716918945,1819300
2011-08-26,49.2599983215332,28.881359100341797,1075100
2011-08-29,50.619998931884766,29.678730010986328,2034600
2011-08-30,50.72999954223633,29.743213653564453,1365500
2011-08-31,50.959999084472656,29.878082275390625,1896600
2011-09-01,50.459999084472656,29.584915161132812,1713600
2011-09-02,49.400001525878906,28.96344566345215,1716700
2011-09-06,49.0,28.728918075561523,2331800
2011-09-07,50.119998931884766,29.385574340820312,2902500
2011-09-08,49.75,29.16864776611328,1412100
2011-09-09,48.54999923706055,28.4650936126709,2268200
2011-09-12,48.83000183105469,28.629247665405273,1347600
2011-09-13,49.34000015258789,28.928264617919922,872500
2011-09-14,49.939998626708984,29.280052185058594,1202700
2011-09-15,50.540000915527344,29.631832122802734,2367100
2011-09-16,50.72999954223633,29.743213653564453,1012900
2011-09-19,50.36000061035156,29.526287078857422,1073100
2011-09-20,50.4900016784668,29.60251235961914,1151300
2011-09-21,48.88999938964844,28.6644229888916,1044700
2011-09-22,47.939998626708984,28.107444763183594,2758400
2011-09-23,47.7599983215332,28.27557373046875,1684200
2011-09-26,48.70000076293945,28.832090377807617,1306900
2011-09-27,49.22999954223633,29.145870208740234,1912200
2011-09-28,48.27000045776367,28.5775089263916,1044300
2011-09-29,48.970001220703125,28.99193000793457,1284300
2011-09-30,48.2400016784668,28.559743881225586,1207000
2011-10-03,47.029998779296875,27.843399047851562,2047200
2011-10-04,47.7599983215332,28.27557373046875,3000000
2011-10-05,48.29999923706055,28.59528350830078,1543100
2011-10-06,49.09000015258789,29.0629825592041,1755500
2011-10-07,49.029998779296875,29.027469635009766,1176600
2011-10-10,50.189998626708984,29.714214324951172,967900
2011-10-11,50.130001068115234,29.678691864013672,2824000
2011-10-12,50.33000183105469,29.7971134185791,3787100
2011-10-13,50.189998626708984,29.714214324951172,3643100
2011-10-14,50.810001373291016,30.081289291381836,1019600
2011-10-17,50.099998474121094,29.660938262939453,1694600
2011-10-18,50.86000061035156,30.110877990722656,6679400
2011-10-19,50.619998931884766,29.968791961669922,1870800
2011-10-20,50.849998474121094,30.104965209960938,1778800
2011-10-21,51.779998779296875,30.655559539794922,1559500
2011-10-24,52.2400016784668,30.92789077758789,2887300
2011-10-25,51.40999984741211,30.436491012573242,1110300
2011-10-26,51.849998474121094,30.697002410888672,1857600
2011-10-27,53.220001220703125,31.508075714111328,3198100
2011-10-28,53.04999923706055,31.407434463500977,1927600
2011-10-31,52.11000061035156,30.850929260253906,2830200
2011-11-01,50.790000915527344,30.069435119628906,2755800
2011-11-02,51.61000061035156,30.554922103881836,1630000
2011-11-03,52.540000915527344,31.105497360229492,2024100
2011-11-04,52.279998779296875,30.951560974121094,2695700
2011-11-07,52.4900016784668,31.07590103149414,881800
2011-11-08,52.849998474121094,31.289037704467773,1678200
2011-11-09,51.31999969482422,30.383209228515625,1887500
2011-11-10,51.810001373291016,30.673316955566406,1584200
2011-11-11,52.70000076293945,31.20022201538086,961200
2011-11-14,52.2400016784668,30.92789077758789,3057900
2011-11-15,52.47999954223633,31.069982528686523,912900
2011-11-16,51.869998931884766,30.708843231201172,2046700
2011-11-17,51.4900016784668,30.483867645263672,1380200
2011-11-18,51.54999923706055,30.519386291503906,1122200
2011-11-21,50.66999816894531,29.99838638305664,8384700
2011-11-22,50.369998931884766,29.82078742980957,970100
2011-11-23,49.470001220703125,29.287954330444336,1798400
2011-11-25,49.43000030517578,29.264266967773438,985900
2011-11-28,50.59000015258789,29.95103645324707,1315600
2011-11-29,51.0,30.193771362304688,1236600
2011-11-30,52.83000183105469,31.277204513549805,1683300
2011-12-01,52.65999984741211,31.176559448242188,2296800
2011-12-02,52.33000183105469,30.981182098388672,1552000
2011-12-05,52.779998779296875,31.247583389282227,1769600
2011-12-06,52.84000015258789,31.28312110900879,2603700
2011-12-07,52.81999969482422,31.271268844604492,1698800
2011-12-08,51.95000076293945,30.756200790405273,1374900
2011-12-09,52.720001220703125,31.212053298950195,2169200
2011-12-12,52.2599983215332,30.939739227294922,1929500
2011-12-13,52.119998931884766,30.856853485107422,1089700
2011-12-14,51.689998626708984,30.602270126342773,1484800
2011-12-15,52.220001220703125,30.916057586669922,2172400
2011-12-16,52.25,30.93381118774414,2030900
2011-12-19,51.83000183105469,30.685161590576172,2484000
2011-12-20,53.13999938964844,31.460721969604492,1514400
2011-12-21,53.68000030517578,31.78042984008789,2013600
2011-12-22,53.439998626708984,31.901601791381836,2346000
2011-12-23,53.849998474121094,32.14635467529297,1410600
2011-12-27,54.099998474121094,32.29560470581055,1563300
2011-12-28,53.61000061035156,32.00308609008789,1450500
2011-12-29,54.15999984741211,32.331417083740234,1569500
2011-12-30,53.77000045776367,32.09859848022461,1742700
2012-01-03,53.880001068115234,32.164268493652344,2058600
2012-01-04,53.709999084472656,32.06278610229492,1778600
2012-01-05,53.81999969482422,32.12843704223633,1600800
2012-01-06,53.68000030517578,32.04487228393555,1723200
2012-01-09,53.77000045776367,32.09859848022461,2400200
2012-01-10,54.130001068115234,32.31351089477539,2102500
2012-01-11,53.970001220703125,32.21799087524414,1564200
2012-01-12,54.130001068115234,32.31351089477539,1406500
2012-01-13,53.9900016784668,32.22993850708008,1071300
2012-01-17,53.97999954223633,32.223968505859375,2233900
2012-01-18,54.33000183105469,32.43289566040039,1092000
2012-01-19,54.290000915527344,32.40902328491211,1488700
2012-01-20,54.279998779296875,32.40305709838867,1172900
2012-01-23,54.189998626708984,32.34932327270508,1358300
2012-01-24,54.040000915527344,32.25978469848633,1942500
2012-01-25,54.540000915527344,32.55826187133789,1756700
2012-01-26,54.459999084472656,32.51051330566406,2160000
2012-01-27,54.08000183105469,32.28366470336914,1745800
2012-01-30,53.86000061035156,32.1523323059082,1580700
2012-01-31,53.779998779296875,32.10456466674805,1609600
2012-02-01,54.279998779296875,32.40305709838867,1568300
2012-02-02,54.33000183105469,32.43289566040039,1219300
2012-02-03,54.88999938964844,32.76720428466797,1621100
2012-02-06,54.75,32.683631896972656,1158000
2012-02-07,55.0099983215332,32.838829040527344,1625900
2012-02-08,55.08000183105469,32.88062286376953,1271800
2012-02-09,55.27000045776367,32.994041442871094,1268800
2012-02-10,54.86000061035156,32.74928283691406,1100900
2012-02-13,55.06999969482422,32.874656677246094,1062600
2012-02-14,54.939998626708984,32.79704284667969,1044800
2012-02-15,54.77000045776367,32.695556640625,991100
2012-02-16,55.36000061035156,33.04777526855469,2123500
2012-02-17,55.560001373291016,33.16716766357422,1196900
2012-02-21,55.47999954223633,33.11940383911133,1226500
2012-02-22,55.40999984741211,33.07761764526367,1074800
2012-02-23,55.61000061035156,33.19700622558594,1118000
2012-02-24,55.65999984741211,33.22685241699219,1068000
2012-02-27,55.630001068115234,33.20894241333008,1653000
2012-02-28,55.58000183105469,33.179100036621094,1190700
2012-02-29,55.41999816894531,33.08359909057617,1103700
2012-03-01,55.52000045776367,33.143280029296875,1415300
2012-03-02,55.29999923706055,33.01195526123047,885100
2012-03-05,55.43000030517578,33.08955383300781,2263000
2012-03-06,54.79999923706055,32.713470458984375,1273700
2012-03-07,55.02000045776367,32.84480285644531,1135600
2012-03-08,55.470001220703125,33.11343765258789,923500
2012-03-09,55.7599983215332,33.28655242919922,835700
2012-03-12,55.970001220703125,33.411895751953125,754000
2012-03-13,56.58000183105469,33.77606201171875,2029400
2012-03-14,56.209999084472656,33.55519104003906,1461800
2012-03-15,56.31999969482422,33.62085723876953,1403200
2012-03-16,56.2599983215332,33.58502960205078,1742000
2012-03-19,56.29999923706055,33.608917236328125,1326100
2012-03-20,56.150001525878906,33.51935958862305,1401100
2012-03-21,56.09000015258789,33.483551025390625,1164500
2012-03-22,55.790000915527344,33.30447006225586,1220600
2012-03-23,55.9900016784668,33.42384719848633,1622000
2012-03-26,56.02000045776367,33.74675750732422,1418400
2012-03-27,56.029998779296875,33.75277328491211,1222300
2012-03-28,55.790000915527344,33.60819625854492,1185100
2012-03-29,55.81999969482422,33.62626647949219,2618200
2012-03-30,55.959999084472656,33.710601806640625,890300
2012-04-02,56.380001068115234,33.96360397338867,1366200
2012-04-03,56.310001373291016,33.92143630981445,1288500
2012-04-04,55.97999954223633,33.7226448059082,1797600
2012-04-05,55.81999969482422,33.62626647949219,2148000
2012-04-09,55.310001373291016,33.319034576416016,1535500
2012-04-10,54.41999816894531,32.782894134521484,2226600
2012-04-11,54.849998474121094,33.04194641113281,861200
2012-04-12,55.380001068115234,33.361202239990234,2259500
2012-04-13,54.9900016784668,33.12626647949219,1201400
2012-04-16,55.209999084472656,33.258792877197266,777600
2012-04-17,55.79999923706055,33.614219665527344,997900
2012-04-18,55.65999984741211,33.52987289428711,737800
2012-04-19,55.439998626708984,33.39734649658203,1023500
2012-04-20,55.939998626708984,33.69855499267578,790900
2012-04-23,55.5099983215332,33.43950271606445,1030300
2012-04-24,55.91999816894531,33.68649673461914,1296700
2012-04-25,56.33000183105469,33.9334831237793,1160700
2012-04-26,56.779998779296875,34.20456314086914,738400
2012-04-27,56.880001068115234,34.264808654785156,870700
2012-04-30,56.689998626708984,34.150352478027344,715100
2012-05-01,56.88999938964844,34.27083969116211,1311600
2012-05-02,56.709999084472656,34.16241455078125,837000
2012-05-03,56.47999954223633,34.02385330200195,536100
2012-05-04,55.97999954223633,33.7226448059082,955100
2012-05-07,55.93000030517578,33.692527770996094,1100000
2012-05-08,55.95000076293945,33.70457458496094,1167500
2012-05-09,55.599998474121094,33.49373245239258,1255500
2012-05-10,55.97999954223633,33.7226448059082,662400
2012-05-11,55.81999969482422,33.62626647949219,765100
2012-05-14,55.529998779296875,33.45156478881836,990100
2012-05-15,55.16999816894531,33.23469543457031,807400
2012-05-16,55.09000015258789,33.1865119934082,647000
2012-05-17,54.310001373291016,32.71664047241211,1185500
2012-05-18,53.97999954223633,32.5178337097168,1339600
2012-05-21,54.560001373291016,32.86723327636719,1241200
2012-05-22,54.689998626708984,32.94554138183594,1330000
2012-05-23,54.68000030517578,32.939537048339844,868000
2012-05-24,55.06999969482422,33.17445755004883,638400
2012-05-25,54.97999954223633,33.1202392578125,588600
2012-05-29,55.38999938964844,33.36722946166992,659200
2012-05-30,54.7599983215332,32.98771667480469,706000
2012-05-31,54.900001525878906,33.072044372558594,1011000
2012-06-01,53.83000183105469,32.4274787902832,2036100
2012-06-04,53.72999954223633,32.36723327636719,911700
2012-06-05,53.97999954223633,32.5178337097168,920000
2012-06-06,54.869998931884766,33.053977966308594,1074500
2012-06-07,55.119998931884766,33.20457458496094,1614200
2012-06-08,55.470001220703125,33.41542053222656,1531500
2012-06-11,55.0099983215332,33.1383171081543,860800
2012-06-12,55.369998931884766,33.35518264770508,827200
2012-06-13,55.13999938964844,33.21663284301758,741800
2012-06-14,55.4900016784668,33.427467346191406,4894500
2012-06-15,55.88999938964844,33.66843032836914,1434500
2012-06-18,56.150001525878906,33.825069427490234,1598000
2012-06-19,55.90999984741211,34.00447082519531,1371100
2012-06-20,55.630001068115234,33.83418655395508,996900
2012-06-21,54.790000915527344,33.32329177856445,1068400
2012-06-22,55.060001373291016,33.487510681152344,663200
2012-06-25,54.470001220703125,33.12866973876953,919900
2012-06-26,54.61000061035156,33.21381759643555,939400
2012-06-27,55.13999938964844,33.536170959472656,630900
2012-06-28,55.29999923706055,33.63346481323242,844900
2012-06-29,56.189998626708984,34.17475891113281,1031900
2012-07-02,56.459999084472656,34.338985443115234,792000
2012-07-03,56.75,34.515377044677734,932500
2012-07-05,56.560001373291016,34.399810791015625,778400
2012-07-06,56.40999984741211,34.30855941772461,997500
2012-07-09,56.25,34.211265563964844,625800
2012-07-10,56.09000015258789,34.11395263671875,833900
2012-07-11,56.11000061035156,34.1261100769043,846000
2012-07-12,56.029998779296875,34.07746505737305,1692300
2012-07-13,56.779998779296875,34.53360366821289,706300
2012-07-16,56.63999938964844,34.44846725463867,641800
2012-07-17,57.119998931884766,34.74039840698242,757300
2012-07-18,57.439998626708984,34.93502426147461,870100
2012-07-19,57.619998931884766,35.04449462890625,965600
2012-07-20,57.369998931884766,34.8924446105957,752900
2012-07-23,56.83000183105469,34.56401443481445,776000
2012-07-24,56.380001068115234,34.29032897949219,929300
2012-07-25,56.04999923706055,34.08962631225586,879600
2012-07-26,56.75,34.515377044677734,775600
2012-07-27,57.599998474121094,35.03233337402344,919800
2012-07-30,57.650001525878906,35.0627555847168,953100
2012-07-31,57.33000183105469,34.86811828613281,2914100
2012-08-01,57.11000061035156,34.73432159423828,943100
2012-08-02,56.75,34.515377044677734,867000
2012-08-03,57.54999923706055,35.00192642211914,1381900
2012-08-06,57.4900016784668,34.9654426574707,1021500
2012-08-07,57.380001068115234,34.898529052734375,964500
2012-08-08,57.52000045776367,34.983680725097656,984800
2012-08-09,57.41999816894531,34.922855377197266,605000
2012-08-10,57.58000183105469,35.020172119140625,621300
2012-08-13,57.4900016784668,34.9654426574707,606500
2012-08-14,57.540000915527344,34.995853424072266,849100
2012-08-15,57.529998779296875,34.98975372314453,954900
2012-08-16,57.810001373291016,35.16004943847656,836500
2012-08-17,57.93000030517578,35.23304748535156,403100
2012-08-20,57.880001068115234,35.20263671875,680300
2012-08-21,57.59000015258789,35.026248931884766,801200
2012-08-22,57.400001525878906,34.91069030761719,689800
2012-08-23,57.0099983215332,34.67349624633789,799100
2012-08-24,57.33000183105469,34.86811828613281,856900
2012-08-27,57.349998474121094,34.880279541015625,929400
2012-08-28,57.40999984741211,34.916778564453125,660000
2012-08-29,57.439998626708984,34.93502426147461,467000
2012-08-30,57.16999816894531,34.770809173583984,856200
2012-08-31,57.16999816894531,34.770809173583984,782000
2012-09-04,57.33000183105469,34.86811828613281,927900
2012-09-05,57.25,34.819461822509766,1738800
2012-09-06,58.150001525878906,35.36683654785156,1095200
2012-09-07,58.08000183105469,35.32426452636719,514400
2012-09-10,58.04999923706055,35.3060302734375,943100
2012-09-11,58.029998779296875,35.293861389160156,2243400
2012-09-12,57.97999954223633,35.263450622558594,826600
2012-09-13,58.630001068115234,35.65878677368164,1145800
2012-09-14,58.540000915527344,35.60405731201172,1097800
2012-09-17,58.29999923706055,35.45807647705078,673600
2012-09-18,58.290000915527344,35.451995849609375,1034000
2012-09-19,58.45000076293945,35.54929733276367,3566600
2012-09-20,58.529998779296875,35.59796142578125,1286400
2012-09-21,58.599998474121094,35.64052200317383,1205500
2012-09-24,58.689998626708984,35.69527816772461,902400
2012-09-25,57.83000183105469,35.49152374267578,772900
2012-09-26,57.709999084472656,35.417877197265625,994800
2012-09-27,57.7400016784668,35.43628692626953,833600
2012-09-28,57.68000030517578,35.39945983886719,618300
2012-10-01,57.709999084472656,35.417877197265625,1716600
2012-10-02,57.84000015258789,35.497650146484375,982400
2012-10-03,58.09000015258789,35.65108871459961,1136200
2012-10-04,58.47999954223633,35.890445709228516,1361500
2012-10-05,58.599998474121094,35.964080810546875,478000
2012-10-08,58.52000045776367,35.91498565673828,370800
2012-10-09,58.209999084472656,35.7247314453125,1678000
2012-10-10,57.900001525878906,35.53449249267578,2429300
2012-10-11,57.869998931884766,35.51607131958008,1615300
2012-10-12,57.58000183105469,35.33808517456055,1401700
2012-10-15,57.9900016784668,35.58971405029297,775300
2012-10-16,58.33000183105469,35.79837417602539,836500
2012-10-17,58.90999984741211,36.154335021972656,837700
2012-10-18,59.029998779296875,36.227989196777344,1027800
2012-10-19,58.25,35.749271392822266,823400
2012-10-22,58.15999984741211,35.69404602050781,565700
2012-10-23,57.56999969482422,35.33195114135742,1088800
2012-10-24,57.400001525878906,35.22761154174805,1322800
2012-10-25,57.630001068115234,35.3687744140625,936100
2012-10-26,57.599998474121094,35.35037612915039,1164700
2012-10-31,57.83000183105469,35.49152374267578,1000400
2012-11-01,58.2599983215332,35.755409240722656,1047300
2012-11-02,57.599998474121094,35.35037612915039,461000
2012-11-05,57.439998626708984,35.252166748046875,667800
2012-11-06,57.83000183105469,35.49152374267578,614200
2012-11-07,56.599998474121094,34.73665237426758,1719300
2012-11-08,56.119998931884766,34.442054748535156,1139000
2012-11-09,56.060001373291016,34.40523147583008,916500
2012-11-12,55.90999984741211,34.313175201416016,1039700
2012-11-13,55.84000015258789,34.27022171020508,1561300
2012-11-14,55.09000015258789,33.80991744995117,2167600
2012-11-15,54.91999816894531,33.70559310913086,2559300
2012-11-16,55.45000076293945,34.030860900878906,2735800
2012-11-19,56.189998626708984,34.48501205444336,1040000
2012-11-20,56.34000015258789,34.57707977294922,1026400
2012-11-21,56.369998931884766,34.595481872558594,1320700
2012-11-23,56.83000183105469,34.87779998779297,291700
2012-11-26,56.93000030517578,34.93917465209961,842300
2012-11-27,56.86000061035156,34.896209716796875,857900
2012-11-28,57.209999084472656,35.11100769042969,859100
2012-11-29,57.45000076293945,35.258304595947266,944800
2012-11-30,57.63999938964844,35.37492370605469,1641400
2012-12-03,57.400001525878906,35.22761154174805,1124800
2012-12-04,57.220001220703125,35.11714172363281,781300
2012-12-05,57.560001373291016,35.325801849365234,1658000
2012-12-06,57.63999938964844,35.37492370605469,842500
2012-12-07,57.75,35.44242477416992,900200
2012-12-10,57.83000183105469,35.49152374267578,2028500
2012-12-11,58.040000915527344,35.620399475097656,2412900
2012-12-12,57.88999938964844,35.528343200683594,1325700
2012-12-13,57.61000061035156,35.35649871826172,1033600
2012-12-14,57.4900016784668,35.28286361694336,1173100
2012-12-17,58.099998474121094,35.657222747802734,1255000
2012-12-18,58.650001525878906,35.994773864746094,1591500
2012-12-19,57.81999969482422,35.821922302246094,1805300
2012-12-20,58.08000183105469,35.98299789428711,993700
2012-12-21,57.619998931884766,35.697998046875,1973400
2012-12-24,57.40999984741211,35.56790542602539,1245100
2012-12-26,57.11000061035156,35.382041931152344,966600
2012-12-27,56.95000076293945,35.28292465209961,2327100
2012-12-28,56.40999984741211,34.9483642578125,1002100
2012-12-31,57.2400016784668,35.462581634521484,1580000
2013-01-02,58.540000915527344,36.26798629760742,2311500
2013-01-03,58.52000045776367,36.25559997558594,1458200
2013-01-04,58.86000061035156,36.466243743896484,1059200
2013-01-07,58.45000076293945,36.21222686767578,1130200
2013-01-08,58.220001220703125,36.069732666015625,1081700
2013-01-09,58.34000015258789,36.14408874511719,1050700
2013-01-10,58.61000061035156,36.31134796142578,1092200
2013-01-11,58.56999969482422,36.28657150268555,851300
2013-01-14,58.619998931884766,36.31755447387695,1031800
2013-01-15,58.75,36.398101806640625,837500
2013-01-16,58.5,36.24321746826172,770200
2013-01-17,59.02000045776367,36.565372467041016,1166300
2013-01-18,59.25,36.70785903930664,793200
2013-01-22,59.7400016784668,37.01143264770508,1048500
2013-01-23,59.4900016784668,36.8565559387207,1298100
2013-01-24,59.66999816894531,36.96807098388672,908900
2013-01-25,59.88999938964844,37.10437774658203,1028000
2013-01-28,59.90999984741211,37.11676025390625,995000
2013-01-29,60.18000030517578,37.28404235839844,1343400
2013-01-30,60.0099983215332,37.17870330810547,1193600
2013-01-31,60.130001068115234,37.2530632019043,871200
2013-02-01,60.56999969482422,37.52566146850586,1138800
2013-02-04,60.02000045776367,37.18490982055664,1134800
2013-02-05,60.189998626708984,37.29023361206055,1903900
2013-02-06,60.43000030517578,37.43892288208008,1112400
2013-02-07,60.45000076293945,37.45132064819336,1090700
2013-02-08,60.650001525878906,37.5752067565918,738900
2013-02-11,60.68000030517578,37.59379959106445,609900
2013-02-12,60.84000015258789,37.692935943603516,1081400
2013-02-13,60.86000061035156,37.705318450927734,1112700
2013-02-14,60.650001525878906,37.5752067565918,728400
2013-02-15,60.880001068115234,37.717716217041016,748300
2013-02-19,61.349998474121094,38.0088996887207,1207700
2013-02-20,60.81999969482422,37.6805419921875,1036400
2013-02-21,60.54999923706055,37.51326370239258,1473600
2013-02-22,61.04999923706055,37.82304000854492,642300
2013-02-25,60.130001068115234,37.2530632019043,1320300
2013-02-26,60.45000076293945,37.45132064819336,784000
2013-02-27,61.08000183105469,37.84164047241211,1118300
2013-02-28,61.09000015258789,37.84782409667969,1253600
2013-03-01,61.029998779296875,37.81065368652344,1141400
2013-03-04,61.279998779296875,37.96553421020508,809900
2013-03-05,61.70000076293945,38.22573471069336,1063300
2013-03-06,61.790000915527344,38.281490325927734,916700
2013-03-07,61.70000076293945,38.22573471069336,1070600
2013-03-08,61.97999954223633,38.39923095703125,1204900
2013-03-11,62.13999938964844,38.49833679199219,990000
2013-03-12,62.22999954223633,38.554080963134766,706800
2013-03-13,62.45000076293945,38.690391540527344,871200
2013-03-14,62.720001220703125,38.85768127441406,729400
2013-03-15,62.869998931884766,38.95058822631836,764200
2013-03-18,62.59000015258789,38.777137756347656,1510300
2013-03-19,62.63999938964844,38.80811309814453,931000
2013-03-20,63.209999084472656,39.1612434387207,1415900
2013-03-21,62.91999816894531,38.9815673828125,1497100
2013-03-22,63.16999816894531,39.13645553588867,834300
2013-03-25,62.52000045776367,39.08145523071289,1037400
2013-03-26,63.060001373291016,39.41901779174805,703600
2013-03-27,62.9900016784668,39.37525939941406,820700
2013-03-28,63.400001525878906,39.63154602050781,822700
2013-04-01,63.130001068115234,39.4627685546875,1456100
2013-04-02,63.290000915527344,39.56277847290039,851700
2013-04-03,62.810001373291016,39.26274108886719,1396900
2013-04-04,63.290000915527344,39.56277847290039,1114300
2013-04-05,63.22999954223633,39.5252685546875,1059100
2013-04-08,63.650001525878906,39.78783416748047,729800
2013-04-09,63.630001068115234,39.77532196044922,1425000
2013-04-10,64.4000015258789,40.256656646728516,949600
2013-04-11,64.5999984741211,40.38167190551758,1040500
2013-04-12,64.55999755859375,40.356658935546875,904300
2013-04-15,63.09000015258789,39.43777084350586,1310800
2013-04-16,63.869998931884766,39.925350189208984,1197900
2013-04-17,63.20000076293945,39.506526947021484,1055600
2013-04-18,63.20000076293945,39.506526947021484,914200
2013-04-19,63.86000061035156,39.919105529785156,1026300
2013-04-22,64.0,40.0066032409668,976400
2013-04-23,64.48999786376953,40.31291580200195,1169700
2013-04-24,64.61000061035156,40.387916564941406,1315400
2013-04-25,64.91999816894531,40.58169937133789,892700
2013-04-26,64.8499984741211,40.53794479370117,864500
2013-04-29,65.36000061035156,40.856746673583984,900800
2013-04-30,65.47000122070312,40.92551803588867,1063100
2013-05-01,64.7300033569336,40.46292495727539,1920300
2013-05-02,65.1500015258789,40.725486755371094,1736800
2013-05-03,65.70999908447266,41.075538635253906,1148200
2013-05-06,65.44999694824219,40.91300582885742,806600
2013-05-07,66.0199966430664,41.269317626953125,970300
2013-05-08,65.95999908447266,41.23181915283203,874300
2013-05-09,65.44000244140625,40.906761169433594,1800800
2013-05-10,65.75,41.10053634643555,839300
2013-05-13,65.62999725341797,41.02553176879883,732700
2013-05-14,66.30999755859375,41.45060729980469,912700
2013-05-15,66.73999786376953,41.71938705444336,1540300
2013-05-16,66.3499984741211,41.475608825683594,1120600
2013-05-17,67.0,41.88191604614258,1400400
2013-05-20,66.9000015258789,41.81941604614258,1290300
2013-05-21,66.98999786376953,41.87567138671875,884400
2013-05-22,66.2300033569336,41.400596618652344,2311200
2013-05-23,66.05999755859375,41.29433059692383,1214700
2013-05-24,65.88999938964844,41.18806457519531,823900
2013-05-28,66.01000213623047,41.263065338134766,2179300
2013-05-29,65.12000274658203,40.70672607421875,2487300
2013-05-30,65.37999725341797,40.869258880615234,2939200
2013-05-31,64.62999725341797,40.400428771972656,2063700
2013-06-03,64.81999969482422,40.519195556640625,1922500
2013-06-04,64.56999969482422,40.362911224365234,1699700
2013-06-05,63.63999938964844,39.78156661987305,2180400
2013-06-06,64.23999786376953,40.156639099121094,1600700
2013-06-07,64.88999938964844,40.56294631958008,774100
2013-06-10,64.94999694824219,40.60045623779297,1239700
2013-06-11,64.44000244140625,40.281654357910156,1186900
2013-06-12,63.97999954223633,39.994117736816406,1471100
2013-06-13,65.0199966430664,40.644203186035156,734600
2013-06-14,64.80999755859375,40.512943267822266,721400
2013-06-17,65.19000244140625,40.7504768371582,733100
2013-06-18,65.76000213623047,41.106788635253906,607500
2013-06-19,64.55000305175781,40.35041046142578,1336200
2013-06-20,62.869998931884766,39.30024337768555,2262800
2013-06-21,63.40999984741211,39.637794494628906,1772500
2013-06-24,62.88999938964844,39.312744140625,1863900
2013-06-25,63.529998779296875,39.71281814575195,1000100
2013-06-26,63.529998779296875,40.051353454589844,1993800
2013-06-27,64.08000183105469,40.39808654785156,1123300
2013-06-28,64.01000213623047,40.35395812988281,1063100
2013-07-01,64.23999786376953,40.498966217041016,1184000
2013-07-02,64.1500015258789,40.44222640991211,2241700
2013-07-03,64.16999816894531,40.4548454284668,550700
2013-07-05,64.54000091552734,40.68809509277344,913100
2013-07-08,65.0199966430664,40.990692138671875,1188300
2013-07-09,65.66999816894531,41.400474548339844,914500
2013-07-10,65.80000305175781,41.482421875,795500
2013-07-11,66.55000305175781,41.955257415771484,912500
2013-07-12,66.5999984741211,41.98678970336914,665700
2013-07-15,67.12000274658203,42.314605712890625,1109200
2013-07-16,66.77999877929688,42.100257873535156,653300
2013-07-17,66.79000091552734,42.10655975341797,785700
2013-07-18,67.33000183105469,42.446998596191406,659000
2013-07-19,67.44999694824219,42.522640228271484,580400
2013-07-22,67.51000213623047,42.56047439575195,609200
2013-07-23,67.51000213623047,42.56047439575195,452500
2013-07-24,66.98999786376953,42.2326545715332,738300
2013-07-25,67.4000015258789,42.49113464355469,477100
2013-07-26,67.37000274658203,42.47220993041992,651000
2013-07-29,67.31999969482422,42.440704345703125,329400
2013-07-30,67.54000091552734,42.57938766479492,424000
2013-07-31,67.54000091552734,42.57938766479492,545100
2013-08-01,68.4800033569336,43.1719970703125,1351500
2013-08-02,68.52999877929688,43.203514099121094,667600
2013-08-05,68.30000305175781,43.05851364135742,747400
2013-08-06,68.01000213623047,42.87569046020508,473800
2013-08-07,67.93000030517578,42.825252532958984,439400
2013-08-08,68.19999694824219,42.99546813964844,1017600
2013-08-09,67.91999816894531,42.8189582824707,562900
2013-08-12,67.75,42.71177291870117,485600
2013-08-13,67.69000244140625,42.673954010009766,628500
2013-08-14,67.36000061035156,42.465904235839844,1236800
2013-08-15,66.26000213623047,41.77242660522461,1009000
2013-08-16,65.83999633789062,41.50764846801758,1273100
2013-08-19,65.3499984741211,41.198734283447266,990300
2013-08-20,65.75,41.45090866088867,498400
2013-08-21,65.20999908447266,41.1104621887207,791000
2013-08-22,65.73999786376953,41.444602966308594,968800
2013-08-23,66.0999984741211,41.67155456542969,426800
2013-08-26,65.77999877929688,41.469818115234375,589500
2013-08-27,65.0,40.97808837890625,976400
2013-08-28,65.05000305175781,41.00961685180664,620500
2013-08-29,65.06999969482422,41.022220611572266,774800
2013-08-30,64.70999908447266,40.79525375366211,729300
2013-09-03,64.47000122070312,40.64397048950195,868400
2013-09-04,64.91999816894531,40.92764663696289,1077100
2013-09-05,64.87999725341797,40.902427673339844,596600
2013-09-06,64.95999908447266,40.95286560058594,529200
2013-09-09,65.55999755859375,41.33113098144531,524700
2013-09-10,66.08999633789062,41.665245056152344,1329400
2013-09-11,66.13999938964844,41.69678497314453,546700
2013-09-12,65.95999908447266,41.583309173583984,866300
2013-09-13,66.22000122070312,41.74721908569336,1112600
2013-09-16,66.61000061035156,41.993072509765625,665500
2013-09-17,67.05000305175781,42.270469665527344,619900
2013-09-18,68.0199966430664,42.88200759887695,1344400
2013-09-19,67.93000030517578,42.825252532958984,901000
2013-09-20,67.19999694824219,42.36503601074219,746000
2013-09-23,67.33999633789062,42.45329284667969,757900
2013-09-24,66.83000183105469,42.47047805786133,708000
2013-09-25,66.58999633789062,42.31793212890625,373500
2013-09-26,66.81999969482422,42.46410369873047,526300
2013-09-27,66.51000213623047,42.267093658447266,441900
2013-09-30,66.33999633789062,42.159061431884766,843900
2013-10-01,66.76000213623047,42.42597961425781,940300
2013-10-02,66.69999694824219,42.387840270996094,476100
2013-10-03,66.08999633789062,42.00017547607422,620400
2013-10-04,66.27999877929688,42.120933532714844,418700
2013-10-07,65.87999725341797,41.866722106933594,819200
2013-10-08,65.48999786376953,41.61887741088867,662400
2013-10-09,65.5999984741211,41.68879699707031,615200
2013-10-10,67.05999755859375,42.61662292480469,1020500
2013-10-11,67.4800033569336,42.883541107177734,563200
2013-10-14,67.58999633789062,42.95343017578125,2269200
2013-10-15,66.88999938964844,42.50859069824219,1188400
2013-10-16,67.6500015258789,42.9915771484375,914400
2013-10-17,68.43000030517578,43.487266540527344,974200
2013-10-18,68.69000244140625,43.65250015258789,1793100
2013-10-21,68.69000244140625,43.65250015258789,470200
2013-10-22,69.37999725341797,44.09099197387695,1684800
2013-10-23,69.37999725341797,44.09099197387695,566500
2013-10-24,69.56999969482422,44.211727142333984,1666100
2013-10-25,70.04000091552734,44.510414123535156,538100
2013-10-28,70.08000183105469,44.535831451416016,741200
2013-10-29,70.44000244140625,44.76461410522461,520700
2013-10-30,70.0199966430664,44.49770736694336,636600
2013-10-31,69.80000305175781,44.35789489746094,753400
2013-11-01,70.11000061035156,44.554893493652344,819300
2013-11-04,70.5,44.802734375,938800
2013-11-05,70.19000244140625,44.605743408203125,583800
2013-11-06,70.66999816894531,44.91078567504883,418300
2013-11-07,69.58999633789062,44.22444534301758,532200
2013-11-08,70.1500015258789,44.580318450927734,1149100
2013-11-11,70.16000366210938,44.586669921875,676000
2013-11-12,69.83999633789062,44.38332748413086,421300
2013-11-13,70.33000183105469,44.694705963134766,646200
2013-11-14,70.8499984741211,45.025169372558594,1050900
2013-11-15,71.05999755859375,45.15863037109375,573300
2013-11-18,70.97000122070312,45.1014289855957,501200
2013-11-19,70.76000213623047,44.96796798706055,520500
2013-11-20,70.36000061035156,44.71376037597656,1023700
2013-11-21,70.75,44.961612701416016,2007700
2013-11-22,71.06999969482422,45.16497039794922,640500
2013-11-25,70.87000274658203,45.03788375854492,383800
2013-11-26,70.66000366210938,44.90443420410156,555700
2013-11-27,70.66000366210938,44.90443420410156,777100
2013-11-29,70.16999816894531,44.593017578125,220800
2013-12-02,70.1500015258789,44.580318450927734,1440600
2013-12-03,70.04000091552734,44.510414123535156,983400
2013-12-04,69.87999725341797,44.408729553222656,792500
2013-12-05,69.62999725341797,44.24985122680664,726000
2013-12-06,70.6500015258789,44.8980598449707,613300
2013-12-09,70.61000061035156,44.872657775878906,493300
2013-12-10,70.20999908447266,44.61845397949219,666100
2013-12-11,69.33999633789062,44.0655632019043,921600
2013-12-12,69.44999694824219,44.1354866027832,900000
2013-12-13,69.54000091552734,44.19266891479492,732800
2013-12-16,69.88999938964844,44.41510772705078,1244800
2013-12-17,69.70999908447266,44.300697326660156,645100
2013-12-18,70.66000366210938,44.90443420410156,741500
2013-12-19,70.30000305175781,44.67564392089844,792500
2013-12-20,70.94999694824219,45.088722229003906,1083800
2013-12-23,70.58999633789062,45.21038818359375,782300
2013-12-24,70.88999938964844,45.40255355834961,357300
2013-12-26,70.98999786376953,45.466590881347656,453500
2013-12-27,71.1500015258789,45.569068908691406,489100
2013-12-30,71.22000122070312,45.61391067504883,513400
2013-12-31,71.3499984741211,45.6971549987793,593200
2014-01-02,70.3499984741211,45.05670166015625,937000
2014-01-03,70.37000274658203,45.069515228271484,509200
2014-01-06,70.13999938964844,44.92219924926758,885000
2014-01-07,70.6500015258789,45.24884033203125,775700
2014-01-08,70.30999755859375,45.031070709228516,930300
2014-01-09,70.45999908447266,45.12714767456055,811700
2014-01-10,70.93000030517578,45.42817306518555,822300
2014-01-13,70.2300033569336,44.97984313964844,759700
2014-01-14,70.62000274658203,45.22962188720703,1098100
2014-01-15,70.7300033569336,45.30008316040039,554900
2014-01-16,70.87999725341797,45.39614486694336,739700
2014-01-17,70.72000122070312,45.29366683959961,867500
2014-01-21,71.08999633789062,45.53063201904297,644000
2014-01-22,71.20999908447266,45.607505798339844,706800
2014-01-23,70.69999694824219,45.28085708618164,551400
2014-01-24,69.4000015258789,44.44823455810547,1455200
2014-01-27,69.23999786376953,44.34577178955078,881300
2014-01-28,69.44999694824219,44.48028564453125,621900
2014-01-29,68.97000122070312,44.17285919189453,1021700
2014-01-30,69.68000030517578,44.627593994140625,1174200
2014-01-31,69.45999908447266,44.48668670654297,1224200
2014-02-03,67.91999816894531,43.5003776550293,1567700
2014-02-04,67.97000122070312,43.53238296508789,1430200
2014-02-05,67.69000244140625,43.353065490722656,688600
2014-02-06,68.33999633789062,43.769351959228516,528500
2014-02-07,69.13999938964844,44.2817268371582,672000
2014-02-10,69.16000366210938,44.2945442199707,906000
2014-02-11,69.91000366210938,44.77490997314453,1009300
2014-02-12,69.87999725341797,44.755680084228516,548700
2014-02-13,70.41000366210938,45.09511184692383,670500
2014-02-14,71.0199966430664,45.485809326171875,506600
2014-02-18,71.08000183105469,45.52424621582031,917800
2014-02-19,70.66999816894531,45.261661529541016,553000
2014-02-20,71.18000030517578,45.588279724121094,575800
2014-02-21,71.30999755859375,45.671539306640625,606500
2014-02-24,71.51000213623047,45.79962921142578,569900
2014-02-25,71.43000030517578,45.74838638305664,735600
2014-02-26,71.3499984741211,45.6971549987793,465600
2014-02-27,71.58999633789062,45.850868225097656,549700
2014-02-28,71.98999786376953,46.107051849365234,575500
2014-03-03,71.5,45.793235778808594,1011500
2014-03-04,72.45999908447266,46.408077239990234,564400
2014-03-05,72.16000366210938,46.21593475341797,401400
2014-03-06,72.08999633789062,46.171104431152344,557200
2014-03-07,72.12000274658203,46.190311431884766,495400
2014-03-10,72.04000091552734,46.13908767700195,637500
2014-03-11,71.73999786376953,45.946937561035156,477400
2014-03-12,72.11000061035156,46.18391036987305,342300
2014-03-13,71.9000015258789,46.049434661865234,673300
2014-03-14,72.18000030517578,46.22874069213867,835000
2014-03-17,72.69000244140625,46.55537033081055,632500
2014-03-18,73.0199966430664,46.76675033569336,515700
2014-03-19,72.33999633789062,46.33121871948242,690100
2014-03-20,72.44999694824219,46.40166473388672,451300
2014-03-21,72.66999816894531,46.542579650878906,581200
2014-03-24,72.54000091552734,46.45930862426758,648700
2014-03-25,72.27999877929688,46.681488037109375,551100
2014-03-26,72.1500015258789,46.597530364990234,526700
2014-03-27,72.19999694824219,46.62982940673828,525900
2014-03-28,72.5199966430664,46.83648681640625,493900
2014-03-31,73.31999969482422,47.35315704345703,720200
2014-04-01,73.36000061035156,47.37897872924805,1030800
2014-04-02,73.48999786376953,47.46294403076172,532800
2014-04-03,73.58999633789062,47.52754211425781,403500
2014-04-04,73.2300033569336,47.2950325012207,603900
2014-04-07,72.63999938964844,46.91399002075195,692600
2014-04-08,73.19000244140625,47.26919174194336,1157300
2014-04-09,73.47000122070312,47.45003890991211,790000
2014-04-10,72.6500015258789,46.920440673828125,901500
2014-04-11,72.25,46.66209030151367,754900
2014-04-14,72.83999633789062,47.04314422607422,991500
2014-04-15,73.45999908447266,47.443580627441406,1201100
2014-04-16,74.16000366210938,47.89567947387695,891300
2014-04-17,74.01000213623047,47.798797607421875,565100
2014-04-21,74.05000305175781,47.82461166381836,630700
2014-04-22,74.0199966430664,47.80524826049805,718400
2014-04-23,74.02999877929688,47.81171417236328,542800
2014-04-24,74.11000061035156,47.86338424682617,660800
2014-04-25,74.19000244140625,47.91503143310547,699200
2014-04-28,74.4800033569336,48.102325439453125,854800
2014-04-29,74.44999694824219,48.082969665527344,965400
2014-04-30,74.83999633789062,48.3348388671875,654200
2014-05-01,74.76000213623047,48.2831916809082,604300
2014-05-02,74.19999694824219,47.92149353027344,445100
2014-05-05,74.38999938964844,48.044219970703125,663100
2014-05-06,73.95999908447266,47.76651382446289,655200
2014-05-07,74.79000091552734,48.302555084228516,743800
2014-05-08,74.52999877929688,48.134639739990234,597500
2014-05-09,74.2699966430664,47.96668243408203,499000
2014-05-12,74.5199966430664,48.128173828125,557900
2014-05-13,74.5,48.11526107788086,902900
2014-05-14,74.36000061035156,48.024837493896484,769400
2014-05-15,73.83000183105469,47.68254470825195,605500
2014-05-16,73.9800033569336,47.7794189453125,467700
2014-05-19,73.75,47.630859375,655300
2014-05-20,73.31999969482422,47.35315704345703,586500
2014-05-21,73.7699966430664,47.643798828125,466900
2014-05-22,74.08000183105469,47.8440055847168,493500
2014-05-23,74.18000030517578,47.908573150634766,475000
2014-05-27,74.58999633789062,48.17338180541992,761000
2014-05-28,74.72000122070312,48.2573356628418,663600
2014-05-29,74.98999786376953,48.431697845458984,504000
2014-05-30,75.2699966430664,48.612552642822266,518400
2014-06-02,75.30000305175781,48.63191604614258,473000
2014-06-03,75.19000244140625,48.56087875366211,386100
2014-06-04,75.2699966430664,48.612552642822266,378600
2014-06-05,75.87999725341797,49.006507873535156,450700
2014-06-06,76.05000305175781,49.116310119628906,684400
2014-06-09,76.08999633789062,49.14213943481445,342800
2014-06-10,75.95999908447266,49.05817794799805,405800
2014-06-11,75.38999938964844,48.6900520324707,640400
2014-06-12,75.26000213623047,48.606075286865234,835900
2014-06-13,75.5199966430664,48.77401351928711,734100
2014-06-16,75.94000244140625,49.04528045654297,430500
2014-06-17,76.0999984741211,49.14860534667969,1055900
2014-06-18,76.94999694824219,49.69756317138672,668700
2014-06-19,77.33999633789062,49.94942855834961,516400
2014-06-20,77.44000244140625,50.0140266418457,540700
2014-06-23,77.38999938964844,49.981727600097656,587900
2014-06-24,76.51000213623047,49.796241760253906,711400
2014-06-25,76.6500015258789,49.88736343383789,870300
2014-06-26,76.58000183105469,49.841800689697266,559900
2014-06-27,76.7699966430664,49.9654541015625,544500
2014-06-30,76.9800033569336,50.10215377807617,590400
2014-07-01,76.98999786376953,50.10865020751953,1006900
2014-07-02,76.29000091552734,49.65306854248047,523700
2014-07-03,76.3499984741211,49.692108154296875,421200
2014-07-07,76.0999984741211,49.529396057128906,397600
2014-07-08,76.08999633789062,49.52288055419922,378900
2014-07-09,76.05999755859375,49.50336456298828,296200
2014-07-10,76.08000183105469,49.516380310058594,475500
2014-07-11,76.0199966430664,49.477333068847656,185800
2014-07-14,76.01000213623047,49.47081756591797,520000
2014-07-15,75.91000366210938,49.40574645996094,388400
2014-07-16,75.98999786376953,49.457794189453125,504100
2014-07-17,75.18000030517578,48.930625915527344,826500
2014-07-18,75.88999938964844,49.392723083496094,445000
2014-07-21,75.70999908447266,49.27555847167969,430200
2014-07-22,75.83000183105469,49.353660583496094,597800
2014-07-23,75.73999786376953,49.29509735107422,313100
2014-07-24,75.94000244140625,49.42526626586914,541100
2014-07-25,75.41000366210938,49.08033752441406,550100
2014-07-28,75.76000213623047,49.30811309814453,445800
2014-07-29,75.44000244140625,49.09984588623047,321300
2014-07-30,74.93000030517578,48.76791763305664,552000
2014-07-31,73.63999938964844,47.92831039428711,844600
2014-08-01,73.66999816894531,47.94784927368164,965200
2014-08-04,73.6500015258789,47.93482971191406,768000
2014-08-05,73.05999755859375,47.55081558227539,1241700
2014-08-06,72.79000091552734,47.37510299682617,785500
2014-08-07,72.8499984741211,47.41413879394531,688300
2014-08-08,73.88999938964844,48.09102249145508,714500
2014-08-11,73.98999786376953,48.156124114990234,455000
2014-08-12,73.81999969482422,48.04548645019531,360500
2014-08-13,74.3499984741211,48.390419006347656,344100
2014-08-14,74.68000030517578,48.605186462402344,717000
2014-08-15,74.7300033569336,48.63774108886719,429200
2014-08-18,75.01000213623047,48.81999206542969,984600
2014-08-19,75.54000091552734,49.164920806884766,680200
2014-08-20,75.79000091552734,49.3276481628418,668400
2014-08-21,76.0,49.464324951171875,572700
2014-08-22,75.86000061035156,49.373191833496094,544500
2014-08-25,76.23999786376953,49.62049865722656,690700
2014-08-26,75.93000030517578,49.418758392333984,603400
2014-08-27,76.2699966430664,49.640037536621094,458600
2014-08-28,76.30999755859375,49.66608810424805,443100
2014-08-29,76.63999938964844,49.880859375,472700
2014-09-02,76.37999725341797,49.71162033081055,876700
2014-09-03,76.54000091552734,49.81577682495117,399400
2014-09-04,76.37999725341797,49.71162033081055,1107200
2014-09-05,76.94000244140625,50.076114654541016,498800
2014-09-08,76.56999969482422,49.83529281616211,630600
2014-09-09,75.93000030517578,49.418758392333984,1575000
2014-09-10,75.98999786376953,49.457794189453125,1162800
2014-09-11,76.33999633789062,49.68559265136719,1086300
2014-09-12,75.48999786376953,49.132389068603516,850000
2014-09-15,75.61000061035156,49.21048355102539,447400
2014-09-16,76.06999969482422,49.509864807128906,536300
2014-09-17,75.93000030517578,49.418758392333984,490500
2014-09-18,75.83000183105469,49.353660583496094,543900
2014-09-19,75.94999694824219,49.43177795410156,513700
2014-09-22,75.45999908447266,49.112857818603516,906600
2014-09-23,74.81999969482422,48.69633483886719,818700
2014-09-24,74.45999908447266,48.84522247314453,462200
2014-09-25,73.63999938964844,48.307308197021484,959800
2014-09-26,74.02999877929688,48.563148498535156,417600
2014-09-29,74.05999755859375,48.582828521728516,636300
2014-09-30,73.86000061035156,48.45164108276367,510700
2014-10-01,73.20999908447266,48.02524185180664,1010000
2014-10-02,73.16000366210938,47.992435455322266,1024900
2014-10-03,73.69999694824219,48.346675872802734,801700
2014-10-06,73.62999725341797,48.30076217651367,674500
2014-10-07,72.87999725341797,47.80875778198242,627500
2014-10-08,74.26000213623047,48.714019775390625,529100
2014-10-09,72.81999969482422,47.769386291503906,647200
2014-10-10,72.77999877929688,47.74315643310547,1072300
2014-10-13,72.18000030517578,47.34956741333008,1390500
2014-10-14,72.69999694824219,47.69069290161133,1481700
2014-10-15,72.12999725341797,47.31674575805664,1988100
2014-10-16,72.38999938964844,47.48733139038086,1585200
2014-10-17,72.95999908447266,47.86125183105469,1130100
2014-10-20,73.80000305175781,48.41227340698242,1137100
2014-10-21,74.79000091552734,49.061702728271484,1586900
2014-10-22,74.68000030517578,48.98953628540039,995600
2014-10-23,75.3499984741211,49.4290657043457,994900
2014-10-24,75.95999908447266,49.8292121887207,843200
2014-10-27,75.94999694824219,49.822669982910156,916400
2014-10-28,76.70999908447266,50.32120895385742,1037900
2014-10-29,76.61000061035156,50.255611419677734,1016400
2014-10-30,77.58000183105469,50.891944885253906,767700
2014-10-31,78.1500015258789,51.26584243774414,797700
2014-11-03,78.31999969482422,51.37736892700195,1206600
2014-11-04,78.05999755859375,51.20679473876953,846200
2014-11-05,78.7699966430664,51.672550201416016,690000
2014-11-06,78.37000274658203,51.4101676940918,774700
2014-11-07,78.63999938964844,51.5872917175293,1055400
2014-11-10,78.94000244140625,51.784088134765625,1199000
2014-11-11,78.7699966430664,51.672550201416016,749600
2014-11-12,78.44000244140625,51.45608901977539,453300
2014-11-13,78.16000366210938,51.27238082885742,1320000
2014-11-14,77.80999755859375,51.04279708862305,529600
2014-11-17,78.2300033569336,51.31833267211914,966900
2014-11-18,78.54000091552734,51.521671295166016,614500
2014-11-19,78.44000244140625,51.45608901977539,914800
2014-11-20,78.5,51.49543380737305,1050200
2014-11-21,78.8499984741211,51.725032806396484,818400
2014-11-24,78.81999969482422,51.705360412597656,625500
2014-11-25,78.76000213623047,51.6660041809082,1303800
2014-11-26,78.88999938964844,51.75127410888672,619600
2014-11-28,78.88999938964844,51.75127410888672,413700
2014-12-01,78.62000274658203,51.57415008544922,1131600
2014-12-02,79.11000061035156,51.89559555053711,645800
2014-12-03,79.30999755859375,52.026798248291016,708100
2014-12-04,79.18000030517578,51.94151306152344,688400
2014-12-05,79.16999816894531,51.934959411621094,659700
2014-12-08,78.97000122070312,51.80375671386719,713800
2014-12-09,79.16999816894531,51.934959411621094,1686500
2014-12-10,77.91999816894531,51.11495590209961,1180900
2014-12-11,78.45999908447266,51.46919250488281,772300
2014-12-12,77.16999816894531,50.62297058105469,995500
2014-12-15,76.66000366210938,50.28841781616211,1479100
2014-12-16,76.66999816894531,50.29496765136719,1097000
2014-12-17,78.08000183105469,51.21991729736328,1314100
2014-12-18,79.68000030517578,52.269508361816406,3393600
2014-12-19,79.94000244140625,52.4400749206543,1576100
2014-12-22,80.2300033569336,52.63029861450195,1245800
2014-12-23,80.5,52.80742263793945,1093300
2014-12-24,80.3499984741211,53.11812973022461,432700
2014-12-26,80.83999633789062,53.44206619262695,1097400
2014-12-29,81.41000366210938,53.81889343261719,756400
2014-12-30,80.52999877929688,53.23714065551758,1116200
2014-12-31,79.4000015258789,52.490089416503906,996600
2015-01-02,79.44000244140625,52.516544342041016,1102200
2015-01-05,78.13999938964844,51.657127380371094,1955400
2015-01-06,77.62999725341797,51.319969177246094,1154400
2015-01-07,78.52999877929688,51.914955139160156,1359600
2015-01-08,79.6500015258789,52.65536117553711,1452800
2015-01-09,79.02999877929688,52.245513916015625,1269400
2015-01-12,78.61000061035156,51.96786880493164,1442400
2015-01-13,78.75,52.06040573120117,1736800
2015-01-14,78.87999725341797,52.146339416503906,1640300
2015-01-15,78.7300033569336,52.04718780517578,1221300
2015-01-16,79.58999633789062,52.615699768066406,1473200
2015-01-20,79.7699966430664,52.73470687866211,1918500
2015-01-21,80.29000091552734,53.07845687866211,1390100
2015-01-22,80.94999694824219,53.5147819519043,1227000
2015-01-23,80.58999633789062,53.27679443359375,1082800
2015-01-26,80.77999877929688,53.40240478515625,1089200
2015-01-27,80.30999755859375,53.09169006347656,1072300
2015-01-28,79.45999908447266,52.52976989746094,1248400
2015-01-29,80.30000305175781,53.085086822509766,1162700
2015-01-30,79.0,52.22565460205078,1558400
2015-02-02,79.80000305175781,52.7545280456543,1181900
2015-02-03,80.83999633789062,53.44206619262695,2007000
2015-02-04,80.19000244140625,53.01235580444336,967400
2015-02-05,80.79000091552734,53.409019470214844,789400
2015-02-06,79.62999725341797,52.64214324951172,1455300
2015-02-09,79.19999694824219,52.35789108276367,784300
2015-02-10,80.02999877929688,52.906593322753906,867100
2015-02-11,79.4000015258789,52.490089416503906,771200
2015-02-12,79.86000061035156,52.794193267822266,969300
2015-02-13,79.56999969482422,52.60249328613281,832000
2015-02-17,79.69000244140625,52.68181228637695,887300
2015-02-18,80.19000244140625,53.01235580444336,1078100
2015-02-19,79.93000030517578,52.84048080444336,876900
2015-02-20,80.16999816894531,52.9991455078125,692200
2015-02-23,80.26000213623047,53.05866241455078,729900
2015-02-24,80.36000061035156,53.1247444152832,1128700
2015-02-25,79.9800033569336,52.8735237121582,936700
2015-02-26,79.66000366210938,52.6619873046875,524400
2015-02-27,79.44000244140625,52.516544342041016,725400
2015-03-02,79.0999984741211,52.29178237915039,1278800
2015-03-03,79.02999877929688,52.245513916015625,1023700
2015-03-04,78.56999969482422,51.94139862060547,1099600
2015-03-05,78.7300033569336,52.04718780517578,784500
2015-03-06,77.23999786376953,51.062156677246094,1252600
2015-03-09,77.48999786376953,51.227439880371094,1450800
2015-03-10,76.6500015258789,50.67212677001953,1257200
2015-03-11,76.45999908447266,50.54653549194336,854500
2015-03-12,77.51000213623047,51.240638732910156,1230800
2015-03-13,76.88999938964844,50.83076858520508,908400
2015-03-16,77.87000274658203,51.478633880615234,1540700
2015-03-17,77.77999877929688,51.41913986206055,554600
2015-03-18,79.05000305175781,52.25873947143555,957200
2015-03-19,78.55999755859375,51.93478012084961,566400
2015-03-20,79.58999633789062,52.615699768066406,1548000
2015-03-23,79.69000244140625,52.68181228637695,1698100
2015-03-24,79.0,52.22565460205078,711000
2015-03-25,77.58999633789062,51.684783935546875,2125500
2015-03-26,77.2699966430664,51.47160339355469,1356600
2015-03-27,77.47000122070312,51.60483169555664,1100700
2015-03-30,78.30000305175781,52.157718658447266,993800
2015-03-31,77.94000244140625,51.91791534423828,1088600
2015-04-01,77.91000366210938,51.897945404052734,737400
2015-04-02,78.05999755859375,51.99784469604492,604000
2015-04-06,78.94999694824219,52.59070587158203,882600
2015-04-07,78.45999908447266,52.264312744140625,564700
2015-04-08,78.30999755859375,52.16438293457031,586600
2015-04-09,78.45999908447266,52.264312744140625,633500
2015-04-10,79.0,52.624000549316406,781700
2015-04-13,78.4800033569336,52.27763366699219,1441800
2015-04-14,78.93000030517578,52.57737731933594,1094900
2015-04-15,79.33000183105469,52.84382247924805,848500
2015-04-16,79.05000305175781,52.65733337402344,466500
2015-04-17,78.38999938964844,52.21767044067383,601000
2015-04-20,79.12000274658203,52.703948974609375,621000
2015-04-21,78.68000030517578,52.41083526611328,1042200
2015-04-22,78.87999725341797,52.54408264160156,526500
2015-04-23,79.26000213623047,52.797210693359375,708100
2015-04-24,79.3499984741211,52.857173919677734,570100
2015-04-27,78.69999694824219,52.424163818359375,671700
2015-04-28,79.16000366210938,52.730594635009766,564900
2015-04-29,78.88999938964844,52.55073928833008,689900
2015-04-30,78.33000183105469,52.177711486816406,942100
2015-05-01,78.72000122070312,52.43749237060547,803400
2015-05-04,78.91000366210938,52.564064025878906,696300
2015-05-05,77.91000366210938,51.897945404052734,930500
2015-05-06,77.63999938964844,51.71807861328125,750300
2015-05-07,77.6500015258789,51.7247428894043,843200
2015-05-08,78.4000015258789,52.22434616088867,557400
2015-05-11,78.05000305175781,51.99119186401367,698100
2015-05-12,77.9000015258789,51.891273498535156,603300
2015-05-13,77.80000305175781,51.824668884277344,730200
2015-05-14,78.5,52.29093551635742,596900
2015-05-15,78.79000091552734,52.484127044677734,505600
2015-05-18,79.05999755859375,52.66397476196289,520300
2015-05-19,79.0,52.624000549316406,1834900
2015-05-20,79.08999633789062,52.6839714050293,499300
2015-05-21,79.23999786376953,52.78390121459961,587900
2015-05-22,79.04000091552734,52.65066909790039,420000
2015-05-26,78.33999633789062,52.184383392333984,804800
2015-05-27,78.75,52.45746994018555,451600
2015-05-28,78.8499984741211,52.52408981323242,510800
2015-05-29,78.38999938964844,52.21767044067383,429800
2015-06-01,78.33000183105469,52.177711486816406,586100
2015-06-02,78.02999877929688,51.97787094116211,888500
2015-06-03,77.83000183105469,51.84463882446289,499000
2015-06-04,77.2699966430664,51.47160339355469,936800
2015-06-05,76.95999908447266,51.265106201171875,623500
2015-06-08,76.72000122070312,51.10524368286133,692400
2015-06-09,76.66999816894531,51.07193374633789,694700
2015-06-10,77.4800033569336,51.611507415771484,540100
2015-06-11,77.80000305175781,51.824668884277344,1095500
2015-06-12,77.08000183105469,51.34505081176758,782000
2015-06-15,76.72000122070312,51.10524368286133,785300
2015-06-16,77.1500015258789,51.39168167114258,634000
2015-06-17,77.41999816894531,51.5715446472168,884300
2015-06-18,78.06999969482422,52.004520416259766,882400
2015-06-19,77.63999938964844,51.71807861328125,648500
2015-06-22,77.93000030517578,51.911251068115234,612700
2015-06-23,77.66000366210938,51.731407165527344,578900
2015-06-24,76.44000244140625,51.34585189819336,1269300
2015-06-25,76.01000213623047,51.057003021240234,1731200
2015-06-26,76.45999908447266,51.35929489135742,421800
2015-06-29,75.22000122070312,50.5263671875,1040000
2015-06-30,75.1500015258789,50.47931671142578,880600
2015-07-01,75.56999969482422,50.761444091796875,739300
2015-07-02,75.81999969482422,50.92938232421875,1298900
2015-07-06,75.56999969482422,50.761444091796875,630700
2015-07-07,76.61000061035156,51.46002960205078,868900
2015-07-08,75.80999755859375,50.92268371582031,665400
2015-07-09,75.66999816894531,50.82862091064453,419500
2015-07-10,76.27999877929688,51.23835754394531,539500
2015-07-13,76.80999755859375,51.59436798095703,436400
2015-07-14,76.95999908447266,51.695125579833984,838200
2015-07-15,76.76000213623047,51.560794830322266,512000
2015-07-16,77.4000015258789,51.99068069458008,569500
2015-07-17,76.76000213623047,51.560794830322266,437900
2015-07-20,76.56999969482422,51.433162689208984,830200
2015-07-21,76.04000091552734,51.07715606689453,486300
2015-07-22,76.04000091552734,51.07715606689453,1249900
2015-07-23,75.5199966430664,50.72786331176758,635000
2015-07-24,74.83999633789062,50.271095275878906,638700
2015-07-27,74.9000015258789,50.311397552490234,1234600
2015-07-28,75.62999725341797,50.801753997802734,1013300
2015-07-29,76.1500015258789,51.15103530883789,570400
2015-07-30,76.33999633789062,51.278648376464844,474500
2015-07-31,76.31999969482422,51.26523971557617,694800
2015-08-03,76.2300033569336,51.20478439331055,566500
2015-08-04,75.81999969482422,50.92938232421875,490600
2015-08-05,76.0999984741211,51.11744689941406,322000
2015-08-06,76.0999984741211,51.11744689941406,563500
2015-08-07,76.12000274658203,51.13088607788086,526800
2015-08-10,76.76000213623047,51.560794830322266,489500
2015-08-11,76.5199966430664,51.39957046508789,535700
2015-08-12,76.94999694824219,51.68840408325195,750200
2015-08-13,76.7699966430664,51.56748962402344,580600
2015-08-14,77.18000030517578,51.84290313720703,1147800
2015-08-17,77.5199966430664,52.071292877197266,434200
2015-08-18,77.30999755859375,51.93021011352539,458800
2015-08-19,76.83000183105469,51.607810974121094,528600
2015-08-20,75.94999694824219,51.01670837402344,689000
2015-08-21,74.37999725341797,49.962100982666016,1293600
2015-08-24,71.79000091552734,48.22237014770508,5621500
2015-08-25,70.47000122070312,47.33571243286133,1432800
2015-08-26,72.0,48.36343765258789,1374300
2015-08-27,73.58000183105469,49.42473602294922,1016400
2015-08-28,73.86000061035156,49.61281967163086,619100
2015-08-31,73.4800033569336,49.357566833496094,730900
2015-09-01,71.44000244140625,47.98725891113281,1108900
2015-09-02,72.12000274658203,48.44403076171875,762400
2015-09-03,72.58000183105469,48.75302505493164,810400
2015-09-04,71.58000183105469,48.0813102722168,744100
2015-09-08,73.2699966430664,49.21650314331055,924000
2015-09-09,72.26000213623047,48.538055419921875,845500
2015-09-10,72.37000274658203,48.611961364746094,648000
2015-09-11,72.61000061035156,48.7731819152832,602500
2015-09-14,72.41000366210938,48.638832092285156,866500
2015-09-15,73.16999816894531,49.14933776855469,597800
2015-09-16,74.05000305175781,49.740447998046875,531100
2015-09-17,74.19000244140625,49.8344841003418,949800
2015-09-18,73.19999694824219,49.16947937011719,965000
2015-09-21,73.52999877929688,49.39115905761719,539700
2015-09-22,72.81999969482422,48.91421890258789,584400
2015-09-23,72.69000244140625,48.82689666748047,925600
2015-09-24,72.93000030517578,48.98812484741211,870100
2015-09-25,72.62999725341797,49.22669982910156,1095900
2015-09-28,71.44000244140625,48.420135498046875,977500
2015-09-29,71.55000305175781,48.49469757080078,753100
2015-09-30,72.75,49.30803680419922,916300
2015-10-01,72.29000091552734,48.99626159667969,1015300
2015-10-02,73.26000213623047,49.65370178222656,998800
2015-10-05,74.70999908447266,50.63645553588867,966700
2015-10-06,74.56999969482422,50.54158020019531,2267100
2015-10-07,75.11000061035156,50.90757751464844,753700
2015-10-08,76.0199966430664,51.524356842041016,774600
2015-10-09,75.94999694824219,51.47690200805664,829300
2015-10-12,76.05999755859375,51.55146789550781,614300
2015-10-13,75.68000030517578,51.293907165527344,1102400
2015-10-14,75.43000030517578,51.124473571777344,565300
2015-10-15,76.11000061035156,51.58534240722656,637900
2015-10-16,76.41000366210938,51.78868865966797,512200
2015-10-19,76.3499984741211,51.748023986816406,745100
2015-10-20,76.47000122070312,51.82935333251953,807400
2015-10-21,76.18000030517578,51.632789611816406,599700
2015-10-22,77.5199966430664,52.5410041809082,730900
2015-10-23,77.38999938964844,52.452911376953125,875800
2015-10-26,77.08000183105469,52.2427978515625,606700
2015-10-27,76.62999725341797,51.93778991699219,800900
2015-10-28,77.0999984741211,52.25634002685547,886200
2015-10-29,76.81999969482422,52.06658172607422,760400
2015-10-30,76.87000274658203,52.1004638671875,981100
2015-11-02,77.56999969482422,52.57489776611328,791800
2015-11-03,77.73999786376953,52.690120697021484,867800
2015-11-04,77.58999633789062,52.588462829589844,720900
2015-11-05,77.4800033569336,52.5139045715332,633500
2015-11-06,76.44000244140625,51.80902862548828,1267000
2015-11-09,76.06999969482422,51.55823516845703,849400
2015-11-10,76.45999908447266,51.82258224487305,605100
2015-11-11,76.51000213623047,51.8564567565918,709900
2015-11-12,75.20999908447266,50.97534942626953,1144200
2015-11-13,74.73999786376953,50.65680694580078,770900
2015-11-16,76.0,51.51081466674805,767700
2015-11-17,75.30999755859375,51.04313659667969,833900
2015-11-18,76.31999969482422,51.72769546508789,724200
2015-11-19,76.55999755859375,51.89036178588867,673700
2015-11-20,76.7300033569336,52.00556945800781,577000
2015-11-23,76.83000183105469,52.073360443115234,778800
2015-11-24,77.04000091552734,52.21568298339844,819200
2015-11-25,77.0199966430664,52.20213317871094,1159200
2015-11-27,77.08999633789062,52.24955749511719,244300
2015-11-30,76.94999694824219,52.1546745300293,1019200
2015-12-01,77.5199966430664,52.5410041809082,885000
2015-12-02,76.33000183105469,51.734458923339844,1062600
2015-12-03,75.38999938964844,51.097354888916016,1084300
2015-12-04,76.56999969482422,51.89713668823242,986200
2015-12-07,76.12000274658203,51.592132568359375,1136600
2015-12-08,75.70999908447266,51.314231872558594,775800
2015-12-09,75.30999755859375,51.04313659667969,1286800
2015-12-10,75.04000091552734,50.860130310058594,1823700
2015-12-11,74.12000274658203,50.23659133911133,1014000
2015-12-14,74.30999755859375,50.36534881591797,1380100
2015-12-15,75.16000366210938,50.94146728515625,1195300
2015-12-16,76.33999633789062,51.74123001098633,1166500
2015-12-17,75.58000183105469,51.22614288330078,996000
2015-12-18,74.4000015258789,50.42634963989258,1523000
2015-12-21,74.80000305175781,50.69746398925781,1168900
2015-12-22,75.58999633789062,51.23290252685547,1142400
2015-12-23,76.73999786376953,52.01233673095703,903200
2015-12-24,75.93000030517578,51.93233108520508,414200
2015-12-28,75.83999633789062,51.87076187133789,1095100
2015-12-29,76.30000305175781,52.18537902832031,866600
2015-12-30,75.93000030517578,51.93233108520508,921400
2015-12-31,75.1500015258789,51.39884567260742,1040300
2016-01-04,74.55999755859375,50.99531555175781,2059900
2016-01-05,75.01000213623047,51.303096771240234,1631700
2016-01-06,74.25,50.783294677734375,1177600
2016-01-07,72.93000030517578,49.8804817199707,1686200
2016-01-08,72.43000030517578,49.538516998291016,1608800
2016-01-11,72.5999984741211,49.65476989746094,2000100
2016-01-12,72.66999816894531,49.70265579223633,1409200
2016-01-13,71.58000183105469,48.9571418762207,1615700
2016-01-14,72.83000183105469,49.81208419799805,1459100
2016-01-15,71.80999755859375,49.11446762084961,1624200
2016-01-19,72.0,49.24441146850586,1872000
2016-01-20,70.7699966430664,48.40315628051758,1908000
2016-01-21,70.9800033569336,48.546783447265625,1559200
2016-01-22,72.3499984741211,49.48377227783203,900500
2016-01-25,71.18000030517578,48.68356704711914,952800
2016-01-26,72.27999877929688,49.43590545654297,976100
2016-01-27,72.06999969482422,49.29228210449219,1024700
2016-01-28,72.87000274658203,49.83944320678711,1051800
2016-01-29,74.45999908447266,50.926918029785156,1068300
2016-02-01,74.63999938964844,51.050048828125,1015900
2016-02-02,73.97000122070312,50.59178924560547,1105900
2016-02-03,74.94000244140625,51.255226135253906,1562500
2016-02-04,74.81999969482422,51.17316436767578,1191100
2016-02-05,74.55999755859375,50.99531555175781,1121200
2016-02-08,74.62000274658203,51.036354064941406,1513000
2016-02-09,74.58999633789062,51.01583480834961,2558100
2016-02-10,74.30999755859375,50.82432556152344,1205800
2016-02-11,73.37999725341797,50.18825149536133,1428600
2016-02-12,74.22000122070312,50.762779235839844,998100
2016-02-16,75.08000183105469,51.35095977783203,891700
2016-02-17,75.95999908447266,51.95284652709961,1028600
2016-02-18,76.2699966430664,52.16488265991211,928800
2016-02-19,76.18000030517578,52.10331726074219,663100
2016-02-22,77.02999877929688,52.684669494628906,968900
2016-02-23,76.56999969482422,52.370052337646484,782500
2016-02-24,76.8499984741211,52.56156539916992,748100
2016-02-25,77.48999786376953,52.9992790222168,838200
2016-02-26,76.75,52.4931640625,790100
2016-02-29,76.61000061035156,52.397422790527344,741200
2016-03-01,77.30999755859375,52.87616729736328,1009300
2016-03-02,77.98999786376953,53.341270446777344,1270400
2016-03-03,78.66999816894531,53.806365966796875,1166500
2016-03-04,79.36000061035156,54.27827072143555,1523000
2016-03-07,79.73999786376953,54.538185119628906,1374200
2016-03-08,79.27999877929688,54.22356033325195,1566500
2016-03-09,79.83000183105469,54.59974670410156,1218400
2016-03-10,79.9800033569336,54.70231628417969,938400
2016-03-11,80.69999694824219,55.19478225708008,767600
2016-03-14,80.4800033569336,55.0443115234375,766900
2016-03-15,80.4000015258789,54.98958969116211,834600
2016-03-16,81.05000305175781,55.43415069580078,771800
2016-03-17,81.8499984741211,55.981319427490234,1071200
2016-03-18,81.7300033569336,55.89926528930664,1003200
2016-03-21,81.7300033569336,55.89926528930664,1724300
2016-03-22,81.48999786376953,55.73505401611328,1550900
2016-03-23,80.33999633789062,55.376651763916016,1428500
2016-03-24,80.33000183105469,55.36976623535156,1532800
2016-03-28,80.41000366210938,55.42490005493164,2673300
2016-03-29,81.41000366210938,56.11420440673828,958600
2016-03-30,81.52999877929688,56.1968994140625,885200
2016-03-31,81.66999816894531,56.29341125488281,701400
2016-04-01,81.91999816894531,56.465728759765625,1139500
2016-04-04,81.47000122070312,56.155548095703125,887000
2016-04-05,80.43000030517578,55.43869400024414,2409300
2016-04-06,80.9000015258789,55.762672424316406,1250100
2016-04-07,80.2699966430664,55.32841110229492,694900
2016-04-08,80.61000061035156,55.562767028808594,942500
2016-04-11,80.54000091552734,55.51451873779297,2414000
2016-04-12,81.51000213623047,56.183128356933594,916300
2016-04-13,81.91000366210938,56.45883560180664,1261300
2016-04-14,81.5199966430664,56.19002914428711,958900
2016-04-15,81.69000244140625,56.30720138549805,905100
2016-04-18,82.08000183105469,56.576026916503906,783500
2016-04-19,82.58999633789062,56.92754364013672,775800
2016-04-20,81.88999938964844,56.44504928588867,718700
2016-04-21,80.79000091552734,55.68682861328125,1888900
2016-04-22,81.41999816894531,56.121097564697266,1037200
2016-04-25,81.27999877929688,56.02457809448242,696800
2016-04-26,81.76000213623047,56.355438232421875,590700
2016-04-27,82.5999984741211,56.93443298339844,612900
2016-04-28,82.11000061035156,56.59670639038086,908700
2016-04-29,82.04000091552734,56.54844284057617,791400
2016-05-02,82.48999786376953,56.858619689941406,730400
2016-05-03,81.7699966430664,56.362335205078125,697200
2016-05-04,81.69000244140625,56.30720138549805,1002500
2016-05-05,81.51000213623047,56.183128356933594,539100
2016-05-06,81.68000030517578,56.30030059814453,579200
2016-05-09,81.68000030517578,56.30030059814453,499200
2016-05-10,82.45999908447266,56.83793640136719,1243300
2016-05-11,82.19999694824219,56.65871047973633,727000
2016-05-12,82.47000122070312,56.84482955932617,872600
2016-05-13,81.75,56.34855270385742,957800
2016-05-16,82.29000091552734,56.720741271972656,815900
2016-05-17,81.31999969482422,56.05215072631836,765700
2016-05-18,80.6500015258789,55.590335845947266,2173600
2016-05-19,80.70999908447266,55.63170623779297,808900
2016-05-20,81.06999969482422,55.87982940673828,366600
2016-05-23,80.87999725341797,55.74887466430664,546000
2016-05-24,81.7699966430664,56.362335205078125,615500
2016-05-25,82.2699966430664,56.706947326660156,691300
2016-05-26,82.5199966430664,56.87928771972656,534300
2016-05-27,82.8499984741211,57.106754302978516,458500
2016-05-31,82.9000015258789,57.14122009277344,994900
2016-06-01,83.11000061035156,57.285972595214844,744000
2016-06-02,83.33999633789062,57.44450378417969,613300
2016-06-03,83.62000274658203,57.63749694824219,1246800
2016-06-06,84.13999938964844,57.99593734741211,771600
2016-06-07,84.43000030517578,58.19583511352539,742400
2016-06-08,84.7300033569336,58.40257263183594,552300
2016-06-09,84.81999969482422,58.464622497558594,593000
2016-06-10,84.23999786376953,58.06487274169922,838000
2016-06-13,83.54000091552734,57.582359313964844,639500
2016-06-14,83.62000274658203,57.63749694824219,1404000
2016-06-15,83.37000274658203,57.465171813964844,1151900
2016-06-16,83.70999908447266,57.69955062866211,1156300
2016-06-17,83.83999633789062,57.78913879394531,767400
2016-06-20,84.25,58.071746826171875,1297100
2016-06-21,83.75,58.19334411621094,812900
2016-06-22,83.51000213623047,58.02658462524414,753600
2016-06-23,84.62000274658203,58.797882080078125,987800
2016-06-24,82.62999725341797,57.41511917114258,2479900
2016-06-27,81.4000015258789,56.560455322265625,1935900
2016-06-28,82.36000061035156,57.227500915527344,3074900
2016-06-29,83.62999725341797,58.1099739074707,957300
2016-06-30,85.27999877929688,59.256439208984375,1223700
2016-07-01,85.30000305175781,59.27035140991211,1496200
2016-07-05,84.80000305175781,58.92292404174805,885800
2016-07-06,85.27999877929688,59.256439208984375,1536100
2016-07-07,84.76000213623047,58.89513397216797,974200
2016-07-08,85.87999725341797,59.67335510253906,725200
2016-07-11,86.25,59.930458068847656,820900
2016-07-12,86.81999969482422,60.326534271240234,1700700
2016-07-13,86.95999908447266,60.42380142211914,599900
2016-07-14,87.01000213623047,60.458534240722656,1229600
2016-07-15,87.2699966430664,60.639198303222656,974500
2016-07-18,87.12999725341797,60.54191970825195,867000
2016-07-19,86.93000030517578,60.4029541015625,2288400
2016-07-20,86.93000030517578,60.4029541015625,496700
2016-07-21,86.75,60.27789306640625,590900
2016-07-22,87.33000183105469,60.680904388427734,456200
2016-07-25,86.95999908447266,60.42380142211914,581200
2016-07-26,86.91999816894531,60.39599609375,644000
2016-07-27,86.62000274658203,60.187564849853516,1180700
2016-07-28,86.7300033569336,60.263999938964844,705200
2016-07-29,86.98999786376953,60.44465255737305,644800
2016-08-01,86.69999694824219,60.24312973022461,786700
2016-08-02,86.12000274658203,59.84012985229492,1140200
2016-08-03,86.20999908447266,59.90266418457031,561900
2016-08-04,86.26000213623047,59.937408447265625,525300
2016-08-05,86.62000274658203,60.187564849853516,779800
2016-08-08,86.68000030517578,60.2292366027832,519900
2016-08-09,86.58999633789062,60.16669845581055,580200
2016-08-10,86.52999877929688,60.124996185302734,970300
2016-08-11,87.0,60.451622009277344,454300
2016-08-12,86.83000183105469,60.333492279052734,1102000
2016-08-15,86.81999969482422,60.326534271240234,1004400
2016-08-16,86.1500015258789,59.86098098754883,1137900
2016-08-17,86.69000244140625,60.23619079589844,931300
2016-08-18,87.31999969482422,60.673946380615234,638100
2016-08-19,86.83999633789062,60.34040832519531,635000
2016-08-22,86.69999694824219,60.24312973022461,544500
2016-08-23,86.80999755859375,60.31957244873047,703700
2016-08-24,86.43000030517578,60.05552673339844,505200
2016-08-25,86.69999694824219,60.24312973022461,403900
2016-08-26,85.9800033569336,59.742855072021484,1544500
2016-08-29,86.56999969482422,60.15280532836914,843200
2016-08-30,86.16999816894531,59.874881744384766,634100
2016-08-31,86.11000061035156,59.833168029785156,572100
2016-09-01,85.91000366210938,59.69422149658203,751400
2016-09-02,86.69999694824219,60.24312973022461,604500
2016-09-06,87.05000305175781,60.48633575439453,629500
2016-09-07,87.2300033569336,60.611412048339844,548500
2016-09-08,87.2699966430664,60.639198303222656,539600
2016-09-09,84.75,58.888179779052734,1943400
2016-09-12,85.81999969482422,59.63168716430664,1023500
2016-09-13,84.45999908447266,58.686683654785156,1099700
2016-09-14,84.31999969482422,58.58940124511719,980500
2016-09-15,85.01000213623047,59.06884002685547,776700
2016-09-16,85.0199966430664,59.07581329345703,460600
2016-09-19,85.51000213623047,59.41629409790039,767100
2016-09-20,85.27999877929688,59.256439208984375,474900
2016-09-21,86.69999694824219,60.24312973022461,888800
2016-09-22,87.37000274658203,60.70869445800781,854700
2016-09-23,86.94999694824219,60.41683578491211,801500
2016-09-26,85.7300033569336,60.047733306884766,1389900
2016-09-27,85.58999633789062,59.949676513671875,428900
2016-09-28,86.19999694824219,60.37694549560547,641600
2016-09-29,85.31999969482422,59.760555267333984,777900
2016-09-30,85.69000244140625,60.01972579956055,955600
2016-10-03,85.22000122070312,59.69052505493164,2041800
2016-10-04,84.12000274658203,58.920013427734375,3201000
2016-10-05,84.33000183105469,59.06711959838867,2361100
2016-10-06,84.41999816894531,59.13016128540039,1836600
2016-10-07,84.06999969482422,58.88501739501953,1050900
2016-10-10,84.56999969482422,59.23522186279297,509200
2016-10-11,83.54000091552734,58.51378631591797,1111900
2016-10-12,83.98999786376953,58.8289794921875,513000
2016-10-13,83.87000274658203,58.74495315551758,1110400
2016-10-14,83.81999969482422,58.709903717041016,447500
2016-10-17,83.70999908447266,58.63287353515625,700000
2016-10-18,84.0999984741211,58.90603256225586,426100
2016-10-19,84.37999725341797,59.10213851928711,507500
2016-10-20,83.81999969482422,58.709903717041016,1075600
2016-10-21,83.63999938964844,58.58382034301758,972600
2016-10-24,83.7300033569336,58.64688491821289,744300
2016-10-25,83.83999633789062,58.723907470703125,510000
2016-10-26,83.7699966430664,58.67488098144531,463600
2016-10-27,83.29000091552734,58.33869171142578,633800
2016-10-28,83.44999694824219,58.45073699951172,652000
2016-10-31,84.05000305175781,58.871002197265625,858000
2016-11-01,82.94000244140625,58.09353256225586,1111100
2016-11-02,82.12000274658203,57.519203186035156,940500
2016-11-03,81.97000122070312,57.41409683227539,815700
2016-11-04,81.79000091552734,57.28805160522461,992400
2016-11-07,83.37000274658203,58.39470672607422,1789500
2016-11-08,83.86000061035156,58.7379150390625,3039900
2016-11-09,84.58999633789062,59.249237060546875,4121100
2016-11-10,84.61000061035156,59.26324462890625,3972600
2016-11-11,84.68000030517578,59.31227111816406,841800
2016-11-14,85.48999786376953,59.879608154296875,1927300
2016-11-15,86.2699966430664,60.42594909667969,1123500
2016-11-16,85.98999786376953,60.229835510253906,909100
2016-11-17,86.18000030517578,60.3629150390625,973800
2016-11-18,86.12999725341797,60.32791519165039,747500
2016-11-21,86.94000244140625,60.895240783691406,1045300
2016-11-22,87.2699966430664,61.126380920410156,1039200
2016-11-23,87.04000091552734,60.96530532836914,929000
2016-11-25,87.61000061035156,61.364540100097656,409100
2016-11-28,87.63999938964844,61.38556671142578,1117600
2016-11-29,87.72000122070312,61.44157409667969,1083200
2016-11-30,87.2300033569336,61.09837341308594,1224700
2016-12-01,87.05999755859375,60.97929382324219,1480100
2016-12-02,87.20999908447266,61.08435821533203,987400
2016-12-05,87.83999633789062,61.525634765625,846100
2016-12-06,88.08999633789062,61.70072555541992,1200000
2016-12-07,89.22000122070312,62.49222183227539,959000
2016-12-08,89.44999694824219,62.653324127197266,1095300
2016-12-09,89.80999755859375,62.90549087524414,1458900
2016-12-12,89.79000091552734,62.89146423339844,1044100
2016-12-13,90.30999755859375,63.25569534301758,1526000
2016-12-14,89.11000061035156,62.41518020629883,1624100
2016-12-15,89.47000122070312,62.66735076904297,981200
2016-12-16,89.70999908447266,62.835411071777344,959700
2016-12-19,89.95999908447266,63.01051330566406,1167200
2016-12-20,90.3499984741211,63.283729553222656,1046500
2016-12-21,89.30000305175781,63.03453826904297,942400
2016-12-22,89.19999694824219,62.96394348144531,666900
2016-12-23,89.2300033569336,62.985111236572266,609600
2016-12-27,89.4800033569336,63.161590576171875,1004200
2016-12-28,88.54000091552734,62.49808120727539,822000
2016-12-29,88.87999725341797,62.738075256347656,863600
2016-12-30,88.56999969482422,62.51926040649414,890500
2017-01-03,88.94999694824219,62.78746795654297,1560300
2017-01-04,89.41999816894531,63.11922836303711,950800
2017-01-05,89.27999877929688,63.02042007446289,749300
2017-01-06,89.47000122070312,63.15452194213867,815600
2017-01-09,88.5199966430664,62.483943939208984,1228200
2017-01-10,88.41999816894531,62.41338348388672,1100900
2017-01-11,88.9800033569336,62.808658599853516,662400
2017-01-12,88.69000244140625,62.60396957397461,714300
2017-01-13,88.80999755859375,62.68866729736328,890200
2017-01-17,88.72000122070312,62.625118255615234,1226000
2017-01-18,88.91999816894531,62.76629638671875,678800
2017-01-19,88.26000213623047,62.300437927246094,1267400
2017-01-20,88.75,62.64630889892578,934700
2017-01-23,88.4800033569336,62.455718994140625,653900
2017-01-24,89.27999877929688,63.02042007446289,840100
2017-01-25,90.18000030517578,63.655731201171875,1001100
2017-01-26,89.87000274658203,63.436885833740234,1342000
2017-01-27,89.70999908447266,63.32391357421875,599800
2017-01-30,89.16999816894531,62.94278335571289,1004200
2017-01-31,89.76000213623047,63.359230041503906,752800
2017-02-01,89.13999938964844,62.92158126831055,790100
2017-02-02,89.4800033569336,63.161590576171875,1301400
2017-02-03,90.08000183105469,63.58512878417969,837000
2017-02-06,89.6500015258789,63.28157424926758,1330700
2017-02-07,89.55999755859375,63.21807098388672,938400
2017-02-08,89.69999694824219,63.3168830871582,711300
2017-02-09,89.9000015258789,63.45805358886719,790800
2017-02-10,90.44000244140625,63.83922576904297,672500
2017-02-13,90.86000061035156,64.13568115234375,661800
2017-02-14,90.87000274658203,64.14276123046875,1072200
2017-02-15,91.05000305175781,64.2697982788086,1402500
2017-02-16,91.16999816894531,64.3545150756836,811900
2017-02-17,90.98999786376953,64.22747802734375,765600
2017-02-21,91.56999969482422,64.63684844970703,1027500
2017-02-22,91.52999877929688,64.60863494873047,1046900
2017-02-23,91.83000183105469,64.82039642333984,560400
2017-02-24,92.19000244140625,65.07451629638672,745200
2017-02-27,92.2699966430664,65.13098907470703,631400
2017-02-28,92.29000091552734,65.1451187133789,509600
2017-03-01,93.27999877929688,65.84390258789062,1583700
2017-03-02,92.73999786376953,65.46271514892578,703700
2017-03-03,92.7300033569336,65.45569610595703,496300
2017-03-06,92.37000274658203,65.20155334472656,817800
2017-03-07,92.0999984741211,65.01097106933594,872600
2017-03-08,91.27999877929688,64.43216705322266,954200
2017-03-09,91.12000274658203,64.31922912597656,646500
2017-03-10,91.5199966430664,64.6015625,527700
2017-03-13,91.73999786376953,64.75688934326172,448100
2017-03-14,91.37000274658203,64.49569702148438,1470400
2017-03-15,92.5999984741211,65.3639144897461,723800
2017-03-16,92.1500015258789,65.0462646484375,620400
2017-03-17,92.33000183105469,65.17333984375,411700
2017-03-20,92.05000305175781,64.97566986083984,481200
2017-03-21,91.2300033569336,64.39688110351562,666200
2017-03-22,91.33999633789062,64.47454071044922,558800
2017-03-23,91.36000061035156,64.4886474609375,620100
2017-03-24,90.5199966430664,64.38975524902344,653600
2017-03-27,90.16999816894531,64.14080810546875,576000
2017-03-28,90.8499984741211,64.62448120117188,1108500
2017-03-29,90.94000244140625,64.68851470947266,798200
2017-03-30,91.18000030517578,64.85924530029297,528300
2017-03-31,91.0999984741211,64.80233001708984,586600
2017-04-03,90.6500015258789,64.48220825195312,839300
2017-04-04,90.80999755859375,64.59605407714844,416300
2017-04-05,90.66999816894531,64.4964599609375,796700
2017-04-06,91.12000274658203,64.81656646728516,527500
2017-04-07,90.87999725341797,64.64584350585938,817700
2017-04-10,91.1500015258789,64.83789825439453,411600
2017-04-11,91.44999694824219,65.05127716064453,560000
2017-04-12,91.20999908447266,64.88057708740234,641700
2017-04-13,90.5,64.37552642822266,652700
2017-04-17,91.08000183105469,64.7881088256836,467300
2017-04-18,91.04000091552734,64.75965881347656,651700
2017-04-19,90.9000015258789,64.6600570678711,617000
2017-04-20,91.25,64.90902709960938,602600
2017-04-21,91.16999816894531,64.85214233398438,483900
2017-04-24,92.05000305175781,65.47809600830078,549300
2017-04-25,92.66999816894531,65.91913604736328,460400
2017-04-26,92.2699966430664,65.63460540771484,634400
2017-04-27,92.22000122070312,65.59904479980469,373800
2017-04-28,91.5,65.08685302734375,1089900
2017-05-01,91.1500015258789,64.83789825439453,840700
2017-05-02,91.16999816894531,64.85214233398438,341900
2017-05-03,91.16999816894531,64.85214233398438,362100
2017-05-04,90.94000244140625,64.68851470947266,584300
2017-05-05,91.6500015258789,65.19356536865234,522300
2017-05-08,91.55999755859375,65.1295394897461,370700
2017-05-09,91.19000244140625,64.86636352539062,440500
2017-05-10,91.62000274658203,65.17222595214844,349600
2017-05-11,91.05000305175781,64.7667465209961,438000
2017-05-12,90.86000061035156,64.6316146850586,681800
2017-05-15,91.3499984741211,64.98016357421875,741800
2017-05-16,90.9000015258789,64.6600570678711,2882600
2017-05-17,90.05999755859375,64.06255340576172,1040300
2017-05-18,90.06999969482422,64.06969451904297,924200
2017-05-19,90.7300033569336,64.53913116455078,508600
2017-05-22,91.25,64.90902709960938,413300
2017-05-23,91.43000030517578,65.03707122802734,401100
2017-05-24,91.62999725341797,65.1793441772461,352300
2017-05-25,92.02999877929688,65.4638900756836,573700
2017-05-26,92.08999633789062,65.50654602050781,368700
2017-05-30,91.97000122070312,65.42119598388672,429400
2017-05-31,92.20999908447266,65.59190368652344,505200
2017-06-01,93.20999908447266,66.30323028564453,499400
2017-06-02,93.19000244140625,66.2890396118164,509300
2017-06-05,92.93000030517578,66.10404205322266,372300
2017-06-06,92.41000366210938,65.73416900634766,399600
2017-06-07,92.4800033569336,65.78395080566406,664800
2017-06-08,92.4800033569336,65.78395080566406,427900
2017-06-09,93.33999633789062,66.39569091796875,1141600
2017-06-12,93.58999633789062,66.57355499267578,769400
2017-06-13,93.95999908447266,66.83674621582031,379800
2017-06-14,93.97000122070312,66.84386444091797,1052000
2017-06-15,94.0199966430664,66.87940979003906,488700
2017-06-16,94.4000015258789,67.14972686767578,905200
2017-06-19,94.5,67.2208480834961,565000
2017-06-20,93.80999755859375,66.73002624511719,441400
2017-06-21,93.1500015258789,66.26057434082031,585600
2017-06-22,93.06999969482422,66.20365142822266,506000
2017-06-23,93.19000244140625,66.2890396118164,373100
2017-06-26,93.58999633789062,66.57355499267578,564900
2017-06-27,92.33000183105469,66.19285583496094,528600
2017-06-28,92.69000244140625,66.45096588134766,479200
2017-06-29,92.08999633789062,66.02079772949219,637200
2017-06-30,92.20999908447266,66.10682678222656,593900
2017-07-03,92.5999984741211,66.38642120361328,348700
2017-07-05,92.1500015258789,66.0638198852539,535200
2017-07-06,91.25,65.4186019897461,557500
2017-07-07,91.58000183105469,65.65518188476562,331100
2017-07-10,91.4000015258789,65.52613830566406,408300
2017-07-11,91.19999694824219,65.38275909423828,357400
2017-07-12,91.58000183105469,65.65518188476562,532200
2017-07-13,91.66000366210938,65.71255493164062,823600
2017-07-14,91.9800033569336,65.94192504882812,435900
2017-07-17,92.13999938964844,66.05664825439453,379300
2017-07-18,91.95999908447266,65.92759704589844,549700
2017-07-19,92.69000244140625,66.45096588134766,497800
2017-07-20,92.97000122070312,66.65169525146484,917100
2017-07-21,93.04000091552734,66.70189666748047,608600
2017-07-24,92.68000030517578,66.44378662109375,450800
2017-07-25,93.16999816894531,66.7950668334961,501100
2017-07-26,92.73999786376953,66.4867935180664,564600
2017-07-27,92.9800033569336,66.65884399414062,626000
2017-07-28,92.4800033569336,66.3003921508789,635700
2017-07-31,92.7699966430664,66.50831604003906,565500
2017-08-01,92.8499984741211,66.56565856933594,613100
2017-08-02,92.70999908447266,66.4653091430664,423600
2017-08-03,92.58999633789062,66.37928009033203,553200
2017-08-04,92.80000305175781,66.5298080444336,376000
2017-08-07,92.8499984741211,66.56565856933594,341100
2017-08-08,92.80000305175781,66.5298080444336,471100
2017-08-09,92.55000305175781,66.35057067871094,441600
2017-08-10,91.69000244140625,65.73405456542969,756300
2017-08-11,91.43000030517578,65.54764556884766,527500
2017-08-14,92.05000305175781,65.99213409423828,658700
2017-08-15,91.88999938964844,65.87741088867188,502600
2017-08-16,92.01000213623047,65.96345520019531,319000
2017-08-17,90.88999938964844,65.1604995727539,548400
2017-08-18,90.87999725341797,65.15332794189453,663600
2017-08-21,90.94999694824219,65.20352172851562,539600
2017-08-22,91.62999725341797,65.69102478027344,629900
2017-08-23,91.58999633789062,65.66234588623047,343100
2017-08-24,91.44000244140625,65.5548095703125,278800
2017-08-25,91.91000366210938,65.89175415039062,361600
2017-08-28,92.05999755859375,65.99930572509766,284200
2017-08-29,91.9000015258789,65.88461303710938,410000
2017-08-30,92.01000213623047,65.96345520019531,343600
2017-08-31,92.05000305175781,65.99213409423828,349600
2017-09-01,92.43000030517578,66.2645492553711,347000
2017-09-05,92.05000305175781,65.99213409423828,813700
2017-09-06,92.23999786376953,66.12835693359375,367200
2017-09-07,92.18000030517578,66.08534240722656,330600
2017-09-08,92.51000213623047,66.3219223022461,351000
2017-09-11,93.33000183105469,66.90977478027344,532600
2017-09-12,93.36000061035156,66.93128967285156,611900
2017-09-13,93.30000305175781,66.88827514648438,559600
2017-09-14,93.58999633789062,67.09617614746094,814700
2017-09-15,93.77999877929688,67.23239135742188,472700
2017-09-18,93.86000061035156,67.28973388671875,456800
2017-09-19,93.87000274658203,67.29694366455078,367600
2017-09-20,93.94000244140625,67.34710693359375,326900
2017-09-21,93.69999694824219,67.17506408691406,369900
2017-09-22,93.68000030517578,67.16070556640625,485100
2017-09-25,94.33000183105469,67.626708984375,487600
2017-09-26,93.48999786376953,67.54578399658203,409300
2017-09-27,93.44999694824219,67.51689910888672,375500
2017-09-28,93.79000091552734,67.76251983642578,438800
2017-09-29,93.6500015258789,67.661376953125,396900
2017-10-02,93.98999786376953,67.90702819824219,699100
2017-10-03,94.05000305175781,67.95037078857422,459700
2017-10-04,94.29000091552734,68.123779296875,350400
2017-10-05,94.41000366210938,68.21047973632812,500000
2017-10-06,94.04000091552734,67.9431381225586,364700
2017-10-09,94.12000274658203,68.0009536743164,352400
2017-10-10,94.70999908447266,68.42720794677734,480800
2017-10-11,94.80000305175781,68.49226379394531,322800
2017-10-12,95.08000183105469,68.6945571899414,1346700
2017-10-13,95.0199966430664,68.65118408203125,343800
2017-10-16,95.01000213623047,68.64396667480469,826200
2017-10-17,94.93000030517578,68.58616638183594,590800
2017-10-18,94.9000015258789,68.56449890136719,355700
2017-10-19,95.02999877929688,68.6584243774414,396200
2017-10-20,95.56999969482422,69.04855346679688,411500
2017-10-23,95.43000030517578,68.94742584228516,523900
2017-10-24,95.41999816894531,68.940185546875,722400
2017-10-25,94.87999725341797,68.550048828125,704100
2017-10-26,95.08999633789062,68.70175170898438,602000
2017-10-27,95.05000305175781,68.67289733886719,446400
2017-10-30,94.61000061035156,68.35497283935547,394000
2017-10-31,94.75,68.45612335205078,424500
2017-11-01,94.5999984741211,68.34773254394531,449900
2017-11-02,94.8499984741211,68.52835083007812,406000
2017-11-03,94.79000091552734,68.48503875732422,307600
2017-11-06,94.76000213623047,68.4633560180664,313800
2017-11-07,94.79000091552734,68.48503875732422,430800
2017-11-08,95.0,68.6367416381836,296800
2017-11-09,94.91000366210938,68.57172393798828,465400
2017-11-10,94.9000015258789,68.56449890136719,265100
2017-11-13,95.22000122070312,68.79570007324219,329900
2017-11-14,95.55000305175781,69.03411865234375,872400
2017-11-15,94.75,68.45612335205078,518400
2017-11-16,95.2300033569336,68.80293273925781,599500
2017-11-17,95.23999786376953,68.81015014648438,290900
2017-11-20,95.36000061035156,68.8968505859375,328100
2017-11-21,95.62000274658203,69.08470153808594,461400
2017-11-22,95.61000061035156,69.07745361328125,575800
2017-11-24,95.56999969482422,69.04855346679688,270200
2017-11-27,95.81999969482422,69.22918701171875,404900
2017-11-28,97.0,70.08172607421875,839900
2017-11-29,97.8499984741211,70.69583129882812,597200
2017-11-30,98.58999633789062,71.23049926757812,848600
2017-12-01,98.3499984741211,71.05709838867188,735800
2017-12-04,98.86000061035156,71.42557525634766,621100
2017-12-05,98.08000183105469,70.86200714111328,739700
2017-12-06,98.0199966430664,70.81867218017578,618000
2017-12-07,98.38999938964844,71.08599853515625,480200
2017-12-08,99.04000091552734,71.55559539794922,498300
2017-12-11,99.16000366210938,71.6423110961914,478200
2017-12-12,98.73999786376953,71.33885955810547,459800
2017-12-13,99.05000305175781,71.5628433227539,363300
2017-12-14,98.43000030517578,71.11489868164062,838100
2017-12-15,99.16999816894531,71.64955139160156,681300
2017-12-18,99.58000183105469,71.94576263427734,837700
2017-12-19,98.2699966430664,71.5728759765625,532400
2017-12-20,98.0999984741211,71.44904327392578,657500
2017-12-21,98.08000183105469,71.43445587158203,520900
2017-12-22,98.31999969482422,71.60926055908203,488100
2017-12-26,98.44000244140625,71.69666290283203,316200
2017-12-27,98.4800033569336,71.72581481933594,498500
2017-12-28,98.70999908447266,71.89332580566406,409000
2017-12-29,98.55999755859375,71.78406524658203,346600
2018-01-02,98.68000030517578,71.87149047851562,1056900
2018-01-03,98.80999755859375,71.96615600585938,546300
2018-01-04,98.7300033569336,71.90788269042969,760500
2018-01-05,98.94000244140625,72.06083679199219,675700
2018-01-08,99.52999877929688,72.49053955078125,1153300
2018-01-09,99.19999694824219,72.25019836425781,997000
2018-01-10,99.04000091552734,72.1336669921875,818100
2018-01-11,99.9800033569336,72.81828308105469,1776900
2018-01-12,100.37000274658203,73.10234069824219,677900
2018-01-16,99.56999969482422,72.51969146728516,902100
2018-01-17,100.30000305175781,73.0513687133789,661300
2018-01-18,99.81999969482422,72.70175170898438,1031700
2018-01-19,100.55000305175781,73.23346710205078,530800
2018-01-22,101.0199966430664,73.57575988769531,920200
2018-01-23,101.2300033569336,73.72871398925781,710300
2018-01-24,101.05000305175781,73.59761047363281,621800
2018-01-25,101.37000274658203,73.83065032958984,537400
2018-01-26,102.31999969482422,74.5225830078125,480800
2018-01-29,101.41999816894531,73.8670883178711,796700
2018-01-30,100.62000274658203,73.284423828125,755600
2018-01-31,100.66000366210938,73.31356811523438,921800
2018-02-01,100.2300033569336,73.00037384033203,861000
2018-02-02,98.5,71.7403793334961,928500
2018-02-05,95.12999725341797,69.2859115600586,2294500
2018-02-06,95.72000122070312,69.71561431884766,2441700
2018-02-07,95.62000274658203,69.64277648925781,1140500
2018-02-08,92.91999816894531,67.6762924194336,1205600
2018-02-09,94.25,68.64498901367188,1446100
2018-02-12,95.36000061035156,69.45343780517578,946000
2018-02-13,95.72000122070312,69.71561431884766,657700
2018-02-14,96.62999725341797,70.37841033935547,969900
2018-02-15,97.8499984741211,71.2669448852539,907800
2018-02-16,97.98999786376953,71.36894989013672,459100
2018-02-20,96.95999908447266,70.61873626708984,780300
2018-02-21,96.20999908447266,70.07247161865234,702900
2018-02-22,96.52999877929688,70.30557250976562,635700
2018-02-23,98.2300033569336,71.5437240600586,580100
2018-02-26,98.69000244140625,71.8787612915039,790200
2018-02-27,97.4000015258789,70.939208984375,759600
2018-02-28,96.37999725341797,70.19630432128906,1012500
2018-03-01,95.47000122070312,69.53352355957031,1057000
2018-03-02,95.9800033569336,69.90499114990234,857200
2018-03-05,97.1500015258789,70.75712585449219,694100
2018-03-06,97.06999969482422,70.69886779785156,1016600
2018-03-07,96.66999816894531,70.40752410888672,667500
2018-03-08,96.72000122070312,70.44393920898438,538100
2018-03-09,97.83000183105469,71.25237274169922,764900
2018-03-12,97.69000244140625,71.15042114257812,997100
2018-03-13,97.36000061035156,70.91007232666016,814300
2018-03-14,96.91999816894531,70.5896224975586,941800
2018-03-15,96.9000015258789,70.57501983642578,2000400
2018-03-16,97.52999877929688,71.03390502929688,461200
2018-03-19,96.54000091552734,70.3128433227539,743000
2018-03-20,96.41999816894531,70.22544860839844,387100
2018-03-21,96.44000244140625,70.2400131225586,906400
2018-03-22,94.02999877929688,69.04387664794922,1092000
2018-03-23,92.48999786376953,67.9131088256836,1106600
2018-03-26,94.2300033569336,69.19075012207031,982300
2018-03-27,94.13999938964844,69.1246566772461,814600
2018-03-28,94.13999938964844,69.1246566772461,1006500
2018-03-29,95.12000274658203,69.84423828125,848600
2018-04-02,93.47000122070312,68.63269805908203,925800
2018-04-03,94.56999969482422,69.44038391113281,808300
2018-04-04,95.41999816894531,70.06449890136719,672800
2018-04-05,96.23999786376953,70.66663360595703,541900
2018-04-06,94.69999694824219,69.53585052490234,795200
2018-04-09,94.80000305175781,69.6092758178711,538300
2018-04-10,95.72000122070312,70.28479766845703,813200
2018-04-11,95.51000213623047,70.13059997558594,454600
2018-04-12,95.33000183105469,69.99844360351562,675100
2018-04-13,95.58000183105469,70.1820068359375,456500
2018-04-16,96.63999938964844,70.96034240722656,1091900
2018-04-17,97.27999877929688,71.43025970458984,428300
2018-04-18,97.13999938964844,71.32747650146484,657700
2018-04-19,96.44999694824219,70.82081604003906,410300
2018-04-20,95.87999725341797,70.40229797363281,496200
2018-04-23,96.19999694824219,70.63726043701172,458500
2018-04-24,95.9000015258789,70.41698455810547,668000
2018-04-25,96.0999984741211,70.5638427734375,333400
2018-04-26,96.7699966430664,71.0558090209961,332000
2018-04-27,97.0,71.22467803955078,324100
2018-04-30,96.31999969482422,70.72538757324219,506200
2018-05-01,95.87999725341797,70.40229797363281,1122300
2018-05-02,95.62999725341797,70.2187271118164,336100
2018-05-03,95.56999969482422,70.1746597290039,372700
2018-05-04,96.48999786376953,70.85016632080078,455000
2018-05-07,96.31999969482422,70.72538757324219,360000
2018-05-08,95.66000366210938,70.24078369140625,673600
2018-05-09,96.08999633789062,70.55647277832031,418900
2018-05-10,96.97000122070312,71.20265197753906,594300
2018-05-11,97.12999725341797,71.32012939453125,370700
2018-05-14,97.25,71.40824890136719,674500
2018-05-15,96.94000244140625,71.18061828613281,737300
2018-05-16,97.30999755859375,71.45231628417969,310000
2018-05-17,97.4000015258789,71.51837921142578,240500
2018-05-18,97.19000244140625,71.36419677734375,398500
2018-05-21,97.83999633789062,71.84147644042969,437300
2018-05-22,97.58999633789062,71.65791320800781,350400
2018-05-23,97.72000122070312,71.75334167480469,293500
2018-05-24,97.95999908447266,71.92957305908203,372100
2018-05-25,97.62000274658203,71.6799087524414,414200
2018-05-29,97.0999984741211,71.29810333251953,669800
2018-05-30,98.36000061035156,72.22330474853516,778900
2018-05-31,97.66000366210938,71.70929718017578,736200
2018-06-01,97.73999786376953,71.76803588867188,484600
2018-06-04,97.88999938964844,71.87816619873047,271900
2018-06-05,98.08999633789062,72.02501678466797,340800
2018-06-06,97.95999908447266,71.92957305908203,713800
2018-06-07,98.36000061035156,72.22330474853516,732100
2018-06-08,98.62999725341797,72.4215316772461,759000
2018-06-11,98.73999786376953,72.5023193359375,854800
2018-06-12,99.0,72.69320678710938,610900
2018-06-13,98.25,72.14250946044922,409300
2018-06-14,98.4800033569336,72.31141662597656,244600
2018-06-15,98.52999877929688,72.34810638427734,444800
2018-06-18,98.62999725341797,72.4215316772461,1455800
2018-06-19,98.7300033569336,72.49496459960938,324500
2018-06-20,98.80000305175781,72.54638671875,335400
2018-06-21,98.29000091552734,72.17189025878906,325400
2018-06-22,98.58999633789062,72.39218139648438,360700
2018-06-25,98.45999908447266,72.29669952392578,415700
2018-06-26,97.79000091552734,72.39443969726562,653900
2018-06-27,97.54000091552734,72.20935821533203,531500
2018-06-28,97.79000091552734,72.39443969726562,433600
2018-06-29,97.73999786376953,72.35741424560547,475400
2018-07-02,97.69000244140625,72.32038116455078,1094800
2018-07-03,97.98999786376953,72.54251098632812,627800
2018-07-05,98.63999938964844,73.02369689941406,234200
2018-07-06,99.26000213623047,73.4826889038086,426300
2018-07-09,99.01000213623047,73.29762268066406,1083300
2018-07-10,99.51000213623047,73.66776275634766,249000
2018-07-11,98.87999725341797,73.20136260986328,554500
2018-07-12,98.93000030517578,73.2383804321289,273700
2018-07-13,98.91999816894531,73.23099517822266,488500
2018-07-16,98.56999969482422,72.97187805175781,645000
2018-07-17,98.68000030517578,73.05330657958984,888700
2018-07-18,98.66000366210938,73.03852081298828,680500
2018-07-19,98.88999938964844,73.20877838134766,1879600
2018-07-20,98.38999938964844,72.838623046875,574300
2018-07-23,98.25,72.73497772216797,318600
2018-07-24,98.47000122070312,72.89784240722656,337600
2018-07-25,98.76000213623047,73.1125259399414,366200
2018-07-26,99.31999969482422,73.527099609375,549300
2018-07-27,99.02999877929688,73.31243133544922,257500
2018-07-30,99.1500015258789,73.40127563476562,382700
2018-07-31,99.95999908447266,74.0008773803711,440100
2018-08-01,99.05000305175781,73.32722473144531,553600
2018-08-02,99.41000366210938,73.59373474121094,412400
2018-08-03,100.0199966430664,74.04533386230469,303300
2018-08-06,100.05999755859375,74.07491302490234,260500
2018-08-07,100.19000244140625,74.17119598388672,242700
2018-08-08,99.98999786376953,74.02310943603516,538600
2018-08-09,100.16000366210938,74.14897155761719,317000
2018-08-10,99.76000213623047,73.85282897949219,238900
2018-08-13,99.55000305175781,73.69738006591797,305900
2018-08-14,100.48999786376953,74.39326477050781,706500
2018-08-15,99.77999877929688,73.8676528930664,527000
2018-08-16,100.81999969482422,74.6375732421875,341800
2018-08-17,101.4000015258789,75.06694030761719,315800
2018-08-20,101.88999938964844,75.42969512939453,291900
2018-08-21,101.87000274658203,75.4148941040039,372400
2018-08-22,101.31999969482422,75.0077133178711,315900
2018-08-23,101.1500015258789,74.88186645507812,396900
2018-08-24,101.41999816894531,75.08174133300781,241800
2018-08-27,101.56999969482422,75.19280242919922,288400
2018-08-28,101.41000366210938,75.07435607910156,353700
2018-08-29,101.56999969482422,75.19280242919922,314600
2018-08-30,101.18000030517578,74.9040756225586,242600
2018-08-31,101.01000213623047,74.7782211303711,185100
2018-09-04,101.05999755859375,74.81523132324219,342500
2018-09-05,101.70999908447266,75.29642486572266,337600
2018-09-06,101.72000122070312,75.30382537841797,390500
2018-09-07,101.29000091552734,74.9854965209961,236700
2018-09-10,101.66999816894531,75.26683044433594,324900
2018-09-11,101.5999984741211,75.21500396728516,276100
2018-09-12,101.93000030517578,75.45931243896484,571300
2018-09-13,102.08000183105469,75.57035827636719,535400
2018-09-14,102.19000244140625,75.65176391601562,940700
2018-09-17,102.12999725341797,75.60735321044922,292600
2018-09-18,102.31999969482422,75.7480239868164,354500
2018-09-19,101.62000274658203,75.22981262207031,339600
2018-09-20,101.9800033569336,75.4963150024414,434100
2018-09-21,102.2300033569336,75.681396484375,235100
2018-09-24,101.41000366210938,75.07435607910156,473100
2018-09-25,100.66000366210938,74.51912689208984,522700
2018-09-26,99.27999877929688,74.13009643554688,445700
2018-09-27,99.31999969482422,74.15995025634766,451800
2018-09-28,99.76000213623047,74.48848724365234,466900
2018-10-01,100.01000213623047,74.67518615722656,421400
2018-10-02,100.30000305175781,74.8917236328125,349200
2018-10-03,100.0999984741211,74.74236297607422,430500
2018-10-04,100.11000061035156,74.74983978271484,409500
2018-10-05,100.23999786376953,74.84691619873047,457300
2018-10-08,100.6500015258789,75.15303802490234,417300
2018-10-09,100.19999694824219,74.81705474853516,422700
2018-10-10,98.43000030517578,73.49542236328125,809900
2018-10-11,96.0,71.68099975585938,1386000
2018-10-12,96.37000274658203,71.95726776123047,905200
2018-10-15,96.33999633789062,71.93488311767578,1096700
2018-10-16,97.66999816894531,72.92793273925781,447700
2018-10-17,97.37000274658203,72.70394897460938,389000
2018-10-18,97.05000305175781,72.46499633789062,521200
2018-10-19,97.51000213623047,72.80847930908203,354400
2018-10-22,96.75,72.24100494384766,879400
2018-10-23,96.29000091552734,71.89752197265625,602300
2018-10-24,95.0999984741211,71.00898742675781,567400
2018-10-25,95.62999725341797,71.40472412109375,540900
2018-10-26,94.08999633789062,70.2548599243164,1100700
2018-10-29,94.75,70.74764251708984,870100
2018-10-30,96.0199966430664,71.69593048095703,1331300
2018-10-31,95.87000274658203,71.58393096923828,692900
2018-11-01,96.38999938964844,71.97219848632812,686300
2018-11-02,96.25,71.8676528930664,590300
2018-11-05,97.33000183105469,72.67407989501953,624200
2018-11-06,98.08000183105469,73.23406982421875,408900
2018-11-07,99.1500015258789,74.03305053710938,660800
2018-11-08,98.9000015258789,73.84635925292969,579000
2018-11-09,98.20999908447266,73.33116149902344,668300
2018-11-12,97.56999969482422,72.853271484375,613000
2018-11-13,97.29000091552734,72.64421081542969,755200
2018-11-14,96.6500015258789,72.16635131835938,976600
2018-11-15,96.8499984741211,72.31566619873047,969700
2018-11-16,97.43000030517578,72.74874114990234,655700
2018-11-19,97.20999908447266,72.58447265625,985700
2018-11-20,95.5,71.3076400756836,1067400
2018-11-21,95.3499984741211,71.19564819335938,750100
2018-11-23,94.75,70.74764251708984,270900
2018-11-26,95.95999908447266,71.65113067626953,758700
2018-11-27,96.4000015258789,71.97966766357422,680100
2018-11-28,97.26000213623047,72.62181854248047,1000600
2018-11-29,97.18000030517578,72.56207275390625,693100
2018-11-30,97.8499984741211,73.06233978271484,612800
2018-12-03,98.80999755859375,73.77915954589844,1153700
2018-12-04,96.8499984741211,72.31566619873047,1237800
2018-12-06,96.26000213623047,71.87513732910156,1796600
2018-12-07,95.41000366210938,71.240478515625,1189700
2018-12-10,95.12999725341797,71.03137969970703,1459000
2018-12-11,95.27999877929688,71.14337158203125,3193600
2018-12-12,95.6500015258789,71.41966247558594,1382500
2018-12-13,95.5,71.3076400756836,1683700
2018-12-14,94.62999725341797,70.65805053710938,1628300
2018-12-17,91.58999633789062,68.93816375732422,2060100
2018-12-18,91.02999877929688,68.51667022705078,2180100
2018-12-19,90.08999633789062,67.80914306640625,2470500
2018-12-20,89.19999694824219,67.1392593383789,3426000
2018-12-21,88.13999938964844,66.34140014648438,3756000
2018-12-24,85.19999694824219,64.12853240966797,1448400
2018-12-26,88.19999694824219,66.38658905029297,4016200
2018-12-27,88.80000305175781,66.83818054199219,4295200
2018-12-28,88.69999694824219,66.76290130615234,3118800
2018-12-31,89.30999755859375,67.22205352783203,2725000
2019-01-02,89.01000213623047,66.99624633789062,1199700
2019-01-03,88.19999694824219,66.38658905029297,1032200
2019-01-04,90.31999969482422,67.98226165771484,1628100
2019-01-07,90.8499984741211,68.38118743896484,1961800
2019-01-08,91.79000091552734,69.08869171142578,885900
2019-01-09,91.94000244140625,69.20159912109375,723500
2019-01-10,92.44999694824219,69.58546447753906,991800
2019-01-11,92.38999938964844,69.5403060913086,2411700
2019-01-14,91.58000183105469,68.93064880371094,2000200
2019-01-15,92.1500015258789,69.35967254638672,1340000
2019-01-16,92.1500015258789,69.35967254638672,717400
2019-01-17,92.91000366210938,69.93169403076172,1197500
2019-01-18,93.87000274658203,70.6542739868164,1606300
2019-01-22,92.97000122070312,69.97685241699219,3330400
2019-01-23,93.30999755859375,70.2327651977539,840100
2019-01-24,93.26000213623047,70.19513702392578,910200
2019-01-25,93.56999969482422,70.428466796875,1024400
2019-01-28,93.23999786376953,70.18008422851562,2588700
2019-01-29,93.56999969482422,70.428466796875,1294600
2019-01-30,94.16999816894531,70.88006591796875,803000
2019-01-31,95.38999938964844,71.79834747314453,1202300
2019-02-01,95.4000015258789,71.80587768554688,715000
2019-02-04,95.58999633789062,71.94889831542969,1098100
2019-02-05,95.80000305175781,72.10694122314453,584400
2019-02-06,95.63999938964844,71.98653411865234,766300
2019-02-07,95.47000122070312,71.85857391357422,541100
2019-02-08,95.6500015258789,71.99405670166016,622600
2019-02-11,95.63999938964844,71.98653411865234,668000
2019-02-12,96.52999877929688,72.65641784667969,625200
2019-02-13,96.83000183105469,72.88224029541016,385500
2019-02-14,96.37999725341797,72.54351806640625,1133500
2019-02-15,97.04000091552734,73.04029083251953,523100
2019-02-19,97.55000305175781,73.42416381835938,920100
2019-02-20,98.16000366210938,73.88329315185547,527500
2019-02-21,97.98999786376953,73.75535583496094,510900
2019-02-22,98.55999755859375,74.1843490600586,298100
2019-02-25,98.30999755859375,73.99620056152344,407600
2019-02-26,98.11000061035156,73.84566497802734,435900
2019-02-27,98.29000091552734,73.98113250732422,439000
2019-02-28,98.1500015258789,73.87576293945312,277700
2019-03-01,98.56999969482422,74.19189453125,523400
2019-03-04,98.29000091552734,73.98113250732422,592400
2019-03-05,98.23999786376953,73.94348907470703,453300
2019-03-06,97.81999969482422,73.62737274169922,438500
2019-03-07,97.4000015258789,73.31124114990234,635600
2019-03-08,97.27999877929688,73.2209243774414,562700
2019-03-11,98.38999938964844,74.05640411376953,454200
2019-03-12,98.72000122070312,74.30479431152344,697900
2019-03-13,99.01000213623047,74.52305603027344,529700
2019-03-14,98.83999633789062,74.39510345458984,1057600
2019-03-15,99.18000030517578,74.6510238647461,1084300
2019-03-18,99.70999908447266,75.04993438720703,381000
2019-03-19,99.05999755859375,74.56069946289062,1954300
2019-03-20,97.38999938964844,73.95397186279297,1745100
2019-03-21,98.5,74.796875,578000
2019-03-22,97.08000183105469,73.71858215332031,1016200
2019-03-25,97.06999969482422,73.71099090576172,821800
2019-03-26,98.16000366210938,74.5386962890625,703300
2019-03-27,97.79000091552734,74.25772094726562,677200
2019-03-28,97.81999969482422,74.2804946899414,779000
2019-03-29,98.18000030517578,74.55386352539062,570400
2019-04-01,99.27999877929688,75.38916778564453,837000
2019-04-02,99.05000305175781,75.21452331542969,504800
2019-04-03,99.18000030517578,75.31321716308594,473400
2019-04-04,99.55999755859375,75.60179901123047,468000
2019-04-05,100.22000122070312,76.10297393798828,667500
2019-04-08,100.0999984741211,76.0118408203125,429000
2019-04-09,99.3499984741211,75.44232940673828,571700
2019-04-10,99.6500015258789,75.67012023925781,622300
2019-04-11,99.98999786376953,75.92830657958984,397200
2019-04-12,100.56999969482422,76.36872863769531,584800
2019-04-15,100.16999816894531,76.06497955322266,644100
2019-04-16,100.5,76.31556701660156,460300
2019-04-17,100.41000366210938,76.24723815917969,346900
2019-04-18,100.27999877929688,76.14852905273438,249800
2019-04-22,100.05999755859375,75.98145294189453,306000
2019-04-23,100.72000122070312,76.48262786865234,594600
2019-04-24,100.43000030517578,76.2624282836914,270200
2019-04-25,100.08000183105469,75.99665069580078,448700
2019-04-26,100.63999938964844,76.42189025878906,284000
2019-04-29,100.5999984741211,76.39152526855469,392500
2019-04-30,101.05999755859375,76.74081420898438,289300
2019-05-01,100.0,75.93590545654297,438100
2019-05-02,99.91000366210938,75.86756134033203,399800
2019-05-03,100.95999908447266,76.6648941040039,312100
2019-05-06,100.43000030517578,76.2624282836914,321400
2019-05-07,99.41999816894531,75.49547576904297,457200
2019-05-08,98.77999877929688,75.00947570800781,645300
2019-05-09,98.33000183105469,74.66780090332031,441600
2019-05-10,99.13999938964844,75.28282928466797,298400
2019-05-13,97.44000244140625,73.99195098876953,392900
2019-05-14,98.06999969482422,74.47034454345703,348200
2019-05-15,98.20999908447266,74.57665252685547,420000
2019-05-16,98.62000274658203,74.88799285888672,370800
2019-05-17,98.16000366210938,74.5386962890625,222500
2019-05-20,97.69000244140625,74.18177795410156,257700
2019-05-21,98.37000274658203,74.69815826416016,856800
2019-05-22,97.73999786376953,74.21974182128906,277400
2019-05-23,96.93000030517578,73.60465240478516,597700
2019-05-24,97.08000183105469,73.71858215332031,278900
2019-05-28,95.48999786376953,72.51119232177734,346500
2019-05-29,94.9000015258789,72.06317138671875,353900
2019-05-30,94.83999633789062,72.01760864257812,652500
2019-05-31,93.61000061035156,71.0835952758789,470700
2019-06-03,94.95999908447266,72.10871887207031,1159100
2019-06-04,96.7300033569336,73.45281219482422,910800
2019-06-05,97.12999725341797,73.75653076171875,307900
2019-06-06,97.63999938964844,74.1438217163086,581600
2019-06-07,97.6500015258789,74.1513900756836,231800
2019-06-10,97.62999725341797,74.13622283935547,320400
2019-06-11,97.83000183105469,74.28807830810547,229100
2019-06-12,97.9000015258789,74.34124755859375,249300
2019-06-13,98.52999877929688,74.81963348388672,546200
2019-06-14,98.4800033569336,74.78168487548828,691100
2019-06-17,97.27999877929688,74.53801727294922,350400
2019-06-18,97.97000122070312,75.06668853759766,794200
2019-06-19,98.18000030517578,75.2276382446289,354500
2019-06-20,99.04000091552734,75.88654327392578,566400
2019-06-21,99.38999938964844,76.1547622680664,372400
2019-06-24,98.9000015258789,75.77928924560547,467900
2019-06-25,98.41000366210938,75.40384674072266,310100
2019-06-26,98.08000183105469,75.1510009765625,331700
2019-06-27,98.6500015258789,75.58773803710938,426000
2019-06-28,99.55999755859375,76.28498840332031,531600
2019-07-01,99.73999786376953,76.42292785644531,313200
2019-07-02,99.81999969482422,76.48422241210938,364000
2019-07-03,100.62000274658203,77.09722137451172,257000
2019-07-05,100.70999908447266,77.16613006591797,414600
2019-07-08,100.41000366210938,76.93629455566406,304200
2019-07-09,100.23999786376953,76.80603790283203,391400
2019-07-10,100.37000274658203,76.90564727783203,457000
2019-07-11,100.44999694824219,76.9669418334961,481600
2019-07-12,101.13999938964844,77.49561309814453,319000
2019-07-15,101.0199966430664,77.4036636352539,856900
2019-07-16,100.86000061035156,77.28107452392578,387900
2019-07-17,100.2300033569336,76.79840850830078,267800
2019-07-18,100.68000030517578,77.1431655883789,336700
2019-07-19,100.31999969482422,76.86731719970703,227800
2019-07-22,100.02999877929688,76.64512634277344,331900
2019-07-23,100.58999633789062,77.07421875,227000
2019-07-24,101.37999725341797,77.67951965332031,218800
2019-07-25,100.87999725341797,77.2964096069336,272900
2019-07-26,101.2699966430664,77.59524536132812,208600
2019-07-29,101.13999938964844,77.49561309814453,206800
2019-07-30,101.06999969482422,77.4419937133789,437100
2019-07-31,100.27999877929688,76.8366928100586,372000
2019-08-01,99.25,76.0474624633789,404500
2019-08-02,98.76000213623047,75.67202758789062,286900
2019-08-05,96.43000030517578,73.88670349121094,649100
2019-08-06,97.20999908447266,74.48438262939453,344000
2019-08-07,97.02999877929688,74.34644317626953,1074700
2019-08-08,98.55000305175781,75.51112365722656,335700
2019-08-09,97.66000366210938,74.82917785644531,229500
2019-08-12,96.52999877929688,73.96334838867188,322900
2019-08-13,97.69000244140625,74.85215759277344,435900
2019-08-14,95.0999984741211,72.86766815185547,771500
2019-08-15,95.26000213623047,72.9902572631836,434400
2019-08-16,96.69000244140625,74.08595275878906,391800
2019-08-19,97.76000213623047,74.90580749511719,522400
2019-08-20,96.87999725341797,74.23152160644531,302900
2019-08-21,97.80999755859375,74.94410705566406,336200
2019-08-22,98.06999969482422,75.14332580566406,263200
2019-08-23,95.7699966430664,73.38102722167969,543800
2019-08-26,96.48999786376953,73.93269348144531,718900
2019-08-27,95.75,73.3656997680664,564300
2019-08-28,96.62000274658203,74.03230285644531,333200
2019-08-29,97.66000366210938,74.82917785644531,270000
2019-08-30,97.94999694824219,75.0513916015625,365100
2019-09-03,97.7300033569336,74.88282012939453,988400
2019-09-04,98.83999633789062,75.73332214355469,297200
2019-09-05,99.66999816894531,76.3692855834961,291700
2019-09-06,99.86000061035156,76.514892578125,335800
2019-09-09,100.87000274658203,77.28875732421875,389700
2019-09-10,101.87000274658203,78.05497741699219,410800
2019-09-11,103.22000122070312,79.08937072753906,482000
2019-09-12,103.22000122070312,79.08937072753906,638600
2019-09-13,103.05000305175781,78.95912170410156,1649700
2019-09-16,102.93000030517578,78.86717224121094,311600
2019-09-17,102.83000183105469,78.79053497314453,482100
2019-09-18,102.80000305175781,78.76756286621094,314000
2019-09-19,102.33000183105469,78.4074478149414,279700
2019-09-20,102.04000091552734,78.18522644042969,314200
2019-09-23,102.37000274658203,78.43809509277344,377400
2019-09-24,101.06999969482422,78.1720199584961,423000
2019-09-25,101.61000061035156,78.58967590332031,355300
2019-09-26,101.72000122070312,78.67475891113281,388300
2019-09-27,101.66000366210938,78.62837219238281,360000
2019-09-30,101.94999694824219,78.85264587402344,686300
2019-10-01,100.66999816894531,77.86263275146484,682200
2019-10-02,98.73999786376953,76.36988067626953,879000
2019-10-03,99.20999908447266,76.73340606689453,386500
2019-10-04,100.41000366210938,77.66156005859375,1246000
2019-10-07,99.88999938964844,77.2593765258789,356700
2019-10-08,98.25,75.99090576171875,334100
2019-10-09,99.01000213623047,76.57872772216797,272700
2019-10-10,99.76000213623047,77.15879821777344,324500
2019-10-11,100.80000305175781,77.96319580078125,450100
2019-10-14,100.41999816894531,77.66926574707031,298100
2019-10-15,101.0,78.11788177490234,267600
2019-10-16,100.93000030517578,78.06373596191406,225500
2019-10-17,101.18000030517578,78.2571029663086,256500
2019-10-18,101.41000366210938,78.43499755859375,333400
2019-10-21,102.05999755859375,78.93773651123047,451400
2019-10-22,102.41000366210938,79.20843505859375,1058600
2019-10-23,102.83000183105469,79.53327941894531,406800
2019-10-24,102.52999877929688,79.3012466430664,291900
2019-10-25,102.70999908447266,79.4404525756836,268300
2019-10-28,102.80999755859375,79.51781463623047,227900
2019-10-29,102.94999694824219,79.6260986328125,364900
2019-10-30,102.83999633789062,79.541015625,310000
2019-10-31,102.08999633789062,78.96092224121094,2143200
2019-11-01,103.27999877929688,79.88133239746094,444100
2019-11-04,103.91000366210938,80.36861419677734,929100
2019-11-05,103.94999694824219,80.3995361328125,631400
2019-11-06,103.5999984741211,80.12883758544922,343300
2019-11-07,103.9000015258789,80.3608627319336,436300
2019-11-08,104.16000366210938,80.56197357177734,317400
2019-11-11,103.5999984741211,80.12883758544922,292100
2019-11-12,103.62000274658203,80.1443099975586,287200
2019-11-13,103.4800033569336,80.03601837158203,344600
2019-11-14,103.54000091552734,80.08244323730469,1142400
2019-11-15,103.95999908447266,80.40726470947266,375700
2019-11-18,103.8499984741211,80.32220458984375,337600
2019-11-19,103.08999633789062,79.734375,457000
2019-11-20,103.01000213623047,79.6725082397461,459900
2019-11-21,102.95999908447266,79.63381958007812,319200
2019-11-22,103.31999969482422,79.91226196289062,304700
2019-11-25,103.75,80.24485778808594,354900
2019-11-26,103.6500015258789,80.16749572753906,927600
2019-11-27,104.16999816894531,80.5697021484375,397000
2019-11-29,103.73999786376953,80.23714447021484,222700
2019-12-02,103.19000244140625,79.81171417236328,529100
2019-12-03,102.41999816894531,79.2161636352539,654600
2019-12-04,102.98999786376953,79.65701293945312,493900
2019-12-05,103.16000366210938,79.78852844238281,564600
2019-12-06,103.87000274658203,80.33767700195312,507600
2019-12-09,103.62000274658203,80.1443099975586,491500
2019-12-10,103.5999984741211,80.12883758544922,1087400
2019-12-11,103.7699966430664,80.26032257080078,611100
2019-12-12,104.80999755859375,81.06468963623047,1093500
2019-12-13,104.66999816894531,80.9564208984375,694000
2019-12-16,104.61000061035156,81.60466766357422,893800
2019-12-17,104.87000274658203,81.80750274658203,564100
2019-12-18,105.13999938964844,82.01811218261719,558100
2019-12-19,105.13999938964844,82.01811218261719,456500
2019-12-20,105.76000213623047,82.50177001953125,2190600
2019-12-23,105.56999969482422,82.35355377197266,576100
2019-12-24,105.44999694824219,82.25993347167969,171100
2019-12-26,105.62999725341797,82.40034484863281,254400
2019-12-27,105.55000305175781,82.33796691894531,360000
2019-12-30,105.23999786376953,82.09614562988281,468600
2019-12-31,105.66000366210938,82.42378997802734,448400
2020-01-02,105.33999633789062,82.17413330078125,586600
2020-01-03,104.66999816894531,81.65148162841797,571800
2020-01-06,104.66000366210938,81.64368438720703,736900
2020-01-07,104.52999877929688,81.54226684570312,364900
2020-01-08,104.72000122070312,81.69047546386719,679000
2020-01-09,105.16999816894531,82.04150390625,457400
2020-01-10,104.97000122070312,81.88551330566406,606700
2020-01-13,105.66999816894531,82.43154907226562,765100
2020-01-14,105.87999725341797,82.59539031982422,550700
2020-01-15,105.97000122070312,82.66559600830078,751700
2020-01-16,106.87999725341797,83.3754653930664,606200
2020-01-17,107.30000305175781,83.70310974121094,449100
2020-01-21,106.87999725341797,83.3754653930664,713200
2020-01-22,106.91999816894531,83.40666198730469,342500
2020-01-23,107.20999908447266,83.63289642333984,487000
2020-01-24,106.36000061035156,82.9698257446289,560700
2020-01-27,104.83999633789062,81.78409576416016,736000
2020-01-28,105.62999725341797,82.40034484863281,620200
2020-01-29,105.16000366210938,82.03372192382812,560800
2020-01-30,105.41000366210938,82.22875213623047,542600
2020-01-31,103.76000213623047,80.94160461425781,816800
2020-02-03,104.19999694824219,81.28484344482422,657900
2020-02-04,104.91999816894531,81.84650421142578,495200
2020-02-05,106.3499984741211,82.96202087402344,505700
2020-02-06,106.16000366210938,82.81381225585938,352300
2020-02-07,105.41000366210938,82.22875213623047,534300
2020-02-10,105.7699966430664,82.50957489013672,445500
2020-02-11,106.33999633789062,82.9542236328125,350500
2020-02-12,106.7300033569336,83.25846862792969,450200
2020-02-13,106.41000366210938,83.00881958007812,640600
2020-02-14,106.16000366210938,82.81381225585938,418000
2020-02-18,105.81999969482422,82.54857635498047,371400
2020-02-19,105.91999816894531,82.62657928466797,284200
2020-02-20,106.2300033569336,82.86842346191406,405100
2020-02-21,105.5,82.29894256591797,684200
2020-02-24,102.69000244140625,80.1069107055664,1047600
2020-02-25,99.26000213623047,77.43121337890625,1243900
2020-02-26,98.12999725341797,76.54972076416016,987200
2020-02-27,93.7699966430664,73.14854431152344,1778500
2020-02-28,92.16000366210938,71.89262390136719,3457500
2020-03-02,96.37000274658203,75.17677307128906,1359400
2020-03-03,94.05000305175781,73.36697387695312,1742000
2020-03-04,97.70999908447266,76.22207641601562,816900
2020-03-05,94.62000274658203,73.81163024902344,895000
2020-03-06,92.79000091552734,72.38408660888672,1275900
2020-03-09,84.44999694824219,65.87818145751953,2005700
2020-03-10,87.58000183105469,68.31982421875,2937400
2020-03-11,82.66999816894531,64.4896011352539,1769000
2020-03-12,73.94999694824219,57.6872673034668,3426800
2020-03-13,80.13999938964844,62.51600646972656,2110300
2020-03-16,71.25,55.58103561401367,3630500
2020-03-17,76.16000366210938,59.411277770996094,2610300
2020-03-18,71.0,55.38602066040039,2576400
2020-03-19,70.5999984741211,55.07399368286133,2243100
2020-03-20,66.38999938964844,51.78982925415039,1949800
2020-03-23,62.66999816894531,48.887916564941406,2961900
2020-03-24,69.5199966430664,54.231502532958984,1990100
2020-03-25,70.1500015258789,55.47867202758789,1728600
2020-03-26,74.97000122070312,59.29060363769531,2421100
2020-03-27,73.54000091552734,58.15967559814453,2860400
2020-03-30,75.3499984741211,59.59113693237305,1465700
2020-03-31,73.54000091552734,58.15967559814453,1535600
2020-04-01,69.69999694824219,55.12279510498047,1309100
2020-04-02,71.04000091552734,56.18255615234375,1296300
2020-04-03,69.37000274658203,54.86180877685547,1244300
2020-04-06,74.30000305175781,58.760738372802734,1392700
2020-04-07,75.0199966430664,59.33015441894531,1277000
2020-04-08,78.41999816894531,62.019065856933594,1682200
2020-04-09,81.16000366210938,64.18601989746094,1762500
2020-04-13,79.16000366210938,62.60431671142578,1814800
2020-04-14,80.80000305175781,63.90130615234375,1065100
2020-04-15,77.58999633789062,61.362667083740234,2008300
2020-04-16,77.0199966430664,60.911865234375,1181700
2020-04-17,80.19999694824219,63.426815032958984,1210900
2020-04-20,77.91999816894531,61.6236457824707,1316500
2020-04-21,76.08000183105469,60.168460845947266,963700
2020-04-22,77.16999816894531,61.030494689941406,943900
2020-04-23,76.94999694824219,60.85651397705078,1074700
2020-04-24,77.83999633789062,61.56037902832031,957800
2020-04-27,79.88999938964844,63.181636810302734,1160700
2020-04-28,81.25,64.25720977783203,1033200
2020-04-29,82.91999816894531,65.57792663574219,900800
2020-04-30,80.63999938964844,63.7747917175293,875200
2020-05-01,77.91999816894531,61.6236457824707,714100
2020-05-04,77.94999694824219,61.64734649658203,1192900
2020-05-05,77.94000244140625,61.63946533203125,691600
2020-05-06,76.1500015258789,60.22382736206055,933800
2020-05-07,76.79000091552734,60.7299690246582,1051200
2020-05-08,79.36000061035156,62.762481689453125,745000
2020-05-11,78.37000274658203,61.97953796386719,894200
2020-05-12,76.76000213623047,60.70623016357422,707900
2020-05-13,74.68000030517578,59.06127166748047,1603200
2020-05-14,75.61000061035156,59.79676055908203,1206800
2020-05-15,75.06999969482422,59.36969757080078,786800
2020-05-18,78.91000366210938,62.4066047668457,1417600
2020-05-19,77.4800033569336,61.27567672729492,898100
2020-05-20,78.9000015258789,62.398681640625,593300
2020-05-21,78.55000305175781,62.121891021728516,624700
2020-05-22,78.62999725341797,62.185150146484375,622900
2020-05-26,80.91999816894531,63.99620056152344,847100
2020-05-27,82.88999938964844,65.55418395996094,726900
2020-05-28,82.62000274658203,65.3406982421875,790700
2020-05-29,82.55000305175781,65.28532409667969,762800
2020-06-01,83.0999984741211,65.72029113769531,605000
2020-06-02,84.22000122070312,66.6060562133789,603900
2020-06-03,86.27999877929688,68.23521423339844,1120500
2020-06-04,86.6500015258789,68.5278091430664,599900
2020-06-05,89.31999969482422,70.63944244384766,966100
2020-06-08,91.69000244140625,72.51375579833984,975100
2020-06-09,89.55000305175781,70.82131958007812,629000
2020-06-10,87.5,69.20005798339844,862600
2020-06-11,81.87000274658203,64.74752044677734,1220400
2020-06-12,82.8499984741211,65.52256774902344,1108100
2020-06-15,82.73999786376953,66.0735855102539,1132500
2020-06-16,84.2699966430664,67.29539489746094,1149500
2020-06-17,83.20999908447266,66.44892120361328,652900
2020-06-18,83.16000366210938,66.40900421142578,610900
2020-06-19,82.27999877929688,65.70624542236328,1090700
2020-06-22,82.27999877929688,65.70624542236328,770900
2020-06-23,82.1500015258789,65.60243225097656,738100
2020-06-24,79.30999755859375,63.33451461791992,1167600
2020-06-25,80.05999755859375,63.93341827392578,826900
2020-06-26,77.7699966430664,62.104698181152344,1300200
2020-06-29,79.62999725341797,63.59003829956055,534900
2020-06-30,80.72000122070312,64.46046447753906,761300
2020-07-01,80.04000091552734,63.917457580566406,588000
2020-07-02,80.44000244140625,64.23687744140625,780500
2020-07-06,80.94000244140625,64.63616180419922,639700
2020-07-07,79.61000061035156,63.574066162109375,756000
2020-07-08,79.56999969482422,63.54214096069336,749400
2020-07-09,77.43000030517578,61.83318328857422,770600
2020-07-10,79.94000244140625,63.83761215209961,863400
2020-07-13,80.2699966430664,64.10110473632812,991300
2020-07-14,81.05999755859375,64.73197937011719,1133300
2020-07-15,82.76000213623047,66.08956146240234,1007400
2020-07-16,83.19999694824219,66.44092559814453,682900
2020-07-17,83.0,66.28121948242188,582100
2020-07-20,81.63999938964844,65.19517517089844,758100
2020-07-21,83.30999755859375,66.52877807617188,751600
2020-07-22,83.83000183105469,66.94403076171875,588300
2020-07-23,84.33000183105469,67.34331512451172,931100
2020-07-24,83.80000305175781,66.92005920410156,650800
2020-07-27,83.47000122070312,66.65654754638672,545500
2020-07-28,83.20999908447266,66.44892120361328,496100
2020-07-29,84.4000015258789,67.39920806884766,594600
2020-07-30,83.30999755859375,66.52877807617188,607400
2020-07-31,83.08000183105469,66.34510040283203,541400
2020-08-03,82.9800033569336,66.26525115966797,763300
2020-08-04,83.33999633789062,66.55272674560547,659100
2020-08-05,83.7300033569336,66.86416625976562,675200
2020-08-06,83.66000366210938,66.8082504272461,479400
2020-08-07,85.08000183105469,67.94224548339844,931400
2020-08-10,86.44999694824219,69.03626251220703,881700
2020-08-11,86.5199966430664,69.09217071533203,908300
2020-08-12,86.72000122070312,69.25189208984375,685900
2020-08-13,85.83999633789062,68.54914855957031,867200
2020-08-14,86.16000366210938,68.8046875,559100
2020-08-17,85.58999633789062,68.3495101928711,555700
2020-08-18,84.86000061035156,67.76654052734375,599900
2020-08-19,84.80000305175781,67.71864318847656,967400
2020-08-20,83.70999908447266,66.84819793701172,620700
2020-08-21,83.43000030517578,66.6246109008789,1069600
2020-08-24,85.61000061035156,68.365478515625,970100
2020-08-25,85.08999633789062,67.95023345947266,659000
2020-08-26,84.37999725341797,67.38323974609375,696000
2020-08-27,84.97000122070312,67.85441589355469,776100
2020-08-28,85.63999938964844,68.3894271850586,543800
2020-08-31,84.69000244140625,67.63080596923828,781100
2020-09-01,84.66000366210938,67.6068344116211,685300
2020-09-02,86.27999877929688,68.9005126953125,790300
2020-09-03,85.20999908447266,68.04606628417969,930000
2020-09-04,85.47000122070312,68.25370025634766,870700
2020-09-08,83.86000061035156,66.96798706054688,942000
2020-09-09,84.5199966430664,67.49501037597656,886100
2020-09-10,83.16000366210938,66.40900421142578,792700
2020-09-11,83.97000122070312,67.05583190917969,869300
2020-09-14,85.37000274658203,68.17381286621094,547300
2020-09-15,84.80999755859375,67.72660827636719,949900
2020-09-16,85.86000061035156,68.56511688232422,609200
2020-09-17,85.5999984741211,68.35749053955078,503000
2020-09-18,84.5999984741211,67.55891418457031,466000
2020-09-21,82.20999908447266,65.65034484863281,847700
2020-09-22,81.91999816894531,65.41876983642578,537700
2020-09-23,79.2300033569336,64.00977325439453,1379900
2020-09-24,79.5,64.22791290283203,616100
2020-09-25,80.51000213623047,65.04389953613281,609200
2020-09-28,81.93000030517578,66.19111633300781,657600
2020-09-29,81.13999938964844,65.5528793334961,558200
2020-09-30,81.54000091552734,65.87602996826172,863400
2020-10-01,81.33000183105469,65.7063980102539,549100
2020-10-02,82.56999969482422,66.70818328857422,752600
2020-10-05,84.23999786376953,68.05736541748047,577300
2020-10-06,83.9800033569336,67.84730529785156,656000
2020-10-07,85.47000122070312,69.05109405517578,608300
2020-10-08,86.95999908447266,70.25484466552734,464500
2020-10-09,86.58000183105469,69.94783782958984,516000
2020-10-12,87.16000366210938,70.41643524169922,467600
2020-10-13,85.9800033569336,69.46310424804688,639600
2020-10-14,85.8499984741211,69.35809326171875,501900
2020-10-15,86.38999938964844,69.7943344116211,475400
2020-10-16,86.3499984741211,69.76202392578125,866800
2020-10-19,85.52999877929688,69.09954833984375,420600
2020-10-20,85.88999938964844,69.39037322998047,743800
2020-10-21,85.68000030517578,69.22074127197266,399600
2020-10-22,87.30999755859375,70.53761291503906,606000
2020-10-23,87.58999633789062,70.76382446289062,444400
2020-10-26,85.97000122070312,69.45502471923828,687800
2020-10-27,84.31999969482422,68.12198638916016,656900
2020-10-28,81.68000030517578,65.9891357421875,831800
2020-10-29,82.87000274658203,66.9505386352539,738700
2020-10-30,83.0,67.05555725097656,801100
2020-11-02,85.05999755859375,68.7198257446289,700900
2020-11-03,86.55000305175781,69.9236068725586,1087300
2020-11-04,84.62000274658203,68.36436462402344,1134800
2020-11-05,86.55999755859375,69.93167114257812,854100
2020-11-06,85.41999816894531,69.01067352294922,465900
2020-11-09,90.9800033569336,73.50257873535156,1575200
2020-11-10,92.66999816894531,74.8679428100586,837700
2020-11-11,91.88999938964844,74.23776245117188,1754200
2020-11-12,89.81999969482422,72.5654296875,2419500
2020-11-13,91.81999969482422,74.18122100830078,677200
2020-11-16,94.37999725341797,76.24946594238281,900500
2020-11-17,94.19999694824219,76.1040267944336,1354400
2020-11-18,92.77999877929688,74.9568099975586,1365800
2020-11-19,92.79000091552734,74.96488189697266,608700
2020-11-20,92.27999877929688,74.55286407470703,461100
2020-11-23,94.26000213623047,76.15250396728516,597000
2020-11-24,97.37000274658203,78.6650619506836,607800
2020-11-25,96.37999725341797,77.86524200439453,414300
2020-11-27,95.66999816894531,77.29164123535156,244200
2020-11-30,93.87000274658203,75.83743286132812,702600
2020-12-01,95.05000305175781,76.79073333740234,550400
2020-12-02,95.80999755859375,77.4047622680664,658400
2020-12-03,96.08000183105469,77.62287139892578,750500
2020-12-04,97.54000091552734,78.80241394042969,707100
2020-12-07,96.88999938964844,78.27725982666016,759100
2020-12-08,97.19000244140625,78.51964569091797,635500
2020-12-09,97.30000305175781,78.60851287841797,574100
2020-12-10,97.16000366210938,78.49541473388672,433100
2020-12-11,96.58999633789062,78.0348892211914,581800
2020-12-14,94.5,77.00812530517578,711200
2020-12-15,95.9800033569336,78.21418762207031,926200
2020-12-16,95.70999908447266,77.99415588378906,710800
2020-12-17,95.81999969482422,78.08380126953125,443800
2020-12-18,95.13999938964844,77.52965545654297,694900
2020-12-21,94.30000305175781,76.84514617919922,939000
2020-12-22,93.72000122070312,76.37250518798828,666200
2020-12-23,95.01000213623047,77.4237060546875,609800
2020-12-24,95.18000030517578,77.56227111816406,387900
2020-12-28,95.29000091552734,77.65189361572266,752000
2020-12-29,94.72000122070312,77.18742370605469,578600
2020-12-30,95.38999938964844,77.73338317871094,544700
2020-12-31,96.18000030517578,78.37715148925781,509600
2021-01-04,94.76000213623047,77.22000122070312,1151600
2021-01-05,95.8499984741211,78.10824584960938,1260400
2021-01-06,99.63999938964844,81.19672393798828,1215900
2021-01-07,99.94999694824219,81.4493179321289,750400
2021-01-08,99.44000244140625,81.03374481201172,715500
2021-01-11,99.75,81.28636169433594,870600
2021-01-12,100.87000274658203,82.19905090332031,736500
2021-01-13,100.80000305175781,82.14200592041016,756300
2021-01-14,101.9000015258789,83.03839111328125,684100
2021-01-15,100.9000015258789,82.22349548339844,632000
2021-01-19,101.19000244140625,82.4598159790039,1333100
2021-01-20,101.05999755859375,82.3538818359375,511500
2021-01-21,100.36000061035156,81.783447265625,454600
2021-01-22,100.0199966430664,81.50636291503906,618000
2021-01-25,100.29000091552734,81.72639465332031,763600
2021-01-26,100.19999694824219,81.6530532836914,1314500
2021-01-27,98.48999786376953,80.25957489013672,2064900
2021-01-28,98.75,80.4714584350586,772100
2021-01-29,96.72000122070312,78.81721496582031,833600
2021-02-01,97.81999969482422,79.71360778808594,649600
2021-02-02,98.86000061035156,80.56109619140625,484600
2021-02-03,99.73999786376953,81.27820587158203,414100
2021-02-04,100.8499984741211,82.1827621459961,369300
2021-02-05,101.48999786376953,82.70428466796875,353000
2021-02-08,102.62000274658203,83.6251220703125,342200
2021-02-09,102.97000122070312,83.91034698486328,366700
2021-02-10,103.2300033569336,84.12222290039062,322100
2021-02-11,102.62999725341797,83.6332778930664,493000
2021-02-12,103.26000213623047,84.14665985107422,419200
2021-02-16,104.19999694824219,84.91265106201172,337600
2021-02-17,104.51000213623047,85.16529083251953,373800
2021-02-18,104.12000274658203,84.84748077392578,291900
2021-02-19,105.52999877929688,85.9964599609375,638800
2021-02-22,106.66999816894531,86.92547607421875,971300
2021-02-23,107.22000122070312,87.37366485595703,747900
2021-02-24,109.06999969482422,88.88124084472656,1051100
2021-02-25,106.7699966430664,87.00695037841797,690600
2021-02-26,105.08000183105469,85.62979125976562,712000
2021-03-01,107.87999725341797,87.91149139404297,668600
2021-03-02,107.63999938964844,87.7159423828125,523800
2021-03-03,108.3499984741211,88.29450225830078,613100
2021-03-04,107.33999633789062,87.47145080566406,1012000
2021-03-05,110.33999633789062,89.91617584228516,844200
2021-03-08,112.75,91.88006591796875,1101400
2021-03-09,111.41999816894531,90.79624938964844,1001500
2021-03-10,113.51000213623047,92.49939727783203,1917400
2021-03-11,113.2699966430664,92.3038101196289,1516400
2021-03-12,115.06999969482422,93.77063751220703,1083900
2021-03-15,115.38999938964844,94.03140258789062,1181400
2021-03-16,114.1500015258789,93.02094268798828,1060400
2021-03-17,114.72000122070312,93.48541259765625,524900
2021-03-18,114.51000213623047,93.31430053710938,1004000
2021-03-19,114.11000061035156,92.98832702636719,1633800
2021-03-22,113.54000091552734,92.52384948730469,452900
2021-03-23,111.97000122070312,91.24443817138672,744600
2021-03-24,112.12999725341797,91.37483215332031,715600
2021-03-25,113.11000061035156,92.9702377319336,1577500
2021-03-26,114.58999633789062,94.18669128417969,1416400
2021-03-29,114.31999969482422,93.96477508544922,999500
2021-03-30,114.41999816894531,94.04698181152344,652500
2021-03-31,114.0999984741211,93.78394317626953,602800
2021-04-01,114.83000183105469,94.38398742675781,1493300
2021-04-05,115.58000183105469,95.00044250488281,704200
2021-04-06,115.7300033569336,95.12373352050781,462000
2021-04-07,115.73999786376953,95.13195037841797,769100
2021-04-08,115.30999755859375,94.77850341796875,379800
2021-04-09,115.62999725341797,95.04151916503906,1039600
2021-04-12,116.18000030517578,95.49359130859375,466300
2021-04-13,115.55999755859375,94.9839859008789,802000
2021-04-14,116.55000305175781,95.7977066040039,533600
2021-04-15,117.0199966430664,96.18402862548828,706300
2021-04-16,117.75,96.78404998779297,1046000
2021-04-19,117.19999694824219,96.33199310302734,704400
2021-04-20,116.30999755859375,95.60044860839844,533200
2021-04-21,117.70999908447266,96.75118255615234,462900
2021-04-22,116.12999725341797,95.45249938964844,648300
2021-04-23,117.2300033569336,96.35664367675781,913700
2021-04-26,117.19000244140625,96.32377624511719,428000
2021-04-27,117.30000305175781,96.4141845703125,392200
2021-04-28,117.77999877929688,96.80870056152344,446200
2021-04-29,119.04000091552734,97.8443603515625,522300
2021-04-30,118.27999877929688,97.21968078613281,457600
2021-05-03,119.69000244140625,98.37863159179688,652700
2021-05-04,120.08000183105469,98.69918060302734,690200
2021-05-05,120.5,99.04439544677734,488300
2021-05-06,121.94999694824219,100.23621368408203,703000
2021-05-07,122.51000213623047,100.69652557373047,501200
2021-05-10,123.05999755859375,101.14859008789062,933700
2021-05-11,121.16999816894531,99.59510803222656,799200
2021-05-12,119.0,97.81148529052734,1128700
2021-05-13,121.05999755859375,99.50469207763672,1042900
2021-05-14,122.7300033569336,100.8773422241211,618300
2021-05-17,122.98999786376953,101.09104919433594,599000
2021-05-18,121.62000274658203,99.96498107910156,641700
2021-05-19,120.63999938964844,99.15946960449219,633600
2021-05-20,120.83999633789062,99.32386016845703,767300
2021-05-21,121.30000305175781,99.70195770263672,664900
2021-05-24,121.66000366210938,99.99786376953125,647100
2021-05-25,119.9800033569336,98.61698150634766,984800
2021-05-26,120.44000244140625,98.9950942993164,486600
2021-05-27,120.80000305175781,99.2909927368164,392400
2021-05-28,121.04000091552734,99.48825073242188,618600
2021-06-01,121.52999877929688,99.89102172851562,417000
2021-06-02,121.7300033569336,100.05538940429688,893700
2021-06-03,122.0999984741211,100.3595199584961,863300
2021-06-04,122.30000305175781,100.52389526367188,407400
2021-06-07,122.04000091552734,100.31019592285156,567200
2021-06-08,121.97000122070312,100.25267028808594,649500
2021-06-09,121.61000061035156,99.9567642211914,276500
2021-06-10,120.4800033569336,99.84323120117188,519400
2021-06-11,120.86000061035156,100.15814208984375,645900
2021-06-14,120.0199966430664,99.46202087402344,451800
2021-06-15,120.5999984741211,99.94268798828125,961600
2021-06-16,119.62000274658203,99.13053131103516,669400
2021-06-17,116.9000015258789,96.87645721435547,2020200
2021-06-18,114.13999938964844,94.58919525146484,1243800
2021-06-21,116.63999938964844,96.66098022460938,920800
2021-06-22,116.44999694824219,96.5035171508789,682800
2021-06-23,115.97000122070312,96.10572814941406,818800
2021-06-24,116.79000091552734,96.78529357910156,438400
2021-06-25,117.77999877929688,97.60569763183594,480400
2021-06-28,116.80000305175781,96.79357147216797,682000
2021-06-29,116.12999725341797,96.23831939697266,479700
2021-06-30,116.62000274658203,96.64440155029297,734900
2021-07-01,117.51000213623047,97.38194274902344,609000
2021-07-02,117.3499984741211,97.24934387207031,298400
2021-07-06,115.91999816894531,96.06428527832031,480100
2021-07-07,116.19999694824219,96.29634094238281,437100
2021-07-08,114.91999816894531,95.23558807373047,468000
2021-07-09,116.95999908447266,96.92616271972656,534500
2021-07-12,117.19000244140625,97.11678314208984,439600
2021-07-13,115.9000015258789,96.04773712158203,1418400
2021-07-14,115.86000061035156,96.01457977294922,555000
2021-07-15,116.16000366210938,96.26319122314453,465500
2021-07-16,115.08000183105469,95.3681869506836,720300
2021-07-19,112.52999877929688,93.25497436523438,5139500
2021-07-20,114.16000366210938,94.60578155517578,1057300
2021-07-21,114.91999816894531,95.23558807373047,373600
2021-07-22,114.11000061035156,94.56433868408203,323300
2021-07-23,114.87000274658203,95.19414520263672,706100
2021-07-26,115.5999984741211,95.79910278320312,346700
2021-07-27,115.95999908447266,96.0974349975586,433900
2021-07-28,115.81999969482422,95.9814224243164,524400
2021-07-29,116.58000183105469,96.61125183105469,465200
2021-07-30,115.63999938964844,95.8322525024414,436700
2021-08-02,115.62999725341797,95.82395935058594,394300
2021-08-03,116.79000091552734,96.78529357910156,359500
2021-08-04,115.29000091552734,95.54220581054688,516200
2021-08-05,116.38999938964844,96.45378112792969,854900
2021-08-06,117.3499984741211,97.24934387207031,689500
2021-08-09,117.25,97.1664810180664,586300
2021-08-10,118.20999908447266,97.96205139160156,522500
2021-08-11,119.44999694824219,98.98963928222656,588400
2021-08-12,119.44000244140625,98.98136138916016,562100
2021-08-13,119.44000244140625,98.98136138916016,458000
2021-08-16,119.38999938964844,98.9399185180664,667600
2021-08-17,118.83999633789062,98.48414611816406,590700
2021-08-18,117.5,97.37366485595703,438800
2021-08-19,116.63999938964844,96.66098022460938,1010100
2021-08-20,117.75,97.58084869384766,399000
2021-08-23,118.2300033569336,97.9786148071289,318900
2021-08-24,118.41999816894531,98.13606262207031,291200
2021-08-25,119.05999755859375,98.66645050048828,263700
2021-08-26,118.08000183105469,97.85433959960938,242000
2021-08-27,119.23999786376953,98.81562042236328,460300
2021-08-30,118.61000061035156,98.29351806640625,274400
2021-08-31,118.87000274658203,98.50899505615234,367100
2021-09-01,118.75,98.4095458984375,771800
2021-09-02,119.9000015258789,99.3625717163086,331900
2021-09-03,119.33000183105469,98.89020538330078,167400
2021-09-07,118.13999938964844,97.90404510498047,331600
2021-09-08,118.2300033569336,97.9786148071289,523200
2021-09-09,117.9000015258789,97.70515441894531,292900
2021-09-10,116.9800033569336,96.94274139404297,372300
2021-09-13,117.86000061035156,97.67198944091797,386000
2021-09-14,116.55999755859375,96.59465789794922,382800
2021-09-15,118.02999877929688,97.8128890991211,1203700
2021-09-16,117.16000366210938,97.09188842773438,366600
2021-09-17,116.37000274658203,96.43721771240234,850000
2021-09-20,114.33000183105469,94.74664306640625,570800
2021-09-21,113.8499984741211,94.3488540649414,301500
2021-09-22,115.18000030517578,95.45104217529297,346300
2021-09-23,116.7300033569336,96.7355728149414,246800
2021-09-24,115.97000122070312,96.96297454833984,291600
2021-09-27,117.12000274658203,97.92449951171875,370600
2021-09-28,116.05999755859375,97.03821563720703,730600
2021-09-29,116.68000030517578,97.5566177368164,467500
2021-09-30,114.72000122070312,95.91783142089844,567400
2021-10-01,116.27999877929688,97.22215270996094,1302100
2021-10-04,116.7300033569336,97.59842681884766,2068200
2021-10-05,117.16999816894531,97.96630859375,616600
2021-10-06,117.30999755859375,98.08334350585938,506600
2021-10-07,117.88999938964844,98.56829071044922,364900
2021-10-08,117.73999786376953,98.44288635253906,293000
2021-10-11,116.9800033569336,97.80744171142578,236400
2021-10-12,116.75,97.61514282226562,359600
2021-10-13,117.0,97.82416534423828,481600
2021-10-14,118.81999969482422,99.34587097167969,632300
2021-10-15,118.7300033569336,99.27061462402344,472600
2021-10-18,118.2300033569336,98.85255432128906,1394300
2021-10-19,118.93000030517578,99.4378433227539,316400
2021-10-20,120.44000244140625,100.70037841796875,401700
2021-10-21,119.75,100.12345123291016,269900
2021-10-22,120.20999908447266,100.5080337524414,429800
2021-10-25,120.19999694824219,100.49968719482422,243400
2021-10-26,119.9000015258789,100.24887084960938,441100
2021-10-27,117.7699966430664,98.46797180175781,544200
2021-10-28,118.69999694824219,99.24553680419922,291000
2021-10-29,118.0199966430664,98.67699432373047,329900
2021-11-01,119.2699966430664,99.72212219238281,569600
2021-11-02,119.12999725341797,99.60506439208984,347800
2021-11-03,119.83000183105469,100.1903305053711,605900
2021-11-04,119.20999908447266,99.67196655273438,417200
2021-11-05,120.43000030517578,100.6919937133789,472100
2021-11-08,120.12000274658203,100.43281555175781,389700
2021-11-09,120.05000305175781,100.3742904663086,463600
2021-11-10,120.3499984741211,100.62510681152344,490000
2021-11-11,120.75,100.95954895019531,352000
2021-11-12,120.70999908447266,100.92610931396484,375500
2021-11-15,121.33000183105469,101.44449615478516,316000
2021-11-16,120.91999816894531,101.1016845703125,489800
2021-11-17,120.33000183105469,100.6083755493164,1519500
2021-11-18,119.61000061035156,100.00637817382812,553900
2021-11-19,118.61000061035156,99.17027282714844,474100
2021-11-22,119.9000015258789,100.24887084960938,491900
2021-11-23,120.83000183105469,101.02643585205078,628700
2021-11-24,120.69999694824219,100.91775512695312,343600
2021-11-26,117.95999908447266,98.62681579589844,603400
2021-11-29,118.2300033569336,98.85255432128906,617800
2021-11-30,115.0999984741211,96.2355728149414,1202000
2021-12-01,114.37000274658203,95.62519836425781,1394900
2021-12-02,117.01000213623047,97.8325424194336,855400
2021-12-03,117.02999877929688,97.84922790527344,825300
2021-12-06,118.62000274658203,99.17867279052734,670100
2021-12-07,119.76000213623047,100.13179779052734,489900
2021-12-08,119.56999969482422,99.97296142578125,538600
2021-12-09,119.11000061035156,99.58831024169922,1787400
2021-12-10,119.70999908447266,100.09000396728516,776200
2021-12-13,118.4000015258789,99.69173431396484,930700
2021-12-14,118.5999984741211,99.8601303100586,996900
2021-12-15,119.68000030517578,100.76949310302734,1251700
2021-12-16,120.87000274658203,101.77146911621094,1100200
2021-12-17,119.05999755859375,100.24747467041016,1319000
2021-12-20,117.94999694824219,99.31285095214844,1187400
2021-12-21,119.4800033569336,100.6010971069336,719200
2021-12-22,120.02999877929688,101.0641860961914,572400
2021-12-23,120.5199966430664,101.47675323486328,620600
2021-12-27,121.7300033569336,102.4955825805664,401000
2021-12-28,122.27999877929688,102.95866394042969,586400
2021-12-29,122.54000091552734,103.17759704589844,518800
2021-12-30,122.43000030517578,103.0849609375,324200
2021-12-31,122.58999633789062,103.21966552734375,330700
2022-01-03,123.16000366210938,103.69964599609375,1131800
2022-01-04,124.9000015258789,105.1646957397461,1365800
2022-01-05,124.6500015258789,104.95418548583984,1272800
2022-01-06,125.5,105.66987609863281,1635400
2022-01-07,126.66999816894531,106.65499114990234,999700
2022-01-10,126.51000213623047,106.52029418945312,1929500
2022-01-11,126.73999786376953,106.71395111083984,937500
2022-01-12,126.8499984741211,106.80656433105469,886200
2022-01-13,127.27999877929688,107.16863250732422,915600
2022-01-14,127.70999908447266,107.53068542480469,1042100
2022-01-18,126.38999938964844,106.41925811767578,2067700
2022-01-19,125.05000305175781,105.2909927368164,1076200
2022-01-20,123.45999908447266,103.95221710205078,3387800
2022-01-21,122.0199966430664,102.73975372314453,1887000
2022-01-24,122.20999908447266,102.89973449707031,3392900
2022-01-25,122.41000366210938,103.06812286376953,1806000
2022-01-26,121.5999984741211,102.38611602783203,2483400
2022-01-27,121.9000015258789,102.63871002197266,1976300
2022-01-28,123.27999877929688,103.8006591796875,1938300
2022-01-31,124.06999969482422,104.46582794189453,1450200
2022-02-01,124.83000183105469,105.1057357788086,1101400
2022-02-02,125.91000366210938,106.01510620117188,923000
2022-02-03,125.16999816894531,105.39202117919922,1134700
2022-02-04,125.02999877929688,105.27413940429688,1196600
2022-02-07,125.33999633789062,105.53516387939453,893700
2022-02-08,126.25,106.3013687133789,789900
2022-02-09,127.0,106.93287658691406,1034100
2022-02-10,124.91999816894531,105.18153381347656,1161700
2022-02-11,124.76000213623047,105.04681396484375,1099000
2022-02-14,123.5,103.98589324951172,1043700
2022-02-15,124.5,104.827880859375,937200
2022-02-16,124.94999694824219,105.20677947998047,780700
2022-02-17,123.63999938964844,104.10379028320312,765600
2022-02-18,123.37999725341797,103.88487243652344,1180900
2022-02-22,122.44000244140625,103.0934066772461,1277900
2022-02-23,121.0,101.88093566894531,1302700
2022-02-24,119.98999786376953,101.030517578125,2574100
2022-02-25,123.80999755859375,104.24691009521484,1378100
2022-02-28,123.80999755859375,104.24691009521484,1826800
2022-03-01,121.23999786376953,102.08299255371094,1867500
2022-03-02,124.41000366210938,104.75211334228516,1209600
2022-03-03,125.2699966430664,105.4762191772461,1459100
2022-03-04,125.23999786376953,105.45097351074219,1125600
2022-03-07,123.55000305175781,104.02801513671875,1460500
2022-03-08,122.97000122070312,103.5396499633789,2245400
2022-03-09,123.79000091552734,104.2300796508789,1545200
2022-03-10,124.0,104.40689849853516,1104800
2022-03-11,123.55999755859375,104.03642272949219,1818200
2022-03-14,124.0,104.40689849853516,1748300
2022-03-15,124.44000244140625,104.77738189697266,2738000
2022-03-16,125.66999816894531,105.81302642822266,1846100
2022-03-17,126.5199966430664,106.5287094116211,1520800
2022-03-18,126.3499984741211,106.38558197021484,993300
2022-03-21,126.9800033569336,106.91602325439453,1079300
2022-03-22,127.58999633789062,107.42963409423828,783800
2022-03-23,126.69999694824219,106.68025970458984,789800
2022-03-24,127.11000061035156,107.78089141845703,667200
2022-03-25,128.8300018310547,109.23934173583984,765300
2022-03-28,128.30999755859375,108.79839324951172,854600
2022-03-29,129.75,110.01942443847656,940000
2022-03-30,129.49000549316406,109.79898071289062,903400
2022-03-31,128.1300048828125,108.64578247070312,984200
2022-04-01,128.6699981689453,109.1036605834961,896000
2022-04-04,128.14999389648438,108.6627426147461,710000
2022-04-05,127.58000183105469,108.17940521240234,634800
2022-04-06,128.3300018310547,108.81536102294922,1081400
2022-04-07,128.22999572753906,108.73057556152344,997200
2022-04-08,128.88999938964844,109.29020690917969,682500
2022-04-11,128.22999572753906,108.73057556152344,1251800
2022-04-12,128.10000610351562,108.62035369873047,1089200
2022-04-13,128.83999633789062,109.24781036376953,821100
2022-04-14,128.83999633789062,109.24781036376953,967000
2022-04-18,129.2100067138672,109.56155395507812,1098800
2022-04-19,130.75999450683594,110.87584686279297,1816500
2022-04-20,132.13999938964844,112.04601287841797,1093100
2022-04-21,131.0800018310547,111.1471939086914,1302900
2022-04-22,128.1699981689453,108.6796875,1102900
2022-04-25,127.6500015258789,108.23878479003906,1548400
2022-04-26,125.66999816894531,106.55986785888672,1206700
2022-04-27,125.68000030517578,106.56835174560547,1438400
2022-04-28,127.18000030517578,107.84025573730469,911600
2022-04-29,123.5199966430664,104.7367935180664,1214500
2022-05-02,123.68000030517578,104.87246704101562,1504400
2022-05-03,125.0999984741211,106.0765380859375,1102400
2022-05-04,128.50999450683594,108.96798706054688,1717100
2022-05-05,126.06999969482422,106.8990249633789,1733300
2022-05-06,126.52999877929688,107.2890853881836,1622500
2022-05-09,125.08000183105469,106.0595932006836,1531000
2022-05-10,123.68000030517578,104.87246704101562,1697100
2022-05-11,123.61000061035156,104.81312561035156,1846500
2022-05-12,123.66999816894531,104.8639907836914,1804200
2022-05-13,125.19000244140625,106.1528549194336,853500
2022-05-16,125.9000015258789,106.7548828125,1349300
2022-05-17,128.3800048828125,108.8577651977539,1088400
2022-05-18,125.12000274658203,106.09349060058594,1096900
2022-05-19,124.02999877929688,105.16924285888672,1129100
2022-05-20,124.0,105.14380645751953,1243700
2022-05-23,125.76000213623047,106.63616943359375,853800
2022-05-24,126.52999877929688,107.2890853881836,1208600
2022-05-25,127.81999969482422,108.38292694091797,1452800
2022-05-26,129.1699981689453,109.52762603759766,1220600
2022-05-27,131.00999450683594,111.08783721923828,1312100
2022-05-31,130.1199951171875,110.33316040039062,1335000
2022-06-01,129.42999267578125,109.74808502197266,1100200
2022-06-02,130.27999877929688,110.46884155273438,1192600
2022-06-03,129.33999633789062,109.6717758178711,545400
2022-06-06,130.0500030517578,110.27383422851562,754300
2022-06-07,131.3699951171875,111.39309692382812,779600
2022-06-08,129.1199951171875,109.48523712158203,722600
2022-06-09,125.58999633789062,107.2119140625,919100
2022-06-10,123.2300033569336,105.19725799560547,1340600
2022-06-13,118.4800033569336,101.1423568725586,2306500
2022-06-14,117.45999908447266,100.27162170410156,1771600
2022-06-15,117.41999816894531,100.23748016357422,1657000
2022-06-16,113.94000244140625,97.26670837402344,3124300
2022-06-17,113.20999908447266,96.64353942871094,1593300
2022-06-21,115.62000274658203,98.70087432861328,953100
2022-06-22,115.05000305175781,98.21428680419922,1590000
2022-06-23,115.4800033569336,98.58135986328125,1290900
2022-06-24,118.54000091552734,101.1935806274414,998000
2022-06-27,119.31999969482422,101.85942840576172,757200
2022-06-28,118.62999725341797,101.27040100097656,806400
2022-06-29,117.98999786376953,100.72406768798828,730800
2022-06-30,117.66999816894531,100.45088958740234,1131400
2022-07-01,119.22000122070312,101.77405548095703,1013500
2022-07-05,117.12000274658203,99.98136901855469,878200
2022-07-06,117.12000274658203,99.98136901855469,2355900
2022-07-07,118.23999786376953,100.9374771118164,700600
2022-07-08,117.87000274658203,100.62163543701172,686200
2022-07-11,117.73999786376953,100.5106430053711,592600
2022-07-12,117.38999938964844,100.21186065673828,615500
2022-07-13,116.31999969482422,99.2984390258789,1032700
2022-07-14,115.25,98.38501739501953,880000
2022-07-15,116.9800033569336,99.86186218261719,703700
2022-07-18,116.51000213623047,99.46064758300781,769300
2022-07-19,118.6500015258789,101.28748321533203,767700
2022-07-20,118.12000274658203,100.83503723144531,1065700
2022-07-21,117.86000061035156,100.61309814453125,867400
2022-07-22,117.77999877929688,100.5447769165039,640200
2022-07-25,118.94999694824219,101.54357147216797,628900
2022-07-26,118.66999816894531,101.3045425415039,605000
2022-07-27,119.66999816894531,102.15823364257812,1928100
2022-07-28,121.04000091552734,103.3277359008789,602800
2022-07-29,122.26000213623047,104.36922454833984,811100
2022-08-01,122.20999908447266,104.32653045654297,875400
2022-08-02,121.30000305175781,103.54969787597656,686500
2022-08-03,121.79000091552734,103.9679946899414,700800
2022-08-04,120.93000030517578,103.23381805419922,538200
2022-08-05,120.91999816894531,103.22528839111328,436100
2022-08-08,121.36000061035156,103.60090637207031,373000
2022-08-09,122.12000274658203,104.24969482421875,391900
2022-08-10,123.91999816894531,105.78630065917969,557500
2022-08-11,124.95999908447266,106.67412567138672,842500
2022-08-12,126.63999938964844,108.1082763671875,1056800
2022-08-15,126.87999725341797,108.31314849853516,603800
2022-08-16,127.70999908447266,109.02169799804688,574200
2022-08-17,127.2300033569336,108.61194610595703,445800
2022-08-18,127.69999694824219,109.01314544677734,340200
2022-08-19,126.79000091552734,108.236328125,569900
2022-08-22,124.7300033569336,106.47776794433594,594000
2022-08-23,124.75,106.49484252929688,693000
2022-08-24,124.70999908447266,106.46070098876953,374500
2022-08-25,126.0999984741211,107.64729309082031,383300
2022-08-26,123.26000213623047,105.2228775024414,798400
2022-08-29,122.88999938964844,104.90703582763672,538600
2022-08-30,121.33999633789062,103.58383178710938,631500
2022-08-31,120.11000061035156,102.5338363647461,604800
2022-09-01,120.30000305175781,102.69602966308594,645000
2022-09-02,119.69000244140625,102.17529296875,603100
2022-09-06,118.8499984741211,101.45821380615234,761000
2022-09-07,121.2300033569336,103.48995208740234,688600
2022-09-08,121.87999725341797,104.0448226928711,594400
2022-09-09,123.37999725341797,105.32532501220703,464500
2022-09-12,124.55999755859375,106.3326416015625,543100
2022-09-13,120.3499984741211,102.73870086669922,608000
2022-09-14,120.38999938964844,102.77285766601562,700700
2022-09-15,119.44999694824219,101.97040557861328,2230100
2022-09-16,118.33000183105469,101.01431274414062,754600
2022-09-19,119.68000030517578,102.16676330566406,641200
2022-09-20,118.11000061035156,100.8265151977539,1277400
2022-09-21,116.61000061035156,99.5459976196289,1248100
2022-09-22,115.70999908447266,98.7776870727539,992000
2022-09-23,113.23999786376953,96.66914367675781,1675200
2022-09-26,109.8499984741211,94.90326690673828,944600
2022-09-27,108.91000366210938,94.0911636352539,1084300
2022-09-28,111.08999633789062,95.97454833984375,1156500
2022-09-29,108.4800033569336,93.71967315673828,1202100
2022-09-30,107.22000122070312,92.63111877441406,1242100
2022-10-03,110.19000244140625,95.19699096679688,1143400
2022-10-04,113.48999786376953,98.04798126220703,1097200
2022-10-05,112.5,97.19269561767578,759400
2022-10-06,110.58000183105469,95.533935546875,1042700
2022-10-07,108.43000030517578,93.67647552490234,948500
2022-10-10,108.45999908447266,93.70240783691406,756800
2022-10-11,108.37000274658203,93.6246337890625,765700
2022-10-12,107.38999938964844,92.77799224853516,700500
2022-10-13,110.7699966430664,95.69808197021484,1352300
2022-10-14,109.05999755859375,94.22076416015625,890700
2022-10-17,110.83999633789062,95.75856018066406,2236100
2022-10-18,112.36000061035156,97.07173156738281,821100
2022-10-19,111.29000091552734,96.14734649658203,573800
2022-10-20,109.72000122070312,94.79093170166016,782400
2022-10-21,112.29000091552734,97.01126861572266,790100
2022-10-24,113.5999984741211,98.14302062988281,845800
2022-10-25,115.0199966430664,99.36980438232422,811000
2022-10-26,115.41000366210938,99.70674896240234,614700
2022-10-27,116.08999633789062,100.29421997070312,712500
2022-10-28,118.86000061035156,102.68732452392578,856300
2022-10-31,118.1500015258789,102.07392120361328,833000
2022-11-01,118.62999725341797,102.48860931396484,671100
2022-11-02,116.51000213623047,100.6570816040039,1076000
2022-11-03,116.31999969482422,100.49293518066406,762800
2022-11-04,118.4000015258789,102.28990173339844,755200
2022-11-07,118.52999877929688,102.4022216796875,959100
2022-11-08,119.2699966430664,103.04153442382812,884300
2022-11-09,117.33000183105469,101.36550903320312,635100
2022-11-10,121.77999877929688,105.21001434326172,815800
2022-11-11,122.51000213623047,105.84068298339844,915800
2022-11-14,121.5999984741211,105.05450439453125,683000
2022-11-15,122.18000030517578,105.55559539794922,760800
2022-11-16,121.45999908447266,104.93354034423828,693500
2022-11-17,120.93000030517578,104.47564697265625,523300
2022-11-18,122.23999786376953,105.60742950439453,482800
2022-11-21,122.58999633789062,105.90977478027344,674500
2022-11-22,124.37000274658203,107.44760131835938,1075400
2022-11-23,124.58000183105469,107.6290283203125,512600
2022-11-25,125.04000091552734,108.02643585205078,309400
2022-11-28,123.13999938964844,106.38497924804688,840600
2022-11-29,123.55000305175781,106.73918151855469,512800
2022-11-30,125.48999786376953,108.41520690917969,722600
2022-12-01,125.5,108.42384338378906,869000
2022-12-02,125.19000244140625,108.15603637695312,607100
2022-12-05,123.08000183105469,106.3331298828125,1085100
2022-12-06,122.08999633789062,105.47783660888672,764900
2022-12-07,121.98999786376953,105.39143371582031,645400
2022-12-08,122.5,105.83204650878906,1221900
2022-12-09,121.83999633789062,105.26183319091797,752000
2022-12-12,123.7699966430664,106.92924499511719,1132800
2022-12-13,123.0999984741211,107.25161743164062,704300
2022-12-14,122.44999694824219,106.68528747558594,1519700
2022-12-15,120.37999725341797,104.88179016113281,970800
2022-12-16,119.13999938964844,103.80144500732422,972800
2022-12-19,118.75,103.4616470336914,914500
2022-12-20,119.08000183105469,103.7491455078125,824300
2022-12-21,120.5999984741211,105.07347106933594,868700
2022-12-22,119.7699966430664,104.3503189086914,771300
2022-12-23,120.95999908447266,105.38711547851562,836100
2022-12-27,121.75,106.07542419433594,798100
2022-12-28,120.13999938964844,104.67267608642578,1029000
2022-12-29,121.37999725341797,105.75303649902344,868800
2022-12-30,120.5999984741211,105.07347106933594,800100
2023-01-03,120.54000091552734,105.02119445800781,902400
2023-01-04,121.8499984741211,106.16253662109375,539100
2023-01-05,121.08000183105469,105.49166870117188,497500
2023-01-06,123.95999908447266,108.00088500976562,657000
2023-01-09,123.44999694824219,107.5565414428711,874000
2023-01-10,124.1500015258789,108.16643524169922,454900
2023-01-11,125.04000091552734,108.94184875488281,537200
2023-01-12,125.0999984741211,108.99412536621094,738700
2023-01-13,125.16999816894531,109.05511474609375,522800
2023-01-17,124.2699966430664,108.2709732055664,1409500
2023-01-18,121.83000183105469,106.1451187133789,739000
2023-01-19,121.29000091552734,105.67463684082031,735700
2023-01-20,122.80000305175781,106.99021911621094,969800
2023-01-23,123.5,107.60011291503906,908800
2023-01-24,123.62999725341797,107.71338653564453,594900
2023-01-25,123.91000366210938,107.95732116699219,469800
2023-01-26,124.9800033569336,108.88957214355469,1013000
2023-01-27,124.6500015258789,108.60205078125,671200
2023-01-30,124.05000305175781,108.07930755615234,872200
2023-01-31,125.66000366210938,109.48202514648438,472900
2023-02-01,126.08999633789062,109.85665893554688,666400
2023-02-02,126.37999725341797,110.10931396484375,718100
2023-02-03,125.44000244140625,109.29034423828125,1013000
2023-02-06,125.0199966430664,108.92442321777344,564600
2023-02-07,125.58000183105469,109.41232299804688,501200
2023-02-08,124.37999725341797,108.36681365966797,593500
2023-02-09,123.0,107.16448974609375,477500
2023-02-10,124.6500015258789,108.60205078125,472000
2023-02-13,126.0,109.77825164794922,922700
2023-02-14,125.13999938964844,109.02897644042969,498200
2023-02-15,125.37000274658203,109.22935485839844,362900
2023-02-16,124.4800033569336,108.45394134521484,1559100
2023-02-17,124.80000305175781,108.73275756835938,362100
2023-02-21,122.44999694824219,106.68528747558594,460400
2023-02-22,122.11000061035156,106.38906860351562,503600
2023-02-23,122.45999908447266,106.69400024414062,462500
2023-02-24,122.18000030517578,106.45005798339844,443900
2023-02-27,121.98999786376953,106.28450775146484,564700
2023-02-28,121.05000305175781,105.46553039550781,614100
2023-03-01,120.66999816894531,105.13445281982422,1460800
2023-03-02,120.95999908447266,105.38711547851562,630000
2023-03-03,122.2699966430664,106.52845001220703,641000
2023-03-06,121.91000366210938,106.21480560302734,537500
2023-03-07,119.81999969482422,104.39387512207031,1016900
2023-03-08,119.80000305175781,104.37645721435547,643500
2023-03-09,117.37000274658203,102.25930786132812,652000
2023-03-10,115.5,100.63005065917969,1699400
2023-03-13,113.31999969482422,98.73072814941406,961900
2023-03-14,114.83999633789062,100.05502319335938,515200
2023-03-15,113.58000183105469,98.9572525024414,947100
2023-03-16,114.66999816894531,99.90692138671875,3323100
2023-03-17,112.4800033569336,97.9988784790039,920500
2023-03-20,114.66999816894531,99.90692138671875,790300
2023-03-21,115.6500015258789,100.76074981689453,529300
2023-03-22,112.7699966430664,98.25151824951172,718100
2023-03-23,110.68000030517578,97.29771423339844,793500
2023-03-24,112.55999755859375,98.9504165649414,673600
2023-03-27,113.52999877929688,99.8031234741211,718300
2023-03-28,114.02999877929688,100.24267578125,553000
2023-03-29,115.66000366210938,101.67560577392578,620900
2023-03-30,115.98999786376953,101.96568298339844,458600
2023-03-31,117.18000030517578,103.0118179321289,493800
2023-04-03,117.31999969482422,103.13487243652344,956800
2023-04-04,116.44000244140625,102.36128997802734,367500
2023-04-05,117.56999969482422,103.35465240478516,371200
2023-04-06,117.91999816894531,103.66233825683594,327900
2023-04-10,118.33000183105469,104.02276611328125,378900
2023-04-11,119.12000274658203,104.71725463867188,408700
2023-04-12,118.55000305175781,104.21617126464844,402000
2023-04-13,119.01000213623047,104.62055969238281,461000
2023-04-14,118.23999786376953,103.94364929199219,330700
2023-04-17,119.2699966430664,104.8490982055664,1644700
2023-04-18,118.98999786376953,104.60296630859375,526600
2023-04-19,119.2699966430664,104.8490982055664,498500
2023-04-20,118.19999694824219,103.90847778320312,394900
2023-04-21,117.81999969482422,103.57441711425781,382900
2023-04-24,118.0199966430664,103.750244140625,518700
2023-04-25,116.54000091552734,102.44918823242188,380100
2023-04-26,115.06999969482422,101.15693664550781,576600
2023-04-27,116.7699966430664,102.65138244628906,777000
2023-04-28,117.58999633789062,103.37223815917969,577700
2023-05-01,117.05999755859375,102.90631866455078,317600
2023-05-02,114.48999786376953,100.64705657958984,689000
2023-05-03,113.56999969482422,99.83828735351562,553100
2023-05-04,111.79000091552734,98.27351379394531,792200
2023-05-05,113.95999908447266,100.18112182617188,465600
2023-05-08,113.52999877929688,99.8031234741211,370600
2023-05-09,113.16999816894531,99.48664093017578,478500
2023-05-10,112.83000183105469,99.18777465820312,451100
2023-05-11,111.72000122070312,98.21198272705078,547800
2023-05-12,111.9800033569336,98.44053649902344,449300
2023-05-15,111.91999816894531,98.38777923583984,721500
2023-05-16,110.0,96.69993591308594,592800
2023-05-17,111.54000091552734,98.05374145507812,485800
2023-05-18,111.80999755859375,98.29109191894531,676000
2023-05-19,111.4000015258789,97.93067169189453,868900
2023-05-22,111.62999725341797,98.13285827636719,465400
2023-05-23,111.5199966430664,98.03616333007812,621100
2023-05-24,110.36000061035156,97.01641845703125,630900
2023-05-25,109.19000244140625,95.9878921508789,781100
2023-05-26,109.72000122070312,96.45379638671875,492200
2023-05-30,109.56999969482422,96.32195281982422,1172000
2023-05-31,108.5,95.38131713867188,569300
2023-06-01,108.9800033569336,95.80326843261719,887400
2023-06-02,111.56999969482422,98.08011627197266,711000
2023-06-05,111.19000244140625,97.74606323242188,601600
2023-06-06,112.26000213623047,98.68669891357422,566900
2023-06-07,113.43000030517578,100.44535064697266,596100
2023-06-08,113.26000213623047,100.29479217529297,476000
2023-06-09,112.80999755859375,99.89630889892578,538700
2023-06-12,112.61000061035156,99.71920776367188,645200
2023-06-13,113.48999786376953,100.49846649169922,1838100
2023-06-14,112.9000015258789,99.97599792480469,596200
2023-06-15,114.3499984741211,101.26001739501953,494800
2023-06-16,114.25,101.17147064208984,627700
2023-06-20,112.8499984741211,99.93173217773438,971800
2023-06-21,112.83000183105469,99.91402435302734,693500
2023-06-22,111.86000061035156,99.05506896972656,530600
2023-06-23,110.5,97.85075378417969,1251700
2023-06-26,111.72000122070312,98.93109130859375,672000
2023-06-27,112.5199966430664,99.63951110839844,1264000
2023-06-28,111.94000244140625,99.12590789794922,838300
2023-06-29,112.70999908447266,99.80775451660156,726600
2023-06-30,113.30000305175781,100.33023071289062,535200
2023-07-03,114.23999786376953,101.1626205444336,496600
2023-07-05,113.86000061035156,100.82611846923828,786300
2023-07-06,112.88999938964844,99.96714782714844,547400
2023-07-07,113.05000305175781,100.10884094238281,604700
2023-07-10,113.11000061035156,100.16197204589844,879000
2023-07-11,114.72000122070312,101.5876693725586,537600
2023-07-12,115.61000061035156,102.37578582763672,572800
2023-07-13,116.2300033569336,102.92481994628906,1120900
2023-07-14,115.08000183105469,101.90645599365234,1274800
2023-07-17,114.44000244140625,101.3397216796875,606100
2023-07-18,115.16000366210938,101.97730255126953,923400
2023-07-19,116.33000183105469,103.01335906982422,986000
2023-07-20,117.08000183105469,103.6775131225586,745500
2023-07-21,117.05000305175781,103.65096282958984,404800
2023-07-24,117.58000183105469,104.12029266357422,355600
2023-07-25,117.37999725341797,103.94316864013672,872400
2023-07-26,118.16000366210938,104.63389587402344,638000
2023-07-27,117.13999938964844,103.73065948486328,520300
2023-07-28,117.81999969482422,104.33281707763672,585400
2023-07-31,118.05999755859375,104.54531860351562,388200
2023-08-01,117.18000030517578,103.76607513427734,555800
2023-08-02,116.73999786376953,103.3764419555664,526400
2023-08-03,116.16000366210938,102.86283874511719,450700
2023-08-04,115.5199966430664,102.29608917236328,385900
2023-08-07,116.0999984741211,102.8096923828125,386900
2023-08-08,115.5199966430664,102.29608917236328,493700
2023-08-09,115.29000091552734,102.09242248535156,370000
2023-08-10,115.12999725341797,101.95072174072266,413100
2023-08-11,115.47000122070312,102.25181579589844,317900
2023-08-14,114.62000274658203,101.4991226196289,362400
2023-08-15,112.5,99.62179565429688,563000
2023-08-16,112.18000030517578,99.33843994140625,521700
2023-08-17,111.94000244140625,99.12590789794922,429300
2023-08-18,112.27999877929688,99.4269790649414,406500
2023-08-21,111.80999755859375,99.01079559326172,594800
2023-08-22,111.27999877929688,98.54145050048828,439300
2023-08-23,112.02999877929688,99.20562744140625,369300
2023-08-24,111.54000091552734,98.77168273925781,413700
2023-08-25,112.0199966430664,99.19673919677734,372100
2023-08-28,112.75,99.84317016601562,480200
2023-08-29,113.7300033569336,100.71099090576172,1250200
2023-08-30,113.58000183105469,100.57816314697266,786800
2023-08-31,113.5199966430664,100.5250244140625,744900
2023-09-01,113.80999755859375,100.7818374633789,407200
2023-09-05,112.16000366210938,99.32072448730469,597600
2023-09-06,111.62999725341797,98.85138702392578,897200
2023-09-07,111.38999938964844,98.63884735107422,760200
2023-09-08,112.25,99.40042877197266,463700
2023-09-11,112.37999725341797,99.51554107666016,435900
2023-09-12,112.76000213623047,99.8520278930664,382500
2023-09-13,112.58000183105469,99.69264221191406,411100
2023-09-14,114.13999938964844,101.07405853271484,620600
2023-09-15,113.58999633789062,100.5870361328125,1609100
2023-09-18,113.44999694824219,100.46305084228516,605800
2023-09-19,113.2300033569336,100.26824188232422,510200
2023-09-20,112.93000030517578,100.00257873535156,471600
2023-09-21,111.54000091552734,98.77168273925781,487900
2023-09-22,111.16999816894531,98.44404602050781,566200
2023-09-25,111.37000274658203,98.62115478515625,601600
2023-09-26,107.72000122070312,96.66048431396484,1089000
2023-09-27,107.44000244140625,96.40922546386719,501500
2023-09-28,107.52999877929688,96.489990234375,668800
2023-09-29,107.63999938964844,96.58870697021484,725600
2023-10-02,105.19000244140625,94.39024353027344,1182100
2023-10-03,104.5999984741211,93.86080932617188,1009300
2023-10-04,104.80999755859375,94.04924774169922,902300
2023-10-05,104.80999755859375,94.04924774169922,568700
2023-10-06,105.25,94.44407653808594,624000
2023-10-09,106.45999908447266,95.52985382080078,768900
2023-10-10,107.36000061035156,96.33744049072266,545000
2023-10-11,107.91000366210938,96.83097076416016,802200
2023-10-12,106.72000122070312,95.7631607055664,543700
2023-10-13,106.68000030517578,95.7272720336914,522600
2023-10-16,107.94999694824219,96.86686706542969,2138800
2023-10-17,108.77999877929688,97.61166381835938,496400
2023-10-18,107.37999725341797,96.35538482666016,583400
2023-10-19,106.16999816894531,95.26962280273438,837700
2023-10-20,104.66000366210938,93.91465759277344,679500
2023-10-23,103.62000274658203,92.9814224243164,840400
2023-10-24,104.87000274658203,94.10311126708984,782500
2023-10-25,104.48999786376953,93.76210021972656,691500
2023-10-26,104.88999938964844,94.12104034423828,1178800
2023-10-27,102.97000122070312,92.39816284179688,1231800
2023-10-30,103.98999786376953,93.31344604492188,750900
2023-10-31,104.63999938964844,93.89671325683594,801800
2023-11-01,105.2699966430664,94.4620132446289,915200
2023-11-02,107.61000061035156,96.56178283691406,639800
2023-11-03,109.01000213623047,97.81804656982422,720800
2023-11-06,108.19000244140625,97.08223724365234,629600
2023-11-07,107.48999786376953,96.45409393310547,544900
2023-11-08,106.80999755859375,95.84391021728516,799200
2023-11-09,105.87999725341797,95.0093994140625,923400
2023-11-10,106.55000305175781,95.61062622070312,712700
2023-11-13,105.95999908447266,95.08118438720703,662200
2023-11-14,109.31999969482422,98.09622192382812,988300
2023-11-15,110.02999877929688,98.73332214355469,599100
2023-11-16,109.56999969482422,98.32054901123047,574100
2023-11-17,110.33000183105469,99.00251770019531,472900
2023-11-20,110.23999786376953,98.9217529296875,711200
2023-11-21,109.7300033569336,98.46412658691406,569100
2023-11-22,110.30999755859375,98.98457336425781,544800
2023-11-24,110.72000122070312,99.35247039794922,305600
2023-11-27,110.52999877929688,99.18199920654297,845200
2023-11-28,110.6500015258789,99.28966522216797,911200
2023-11-29,111.16999816894531,99.75627136230469,898400
2023-11-30,111.9800033569336,100.48312377929688,802000
2023-12-01,113.95999908447266,102.25983428955078,847400
2023-12-04,114.1500015258789,102.43032836914062,757900
2023-12-05,113.12999725341797,101.5150375366211,981500
2023-12-06,113.37999725341797,101.7393798828125,727700
2023-12-07,113.88999938964844,102.197021484375,738900
2023-12-08,114.19999694824219,102.47518920898438,566300
2023-12-11,114.69999694824219,102.9238510131836,1838400
2023-12-12,114.30000305175781,102.56493377685547,726800
2023-12-13,117.41000366210938,105.35563659667969,831100
2023-12-14,119.05999755859375,106.83621978759766,780600
2023-12-15,117.62000274658203,105.54405975341797,941500
2023-12-18,117.58000183105469,105.50817108154297,828600
2023-12-19,118.5,106.33370971679688,645100
2023-12-20,115.29000091552734,104.50183868408203,959800
2023-12-21,116.19999694824219,105.32666015625,746900
2023-12-22,116.73999786376953,105.81614685058594,768800
2023-12-26,117.5,106.5050277709961,656600
2023-12-27,117.51000213623047,106.51409149169922,881500
2023-12-28,117.7300033569336,106.71350860595703,931800
2023-12-29,117.22000122070312,106.25121307373047,584800
2024-01-02,118.38999938964844,107.31175994873047,927600
2024-01-03,117.30999755859375,106.33279418945312,549800
2024-01-04,117.33999633789062,106.35999298095703,586100
2024-01-05,118.05000305175781,107.00354766845703,566200
2024-01-08,118.86000061035156,107.7377700805664,754900
2024-01-09,117.81999969482422,106.79508209228516,356400
2024-01-10,117.62999725341797,106.62285614013672,406800
2024-01-11,116.45999908447266,105.56234741210938,1190000
2024-01-12,116.41000366210938,105.51702117919922,402200
2024-01-16,115.16000366210938,104.38400268554688,1392600
2024-01-17,114.11000061035156,103.43223571777344,618300
2024-01-18,113.87999725341797,103.2237548828125,729300
2024-01-19,114.87999725341797,104.13017272949219,604200
2024-01-22,115.30000305175781,104.5108871459961,823700
2024-01-23,115.55000305175781,104.73750305175781,443400
2024-01-24,114.8499984741211,104.10298919677734,743600
2024-01-25,116.4800033569336,105.58045959472656,551600
2024-01-26,116.69000244140625,105.77082061767578,497300
2024-01-29,117.05999755859375,106.10618591308594,757400
2024-01-30,117.13999938964844,106.1787109375,386200
2024-01-31,115.12000274658203,104.34773254394531,461300
2024-02-01,115.91999816894531,105.0728759765625,531400
2024-02-02,115.19000244140625,104.41119384765625,451600
2024-02-05,113.55999755859375,102.93370819091797,473700
2024-02-06,113.77999877929688,103.13312530517578,458600
2024-02-07,113.91000366210938,103.25094604492188,472500
2024-02-08,114.02999877929688,103.35973358154297,399200
2024-02-09,114.16000366210938,103.47757720947266,427600
2024-02-12,115.61000061035156,104.7918930053711,463700
2024-02-13,113.30999755859375,102.70709228515625,668400
2024-02-14,113.88999938964844,103.23282623291016,492500
2024-02-15,115.8499984741211,105.0094223022461,451300
2024-02-16,115.5,104.69217681884766,555000
2024-02-20,115.36000061035156,104.56527709960938,575900
2024-02-21,116.06999969482422,105.20883178710938,398500
2024-02-22,116.08000183105469,105.21790313720703,516000
2024-02-23,116.47000122070312,105.57140350341797,332100
2024-02-26,115.19999694824219,104.42024230957031,544300
2024-02-27,116.2699966430664,105.3901138305664,359700
2024-02-28,116.19999694824219,105.32666015625,319300
2024-02-29,116.45999908447266,105.56234741210938,468000
2024-03-01,116.48999786376953,105.58953857421875,453300
2024-03-04,117.62999725341797,106.62285614013672,479300
2024-03-05,118.13999938964844,107.08512115478516,1109600
2024-03-06,118.73999786376953,107.6290054321289,606500
2024-03-07,119.38999938964844,108.21817016601562,382500
2024-03-08,119.5999984741211,108.40851593017578,398800
2024-03-11,120.26000213623047,109.00675201416016,437600
2024-03-12,119.80000305175781,108.58980560302734,420200
2024-03-13,120.2300033569336,108.97957611083984,422200
2024-03-14,119.0,107.86468505859375,1858400
2024-03-15,119.20999908447266,108.05501556396484,1202200
2024-03-18,119.37000274658203,108.20004272460938,1259000
2024-03-19,120.08000183105469,108.8436050415039,401500
2024-03-20,121.37000274658203,110.01289367675781,409900
2024-03-21,121.05999755859375,110.64167022705078,1049900
2024-03-22,120.1500015258789,109.80999755859375,595200
2024-03-25,120.43000030517578,110.06591796875,428000
2024-03-26,119.62999725341797,109.33474731445312,403200
2024-03-27,122.44000244140625,111.9029312133789,742200
2024-03-28,123.18000030517578,112.57923889160156,534200
2024-04-01,122.30999755859375,111.78411102294922,377600
2024-04-02,121.69999694824219,111.22660064697266,364800
2024-04-03,121.52999877929688,111.07124328613281,299100
2024-04-04,120.87000274658203,110.46804809570312,348300
2024-04-05,120.98999786376953,110.57770538330078,402300
2024-04-08,121.83999633789062,111.35455322265625,264200
2024-04-09,122.23999786376953,111.72013854980469,501300
2024-04-10,119.38999938964844,109.11540222167969,629500
2024-04-11,119.04000091552734,108.79552459716797,405800
2024-04-12,117.54000091552734,107.42461395263672,402500
2024-04-15,116.79000091552734,106.73916625976562,1558000
2024-04-16,115.7300033569336,105.77037811279297,367500
2024-04-17,116.3499984741211,106.33702850341797,538800
2024-04-18,116.87999725341797,106.82141876220703,408100
2024-04-19,118.69999694824219,108.48477172851562,565500
2024-04-22,119.66999816894531,109.3713150024414,366100
2024-04-23,120.22000122070312,109.87397766113281,841800
2024-04-24,120.91999816894531,110.51371765136719,358900
2024-04-25,120.19999694824219,109.85568237304688,409300
2024-04-26,119.77999877929688,109.47184753417969,322900
2024-04-29,120.6500015258789,110.2669677734375,363200
2024-04-30,119.4000015258789,109.12454223632812,452600
2024-05-01,119.97000122070312,109.6454849243164,407400
2024-05-02,120.68000030517578,110.29438018798828,425900
2024-05-03,121.23999786376953,110.80618286132812,357600
2024-05-06,121.94000244140625,111.44595336914062,321200
2024-05-07,122.44000244140625,111.9029312133789,280100
2024-05-08,122.9000015258789,112.32333374023438,236800
2024-05-09,124.04000091552734,113.365234375,521800
2024-05-10,124.23999786376953,113.54801940917969,258700
2024-05-13,124.37999725341797,113.67596435546875,366100
2024-05-14,124.9000015258789,114.15121459960938,260000
2024-05-15,125.55999755859375,114.75442504882812,365300
2024-05-16,125.52999877929688,114.72699737548828,1263600
2024-05-17,125.75,114.92807006835938,288500
2024-05-20,125.27999877929688,114.49851989746094,357800
2024-05-21,125.48999786376953,114.69044494628906,454900
2024-05-22,124.47000122070312,113.75823211669922,303700
2024-05-23,122.4000015258789,111.8663558959961,451000
2024-05-24,123.18000030517578,112.57923889160156,214700
2024-05-28,122.16000366210938,111.64702606201172,346600
2024-05-29,120.5999984741211,110.22127532958984,270400
2024-05-30,122.08999633789062,111.58304595947266,355400
2024-05-31,124.47000122070312,113.75823211669922,490000
2024-06-03,123.62000274658203,112.98138427734375,829600
2024-06-04,123.23999786376953,112.63408660888672,287800
2024-06-05,122.9800033569336,112.39645385742188,280900
2024-06-06,122.48999786376953,111.94862365722656,462900
2024-06-07,121.95999908447266,111.4642333984375,233300
2024-06-10,121.68000030517578,111.20832824707031,343400
2024-06-11,120.22000122070312,110.72020721435547,316500
2024-06-12,120.2300033569336,110.72941589355469,333500
2024-06-13,119.79000091552734,110.32418823242188,396900
2024-06-14,118.9800033569336,109.57820129394531,435400
2024-06-17,119.45999908447266,110.02027130126953,459200
2024-06-18,120.0199966430664,110.53600311279297,1580700
2024-06-20,120.69000244140625,111.153076171875,452900
2024-06-21,120.62000274658203,111.0886001586914,400000
2024-06-24,122.30000305175781,112.6358413696289,360700
2024-06-25,120.98999786376953,111.42935943603516,246800
2024-06-26,120.56999969482422,111.04256439208984,295900
2024-06-27,120.33000183105469,110.82151794433594,335600
2024-06-28,120.9800033569336,111.42015838623047,321600
2024-07-01,120.30999755859375,110.80309295654297,331900
2024-07-02,120.79000091552734,111.24516296386719,441300
2024-07-03,120.55000305175781,111.02412414550781,139300
2024-07-05,119.98999786376953,110.50838470458984,359200
2024-07-08,120.2300033569336,110.72941589355469,333200
2024-07-09,120.44999694824219,110.9320297241211,507100
2024-07-10,121.68000030517578,112.06482696533203,361500
2024-07-11,124.08000183105469,114.27519226074219,498500
2024-07-12,125.04000091552734,115.1593246459961,472500
2024-07-15,125.1500015258789,115.2606430053711,304300
2024-07-16,127.19999694824219,117.14864349365234,519700
2024-07-17,128.4499969482422,118.29986572265625,442900
2024-07-18,127.37999725341797,117.31442260742188,450900
2024-07-19,126.80999755859375,116.78946685791016,1439000
2024-07-22,127.5,117.42493438720703,426200
2024-07-23,127.06999969482422,117.02892303466797,253400
2024-07-24,127.51000213623047,117.43415069580078,314200
2024-07-25,128.1699981689453,118.04199981689453,314600
2024-07-26,129.49000549316406,119.25769805908203,446500
2024-07-29,129.3699951171875,119.14717102050781,284300
2024-07-30,130.1199951171875,119.83790588378906,378300
2024-07-31,130.10000610351562,119.81950378417969,400000
2024-08-01,129.4600067138672,119.23007202148438,365000
2024-08-02,127.62999725341797,117.54466247558594,486700
2024-08-05,123.94999694824219,114.15545654296875,841100
2024-08-06,124.88999938964844,115.02118682861328,474800
2024-08-07,124.7300033569336,114.87383270263672,343400
2024-08-08,126.16999816894531,116.20004272460938,256800
2024-08-09,126.33000183105469,116.34739685058594,225200
2024-08-12,126.06999969482422,116.1079330444336,334800
2024-08-13,127.2699966430664,117.21310424804688,244900
2024-08-14,127.63999938964844,117.55387878417969,215500
2024-08-15,128.57000732421875,118.410400390625,332500
2024-08-16,129.57000732421875,119.33138275146484,277400
2024-08-19,130.38999938964844,120.08657836914062,284000
2024-08-20,129.91000366210938,119.6445083618164,290300
2024-08-21,130.47000122070312,120.16024780273438,375900
2024-08-22,130.57000732421875,120.25236511230469,293600
2024-08-23,132.25999450683594,121.80879211425781,407400
2024-08-26,132.7100067138672,122.22325134277344,251700
2024-08-27,132.2100067138672,121.76277160644531,992300
2024-08-28,132.36000061035156,121.90090942382812,294000
2024-08-29,132.9499969482422,122.44429779052734,332400
2024-08-30,134.07000732421875,123.47577667236328,290200
2024-09-03,133.5,122.95082092285156,278100
2024-09-04,133.3699951171875,122.83110809326172,372600
2024-09-05,132.72999572753906,122.24166107177734,418900
2024-09-06,131.2100067138672,120.84178161621094,486800
2024-09-09,132.5800018310547,122.103515625,300100
2024-09-10,132.24000549316406,121.7904052734375,225700
2024-09-11,131.5500030517578,121.1549301147461,325300
2024-09-12,132.16000366210938,121.71671295166016,371000
2024-09-13,133.63999938964844,123.07974243164062,267500
2024-09-16,134.9199981689453,124.25862121582031,947700
2024-09-17,134.92999267578125,124.267822265625,273400
2024-09-18,134.7100067138672,124.0652084350586,301400
2024-09-19,135.4600067138672,124.75594329833984,300200
2024-09-20,135.25999450683594,124.57174682617188,219100
2024-09-23,135.74000549316406,125.0138168334961,313900
2024-09-24,135.58999633789062,124.87567138671875,250600
2024-09-25,133.25999450683594,124.14897918701172,232100
2024-09-26,134.08999633789062,124.92225646972656,375700
2024-09-27,134.74000549316406,125.5278091430664,427700
2024-09-30,135.07000732421875,125.83525085449219,380700
2024-10-01,134.61000061035156,125.40670776367188,339200
2024-10-02,134.02999877929688,124.8663558959961,271400
2024-10-03,133.3800048828125,124.26081085205078,250000
2024-10-04,134.2100067138672,125.03407287597656,224900
2024-10-07,132.97000122070312,123.87882995605469,417400
2024-10-08,132.80999755859375,123.72977447509766,364400
2024-10-09,133.44000244140625,124.31668853759766,279800
2024-10-10,132.8000030517578,123.720458984375,323200
2024-10-11,134.27999877929688,125.09925842285156,230700
2024-10-14,135.14999389648438,125.9097671508789,243200
2024-10-15,135.6199951171875,126.34764862060547,338800
2024-10-16,137.1300048828125,127.75438690185547,258200
2024-10-17,136.57000732421875,127.2326889038086,1186200
2024-10-18,136.8800048828125,127.5215072631836,297100
2024-10-21,135.33999633789062,126.0867691040039,438300
2024-10-22,135.2100067138672,125.96566772460938,253500
2024-10-23,135.42999267578125,126.17062377929688,175700
2024-10-24,135.07000732421875,125.83525085449219,378600
2024-10-25,133.64999389648438,124.51232147216797,285500
2024-10-28,135.0,125.77001190185547,294300
2024-10-29,133.3699951171875,124.25146484375,235200
2024-10-30,134.33999633789062,125.15515899658203,287300
2024-10-31,134.75,125.5371322631836,317300
2024-11-01,133.52000427246094,124.39122772216797,300100
2024-11-04,133.3800048828125,124.26081085205078,269700
2024-11-05,134.9199981689453,125.69548797607422,230100
2024-11-06,138.42999267578125,128.96551513671875,827200
2024-11-07,137.50999450683594,128.10841369628906,366000
2024-11-08,138.16000366210938,128.71397399902344,301300
2024-11-11,139.10000610351562,129.58975219726562,327500
2024-11-12,138.14999389648438,128.7046661376953,285000
2024-11-13,138.24000549316406,128.78851318359375,267200
2024-11-14,137.94000244140625,128.509033203125,262200
2024-11-15,138.3300018310547,128.8723602294922,619500
2024-11-18,139.16000366210938,129.6456298828125,220900
2024-11-19,138.55999755859375,129.08663940429688,291300
2024-11-20,139.0,129.49656677246094,295600
2024-11-21,140.8000030517578,131.1735076904297,399300
2024-11-22,142.0800018310547,132.36598205566406,269700
2024-11-25,143.39999389648438,133.59571838378906,311300
2024-11-26,143.3000030517578,133.5025634765625,269400
2024-11-27,143.17999267578125,133.39076232910156,348800
2024-11-29,143.41000366210938,133.60504150390625,186000
2024-12-02,141.85000610351562,132.15171813964844,577300
2024-12-03,141.0,131.3598175048828,348700
2024-12-04,140.4199981689453,130.81947326660156,435000
2024-12-05,140.61000061035156,130.99647521972656,382100
2024-12-06,139.7899932861328,130.23252868652344,434000
2024-12-09,138.6999969482422,129.21705627441406,518800
2024-12-10,138.17999267578125,128.7325897216797,549300
2024-12-11,137.3699951171875,127.97799682617188,538400
2024-12-12,137.07000732421875,127.69851684570312,450500
2024-12-13,136.9600067138672,127.59602355957031,448300
2024-12-16,136.22999572753906,126.91594696044922,2053600
2024-12-17,133.66000366210938,125.73628234863281,734400
2024-12-18,129.6999969482422,122.01103210449219,852800
2024-12-19,129.5500030517578,121.86993408203125,1139300
2024-12-20,131.36000061035156,123.5726318359375,804500
2024-12-23,131.64999389648438,123.8454360961914,973100
2024-12-24,132.50999450683594,124.6544418334961,651400
2024-12-26,132.64999389648438,124.7861328125,668600
2024-12-27,131.9499969482422,124.12765502929688,931800
2024-12-30,130.9199981689453,123.15870666503906,655200
2024-12-31,131.2899932861328,123.50677490234375,500500
2025-01-02,131.07000732421875,123.29983520507812,672400
2025-01-03,131.8800048828125,124.06180572509766,361300
2025-01-06,131.0,123.23396301269531,456500
2025-01-07,130.8000030517578,123.04582977294922,409100
2025-01-08,130.8800048828125,123.12108612060547,369200
2025-01-10,128.5800018310547,120.95744323730469,950100
2025-01-13,129.4199981689453,121.74764251708984,532700
2025-01-14,131.1199951171875,123.34686279296875,225300
2025-01-15,132.8000030517578,124.92728424072266,394900
2025-01-16,133.9199981689453,125.98086547851562,1677100
2025-01-17,134.8000030517578,126.8087158203125,501100
2025-01-21,136.13999938964844,128.0692596435547,1044900
2025-01-22,134.00999450683594,126.06552124023438,403600
2025-01-23,134.30999755859375,126.34773254394531,421600
2025-01-24,135.10000610351562,127.09090423583984,283800
2025-01-27,136.1300048828125,128.05987548828125,1513900
2025-01-28,134.9600067138672,126.95923614501953,439600
2025-01-29,134.64999389648438,126.6675796508789,394400
2025-01-30,135.6999969482422,127.65534973144531,446900
2025-01-31,134.75,126.76167297363281,605500
2025-02-03,134.25,126.29129791259766,547600
2025-02-04,134.1999969482422,126.24427795410156,529100
2025-02-05,134.6300048828125,126.64876556396484,271100
2025-02-06,134.94000244140625,126.94039916992188,511700
2025-02-07,134.10000610351562,126.15019226074219,440300
2025-02-10,134.3800048828125,126.41360473632812,332000
2025-02-11,135.2100067138672,127.19438171386719,288100
2025-02-12,134.47999572753906,126.5076675415039,458600
2025-02-13,135.74000549316406,127.69297790527344,231000
2025-02-14,135.7100067138672,127.66476440429688,311300
2025-02-18,137.08999633789062,128.96290588378906,360200
2025-02-19,137.7100067138672,129.5462188720703,297200
2025-02-20,137.30999755859375,129.1698760986328,296200
2025-02-21,136.69000244140625,128.58663940429688,358300
2025-02-24,136.97999572753906,128.85946655273438,303300
2025-02-25,137.07000732421875,128.9441375732422,255500
2025-02-26,136.88999938964844,128.7747802734375,368500
2025-02-27,136.42999267578125,128.34205627441406,270500
2025-02-28,138.10000610351562,129.91307067871094,398400
2025-03-03,137.4499969482422,129.30160522460938,540700
2025-03-04,133.72000122070312,125.79273223876953,579800
2025-03-05,133.83999633789062,125.90560913085938,766900
2025-03-06,132.97999572753906,125.09658813476562,386300
2025-03-07,134.3000030517578,126.33834075927734,389000
2025-03-10,133.38999938964844,125.48229217529297,360000
2025-03-11,131.69000244140625,123.88308715820312,574200
2025-03-12,130.9499969482422,123.18692016601562,536400
2025-03-13,130.6199951171875,122.87650299072266,309400
2025-03-14,133.1699981689453,125.27532196044922,242500
2025-03-17,134.50999450683594,126.53588104248047,309200
2025-03-18,132.97000122070312,126.07036590576172,344300
2025-03-19,133.83999633789062,126.89522552490234,1629700
2025-03-20,133.47999572753906,126.55390930175781,391600
2025-03-21,132.77000427246094,125.88075256347656,393300
2025-03-24,133.8699951171875,126.92366790771484,311700
2025-03-25,133.1199951171875,126.21256256103516,276500
2025-03-26,133.91000366210938,126.96160125732422,234100
2025-03-27,133.8300018310547,126.88574981689453,292500
2025-03-28,132.74000549316406,125.85230255126953,240800
2025-03-31,134.2899932861328,127.32186126708984,527600
2025-04-01,134.17999267578125,127.21758270263672,576900
2025-04-02,134.86000061035156,127.8622817993164,273100
2025-04-03,129.0500030517578,122.3537826538086,952600
2025-04-04,122.06999969482422,115.73595428466797,1869300
2025-04-07,120.5199966430664,114.26638793945312,1125700
2025-04-08,118.37000274658203,112.22794342041016,754200
2025-04-09,125.76000213623047,119.23448181152344,1027100
2025-04-10,122.20999908447266,115.86868286132812,719800
2025-04-11,124.04000091552734,117.6037368774414,321500
2025-04-14,126.16000366210938,119.61373138427734,494400
2025-04-15,125.83999633789062,119.3103256225586,236400
2025-04-16,124.47000122070312,118.01142120361328,316100
2025-04-17,125.86000061035156,119.32929992675781,704700
2025-04-21,123.5999984741211,117.18656158447266,1229700
2025-04-22,126.61000061035156,120.0403823852539,334300
2025-04-23,126.91999816894531,120.33428192138672,475400
2025-04-24,128.41000366210938,121.74697875976562,293800
2025-04-25,127.66000366210938,121.03590393066406,219600
2025-04-28,128.2899932861328,121.63319396972656,232800
2025-04-29,128.89999389648438,122.2115478515625,316900
2025-04-30,128.3800048828125,121.71853637695312,296800
2025-05-01,128.05999755859375,121.4151382446289,409300
2025-05-02,129.77999877929688,123.04589080810547,236400
2025-05-05,129.22999572753906,122.5244140625,303200
2025-05-06,128.74000549316406,122.05986785888672,301400
2025-05-07,129.1199951171875,122.42013549804688,242900
2025-05-08,129.77000427246094,123.03640747070312,359400
2025-05-09,129.6300048828125,122.90367889404297,304200
2025-05-12,131.86000061035156,125.01797485351562,491700
2025-05-13,131.47000122070312,124.64820098876953,372800
2025-05-14,130.72999572753906,123.94660186767578,402500
2025-05-15,132.47999572753906,125.60578918457031,398500
2025-05-16,133.77999877929688,126.83831787109375,298800
2025-05-19,133.94000244140625,126.99004364013672,385000
2025-05-20,133.7100067138672,126.77195739746094,203100
2025-05-21,130.50999450683594,123.7380142211914,230300
2025-05-22,130.05999755859375,123.31137084960938,323000
2025-05-23,130.32000732421875,123.55786895751953,291200
2025-05-27,132.1300048828125,125.27395629882812,529100
2025-05-28,130.3800048828125,123.61474609375,232100
2025-05-29,131.08999633789062,124.28791046142578,269800
2025-05-30,131.1699981689453,124.36376190185547,384400
2025-06-02,130.94000244140625,124.14568328857422,407900
2025-06-03,131.75999450683594,124.92314147949219,333000
2025-06-04,130.5800018310547,123.80438995361328,269200
2025-06-05,130.3300018310547,123.56734466552734,395300
2025-06-06,131.64999389648438,124.81885528564453,238200
2025-06-09,131.58999633789062,124.76197052001953,353800
2025-06-10,132.5399932861328,125.66267395019531,295400
2025-06-11,132.27000427246094,125.40669250488281,265200
2025-06-12,132.6199951171875,125.73853302001953,285100
2025-06-13,131.19000244140625,124.38274383544922,420200
2025-06-16,130.67999267578125,125.07470703125,1644000
2025-06-17,129.55999755859375,124.00275421142578,462100
2025-06-18,129.91000366210938,124.3377456665039,673800
2025-06-20,130.33999633789062,124.7492904663086,578900
2025-06-23,131.55999755859375,125.91695404052734,591900
2025-06-24,132.2100067138672,126.53910827636719,339300
2025-06-25,130.67999267578125,125.07470703125,440200
2025-06-26,131.97999572753906,126.31893157958984,309100
2025-06-27,132.13999938964844,126.47210693359375,290400
2025-06-30,132.80999755859375,127.11335754394531,561000
2025-07-01,135.36000061035156,129.55397033691406,508000
2025-07-02,136.2100067138672,130.36752319335938,421900
2025-07-03,136.64999389648438,130.78863525390625,256200
2025-07-07,135.47999572753906,129.6688232421875,387900
2025-07-08,135.9600067138672,130.1282196044922,327000
2025-07-09,136.0500030517578,130.21437072753906,483800
2025-07-10,137.13999938964844,131.25762939453125,290700
2025-07-11,136.19000244140625,130.34837341308594,261500
2025-07-14,136.10000610351562,130.2622528076172,437900
2025-07-15,133.8800048828125,128.13746643066406,444200
2025-07-16,134.32000732421875,128.55859375,596900
2025-07-17,135.02000427246094,129.2285614013672,1329400
2025-07-18,135.6199951171875,129.80282592773438,461300
2025-07-21,135.6999969482422,129.87939453125,440800
2025-07-22,137.52000427246094,131.621337890625,492600
2025-07-23,138.52999877929688,132.58799743652344,375100
2025-07-24,137.3699951171875,131.47775268554688,398000
2025-07-25,138.0800018310547,132.15731811523438,585900
2025-07-28,136.72999572753906,130.86521911621094,418100
2025-07-29,136.97999572753906,131.1044921875,356300
2025-07-30,135.66000366210938,129.84112548828125,229100
2025-07-31,135.0500030517578,129.2572784423828,361300
2025-08-01,133.92999267578125,128.18531799316406,326700
2025-08-04,135.44000244140625,129.6305389404297,302100
2025-08-05,135.8000030517578,129.97511291503906,314800
2025-08-06,135.27000427246094,129.4678497314453,453600
2025-08-07,135.6199951171875,129.80282592773438,357100
2025-08-08,136.10000610351562,130.2622528076172,248800
2025-08-11,135.7899932861328,129.96551513671875,285800
2025-08-12,137.33999633789062,131.4490509033203,232800
2025-08-13,139.32000732421875,133.34413146972656,254700
2025-08-14,138.75,132.79856872558594,202100
2025-08-15,138.19000244140625,132.26258850097656,236400
2025-08-18,137.8800048828125,131.96588134765625,254200
2025-08-19,139.07000732421875,133.10484313964844,280700
2025-08-20,139.44000244140625,133.45896911621094,210700
2025-08-21,139.2100067138672,133.2388458251953,168700
2025-08-22,142.17999267578125,136.08145141601562,397100
2025-08-25,141.19000244140625,135.1339111328125,389200
2025-08-26,141.1699981689453,135.11476135253906,283500
2025-08-27,141.94000244140625,135.8517303466797,274900
2025-08-28,141.27999877929688,135.2200469970703,410800
2025-08-29,141.86000061035156,135.77517700195312,245300
2025-09-02,141.07000732421875,135.01905822753906,273500
2025-09-03,140.88999938964844,134.84677124023438,237900
2025-09-04,141.89999389648438,135.8134307861328,260100
2025-09-05,141.74000549316406,135.6603240966797,339700
2025-09-08,141.05999755859375,135.0094757080078,389700
2025-09-09,141.16000366210938,135.1051788330078,389400
2025-09-10,141.1300048828125,135.0764923095703,270400
2025-09-11,142.57000732421875,136.45472717285156,255700
2025-09-12,141.92999267578125,135.8421630859375,208600
2025-09-15,141.2899932861328,135.2296142578125,1054700
2025-09-16,139.22000122070312,134.43394470214844,372600
2025-09-17,139.88999938964844,135.08091735839844,343100
2025-09-18,140.4499969482422,135.6216583251953,427700
2025-09-19,140.27999877929688,135.45750427246094,371900
2025-09-22,140.02000427246094,135.20643615722656,266100
2025-09-23,140.9499969482422,136.1044464111328,269900
2025-09-24,141.02000427246094,136.1720733642578,190700
2025-09-25,139.9600067138672,135.1485137939453,232100
2025-09-26,141.36000061035156,136.50038146972656,227300
2025-09-29,141.4199981689453,136.55831909179688,346100
2025-09-30,142.10000610351562,137.21495056152344,392000
2025-10-01,142.33999633789062,137.44668579101562,296000
2025-10-02,141.99000549316406,137.1087188720703,310100
2025-10-03,143.11000061035156,138.19021606445312,316600
2025-10-06,142.8800048828125,137.96812438964844,494400
2025-10-07,142.39999389648438,137.50460815429688,318200
2025-10-08,141.91000366210938,137.03146362304688,257000
2025-10-09,140.67999267578125,135.84375,235100
2025-10-10,138.16000366210938,133.41038513183594,524100
2025-10-13,139.47000122070312,134.67535400390625,319300
2025-10-14,141.1199951171875,136.2686309814453,252200
2025-10-15,141.44000244140625,136.57762145996094,217200
2025-10-16,139.27999877929688,134.4918670654297,1114800
2025-10-17,140.19000244140625,135.37060546875,233000
2025-10-20,141.27999877929688,136.42312622070312,222800
2025-10-21,141.33999633789062,136.48104858398438,177400
2025-10-22,141.25,136.3941650390625,305300
2025-10-23,141.42999267578125,136.56796264648438,296400
2025-10-24,142.57000732421875,137.6687774658203,337300
2025-10-27,142.47000122070312,137.57220458984375,264300
2025-10-28,141.33999633789062,136.48104858398438,292700
2025-10-29,140.39999389648438,135.5733642578125,542600
2025-10-30,139.4600067138672,134.6656951904297,367100
2025-10-31,139.1699981689453,134.38565063476562,453100
2025-11-03,138.6199951171875,133.8545684814453,333500
2025-11-04,138.10000610351562,133.35244750976562,345100
2025-11-05,138.88999938964844,134.11529541015625,264900
2025-11-06,138.77000427246094,133.99942016601562,337300
2025-11-07,140.2100067138672,135.38990783691406,418200
2025-11-10,140.52999877929688,135.69891357421875,312700
2025-11-11,141.8000030517578,136.9252471923828,366500
2025-11-12,142.0800018310547,137.1956329345703,288000
2025-11-13,140.94000244140625,136.09481811523438,408100
2025-11-14,140.63999938964844,135.8051300048828,354400
2025-11-17,138.89999389648438,134.12493896484375,476800
2025-11-18,139.57000732421875,134.7719268798828,424000
2025-11-19,138.42999267578125,133.6710968017578,574800
2025-11-20,137.3300018310547,132.6089324951172,661800
2025-11-21,139.9499969482422,135.13885498046875,792300
2025-11-24,140.35000610351562,135.5251007080078,517800
2025-11-25,141.89999389648438,137.02178955078125,520200
2025-11-26,143.0,138.083984375,322100
2025-11-28,143.55999755859375,138.62474060058594,236700
2025-12-01,142.50999450683594,137.61082458496094,359200
2025-12-02,141.22000122070312,136.36520385742188,537500
2025-12-03,141.88999938964844,137.0121612548828,425600
2025-12-04,141.82000732421875,136.94456481933594,423400
2025-12-05,141.85000610351562,136.97354125976562,1167300
2025-12-08,141.02999877929688,136.18173217773438,308800
2025-12-09,141.25999450683594,136.40379333496094,502300
2025-12-10,143.25999450683594,138.33505249023438,423900
2025-12-11,144.5399932861328,139.571044921875,463700
2025-12-12,144.14999389648438,139.1944580078125,362200
2025-12-15,144.42999267578125,139.46484375,472200
2025-12-16,141.7100067138672,138.38673400878906,533000
2025-12-17,142.14999389648438,138.81640625,433100
2025-12-18,142.24000549316406,138.90431213378906,561500
2025-12-19,141.8800048828125,138.55274963378906,484900
2025-12-22,142.3699951171875,139.03123474121094,570700
2025-12-23,141.97999572753906,138.650390625,335900
2025-12-24,142.57000732421875,139.2265625,195000
2025-12-26,142.6199951171875,139.275390625,302600
2025-12-29,142.3000030517578,138.962890625,724500
2025-12-30,142.2100067138672,138.87501525878906,334300
2025-12-31,141.13999938964844,137.83009338378906,398500
2026-01-02,142.6300048828125,139.28517150878906,701700
2026-01-05,143.60000610351562,140.23240661621094,1634600
2026-01-06,145.0500030517578,141.64840698242188,2040900
2026-01-07,142.6999969482422,139.353515625,624400
2026-01-08,144.91000366210938,141.51170349121094,639800
2026-01-09,145.6300048828125,142.21481323242188,446800
2026-01-12,145.2899932861328,141.8827667236328,654700
2026-01-13,145.25,141.8437042236328,549900
2026-01-14,146.99000549316406,143.54290771484375,594600
2026-01-15,147.83999633789062,144.3729705810547,504400
2026-01-16,147.52000427246094,144.0604705810547,478000
2026-01-20,146.24000549316406,142.81048583984375,828500
2026-01-21,148.97000122070312,145.4764862060547,543600
2026-01-22,148.72000122070312,145.2323455810547,633900
2026-01-23,147.88999938964844,144.4217987060547,486800
2026-01-26,148.94000244140625,145.44717407226562,482200
2026-01-27,149.49000549316406,145.98428344726562,384700
2026-01-28,149.85000610351562,146.33584594726562,566400
2026-01-29,150.16000366210938,146.63856506347656,874700
2026-01-30,150.4600067138672,146.93154907226562,412800
2026-02-02,151.1699981689453,147.6248779296875,1001200
2026-02-03,152.66000366210938,149.07994079589844,538300
2026-02-04,154.33999633789062,150.72055053710938,499000
2026-02-05,153.25,149.65609741210938,457300
2026-02-06,155.44000244140625,151.7947540283203,387500
2026-02-09,155.05999755859375,151.42364501953125,285500
2026-02-10,155.77000427246094,152.11700439453125,284100
2026-02-11,156.8800048828125,153.2009735107422,375100
2026-02-12,156.33999633789062,152.6736297607422,630500
2026-02-13,157.92999267578125,154.22634887695312,806200
2026-02-17,156.97000122070312,153.28887939453125,410500
2026-02-18,156.47999572753906,152.8103485107422,336200
2026-02-19,156.36000061035156,152.6931610107422,394600
2026-02-20,156.80999755859375,153.1326141357422,346900
2026-02-23,155.22999572753906,151.58966064453125,272500
2026-02-24,155.49000549316406,151.8435821533203,338300
2026-02-25,156.14999389648438,152.48809814453125,251200
2026-02-26,156.67999267578125,153.0056610107422,337500
2026-02-27,156.27999877929688,152.6150360107422,308400
2026-03-02,155.94000244140625,152.2830352783203,386000
2026-03-03,154.11000061035156,150.4959259033203,691600
2026-03-04,154.83999633789062,151.2088165283203,330400
2026-03-05,153.44000244140625,149.84164428710938,432300
2026-03-06,152.4199981689453,148.84556579589844,351800
2026-03-09,152.02999877929688,148.4647216796875,487100
2026-03-10,151.57000732421875,148.0155029296875,384900
2026-03-11,151.0800018310547,147.5369873046875,335200
2026-03-12,150.47000122070312,146.94129943847656,1108400
2026-03-13,150.57000732421875,147.03897094726562,375300
2026-03-16,151.14999389648438,147.60533142089844,359800
2026-03-17,150.86000061035156,148.4506378173828,327800
2026-03-18,148.80999755859375,146.43336486816406,570900
2026-03-19,148.30999755859375,145.9413604736328,748000
2026-03-20,145.92999267578125,143.599365234375,1186600
2026-03-23,147.63999938964844,145.2820587158203,615800
2026-03-24,148.97999572753906,146.6006622314453,661800
2026-03-25,149.52999877929688,147.14187622070312,479500
2026-03-26,150.02000427246094,147.62405395507812,483200
2026-03-27,149.5,147.1123504638672,339800
2026-03-30,150.02999877929688,147.63389587402344,417200
2026-03-31,151.41000366210938,148.99185180664062,724700
2026-04-01,151.02999877929688,148.617919921875,640600
2026-04-02,151.66000366210938,149.23785400390625,341600
2026-04-06,151.94000244140625,149.5133819580078,282100
2026-04-07,151.66000366210938,149.23785400390625,270400
2026-04-08,153.16000366210938,150.71389770507812,424600
2026-04-09,153.47000122070312,151.01895141601562,418500
2026-04-10,152.44000244140625,150.00540161132812,311100
2026-04-13,152.3800048828125,149.94635009765625,938000
2026-04-14,152.19000244140625,149.75938415527344,432600
2026-04-15,151.86000061035156,149.43466186523438,250100
2026-04-16,152.8800048828125,150.43836975097656,293800
2026-04-17,153.14999389648438,150.70404052734375,408100
2026-04-20,153.3699951171875,150.9205322265625,249900
2026-04-21,152.69000244140625,150.25140380859375,390200
2026-04-22,151.86000061035156,149.43466186523438,414200
2026-04-23,153.27000427246094,150.82215881347656,437100
2026-04-24,151.91000366210938,149.48385620117188,312600
2026-04-27,152.41000366210938,149.9758758544922,293900
2026-04-28,153.3699951171875,150.9205322265625,305000
2026-04-29,153.00999450683594,150.5662841796875,301000
2026-04-30,155.4600067138672,152.9771728515625,361600
2026-05-01,154.6300048828125,152.16043090820312,216200
2026-05-04,153.58999633789062,151.13702392578125,392100
2026-05-05,154.55999755859375,152.09153747558594,293300
2026-05-06,153.9499969482422,151.4912872314453,324300
2026-05-07,152.4499969482422,150.01522827148438,287100
2026-05-08,152.27999877929688,149.8479461669922,292200
2026-05-11,152.2100067138672,149.77908325195312,251900
2026-05-12,152.6699981689453,150.23171997070312,450400
2026-05-13,152.0399932861328,149.6117706298828,365700
2026-05-14,152.49000549316406,150.0546112060547,1001800
2026-05-15,150.9600067138672,148.54904174804688,568800
2026-05-18,152.5,150.06443786621094,440600
2026-05-19,152.6999969482422,150.26124572753906,365600
2026-05-20,153.27000427246094,150.82215881347656,410200
2026-05-21,154.1300048828125,151.6684112548828,362100
2026-05-22,155.75999450683594,153.27236938476562,284200
2026-05-26,155.24000549316406,152.76068115234375,335000
2026-05-27,155.27999877929688,152.80003356933594,326600
2026-05-28,155.07000732421875,152.59339904785156,302300
2026-05-29,154.9600067138672,152.4851531982422,294400
2026-06-01,153.7100067138672,151.25511169433594,459100
2026-06-02,154.8300018310547,152.3572235107422,308600
2026-06-03,153.66000366210938,151.20591735839844,409600
2026-06-04,154.91000366210938,152.4359588623047,292800
2026-06-05,155.39999389648438,152.91812133789062,423400
2026-06-08,154.41000366210938,151.94393920898438,401000
2026-06-09,155.5800018310547,153.09524536132812,462000
2026-06-10,156.05999755859375,153.5675811767578,415800
2026-06-11,156.97999572753906,154.47288513183594,427400
2026-06-12,158.83999633789062,156.3031768798828,544100
2026-06-15,156.25,154.97117614746094,497800
2026-06-16,156.41000366210938,155.12986755371094,326200
2026-06-17,153.6999969482422,152.44204711914062,2250100
2026-06-18,153.3000030517578,152.04531860351562,559300
2026-06-22,154.14999389648438,152.8883514404297,456900
2026-06-23,155.5800018310547,154.30665588378906,305900
2026-06-24,155.8699951171875,154.5942840576172,344500
2026-06-25,156.99000549316406,155.7051239013672,440600
2026-06-26,158.16000366210938,156.86553955078125,252300
2026-06-29,157.89999389648438,156.607666015625,314700
2026-06-30,156.3000030517578,155.02076721191406,429800
2026-07-01,157.0,155.7150421142578,376000
2026-07-02,159.0800018310547,157.77801513671875,441000
2026-07-06,158.4499969482422,157.15316772460938,417300
2026-07-07,159.80999755859375,158.5020294189453,337200
2026-07-08,158.14999389648438,156.85562133789062,302600
2026-07-09,158.11000061035156,156.81594848632812,307500
2026-07-10,159.4600067138672,158.1549072265625,434600
2026-07-13,160.49000549316406,159.17648315429688,332400
2026-07-14,159.47999572753906,158.1747283935547,241200
2026-07-15,159.6199951171875,158.31358337402344,338200
2026-07-16,162.47000122070312,161.14027404785156,423200
2026-07-17,161.8300018310547,160.50550842285156,402900
2026-07-20,160.8699951171875,159.55335998535156,2350200
2026-07-21,160.9600067138672,159.6426239013672,363800
2026-07-22,162.05999755859375,160.73361206054688,263100
2026-07-23,160.8800048828125,159.5632781982422,271900
2026-07-24,162.99000549316406,161.65602111816406,393200
2026-07-27,163.27000427246094,161.9337158203125,333500
2026-07-28,165.4199981689453,164.0661163330078,351200
2026-07-29,163.72000122070312,162.38003540039062,413300
2026-07-30,161.92999267578125,160.60467529296875,452200
2026-07-31,161.2100067138672,159.8905792236328,500300
2026-08-03,161.80999755859375,160.4856719970703,314900
2026-08-04,163.1999969482422,161.86428833007812,541600
2026-08-05,161.6699981689453,160.34681701660156,370000
2026-08-06,161.07000732421875,159.75172424316406,396100
2026-08-07,161.91000366210938,160.58485412597656,244700
2026-08-10,161.99000549316406,160.66419982910156,292500
2026-08-11,162.5800018310547,161.24937438964844,272800
2026-08-12,163.07000732421875,161.73536682128906,466600
2026-08-13,164.75999450683594,163.41151428222656,285100
2026-08-14,165.5,164.1454620361328,204900
2026-08-17,164.27999877929688,162.93545532226562,225000
2026-08-18,164.9499969482422,163.59996032714844,338900
2026-08-19,165.47000122070312,164.11570739746094,287400
2026-08-20,164.36000061035156,163.01480102539062,230100
2026-08-21,164.08999633789062,162.74700927734375,256800
2026-08-24,164.63999938964844,163.29251098632812,232400
2026-08-25,164.11000061035156,162.766845703125,246100
2026-08-26,164.97000122070312,163.61981201171875,194300
2026-08-27,163.85000610351562,162.50897216796875,222300
2026-08-28,163.8000030517578,162.45938110351562,333100
2026-08-31,162.5,161.17001342773438,344900
2026-09-01,162.80999755859375,161.47747802734375,232300
2026-09-02,163.99000549316406,162.6478271484375,569100
2026-09-03,164.97000122070312,163.61981201171875,307000
2026-09-04,164.25,162.90570068359375,276200
2026-09-08,163.30999755859375,161.973388671875,284000
2026-09-09,161.91000366210938,160.58485412597656,235800
2026-09-10,161.72000122070312,160.3964080810547,160700
2026-09-11,162.36000061035156,161.0311737060547,237100
2026-09-14,162.3800048828125,161.05101013183594,313400
2026-09-15,160.66000366210938,160.66000366210938,296800
2026-09-16,158.5399932861328,158.5399932861328,351200
