date,close,adjclose,volume
2002-07-30,81.7699966430664,40.13856887817383,41300
2002-07-31,82.5199966430664,40.506744384765625,32600
2002-08-01,82.86000061035156,40.67360305786133,71400
2002-08-02,83.5,40.987789154052734,120300
2002-08-05,83.91999816894531,41.1939582824707,159300
2002-08-06,83.23999786376953,40.86015701293945,90100
2002-08-07,83.5,40.987789154052734,38100
2002-08-08,83.20999908447266,40.84542465209961,142600
2002-08-09,83.83000183105469,41.14978790283203,99600
2002-08-12,84.0,41.233238220214844,38100
2002-08-13,84.66999816894531,41.56211471557617,109300
2002-08-14,84.41999816894531,41.43939208984375,146100
2002-08-15,83.93000030517578,41.198856353759766,60500
2002-08-16,83.37999725341797,40.92888641357422,55800
2002-08-19,83.45999908447266,40.968116760253906,41600
2002-08-20,84.2300033569336,41.34608840942383,56900
2002-08-21,84.0199966430664,41.243045806884766,37900
2002-08-22,83.56999969482422,41.02214050292969,43600
2002-08-23,83.94999694824219,41.20867156982422,26500
2002-08-26,83.98999786376953,41.22831726074219,27800
2002-08-27,83.73999786376953,41.105613708496094,38800
2002-08-28,84.05000305175781,41.25779724121094,40200
2002-08-29,84.44000244140625,41.449214935302734,101500
2002-08-30,84.5999984741211,41.52769470214844,28900
2002-09-03,85.2300033569336,41.98089599609375,110700
2002-09-04,85.19999694824219,41.96609115600586,77300
2002-09-05,85.54000091552734,42.13361358642578,57900
2002-09-06,84.87999725341797,41.80849838256836,32200
2002-09-09,84.76000213623047,41.74941635131836,88800
2002-09-10,85.05999755859375,41.89718246459961,21400
2002-09-11,84.75,41.74448013305664,77500
2002-09-12,85.19000244140625,41.961219787597656,39900
2002-09-13,85.58999633789062,42.15823745727539,125900
2002-09-16,85.62000274658203,42.17298889160156,108700
2002-09-17,85.9000015258789,42.3109245300293,30400
2002-09-18,86.0,42.36014175415039,76400
2002-09-19,86.43000030517578,42.57196807861328,61100
2002-09-20,86.4000015258789,42.55718994140625,128600
2002-09-23,86.88999938964844,42.798545837402344,293700
2002-09-24,87.19999694824219,42.951255798339844,158200
2002-09-25,86.54000091552734,42.6261100769043,88900
2002-09-26,86.4800033569336,42.59657669067383,256100
2002-09-27,87.05000305175781,42.87736511230469,199400
2002-09-30,87.55999755859375,43.128570556640625,97200
2002-10-01,86.54000091552734,42.752105712890625,150100
2002-10-02,86.83000183105469,42.895381927490234,43000
2002-10-03,86.77999877929688,42.87067794799805,37500
2002-10-04,86.87000274658203,42.915157318115234,61400
2002-10-07,87.20999908447266,43.0831298828125,80300
2002-10-08,87.05000305175781,43.00407028198242,134600
2002-10-09,87.48999786376953,43.2214241027832,94500
2002-10-10,86.98999786376953,42.97439193725586,120400
2002-10-11,86.37000274658203,42.66812515258789,133600
2002-10-14,86.30000305175781,42.63355255126953,51300
2002-10-15,84.8499984741211,41.91724395751953,167000
2002-10-16,84.8499984741211,41.91724395751953,124200
2002-10-17,84.4000015258789,41.6949348449707,205300
2002-10-18,84.6500015258789,41.818424224853516,98600
2002-10-21,84.0,41.49733352661133,572300
2002-10-22,83.95999908447266,41.47755813598633,197500
2002-10-23,84.13999938964844,41.56650924682617,64300
2002-10-24,84.54000091552734,41.76409912109375,41800
2002-10-25,84.91000366210938,41.94688034057617,566500
2002-10-28,85.01000213623047,41.99628448486328,22100
2002-10-29,85.77999877929688,42.376625061035156,118300
2002-10-30,85.7699966430664,42.37174606323242,53000
2002-10-31,86.20999908447266,42.58911895751953,71100
2002-11-01,85.4000015258789,42.33380889892578,63400
2002-11-04,85.12999725341797,42.199954986572266,85000
2002-11-05,84.9000015258789,42.085933685302734,426300
2002-11-06,85.18000030517578,42.22476577758789,135100
2002-11-07,86.01000213623047,42.63616180419922,68000
2002-11-08,86.22000122070312,42.740299224853516,27300
2002-11-11,86.44000244140625,42.84934616088867,52100
2002-11-12,86.16999816894531,42.71548080444336,48200
2002-11-13,86.2699966430664,42.765071868896484,330200
2002-11-14,85.19000244140625,42.229705810546875,71800
2002-11-15,85.25,42.259437561035156,40900
2002-11-18,85.33000183105469,42.29911422729492,35300
2002-11-19,85.4000015258789,42.33380889892578,11000
2002-11-20,84.93000030517578,42.10081481933594,251800
2002-11-21,84.44000244140625,41.857913970947266,95000
2002-11-22,84.33999633789062,41.808349609375,144800
2002-11-25,84.20999908447266,41.74391555786133,49700
2002-11-26,84.97000122070312,42.12065887451172,103800
2002-11-27,84.0,41.639808654785156,324900
2002-11-29,84.12000274658203,41.69931411743164,15000
2002-12-02,83.56999969482422,41.68433380126953,78000
2002-12-03,83.55999755859375,41.67931365966797,38200
2002-12-04,83.8499984741211,41.82400131225586,135600
2002-12-05,84.08000183105469,41.938716888427734,194900
2002-12-06,84.41999816894531,42.108299255371094,194800
2002-12-09,84.73999786376953,42.267921447753906,143900
2002-12-10,84.66999816894531,42.233009338378906,154600
2002-12-11,84.94999694824219,42.372676849365234,287200
2002-12-12,85.0199966430664,42.40757369995117,69800
2002-12-13,84.70999908447266,42.253013610839844,32400
2002-12-16,84.36000061035156,42.078392028808594,37600
2002-12-17,84.55999755859375,42.17815399169922,73700
2002-12-18,85.08000183105469,42.4375114440918,106600
2002-12-19,85.5199966430664,42.65693664550781,187800
2002-12-20,85.5199966430664,42.65693664550781,79900
2002-12-23,85.47000122070312,42.632057189941406,109300
2002-12-24,85.79000091552734,42.79164123535156,37400
2002-12-26,85.91999816894531,42.85651397705078,85200
2002-12-27,86.43000030517578,43.11088562011719,149600
2002-12-30,86.58999633789062,43.1906852722168,60700
2002-12-31,86.1500015258789,43.178672790527344,194300
2003-01-02,84.79000091552734,42.49703598022461,106700
2003-01-03,84.93000030517578,42.567203521728516,518400
2003-01-06,84.72000122070312,42.4619255065918,214500
2003-01-07,84.98999786376953,42.597251892089844,101700
2003-01-08,85.19000244140625,42.69753646850586,162600
2003-01-09,84.16000366210938,42.18125915527344,98000
2003-01-10,84.25,42.226383209228516,235800
2003-01-13,84.4000015258789,42.301578521728516,219700
2003-01-14,84.5999984741211,42.40177536010742,204500
2003-01-15,84.79000091552734,42.49703598022461,239000
2003-01-16,84.76000213623047,42.48200607299805,205700
2003-01-17,85.11000061035156,42.657379150390625,60100
2003-01-21,85.4000015258789,42.80276107788086,82600
2003-01-22,85.75,42.97822189331055,120500
2003-01-23,85.56999969482422,42.887969970703125,78300
2003-01-24,85.73999786376953,42.97317123413086,209400
2003-01-27,85.4800033569336,42.84283447265625,413800
2003-01-28,85.48999786376953,42.847869873046875,1596500
2003-01-29,85.12000274658203,42.66240310668945,83200
2003-01-30,85.44999694824219,42.82782745361328,31700
2003-01-31,85.48999786376953,42.847869873046875,44000
2003-02-03,85.08000183105469,42.781494140625,57400
2003-02-04,85.36000061035156,42.92226028442383,88700
2003-02-05,85.02999877929688,42.756324768066406,138100
2003-02-06,85.36000061035156,42.92226028442383,92500
2003-02-07,85.4000015258789,42.94239807128906,44200
2003-02-10,85.23999786376953,42.86196517944336,29100
2003-02-11,85.31999969482422,42.90219497680664,272100
2003-02-12,85.69000244140625,43.08820724487305,50300
2003-02-13,86.0,43.24410629272461,107100
2003-02-14,85.69999694824219,43.09328079223633,51300
2003-02-18,85.69999694824219,43.09328079223633,62600
2003-02-19,86.0199966430664,43.2541618347168,34600
2003-02-20,86.31999969482422,43.4050178527832,59400
2003-02-21,86.0,43.24410629272461,21500
2003-02-24,86.33999633789062,43.41505813598633,47000
2003-02-25,86.45999908447266,43.47540283203125,72800
2003-02-26,86.72000122070312,43.60615158081055,52900
2003-02-27,86.80000305175781,43.646400451660156,209300
2003-02-28,87.08999633789062,43.79219055175781,80700
2003-03-03,87.02999877929688,43.88296890258789,24800
2003-03-04,87.19999694824219,43.96867370605469,41100
2003-03-05,87.36000061035156,44.04934310913086,50500
2003-03-06,87.18000030517578,43.9586296081543,83600
2003-03-07,87.47000122070312,44.104827880859375,79800
2003-03-10,87.76000213623047,44.25105667114258,58500
2003-03-11,87.73999786376953,44.2409782409668,61200
2003-03-12,87.54000091552734,44.14010238647461,51600
2003-03-13,86.56999969482422,43.6510009765625,326900
2003-03-14,86.8499984741211,43.79222106933594,50800
2003-03-17,86.16999816894531,43.449283599853516,98700
2003-03-18,85.69999694824219,43.212364196777344,203900
2003-03-19,85.29000091552734,43.005611419677734,152800
2003-03-20,85.3499984741211,43.035858154296875,170600
2003-03-21,84.56999969482422,42.642608642578125,148800
2003-03-24,85.38999938964844,43.056034088134766,45800
2003-03-25,85.4000015258789,43.061065673828125,107500
2003-03-26,85.5999984741211,43.1618766784668,75400
2003-03-27,85.76000213623047,43.24260711669922,45800
2003-03-28,85.9000015258789,43.31319808959961,144700
2003-03-31,86.5199966430664,43.62581253051758,99300
2003-04-01,86.16000366210938,43.56966018676758,36500
2003-04-02,85.55000305175781,43.261199951171875,147400
2003-04-03,85.69999694824219,43.3370475769043,170400
2003-04-04,85.55000305175781,43.261199951171875,26400
2003-04-07,85.3499984741211,43.160072326660156,62300
2003-04-08,85.66999816894531,43.32188034057617,41500
2003-04-09,85.95999908447266,43.46856689453125,101000
2003-04-10,85.7300033569336,43.352237701416016,77900
2003-04-11,85.51000213623047,43.24099349975586,102800
2003-04-14,85.2699966430664,43.11958312988281,107700
2003-04-15,85.56999969482422,43.271324157714844,27600
2003-04-16,85.76000213623047,43.367401123046875,23700
2003-04-17,85.6500015258789,43.31175994873047,20600
2003-04-21,85.48999786376953,43.23086166381836,24300
2003-04-22,85.51000213623047,43.24099349975586,24200
2003-04-23,85.47000122070312,43.22077178955078,75600
2003-04-24,85.97000122070312,43.47358703613281,87400
2003-04-25,86.11000061035156,43.54439926147461,325600
2003-04-28,86.0199966430664,43.498878479003906,41300
2003-04-29,85.87000274658203,43.423011779785156,54900
2003-04-30,86.38999938964844,43.68600082397461,113200
2003-05-01,86.12000274658203,43.7225341796875,77200
2003-05-02,85.6500015258789,43.48391342163086,158900
2003-05-05,85.91999816894531,43.620975494384766,76900
2003-05-06,86.44999694824219,43.890052795410156,74900
2003-05-07,87.05000305175781,44.194679260253906,159400
2003-05-08,87.13999938964844,44.2403678894043,113200
2003-05-09,87.27999877929688,44.31144332885742,82800
2003-05-12,87.6500015258789,44.49932861328125,36300
2003-05-13,87.7300033569336,44.5399055480957,120300
2003-05-14,88.20999908447266,44.78364562988281,177500
2003-05-15,88.12000274658203,44.737911224365234,68500
2003-05-16,88.58999633789062,44.97652816772461,137800
2003-05-19,88.56999969482422,44.96640396118164,69000
2003-05-20,89.16000366210938,45.26591110229492,130900
2003-05-21,88.87999725341797,45.123741149902344,83500
2003-05-22,89.30000305175781,45.33695983886719,414300
2003-05-23,89.19999694824219,45.28620910644531,82200
2003-05-27,88.87000274658203,45.11867141723633,176200
2003-05-28,88.88999938964844,45.128849029541016,204400
2003-05-29,89.36000061035156,45.36748504638672,97800
2003-05-30,89.30999755859375,45.342079162597656,165000
2003-06-02,88.72000122070312,45.165916442871094,165700
2003-06-03,89.30999755859375,45.466331481933594,77000
2003-06-04,89.56999969482422,45.59862518310547,183600
2003-06-05,89.25,45.43574142456055,61500
2003-06-06,89.1500015258789,45.38486099243164,110900
2003-06-09,89.63999938964844,45.6342887878418,48800
2003-06-10,90.13999938964844,45.888790130615234,65600
2003-06-11,89.94999694824219,45.792091369628906,79600
2003-06-12,90.30000305175781,45.970340728759766,50100
2003-06-13,90.62999725341797,46.138309478759766,75200
2003-06-16,90.16000366210938,45.8990364074707,161200
2003-06-17,89.66999816894531,45.64957809448242,135200
2003-06-18,89.12999725341797,45.374656677246094,252300
2003-06-19,89.26000213623047,45.440799713134766,202600
2003-06-20,89.12000274658203,45.36960220336914,61300
2003-06-23,89.45999908447266,45.54266357421875,38100
2003-06-24,89.87999725341797,45.756465911865234,132200
2003-06-25,89.19999694824219,45.410316467285156,164700
2003-06-26,88.31999969482422,44.96233367919922,470200
2003-06-27,88.23999786376953,44.92158126831055,244200
2003-06-30,88.44999694824219,45.028480529785156,126500
2003-07-01,88.0199966430664,45.148006439208984,167200
2003-07-02,88.11000061035156,45.194156646728516,86900
2003-07-03,87.55000305175781,44.906898498535156,205300
2003-07-07,87.08000183105469,44.6658821105957,196100
2003-07-08,87.11000061035156,44.681209564208984,156700
2003-07-09,87.2699966430664,44.763328552246094,90600
2003-07-10,87.47000122070312,44.86587142944336,292800
2003-07-11,87.77999877929688,45.02490234375,37900
2003-07-14,87.2699966430664,44.763328552246094,187400
2003-07-15,86.08000183105469,44.15293884277344,530600
2003-07-16,86.11000061035156,44.1683349609375,304400
2003-07-17,85.93000030517578,44.07598876953125,173800
2003-07-18,85.70999908447266,43.963134765625,182600
2003-07-21,84.58999633789062,43.388648986816406,497800
2003-07-22,84.88999938964844,43.54255294799805,121500
2003-07-23,85.1500015258789,43.67586898803711,209400
2003-07-24,84.81999969482422,43.5066032409668,186300
2003-07-25,84.70999908447266,43.45022201538086,34700
2003-07-28,84.08999633789062,43.1322135925293,124100
2003-07-29,83.2699966430664,42.71159362792969,297800
2003-07-30,83.94000244140625,43.055259704589844,158600
2003-07-31,83.37999725341797,42.768009185791016,241800
2003-08-01,83.0,42.94234085083008,160400
2003-08-04,83.61000061035156,43.25796127319336,498600
2003-08-05,83.05000305175781,42.96826171875,169300
2003-08-06,83.9000015258789,43.40797424316406,338000
2003-08-07,84.19999694824219,43.5632438659668,292400
2003-08-08,84.19000244140625,43.55802536010742,235900
2003-08-11,83.83999633789062,43.37696838378906,150300
2003-08-12,83.69000244140625,43.2993278503418,197500
2003-08-13,82.76000213623047,42.81818389892578,346200
2003-08-14,82.93000030517578,42.906124114990234,314300
2003-08-15,82.9000015258789,42.890628814697266,10700
2003-08-18,83.1500015258789,43.01991653442383,137700
2003-08-19,83.80999755859375,43.36145782470703,162100
2003-08-20,83.41000366210938,43.154476165771484,99000
2003-08-21,83.0999984741211,42.99412155151367,129800
2003-08-22,83.16000366210938,43.02510452270508,241900
2003-08-25,82.80000305175781,42.83889389038086,99600
2003-08-26,83.0999984741211,42.99412155151367,87500
2003-08-27,82.9000015258789,42.890628814697266,50800
2003-08-28,83.4800033569336,43.190731048583984,64600
2003-08-29,83.25,43.071693420410156,62600
2003-09-02,82.1500015258789,42.89628219604492,118000
2003-09-03,82.36000061035156,43.00589370727539,105600
2003-09-04,82.88999938964844,43.28266525268555,145000
2003-09-05,83.94000244140625,43.83095169067383,130000
2003-09-08,83.55000305175781,43.627281188964844,224000
2003-09-09,83.94999694824219,43.83616256713867,69300
2003-09-10,84.5199966430664,44.13378143310547,136800
2003-09-11,84.22000122070312,43.97715377807617,79200
2003-09-12,84.55999755859375,44.15471267700195,146000
2003-09-15,84.70999908447266,44.23300552368164,125700
2003-09-16,84.63999938964844,44.19645309448242,80100
2003-09-17,85.11000061035156,44.44187545776367,177100
2003-09-18,85.0999984741211,44.436641693115234,132200
2003-09-19,85.0999984741211,44.436641693115234,195200
2003-09-22,84.7300033569336,44.243446350097656,249500
2003-09-23,84.93000030517578,44.347896575927734,96300
2003-09-24,85.36000061035156,44.57243728637695,258000
2003-09-25,85.4800033569336,44.635066986083984,314800
2003-09-26,86.12999725341797,44.97451400756836,281300
2003-09-29,85.76000213623047,44.78130340576172,97500
2003-09-30,86.58999633789062,45.21465301513672,450400
2003-10-01,86.23999786376953,45.41534423828125,102100
2003-10-02,85.93000030517578,45.2520751953125,163500
2003-10-03,84.73999786376953,44.625450134277344,319500
2003-10-06,84.98999786376953,44.757049560546875,89900
2003-10-07,84.5,44.499046325683594,93000
2003-10-08,84.6500015258789,44.57798767089844,116100
2003-10-09,84.37999725341797,44.4358024597168,173700
2003-10-10,84.62999725341797,44.56747055053711,73400
2003-10-13,84.5,44.499046325683594,62100
2003-10-14,84.16000366210938,44.31999206542969,118700
2003-10-15,83.86000061035156,44.16194534301758,62800
2003-10-16,83.4000015258789,43.919700622558594,89600
2003-10-17,83.8499984741211,44.15669250488281,84800
2003-10-20,83.91000366210938,44.188323974609375,90700
2003-10-21,84.05999755859375,44.26734161376953,213400
2003-10-22,84.66999816894531,44.58857727050781,167300
2003-10-23,84.4000015258789,44.44637680053711,146700
2003-10-24,84.98999786376953,44.757049560546875,136500
2003-10-27,84.76000213623047,44.63593292236328,171300
2003-10-28,85.16000366210938,44.846580505371094,174300
2003-10-29,84.61000061035156,44.556949615478516,111400
2003-10-30,84.30000305175781,44.39370346069336,302000
2003-10-31,84.5999984741211,44.55166244506836,77600
2003-11-03,84.0,44.3820915222168,133500
2003-11-04,84.30000305175781,44.54059600830078,84700
2003-11-05,84.0,44.3820915222168,172900
2003-11-06,83.56999969482422,44.15489196777344,143700
2003-11-07,83.43000030517578,44.08096694946289,112900
2003-11-10,83.4000015258789,44.065025329589844,97800
2003-11-11,83.52999877929688,44.1337776184082,27300
2003-11-12,83.80000305175781,44.27644729614258,80200
2003-11-13,84.52999877929688,44.66212463378906,134700
2003-11-14,84.98999786376953,44.9051399230957,70000
2003-11-17,85.08999633789062,44.95800018310547,113300
2003-11-18,85.44000244140625,45.1429328918457,95700
2003-11-19,84.86000061035156,44.83648681640625,524800
2003-11-20,85.38999938964844,45.11647033691406,59600
2003-11-21,85.3499984741211,45.09535598754883,237400
2003-11-24,84.9000015258789,44.857601165771484,164400
2003-11-25,85.11000061035156,44.96854782104492,126400
2003-11-26,84.9000015258789,44.857601165771484,56800
2003-11-28,84.33999633789062,44.56171417236328,121400
2003-12-01,83.5999984741211,44.28942108154297,201100
2003-12-02,83.83999633789062,44.41654968261719,278700
2003-12-03,83.62000274658203,44.300048828125,119300
2003-12-04,83.80000305175781,44.39539337158203,78000
2003-12-05,84.81999969482422,44.93573760986328,1858200
2003-12-08,84.5,44.7662239074707,107200
2003-12-09,84.08000183105469,44.54367446899414,282800
2003-12-10,84.29000091552734,44.654972076416016,158200
2003-12-11,84.80000305175781,44.92521286010742,52200
2003-12-12,84.80000305175781,44.92521286010742,96700
2003-12-15,84.76000213623047,44.90394973754883,204500
2003-12-16,84.93000030517578,45.44440841674805,79000
2003-12-17,85.1500015258789,45.56208801269531,92600
2003-12-18,85.44000244140625,45.717281341552734,71900
2003-12-19,85.44999694824219,45.72262954711914,342100
2003-12-22,85.22000122070312,45.59957504272461,80500
2003-12-23,84.63999938964844,45.2891845703125,87400
2003-12-24,85.16999816894531,45.57281494140625,33900
2003-12-26,85.44000244140625,45.717281341552734,120800
2003-12-29,84.91999816894531,45.43902587890625,88300
2003-12-30,84.83000183105469,45.390907287597656,86500
2003-12-31,84.69999694824219,45.47084426879883,182200
2004-01-02,84.0199966430664,45.105777740478516,259700
2004-01-05,83.94999694824219,45.0682373046875,210700
2004-01-06,84.58000183105469,45.40642547607422,144300
2004-01-07,84.7699966430664,45.50847625732422,66500
2004-01-08,84.7699966430664,45.50847625732422,140000
2004-01-09,85.7699966430664,46.0452766418457,914600
2004-01-12,85.7699966430664,46.0452766418457,136000
2004-01-13,86.2300033569336,46.292236328125,77200
2004-01-14,86.4000015258789,46.38350296020508,114200
2004-01-15,86.44999694824219,46.410362243652344,472900
2004-01-16,86.08999633789062,46.21712112426758,64400
2004-01-20,85.94000244140625,46.13652038574219,86900
2004-01-21,86.19000244140625,46.27080154418945,248700
2004-01-22,86.55999755859375,46.46938705444336,176000
2004-01-23,85.91000366210938,46.12044143676758,344900
2004-01-26,85.55000305175781,45.92717361450195,283700
2004-01-27,85.88999938964844,46.109737396240234,138100
2004-01-28,85.2699966430664,45.776893615722656,805400
2004-01-29,85.16999816894531,45.723201751708984,155100
2004-01-30,85.55999755859375,45.93256759643555,110000
2004-02-02,85.22000122070312,45.88678741455078,78600
2004-02-03,85.55000305175781,46.064483642578125,89200
2004-02-04,85.41000366210938,45.98906707763672,126100
2004-02-05,85.08999633789062,45.816802978515625,209700
2004-02-06,85.61000061035156,46.096778869628906,297000
2004-02-09,85.80999755859375,46.20448684692383,176000
2004-02-10,85.56999969482422,46.075218200683594,344200
2004-02-11,86.0199966430664,46.317569732666016,202200
2004-02-12,85.97000122070312,46.290611267089844,109000
2004-02-13,86.19000244140625,46.40911865234375,205900
2004-02-17,86.19000244140625,46.40911865234375,48000
2004-02-18,86.16999816894531,46.3983154296875,74200
2004-02-19,86.2300033569336,46.43065643310547,39700
2004-02-20,85.94000244140625,46.274478912353516,62300
2004-02-23,86.22000122070312,46.425262451171875,230200
2004-02-24,86.37000274658203,46.50603103637695,299600
2004-02-25,86.47000122070312,46.559837341308594,108700
2004-02-26,86.33999633789062,46.4898567199707,169800
2004-02-27,86.68000030517578,46.672916412353516,161900
2004-03-01,86.5199966430664,46.72209167480469,284600
2004-03-02,86.0199966430664,46.45207977294922,284500
2004-03-03,85.94000244140625,46.408870697021484,270400
2004-03-04,86.20999908447266,46.55470275878906,383700
2004-03-05,87.27999877929688,47.13248825073242,904800
2004-03-08,87.7699966430664,47.39711380004883,208400
2004-03-09,88.0999984741211,47.57529067993164,254300
2004-03-10,88.08999633789062,47.569915771484375,245100
2004-03-11,88.0999984741211,47.57529067993164,486800
2004-03-12,87.83000183105469,47.42948532104492,245600
2004-03-15,87.87999725341797,47.45649337768555,432800
2004-03-16,88.30999755859375,47.6887321472168,178400
2004-03-17,88.25,47.656288146972656,522300
2004-03-18,87.97000122070312,47.50511932373047,207200
2004-03-19,87.8499984741211,47.440284729003906,329500
2004-03-22,88.18000030517578,47.6185188293457,87300
2004-03-23,88.30999755859375,47.6887321472168,200400
2004-03-24,88.25,47.656288146972656,397900
2004-03-25,88.12999725341797,47.59148406982422,71000
2004-03-26,87.56999969482422,47.28908920288086,316200
2004-03-29,87.19999694824219,47.089290618896484,196500
2004-03-30,87.2300033569336,47.10548400878906,78500
2004-03-31,87.55000305175781,47.27830123901367,222000
2004-04-01,87.08000183105469,47.16236114501953,438500
2004-04-02,85.47000122070312,46.29045104980469,321800
2004-04-05,85.05000305175781,46.06291198730469,214500
2004-04-06,85.3499984741211,46.22542190551758,87400
2004-04-07,85.36000061035156,46.23080825805664,144100
2004-04-08,85.19999694824219,46.144168853759766,43200
2004-04-12,84.93000030517578,45.9979133605957,98900
2004-04-13,84.2699966430664,45.64051818847656,382100
2004-04-14,84.20999908447266,45.607994079589844,473900
2004-04-15,84.08999633789062,45.542999267578125,128200
2004-04-16,84.4000015258789,45.71091842651367,135900
2004-04-19,84.18000030517578,45.59172821044922,211700
2004-04-20,83.56999969482422,45.261356353759766,395700
2004-04-21,83.73999786376953,45.35346221923828,340300
2004-04-22,84.06999969482422,45.53217697143555,1074000
2004-04-23,83.72000122070312,45.34261703491211,94800
2004-04-26,83.70999908447266,45.33720397949219,51700
2004-04-27,84.04000091552734,45.515968322753906,65700
2004-04-28,83.48999786376953,45.21803283691406,86800
2004-04-29,83.30000305175781,45.115150451660156,197000
2004-04-30,83.5,45.223480224609375,57000
2004-05-03,83.19999694824219,45.20608139038086,69400
2004-05-04,82.95999908447266,45.075653076171875,588700
2004-05-05,82.7699966430664,44.972434997558594,290200
2004-05-06,82.69000244140625,44.928958892822266,256000
2004-05-07,81.66999816894531,44.37479782104492,428400
2004-05-10,81.6500015258789,44.3638801574707,275300
2004-05-11,81.80999755859375,44.45083236694336,132400
2004-05-12,81.69000244140625,44.385643005371094,74100
2004-05-13,81.44000244140625,44.249786376953125,143200
2004-05-14,81.8499984741211,44.472564697265625,186900
2004-05-17,82.37999725341797,44.7605094909668,623700
2004-05-18,82.22000122070312,44.67362594604492,148000
2004-05-19,81.83999633789062,44.467140197753906,59200
2004-05-20,82.25,44.68991470336914,136900
2004-05-21,82.06999969482422,44.592124938964844,212800
2004-05-24,82.12999725341797,44.62467575073242,64000
2004-05-25,82.16000366210938,44.64099884033203,74600
2004-05-26,82.56999969482422,44.86378860473633,131000
2004-05-27,83.0199966430664,45.10826110839844,577000
2004-05-28,82.79000091552734,44.98332977294922,59800
2004-06-01,82.0999984741211,44.75923538208008,188900
2004-06-02,81.95999908447266,44.68293380737305,141200
2004-06-03,82.08999633789062,44.753780364990234,165000
2004-06-04,81.75,44.56843566894531,157000
2004-06-07,81.87000274658203,44.633827209472656,119600
2004-06-08,81.8499984741211,44.622928619384766,627400
2004-06-09,81.61000061035156,44.49210739135742,146000
2004-06-10,81.69999694824219,44.541175842285156,156600
2004-06-14,81.30000305175781,44.32309341430664,185900
2004-06-15,82.37999725341797,44.91189193725586,423700
2004-06-16,82.19999694824219,44.81375503540039,55100
2004-06-17,82.43000030517578,44.93912124633789,91500
2004-06-18,82.26000213623047,44.84646224975586,114600
2004-06-21,82.38999938964844,44.9173469543457,44300
2004-06-22,82.27999877929688,44.85737609863281,209400
2004-06-23,82.4000015258789,44.922813415527344,149000
2004-06-24,82.72000122070312,45.097232818603516,188800
2004-06-25,82.76000213623047,45.1190185546875,61200
2004-06-28,82.1500015258789,44.78648376464844,102800
2004-06-29,82.54000091552734,44.99912643432617,103600
2004-06-30,83.05000305175781,45.27716064453125,452200
2004-07-01,82.94000244140625,45.36635208129883,115500
2004-07-02,83.6500015258789,45.75468444824219,146900
2004-07-06,83.48999786376953,45.667152404785156,107100
2004-07-07,83.52999877929688,45.689029693603516,61500
2004-07-08,83.54000091552734,45.69448471069336,186500
2004-07-09,83.68000030517578,45.77106475830078,192300
2004-07-12,83.77999877929688,45.825782775878906,182400
2004-07-13,83.5999984741211,45.72732925415039,84200
2004-07-14,83.55999755859375,45.705421447753906,252300
2004-07-15,83.5199966430664,45.68355941772461,77600
2004-07-16,84.33000183105469,46.12663269042969,225800
2004-07-19,84.30999755859375,46.11569595336914,44700
2004-07-20,83.76000213623047,45.81483459472656,111200
2004-07-21,83.58000183105469,45.716346740722656,98800
2004-07-22,83.68000030517578,45.77106475830078,54400
2004-07-23,83.87999725341797,45.88045120239258,54000
2004-07-26,83.58999633789062,45.721839904785156,65300
2004-07-27,83.0,45.399112701416016,73800
2004-07-28,83.12999725341797,45.470252990722656,83600
2004-07-29,83.20999908447266,45.51402282714844,39600
2004-07-30,83.77999877929688,45.825782775878906,64700
2004-08-02,83.58999633789062,45.871315002441406,226300
2004-08-03,83.79000091552734,45.981082916259766,167700
2004-08-04,83.73999786376953,45.953636169433594,103100
2004-08-05,83.98999786376953,46.090877532958984,130000
2004-08-06,85.13999938964844,46.72190856933594,235700
2004-08-09,84.86000061035156,46.56825637817383,96100
2004-08-10,84.51000213623047,46.376190185546875,151600
2004-08-11,84.80000305175781,46.53533172607422,174900
2004-08-12,84.91000366210938,46.5957145690918,80100
2004-08-13,85.05999755859375,46.677978515625,78300
2004-08-16,84.97000122070312,46.628623962402344,304300
2004-08-17,85.37000274658203,46.84811782836914,66400
2004-08-18,85.08999633789062,46.69447326660156,79600
2004-08-19,85.30000305175781,46.80976104736328,61800
2004-08-20,85.12999725341797,46.716434478759766,36700
2004-08-23,84.83999633789062,46.557247161865234,73100
2004-08-24,84.91999816894531,46.6012077331543,94300
2004-08-25,84.93000030517578,46.60666275024414,88900
2004-08-26,85.30000305175781,46.80976104736328,98700
2004-08-27,85.19999694824219,46.75480270385742,62200
2004-08-30,85.5,46.919464111328125,41400
2004-08-31,85.87000274658203,47.12251663208008,127600
2004-09-01,85.58999633789062,47.114803314208984,209500
2004-09-02,85.12999725341797,46.86158752441406,107100
2004-09-03,84.9000015258789,46.73499298095703,211800
2004-09-07,84.94999694824219,46.762481689453125,53300
2004-09-08,85.44000244140625,47.03224182128906,142700
2004-09-09,85.29000091552734,46.94966125488281,105300
2004-09-10,85.45999908447266,47.043216705322266,150300
2004-09-13,85.66999816894531,47.158790588378906,90300
2004-09-14,85.69000244140625,47.16984558105469,119500
2004-09-15,85.5999984741211,47.120323181152344,66900
2004-09-16,86.06999969482422,47.379032135009766,249500
2004-09-17,85.7699966430664,47.2138671875,142100
2004-09-20,86.26000213623047,47.48361587524414,181200
2004-09-21,86.31999969482422,47.51661682128906,81700
2004-09-22,86.66999816894531,47.709312438964844,93600
2004-09-23,86.37000274658203,47.54415512084961,246700
2004-09-24,86.36000061035156,47.538631439208984,93100
2004-09-27,86.5999984741211,47.67078399658203,201200
2004-09-28,86.51000213623047,47.62123107910156,202800
2004-09-29,85.97000122070312,47.323944091796875,226100
2004-09-30,85.87999725341797,47.27444076538086,175000
2004-10-01,85.27999877929688,47.08504867553711,270200
2004-10-04,85.30999755859375,47.10159683227539,278100
2004-10-05,85.30999755859375,47.10159683227539,220000
2004-10-06,85.02999877929688,46.94700622558594,137100
2004-10-07,84.87999725341797,46.86424255371094,130500
2004-10-08,85.5999984741211,47.261749267578125,123400
2004-10-11,85.73999786376953,47.339012145996094,48800
2004-10-12,85.73999786376953,47.339012145996094,142700
2004-10-13,86.05000305175781,47.51021194458008,130600
2004-10-14,86.3499984741211,47.67582321166992,81300
2004-10-15,86.05999755859375,47.51570510864258,195100
2004-10-18,86.19000244140625,47.58750534057617,207800
2004-10-19,86.16000366210938,47.57091522216797,65300
2004-10-20,86.55000305175781,47.78623962402344,110700
2004-10-21,86.43000030517578,47.72001647949219,156600
2004-10-22,86.66999816894531,47.852508544921875,64100
2004-10-25,86.7699966430664,47.90773391723633,172300
2004-10-26,86.62000274658203,47.824893951416016,37400
2004-10-27,86.08999633789062,47.53231430053711,126800
2004-10-28,86.22000122070312,47.604068756103516,49500
2004-10-29,86.47000122070312,47.74208068847656,341100
2004-11-01,85.77999877929688,47.50667953491211,128800
2004-11-02,85.98999786376953,47.623023986816406,191300
2004-11-03,85.95999908447266,47.60643005371094,139800
2004-11-04,85.91000366210938,47.57868194580078,435100
2004-11-05,85.2699966430664,47.22426986694336,886400
2004-11-08,85.1500015258789,47.1578254699707,300600
2004-11-09,85.16999816894531,47.16887283325195,95000
2004-11-10,85.0,47.07474899291992,118700
2004-11-11,84.9800033569336,47.06365203857422,94500
2004-11-12,85.30000305175781,47.24089050292969,154700
2004-11-15,85.33999633789062,47.26303482055664,144700
2004-11-16,85.25,47.213218688964844,125900
2004-11-17,85.69999694824219,47.462406158447266,199600
2004-11-18,85.7699966430664,47.50117111206055,110100
2004-11-19,85.30000305175781,47.24089050292969,2162100
2004-11-22,85.36000061035156,47.27409744262695,168100
2004-11-23,85.27999877929688,47.22978210449219,183600
2004-11-24,85.4000015258789,47.29625701904297,51900
2004-11-26,85.08999633789062,47.12456512451172,62600
2004-11-29,84.58000183105469,46.84212875366211,455700
2004-11-30,84.5,46.797794342041016,182100
2004-12-01,84.20999908447266,46.782264709472656,257600
2004-12-02,84.0199966430664,46.67673110961914,886300
2004-12-03,84.86000061035156,47.143341064453125,224100
2004-12-06,85.0199966430664,47.23228073120117,325500
2004-12-07,85.01000213623047,47.22671127319336,1053000
2004-12-08,85.63999938964844,47.576698303222656,158500
2004-12-09,85.44000244140625,47.46562194824219,169400
2004-12-10,85.56999969482422,47.53781509399414,191900
2004-12-13,85.62999725341797,47.57117462158203,141800
2004-12-14,85.77999877929688,47.65443420410156,190900
2004-12-15,86.08999633789062,47.826717376708984,95000
2004-12-16,85.43000030517578,47.46001052856445,478500
2004-12-17,85.31999969482422,47.39891052246094,163600
2004-12-20,85.41999816894531,47.454471588134766,62900
2004-12-21,85.54000091552734,47.521141052246094,168400
2004-12-22,85.44999694824219,47.47114181518555,465100
2004-12-23,85.33999633789062,47.41002655029297,66400
2004-12-27,84.9800033569336,47.21002197265625,165200
2004-12-28,84.97000122070312,47.204463958740234,366800
2004-12-29,84.80000305175781,47.11003494262695,127800
2004-12-30,85.12000274658203,47.28779220581055,135000
2004-12-31,84.94999694824219,47.344078063964844,151300
2005-01-03,85.12000274658203,47.438873291015625,323400
2005-01-04,84.58999633789062,47.1434326171875,1181000
2005-01-05,84.7300033569336,47.221492767333984,369000
2005-01-06,84.80999755859375,47.26605987548828,389100
2005-01-07,84.73999786376953,47.22705078125,182400
2005-01-10,84.7300033569336,47.221492767333984,226300
2005-01-11,84.9000015258789,47.31622314453125,483900
2005-01-12,85.02999877929688,47.38869094848633,100600
2005-01-13,85.37000274658203,47.578163146972656,101600
2005-01-14,85.31999969482422,47.550289154052734,510300
2005-01-18,85.29000091552734,47.53357696533203,215100
2005-01-19,85.33999633789062,47.561431884765625,95500
2005-01-20,85.48999786376953,47.645057678222656,151800
2005-01-21,85.66000366210938,47.739810943603516,324700
2005-01-24,85.6500015258789,47.734222412109375,217000
2005-01-25,85.33000183105469,47.555885314941406,270900
2005-01-26,85.3499984741211,47.567012786865234,674400
2005-01-27,85.22000122070312,47.49457550048828,60300
2005-01-28,85.66000366210938,47.739810943603516,103200
2005-01-31,85.69000244140625,47.75650405883789,74900
2005-02-01,85.37000274658203,47.72352600097656,115300
2005-02-02,85.37999725341797,47.72914505004883,220900
2005-02-03,85.23999786376953,47.65084457397461,65000
2005-02-04,85.68000030517578,47.89683151245117,414100
2005-02-07,85.8499984741211,47.99186325073242,149600
2005-02-08,85.93000030517578,48.03659439086914,120800
2005-02-09,86.3499984741211,48.27140426635742,325200
2005-02-10,85.80999755859375,47.96949005126953,175800
2005-02-11,85.69999694824219,47.90801239013672,176400
2005-02-14,85.80999755859375,47.96949005126953,129200
2005-02-15,85.68000030517578,47.89683151245117,130000
2005-02-16,85.37000274658203,47.72352600097656,64900
2005-02-17,85.18000030517578,47.61732482910156,128000
2005-02-18,84.75,47.37691879272461,243900
2005-02-22,84.76000213623047,47.38252258300781,104700
2005-02-23,84.83000183105469,47.42167282104492,258300
2005-02-24,84.69000244140625,47.343414306640625,142500
2005-02-25,84.80999755859375,47.410457611083984,425500
2005-02-28,84.26000213623047,47.10299301147461,397900
2005-03-01,84.02999877929688,47.10361099243164,300500
2005-03-02,84.0199966430664,47.09796142578125,149600
2005-03-03,83.97000122070312,47.06991958618164,598500
2005-03-04,84.3499984741211,47.282936096191406,179400
2005-03-07,84.37000274658203,47.294185638427734,163100
2005-03-08,83.97000122070312,47.06991958618164,696200
2005-03-09,83.33000183105469,46.711204528808594,262300
2005-03-10,83.4800033569336,46.7952880859375,262300
2005-03-11,83.12999725341797,46.599056243896484,203400
2005-03-14,83.33000183105469,46.711204528808594,192300
2005-03-15,83.16999816894531,46.621482849121094,99600
2005-03-16,83.36000061035156,46.7280158996582,223700
2005-03-17,83.68000030517578,46.90739059448242,342100
2005-03-18,83.47000122070312,46.789676666259766,200300
2005-03-21,83.37000274658203,46.733585357666016,448200
2005-03-22,82.76000213623047,46.39167022705078,302800
2005-03-23,82.94999694824219,46.4981803894043,355900
2005-03-24,83.0199966430664,46.53738784790039,132000
2005-03-28,82.75,46.38605880737305,68500
2005-03-29,83.08999633789062,46.576656341552734,349300
2005-03-30,83.27999877929688,46.68317794799805,244500
2005-03-31,83.69000244140625,46.91299057006836,675000
2005-04-01,83.58000183105469,47.0080451965332,367200
2005-04-04,83.54000091552734,46.985538482666016,135900
2005-04-05,83.55000305175781,46.99120330810547,75100
2005-04-06,83.80000305175781,47.13179397583008,51200
2005-04-07,83.4800033569336,46.951839447021484,196500
2005-04-08,83.56999969482422,47.00244140625,86300
2005-04-11,83.81999969482422,47.14305114746094,41900
2005-04-12,84.26000213623047,47.390506744384766,146100
2005-04-13,84.30000305175781,47.413028717041016,171500
2005-04-14,84.5199966430664,47.53672409057617,194700
2005-04-15,85.06999969482422,47.8460693359375,177900
2005-04-18,84.88999938964844,47.744834899902344,326100
2005-04-19,85.37999725341797,48.02042770385742,107600
2005-04-20,85.33000183105469,47.99228286743164,229300
2005-04-21,84.72000122070312,47.649200439453125,565200
2005-04-22,85.08000183105469,47.85165786743164,74800
2005-04-25,85.08000183105469,47.85165786743164,79100
2005-04-26,85.04000091552734,47.829200744628906,119600
2005-04-27,85.30000305175781,47.97538757324219,123700
2005-04-28,85.81999969482422,48.26788330078125,103300
2005-04-29,85.51000213623047,48.09353256225586,174200
2005-05-02,85.33000183105469,48.14261245727539,141400
2005-05-03,85.44000244140625,48.20470428466797,259200
2005-05-04,85.41999816894531,48.19338607788086,114500
2005-05-05,85.69000244140625,48.34571838378906,108000
2005-05-06,85.08000183105469,48.001529693603516,591000
2005-05-09,85.06999969482422,47.99592590332031,32900
2005-05-10,85.37000274658203,48.16518020629883,101300
2005-05-11,85.4800033569336,48.227237701416016,408600
2005-05-12,85.55999755859375,48.27238464355469,546800
2005-05-13,85.77999877929688,48.39652633666992,214400
2005-05-16,85.79000091552734,48.40216064453125,111900
2005-05-17,85.9000015258789,48.46422576904297,112800
2005-05-18,86.18000030517578,48.62217330932617,93000
2005-05-19,85.91999816894531,48.475494384765625,116200
2005-05-20,85.91000366210938,48.469879150390625,70400
2005-05-23,86.30000305175781,48.689884185791016,163800
2005-05-24,86.52999877929688,48.81965255737305,188900
2005-05-25,86.22000122070312,48.64472198486328,150000
2005-05-26,86.2699966430664,48.67293930053711,181400
2005-05-27,86.36000061035156,48.72374725341797,69600
2005-05-31,86.80999755859375,48.97759246826172,122600
2005-06-01,87.08000183105469,49.27988052368164,781400
2005-06-02,87.05000305175781,49.26288986206055,154500
2005-06-03,86.55000305175781,48.97987365722656,245300
2005-06-06,86.77999877929688,49.110076904296875,311700
2005-06-07,87.02999877929688,49.25155258178711,111200
2005-06-08,86.87000274658203,49.16096115112305,104600
2005-06-09,86.81999969482422,49.13270568847656,783400
2005-06-10,86.2699966430664,48.82140350341797,200900
2005-06-13,86.04000091552734,48.691280364990234,276400
2005-06-14,85.94000244140625,48.634674072265625,301500
2005-06-15,85.91000366210938,48.61772537231445,116700
2005-06-16,86.18000030517578,48.7705078125,215700
2005-06-17,86.08000183105469,48.71389389038086,149000
2005-06-20,85.94999694824219,48.64035415649414,178800
2005-06-21,86.22000122070312,48.79315185546875,217900
2005-06-22,86.87000274658203,49.16096115112305,487300
2005-06-23,86.77999877929688,49.110076904296875,169200
2005-06-24,86.98999786376953,49.228858947753906,67500
2005-06-27,87.05999755859375,49.26854705810547,880800
2005-06-28,86.69000244140625,49.05909729003906,168000
2005-06-29,86.66000366210938,49.042118072509766,350300
2005-06-30,86.95999908447266,49.21189880371094,299500
2005-07-01,85.94999694824219,48.788475036621094,270000
2005-07-05,85.5999984741211,48.589786529541016,142200
2005-07-06,85.77999877929688,48.691925048828125,299700
2005-07-07,85.9800033569336,48.80548095703125,209900
2005-07-08,85.66999816894531,48.629539489746094,157300
2005-07-11,85.62999725341797,48.606788635253906,171300
2005-07-12,85.41000366210938,48.48191452026367,123700
2005-07-13,85.33000183105469,48.43650817871094,108300
2005-07-14,85.22000122070312,48.37407302856445,236000
2005-07-15,85.23999786376953,48.38541793823242,318800
2005-07-18,85.0999984741211,48.305973052978516,182700
2005-07-19,85.22000122070312,48.37407302856445,156600
2005-07-20,85.37999725341797,48.46492004394531,341100
2005-07-21,84.75,48.107261657714844,509200
2005-07-22,85.1500015258789,48.334346771240234,368100
2005-07-25,85.0,48.24918746948242,125600
2005-07-26,85.05999755859375,48.283226013183594,90800
2005-07-27,84.94000244140625,48.21513748168945,64600
2005-07-28,85.30999755859375,48.4251823425293,142900
2005-07-29,84.80000305175781,48.13569259643555,205800
2005-08-01,84.36000061035156,48.03941345214844,109700
2005-08-02,84.27999877929688,47.9939079284668,337600
2005-08-03,84.48999786376953,48.113487243652344,129600
2005-08-04,84.43000030517578,48.079280853271484,179300
2005-08-05,83.9800033569336,47.82303237915039,160100
2005-08-08,83.76000213623047,47.6977653503418,146800
2005-08-09,84.0,47.83443069458008,293300
2005-08-10,83.95999908447266,47.811683654785156,91900
2005-08-11,84.31999969482422,48.01663589477539,278200
2005-08-12,84.66000366210938,48.210262298583984,130600
2005-08-15,84.55000305175781,48.14761734008789,147200
2005-08-16,84.94999694824219,48.37544250488281,214800
2005-08-17,84.62000274658203,48.187496185302734,138400
2005-08-18,85.06999969482422,48.44374465942383,247800
2005-08-19,85.0199966430664,48.415279388427734,76000
2005-08-22,85.08999633789062,48.455108642578125,1267300
2005-08-23,85.25,48.54627227783203,90400
2005-08-24,85.29000091552734,48.56903839111328,80500
2005-08-25,85.33999633789062,48.5975227355957,202000
2005-08-26,85.19999694824219,48.51777267456055,100500
2005-08-29,85.26000213623047,48.551944732666016,176500
2005-08-30,85.66000366210938,48.77975845336914,168900
2005-08-31,86.22000122070312,49.0986213684082,290100
2005-09-01,86.02999877929688,49.146629333496094,242800
2005-09-02,86.05000305175781,49.15801239013672,71800
2005-09-06,85.77999877929688,49.0037727355957,142800
2005-09-07,85.5,48.843841552734375,125000
2005-09-08,85.5,48.843841552734375,264600
2005-09-09,85.56999969482422,48.88383865356445,79400
2005-09-12,85.30000305175781,48.729576110839844,103600
2005-09-13,85.55999755859375,48.87812042236328,120800
2005-09-14,85.37999725341797,48.77529525756836,108000
2005-09-15,85.12000274658203,48.62677764892578,97600
2005-09-16,84.79000091552734,48.43821334838867,224800
2005-09-19,84.95999908447266,48.53536605834961,203400
2005-09-20,84.88999938964844,48.495361328125,124000
2005-09-21,85.27999877929688,48.718162536621094,101500
2005-09-22,85.33999633789062,48.752471923828125,124700
2005-09-23,84.87000274658203,48.483951568603516,101200
2005-09-26,84.6500015258789,48.35825729370117,69300
2005-09-27,84.69999694824219,48.386817932128906,93400
2005-09-28,84.87000274658203,48.483951568603516,71000
2005-09-29,84.68000030517578,48.37541961669922,116200
2005-09-30,84.44000244140625,48.23830032348633,145900
2005-10-03,83.83999633789062,48.053165435791016,138400
2005-10-04,83.87999725341797,48.07609939575195,151200
2005-10-05,84.08000183105469,48.19070816040039,130300
2005-10-06,83.97000122070312,48.12770462036133,218100
2005-10-07,84.08000183105469,48.19070816040039,59900
2005-10-10,84.0999984741211,48.202178955078125,42900
2005-10-11,83.94000244140625,48.110496520996094,105800
2005-10-12,83.62000274658203,47.92705535888672,139500
2005-10-13,83.48999786376953,47.85258865356445,303100
2005-10-14,83.48999786376953,47.85258865356445,134300
2005-10-17,83.38999938964844,47.79524230957031,153000
2005-10-18,83.51000213623047,47.86403274536133,81700
2005-10-19,83.61000061035156,47.92131805419922,68100
2005-10-20,83.66000366210938,47.95000076293945,111500
2005-10-21,84.02999877929688,48.16209030151367,92500
2005-10-24,83.66999816894531,47.955745697021484,343300
2005-10-25,83.27999877929688,47.7321662902832,190500
2005-10-26,82.95999908447266,47.54878616333008,148700
2005-10-27,83.1500015258789,47.65766525268555,245800
2005-10-28,83.05999755859375,47.606075286865234,784300
2005-10-31,83.12000274658203,47.64049530029297,123300
2005-11-01,82.77999877929688,47.610572814941406,144000
2005-11-02,82.61000061035156,47.51279830932617,85800
2005-11-03,82.31999969482422,47.34601974487305,201600
2005-11-04,82.27999877929688,47.32302474975586,156200
2005-11-07,82.43000030517578,47.40926742553711,132400
2005-11-08,82.83999633789062,47.64506530761719,71200
2005-11-09,82.4000015258789,47.39203643798828,124300
2005-11-10,82.87000274658203,47.66236114501953,102700
2005-11-11,82.97000122070312,47.71980667114258,72600
2005-11-14,82.5999984741211,47.50706100463867,199700
2005-11-15,82.87999725341797,47.6681022644043,194100
2005-11-16,83.30000305175781,47.90969467163086,102500
2005-11-17,83.45999908447266,48.00167465209961,99900
2005-11-18,83.26000213623047,47.88667678833008,100000
2005-11-21,83.41999816894531,47.97868347167969,274600
2005-11-22,83.70999908447266,48.14546585083008,186700
2005-11-23,83.48999786376953,48.018978118896484,177200
2005-11-25,83.73999786376953,48.162750244140625,31400
2005-11-28,83.8499984741211,48.22600173950195,158300
2005-11-29,83.38999938964844,47.96141815185547,86300
2005-11-30,83.3499984741211,47.93840789794922,46100
2005-12-01,82.87999725341797,47.83050537109375,321100
2005-12-02,82.94999694824219,47.87090301513672,343200
2005-12-05,82.69999694824219,47.72663879394531,305700
2005-12-06,83.08999633789062,47.95170211791992,1021700
2005-12-07,83.04000091552734,47.9228630065918,73000
2005-12-08,83.4000015258789,48.130611419677734,70600
2005-12-09,83.02999877929688,47.91706085205078,66100
2005-12-12,82.83999633789062,47.80739212036133,592500
2005-12-13,83.04000091552734,47.9228630065918,210700
2005-12-14,83.55999755859375,48.222930908203125,83300
2005-12-15,83.44999694824219,48.15945053100586,116500
2005-12-16,83.5999984741211,48.245994567871094,420400
2005-12-19,83.6500015258789,48.274879455566406,143600
2005-12-20,83.51000213623047,48.19407653808594,103600
2005-12-21,83.4000015258789,48.130611419677734,143700
2005-12-22,83.7300033569336,48.321022033691406,124500
2005-12-23,83.93000030517578,48.43647766113281,84100
2005-12-27,84.33000183105469,48.66728973388672,178300
2005-12-28,83.77999877929688,48.51789855957031,558000
2005-12-29,83.87999725341797,48.57583999633789,159100
2005-12-30,83.91000366210938,48.5931510925293,166900
2006-01-03,83.9000015258789,48.58738708496094,299500
2006-01-04,84.05000305175781,48.67425537109375,112300
2006-01-05,84.06999969482422,48.685829162597656,159700
2006-01-06,83.95999908447266,48.62214660644531,179100
2006-01-09,84.0,48.64532470703125,78600
2006-01-10,83.66000366210938,48.44840621948242,140500
2006-01-11,83.44999694824219,48.326786041259766,384300
2006-01-12,83.75,48.50053787231445,97800
2006-01-13,84.12000274658203,48.71480941772461,96200
2006-01-17,84.22000122070312,48.772701263427734,166600
2006-01-18,84.25,48.79010772705078,125900
2006-01-19,84.04000091552734,48.66842269897461,108600
2006-01-20,84.18000030517578,48.749549865722656,98000
2006-01-23,84.16000366210938,48.737953186035156,79100
2006-01-24,84.0199966430664,48.65686798095703,66200
2006-01-25,83.5,48.35576248168945,95500
2006-01-26,83.31999969482422,48.251487731933594,77100
2006-01-27,83.37999725341797,48.2862434387207,114600
2006-01-30,83.19999694824219,48.18201446533203,125400
2006-01-31,83.31999969482422,48.251487731933594,255700
2006-02-01,82.80000305175781,48.102783203125,474200
2006-02-02,82.80000305175781,48.102783203125,94800
2006-02-03,83.05000305175781,48.24802780151367,283800
2006-02-06,82.93000030517578,48.178314208984375,53300
2006-02-07,82.83000183105469,48.1202278137207,228800
2006-02-08,82.77999877929688,48.091163635253906,62000
2006-02-09,82.86000061035156,48.137638092041016,96600
2006-02-10,82.62000274658203,47.99817657470703,102900
2006-02-13,82.62000274658203,47.99817657470703,66000
2006-02-14,82.5,47.92849349975586,77100
2006-02-15,82.6500015258789,48.01565170288086,75200
2006-02-16,82.61000061035156,47.992366790771484,248200
2006-02-17,82.88999938964844,48.15508270263672,199200
2006-02-21,82.79000091552734,48.09698486328125,164200
2006-02-22,83.0999984741211,48.27705001831055,115700
2006-02-23,82.9000015258789,48.16086196899414,73300
2006-02-24,82.80000305175781,48.102783203125,343300
2006-02-27,82.63999938964844,48.00983810424805,287700
2006-02-28,82.97000122070312,48.201541900634766,95900
2006-03-01,82.54000091552734,48.10654830932617,227000
2006-03-02,82.20999908447266,47.914215087890625,113300
2006-03-03,82.01000213623047,47.797611236572266,76500
2006-03-06,81.75,47.646121978759766,350700
2006-03-07,81.79000091552734,47.66943359375,130300
2006-03-08,81.83000183105469,47.69274139404297,84500
2006-03-09,81.91000366210938,47.73936462402344,507200
2006-03-10,81.75,47.646121978759766,408500
2006-03-13,81.68000030517578,47.605281829833984,246900
2006-03-14,82.1500015258789,47.8792839050293,122700
2006-03-15,82.0,47.79181671142578,118400
2006-03-16,82.5199966430664,48.09489059448242,174900
2006-03-17,82.3499984741211,47.99576950073242,111300
2006-03-20,82.51000213623047,48.08904266357422,240100
2006-03-21,82.16999816894531,47.890899658203125,96800
2006-03-22,82.2699966430664,47.94919204711914,131500
2006-03-23,82.05999755859375,47.82681655883789,109700
2006-03-24,82.41999816894531,48.03656768798828,68800
2006-03-27,82.23999786376953,47.9316520690918,79700
2006-03-28,81.83999633789062,47.698551177978516,125600
2006-03-29,81.76000213623047,47.65190887451172,58100
2006-03-30,81.5199966430664,47.512081146240234,100800
2006-03-31,81.58000183105469,47.5470085144043,87400
2006-04-03,81.2300033569336,47.4943733215332,244300
2006-04-04,81.23999786376953,47.500267028808594,127200
2006-04-05,81.43000030517578,47.6113395690918,101800
2006-04-06,81.19999694824219,47.47686004638672,289900
2006-04-07,80.83000183105469,47.260528564453125,129700
2006-04-10,80.93000030517578,47.319007873535156,118300
2006-04-11,81.08000183105469,47.40669250488281,154100
2006-04-12,80.88999938964844,47.29562759399414,201600
2006-04-13,80.45999908447266,47.0442008972168,175800
2006-04-17,80.7699966430664,47.22542190551758,162200
2006-04-18,81.02999877929688,47.377479553222656,276200
2006-04-19,80.80000305175781,47.24301528930664,128600
2006-04-20,80.7300033569336,47.20203399658203,128400
2006-04-21,80.9000015258789,47.30142593383789,108500
2006-04-24,81.0,47.35993957519531,118800
2006-04-25,80.48999786376953,47.06174087524414,241400
2006-04-26,80.44999694824219,47.03837203979492,76300
2006-04-27,80.66999816894531,47.16697311401367,132900
2006-04-28,80.80999755859375,47.24882507324219,70700
2006-05-01,80.08000183105469,46.99297332763672,169700
2006-05-02,80.20999908447266,47.06927490234375,87900
2006-05-03,80.0999984741211,47.004730224609375,116600
2006-05-04,80.05000305175781,46.975399017333984,193200
2006-05-05,80.23999786376953,47.08687210083008,85200
2006-05-08,80.27999877929688,47.110321044921875,82400
2006-05-09,80.25,47.092750549316406,59600
2006-05-10,80.29000091552734,47.11619567871094,98600
2006-05-11,80.1500015258789,47.03408432006836,203700
2006-05-12,79.8499984741211,46.858036041259766,134700
2006-05-15,80.0199966430664,46.95779037475586,106100
2006-05-16,80.31999969482422,47.1338005065918,86200
2006-05-17,80.08999633789062,46.99885559082031,245300
2006-05-18,80.66000366210938,47.333335876464844,168500
2006-05-19,80.61000061035156,47.3039665222168,223600
2006-05-22,80.72000122070312,47.368568420410156,189000
2006-05-23,80.69000244140625,47.350955963134766,102500
2006-05-24,80.80999755859375,47.421390533447266,171700
2006-05-25,80.68000030517578,47.34506607055664,181600
2006-05-26,80.75,47.38614273071289,178000
2006-05-30,80.68000030517578,47.34506607055664,95600
2006-05-31,80.43000030517578,47.198387145996094,110900
2006-06-01,80.2699966430664,47.27726745605469,96100
2006-06-02,80.88999938964844,47.642478942871094,403900
2006-06-05,80.7300033569336,47.54823684692383,100200
2006-06-06,80.80000305175781,47.58945083618164,96600
2006-06-07,80.69000244140625,47.524681091308594,141900
2006-06-08,80.80000305175781,47.58945083618164,152600
2006-06-09,81.0,47.707237243652344,73900
2006-06-12,80.95999908447266,47.68366241455078,122500
2006-06-13,81.06999969482422,47.74848556518555,111600
2006-06-14,80.52999877929688,47.43042755126953,165500
2006-06-15,80.3499984741211,47.32441711425781,112200
2006-06-16,80.30000305175781,47.29497528076172,126100
2006-06-19,80.20999908447266,47.24195861816406,67200
2006-06-20,80.1500015258789,47.2066535949707,105200
2006-06-21,80.13999938964844,47.20073699951172,180600
2006-06-22,79.87999725341797,47.0475959777832,112600
2006-06-23,79.80999755859375,47.006370544433594,167600
2006-06-26,79.76000213623047,46.97692108154297,264400
2006-06-27,79.97000122070312,47.10060119628906,231900
2006-06-28,79.70999908447266,46.94749069213867,229700
2006-06-29,80.04000091552734,47.14178466796875,328400
2006-06-30,80.31999969482422,47.30673599243164,125400
2006-07-03,79.97000122070312,47.284278869628906,41200
2006-07-05,79.68000030517578,47.11277389526367,1712900
2006-07-06,79.93000030517578,47.260623931884766,132400
2006-07-07,80.18000030517578,47.408447265625,274600
2006-07-10,80.23999786376953,47.44391632080078,133200
2006-07-11,80.33000183105469,47.49711990356445,167200
2006-07-12,80.4000015258789,47.538509368896484,114300
2006-07-13,80.58000183105469,47.644996643066406,343800
2006-07-14,80.63999938964844,47.68038558959961,397600
2006-07-17,80.56999969482422,47.63903045654297,153400
2006-07-18,80.26000213623047,47.45572280883789,182100
2006-07-19,80.7699966430664,47.75727081298828,235300
2006-07-20,80.94000244140625,47.8577880859375,297600
2006-07-21,80.88999938964844,47.82826232910156,288300
2006-07-24,80.88999938964844,47.82826232910156,361000
2006-07-25,80.80999755859375,47.780975341796875,176500
2006-07-26,81.01000213623047,47.899208068847656,157700
2006-07-27,81.0,47.89327621459961,74200
2006-07-28,81.22000122070312,48.02334976196289,89400
2006-07-31,81.3499984741211,48.10022735595703,89700
2006-08-01,81.05000305175781,48.11151123046875,97600
2006-08-02,81.12000274658203,48.153072357177734,91200
2006-08-03,81.13999938964844,48.16494369506836,111500
2006-08-04,81.54000091552734,48.40239715576172,157100
2006-08-07,81.43000030517578,48.33706283569336,172600
2006-08-08,81.44000244140625,48.3430290222168,118200
2006-08-09,81.4000015258789,48.31925582885742,110700
2006-08-10,81.41999816894531,48.331153869628906,166700
2006-08-11,81.16000366210938,48.176780700683594,192000
2006-08-14,81.0199966430664,48.093719482421875,191700
2006-08-15,81.41000366210938,48.32522201538086,147200
2006-08-16,81.75,48.52705001831055,182600
2006-08-17,81.7300033569336,48.51516342163086,300000
2006-08-18,81.94999694824219,48.64573287963867,344300
2006-08-21,82.05000305175781,48.70509719848633,83800
2006-08-22,82.08000183105469,48.72293472290039,187200
2006-08-23,82.0,48.67542266845703,239800
2006-08-24,82.08000183105469,48.72293472290039,111400
2006-08-25,82.19000244140625,48.788238525390625,96900
2006-08-28,82.18000030517578,48.78229904174805,106000
2006-08-29,82.25,48.823814392089844,248600
2006-08-30,82.3499984741211,48.88317108154297,131800
2006-08-31,82.45999908447266,48.9484977722168,171200
2006-09-01,82.2699966430664,49.02117919921875,252800
2006-09-05,82.0,48.860294342041016,284800
2006-09-06,81.94000244140625,48.82456588745117,334400
2006-09-07,82.0,48.860294342041016,135200
2006-09-08,82.08000183105469,48.90798568725586,66000
2006-09-11,81.93000030517578,48.818572998046875,196600
2006-09-12,82.16000366210938,48.95565414428711,111000
2006-09-13,82.23999786376953,49.00332260131836,114000
2006-09-14,82.08000183105469,48.90798568725586,69600
2006-09-15,82.02999877929688,48.87819290161133,110900
2006-09-18,81.91000366210938,48.80665969848633,188000
2006-09-19,82.4000015258789,49.09864807128906,128400
2006-09-20,82.41999816894531,49.11056900024414,112200
2006-09-21,83.01000213623047,49.46210861206055,114600
2006-09-22,83.26000213623047,49.61103439331055,327000
2006-09-25,83.54000091552734,49.77790832519531,286200
2006-09-26,83.33000183105469,49.652793884277344,276800
2006-09-27,83.30999755859375,49.640865325927734,233800
2006-09-28,83.2300033569336,49.59324645996094,160800
2006-09-29,83.13999938964844,49.53958511352539,259000
2006-10-02,82.97000122070312,49.62689971923828,337500
2006-10-03,82.95999908447266,49.620941162109375,135400
2006-10-04,83.33999633789062,49.84819793701172,136000
2006-10-05,83.05000305175781,49.67475891113281,139800
2006-10-06,82.5999984741211,49.40559768676758,624700
2006-10-09,82.69999694824219,49.46540832519531,898300
2006-10-10,82.19999694824219,49.16633987426758,1711900
2006-10-11,82.0999984741211,49.106529235839844,502600
2006-10-12,82.1500015258789,49.13643264770508,230000
2006-10-13,82.01000213623047,49.05268859863281,1280200
2006-10-16,82.1500015258789,49.13643264770508,240400
2006-10-17,82.23999786376953,49.19026565551758,300300
2006-10-18,82.22000122070312,49.17829895019531,294600
2006-10-19,82.1500015258789,49.13643264770508,175500
2006-10-20,82.12999725341797,49.12449645996094,69200
2006-10-23,81.9000015258789,48.98691940307617,356600
2006-10-24,82.01000213623047,49.05268859863281,203700
2006-10-25,82.30999755859375,49.23212814331055,127200
2006-10-26,82.58999633789062,49.39961624145508,115900
2006-10-27,82.86000061035156,49.56114196777344,249000
2006-10-30,82.9000015258789,49.585044860839844,128800
2006-10-31,83.2699966430664,49.80634689331055,266600
2006-11-01,83.25,49.97926712036133,396400
2006-11-02,83.0199966430664,49.84117889404297,163200
2006-11-03,82.38999938964844,49.46295928955078,271800
2006-11-06,82.47000122070312,49.510990142822266,227000
2006-11-07,82.75,49.6790885925293,203300
2006-11-08,82.93000030517578,49.7870979309082,146200
2006-11-09,82.91999816894531,49.78113555908203,211000
2006-11-10,83.0999984741211,49.88917541503906,111300
2006-11-13,83.05999755859375,49.86518096923828,153600
2006-11-14,83.2300033569336,49.967281341552734,222800
2006-11-15,83.0,49.82917785644531,237100
2006-11-16,82.79000091552734,49.70309066772461,497900
2006-11-17,83.08999633789062,49.883209228515625,362400
2006-11-20,83.13999938964844,49.91319274902344,178200
2006-11-21,83.26000213623047,49.98523712158203,413200
2006-11-22,83.38999938964844,50.063297271728516,133400
2006-11-24,83.4800033569336,50.1173210144043,119200
2006-11-27,83.55999755859375,50.1653938293457,708600
2006-11-28,83.70999908447266,50.25539779663086,470600
2006-11-29,83.61000061035156,50.19535446166992,335500
2006-11-30,84.05000305175781,50.45954132080078,418500
2006-12-01,83.94000244140625,50.576416015625,289800
2006-12-04,83.93000030517578,50.570350646972656,208200
2006-12-05,83.81999969482422,50.504085540771484,1133300
2006-12-06,83.69000244140625,50.42575454711914,156800
2006-12-07,83.66000366210938,50.407718658447266,138200
2006-12-08,83.27999877929688,50.178749084472656,277000
2006-12-11,83.54000091552734,50.335426330566406,167800
2006-12-12,83.69000244140625,50.42575454711914,360000
2006-12-13,83.26000213623047,50.16667938232422,188300
2006-12-14,83.12999725341797,50.08837127685547,314000
2006-12-15,83.1500015258789,50.10042953491211,215600
2006-12-18,83.19000244140625,50.12454605102539,111600
2006-12-19,83.16999816894531,50.11247634887695,174000
2006-12-20,83.1500015258789,50.10042953491211,139300
2006-12-21,83.44999694824219,50.28117752075195,624200
2006-12-22,83.06999969482422,50.05221939086914,268500
2006-12-26,83.12999725341797,50.08837127685547,144500
2006-12-27,82.66999816894531,49.95480728149414,193400
2006-12-28,82.4800033569336,49.84001922607422,185100
2006-12-29,82.44000244140625,49.81583786010742,272100
2007-01-03,82.68000030517578,49.96087646484375,1210700
2007-01-04,82.9800033569336,50.14215087890625,171200
2007-01-05,82.70999908447266,49.97896957397461,201000
2007-01-08,82.7699966430664,50.015235900878906,163800
2007-01-09,82.75,50.003177642822266,168600
2007-01-10,82.61000061035156,49.91855239868164,95900
2007-01-11,82.38999938964844,49.78565216064453,361700
2007-01-12,82.22000122070312,49.6828727722168,161000
2007-01-16,82.37999725341797,49.77958679199219,162600
2007-01-17,82.22000122070312,49.6828727722168,141300
2007-01-18,82.33000183105469,49.74934005737305,225400
2007-01-19,82.19999694824219,49.67080307006836,270800
2007-01-22,82.3499984741211,49.761436462402344,119000
2007-01-23,82.11000061035156,49.61641311645508,412800
2007-01-24,82.12000274658203,49.622440338134766,138400
2007-01-25,81.80000305175781,49.42909622192383,201700
2007-01-26,81.79000091552734,49.423057556152344,441300
2007-01-29,81.7300033569336,49.3868408203125,161700
2007-01-30,81.80999755859375,49.43514633178711,200500
2007-01-31,82.11000061035156,49.61641311645508,412200
2007-02-01,81.73999786376953,49.58062744140625,238600
2007-02-02,81.80999755859375,49.623104095458984,163500
2007-02-05,81.9000015258789,49.6777229309082,216000
2007-02-06,82.12999725341797,49.81721115112305,238100
2007-02-07,82.30999755859375,49.92641067504883,155000
2007-02-08,82.33000183105469,49.93849563598633,447600
2007-02-09,82.08000183105469,49.786888122558594,237400
2007-02-12,81.97000122070312,49.72016906738281,146900
2007-02-13,81.91000366210938,49.68376922607422,204800
2007-02-14,82.37999725341797,49.968849182128906,192600
2007-02-15,82.51000213623047,50.0477294921875,317000
2007-02-16,82.5999984741211,50.102294921875,308900
2007-02-20,82.69999694824219,50.1629524230957,152900
2007-02-21,82.69000244140625,50.15689468383789,173000
2007-02-22,82.4800033569336,50.02952575683594,135000
2007-02-23,82.80999755859375,50.22967529296875,111700
2007-02-26,83.06999969482422,50.38737869262695,160900
2007-02-27,83.7699966430664,50.81199645996094,496500
2007-02-28,83.4800033569336,50.63610076904297,228100
2007-03-01,83.27999877929688,50.681758880615234,500500
2007-03-02,83.55000305175781,50.84605407714844,249000
2007-03-05,83.5999984741211,50.876468658447266,298800
2007-03-06,83.48999786376953,50.809566497802734,302200
2007-03-07,83.63999938964844,50.900821685791016,265500
2007-03-08,83.62999725341797,50.894718170166016,170300
2007-03-09,83.16000366210938,50.60869598388672,333800
2007-03-12,83.38999938964844,50.74863815307617,253300
2007-03-13,83.76000213623047,50.97380828857422,196000
2007-03-14,83.6500015258789,50.906864166259766,267900
2007-03-15,83.55999755859375,50.85211944580078,338900
2007-03-16,83.55000305175781,50.84605407714844,340500
2007-03-19,83.44000244140625,50.779117584228516,238200
2007-03-20,83.55999755859375,50.85211944580078,169400
2007-03-21,83.68000030517578,50.925140380859375,369800
2007-03-22,83.4000015258789,50.75476837158203,236500
2007-03-23,83.2699966430664,50.675628662109375,163400
2007-03-26,83.33999633789062,50.71822738647461,142100
2007-03-27,83.31999969482422,50.7060432434082,165900
2007-03-28,83.30999755859375,50.6999626159668,240500
2007-03-29,83.19000244140625,50.626922607421875,121400
2007-03-30,83.08999633789062,50.566070556640625,464400
2007-04-02,82.86000061035156,50.62229919433594,156600
2007-04-03,82.79000091552734,50.57954025268555,257400
2007-04-04,82.91999816894531,50.658939361572266,182300
2007-04-05,82.70999908447266,50.530616760253906,161200
2007-04-09,82.33000183105469,50.2984733581543,198900
2007-04-10,82.5,50.4023323059082,97600
2007-04-11,82.4000015258789,50.34125900268555,150700
2007-04-12,82.4800033569336,50.39014434814453,111200
2007-04-13,82.33999633789062,50.304630279541016,139100
2007-04-16,82.43000030517578,50.359619140625,262300
2007-04-17,82.77999877929688,50.57341003417969,1080400
2007-04-18,82.97000122070312,50.68950271606445,252500
2007-04-19,82.95999908447266,50.6833381652832,153600
2007-04-20,82.87000274658203,50.628421783447266,88800
2007-04-23,83.04000091552734,50.732303619384766,90500
2007-04-24,83.19999694824219,50.83004379272461,660500
2007-04-25,83.1500015258789,50.799434661865234,537400
2007-04-26,82.91000366210938,50.65283203125,307600
2007-04-27,82.91000366210938,50.65283203125,180000
2007-04-30,83.2699966430664,50.872772216796875,171500
2007-05-01,82.95999908447266,50.875179290771484,158900
2007-05-02,82.86000061035156,50.81391525268555,167000
2007-05-03,82.7699966430664,50.75865936279297,113200
2007-05-04,82.9800033569336,50.88748550415039,144800
2007-05-07,83.05000305175781,50.930416107177734,104500
2007-05-08,83.05000305175781,50.930416107177734,158900
2007-05-09,82.77999877929688,50.76483917236328,201600
2007-05-10,82.98999786376953,50.893638610839844,153100
2007-05-11,82.81999969482422,50.78938293457031,178000
2007-05-14,82.69999694824219,50.71582794189453,142400
2007-05-15,82.69000244140625,50.709678649902344,168400
2007-05-16,82.63999938964844,50.679019927978516,191300
2007-05-17,82.41999816894531,50.54405212402344,263500
2007-05-18,82.18000030517578,50.39692306518555,236400
2007-05-21,82.29000091552734,50.46436309814453,222000
2007-05-22,82.05999755859375,50.323280334472656,217000
2007-05-23,81.9000015258789,50.2252082824707,228100
2007-05-24,82.01000213623047,50.292640686035156,153300
2007-05-25,81.91999816894531,50.237457275390625,183900
2007-05-29,81.75,50.133201599121094,152800
2007-05-30,81.83000183105469,50.18228530883789,245600
2007-05-31,81.80000305175781,50.163875579833984,235100
2007-06-01,81.12000274658203,49.94772720336914,230300
2007-06-04,81.25,50.027801513671875,139200
2007-06-05,80.98999786376953,49.86772155761719,351500
2007-06-06,81.02999877929688,49.89238357543945,266800
2007-06-07,80.22000122070312,49.39358139038086,472300
2007-06-08,80.37000274658203,49.4859504699707,409900
2007-06-11,80.16000366210938,49.35663604736328,198300
2007-06-12,79.58999633789062,49.00565719604492,698800
2007-06-13,79.8499984741211,49.16576385498047,514600
2007-06-14,79.87000274658203,49.1781005859375,207300
2007-06-15,80.22000122070312,49.39358139038086,594800
2007-06-18,80.18000030517578,49.36897277832031,413500
2007-06-19,80.56999969482422,49.60908126831055,460100
2007-06-20,80.30999755859375,49.44901657104492,152900
2007-06-21,80.20999908447266,49.387420654296875,276700
2007-06-22,80.44999694824219,49.535194396972656,246000
2007-06-25,80.70999908447266,49.695274353027344,253200
2007-06-26,80.7300033569336,49.70759963989258,141000
2007-06-27,80.72000122070312,49.701473236083984,218600
2007-06-28,80.66999816894531,49.67066955566406,436800
2007-06-29,81.08999633789062,49.92924118041992,374700
2007-07-02,80.9000015258789,50.00529479980469,1030600
2007-07-03,80.66000366210938,49.856956481933594,169200
2007-07-05,80.20999908447266,49.57878875732422,269000
2007-07-06,80.0199966430664,49.461360931396484,468100
2007-07-09,80.30999755859375,49.6406135559082,118900
2007-07-10,80.86000061035156,49.98057556152344,191300
2007-07-11,80.58000183105469,49.80752182006836,218100
2007-07-12,80.3499984741211,49.66535568237305,309700
2007-07-13,80.52999877929688,49.77660369873047,157400
2007-07-16,80.8499984741211,49.974369049072266,154100
2007-07-17,80.68000030517578,49.86935043334961,136600
2007-07-18,80.97000122070312,50.0485725402832,215700
2007-07-19,80.95999908447266,50.04236602783203,200600
2007-07-20,81.36000061035156,50.28963851928711,463300
2007-07-23,81.33000183105469,50.27104949951172,327500
2007-07-24,81.55000305175781,50.40712356567383,251200
2007-07-25,81.66000366210938,50.47509765625,409500
2007-07-26,82.30999755859375,50.87685012817383,391800
2007-07-27,82.47000122070312,50.97575378417969,305800
2007-07-30,82.26000213623047,50.84597396850586,279600
2007-07-31,82.5999984741211,51.05607986450195,417200
2007-08-01,82.05000305175781,50.91462707519531,195100
2007-08-02,82.11000061035156,50.95184326171875,212100
2007-08-03,82.63999938964844,51.28072738647461,950100
2007-08-06,82.30999755859375,51.075950622558594,267900
2007-08-07,82.30000305175781,51.06974411010742,567300
2007-08-08,81.7300033569336,50.716060638427734,314600
2007-08-09,82.19000244140625,51.00151824951172,235600
2007-08-10,82.06999969482422,50.92703628540039,685000
2007-08-13,82.19999694824219,51.00768280029297,154400
2007-08-14,82.5,51.19383239746094,530100
2007-08-15,82.6500015258789,51.28694534301758,902100
2007-08-16,82.97000122070312,51.4854621887207,900500
2007-08-17,83.02999877929688,51.522727966308594,308400
2007-08-20,83.20999908447266,51.63442611694336,926600
2007-08-21,83.56999969482422,51.85783767700195,459200
2007-08-22,83.30000305175781,51.69028854370117,197000
2007-08-23,83.33000183105469,51.7088737487793,234900
2007-08-24,83.36000061035156,51.72750473022461,123400
2007-08-27,83.58999633789062,51.87024688720703,120000
2007-08-28,84.0199966430664,52.13703536987305,274400
2007-08-29,83.69999694824219,51.938480377197266,507600
2007-08-30,84.12000274658203,52.19915008544922,201800
2007-08-31,84.13999938964844,52.211517333984375,261500
2007-09-04,83.6500015258789,52.114349365234375,281800
2007-09-05,84.16999816894531,52.43827438354492,313300
2007-09-06,83.98999786376953,52.32614517211914,267100
2007-09-07,84.88999938964844,52.8868408203125,410800
2007-09-10,85.08000183105469,53.00522232055664,238000
2007-09-11,84.9000015258789,52.89307403564453,123200
2007-09-12,84.69000244140625,52.76223373413086,147900
2007-09-13,84.19000244140625,52.45075607299805,178500
2007-09-14,84.30000305175781,52.519283294677734,160700
2007-09-17,84.3499984741211,52.55046463012695,237900
2007-09-18,84.26000213623047,52.494384765625,344700
2007-09-19,83.95999908447266,52.30746078491211,1369300
2007-09-20,83.01000213623047,51.715599060058594,685800
2007-09-21,83.43000030517578,51.97726821899414,754900
2007-09-24,83.54000091552734,52.0457763671875,236300
2007-09-25,83.55000305175781,52.05207061767578,225500
2007-09-26,83.58000183105469,52.07072830200195,151100
2007-09-27,83.8499984741211,52.23893737792969,437100
2007-09-28,83.87999725341797,52.25764083862305,185600
2007-10-01,83.66999816894531,52.320167541503906,510600
2007-10-02,83.8499984741211,52.4327278137207,205900
2007-10-03,83.79000091552734,52.39521408081055,1232800
2007-10-04,83.94000244140625,52.488975524902344,120300
2007-10-05,83.19999694824219,52.02625274658203,1173000
2007-10-08,83.5,52.2138671875,129100
2007-10-09,83.23999786376953,52.05126953125,184000
2007-10-10,83.31999969482422,52.1013069152832,298700
2007-10-11,83.33000183105469,52.10753631591797,264100
2007-10-12,83.05000305175781,51.932464599609375,151400
2007-10-15,83.12999725341797,51.98246765136719,196200
2007-10-16,83.36000061035156,52.12629318237305,205200
2007-10-17,83.87000274658203,52.44519805908203,201200
2007-10-18,84.19000244140625,52.645320892333984,193200
2007-10-19,84.91000366210938,53.09553909301758,270500
2007-10-22,84.75,52.995513916015625,218900
2007-10-23,84.7300033569336,52.98299026489258,368300
2007-10-24,85.16000366210938,53.25191116333008,273300
2007-10-25,85.08999633789062,53.20809555053711,169800
2007-10-26,84.87999725341797,53.076786041259766,189500
2007-10-29,84.94999694824219,53.120574951171875,171500
2007-10-30,85.04000091552734,53.17683410644531,118400
2007-10-31,84.47000122070312,52.82044219970703,313300
2007-11-01,84.86000061035156,53.25149917602539,219100
2007-11-02,85.08999633789062,53.39583206176758,337600
2007-11-05,84.98999786376953,53.333072662353516,172100
2007-11-06,84.83999633789062,53.238990783691406,184100
2007-11-07,85.1500015258789,53.43349838256836,299700
2007-11-08,85.33999633789062,53.55271530151367,1078400
2007-11-09,85.8499984741211,53.87273025512695,276700
2007-11-12,86.0,53.9669075012207,117900
2007-11-13,85.55999755859375,53.69081497192383,125300
2007-11-14,85.62000274658203,53.72844696044922,96400
2007-11-15,86.0999984741211,54.02967071533203,210400
2007-11-16,86.0999984741211,54.02967071533203,742300
2007-11-19,86.72000122070312,54.418678283691406,503500
2007-11-20,86.48999786376953,54.27436447143555,378500
2007-11-21,87.16999816894531,54.70109558105469,317600
2007-11-23,86.91000366210938,54.53792190551758,216700
2007-11-26,88.0999984741211,55.28464889526367,637600
2007-11-27,87.27999877929688,54.770111083984375,353300
2007-11-28,86.97000122070312,54.575584411621094,159600
2007-11-29,87.45999908447266,54.883079528808594,145300
2007-11-30,87.58000183105469,54.95835494995117,395100
2007-12-03,87.62999725341797,55.17557144165039,214700
2007-12-04,87.70999908447266,55.2259635925293,196800
2007-12-05,87.37999725341797,55.018192291259766,284600
2007-12-06,86.91999816894531,54.728546142578125,217900
2007-12-07,86.36000061035156,54.3759765625,193000
2007-12-10,86.16000366210938,54.250030517578125,257800
2007-12-11,87.33999633789062,54.9930305480957,318800
2007-12-12,86.61000061035156,54.53335952758789,470500
2007-12-13,85.97000122070312,54.130374908447266,221000
2007-12-14,85.72000122070312,53.972991943359375,240100
2007-12-17,86.2300033569336,54.294097900390625,191000
2007-12-18,86.4000015258789,54.401145935058594,644300
2007-12-19,87.08999633789062,54.83558654785156,411600
2007-12-20,86.94999694824219,54.74744415283203,308600
2007-12-21,86.31999969482422,54.350765228271484,560200
2007-12-24,86.06999969482422,54.1933708190918,197400
2007-12-26,85.66000366210938,53.9351921081543,135700
2007-12-27,85.91999816894531,54.297367095947266,211000
2007-12-28,86.61000061035156,54.73334884643555,302900
2007-12-31,87.01000213623047,54.986141204833984,181100
2008-01-02,87.62999725341797,55.377952575683594,564700
2008-01-03,87.80999755859375,55.49169921875,198600
2008-01-04,88.04000091552734,55.63703918457031,368700
2008-01-07,88.19999694824219,55.7381706237793,341100
2008-01-08,88.38999938964844,55.85823059082031,293200
2008-01-09,88.25,55.76972961425781,335600
2008-01-10,88.01000213623047,55.618072509765625,258300
2008-01-11,88.56999969482422,55.97199630737305,310100
2008-01-14,88.61000061035156,55.99725341796875,347000
2008-01-15,89.19000244140625,56.36377716064453,353700
2008-01-16,89.0199966430664,56.256370544433594,459400
2008-01-17,89.73999786376953,56.711387634277344,608600
2008-01-18,89.61000061035156,56.629180908203125,628100
2008-01-22,90.61000061035156,57.26115798950195,863800
2008-01-23,90.19000244140625,56.99570846557617,1417600
2008-01-24,89.37000274658203,56.47755432128906,398500
2008-01-25,90.19999694824219,57.002052307128906,442600
2008-01-28,89.87000274658203,56.793556213378906,254900
2008-01-29,89.51000213623047,56.56602478027344,433100
2008-01-30,89.47000122070312,56.54075622558594,694000
2008-01-31,89.93000030517578,56.83143997192383,384900
2008-02-01,89.94000244140625,57.015933990478516,597500
2008-02-04,89.44000244140625,56.69896697998047,442300
2008-02-05,90.06999969482422,57.098323822021484,234400
2008-02-06,89.91000366210938,56.99690246582031,161700
2008-02-07,88.9000015258789,56.35663604736328,246500
2008-02-08,89.6500015258789,56.832069396972656,219300
2008-02-11,89.8499984741211,56.958797454833984,200000
2008-02-12,89.66000366210938,56.8383674621582,425500
2008-02-13,89.27999877929688,56.59752655029297,310900
2008-02-14,88.79000091552734,56.286922454833984,477900
2008-02-15,88.9800033569336,56.4073371887207,512000
2008-02-19,88.33999633789062,56.00163650512695,564300
2008-02-20,88.26000213623047,55.950927734375,496700
2008-02-21,89.16999816894531,56.527774810791016,361900
2008-02-22,88.91999816894531,56.36929702758789,237200
2008-02-25,88.33000183105469,55.995262145996094,175400
2008-02-26,88.55000305175781,56.1347541809082,259700
2008-02-27,88.76000213623047,56.26792526245117,201600
2008-02-28,89.80000305175781,56.92717742919922,289500
2008-02-29,90.76000213623047,57.53577423095703,420700
2008-03-03,90.25,57.389488220214844,480300
2008-03-04,89.91000366210938,57.17328643798828,305600
2008-03-05,89.5199966430664,56.92527389526367,358300
2008-03-06,90.23999786376953,57.383121490478516,292600
2008-03-07,90.55000305175781,57.58029556274414,414000
2008-03-10,91.19999694824219,57.99357986450195,200300
2008-03-11,90.20999908447266,57.36404800415039,350800
2008-03-12,91.25,58.02538299560547,289800
2008-03-13,90.7699966430664,57.72011184692383,626400
2008-03-14,91.70999908447266,58.317901611328125,301700
2008-03-17,92.16999816894531,58.610389709472656,569100
2008-03-18,91.54000091552734,58.209808349609375,333400
2008-03-19,92.33000183105469,58.71213912963867,1370400
2008-03-20,92.52999877929688,58.83932113647461,626300
2008-03-24,90.9000015258789,57.802860260009766,898300
2008-03-25,91.22000122070312,58.00632858276367,314600
2008-03-26,91.29000091552734,58.05084228515625,615400
2008-03-27,91.16999816894531,57.97446060180664,345100
2008-03-28,91.52999877929688,58.20345687866211,131800
2008-03-31,91.69000244140625,58.30516815185547,431000
2008-04-01,90.58000183105469,57.79540252685547,786700
2008-04-02,90.27999877929688,57.60399627685547,734700
2008-04-03,90.27999877929688,57.60399627685547,560200
2008-04-04,90.97000122070312,58.0442008972168,421800
2008-04-07,90.37000274658203,57.66135787963867,330400
2008-04-08,90.37999725341797,57.6677360534668,469900
2008-04-09,90.91999816894531,58.01232147216797,761000
2008-04-10,90.55999755859375,57.7825927734375,199700
2008-04-11,90.94999694824219,58.03145980834961,716400
2008-04-14,90.72000122070312,57.88469696044922,246000
2008-04-15,90.30999755859375,57.62307357788086,273700
2008-04-16,89.69999694824219,57.23384475708008,1116400
2008-04-17,89.48999786376953,57.0998649597168,815000
2008-04-18,89.4000015258789,57.04243469238281,2284800
2008-04-21,89.41000366210938,57.04889678955078,303600
2008-04-22,89.4800033569336,57.093502044677734,427900
2008-04-23,89.38999938964844,57.036094665527344,191300
2008-04-24,88.69000244140625,56.58941650390625,306600
2008-04-25,88.56999969482422,56.51286697387695,211400
2008-04-28,88.7300033569336,56.61494827270508,167800
2008-04-29,88.88999938964844,56.717041015625,144300
2008-04-30,89.16999816894531,56.89569091796875,168700
2008-05-01,88.87999725341797,56.88931655883789,336700
2008-05-02,88.16000366210938,56.42845916748047,341700
2008-05-05,88.29000091552734,56.51164245605469,158800
2008-05-06,88.01000213623047,56.3324089050293,557400
2008-05-07,88.36000061035156,56.55647659301758,361300
2008-05-08,88.93000030517578,56.92127990722656,445600
2008-05-09,89.02999877929688,56.985286712646484,236600
2008-05-12,88.87999725341797,56.88931655883789,112200
2008-05-13,88.13999938964844,56.415653228759766,458800
2008-05-14,88.11000061035156,56.39647674560547,174400
2008-05-15,88.5999984741211,56.71010971069336,269100
2008-05-16,88.44999694824219,56.614078521728516,318100
2008-05-19,88.6500015258789,56.74208068847656,163600
2008-05-20,88.91999816894531,56.9149169921875,230400
2008-05-21,88.70999908447266,56.780494689941406,183100
2008-05-22,88.12999725341797,56.40925979614258,223800
2008-05-23,88.5199966430664,56.65886306762695,413200
2008-05-27,88.08999633789062,56.38362503051758,258900
2008-05-28,87.43000030517578,55.961212158203125,197900
2008-05-29,87.0199966430664,55.698795318603516,387600
2008-05-30,87.30999755859375,55.88441848754883,2838400
2008-06-02,87.5199966430664,56.21647262573242,240300
2008-06-03,87.9800033569336,56.51198959350586,561500
2008-06-04,87.66000366210938,56.30641174316406,462400
2008-06-05,87.19999694824219,56.010948181152344,1079400
2008-06-06,87.95999908447266,56.49911117553711,250000
2008-06-09,87.33000183105469,56.09440231323242,288000
2008-06-10,86.80999755859375,55.760433197021484,221200
2008-06-11,86.9000015258789,55.81822967529297,247100
2008-06-12,86.13999938964844,55.330116271972656,546800
2008-06-13,85.94000244140625,55.201568603515625,579300
2008-06-16,85.94999694824219,55.20802307128906,180600
2008-06-17,86.23999786376953,55.39430236816406,266600
2008-06-18,86.70999908447266,55.69618225097656,296200
2008-06-19,86.20999908447266,55.37504196166992,152900
2008-06-20,86.61000061035156,55.63195037841797,318300
2008-06-23,86.56999969482422,55.606239318847656,472000
2008-06-24,87.02999877929688,55.901737213134766,273400
2008-06-25,87.0199966430664,55.89533233642578,254200
2008-06-26,87.51000213623047,56.21007537841797,320500
2008-06-27,87.94000244140625,56.48625946044922,173000
2008-06-30,88.0,56.52479553222656,240500
2008-07-01,87.47000122070312,56.37142562866211,355300
2008-07-02,87.68000030517578,56.5067253112793,469800
2008-07-03,87.70999908447266,56.526100158691406,261800
2008-07-07,88.12000274658203,56.79033279418945,507900
2008-07-08,88.33999633789062,56.93208694458008,206400
2008-07-09,88.76000213623047,57.2027702331543,308200
2008-07-10,88.79000091552734,57.2221565246582,291100
2008-07-11,87.95999908447266,56.68721389770508,378000
2008-07-14,88.43000030517578,56.990108489990234,296400
2008-07-15,88.75,57.196285247802734,506300
2008-07-16,87.94000244140625,56.67431640625,309500
2008-07-17,87.5199966430664,56.403621673583984,266400
2008-07-18,87.22000122070312,56.210269927978516,365500
2008-07-21,87.41999816894531,56.3392219543457,264600
2008-07-22,87.12000274658203,56.145870208740234,263000
2008-07-23,86.9800033569336,56.05561447143555,550000
2008-07-24,87.7300033569336,56.538963317871094,276300
2008-07-25,87.22000122070312,56.210269927978516,296900
2008-07-28,87.72000122070312,56.53256607055664,363000
2008-07-29,87.47000122070312,56.37142562866211,190000
2008-07-30,87.63999938964844,56.480960845947266,274900
2008-07-31,88.33999633789062,56.93208694458008,275000
2008-08-01,88.08000183105469,56.9605598449707,308500
2008-08-04,88.0199966430664,56.92172622680664,367500
2008-08-05,87.56999969482422,56.630733489990234,355600
2008-08-06,87.5999984741211,56.65015411376953,272400
2008-08-07,88.41999816894531,57.180423736572266,341200
2008-08-08,88.37999725341797,57.15454864501953,202800
2008-08-11,87.94999694824219,56.87649917602539,412500
2008-08-12,88.55999755859375,57.270965576171875,302200
2008-08-13,88.37000274658203,57.14810562133789,210100
2008-08-14,88.63999938964844,57.32270050048828,303000
2008-08-15,88.97000122070312,57.53609848022461,292500
2008-08-18,89.19000244140625,57.678375244140625,381000
2008-08-19,89.05999755859375,57.59434127807617,373400
2008-08-20,89.31999969482422,57.76249313354492,487300
2008-08-21,89.12999725341797,57.6395378112793,279900
2008-08-22,88.87000274658203,57.471431732177734,157200
2008-08-25,89.45999908447266,57.853004455566406,232700
2008-08-26,89.48999786376953,57.87239074707031,166900
2008-08-27,89.62000274658203,57.95643615722656,255700
2008-08-28,89.48999786376953,57.87239074707031,201600
2008-08-29,89.37999725341797,57.80126190185547,496900
2008-09-02,89.56999969482422,58.11592483520508,349200
2008-09-03,89.79000091552734,58.25869369506836,410300
2008-09-04,90.23999786376953,58.5506706237793,460500
2008-09-05,90.04000091552734,58.420928955078125,363400
2008-09-08,90.05000305175781,58.42742919921875,418500
2008-09-09,90.45999908447266,58.69337463378906,323800
2008-09-10,90.2300033569336,58.54415512084961,248900
2008-09-11,90.06999969482422,58.44033432006836,393500
2008-09-12,89.62000274658203,58.148345947265625,358300
2008-09-15,91.33999633789062,59.26439666748047,526200
2008-09-16,91.08000183105469,59.095699310302734,810900
2008-09-17,91.9000015258789,59.627723693847656,829800
2008-09-18,90.81999969482422,58.92695617675781,687700
2008-09-19,89.19999694824219,57.87588882446289,1339500
2008-09-22,89.01000213623047,57.752559661865234,785800
2008-09-23,89.01000213623047,57.752559661865234,455500
2008-09-24,89.23999786376953,57.90185546875,415400
2008-09-25,88.97000122070312,57.72663116455078,427200
2008-09-26,88.91000366210938,57.68773651123047,310600
2008-09-29,90.1500015258789,58.492244720458984,528000
2008-09-30,88.95999908447266,57.720157623291016,477900
2008-10-01,89.27999877929688,58.127044677734375,349200
2008-10-02,89.77999877929688,58.45261764526367,298000
2008-10-03,90.12000274658203,58.67395782470703,505400
2008-10-06,90.8499984741211,59.149192810058594,1065200
2008-10-07,90.77999877929688,59.103668212890625,825400
2008-10-08,89.62000274658203,58.3484001159668,869200
2008-10-09,88.72000122070312,57.762481689453125,577200
2008-10-10,87.68000030517578,57.08535385131836,1154600
2008-10-13,87.08000183105469,56.69473648071289,478400
2008-10-14,86.66999816894531,56.427734375,736700
2008-10-15,87.37999725341797,56.89007568359375,247200
2008-10-16,87.4000015258789,56.90309524536133,330400
2008-10-17,87.94999694824219,57.26115036010742,445800
2008-10-20,88.04000091552734,57.31974411010742,315900
2008-10-21,88.97000122070312,57.92522430419922,225500
2008-10-22,89.6500015258789,58.36798095703125,347700
2008-10-23,89.7699966430664,58.446109771728516,330000
2008-10-24,89.38999938964844,58.198699951171875,1924600
2008-10-27,89.33999633789062,58.16609573364258,213700
2008-10-28,88.62000274658203,57.6973876953125,278100
2008-10-29,88.75,57.781982421875,255400
2008-10-30,88.06999969482422,57.33927917480469,406300
2008-10-31,87.88999938964844,57.222084045410156,264100
2008-11-03,87.70999908447266,57.313602447509766,1942300
2008-11-04,88.76000213623047,57.999671936035156,269700
2008-11-05,89.2300033569336,58.30680465698242,286500
2008-11-06,88.95999908447266,58.13035202026367,173000
2008-11-07,88.63999938964844,57.9212646484375,212300
2008-11-10,88.7300033569336,57.9800910949707,205400
2008-11-11,89.05999755859375,58.19572067260742,130100
2008-11-12,89.61000061035156,58.55512619018555,266900
2008-11-13,88.95999908447266,58.13035202026367,300500
2008-11-14,89.83999633789062,58.70541763305664,324100
2008-11-17,90.22000122070312,58.95375442504883,473100
2008-11-18,90.91999816894531,59.41108703613281,543600
2008-11-19,91.9000015258789,60.051448822021484,432400
2008-11-20,93.75,61.2603645324707,727900
2008-11-21,92.88999938964844,60.698421478271484,791300
2008-11-24,92.0199966430664,60.12989044189453,611600
2008-11-25,93.5999984741211,61.162391662597656,411600
2008-11-26,94.16999816894531,61.53474426269531,483400
2008-11-28,94.36000061035156,61.658966064453125,134000
2008-12-01,95.31999969482422,62.49353790283203,663900
2008-12-02,95.81999969482422,62.82137680053711,278300
2008-12-03,95.97000122070312,62.91968536376953,352200
2008-12-04,96.56999969482422,63.3131103515625,443800
2008-12-05,95.55000305175781,62.644325256347656,557500
2008-12-08,95.19000244140625,62.4083137512207,523400
2008-12-09,96.0,62.93941116333008,1421700
2008-12-10,95.91000366210938,62.8803596496582,737000
2008-12-11,96.48999786376953,63.26063537597656,327500
2008-12-12,96.76000213623047,63.43768310546875,281300
2008-12-15,96.97000122070312,63.5753288269043,328900
2008-12-16,98.51000213623047,64.58502960205078,406000
2008-12-17,99.18000030517578,65.0242691040039,667900
2008-12-18,99.8499984741211,65.46353912353516,477700
2008-12-19,99.5199966430664,65.2471694946289,598000
2008-12-22,99.26000213623047,65.07672882080078,804200
2008-12-23,99.20999908447266,65.04391479492188,324500
2008-12-24,99.11000061035156,64.97834777832031,129200
2008-12-26,99.63999938964844,65.32582092285156,181100
2008-12-29,99.48999786376953,65.46992492675781,211900
2008-12-30,99.62999725341797,65.56205749511719,201300
2008-12-31,98.52999877929688,64.83819580078125,404600
2009-01-02,97.12000274658203,63.91032409667969,455200
2009-01-05,96.94999694824219,63.79848098754883,1383500
2009-01-06,96.88999938964844,63.759033203125,900800
2009-01-07,96.91000366210938,63.77217102050781,296700
2009-01-08,97.16999816894531,63.94322967529297,262600
2009-01-09,97.62000274658203,64.23939514160156,278700
2009-01-12,98.2300033569336,64.64079284667969,747700
2009-01-13,98.30000305175781,64.68684387207031,157700
2009-01-14,98.8499984741211,65.0488052368164,321100
2009-01-15,98.7699966430664,64.99614715576172,414500
2009-01-16,97.86000061035156,64.39728546142578,288800
2009-01-20,97.70999908447266,64.29862976074219,357200
2009-01-21,96.83999633789062,63.72608947753906,484100
2009-01-22,96.19999694824219,63.30500793457031,262600
2009-01-23,96.22000122070312,63.31809616088867,361900
2009-01-26,95.9800033569336,63.160194396972656,324900
2009-01-27,96.61000061035156,63.574764251708984,269300
2009-01-28,95.98999786376953,63.166748046875,266200
2009-01-29,94.73999786376953,62.34417724609375,325900
2009-01-30,94.69999694824219,62.317893981933594,296900
2009-02-02,95.19999694824219,62.823333740234375,347600
2009-02-03,94.37999725341797,62.2822265625,436000
2009-02-04,93.9000015258789,61.965457916259766,325000
2009-02-05,94.12000274658203,62.110740661621094,641800
2009-02-06,93.55000305175781,61.734519958496094,667000
2009-02-09,93.36000061035156,61.609130859375,468300
2009-02-10,94.61000061035156,62.43397521972656,437400
2009-02-11,95.33999633789062,62.915748596191406,316800
2009-02-12,95.30999755859375,62.895992279052734,379900
2009-02-13,94.55999755859375,62.400970458984375,304100
2009-02-17,96.1500015258789,63.4503059387207,416200
2009-02-18,95.44999694824219,62.98833465576172,422300
2009-02-19,94.91999816894531,62.638572692871094,229300
2009-02-20,95.19000244140625,62.81673812866211,338800
2009-02-23,95.27999877929688,62.87612533569336,440600
2009-02-24,94.91999816894531,62.638572692871094,557000
2009-02-25,94.05999755859375,62.071014404296875,428700
2009-02-26,93.81999969482422,61.91269302368164,224800
2009-02-27,93.73999786376953,61.85989761352539,288300
2009-03-02,94.43000030517578,62.48052215576172,500400
2009-03-03,94.30999755859375,62.40115737915039,528400
2009-03-04,93.83000183105469,62.08350372314453,331600
2009-03-05,94.93000030517578,62.81136703491211,475000
2009-03-06,94.4800033569336,62.51358413696289,414800
2009-03-09,94.5199966430664,62.54010009765625,224900
2009-03-10,93.83000183105469,62.08350372314453,244500
2009-03-11,94.5,62.526817321777344,320700
2009-03-12,94.7699966430664,62.705474853515625,271100
2009-03-13,94.69999694824219,62.659156799316406,553200
2009-03-16,94.16000366210938,62.301883697509766,512100
2009-03-17,93.9800033569336,62.182777404785156,222200
2009-03-18,97.19999694824219,64.31332397460938,751400
2009-03-19,96.87000274658203,64.09497833251953,711100
2009-03-20,96.87000274658203,64.09497833251953,231400
2009-03-23,96.54000091552734,63.876617431640625,285100
2009-03-24,96.4000015258789,63.784019470214844,810500
2009-03-25,95.81999969482422,63.400230407714844,443500
2009-03-26,96.06999969482422,63.56563949584961,507900
2009-03-27,96.01000213623047,63.52592086791992,394200
2009-03-30,96.41999816894531,63.797245025634766,321200
2009-03-31,96.58999633789062,63.909698486328125,1150800
2009-04-01,96.55000305175781,64.06629943847656,230200
2009-04-02,95.91999816894531,63.64823913574219,552400
2009-04-03,94.81999969482422,62.918357849121094,1177200
2009-04-06,94.5999984741211,62.772335052490234,363600
2009-04-07,94.83999633789062,62.93163299560547,289700
2009-04-08,95.30999755859375,63.24349594116211,250800
2009-04-09,94.75,62.87190246582031,249600
2009-04-13,95.30999755859375,63.24349594116211,207300
2009-04-14,95.80000305175781,63.56862258911133,254000
2009-04-15,95.88999938964844,63.62837600708008,238500
2009-04-16,95.51000213623047,63.376243591308594,240100
2009-04-17,94.73999786376953,62.86528015136719,239400
2009-04-20,95.4000015258789,63.30323791503906,277700
2009-04-21,95.02999877929688,63.057674407958984,218500
2009-04-22,94.80000305175781,62.90509796142578,160900
2009-04-23,94.77999877929688,62.89179611206055,238200
2009-04-24,94.41000366210938,62.64630126953125,253500
2009-04-27,94.80000305175781,62.90509796142578,207500
2009-04-28,94.33999633789062,62.59986877441406,283800
2009-04-29,93.83000183105469,62.26142883300781,454400
2009-04-30,93.66999816894531,62.155277252197266,410500
2009-05-01,93.08999633789062,61.95557403564453,562700
2009-05-04,93.18000030517578,62.015506744384766,516400
2009-05-05,93.16000366210938,62.0021858215332,245000
2009-05-06,93.19999694824219,62.028804779052734,442600
2009-05-07,92.41999816894531,61.50968933105469,489800
2009-05-08,92.52999877929688,61.582889556884766,399900
2009-05-11,93.4000015258789,62.16192626953125,698000
2009-05-12,93.33999633789062,62.121986389160156,206800
2009-05-13,93.7699966430664,62.40817642211914,287500
2009-05-14,93.77999877929688,62.41482162475586,186500
2009-05-15,93.55000305175781,62.26176834106445,254100
2009-05-18,93.0,61.895694732666016,456100
2009-05-19,92.87000274658203,61.809200286865234,268900
2009-05-20,93.16000366210938,62.0021858215332,408600
2009-05-21,92.13999938964844,61.32331085205078,374900
2009-05-22,91.5999984741211,60.963958740234375,382200
2009-05-26,90.98999786376953,60.55794143676758,519900
2009-05-27,89.95999908447266,59.87241744995117,733500
2009-05-28,90.43000030517578,60.185237884521484,660100
2009-05-29,91.44999694824219,60.86412811279297,1119300
2009-06-01,89.69000244140625,59.87083053588867,970300
2009-06-02,89.98999786376953,60.07108688354492,1903800
2009-06-03,90.54000091552734,60.43822479248047,568800
2009-06-04,89.48999786376953,59.737342834472656,591100
2009-06-05,88.5999984741211,59.14323806762695,1273900
2009-06-08,88.1500015258789,58.84282684326172,1135800
2009-06-09,88.52999877929688,59.09651565551758,1127200
2009-06-10,88.0,58.74275588989258,1406500
2009-06-11,88.5999984741211,59.14323806762695,781400
2009-06-12,89.06999969482422,59.45695877075195,608300
2009-06-15,89.47000122070312,59.72398376464844,531500
2009-06-16,89.97000122070312,60.05775451660156,403000
2009-06-17,89.7300033569336,59.89752197265625,594800
2009-06-18,88.63999938964844,59.16993713378906,1015500
2009-06-19,89.05000305175781,59.443603515625,850900
2009-06-22,89.52999877929688,59.76408004760742,1218000
2009-06-23,89.81999969482422,59.95762252807617,492200
2009-06-24,89.4800033569336,59.730648040771484,687600
2009-06-25,90.5999984741211,60.47827911376953,790700
2009-06-26,90.72000122070312,60.558387756347656,263700
2009-06-29,90.91000366210938,60.6851921081543,903200
2009-06-30,90.66999816894531,60.52501678466797,608800
2009-07-01,90.36000061035156,60.48621368408203,394100
2009-07-02,90.66000366210938,60.68694305419922,431700
2009-07-06,90.72000122070312,60.72719192504883,472200
2009-07-07,91.08000183105469,60.968162536621094,741600
2009-07-08,92.12999725341797,61.6710090637207,658900
2009-07-09,91.58999633789062,61.309539794921875,668900
2009-07-10,92.16000366210938,61.69106674194336,400300
2009-07-13,91.83000183105469,61.47020721435547,327400
2009-07-14,91.22000122070312,61.06190872192383,942100
2009-07-15,90.04000091552734,60.27201461791992,714400
2009-07-16,90.58000183105469,60.63346481323242,194900
2009-07-17,89.97000122070312,60.22515106201172,616000
2009-07-20,90.30000305175781,60.4460334777832,335400
2009-07-21,91.30999755859375,61.12211227416992,837700
2009-07-22,90.7699966430664,60.760581970214844,298300
2009-07-23,89.88999938964844,60.17158889770508,518100
2009-07-24,90.08000183105469,60.298744201660156,292400
2009-07-27,89.66000366210938,60.01758575439453,326800
2009-07-28,89.83999633789062,60.13809585571289,299300
2009-07-29,89.9000015258789,60.17826843261719,265200
2009-07-30,90.26000213623047,60.41926574707031,367400
2009-07-31,91.16999816894531,61.02836608886719,631800
2009-08-03,89.94000244140625,60.3798942565918,453700
2009-08-04,89.68000030517578,60.20536804199219,552000
2009-08-05,89.16999816894531,59.86289978027344,393900
2009-08-06,89.16999816894531,59.86289978027344,311200
2009-08-07,88.58000183105469,59.466861724853516,507200
2009-08-10,89.1500015258789,59.84955978393555,1487700
2009-08-11,89.7699966430664,60.265750885009766,327400
2009-08-12,89.5199966430664,60.09794616699219,624700
2009-08-13,90.22000122070312,60.56783676147461,614700
2009-08-14,90.5,60.75581359863281,695000
2009-08-17,91.12000274658203,61.17204666137695,572900
2009-08-18,90.80000305175781,60.957176208496094,514700
2009-08-19,91.13999938964844,61.18549728393555,495400
2009-08-20,91.37999725341797,61.34661102294922,542900
2009-08-21,90.44999694824219,60.72224807739258,435100
2009-08-24,91.01000213623047,61.09824752807617,369100
2009-08-25,91.25,61.259315490722656,315800
2009-08-26,91.37000274658203,61.339900970458984,219600
2009-08-27,91.12000274658203,61.17204666137695,378700
2009-08-28,91.33000183105469,61.313026428222656,303500
2009-08-31,91.5999984741211,61.49432373046875,483700
2009-09-01,91.58000183105469,61.65385055541992,464500
2009-09-02,92.08000183105469,61.99046325683594,381900
2009-09-03,91.75,61.76828384399414,246400
2009-09-04,91.19999694824219,61.39795684814453,521400
2009-09-08,90.98999786376953,61.256690979003906,408700
2009-09-09,91.06999969482422,61.310508728027344,568400
2009-09-10,91.75,61.76828384399414,626900
2009-09-11,92.0199966430664,61.950103759765625,1319500
2009-09-14,91.4800033569336,61.586509704589844,477100
2009-09-15,91.29000091552734,61.45858383178711,710100
2009-09-16,91.22000122070312,61.411468505859375,743200
2009-09-17,91.66999816894531,61.71446990966797,846500
2009-09-18,91.18000030517578,61.38454055786133,910200
2009-09-21,91.12000274658203,61.34415054321289,617200
2009-09-22,91.36000061035156,61.50572204589844,438800
2009-09-23,91.55999755859375,61.6403694152832,794500
2009-09-24,91.80999755859375,61.80866241455078,501200
2009-09-25,92.18000030517578,62.057769775390625,454100
2009-09-28,92.33999633789062,62.16551971435547,514000
2009-09-29,92.30000305175781,62.1385612487793,276400
2009-09-30,92.37000274658203,62.18567657470703,670900
2009-10-01,92.80999755859375,62.653499603271484,1762800
2009-10-02,92.7699966430664,62.626548767089844,936600
2009-10-05,92.76000213623047,62.6197624206543,509100
2009-10-06,92.45999908447266,62.41724395751953,382300
2009-10-07,93.05000305175781,62.815528869628906,269500
2009-10-08,92.70999908447266,62.586055755615234,422200
2009-10-09,91.81999969482422,61.9852180480957,543800
2009-10-12,92.08999633789062,62.167476654052734,464800
2009-10-13,92.30000305175781,62.30923080444336,489200
2009-10-14,91.66999816894531,61.88396453857422,523400
2009-10-15,91.37000274658203,61.681434631347656,826100
2009-10-16,91.79000091552734,61.964962005615234,765300
2009-10-19,91.93000030517578,62.059452056884766,487000
2009-10-20,92.13999938964844,62.20120620727539,640800
2009-10-21,91.93000030517578,62.059452056884766,406400
2009-10-22,91.66000366210938,61.87717819213867,421300
2009-10-23,91.20999908447266,61.57339859008789,424800
2009-10-26,90.69000244140625,61.22238540649414,762500
2009-10-27,91.47000122070312,61.74890899658203,669800
2009-10-28,91.75,61.937931060791016,684100
2009-10-29,91.30999755859375,61.640865325927734,351200
2009-10-30,91.98999786376953,62.09994125366211,600100
2009-11-02,90.9800033569336,61.93653869628906,671100
2009-11-03,90.7699966430664,61.79364776611328,353000
2009-11-04,90.5199966430664,61.62336730957031,497700
2009-11-05,90.54000091552734,61.63707733154297,147600
2009-11-06,90.80999755859375,61.82081985473633,327300
2009-11-09,90.8499984741211,61.848079681396484,531500
2009-11-10,90.91999816894531,61.895713806152344,523000
2009-11-11,91.18000030517578,62.07271194458008,275600
2009-11-12,91.20999908447266,62.093116760253906,374500
2009-11-13,91.27999877929688,62.14084243774414,229300
2009-11-16,91.7699966430664,62.474395751953125,514800
2009-11-17,91.97000122070312,62.610572814941406,506000
2009-11-18,91.73999786376953,62.45394515991211,285300
2009-11-19,91.8499984741211,62.52884292602539,378200
2009-11-20,91.83999633789062,62.52204513549805,304200
2009-11-23,91.70999908447266,62.43356704711914,505100
2009-11-24,92.18000030517578,62.75349044799805,753800
2009-11-25,92.48999786376953,62.96452331542969,431200
2009-11-27,92.91000366210938,63.25048065185547,412200
2009-11-30,93.05999755859375,63.35261535644531,404100
2009-12-01,92.33999633789062,63.00322341918945,529600
2009-12-02,92.1500015258789,62.87360763549805,463800
2009-12-03,91.72000122070312,62.58017349243164,463500
2009-12-04,91.04000091552734,62.116294860839844,756700
2009-12-07,91.29000091552734,62.28684616088867,399100
2009-12-08,91.61000061035156,62.50515365600586,502200
2009-12-09,91.43000030517578,62.38235855102539,721800
2009-12-10,91.12000274658203,62.17081832885742,423200
2009-12-11,90.66999816894531,61.863826751708984,454000
2009-12-14,90.66999816894531,61.863826751708984,195200
2009-12-15,90.37999725341797,61.665950775146484,326000
2009-12-16,90.37999725341797,61.665950775146484,761500
2009-12-17,91.18000030517578,62.211795806884766,468800
2009-12-18,90.7300033569336,61.90477752685547,517600
2009-12-21,89.80000305175781,61.27018356323242,609900
2009-12-22,89.4000015258789,60.99729919433594,366700
2009-12-23,89.36000061035156,60.97002410888672,351400
2009-12-24,89.04000091552734,60.751708984375,160200
2009-12-28,88.80000305175781,60.58793258666992,1181400
2009-12-29,88.87000274658203,60.74790573120117,428800
2009-12-30,89.02999877929688,60.85727310180664,473100
2009-12-31,88.5999984741211,60.563323974609375,304300
2010-01-04,88.81999969482422,60.71365737915039,619100
2010-01-05,89.20999908447266,60.98026657104492,1547500
2010-01-06,88.8499984741211,60.734169006347656,365500
2010-01-07,88.8499984741211,60.734169006347656,390900
2010-01-08,88.95999908447266,60.80939865112305,382500
2010-01-11,89.0199966430664,60.85041046142578,653600
2010-01-12,89.66000366210938,61.287879943847656,403000
2010-01-13,89.2300033569336,60.993961334228516,281900
2010-01-14,89.6500015258789,61.28103256225586,511700
2010-01-15,90.05000305175781,61.55447769165039,429200
2010-01-19,89.88999938964844,61.44512939453125,411900
2010-01-20,90.19999694824219,61.656986236572266,228800
2010-01-21,90.52999877929688,61.88261795043945,349200
2010-01-22,90.61000061035156,61.937232971191406,272900
2010-01-25,90.41000366210938,61.80057907104492,1699000
2010-01-26,90.58999633789062,61.923614501953125,490600
2010-01-27,90.37999725341797,61.78007507324219,342100
2010-01-28,90.3499984741211,61.75957489013672,318100
2010-01-29,90.69999694824219,61.99880599975586,396700
2010-02-01,90.08999633789062,61.786163330078125,634300
2010-02-02,90.23999786376953,61.88903045654297,426000
2010-02-03,89.80999755859375,61.59413528442383,435300
2010-02-04,90.55000305175781,62.101654052734375,503400
2010-02-05,90.83999633789062,62.300514221191406,694700
2010-02-08,90.76000213623047,62.245697021484375,257600
2010-02-09,90.2699966430664,61.90961456298828,481200
2010-02-10,90.0199966430664,61.73814010620117,496200
2010-02-11,89.91000366210938,61.6627197265625,496900
2010-02-12,90.12000274658203,61.80679702758789,219800
2010-02-16,90.31999969482422,61.94389724731445,175400
2010-02-17,89.83999633789062,61.61465072631836,358000
2010-02-18,89.5199966430664,61.39527893066406,474300
2010-02-19,89.56999969482422,61.42957305908203,527900
2010-02-22,89.5,61.381500244140625,349700
2010-02-23,90.18000030517578,61.84791946411133,557200
2010-02-24,90.2300033569336,61.88226318359375,394300
2010-02-25,90.55999755859375,62.10850143432617,256600
2010-02-26,90.69999694824219,62.20451736450195,609900
2010-03-01,90.55000305175781,62.26919174194336,468600
2010-03-02,90.5999984741211,62.30354309082031,417900
2010-03-03,90.51000213623047,62.24169921875,476700
2010-03-04,90.66999816894531,62.3516960144043,431100
2010-03-05,90.23999786376953,62.0560302734375,549900
2010-03-08,90.0,61.89093780517578,399800
2010-03-09,90.2300033569336,62.049076080322266,350500
2010-03-10,90.08000183105469,61.94599533081055,329800
2010-03-11,90.0,61.89093780517578,283100
2010-03-12,90.13999938964844,61.987239837646484,276400
2010-03-15,90.13999938964844,61.987239837646484,190100
2010-03-16,90.48999786376953,62.22789764404297,388200
2010-03-17,90.5999984741211,62.30354309082031,288300
2010-03-18,90.36000061035156,62.13853073120117,202600
2010-03-19,90.23999786376953,62.0560302734375,171300
2010-03-22,90.54000091552734,62.26231002807617,338100
2010-03-23,90.3499984741211,62.131675720214844,244100
2010-03-24,89.44999694824219,61.51272201538086,531300
2010-03-25,89.12000274658203,61.28580093383789,601900
2010-03-26,89.33000183105469,61.43020248413086,734100
2010-03-29,89.19999694824219,61.34080123901367,521400
2010-03-30,89.29000091552734,61.40269470214844,246500
2010-03-31,89.5,61.547157287597656,398900
2010-04-01,89.05999755859375,61.41951370239258,397600
2010-04-05,88.26000213623047,60.86780548095703,656100
2010-04-06,88.5199966430664,61.04715347290039,566100
2010-04-07,89.06999969482422,61.42642593383789,562000
2010-04-08,88.97000122070312,61.35746383666992,465400
2010-04-09,89.06999969482422,61.42642593383789,314600
2010-04-12,89.30999755859375,61.59193420410156,402000
2010-04-13,89.4800033569336,61.70915222167969,309100
2010-04-14,89.23999786376953,61.54364013671875,315800
2010-04-15,89.38999938964844,61.64707565307617,299900
2010-04-16,89.93000030517578,62.01951599121094,409900
2010-04-19,89.70999908447266,61.86779022216797,215300
2010-04-20,89.75,61.89540481567383,171300
2010-04-21,90.04000091552734,62.09537887573242,446500
2010-04-22,89.83000183105469,61.95052719116211,169300
2010-04-23,89.58000183105469,61.778160095214844,174200
2010-04-26,89.63999938964844,61.819557189941406,161900
2010-04-27,90.4800033569336,62.3987922668457,442800
2010-04-28,90.0199966430664,62.08159255981445,409700
2010-04-29,90.16999816894531,62.18506622314453,350500
2010-04-30,90.72000122070312,62.56433868408203,423200
2010-05-03,90.20999908447266,62.40044021606445,300500
2010-05-04,90.81999969482422,62.82231521606445,355000
2010-05-05,91.16999816894531,63.06444549560547,672000
2010-05-06,92.16999816894531,63.75617980957031,902400
2010-05-07,91.91999816894531,63.58329391479492,3856500
2010-05-10,91.22000122070312,63.09907150268555,836200
2010-05-11,91.33000183105469,63.17510223388672,891400
2010-05-12,91.0999984741211,63.01605987548828,424000
2010-05-13,91.3499984741211,63.188987731933594,420300
2010-05-14,91.94000244140625,63.59709548950195,488700
2010-05-17,91.73999786376953,63.458736419677734,535100
2010-05-18,92.41000366210938,63.92218780517578,1711400
2010-05-19,92.48999786376953,63.97751235961914,839700
2010-05-20,93.38999938964844,64.60006713867188,1221600
2010-05-21,93.44000244140625,64.6346664428711,1196200
2010-05-24,93.44000244140625,64.6346664428711,2949400
2010-05-25,93.76000213623047,64.85601043701172,1064000
2010-05-26,93.56999969482422,64.72455596923828,551600
2010-05-27,92.68000030517578,64.1089859008789,522800
2010-05-28,93.0999984741211,64.39950561523438,511700
2010-06-01,92.95999908447266,64.4826889038086,978900
2010-06-02,92.43000030517578,64.11505126953125,519100
2010-06-03,92.30000305175781,64.02491760253906,274300
2010-06-04,93.58000183105469,64.91273498535156,728300
2010-06-07,93.95999908447266,65.17637634277344,413800
2010-06-08,93.66999816894531,64.9752426147461,604300
2010-06-09,93.68000030517578,64.98210144042969,264000
2010-06-10,92.80999755859375,64.37870025634766,655200
2010-06-11,93.4000015258789,64.7879638671875,404800
2010-06-14,93.31999969482422,64.73243713378906,627700
2010-06-15,93.02999877929688,64.53126525878906,1114400
2010-06-16,93.29000091552734,64.71161651611328,621900
2010-06-17,93.7300033569336,65.01683807373047,792500
2010-06-18,93.54000091552734,64.88507080078125,463400
2010-06-21,93.47000122070312,64.83648681640625,569100
2010-06-22,94.02999877929688,65.22492980957031,549200
2010-06-23,94.37999725341797,65.46772003173828,632500
2010-06-24,94.30000305175781,65.41227722167969,1075100
2010-06-25,94.44999694824219,65.51624298095703,455400
2010-06-28,95.12000274658203,65.9810562133789,924300
2010-06-29,95.52999877929688,66.26543426513672,920400
2010-06-30,95.66999816894531,66.36249542236328,891500
2010-07-01,95.37999725341797,66.3333740234375,1293700
2010-07-02,95.20999908447266,66.2151107788086,1072400
2010-07-06,95.44000244140625,66.37503814697266,914100
2010-07-07,95.13999938964844,66.16641998291016,473900
2010-07-08,94.91000366210938,66.00651550292969,508400
2010-07-09,94.66000366210938,65.83260345458984,439800
2010-07-12,94.81999969482422,65.94387817382812,685200
2010-07-13,94.3499984741211,65.61701965332031,679700
2010-07-14,94.81999969482422,65.94387817382812,566500
2010-07-15,95.30999755859375,66.28462982177734,703600
2010-07-16,95.86000061035156,66.66717529296875,864200
2010-07-19,95.61000061035156,66.49327087402344,489800
2010-07-20,95.70999908447266,66.56281280517578,895900
2010-07-21,96.31999969482422,66.98707580566406,470700
2010-07-22,95.79000091552734,66.61849212646484,656800
2010-07-23,95.4800033569336,66.40290069580078,799500
2010-07-26,95.44999694824219,66.38201141357422,626300
2010-07-27,95.12000274658203,66.15255737304688,528200
2010-07-28,95.52999877929688,66.43762969970703,933000
2010-07-29,95.7300033569336,66.5767822265625,737300
2010-07-30,96.29000091552734,66.96620178222656,563600
2010-08-02,95.73999786376953,66.7591323852539,1160900
2010-08-03,96.19000244140625,67.0728759765625,911900
2010-08-04,95.79000091552734,66.79393768310547,777600
2010-08-05,96.25,67.1147689819336,817400
2010-08-06,96.87999725341797,67.5540771484375,438400
2010-08-09,96.86000061035156,67.54007720947266,464800
2010-08-10,97.3499984741211,67.88179016113281,641200
2010-08-11,97.9000015258789,68.26525115966797,911200
2010-08-12,97.6500015258789,68.0909423828125,1701100
2010-08-13,98.06999969482422,68.38378143310547,705800
2010-08-16,98.77999877929688,68.87889862060547,1453200
2010-08-17,98.27999877929688,68.53021240234375,774300
2010-08-18,98.18000030517578,68.46051788330078,1148600
2010-08-19,98.62000274658203,68.76731872558594,684100
2010-08-20,98.30000305175781,68.54421997070312,306000
2010-08-23,98.43000030517578,68.63484954833984,575600
2010-08-24,99.20999908447266,69.17869567871094,973400
2010-08-25,98.76000213623047,68.86495971679688,690100
2010-08-26,99.20999908447266,69.17869567871094,845000
2010-08-27,98.06999969482422,68.38378143310547,1014100
2010-08-30,98.81999969482422,68.90677642822266,463500
2010-08-31,99.26000213623047,69.21356964111328,1276700
2010-09-01,98.30000305175781,68.71521759033203,1268700
2010-09-02,97.88999938964844,68.42855072021484,1273500
2010-09-03,97.33000183105469,68.037109375,1308300
2010-09-07,98.0999984741211,68.57539367675781,778200
2010-09-08,97.83000183105469,68.38668823242188,1124900
2010-09-09,97.05999755859375,67.8483657836914,929300
2010-09-10,96.77999877929688,67.65266418457031,725300
2010-09-13,97.23999786376953,67.97420501708984,1450100
2010-09-14,97.7300033569336,68.3167495727539,590900
2010-09-15,97.38999938964844,68.07906341552734,900600
2010-09-16,97.05000305175781,67.84141540527344,2902900
2010-09-17,97.2699966430664,67.99513244628906,1738600
2010-09-20,97.56999969482422,68.20491027832031,619900
2010-09-21,98.4800033569336,68.84101867675781,1279500
2010-09-22,98.62999725341797,68.94581604003906,978800
2010-09-23,98.7699966430664,69.04370880126953,514000
2010-09-24,98.27999877929688,68.7011947631836,1317500
2010-09-27,99.04000091552734,69.23247528076172,782100
2010-09-28,99.37000274658203,69.46311950683594,776000
2010-09-29,99.12999725341797,69.29539489746094,820400
2010-09-30,99.01000213623047,69.21150970458984,813200
2010-10-01,98.83000183105469,69.24864959716797,846600
2010-10-04,99.18000030517578,69.49383544921875,1260800
2010-10-05,99.19999694824219,69.50786590576172,1092900
2010-10-06,99.83999633789062,69.95632934570312,614400
2010-10-07,99.94000244140625,70.02633666992188,534700
2010-10-08,99.9800033569336,70.05440521240234,868200
2010-10-11,100.08000183105469,70.1244888305664,400300
2010-10-12,99.79000091552734,69.92123413085938,991900
2010-10-13,99.79000091552734,69.92123413085938,473800
2010-10-14,99.22000122070312,69.52189636230469,955100
2010-10-15,98.79000091552734,69.22061920166016,807100
2010-10-18,99.26000213623047,69.5499267578125,1149600
2010-10-19,99.5999984741211,69.78812408447266,763700
2010-10-20,99.54000091552734,69.74614715576172,615100
2010-10-21,98.98999786376953,69.36072540283203,594300
2010-10-22,99.0199966430664,69.38182067871094,643600
2010-10-25,98.98999786376953,69.36072540283203,1436800
2010-10-26,98.33000183105469,68.89830017089844,831800
2010-10-27,97.76000213623047,68.49895477294922,1223500
2010-10-28,98.33000183105469,68.89830017089844,738700
2010-10-29,98.7699966430664,69.20661163330078,768600
2010-11-01,98.37000274658203,69.09076690673828,1042700
2010-11-02,98.69999694824219,69.3224868774414,356700
2010-11-03,99.0199966430664,69.5472640991211,912000
2010-11-04,99.81999969482422,70.10911560058594,1092500
2010-11-05,99.4000015258789,69.81411743164062,1108100
2010-11-08,99.43000030517578,69.8351821899414,469400
2010-11-09,98.58999633789062,69.2452163696289,744600
2010-11-10,98.95999908447266,69.50509643554688,1298900
2010-11-11,98.8499984741211,69.42784118652344,403500
2010-11-12,98.02999877929688,68.8519515991211,2041400
2010-11-15,96.7699966430664,67.9668960571289,1174200
2010-11-16,97.48999786376953,68.47265625,954600
2010-11-17,97.20999908447266,68.2759780883789,580200
2010-11-18,96.9800033569336,68.11444091796875,2968200
2010-11-19,97.18000030517578,68.2548599243164,530600
2010-11-22,97.69999694824219,68.6201400756836,495400
2010-11-23,97.9000015258789,68.76060485839844,659400
2010-11-24,96.8499984741211,68.02313232421875,1112700
2010-11-26,97.2699966430664,68.318115234375,210100
2010-11-29,97.4800033569336,68.46562957763672,527800
2010-11-30,97.6500015258789,68.58499908447266,874200
2010-12-01,96.12999725341797,67.68306732177734,1967700
2010-12-02,95.88999938964844,67.5141372680664,983500
2010-12-03,95.9000015258789,67.52113342285156,374500
2010-12-06,96.5,67.9436264038086,902000
2010-12-07,94.9000015258789,66.81707763671875,1335700
2010-12-08,94.08999633789062,66.24674224853516,2155300
2010-12-09,94.29000091552734,66.38758087158203,1664700
2010-12-10,93.48999786376953,65.82437133789062,1002400
2010-12-13,93.79000091552734,66.03553771972656,1323400
2010-12-14,92.80000305175781,65.33848571777344,1878500
2010-12-15,92.41999816894531,65.07095336914062,1871900
2010-12-16,92.97000122070312,65.4582290649414,1351000
2010-12-17,93.7699966430664,66.021484375,1361700
2010-12-20,93.76000213623047,66.01438903808594,804000
2010-12-21,93.95999908447266,66.15519714355469,848500
2010-12-22,93.69999694824219,65.9721908569336,308900
2010-12-23,93.37000274658203,65.73985290527344,540600
2010-12-27,93.7300033569336,65.99334716796875,407100
2010-12-28,92.5,65.30007934570312,955200
2010-12-29,93.54000091552734,66.03421783447266,1362200
2010-12-30,93.3499984741211,65.90013885498047,529800
2010-12-31,93.81999969482422,66.23191833496094,674300
2011-01-03,93.52999877929688,66.0271987915039,1396100
2011-01-04,93.75,66.1825180053711,1234100
2011-01-05,92.73999786376953,65.4695053100586,1111900
2011-01-06,93.22000122070312,65.80839538574219,1452400
2011-01-07,93.83999633789062,66.24605560302734,736500
2011-01-10,94.16000366210938,66.47188568115234,1096400
2011-01-11,93.79000091552734,66.210693359375,760400
2011-01-12,93.5199966430664,66.02009582519531,753000
2011-01-13,94.1500015258789,66.46489715576172,1051500
2011-01-14,93.88999938964844,66.2813720703125,734500
2011-01-18,93.66000366210938,66.11897277832031,1063800
2011-01-19,93.9000015258789,66.28837585449219,732200
2011-01-20,93.16999816894531,65.77304077148438,697000
2011-01-21,93.4800033569336,65.99188232421875,523900
2011-01-24,93.48999786376953,65.99893188476562,497800
2011-01-25,93.95999908447266,66.33073425292969,1126500
2011-01-26,93.38999938964844,65.92833709716797,869900
2011-01-27,93.73999786376953,66.1753921508789,531500
2011-01-28,94.16999816894531,66.47896575927734,1056600
2011-01-31,93.80000305175781,66.21775817871094,555100
2011-02-01,93.12999725341797,65.909912109375,1009200
2011-02-02,92.91000366210938,65.75420379638672,1120000
2011-02-03,92.37999725341797,65.379150390625,1310900
2011-02-04,91.80999755859375,64.97575378417969,1523900
2011-02-07,91.7699966430664,64.94744873046875,850700
2011-02-08,91.13999938964844,64.50154876708984,997200
2011-02-09,91.66000366210938,64.86956787109375,786000
2011-02-10,91.36000061035156,64.65727233886719,617000
2011-02-11,91.77999877929688,64.95452117919922,1492700
2011-02-14,91.80999755859375,64.97575378417969,1311100
2011-02-15,92.0199966430664,65.12435913085938,603700
2011-02-16,91.88999938964844,65.03234100341797,620100
2011-02-17,92.2300033569336,65.27295684814453,776500
2011-02-18,92.20999908447266,65.25887298583984,418400
2011-02-22,93.0999984741211,65.88871002197266,1383500
2011-02-23,92.87000274658203,65.7259292602539,651700
2011-02-24,93.11000061035156,65.895751953125,508800
2011-02-25,93.41000366210938,66.10807037353516,571900
2011-02-28,93.37000274658203,66.07981872558594,372400
2011-03-01,93.26000213623047,66.15497589111328,530800
2011-03-02,92.7699966430664,65.80733489990234,425400
2011-03-03,92.13999938964844,65.36051177978516,616800
2011-03-04,92.80000305175781,65.82866668701172,637300
2011-03-07,92.56999969482422,65.6655502319336,489600
2011-03-08,92.3499984741211,65.50949096679688,538100
2011-03-09,92.88999938964844,65.89251708984375,626000
2011-03-10,93.68000030517578,66.45291137695312,1576500
2011-03-11,93.45999908447266,66.29686737060547,690300
2011-03-14,93.66999816894531,66.44583129882812,806200
2011-03-15,94.01000213623047,66.68701171875,1661100
2011-03-16,94.80999755859375,67.25446319580078,1588800
2011-03-17,94.5199966430664,67.0487060546875,639900
2011-03-18,94.45999908447266,67.00624084472656,1513200
2011-03-21,93.97000122070312,66.65863037109375,1029000
2011-03-22,94.0199966430664,66.69408416748047,573500
2011-03-23,93.9000015258789,66.60895538330078,696900
2011-03-24,93.41999816894531,66.26847839355469,1098100
2011-03-25,93.16999816894531,66.09109497070312,782400
2011-03-28,93.19999694824219,66.11237335205078,634900
2011-03-29,92.93000030517578,65.9208755493164,1047300
2011-03-30,93.25,66.14784240722656,773500
2011-03-31,93.01000213623047,65.9776611328125,1093100
2011-04-01,92.95999908447266,66.11843872070312,1062700
2011-04-04,93.16999816894531,66.26780700683594,886100
2011-04-05,92.69999694824219,65.93353271484375,777000
2011-04-06,92.30000305175781,65.64900207519531,857500
2011-04-07,92.30999755859375,65.6561279296875,743800
2011-04-08,92.04000091552734,65.46408081054688,595100
2011-04-11,92.16000366210938,65.54945373535156,364200
2011-04-12,92.68000030517578,65.91932678222656,1055400
2011-04-13,93.04000091552734,66.17536926269531,678700
2011-04-14,92.7300033569336,65.954833984375,1036300
2011-04-15,93.41000366210938,66.43852996826172,881400
2011-04-18,93.63999938964844,66.60213470458984,902400
2011-04-19,93.76000213623047,66.68741607666016,532000
2011-04-20,93.38999938964844,66.42427062988281,708200
2011-04-21,93.45999908447266,66.47406005859375,670600
2011-04-25,93.79000091552734,66.70883178710938,826200
2011-04-26,94.19000244140625,66.99333190917969,519700
2011-04-27,93.91999816894531,66.80130767822266,1379500
2011-04-28,94.27999877929688,67.05733489990234,975600
2011-04-29,94.47000122070312,67.19247436523438,436000
2011-05-02,94.19999694824219,67.1717300415039,632300
2011-05-03,94.44999694824219,67.35005187988281,1660700
2011-05-04,94.69000244140625,67.52119445800781,1169500
2011-05-05,95.16000366210938,67.8563461303711,898400
2011-05-06,95.20999908447266,67.8919677734375,1034800
2011-05-09,95.3499984741211,67.9918441772461,559600
2011-05-10,94.88999938964844,67.66382598876953,661600
2011-05-11,95.2300033569336,67.90626525878906,611100
2011-05-12,95.0199966430664,67.75647735595703,652000
2011-05-13,95.38999938964844,68.02030944824219,494100
2011-05-16,95.62000274658203,68.1843032836914,590800
2011-05-17,95.9000015258789,68.38402557373047,986400
2011-05-18,95.3499984741211,67.9918441772461,790700
2011-05-19,95.44999694824219,68.0631103515625,718000
2011-05-20,95.68000030517578,68.2271499633789,669600
2011-05-23,95.80999755859375,68.31979370117188,928000
2011-05-24,95.91000366210938,68.39119720458984,639300
2011-05-25,95.91999816894531,68.39823913574219,1345600
2011-05-26,96.44999694824219,68.77618408203125,806200
2011-05-27,96.44000244140625,68.76905822753906,943800
2011-05-31,96.58999633789062,68.8759765625,2917900
2011-06-01,97.13999938964844,69.4436264038086,2997200
2011-06-02,96.55999755859375,69.02900695800781,1744400
2011-06-03,96.94000244140625,69.30062866210938,1531200
2011-06-06,96.87999725341797,69.25772857666016,1106900
2011-06-07,97.05999755859375,69.38650512695312,1710300
2011-06-08,97.2699966430664,69.53660583496094,1471600
2011-06-09,96.87999725341797,69.25772857666016,1016900
2011-06-10,97.19000244140625,69.4793701171875,1020500
2011-06-13,96.9800033569336,69.3292236328125,1009900
2011-06-14,96.20999908447266,68.7787857055664,2088800
2011-06-15,97.25,69.52228546142578,1352300
2011-06-16,97.5199966430664,69.71529388427734,1958400
2011-06-17,97.44999694824219,69.66524505615234,998000
2011-06-20,97.30000305175781,69.55805969238281,774100
2011-06-21,97.16999816894531,69.4651107788086,1064900
2011-06-22,97.12999725341797,69.43651580810547,1119300
2011-06-23,97.63999938964844,69.80107116699219,1264700
2011-06-24,98.05000305175781,70.09425354003906,997200
2011-06-27,97.66999816894531,69.82255554199219,1185700
2011-06-28,96.7699966430664,69.17911529541016,1315300
2011-06-29,96.19000244140625,68.76446533203125,1376300
2011-06-30,95.86000061035156,68.52861022949219,1948200
2011-07-01,95.38999938964844,68.3572769165039,1921800
2011-07-05,95.98999786376953,68.7872314453125,2896800
2011-07-06,96.16000366210938,68.90910339355469,1234900
2011-07-07,95.79000091552734,68.6439208984375,1289100
2011-07-08,96.80999755859375,69.37491607666016,1278100
2011-07-11,97.55000305175781,69.90524291992188,1158800
2011-07-12,97.69000244140625,70.0054931640625,1205400
2011-07-13,97.8499984741211,70.12017059326172,1247900
2011-07-14,97.29000091552734,69.7188720703125,959000
2011-07-15,97.69000244140625,70.0054931640625,874200
2011-07-18,97.62999725341797,69.9625473022461,883600
2011-07-19,98.0,70.2276840209961,1211400
2011-07-20,97.5199966430664,69.88369750976562,752900
2011-07-21,96.9800033569336,69.49671936035156,1211000
2011-07-22,97.3499984741211,69.7618637084961,813700
2011-07-25,97.04000091552734,69.53971099853516,1541700
2011-07-26,97.44999694824219,69.8335189819336,655600
2011-07-27,97.29000091552734,69.7188720703125,1066600
2011-07-28,97.4800033569336,69.85504913330078,671500
2011-07-29,98.66000366210938,70.70064544677734,1602200
2011-08-01,98.77999877929688,70.95781707763672,2389600
2011-08-02,99.69000244140625,71.61148071289062,2287600
2011-08-03,99.7699966430664,71.66893768310547,1922600
2011-08-04,101.08999633789062,72.61720275878906,2813700
2011-08-05,99.91999816894531,71.77674865722656,3041500
2011-08-08,101.51000213623047,72.91890716552734,5178100
2011-08-09,102.0999984741211,73.34268188476562,3768400
2011-08-10,103.44999694824219,74.31246185302734,2768900
2011-08-11,101.93000030517578,73.2206039428711,2344700
2011-08-12,102.63999938964844,73.73059844970703,1176300
2011-08-15,102.26000213623047,73.45764923095703,986300
2011-08-16,102.7300033569336,73.79528045654297,2025400
2011-08-17,103.44999694824219,74.31246185302734,826200
2011-08-18,103.98999786376953,74.70034790039062,2211800
2011-08-19,104.0999984741211,74.7793960571289,683200
2011-08-22,103.91000366210938,74.6429214477539,913600
2011-08-23,103.48999786376953,74.34121704101562,1414200
2011-08-24,102.37999725341797,73.5438003540039,1089800
2011-08-25,103.01000213623047,73.99636840820312,1391200
2011-08-26,103.33999633789062,74.2334213256836,1080300
2011-08-29,102.66000366210938,73.74501037597656,1106000
2011-08-30,103.37000274658203,74.25495910644531,693800
2011-08-31,103.0,73.98915100097656,1069300
2011-09-01,103.58999633789062,74.5788345336914,1566800
2011-09-02,104.54000091552734,75.26278686523438,1137900
2011-09-06,104.68000030517578,75.3635482788086,1200500
2011-09-07,104.12000274658203,74.96044158935547,945800
2011-09-08,104.62999725341797,75.32756805419922,935700
2011-09-09,105.13999938964844,75.6947250366211,1014200
2011-09-12,104.81999969482422,75.46440124511719,2177800
2011-09-13,104.51000213623047,75.24114990234375,932600
2011-09-14,104.56999969482422,75.28438568115234,1214000
2011-09-15,103.79000091552734,74.7227783203125,1037900
2011-09-16,103.98999786376953,74.86677551269531,699000
2011-09-19,104.83999633789062,75.4787826538086,896500
2011-09-20,104.9800033569336,75.57955932617188,1005000
2011-09-21,105.43000030517578,75.90352630615234,929500
2011-09-22,106.41000366210938,76.60909271240234,3436500
2011-09-23,105.52999877929688,75.97551727294922,1764700
2011-09-26,105.08999633789062,75.65872192382812,1214800
2011-09-27,104.38999938964844,75.15475463867188,1159700
2011-09-28,104.41000366210938,75.16923522949219,1270500
2011-09-29,104.41000366210938,75.16923522949219,1096000
2011-09-30,105.06999969482422,75.64435577392578,1604500
2011-10-03,105.83000183105469,76.34479522705078,2105600
2011-10-04,105.29000091552734,75.9552993774414,2056100
2011-10-05,104.8499984741211,75.63786315917969,1174300
2011-10-06,104.12000274658203,75.11126708984375,1336400
2011-10-07,103.58000183105469,74.72168731689453,2276300
2011-10-10,102.48999786376953,73.93541717529297,803900
2011-10-11,102.83000183105469,74.1806869506836,978400
2011-10-12,102.4800033569336,73.92814636230469,2324400
2011-10-13,102.88999938964844,74.22393798828125,1474100
2011-10-14,102.37999725341797,73.85599517822266,703100
2011-10-17,103.05000305175781,74.3393783569336,1274600
2011-10-18,102.94000244140625,74.2599868774414,912600
2011-10-19,103.0999984741211,74.37545013427734,733400
2011-10-20,102.88999938964844,74.22393798828125,700200
2011-10-21,102.69999694824219,74.08684539794922,1276000
2011-10-24,102.6500015258789,74.05077362060547,1381500
2011-10-25,103.52999877929688,74.68560791015625,1020200
2011-10-26,102.7699966430664,74.13732147216797,989900
2011-10-27,101.52999877929688,73.24284362792969,1636600
2011-10-28,102.13999938964844,73.68284606933594,936300
2011-10-31,103.51000213623047,74.67115020751953,1182700
2011-11-01,104.54000091552734,75.56684875488281,2251700
2011-11-02,104.29000091552734,75.38613891601562,1088000
2011-11-03,103.80000305175781,75.03194427490234,739700
2011-11-04,104.11000061035156,75.25601959228516,735400
2011-11-07,104.2300033569336,75.34270477294922,844100
2011-11-08,103.76000213623047,75.00298309326172,418300
2011-11-09,104.68000030517578,75.66803741455078,760300
2011-11-10,104.16999816894531,75.29937744140625,664200
2011-11-11,103.69000244140625,74.95240020751953,323600
2011-11-14,104.33999633789062,75.4222412109375,586500
2011-11-15,104.19999694824219,75.321044921875,480100
2011-11-16,104.58000183105469,75.59571075439453,335200
2011-11-17,104.79000091552734,75.7475357055664,805500
2011-11-18,104.4000015258789,75.46558380126953,1883100
2011-11-21,104.69000244140625,75.67525482177734,692300
2011-11-22,105.01000213623047,75.90655517578125,2619500
2011-11-23,105.37000274658203,76.1667709350586,2189500
2011-11-25,104.69999694824219,75.68242645263672,466700
2011-11-28,104.70999908447266,75.68965911865234,1286600
2011-11-29,104.51000213623047,75.54513549804688,602100
2011-11-30,103.9000015258789,75.10419464111328,962800
2011-12-01,103.66999816894531,75.08246612548828,1027100
2011-12-02,104.12999725341797,75.41560363769531,892400
2011-12-05,104.06999969482422,75.37218475341797,979100
2011-12-06,103.80000305175781,75.17665100097656,543000
2011-12-07,104.2699966430664,75.51696014404297,739300
2011-12-08,104.80000305175781,75.90087127685547,658200
2011-12-09,104.08000183105469,75.37940216064453,961100
2011-12-12,104.44000244140625,75.64015197753906,1068900
2011-12-13,104.91999816894531,75.98778533935547,512500
2011-12-14,105.36000061035156,76.30642700195312,760100
2011-12-15,105.2699966430664,76.2412109375,968900
2011-12-16,105.77999877929688,76.61062622070312,748700
2011-12-19,106.13999938964844,76.87137603759766,1126600
2011-12-20,105.18000030517578,76.17606353759766,1365000
2011-12-21,104.83999633789062,75.92982482910156,479000
2011-12-22,104.97000122070312,76.02398681640625,731900
2011-12-23,104.54000091552734,75.71257781982422,435500
2011-12-27,104.41000366210938,75.75538635253906,616500
2011-12-28,105.06999969482422,76.23419189453125,919900
2011-12-29,105.19999694824219,76.32854461669922,556000
2011-12-30,105.56999969482422,76.59695434570312,1230000
2012-01-03,104.9000015258789,76.11091613769531,1297700
2012-01-04,104.56999969482422,75.87149047851562,1789000
2012-01-05,104.58999633789062,75.88600158691406,1311300
2012-01-06,105.0,76.1834945678711,998200
2012-01-09,105.0199966430664,76.19795989990234,379900
2012-01-10,104.80999755859375,76.04563903808594,1636100
2012-01-11,105.41999816894531,76.48821258544922,931600
2012-01-12,105.19999694824219,76.32854461669922,685000
2012-01-13,105.66999816894531,76.66951751708984,554000
2012-01-17,105.7699966430664,76.74212646484375,1158100
2012-01-18,105.44000244140625,76.50269317626953,455200
2012-01-19,104.80999755859375,76.04563903808594,1587200
2012-01-20,104.44999694824219,75.78438568115234,650600
2012-01-23,104.22000122070312,75.61751556396484,734000
2012-01-24,104.33999633789062,75.7045669555664,1388100
2012-01-25,104.83999633789062,76.06737518310547,1149200
2012-01-26,105.4000015258789,76.47369384765625,1055000
2012-01-27,105.72000122070312,76.70582580566406,767600
2012-01-30,106.08000183105469,76.96702575683594,1152400
2012-01-31,106.4800033569336,77.25727081298828,1001800
2012-02-01,105.91999816894531,76.98908233642578,1698800
2012-02-02,106.06999969482422,77.09808349609375,839900
2012-02-03,105.2300033569336,76.48753356933594,1112600
2012-02-06,105.5199966430664,76.69831085205078,2968500
2012-02-07,104.83999633789062,76.20405578613281,1164900
2012-02-08,104.88999938964844,76.2403564453125,404800
2012-02-09,104.6500015258789,76.06593322753906,1802500
2012-02-10,105.23999786376953,76.4947738647461,1322600
2012-02-13,105.16999816894531,76.44391632080078,299300
2012-02-14,105.38999938964844,76.60383605957031,615500
2012-02-15,105.47000122070312,76.66195678710938,344100
2012-02-16,104.98999786376953,76.31305694580078,1540500
2012-02-17,104.87999725341797,76.233154296875,653600
2012-02-21,104.5,75.9568862915039,635300
2012-02-22,104.91000366210938,76.2548828125,538200
2012-02-23,105.05999755859375,76.3639144897461,805900
2012-02-24,105.13999938964844,76.42210388183594,360100
2012-02-27,105.48999786376953,76.67648315429688,588600
2012-02-28,105.54000091552734,76.71282958984375,817900
2012-02-29,105.12000274658203,76.40757751464844,787500
2012-03-01,104.61000061035156,76.15999603271484,1185200
2012-03-02,105.02999877929688,76.46578216552734,360100
2012-03-05,104.81999969482422,76.31293487548828,1406100
2012-03-06,105.26000213623047,76.6332778930664,605800
2012-03-07,105.05999755859375,76.48765563964844,436100
2012-03-08,104.75,76.26194763183594,329900
2012-03-09,104.66999816894531,76.20369720458984,286800
2012-03-12,104.63999938964844,76.18189239501953,503100
2012-03-13,103.88999938964844,75.63582611083984,618600
2012-03-14,102.69999694824219,74.76945495605469,1733100
2012-03-15,102.66999816894531,74.74766540527344,2302300
2012-03-16,102.63999938964844,74.72584533691406,681200
2012-03-19,102.01000213623047,74.26715850830078,1133200
2012-03-20,102.05999755859375,74.30354309082031,769100
2012-03-21,102.58000183105469,74.68207550048828,458100
2012-03-22,102.70999908447266,74.7767562866211,326200
2012-03-23,103.08999633789062,75.05339050292969,396100
2012-03-26,102.97000122070312,74.9660415649414,471700
2012-03-27,103.54000091552734,75.38101196289062,579200
2012-03-28,103.36000061035156,75.25000762939453,314700
2012-03-29,103.79000091552734,75.56298065185547,727700
2012-03-30,103.27999877929688,75.19171142578125,502600
2012-04-02,103.3499984741211,75.37188720703125,1433800
2012-04-03,102.58999633789062,74.81761932373047,833100
2012-04-04,103.11000061035156,75.19679260253906,461300
2012-04-05,103.56999969482422,75.53228759765625,456400
2012-04-09,104.62999725341797,76.30536651611328,573700
2012-04-10,105.12000274658203,76.6626968383789,900500
2012-04-11,104.70999908447266,76.36367797851562,435000
2012-04-12,104.5,76.21052551269531,451500
2012-04-13,105.12999725341797,76.66996002197266,461400
2012-04-16,105.0999984741211,76.6480712890625,1179600
2012-04-17,104.98999786376953,76.56787872314453,923400
2012-04-18,105.19999694824219,76.72100067138672,502900
2012-04-19,105.31999969482422,76.80857849121094,408800
2012-04-20,105.33000183105469,76.81587219238281,377500
2012-04-23,105.54000091552734,76.96902465820312,746600
2012-04-24,105.2699966430664,76.7721176147461,506100
2012-04-25,105.13999938964844,76.67733764648438,681200
2012-04-26,105.48999786376953,76.93253326416016,314300
2012-04-27,105.5999984741211,77.0127182006836,368100
2012-04-30,105.69000244140625,77.07838439941406,1820300
2012-05-01,105.33000183105469,76.93817901611328,864100
2012-05-02,105.52999877929688,77.08428192138672,1030200
2012-05-03,105.5199966430664,77.07695770263672,360000
2012-05-04,105.94000244140625,77.38371276855469,814100
2012-05-07,105.91000366210938,77.36180877685547,490800
2012-05-08,106.1500015258789,77.53714752197266,522300
2012-05-09,106.23999786376953,77.60289001464844,961400
2012-05-10,106.08999633789062,77.49330139160156,347000
2012-05-11,106.44000244140625,77.74895477294922,403500
2012-05-14,106.91000366210938,78.0922622680664,650200
2012-05-15,106.94000244140625,78.11414337158203,922100
2012-05-16,107.0199966430664,78.17263793945312,761600
2012-05-17,107.41999816894531,78.46479034423828,764000
2012-05-18,107.3499984741211,78.41371154785156,831900
2012-05-21,107.06999969482422,78.20915222167969,791600
2012-05-22,106.83999633789062,78.04115295410156,538300
2012-05-23,107.12000274658203,78.24565124511719,658000
2012-05-24,106.88999938964844,78.0776596069336,417700
2012-05-25,107.19999694824219,78.30406188964844,370400
2012-05-29,107.11000061035156,78.23835754394531,865400
2012-05-30,108.12999725341797,78.9834213256836,645600
2012-05-31,108.55000305175781,79.29025268554688,2994300
2012-06-01,109.30999755859375,79.9713363647461,2186400
2012-06-04,108.68000030517578,79.5103530883789,849500
2012-06-05,108.31999969482422,79.24706268310547,836700
2012-06-06,107.61000061035156,78.7276382446289,1492800
2012-06-07,107.87000274658203,78.91780853271484,631800
2012-06-08,107.94999694824219,78.97632598876953,468000
2012-06-11,108.23999786376953,79.18852996826172,1050900
2012-06-12,107.66000366210938,78.76419830322266,569700
2012-06-13,108.2300033569336,79.18120574951172,1332100
2012-06-14,107.94000244140625,78.96902465820312,802600
2012-06-15,108.44000244140625,79.33480072021484,769400
2012-06-18,108.41000366210938,79.31289672851562,718800
2012-06-19,108.04000091552734,79.0422134399414,1536800
2012-06-20,107.81999969482422,78.8812255859375,913100
2012-06-21,108.05000305175781,79.04954528808594,1655900
2012-06-22,107.58000183105469,78.70561981201172,1770300
2012-06-25,108.16999816894531,79.13723754882812,594900
2012-06-26,107.93000030517578,78.96171569824219,2395600
2012-06-27,108.08000183105469,79.07147216796875,3445300
2012-06-28,108.43000030517578,79.3274917602539,413400
2012-06-29,107.93000030517578,78.96171569824219,646900
2012-07-02,108.2699966430664,79.32805633544922,1580800
2012-07-03,108.0,79.13025665283203,588000
2012-07-05,108.29000091552734,79.34269714355469,1602600
2012-07-06,108.66999816894531,79.62116241455078,1146900
2012-07-09,108.97000122070312,79.84091186523438,495300
2012-07-10,109.0199966430664,79.8775863647461,631900
2012-07-11,108.91999816894531,79.80436706542969,825800
2012-07-12,109.16999816894531,79.98749542236328,840400
2012-07-13,109.08000183105469,79.92151641845703,307900
2012-07-16,109.31999969482422,80.0973892211914,349400
2012-07-17,109.04000091552734,79.89224243164062,637900
2012-07-18,109.1500015258789,79.97283172607422,606000
2012-07-19,108.98999786376953,79.8555679321289,949100
2012-07-20,109.41999816894531,80.17060089111328,250900
2012-07-23,109.5999984741211,80.30255126953125,1675600
2012-07-24,109.80999755859375,80.45635986328125,905500
2012-07-25,109.87000274658203,80.50033569335938,1246800
2012-07-26,109.52999877929688,80.25125885009766,742000
2012-07-27,108.73999786376953,79.67243194580078,1072300
2012-07-30,109.08999633789062,79.92887115478516,666000
2012-07-31,109.27999877929688,80.06803131103516,2209700
2012-08-01,108.72000122070312,79.77601623535156,977300
2012-08-02,108.9800033569336,79.966796875,620000
2012-08-03,108.41000366210938,79.5485610961914,765500
2012-08-06,108.4800033569336,79.59989929199219,850800
2012-08-07,107.91000366210938,79.1816635131836,1228200
2012-08-08,107.76000213623047,79.07159423828125,862800
2012-08-09,107.68000030517578,79.01289367675781,833700
2012-08-10,107.98999786376953,79.24034881591797,466900
2012-08-13,107.91999816894531,79.18901062011719,729500
2012-08-14,107.38999938964844,78.80013275146484,642100
2012-08-15,106.8499984741211,78.40387725830078,934600
2012-08-16,106.58999633789062,78.21307373046875,861400
2012-08-17,106.72000122070312,78.3084487915039,784300
2012-08-20,106.77999877929688,78.35250854492188,1000100
2012-08-21,106.87000274658203,78.41856384277344,684500
2012-08-22,107.69999694824219,79.02757263183594,730600
2012-08-23,107.88999938964844,79.16704559326172,440200
2012-08-24,107.83999633789062,79.13028717041016,311500
2012-08-27,108.12000274658203,79.33575439453125,467400
2012-08-28,108.16000366210938,79.36515045166016,615000
2012-08-29,108.08999633789062,79.31373596191406,764700
2012-08-30,108.29000091552734,79.46048736572266,642200
2012-08-31,108.98999786376953,79.97412872314453,912700
2012-09-04,108.58999633789062,79.79119110107422,1200200
2012-09-05,108.55000305175781,79.76177978515625,782300
2012-09-06,107.80999755859375,79.218017578125,1376700
2012-09-07,107.94999694824219,79.32089233398438,2748500
2012-09-10,108.0,79.35765838623047,1614100
2012-09-11,107.80000305175781,79.21070861816406,375200
2012-09-12,107.2699966430664,78.82122039794922,660700
2012-09-13,107.58000183105469,79.049072265625,1458700
2012-09-14,106.56999969482422,78.30690002441406,1050800
2012-09-17,106.79000091552734,78.46853637695312,745300
2012-09-18,107.05999755859375,78.66694641113281,578700
2012-09-19,107.30999755859375,78.85066223144531,437200
2012-09-20,107.37000274658203,78.89472961425781,422300
2012-09-21,107.5999984741211,79.06375885009766,682000
2012-09-24,107.83999633789062,79.24006652832031,943800
2012-09-25,108.23999786376953,79.53398895263672,471900
2012-09-26,108.69000244140625,79.86468505859375,444600
2012-09-27,108.45999908447266,79.69567108154297,295400
2012-09-28,108.45999908447266,79.69567108154297,612500
2012-10-01,108.5199966430664,79.84358215332031,1213500
2012-10-02,108.44999694824219,79.79204559326172,846500
2012-10-03,108.55999755859375,79.87297058105469,938000
2012-10-04,108.12999725341797,79.55658721923828,376700
2012-10-05,107.63999938964844,79.19610595703125,805200
2012-10-08,107.98999786376953,79.45364379882812,403700
2012-10-09,107.7699966430664,79.29177856445312,387200
2012-10-10,108.02999877929688,79.48308563232422,318100
2012-10-11,108.12999725341797,79.55658721923828,1217500
2012-10-12,108.13999938964844,79.56401062011719,427900
2012-10-15,108.16999816894531,79.58601379394531,635000
2012-10-16,107.66000366210938,79.21082305908203,585500
2012-10-17,106.9800033569336,78.71051788330078,597300
2012-10-18,106.79000091552734,78.57067108154297,1157500
2012-10-19,107.23999786376953,78.90177154541016,808100
2012-10-22,106.87999725341797,78.63692474365234,760000
2012-10-23,107.38999938964844,79.01212310791016,414600
2012-10-24,107.16000366210938,78.84291076660156,682400
2012-10-25,106.7699966430664,78.55592346191406,437300
2012-10-26,107.44999694824219,79.0562744140625,414800
2012-10-31,107.88999938964844,79.38006591796875,728100
2012-11-01,107.52999877929688,79.2215805053711,918300
2012-11-02,107.62000274658203,79.28791046142578,527200
2012-11-05,107.87999725341797,79.4794692993164,805400
2012-11-06,107.38999938964844,79.11848449707031,486000
2012-11-07,108.29000091552734,79.78153991699219,979800
2012-11-08,108.7699966430664,80.13519287109375,514700
2012-11-09,108.77999877929688,80.14253234863281,368200
2012-11-12,108.8499984741211,80.19415283203125,267900
2012-11-13,108.9800033569336,80.28987121582031,1608900
2012-11-14,109.01000213623047,80.31199645996094,1477300
2012-11-15,108.95999908447266,80.27516174316406,1448500
2012-11-16,109.02999877929688,80.32671356201172,578100
2012-11-19,108.80999755859375,80.1646728515625,712300
2012-11-20,108.36000061035156,79.83312225341797,970700
2012-11-21,108.19999694824219,79.71527099609375,291500
2012-11-23,108.13999938964844,79.67105865478516,466000
2012-11-26,108.31999969482422,79.80364990234375,1522400
2012-11-27,108.56999969482422,79.98785400390625,579100
2012-11-28,108.70999908447266,80.09095001220703,1057500
2012-11-29,108.81999969482422,80.17200469970703,814200
2012-11-30,108.80000305175781,80.15730285644531,557800
2012-12-03,108.62000274658203,80.12556457519531,750400
2012-12-04,108.80999755859375,80.26573944091797,479300
2012-12-05,108.9000015258789,80.33209991455078,505500
2012-12-06,108.95999908447266,80.37635040283203,443700
2012-12-07,108.6500015258789,80.14767456054688,515700
2012-12-10,108.75,80.22145080566406,707500
2012-12-11,108.54000091552734,80.0665512084961,734300
2012-12-12,108.08000183105469,79.72726440429688,1165600
2012-12-13,107.87000274658203,79.57233428955078,862900
2012-12-14,108.11000061035156,79.74935150146484,380700
2012-12-17,107.54000091552734,79.3288803100586,660100
2012-12-18,107.12000274658203,79.01905059814453,846400
2012-12-19,107.2699966430664,79.12966918945312,675300
2012-12-20,107.33999633789062,79.18135070800781,377100
2012-12-21,107.62999725341797,79.395263671875,499200
2012-12-24,107.5199966430664,79.31413269042969,903400
2012-12-26,107.58999633789062,79.47734069824219,780000
2012-12-27,107.80999755859375,79.63990020751953,446700
2012-12-28,108.05999755859375,79.82457733154297,552200
2012-12-31,107.48999786376953,79.40353393554688,1742800
2013-01-02,107.0,79.04158020019531,2561300
2013-01-03,106.44999694824219,78.63525390625,2131900
2013-01-04,106.5,78.67219543457031,975400
2013-01-07,106.55999755859375,78.71648406982422,1387400
2013-01-08,106.81999969482422,78.90858459472656,364200
2013-01-09,106.87999725341797,78.95291137695312,517700
2013-01-10,106.56999969482422,78.72390747070312,689100
2013-01-11,106.91000366210938,78.97503662109375,553900
2013-01-14,106.87000274658203,78.94557189941406,971700
2013-01-15,107.12999725341797,79.13754272460938,428800
2013-01-16,107.2699966430664,79.240966796875,534000
2013-01-17,106.77999877929688,78.87903594970703,436100
2013-01-18,107.08000183105469,79.10060119628906,560100
2013-01-22,107.16999816894531,79.16718292236328,595400
2013-01-23,107.22000122070312,79.20404815673828,603600
2013-01-24,107.04000091552734,79.07109832763672,376300
2013-01-25,106.33000183105469,78.54657745361328,570600
2013-01-28,106.11000061035156,78.38411712646484,1328000
2013-01-29,105.94999694824219,78.26590728759766,480600
2013-01-30,106.01000213623047,78.31026458740234,453200
2013-01-31,106.0999984741211,78.37670135498047,902500
2013-02-01,105.5999984741211,78.11043548583984,2587800
2013-02-04,106.20999908447266,78.56165313720703,693400
2013-02-05,105.83000183105469,78.28059387207031,797700
2013-02-06,106.1500015258789,78.51725769042969,816800
2013-02-07,106.19999694824219,78.55428314208984,970000
2013-02-08,106.27999877929688,78.61341857910156,952800
2013-02-11,106.16999816894531,78.53205871582031,558800
2013-02-12,106.05999755859375,78.45068359375,531500
2013-02-13,105.69000244140625,78.1770248413086,610700
2013-02-14,106.13999938964844,78.50988006591797,988000
2013-02-15,106.04000091552734,78.4358901977539,681700
2013-02-19,105.87000274658203,78.31016540527344,498800
2013-02-20,106.0999984741211,78.48023223876953,869900
2013-02-21,106.30999755859375,78.63561248779297,681000
2013-02-22,106.44000244140625,78.73176574707031,412800
2013-02-25,107.26000213623047,79.33831787109375,2909000
2013-02-26,107.05999755859375,79.19036865234375,860900
2013-02-27,107.01000213623047,79.15341186523438,398800
2013-02-28,107.16000366210938,79.2643051147461,534400
2013-03-01,107.30000305175781,79.46209716796875,876500
2013-03-04,107.05000305175781,79.27691650390625,572600
2013-03-05,106.94000244140625,79.19544982910156,224700
2013-03-06,106.5999984741211,78.94367218017578,1091700
2013-03-07,106.19000244140625,78.64006042480469,804500
2013-03-08,105.6500015258789,78.2401351928711,1651900
2013-03-11,105.69999694824219,78.27716064453125,1465800
2013-03-12,105.98999786376953,78.49188232421875,525300
2013-03-13,105.9000015258789,78.42533111572266,1116500
2013-03-14,105.93000030517578,78.44749450683594,557400
2013-03-15,106.30000305175781,78.72151184082031,1184700
2013-03-18,106.6500015258789,78.98069763183594,1442000
2013-03-19,106.9800033569336,79.22510528564453,545300
2013-03-20,106.56999969482422,78.92147827148438,742800
2013-03-21,106.8499984741211,79.12879180908203,669700
2013-03-22,106.88999938964844,79.158447265625,297000
2013-03-25,106.97000122070312,79.2176513671875,319500
2013-03-26,107.08000183105469,79.29911041259766,546300
2013-03-27,107.54000091552734,79.63984680175781,623700
2013-03-28,107.33999633789062,79.49168395996094,378400
2013-04-01,107.4800033569336,79.7030258178711,2471100
2013-04-02,107.2699966430664,79.54729461669922,984900
2013-04-03,107.72000122070312,79.88101959228516,1234000
2013-04-04,108.1500015258789,80.1998519897461,584800
2013-04-05,108.48999786376953,80.45201110839844,663800
2013-04-08,108.13999938964844,80.19248962402344,858200
2013-04-09,108.18000030517578,80.22211456298828,507800
2013-04-10,107.7300033569336,79.8884048461914,340900
2013-04-11,107.8499984741211,79.97740936279297,1132200
2013-04-12,108.44999694824219,80.42232513427734,827700
2013-04-15,108.69000244140625,80.60026550292969,587300
2013-04-16,108.37999725341797,80.37042999267578,1226700
2013-04-17,108.58000183105469,80.51871490478516,988300
2013-04-18,108.63999938964844,80.5632553100586,705600
2013-04-19,108.58000183105469,80.51871490478516,750500
2013-04-22,108.63999938964844,80.5632553100586,379900
2013-04-23,108.56999969482422,80.51132202148438,449800
2013-04-24,108.62000274658203,80.54845428466797,279400
2013-04-25,108.5,80.45941925048828,293300
2013-04-26,108.88999938964844,80.7486572265625,433300
2013-04-29,108.8499984741211,80.71896362304688,810000
2013-04-30,108.83000183105469,80.70409393310547,752700
2013-05-01,109.05000305175781,80.96771240234375,803600
2013-05-02,109.05000305175781,80.96771240234375,921300
2013-05-03,108.12000274658203,80.27720642089844,879500
2013-05-06,107.9800033569336,80.17330169677734,434000
2013-05-07,107.83000183105469,80.06192016601562,544000
2013-05-08,107.95999908447266,80.15841674804688,1114400
2013-05-09,107.94000244140625,80.1435775756836,587300
2013-05-10,107.33000183105469,79.69063568115234,529700
2013-05-13,107.13999938964844,79.549560546875,417600
2013-05-14,106.70999908447266,79.23033905029297,876900
2013-05-15,106.98999786376953,79.43821716308594,768200
2013-05-16,107.5,79.81687927246094,697900
2013-05-17,106.91999816894531,79.3862075805664,365800
2013-05-20,106.83999633789062,79.32681274414062,1440000
2013-05-21,107.12000274658203,79.53472900390625,530600
2013-05-22,106.2699966430664,78.90360260009766,1797400
2013-05-23,106.37999725341797,78.98528289794922,950100
2013-05-24,106.41999816894531,79.0149917602539,349800
2013-05-28,105.16999816894531,78.08689880371094,1157000
2013-05-29,105.5999984741211,78.4061508178711,1588400
2013-05-30,105.61000061035156,78.41358184814453,578000
2013-05-31,105.31999969482422,78.19827270507812,1639400
2013-06-03,105.33000183105469,78.3112564086914,3269200
2013-06-04,105.05999755859375,78.11052703857422,1235100
2013-06-05,105.56999969482422,78.48968505859375,1298900
2013-06-06,105.69999694824219,78.58635711669922,2471900
2013-06-07,104.87999725341797,77.97669219970703,652300
2013-06-10,104.62000274658203,77.78336334228516,694600
2013-06-11,104.87999725341797,77.97669219970703,756100
2013-06-12,104.41000366210938,77.62728118896484,528700
2013-06-13,105.19999694824219,78.21453094482422,1180100
2013-06-14,105.33999633789062,78.31867980957031,599700
2013-06-17,105.08999633789062,78.13285827636719,478400
2013-06-18,105.02999877929688,78.08820343017578,429000
2013-06-19,103.58999633789062,77.01758575439453,1281500
2013-06-20,103.12000274658203,76.66816711425781,1982500
2013-06-21,102.02999877929688,75.85774230957031,1777200
2013-06-24,101.77999877929688,75.6718978881836,2731500
2013-06-25,101.66000366210938,75.58265686035156,772000
2013-06-26,102.06999969482422,75.88751220703125,1015300
2013-06-27,102.62000274658203,76.29638671875,949000
2013-06-28,102.5,76.20723724365234,1017700
2013-07-01,102.4000015258789,76.23628234863281,1127100
2013-07-02,102.44000244140625,76.2659912109375,385400
2013-07-03,102.23999786376953,76.11707305908203,1233200
2013-07-05,100.5199966430664,74.8366470336914,924100
2013-07-08,101.11000061035156,75.27587127685547,1137200
2013-07-09,101.27999877929688,75.4024429321289,558400
2013-07-10,100.91999816894531,75.13436889648438,1005500
2013-07-11,101.93000030517578,75.88638305664062,818700
2013-07-12,101.8499984741211,75.8267593383789,1919500
2013-07-15,102.16999816894531,76.06501770019531,563700
2013-07-16,102.22000122070312,76.10223388671875,713300
2013-07-17,102.66999816894531,76.43728637695312,696300
2013-07-18,102.19000244140625,76.07989501953125,717800
2013-07-19,102.75,76.49679565429688,459500
2013-07-22,102.73999786376953,76.48934173583984,450300
2013-07-23,102.62000274658203,76.39999389648438,13316500
2013-07-24,101.93000030517578,75.88638305664062,837400
2013-07-25,102.08000183105469,75.99803161621094,712300
2013-07-26,102.16999816894531,76.06501770019531,544900
2013-07-29,101.95999908447266,75.90865325927734,420300
2013-07-30,101.93000030517578,75.88638305664062,306800
2013-07-31,102.0,75.93849182128906,930500
2013-08-01,100.95999908447266,75.26821899414062,1177300
2013-08-02,101.81999969482422,75.90938568115234,4360000
2013-08-05,101.5,75.67073822021484,390400
2013-08-06,101.52999877929688,75.69314575195312,257000
2013-08-07,101.9000015258789,75.96900177001953,493200
2013-08-08,102.05000305175781,76.08081817626953,804900
2013-08-09,102.12000274658203,76.13302612304688,557600
2013-08-12,101.91999816894531,75.98388671875,400400
2013-08-13,101.0,75.29802703857422,566500
2013-08-14,101.08999633789062,75.36510467529297,1672300
2013-08-15,100.52999877929688,74.94762420654297,15452300
2013-08-16,100.13999938964844,74.65692901611328,1066900
2013-08-19,99.70999908447266,74.3363265991211,892200
2013-08-20,100.25,74.73889923095703,1221100
2013-08-21,99.62000274658203,74.26918029785156,945100
2013-08-22,99.58000183105469,74.2393798828125,755100
2013-08-23,100.13999938964844,74.65692901611328,991100
2013-08-26,100.33999633789062,74.8060073852539,512600
2013-08-27,100.91000366210938,75.23092651367188,532500
2013-08-28,100.5,74.9252700805664,761700
2013-08-29,100.5999984741211,74.99986267089844,470900
2013-08-30,100.41000366210938,74.85819244384766,1038200
2013-09-03,99.69000244140625,74.43331146240234,796000
2013-09-04,99.36000061035156,74.18699645996094,824400
2013-09-05,98.5999984741211,73.61947631835938,1722700
2013-09-06,99.19999694824219,74.06749725341797,1033900
2013-09-09,99.4000015258789,74.216796875,764300
2013-09-10,98.94000244140625,73.87332916259766,1895300
2013-09-11,99.44000244140625,74.24671173095703,885300
2013-09-12,99.44999694824219,74.25411987304688,796800
2013-09-13,99.58000183105469,74.35122680664062,1166500
2013-09-16,99.80000305175781,74.51544952392578,1855200
2013-09-17,100.0,74.66484069824219,943300
2013-09-18,101.23999786376953,75.59063720703125,1341800
2013-09-19,100.88999938964844,75.32930755615234,1592800
2013-09-20,100.98999786376953,75.40396118164062,300600
2013-09-23,101.37000274658203,75.6877212524414,2003200
2013-09-24,101.73999786376953,75.96393585205078,1149800
2013-09-25,102.0199966430664,76.17300415039062,569900
2013-09-26,101.80000305175781,76.0087661743164,568100
2013-09-27,101.94000244140625,76.11327362060547,2349400
2013-09-30,102.11000061035156,76.24020385742188,3785200
2013-10-01,101.7300033569336,76.0704574584961,1937000
2013-10-02,101.9000015258789,76.19760131835938,799900
2013-10-03,102.04000091552734,76.3022689819336,651800
2013-10-04,101.76000213623047,76.09291076660156,1160900
2013-10-07,101.8499984741211,76.16019439697266,454400
2013-10-08,101.80000305175781,76.12281036376953,818100
2013-10-09,101.62000274658203,75.98826599121094,506500
2013-10-10,101.4000015258789,75.8237075805664,649100
2013-10-11,101.55000305175781,75.93586730957031,850100
2013-10-14,101.20999908447266,75.6816177368164,183200
2013-10-15,101.2300033569336,75.69656372070312,368100
2013-10-16,101.72000122070312,76.0630111694336,2339600
2013-10-17,102.30000305175781,76.49667358398438,2950500
2013-10-18,102.30999755859375,76.5041732788086,582600
2013-10-21,102.23999786376953,76.4518051147461,321700
2013-10-22,102.94999694824219,76.98275756835938,484700
2013-10-23,103.12999725341797,77.11727905273438,280800
2013-10-24,102.91999816894531,76.9603271484375,591200
2013-10-25,103.0999984741211,77.09490966796875,552800
2013-10-28,103.0,77.02017211914062,600800
2013-10-29,103.13999938964844,77.12482452392578,274700
2013-10-30,102.87000274658203,76.92298126220703,1753100
2013-10-31,102.75,76.83323669433594,893000
2013-11-01,102.0199966430664,76.40705108642578,680100
2013-11-04,102.22000122070312,76.55683135986328,437000
2013-11-05,101.76000213623047,76.21234130859375,656900
2013-11-06,102.06999969482422,76.44449615478516,692700
2013-11-07,102.33999633789062,76.64669036865234,415000
2013-11-08,101.19000244140625,75.78541564941406,2497700
2013-11-11,101.13999938964844,75.74800109863281,144000
2013-11-12,101.05000305175781,75.68058776855469,1052100
2013-11-13,101.47000122070312,75.99513244628906,1122700
2013-11-14,101.95999908447266,76.36212921142578,694100
2013-11-15,101.87999725341797,76.30216979980469,359200
2013-11-18,102.23999786376953,76.57176971435547,2853000
2013-11-19,101.86000061035156,76.2872543334961,559100
2013-11-20,101.30000305175781,75.86784362792969,1562700
2013-11-21,101.38999938964844,75.9351806640625,804800
2013-11-22,101.68000030517578,76.15243530273438,807900
2013-11-25,101.76000213623047,76.21234130859375,487400
2013-11-26,101.9800033569336,76.37712860107422,425400
2013-11-27,101.75,76.20486450195312,476900
2013-11-29,101.69000244140625,76.15987396240234,652100
2013-12-02,101.08999633789062,75.83283233642578,2912200
2013-12-03,101.2699966430664,75.96785736083984,477200
2013-12-04,100.80999755859375,75.6227798461914,943600
2013-12-05,100.55999755859375,75.43524932861328,374100
2013-12-06,100.6500015258789,75.50274658203125,415600
2013-12-09,100.7699966430664,75.59278106689453,540900
2013-12-10,101.19000244140625,75.9078140258789,334700
2013-12-11,100.80000305175781,75.61527252197266,371700
2013-12-12,100.51000213623047,75.39777374267578,1156200
2013-12-13,100.66000366210938,75.51030731201172,434000
2013-12-16,100.61000061035156,75.47279357910156,572400
2013-12-17,100.93000030517578,75.71284484863281,694800
2013-12-18,100.55000305175781,75.427734375,1997700
2013-12-19,100.12999725341797,75.1126708984375,978700
2013-12-20,100.44000244140625,75.34525299072266,510500
2013-12-23,100.12000274658203,75.10517883300781,5238400
2013-12-24,99.7300033569336,74.81265258789062,770600
2013-12-26,99.4800033569336,74.74800109863281,787500
2013-12-27,99.41999816894531,74.70293426513672,640400
2013-12-30,99.69000244140625,74.90583801269531,1328000
2013-12-31,99.23999786376953,74.567626953125,1553600
2014-01-02,99.62999725341797,74.86073303222656,1161800
2014-01-03,99.56999969482422,74.8156509399414,637500
2014-01-06,99.8499984741211,75.02601623535156,666200
2014-01-07,100.01000213623047,75.14620208740234,1055700
2014-01-08,99.5199966430664,74.77802276611328,1216700
2014-01-09,99.77999877929688,74.9734115600586,806100
2014-01-10,100.62000274658203,75.6046371459961,713300
2014-01-13,100.91000366210938,75.82252502441406,581600
2014-01-14,100.52999877929688,75.53697204589844,366700
2014-01-15,100.44000244140625,75.4693374633789,997300
2014-01-16,100.72000122070312,75.67972564697266,333300
2014-01-17,100.95999908447266,75.86003112792969,754400
2014-01-21,100.8499984741211,75.77737426757812,1927100
2014-01-22,100.56999969482422,75.56702423095703,1150900
2014-01-23,101.25,76.07795715332031,1080200
2014-01-24,101.66000366210938,76.38599395751953,564300
2014-01-27,101.3499984741211,76.15309143066406,758600
2014-01-28,101.5,76.26580047607422,452700
2014-01-29,101.9800033569336,76.62649536132812,1420200
2014-01-30,101.87999725341797,76.55130004882812,685400
2014-01-31,102.27999877929688,76.85191345214844,670500
2014-02-03,102.66000366210938,77.26961517333984,4629800
2014-02-04,102.3499984741211,77.03626251220703,2617300
2014-02-05,101.9800033569336,76.75784301757812,817600
2014-02-06,101.79000091552734,76.61483764648438,885900
2014-02-07,102.05999755859375,76.81803131103516,1065800
2014-02-10,102.11000061035156,76.85560607910156,589300
2014-02-11,101.66000366210938,76.51695251464844,625800
2014-02-12,101.41999816894531,76.33631896972656,743500
2014-02-13,101.9000015258789,76.69759368896484,941400
2014-02-14,101.83000183105469,76.6448974609375,463400
2014-02-18,102.08000183105469,76.83309936523438,1003600
2014-02-19,101.87999725341797,76.68253326416016,907200
2014-02-20,101.7699966430664,76.59976196289062,842900
2014-02-21,101.9000015258789,76.69759368896484,405000
2014-02-24,101.80000305175781,76.622314453125,1531100
2014-02-25,102.1500015258789,76.88575744628906,402600
2014-02-26,102.44999694824219,77.11158752441406,486000
2014-02-27,102.56999969482422,77.20188903808594,559400
2014-02-28,102.47000122070312,77.12662506103516,609900
2014-03-03,102.80999755859375,77.508056640625,2540500
2014-03-04,102.0199966430664,76.9124984741211,1080200
2014-03-05,102.12999725341797,76.99546813964844,614700
2014-03-06,101.69000244140625,76.66372680664062,534700
2014-03-07,101.25,76.33204650878906,645100
2014-03-10,101.36000061035156,76.4149398803711,1013900
2014-03-11,101.45999908447266,76.4903335571289,1571000
2014-03-12,101.86000061035156,76.79190063476562,819000
2014-03-13,102.45999908447266,77.2442855834961,1638900
2014-03-14,102.47000122070312,77.25177764892578,1314400
2014-03-17,102.05999755859375,76.94269561767578,1085400
2014-03-18,102.30999755859375,77.13115692138672,861200
2014-03-19,101.36000061035156,76.4149398803711,1355500
2014-03-20,101.37999725341797,76.43000793457031,1748100
2014-03-21,101.56999969482422,76.5732650756836,466500
2014-03-24,101.61000061035156,76.60346984863281,1222600
2014-03-25,101.55000305175781,76.55819702148438,739400
2014-03-26,101.9800033569336,76.88241577148438,830000
2014-03-27,102.08000183105469,76.95777130126953,303600
2014-03-28,101.72000122070312,76.68631744384766,661600
2014-03-31,101.7300033569336,76.69385528564453,1982900
2014-04-01,101.33000183105469,76.53528594970703,2562600
2014-04-02,100.88999938964844,76.20298767089844,806800
2014-04-03,100.95999908447266,76.25577545166016,298000
2014-04-04,101.58000183105469,76.72406005859375,731900
2014-04-07,101.81999969482422,76.90535736083984,1751700
2014-04-08,101.95999908447266,77.01115417480469,666100
2014-04-09,101.93000030517578,76.98844909667969,1350500
2014-04-10,102.36000061035156,77.31326293945312,1056600
2014-04-11,102.56999969482422,77.47185516357422,918500
2014-04-14,102.41000366210938,77.3509521484375,1468600
2014-04-15,102.52999877929688,77.441650390625,614300
2014-04-16,102.37000274658203,77.3207778930664,1405500
2014-04-17,101.79000091552734,76.88276672363281,584600
2014-04-21,101.7699966430664,76.86758422851562,1021100
2014-04-22,101.7300033569336,76.83735656738281,482800
2014-04-23,101.98999786376953,77.03378295898438,306400
2014-04-24,101.95999908447266,77.01115417480469,345700
2014-04-25,102.0999984741211,77.11683654785156,388900
2014-04-28,101.94999694824219,77.00354766845703,574900
2014-04-29,102.04000091552734,77.07157897949219,760100
2014-04-30,102.30999755859375,77.27550506591797,544700
2014-05-01,102.41000366210938,77.4979019165039,21829500
2014-05-02,102.55999755859375,77.6114730834961,1343700
2014-05-05,102.5,77.56604766845703,929400
2014-05-06,102.62000274658203,77.65684509277344,566300
2014-05-07,102.69999694824219,77.71737670898438,1107600
2014-05-08,102.80999755859375,77.80064392089844,1444300
2014-05-09,102.7300033569336,77.74012756347656,354500
2014-05-12,102.45999908447266,77.53582763671875,759600
2014-05-13,102.86000061035156,77.83848571777344,603700
2014-05-14,103.33000183105469,78.19409942626953,635400
2014-05-15,103.69999694824219,78.47412872314453,1347300
2014-05-16,103.4800033569336,78.30768585205078,452600
2014-05-19,103.3499984741211,78.2093276977539,325400
2014-05-20,103.6500015258789,78.43629455566406,34764400
2014-05-21,103.48999786376953,78.31526947021484,881700
2014-05-22,103.37999725341797,78.23197937011719,678800
2014-05-23,103.58999633789062,78.39088439941406,486800
2014-05-27,103.62000274658203,78.41358947753906,997000
2014-05-28,104.19000244140625,78.84497833251953,968200
2014-05-29,104.05999755859375,78.74657440185547,753100
2014-05-30,103.9800033569336,78.68604278564453,902400
2014-06-02,103.33000183105469,78.3259506225586,2032800
2014-06-03,102.80999755859375,77.93181610107422,1563600
2014-06-04,102.7300033569336,77.87114715576172,1566600
2014-06-05,102.87999725341797,77.98487091064453,1585800
2014-06-06,102.80000305175781,77.92425537109375,940600
2014-06-09,102.6500015258789,77.81053924560547,816500
2014-06-10,102.47000122070312,77.67407989501953,1207100
2014-06-11,102.61000061035156,77.78023529052734,814800
2014-06-12,103.01000213623047,78.0833969116211,1319500
2014-06-13,102.80999755859375,77.93181610107422,752900
2014-06-16,102.80999755859375,77.93181610107422,1401000
2014-06-17,102.37999725341797,77.60585021972656,33268500
2014-06-18,102.91999816894531,78.01520538330078,1472200
2014-06-19,102.66000366210938,77.81812286376953,1055000
2014-06-20,102.77999877929688,77.90906524658203,577000
2014-06-23,102.70999908447266,77.85601043701172,764200
2014-06-24,103.12999725341797,78.17435455322266,443800
2014-06-25,103.2300033569336,78.2502212524414,977500
2014-06-26,103.5,78.45482635498047,822300
2014-06-27,103.5,78.45482635498047,933200
2014-06-30,103.58000183105469,78.51545715332031,1268900
2014-07-01,103.05000305175781,78.25878143310547,17393000
2014-07-02,102.62999725341797,77.93985748291016,1779100
2014-07-03,102.41999816894531,77.78034210205078,1079900
2014-07-07,102.66999816894531,77.97017669677734,1031000
2014-07-08,103.13999938964844,78.3271255493164,491500
2014-07-09,103.16000366210938,78.34233856201172,1113900
2014-07-10,103.37999725341797,78.50939178466797,728600
2014-07-11,103.55000305175781,78.63848876953125,688600
2014-07-14,103.31999969482422,78.4638900756836,974800
2014-07-15,103.2300033569336,78.39550018310547,933500
2014-07-16,103.37999725341797,78.50939178466797,15784300
2014-07-17,103.9800033569336,78.965087890625,1367400
2014-07-18,103.7699966430664,78.80561065673828,386900
2014-07-21,103.80000305175781,78.8283920288086,339600
2014-07-22,103.93000030517578,78.92711639404297,484200
2014-07-23,103.91999816894531,78.91948699951172,523600
2014-07-24,103.5,78.60052490234375,600900
2014-07-25,103.9000015258789,78.90431213378906,781400
2014-07-28,103.77999877929688,78.81315612792969,1448000
2014-07-29,103.91999816894531,78.91948699951172,465700
2014-07-30,103.19000244140625,78.36511993408203,1067500
2014-07-31,103.16000366210938,78.34233856201172,1506500
2014-08-01,103.56999969482422,78.80342864990234,3466800
2014-08-04,103.62999725341797,78.84905242919922,1672600
2014-08-05,103.68000030517578,78.88713836669922,1013000
2014-08-06,103.7699966430664,78.95562744140625,1139100
2014-08-07,104.23999786376953,79.31322479248047,1386100
2014-08-08,104.1500015258789,79.2447280883789,913900
2014-08-11,104.0999984741211,79.20671081542969,419800
2014-08-12,103.94999694824219,79.09252166748047,416300
2014-08-13,104.29000091552734,79.35128021240234,732400
2014-08-14,104.5,79.51103210449219,638800
2014-08-15,104.91999816894531,79.83060455322266,1570700
2014-08-18,104.58999633789062,79.57952880859375,13822300
2014-08-19,104.4800033569336,79.49581909179688,769900
2014-08-20,104.16999816894531,79.25992584228516,1052200
2014-08-21,104.38999938964844,79.42730712890625,630300
2014-08-22,104.4000015258789,79.43495178222656,1393400
2014-08-25,104.4800033569336,79.49581909179688,837500
2014-08-26,104.45999908447266,79.4805679321289,590200
2014-08-27,104.75,79.70125579833984,881300
2014-08-28,104.88999938964844,79.80780792236328,938400
2014-08-29,104.9000015258789,79.81537628173828,1407100
2014-09-02,104.05000305175781,79.30545806884766,2058600
2014-09-03,104.19999694824219,79.41979217529297,1456900
2014-09-04,103.83000183105469,79.1377944946289,1994400
2014-09-05,103.86000061035156,79.16067504882812,1098400
2014-09-08,103.75,79.07681274414062,1340900
2014-09-09,103.51000213623047,78.89388275146484,1205900
2014-09-10,103.25,78.6957015991211,1311800
2014-09-11,103.12000274658203,78.5966567993164,1224800
2014-09-12,102.7300033569336,78.29939270019531,2178400
2014-09-15,102.91999816894531,78.44418334960938,1505400
2014-09-16,102.88999938964844,78.42135620117188,24978400
2014-09-17,102.62999725341797,78.22315979003906,2704700
2014-09-18,102.55999755859375,78.16983795166016,556800
2014-09-19,102.94999694824219,78.46707153320312,920600
2014-09-22,103.16999816894531,78.634765625,1932600
2014-09-23,103.38999938964844,78.80244445800781,963700
2014-09-24,103.0999984741211,78.58136749267578,485300
2014-09-25,103.5999984741211,78.96250915527344,399000
2014-09-26,103.37999725341797,78.79480743408203,716100
2014-09-29,103.70999908447266,79.04633331298828,2344500
2014-09-30,103.62000274658203,78.97775268554688,1544600
2014-10-01,104.30000305175781,79.64131927490234,3346000
2014-10-02,103.98999786376953,79.40458679199219,2084100
2014-10-03,103.95999908447266,79.38166809082031,1159100
2014-10-06,104.12999725341797,79.51146697998047,1201700
2014-10-07,104.73999786376953,79.97725677490234,1429800
2014-10-08,105.11000061035156,80.25981903076172,2701900
2014-10-09,104.93000030517578,80.12236022949219,5848000
2014-10-10,105.33999633789062,80.4354019165039,4675300
2014-10-13,105.88999938964844,80.85539245605469,2074300
2014-10-14,106.0999984741211,81.01573944091797,2196700
2014-10-15,106.69999694824219,81.47391510009766,2196800
2014-10-16,106.41000366210938,81.25247955322266,1786700
2014-10-17,106.0999984741211,81.01573944091797,1143300
2014-10-20,106.25,81.13027954101562,1562200
2014-10-21,105.95999908447266,80.9088134765625,1973200
2014-10-22,105.93000030517578,80.88591766357422,951800
2014-10-23,105.48999786376953,80.54991912841797,1281700
2014-10-24,105.58000183105469,80.61863708496094,678800
2014-10-27,105.69000244140625,80.70269775390625,872500
2014-10-28,105.43000030517578,80.5041275024414,771500
2014-10-29,105.08000183105469,80.23684692382812,1453100
2014-10-30,105.19000244140625,80.32086944580078,1363500
2014-10-31,105.0199966430664,80.19100952148438,886900
2014-11-03,104.80000305175781,80.1612319946289,2348900
2014-11-04,104.79000091552734,80.15359497070312,3854700
2014-11-05,104.81999969482422,80.17652893066406,1079700
2014-11-06,104.5,79.93177795410156,1026100
2014-11-07,105.16999816894531,80.44424438476562,994200
2014-11-10,104.73999786376953,80.11534118652344,1427900
2014-11-11,104.75,80.12303161621094,1220800
2014-11-12,104.70999908447266,80.09239959716797,658300
2014-11-13,104.87999725341797,80.2223892211914,743400
2014-11-14,105.0999984741211,80.39068603515625,629800
2014-11-17,104.9800033569336,80.2989273071289,496500
2014-11-18,105.0999984741211,80.39068603515625,510100
2014-11-19,104.81999969482422,80.17652893066406,560000
2014-11-20,105.01000213623047,80.32186126708984,811500
2014-11-21,105.22000122070312,80.48252868652344,855800
2014-11-24,105.33999633789062,80.57424926757812,13802400
2014-11-25,105.5999984741211,80.773193359375,1244600
2014-11-26,105.77999877929688,80.91085052490234,523300
2014-11-28,106.19000244140625,81.2244644165039,367300
2014-12-01,105.75,81.02525329589844,2063400
2014-12-02,105.27999877929688,80.6651611328125,990600
2014-12-03,105.31999969482422,80.69578552246094,851900
2014-12-04,105.69000244140625,80.97930908203125,968300
2014-12-05,105.0999984741211,80.5271987915039,1035900
2014-12-08,105.44999694824219,80.79540252685547,858300
2014-12-09,105.83999633789062,81.09418487548828,945900
2014-12-10,106.31999969482422,81.46199035644531,996800
2014-12-11,106.13999938964844,81.32406616210938,15223600
2014-12-12,107.01000213623047,81.99064636230469,7233700
2014-12-15,106.62000274658203,81.69184875488281,1248100
2014-12-16,107.16000366210938,82.10555267333984,10633800
2014-12-17,106.41999816894531,81.53858184814453,2086100
2014-12-18,105.81999969482422,81.07882690429688,4833300
2014-12-19,106.20999908447266,81.377685546875,847800
2014-12-22,106.20999908447266,81.377685546875,2366700
2014-12-23,105.33000183105469,80.70345306396484,1360300
2014-12-24,105.25,80.76175689697266,1098200
2014-12-26,105.38999938964844,80.86917114257812,373600
2014-12-29,105.75,81.1454086303711,2447300
2014-12-30,105.87000274658203,81.23748016357422,1194700
2014-12-31,105.98999786376953,81.32958221435547,1010400
2015-01-02,106.52999877929688,81.74395751953125,2028600
2015-01-05,107.18000030517578,82.2426986694336,1521700
2015-01-06,107.9000015258789,82.79519653320312,1890200
2015-01-07,107.87999725341797,82.77976989746094,1558000
2015-01-08,107.44000244140625,82.44221496582031,1671000
2015-01-09,107.97000122070312,82.84891510009766,1107800
2015-01-12,108.3499984741211,83.14044189453125,2700900
2015-01-13,108.44999694824219,83.21722412109375,1038800
2015-01-14,108.94999694824219,83.60087585449219,1545800
2015-01-15,109.87999725341797,84.31452941894531,1374100
2015-01-16,109.06999969482422,83.69298553466797,1689100
2015-01-20,109.31999969482422,83.88480377197266,1346200
2015-01-21,108.80000305175781,83.48574829101562,2298200
2015-01-22,108.52999877929688,83.27857208251953,1330800
2015-01-23,109.23999786376953,83.82339477539062,1248200
2015-01-26,108.98999786376953,83.631591796875,1546200
2015-01-27,109.13999938964844,83.7466812133789,863300
2015-01-28,109.9800033569336,84.39125061035156,3346300
2015-01-29,109.58999633789062,84.09195709228516,1393400
2015-01-30,110.55000305175781,84.82862854003906,2219800
2015-02-02,110.2300033569336,84.7225570678711,11544700
2015-02-03,109.30000305175781,84.00773620605469,1465200
2015-02-04,109.4800033569336,84.14611053466797,1655500
2015-02-05,109.08000183105469,83.8386459350586,1392700
2015-02-06,107.86000061035156,82.9009780883789,2016700
2015-02-09,107.80999755859375,82.86251068115234,1599900
2015-02-10,107.54000091552734,82.65504455566406,1244500
2015-02-11,107.5,82.62425994873047,1286100
2015-02-12,107.54000091552734,82.65504455566406,1845200
2015-02-13,107.18000030517578,82.37830352783203,1302400
2015-02-17,106.41999816894531,81.79418182373047,2170100
2015-02-18,106.93000030517578,82.1861801147461,8204600
2015-02-19,106.66000366210938,81.9786605834961,1459500
2015-02-20,106.5999984741211,81.9324951171875,1893000
2015-02-23,107.08999633789062,82.30911254882812,818200
2015-02-24,107.80000305175781,82.8548812866211,1180900
2015-02-25,107.9000015258789,82.93170166015625,595300
2015-02-26,107.26000213623047,82.43980407714844,865900
2015-02-27,107.63999938964844,82.73191833496094,2901700
2015-03-02,106.66999816894531,82.11602020263672,10270800
2015-03-03,106.44000244140625,81.93894958496094,1224400
2015-03-04,106.5199966430664,82.00057220458984,1871100
2015-03-05,106.58000183105469,82.04679107666016,2253200
2015-03-06,105.48999786376953,81.2076644897461,1734000
2015-03-09,105.9800033569336,81.58488464355469,1218100
2015-03-10,106.43000030517578,81.93126678466797,1309200
2015-03-11,106.62000274658203,82.07756042480469,945700
2015-03-12,106.72000122070312,82.15447235107422,916800
2015-03-13,106.55999755859375,82.0313491821289,846900
2015-03-16,106.93000030517578,82.3161849975586,639400
2015-03-17,107.1500015258789,82.48550415039062,768500
2015-03-18,108.37999725341797,83.43241119384766,1963600
2015-03-19,107.87000274658203,83.03981018066406,985600
2015-03-20,108.30999755859375,83.37852478027344,1194800
2015-03-23,108.44999694824219,83.4862289428711,795100
2015-03-24,108.77999877929688,83.74036407470703,584500
2015-03-25,108.30999755859375,83.37852478027344,1240200
2015-03-26,107.69999694824219,82.90892028808594,928300
2015-03-27,108.12000274658203,83.2322998046875,2492500
2015-03-30,108.11000061035156,83.22453308105469,2017700
2015-03-31,108.38999938964844,83.44007873535156,2137200
2015-04-01,108.7300033569336,83.83720397949219,2570100
2015-04-02,108.41999816894531,83.59818267822266,1126400
2015-04-06,108.55999755859375,83.70609283447266,1268500
2015-04-07,108.6500015258789,83.7755126953125,750700
2015-04-08,108.55000305175781,83.69837951660156,886400
2015-04-09,108.11000061035156,83.35911560058594,890600
2015-04-10,108.08000183105469,83.33601379394531,789700
2015-04-13,108.30000305175781,83.50563049316406,624800
2015-04-14,108.62000274658203,83.75239562988281,825400
2015-04-15,108.68000030517578,83.79862213134766,566400
2015-04-16,108.76000213623047,83.8603515625,903300
2015-04-17,108.9800033569336,84.02997589111328,1945700
2015-04-20,108.77999877929688,83.87577819824219,878100
2015-04-21,108.55000305175781,83.69837951660156,811000
2015-04-22,107.91999816894531,83.21263122558594,725100
2015-04-23,108.25,83.46707916259766,918700
2015-04-24,108.62999725341797,83.76004028320312,739100
2015-04-27,108.45999908447266,83.62899017333984,854400
2015-04-28,107.95999908447266,83.24346923828125,1101100
2015-04-29,107.55999755859375,82.93507385253906,1118000
2015-04-30,107.52999877929688,82.91194915771484,2650600
2015-05-01,106.77999877929688,82.45862579345703,1854300
2015-05-04,106.55999755859375,82.28874206542969,2784900
2015-05-05,106.37999725341797,82.14974975585938,2050800
2015-05-06,105.86000061035156,81.74818420410156,1802100
2015-05-07,106.30999755859375,82.09567260742188,2201300
2015-05-08,106.72000122070312,82.4122543334961,1004300
2015-05-11,105.66999816894531,81.60145568847656,1324400
2015-05-12,105.75,81.66324615478516,1431000
2015-05-13,105.61000061035156,81.55513763427734,1221200
2015-05-14,105.97000122070312,81.83314514160156,617500
2015-05-15,106.7300033569336,82.42000579833984,854900
2015-05-18,106.01000213623047,81.86402893066406,1000400
2015-05-19,105.54000091552734,81.50104522705078,1240400
2015-05-20,105.7699966430664,81.6786880493164,1682600
2015-05-21,106.4000015258789,82.16522216796875,836700
2015-05-22,106.16000366210938,81.97986602783203,852300
2015-05-26,106.81999969482422,82.48954772949219,1925600
2015-05-27,106.76000213623047,82.44317626953125,1015000
2015-05-28,106.86000061035156,82.52039337158203,1068200
2015-05-29,106.91999816894531,82.5666732788086,1148500
2015-06-01,106.27999877929688,82.20243835449219,2161700
2015-06-02,105.54000091552734,81.63009643554688,1484500
2015-06-03,104.63999938964844,80.9339599609375,1703400
2015-06-04,105.1500015258789,81.3284683227539,1594800
2015-06-05,104.38999938964844,80.74063110351562,1384900
2015-06-08,104.54000091552734,80.85664367675781,877800
2015-06-09,104.19999694824219,80.59364318847656,822400
2015-06-10,103.80000305175781,80.28431701660156,967000
2015-06-11,104.62000274658203,80.91854858398438,3069700
2015-06-12,104.55999755859375,80.87212371826172,1578100
2015-06-15,104.80999755859375,81.06549072265625,1478800
2015-06-16,105.20999908447266,81.37480926513672,779000
2015-06-17,105.2699966430664,81.4212646484375,1994000
2015-06-18,105.19000244140625,81.35939025878906,1481600
2015-06-19,105.75,81.79251098632812,1849600
2015-06-22,104.86000061035156,81.10415649414062,860300
2015-06-23,104.54000091552734,80.85664367675781,925000
2015-06-24,104.8499984741211,81.09642791748047,1176500
2015-06-25,104.58999633789062,80.89530944824219,919800
2015-06-26,104.08999633789062,80.5085678100586,1441500
2015-06-29,105.30000305175781,81.4444808959961,1500900
2015-06-30,105.01000213623047,81.22016906738281,1599400
2015-07-01,104.30000305175781,80.7956771850586,3738800
2015-07-02,104.66999816894531,81.08231353759766,1924600
2015-07-06,105.41000366210938,81.6555404663086,1723300
2015-07-07,105.69000244140625,81.87240600585938,2083900
2015-07-08,106.11000061035156,82.19774627685547,1991200
2015-07-09,105.37000274658203,81.6244888305664,1206900
2015-07-10,104.63999938964844,81.05900573730469,3719900
2015-07-13,104.36000061035156,80.8421630859375,1322300
2015-07-14,104.69000244140625,81.09777069091797,1321600
2015-07-15,105.08999633789062,81.4076156616211,1239500
2015-07-16,105.05000305175781,81.37666320800781,811400
2015-07-17,105.05999755859375,81.38436889648438,881300
2015-07-20,104.8499984741211,81.22173309326172,842500
2015-07-21,105.13999938964844,81.44634246826172,676600
2015-07-22,105.2699966430664,81.54706573486328,523800
2015-07-23,105.69999694824219,81.88011932373047,1064800
2015-07-24,105.80000305175781,81.95761108398438,1098400
2015-07-27,106.1500015258789,82.228759765625,1392600
2015-07-28,105.8499984741211,81.99634552001953,6205200
2015-07-29,105.69999694824219,81.88011932373047,2107300
2015-07-30,105.81999969482422,81.97312927246094,683200
2015-07-31,106.44000244140625,82.45338439941406,1113000
2015-08-03,106.5999984741211,82.70478057861328,2627700
2015-08-04,106.05000305175781,82.27806854248047,1036000
2015-08-05,105.63999938964844,81.9599380493164,1283300
2015-08-06,106.01000213623047,82.24705505371094,731700
2015-08-07,106.43000030517578,82.57288360595703,1533700
2015-08-10,105.98999786376953,82.23152160644531,1123900
2015-08-11,106.69000244140625,82.77458953857422,2263800
2015-08-12,106.6500015258789,82.74354553222656,1765700
2015-08-13,106.37000274658203,82.52635192871094,1626500
2015-08-14,106.26000213623047,82.44100952148438,612500
2015-08-17,106.44999694824219,82.58838653564453,905300
2015-08-18,106.27999877929688,82.45650482177734,690400
2015-08-19,106.93000030517578,82.96078491210938,1444500
2015-08-20,107.22000122070312,83.18578338623047,1933300
2015-08-21,107.6500015258789,83.51939392089844,2123600
2015-08-24,107.83000183105469,83.65900421142578,3074800
2015-08-25,107.23999786376953,83.2012939453125,2925500
2015-08-26,106.58000183105469,82.68928527832031,3512900
2015-08-27,106.5199966430664,82.6426773071289,1414100
2015-08-28,106.54000091552734,82.6582260131836,1998000
2015-08-31,106.36000061035156,82.51854705810547,5431600
2015-09-01,106.66999816894531,82.88923645019531,3749700
2015-09-02,106.37999725341797,82.66386413574219,2441700
2015-09-03,106.63999938964844,82.86587524414062,1791300
2015-09-04,106.97000122070312,83.12232208251953,1421300
2015-09-08,106.5,82.75715637207031,1583500
2015-09-09,106.54000091552734,82.78819274902344,1397200
2015-09-10,106.30000305175781,82.60171508789062,1601600
2015-09-11,106.58000183105469,82.8193359375,1069000
2015-09-14,106.68000030517578,82.89701080322266,897500
2015-09-15,105.83999633789062,82.2442626953125,1903000
2015-09-16,105.80999755859375,82.22096252441406,1305300
2015-09-17,106.69000244140625,82.9047622680664,2394300
2015-09-18,107.19000244140625,83.29326629638672,2074200
2015-09-21,106.58000183105469,82.8193359375,1591700
2015-09-22,107.11000061035156,83.23114013671875,1395500
2015-09-23,106.98999786376953,83.13789367675781,1364300
2015-09-24,107.1500015258789,83.2622299194336,1393000
2015-09-25,106.87000274658203,83.04463958740234,1564000
2015-09-28,107.4800033569336,83.51868438720703,1926000
2015-09-29,107.8499984741211,83.80618286132812,2460900
2015-09-30,107.87000274658203,83.82166290283203,2676000
2015-10-01,107.79000091552734,83.88710021972656,10101300
2015-10-02,108.30999755859375,84.29177856445312,3320200
2015-10-05,107.70999908447266,83.8248062133789,3034900
2015-10-06,107.93000030517578,83.99601745605469,2104000
2015-10-07,107.66000366210938,83.7859115600586,2338000
2015-10-08,107.37999725341797,83.56800079345703,2176800
2015-10-09,107.44000244140625,83.61471557617188,1069400
2015-10-12,107.80000305175781,83.89484405517578,1336300
2015-10-13,107.9000015258789,83.97268676757812,1849700
2015-10-14,108.48999786376953,84.43181610107422,1359600
2015-10-15,108.12000274658203,84.14389038085938,1075500
2015-10-16,108.02999877929688,84.0738296508789,1773000
2015-10-19,107.9800033569336,84.03492736816406,1744500
2015-10-20,107.61000061035156,83.74700164794922,1134500
2015-10-21,107.9800033569336,84.03492736816406,6576500
2015-10-22,108.08999633789062,84.12054443359375,2411400
2015-10-23,107.4800033569336,83.6458511352539,2029600
2015-10-26,107.76000213623047,83.86373901367188,3131500
2015-10-27,108.02999877929688,84.0738296508789,1373100
2015-10-28,107.47000122070312,83.63800811767578,2058200
2015-10-29,106.80999755859375,83.1243896484375,1772400
2015-10-30,107.0199966430664,83.28782653808594,3424800
2015-11-02,106.55000305175781,83.04853057861328,5313500
2015-11-03,106.2699966430664,82.83032989501953,1941700
2015-11-04,106.16000366210938,82.74455261230469,1933200
2015-11-05,106.08999633789062,82.69001007080078,1554600
2015-11-06,105.37000274658203,82.12883758544922,2968600
2015-11-09,105.19000244140625,81.9885482788086,3223900
2015-11-10,105.38999938964844,82.14439392089844,1467900
2015-11-11,105.33999633789062,82.10540771484375,1638100
2015-11-12,105.4000015258789,82.15221405029297,2399100
2015-11-13,105.80000305175781,82.46393585205078,2665300
2015-11-16,105.94000244140625,82.57307434082031,1412800
2015-11-17,105.91000366210938,82.5496826171875,1180000
2015-11-18,105.86000061035156,82.5107650756836,941500
2015-11-19,106.08999633789062,82.69001007080078,1967200
2015-11-20,105.94999694824219,82.58084869384766,1287900
2015-11-23,106.08999633789062,82.69001007080078,1377100
2015-11-24,106.19000244140625,82.76791381835938,1094500
2015-11-25,106.25,82.81472778320312,752400
2015-11-27,106.36000061035156,82.90044403076172,759600
2015-11-30,106.4000015258789,82.9316177368164,2266900
2015-12-01,106.80000305175781,83.37271118164062,2805800
2015-12-02,106.5,83.13851928710938,1579000
2015-12-03,105.37999725341797,82.26416015625,2750500
2015-12-04,105.7699966430664,82.56864929199219,2231500
2015-12-07,106.11000061035156,82.83403778076172,1954000
2015-12-08,106.16999816894531,82.8808822631836,1519900
2015-12-09,106.33000183105469,83.00579833984375,3711100
2015-12-10,106.0999984741211,82.82621002197266,1545000
2015-12-11,106.94999694824219,83.48979187011719,3352900
2015-12-14,106.16000366210938,82.87303924560547,2204400
2015-12-15,105.88999938964844,82.66231536865234,1591000
2015-12-16,105.61000061035156,82.44373321533203,1911800
2015-12-17,106.05000305175781,82.78722381591797,1202600
2015-12-18,106.43000030517578,83.08385467529297,4396700
2015-12-21,106.4800033569336,83.1229019165039,1603200
2015-12-22,106.18000030517578,82.88868713378906,1411800
2015-12-23,105.94000244140625,82.7012939453125,1380800
2015-12-24,105.97000122070312,82.85306549072266,654200
2015-12-28,105.98999786376953,82.86861419677734,2198300
2015-12-29,105.43000030517578,82.43084716796875,1752500
2015-12-30,105.47000122070312,82.46206665039062,1358100
2015-12-31,105.58999633789062,82.55596160888672,1906000
2016-01-04,106.04000091552734,82.90771484375,6183700
2016-01-05,106.01000213623047,82.8842544555664,2122800
2016-01-06,106.6500015258789,83.38471221923828,1906100
2016-01-07,106.87999725341797,83.56451416015625,3106000
2016-01-08,107.1500015258789,83.77561950683594,1783200
2016-01-11,106.80999755859375,83.50979614257812,4816100
2016-01-12,107.29000091552734,83.88504791259766,8962500
2016-01-13,107.70999908447266,84.21340942382812,2664100
2016-01-14,107.48999786376953,84.04142761230469,2597300
2016-01-15,107.98999786376953,84.43232727050781,4334300
2016-01-19,107.8499984741211,84.32289123535156,4896500
2016-01-20,108.37999725341797,84.73728942871094,4949100
2016-01-21,108.11000061035156,84.52615356445312,2385700
2016-01-22,107.87000274658203,84.33855438232422,1735600
2016-01-25,108.2300033569336,84.6199951171875,1190900
2016-01-26,108.30999755859375,84.68253326416016,1288000
2016-01-27,108.38999938964844,84.74510955810547,1802300
2016-01-28,108.52999877929688,84.85456848144531,2222900
2016-01-29,109.11000061035156,85.30803680419922,3805500
2016-02-01,108.69999694824219,85.11148834228516,6813000
2016-02-02,109.47000122070312,85.71440887451172,4141600
2016-02-03,109.3499984741211,85.62047576904297,12145000
2016-02-04,109.61000061035156,85.82402801513672,2431100
2016-02-05,109.75,85.93362426757812,1440200
2016-02-08,110.56999969482422,86.57569885253906,2824800
2016-02-09,110.58999633789062,86.59136962890625,2679600
2016-02-10,110.91999816894531,86.84972381591797,2027200
2016-02-11,111.43000030517578,87.24906921386719,3743000
2016-02-12,110.58000183105469,86.58348846435547,3258700
2016-02-16,110.25,86.32513427734375,2816800
2016-02-17,109.9800033569336,86.11376190185547,4856500
2016-02-18,110.48999786376953,86.51302337646484,3125700
2016-02-19,110.48999786376953,86.51302337646484,1340000
2016-02-22,110.37999725341797,86.42691040039062,1012200
2016-02-23,110.5999984741211,86.59919738769531,2257800
2016-02-24,110.5999984741211,86.59919738769531,2947700
2016-02-25,110.93000030517578,86.85758972167969,1983600
2016-02-26,110.38999938964844,86.43477630615234,2957900
2016-02-29,110.56999969482422,86.57569885253906,3861600
2016-03-01,109.55000305175781,85.89905548095703,5901200
2016-03-02,109.36000061035156,85.75004577636719,3011200
2016-03-03,109.48999786376953,85.8519287109375,2093000
2016-03-04,109.12000274658203,85.56183624267578,1781200
2016-03-07,108.9000015258789,85.38935852050781,2349400
2016-03-08,109.52999877929688,85.88333129882812,1747600
2016-03-09,109.0999984741211,85.54613494873047,1537800
2016-03-10,108.70999908447266,85.2403793334961,2798700
2016-03-11,108.4000015258789,84.99729919433594,1785000
2016-03-14,108.4800033569336,85.06001281738281,2661800
2016-03-15,108.45999908447266,85.04437255859375,2960800
2016-03-16,109.02999877929688,85.49129486083984,2052300
2016-03-17,109.1500015258789,85.5853500366211,2745500
2016-03-18,109.33999633789062,85.7343521118164,2434600
2016-03-21,109.02999877929688,85.49129486083984,1725000
2016-03-22,108.80000305175781,85.31090545654297,1437700
2016-03-23,109.30000305175781,85.7030029296875,1405400
2016-03-24,109.19000244140625,85.6167221069336,1548200
2016-03-28,109.3499984741211,85.74220275878906,1291400
2016-03-29,110.08999633789062,86.32243347167969,2981000
2016-03-30,109.94000244140625,86.20482635498047,2808800
2016-03-31,110.33999633789062,86.51847839355469,3759100
2016-04-01,110.13999938964844,86.49335479736328,5489100
2016-04-04,110.2699966430664,86.59541320800781,3035600
2016-04-05,110.70999908447266,86.9409408569336,1951500
2016-04-06,110.47000122070312,86.7524642944336,1646000
2016-04-07,111.04000091552734,87.20010375976562,2069600
2016-04-08,110.87000274658203,87.06661224365234,1309500
2016-04-11,110.8499984741211,87.05091094970703,879600
2016-04-12,110.41000366210938,86.70538330078125,1363200
2016-04-13,110.48999786376953,86.76815032958984,1466400
2016-04-14,110.2300033569336,86.56398010253906,1403900
2016-04-15,110.55999755859375,86.8231430053711,1657800
2016-04-18,110.44999694824219,86.7367935180664,1297800
2016-04-19,110.2699966430664,86.59541320800781,1219600
2016-04-20,109.70999908447266,86.15560913085938,1939800
2016-04-21,109.52999877929688,86.0142822265625,1636600
2016-04-22,109.41000366210938,85.92005157470703,952100
2016-04-25,109.29000091552734,85.82583618164062,1416300
2016-04-26,109.05999755859375,85.64517974853516,1127100
2016-04-27,109.66000366210938,86.11637115478516,1734000
2016-04-28,110.04000091552734,86.414794921875,2807300
2016-04-29,110.0,86.38337707519531,2858500
2016-05-02,109.5199966430664,86.13249969482422,2226800
2016-05-03,110.16999816894531,86.64372253417969,2330900
2016-05-04,110.37000274658203,86.80101013183594,1176900
2016-05-05,110.66999816894531,87.03695678710938,1257500
2016-05-06,110.41000366210938,86.83246612548828,1675600
2016-05-09,110.62000274658203,86.99759674072266,1459900
2016-05-10,110.5999984741211,86.98189544677734,1506900
2016-05-11,110.7699966430664,87.1155776977539,1606800
2016-05-12,110.47000122070312,86.87960052490234,1261500
2016-05-13,110.88999938964844,87.2099609375,5007300
2016-05-16,110.48999786376953,86.8953628540039,1708100
2016-05-17,110.33999633789062,86.77740478515625,1158700
2016-05-18,109.44999694824219,86.07744598388672,2946500
2016-05-19,109.55999755859375,86.1639404296875,1345000
2016-05-20,109.62999725341797,86.21903991699219,1059400
2016-05-23,109.69999694824219,86.27413177490234,892300
2016-05-24,109.5199966430664,86.13249969482422,965200
2016-05-25,109.47000122070312,86.09320068359375,890300
2016-05-26,109.80999755859375,86.3605728149414,998200
2016-05-27,109.5999984741211,86.1954116821289,1995300
2016-05-31,109.7300033569336,86.29765319824219,1734700
2016-06-01,109.52999877929688,86.26854705810547,2786400
2016-06-02,109.87000274658203,86.53631591796875,5038500
2016-06-03,110.88999938964844,87.3396987915039,1971300
2016-06-06,110.5999984741211,87.11127471923828,1715700
2016-06-07,110.76000213623047,87.23728942871094,2672900
2016-06-08,110.88999938964844,87.3396987915039,1284200
2016-06-09,111.05999755859375,87.47360229492188,1328400
2016-06-10,111.44999694824219,87.78076171875,1878900
2016-06-13,111.66999816894531,87.95407104492188,1026200
2016-06-14,111.63999938964844,87.93037414550781,1390600
2016-06-15,111.9800033569336,88.19820404052734,2377600
2016-06-16,112.0999984741211,88.29269409179688,3088700
2016-06-17,111.72000122070312,87.99341583251953,3140900
2016-06-20,111.23999786376953,87.61534881591797,1956500
2016-06-21,110.98999786376953,87.41844940185547,1494500
2016-06-22,111.20999908447266,87.59172821044922,1378700
2016-06-23,110.68000030517578,87.17426300048828,1715000
2016-06-24,112.20999908447266,88.37934875488281,4390000
2016-06-27,113.18000030517578,89.14339447021484,4493700
2016-06-28,113.16000366210938,89.12759399414062,1799700
2016-06-29,112.69999694824219,88.76531219482422,2670900
2016-06-30,112.94999694824219,88.96221923828125,5690800
2016-07-01,113.08999633789062,89.19721984863281,5292300
2016-07-05,113.70999908447266,89.68628692626953,2926300
2016-07-06,113.7300033569336,89.70201110839844,1921600
2016-07-07,113.58000183105469,89.583740234375,1323000
2016-07-08,113.80000305175781,89.75725555419922,2097900
2016-07-11,113.19999694824219,89.28396606445312,2728800
2016-07-12,112.52999877929688,88.75554656982422,4116200
2016-07-13,112.81999969482422,88.98430633544922,3077200
2016-07-14,112.3499984741211,88.6135482788086,2761900
2016-07-15,111.91999816894531,88.2744140625,2811600
2016-07-18,111.88999938964844,88.25078582763672,4173500
2016-07-19,112.19000244140625,88.48737335205078,4171900
2016-07-20,111.95999908447266,88.30596160888672,2213700
2016-07-21,112.20999908447266,88.50315856933594,1944700
2016-07-22,112.12000274658203,88.43216705322266,1140000
2016-07-25,112.02999877929688,88.3612060546875,889100
2016-07-26,112.0999984741211,88.41638946533203,1694100
2016-07-27,112.58000183105469,88.79499816894531,1962700
2016-07-28,112.63999938964844,88.84233093261719,1220200
2016-07-29,113.06999969482422,89.18146514892578,2386800
2016-08-01,112.5199966430664,88.87187194824219,2479100
2016-08-02,112.25,88.65863800048828,2920500
2016-08-03,112.30999755859375,88.70596313476562,1148600
2016-08-04,112.58000183105469,88.91925048828125,1065000
2016-08-05,111.87999725341797,88.36637878417969,2368100
2016-08-08,111.81999969482422,88.31896209716797,1304000
2016-08-09,112.22000122070312,88.63490295410156,1817000
2016-08-10,112.5199966430664,88.87187194824219,1262500
2016-08-11,111.9800033569336,88.44535827636719,1823600
2016-08-12,112.37999725341797,88.76129913330078,1377100
2016-08-15,112.05000305175781,88.50064086914062,1031800
2016-08-16,111.86000061035156,88.35057830810547,1433500
2016-08-17,112.04000091552734,88.49272918701172,1733900
2016-08-18,112.23999786376953,88.65069580078125,1245600
2016-08-19,111.86000061035156,88.35057830810547,1396700
2016-08-22,112.11000061035156,88.54800415039062,1084600
2016-08-23,112.0999984741211,88.54013061523438,939900
2016-08-24,112.05999755859375,88.5085220336914,1345600
2016-08-25,111.87999725341797,88.36637878417969,1037700
2016-08-26,111.44999694824219,88.02671813964844,1988300
2016-08-29,111.91000366210938,88.39004516601562,1497400
2016-08-30,111.9000015258789,88.38218688964844,2498400
2016-08-31,111.7699966430664,88.27950286865234,2008100
2016-09-01,111.79000091552734,88.41791534423828,1775900
2016-09-02,111.5,88.18852233886719,1550100
2016-09-06,112.0199966430664,88.59981536865234,1284000
2016-09-07,112.08000183105469,88.64724731445312,836800
2016-09-08,111.52999877929688,88.21227264404297,1287300
2016-09-09,111.0,87.79309844970703,1700700
2016-09-12,111.0999984741211,87.87215423583984,1446600
2016-09-13,110.69000244140625,87.54785919189453,1993700
2016-09-14,110.94000244140625,87.74563598632812,1062100
2016-09-15,110.97000122070312,87.76934051513672,994100
2016-09-16,111.08999633789062,87.8642578125,833600
2016-09-19,110.9000015258789,87.71395874023438,490400
2016-09-20,111.06999969482422,87.84841918945312,1177800
2016-09-21,111.25,87.99078369140625,1108300
2016-09-22,111.58000183105469,88.25180053710938,1012300
2016-09-23,111.62999725341797,88.2913589477539,952500
2016-09-26,111.94999694824219,88.54446411132812,764000
2016-09-27,112.13999938964844,88.69470977783203,1583700
2016-09-28,112.08999633789062,88.65518188476562,594800
2016-09-29,112.16000366210938,88.71054077148438,1123900
2016-09-30,111.87999725341797,88.48909759521484,1774600
2016-10-03,111.47000122070312,88.2831802368164,3112000
2016-10-04,110.95999908447266,87.87924194335938,3949600
2016-10-05,110.70999908447266,87.6812744140625,1490600
2016-10-06,110.4800033569336,87.49909973144531,1577400
2016-10-07,110.63999938964844,87.62580108642578,1601100
2016-10-10,110.3499984741211,87.3961181640625,1067000
2016-10-11,110.31999969482422,87.37236022949219,1942600
2016-10-12,110.31999969482422,87.37236022949219,1037800
2016-10-13,110.55000305175781,87.55453491210938,1188400
2016-10-14,110.20999908447266,87.28520965576172,2105300
2016-10-17,110.44999694824219,87.475341796875,1490800
2016-10-18,110.66999816894531,87.64959716796875,1484400
2016-10-19,110.72000122070312,87.68914794921875,1264200
2016-10-20,110.62000274658203,87.60997009277344,979900
2016-10-21,110.73999786376953,87.70501708984375,571100
2016-10-24,110.58999633789062,87.5862045288086,900800
2016-10-25,110.56999969482422,87.57036590576172,735100
2016-10-26,110.33000183105469,87.38030242919922,1136600
2016-10-27,109.94999694824219,87.07933807373047,3668500
2016-10-28,109.97000122070312,87.09520721435547,1313200
2016-10-31,110.05999755859375,87.16649627685547,4413900
2016-11-01,109.91000366210938,87.16963958740234,2004000
2016-11-02,110.23999786376953,87.43130493164062,1455900
2016-11-03,110.16999816894531,87.37582397460938,686600
2016-11-04,110.51000213623047,87.64549255371094,1699800
2016-11-07,110.05000305175781,87.28064727783203,2617900
2016-11-08,109.66000366210938,86.97132110595703,1182200
2016-11-09,107.98999786376953,85.64683532714844,6381300
2016-11-10,107.33999633789062,85.13134002685547,5445300
2016-11-11,107.12000274658203,84.95687103271484,2482900
2016-11-14,106.5,84.46514129638672,3753800
2016-11-15,106.5,84.46514129638672,1391700
2016-11-16,106.5999984741211,84.54447174072266,2765700
2016-11-17,106.12999725341797,84.17168426513672,2499200
2016-11-18,105.66000366210938,83.7989501953125,4093700
2016-11-21,105.75,83.87034606933594,1364300
2016-11-22,105.8499984741211,83.94966888427734,1744700
2016-11-23,105.47000122070312,83.64824676513672,4607100
2016-11-25,105.37999725341797,83.57688903808594,948200
2016-11-28,105.86000061035156,83.95757293701172,2474800
2016-11-29,105.97000122070312,84.04481506347656,1745000
2016-11-30,105.26000213623047,83.4817123413086,3362500
2016-12-01,104.70999908447266,83.16325378417969,3467600
2016-12-02,105.18000030517578,83.53650665283203,1660400
2016-12-05,105.13999938964844,83.50473022460938,2281600
2016-12-06,105.18000030517578,83.53650665283203,989400
2016-12-07,105.52999877929688,83.81449127197266,1237600
2016-12-08,105.12999725341797,83.49678039550781,1357500
2016-12-09,104.58999633789062,83.06793975830078,3261000
2016-12-12,104.61000061035156,83.08379364013672,1538200
2016-12-13,104.66999816894531,83.13146209716797,1993500
2016-12-14,103.80000305175781,82.44046783447266,3941000
2016-12-15,103.51000213623047,82.21015167236328,1999200
2016-12-16,103.63999938964844,82.31341552734375,1811800
2016-12-19,104.12000274658203,82.69463348388672,1691800
2016-12-20,103.9000015258789,82.51991271972656,969400
2016-12-21,104.06999969482422,82.65491485595703,1870500
2016-12-22,103.86000061035156,82.61910247802734,1872100
2016-12-23,103.95999908447266,82.69869232177734,830400
2016-12-27,103.80999755859375,82.5793685913086,1148800
2016-12-28,104.19000244140625,82.88166046142578,1369800
2016-12-29,104.51000213623047,83.13619232177734,1328600
2016-12-30,104.81999969482422,83.38280487060547,2439500
2017-01-03,104.7699966430664,83.343017578125,3230500
2017-01-04,104.88999938964844,83.4384536743164,1523000
2017-01-05,105.56999969482422,83.97938537597656,3344400
2017-01-06,105.08999633789062,83.5975570678711,1601400
2017-01-09,105.48999786376953,83.91580200195312,1275000
2017-01-10,105.44000244140625,83.87600708007812,1352700
2017-01-11,105.55999755859375,83.97144317626953,1833700
2017-01-12,105.62000274658203,84.01921081542969,1544700
2017-01-13,105.38999938964844,83.83618927001953,1833200
2017-01-17,105.91999816894531,84.2577896118164,1656800
2017-01-18,105.16999816894531,83.66121673583984,3640400
2017-01-19,104.7699966430664,83.343017578125,1840000
2017-01-20,104.81999969482422,83.38280487060547,1306400
2017-01-23,105.37000274658203,83.82030487060547,1720200
2017-01-24,104.97000122070312,83.50211334228516,1344000
2017-01-25,104.44999694824219,83.08843231201172,1816000
2017-01-26,104.58999633789062,83.19984436035156,2212900
2017-01-27,104.72000122070312,83.3032455444336,2285200
2017-01-30,104.69000244140625,83.27938079833984,1909300
2017-01-31,105.05000305175781,83.56575775146484,1411700
2017-02-01,104.69000244140625,83.40559387207031,2055100
2017-02-02,104.7300033569336,83.43746948242188,1423500
2017-02-03,104.80999755859375,83.50125122070312,1711100
2017-02-06,105.30999755859375,83.89958190917969,1500500
2017-02-07,105.5,84.05091094970703,1540600
2017-02-08,105.93000030517578,84.39353942871094,3182200
2017-02-09,105.30000305175781,83.89158630371094,1530200
2017-02-10,105.2300033569336,83.83582305908203,1646400
2017-02-13,105.06999969482422,83.7083511352539,1045200
2017-02-14,104.69000244140625,83.40559387207031,2318100
2017-02-15,104.48999786376953,83.24625396728516,2750900
2017-02-16,104.91000366210938,83.58087921142578,2459800
2017-02-17,105.19000244140625,83.80399322509766,2237700
2017-02-21,105.13999938964844,83.76411437988281,2832700
2017-02-22,105.30999755859375,83.89958190917969,2812800
2017-02-23,105.58999633789062,84.12265014648438,1842700
2017-02-24,106.08000183105469,84.51300048828125,2677000
2017-02-27,105.69999694824219,84.21028900146484,3292600
2017-02-28,105.6500015258789,84.17044067382812,2482500
2017-03-01,104.7699966430664,83.58409118652344,2249000
2017-03-02,104.47000122070312,83.3447494506836,2023300
2017-03-03,104.56999969482422,83.42452239990234,2509000
2017-03-06,104.55000305175781,83.40857696533203,1401700
2017-03-07,104.4000015258789,83.28887939453125,1596300
2017-03-08,104.05000305175781,83.00968170166016,2392800
2017-03-09,103.76000213623047,82.77830505371094,2322900
2017-03-10,103.9800033569336,82.95379638671875,1333000
2017-03-13,103.72000122070312,82.74639892578125,1342600
2017-03-14,103.83000183105469,82.83415985107422,864600
2017-03-15,104.73999786376953,83.56009674072266,3701900
2017-03-16,104.44999694824219,83.3287582397461,2749900
2017-03-17,104.7300033569336,83.55213928222656,1186700
2017-03-20,104.9800033569336,83.75161743164062,1362700
2017-03-21,105.33000183105469,84.03079986572266,1407000
2017-03-22,105.52999877929688,84.19039916992188,2231300
2017-03-23,105.41999816894531,84.10263061523438,2584700
2017-03-24,105.4800033569336,84.15050506591797,2540000
2017-03-27,105.73999786376953,84.35791015625,2614000
2017-03-28,105.37999725341797,84.07070922851562,1356800
2017-03-29,105.68000030517578,84.31006622314453,1860400
2017-03-30,105.37999725341797,84.07070922851562,1487800
2017-03-31,105.58999633789062,84.2382583618164,1698500
2017-04-03,105.94999694824219,84.65292358398438,4175500
2017-04-04,105.80000305175781,84.53307342529297,1319600
2017-04-05,106.0,84.69290161132812,2551100
2017-04-06,105.93000030517578,84.63697052001953,1496300
2017-04-07,105.61000061035156,84.3813247680664,1185400
2017-04-10,105.80000305175781,84.53307342529297,1752500
2017-04-11,106.29000091552734,84.92459869384766,2219200
2017-04-12,106.62000274658203,85.18822479248047,2273600
2017-04-13,106.94000244140625,85.4439926147461,1868200
2017-04-17,106.7699966430664,85.30809020996094,1110500
2017-04-18,107.37999725341797,85.79547882080078,1678400
2017-04-19,107.0999984741211,85.57176208496094,1750000
2017-04-20,106.86000061035156,85.38002014160156,1694700
2017-04-21,106.91000366210938,85.42000579833984,2792500
2017-04-24,106.69000244140625,85.24418640136719,3558000
2017-04-25,106.13999938964844,84.80474090576172,1985700
2017-04-26,106.41999816894531,85.0284652709961,1314400
2017-04-27,106.48999786376953,85.0844497680664,1988200
2017-04-28,106.5999984741211,85.17229461669922,5489800
2017-05-01,106.20999908447266,84.98825073242188,2044400
2017-05-02,106.43000030517578,85.164306640625,1585300
2017-05-03,106.20999908447266,84.98825073242188,1861300
2017-05-04,105.97000122070312,84.796142578125,1237100
2017-05-05,105.98999786376953,84.81221771240234,980000
2017-05-08,105.7300033569336,84.60416412353516,4887400
2017-05-09,105.61000061035156,84.50813293457031,1457900
2017-05-10,105.56999969482422,84.47611236572266,995500
2017-05-11,105.6500015258789,84.54016876220703,1088800
2017-05-12,106.19000244140625,84.97222900390625,2005600
2017-05-15,106.12000274658203,84.91621398925781,672200
2017-05-16,106.26000213623047,85.02823638916016,1314500
2017-05-17,107.11000061035156,85.70840454101562,5644700
2017-05-18,107.08000183105469,85.68438720703125,1715200
2017-05-19,107.05000305175781,85.66041564941406,3503100
2017-05-22,106.93000030517578,85.56439208984375,1425800
2017-05-23,106.6500015258789,85.34030151367188,2984700
2017-05-24,106.87000274658203,85.5163345336914,1776300
2017-05-25,106.93000030517578,85.56439208984375,1361000
2017-05-26,107.0,85.62039947509766,1016600
2017-05-30,107.2699966430664,85.83641052246094,2335200
2017-05-31,107.31999969482422,85.87645721435547,1752300
2017-06-01,107.0999984741211,85.83155822753906,1769300
2017-06-02,107.56999969482422,86.20822143554688,1803200
2017-06-05,107.38999938964844,86.0639877319336,1414900
2017-06-06,107.7300033569336,86.33645629882812,2078900
2017-06-07,107.52999877929688,86.17613983154297,1795800
2017-06-08,107.36000061035156,86.03997039794922,3863000
2017-06-09,107.26000213623047,85.95982360839844,1203400
2017-06-12,107.23999786376953,85.9437484741211,766700
2017-06-13,107.27999877929688,85.97576141357422,682300
2017-06-14,107.83999633789062,86.42459106445312,3712100
2017-06-15,107.6500015258789,86.27232360839844,2000400
2017-06-16,107.70999908447266,86.3204116821289,3460300
2017-06-19,107.41000366210938,86.0799789428711,1105900
2017-06-20,107.68000030517578,86.2963638305664,1252000
2017-06-21,107.66999816894531,86.28834533691406,1159800
2017-06-22,107.7699966430664,86.36848449707031,1160100
2017-06-23,107.80000305175781,86.39254760742188,1581000
2017-06-26,107.88999938964844,86.46469116210938,3625000
2017-06-27,107.36000061035156,86.03997039794922,1755200
2017-06-28,107.26000213623047,85.95982360839844,1530900
2017-06-29,106.86000061035156,85.63927459716797,1997200
2017-06-30,106.61000061035156,85.43887329101562,1909600
2017-07-03,106.05999755859375,85.12507629394531,1255300
2017-07-05,106.13999938964844,85.18928527832031,10477800
2017-07-06,105.94000244140625,85.02873229980469,1794300
2017-07-07,105.7699966430664,84.89229583740234,1799900
2017-07-10,105.91000366210938,85.00468444824219,1247700
2017-07-11,106.05000305175781,85.11698913574219,1112600
2017-07-12,106.36000061035156,85.3658676147461,2451700
2017-07-13,106.25,85.27760314941406,2095900
2017-07-14,106.4000015258789,85.3979721069336,1260400
2017-07-17,106.52999877929688,85.50228881835938,1289200
2017-07-18,106.91999816894531,85.81531524658203,1776100
2017-07-19,106.91999816894531,85.81531524658203,2466000
2017-07-20,106.94999694824219,85.8393783569336,2317200
2017-07-21,107.13999938964844,85.99185943603516,1664200
2017-07-24,107.06999969482422,85.93566131591797,2342700
2017-07-25,106.47000122070312,85.45410919189453,2513600
2017-07-26,106.80999755859375,85.72698974609375,3010400
2017-07-27,106.63999938964844,85.59058380126953,1853000
2017-07-28,106.81999969482422,85.73503112792969,1001600
2017-07-31,106.8499984741211,85.75911712646484,921800
2017-08-01,106.94999694824219,85.9721450805664,1958300
2017-08-02,106.8499984741211,85.89173126220703,516100
2017-08-03,107.22000122070312,86.18919372558594,1576200
2017-08-04,106.93000030517578,85.95606231689453,1266100
2017-08-07,106.98999786376953,86.00431823730469,554100
2017-08-08,106.9000015258789,85.93193817138672,1277800
2017-08-09,107.02999877929688,86.03643798828125,1268000
2017-08-10,107.43000030517578,86.35797882080078,1412000
2017-08-11,107.55000305175781,86.4544677734375,911000
2017-08-14,107.29000091552734,86.24545288085938,1386100
2017-08-15,106.97000122070312,85.9882583618164,1146300
2017-08-16,107.16999816894531,86.14901733398438,2160100
2017-08-17,107.55000305175781,86.4544677734375,1637300
2017-08-18,107.56999969482422,86.47050476074219,1235700
2017-08-21,107.63999938964844,86.52679443359375,718800
2017-08-22,107.43000030517578,86.35797882080078,984500
2017-08-23,107.80000305175781,86.65544891357422,1246100
2017-08-24,107.62999725341797,86.5187759399414,2520900
2017-08-25,107.80999755859375,86.66343688964844,1007500
2017-08-28,107.91000366210938,86.74383544921875,921700
2017-08-29,108.16000366210938,86.9448013305664,1590200
2017-08-30,108.06999969482422,86.8724365234375,1299900
2017-08-31,108.23999786376953,87.0091552734375,1023600
2017-09-01,107.76000213623047,86.75305938720703,3460000
2017-09-05,108.51000213623047,87.35694122314453,3054800
2017-09-06,108.25,87.14757537841797,1601500
2017-09-07,108.72000122070312,87.52597045898438,4292500
2017-09-08,108.63999938964844,87.46159362792969,1249100
2017-09-11,108.0199966430664,86.96241760253906,2206200
2017-09-12,107.76000213623047,86.75305938720703,3167800
2017-09-13,107.54000091552734,86.57598114013672,1590900
2017-09-14,107.55999755859375,86.59209442138672,1377700
2017-09-15,107.69000244140625,86.69673919677734,1477000
2017-09-18,107.2699966430664,86.35860443115234,3032500
2017-09-19,107.1500015258789,86.26200866699219,673300
2017-09-20,106.94000244140625,86.09294891357422,2397500
2017-09-21,106.80000305175781,85.98025512695312,2390000
2017-09-22,106.98999786376953,86.13319396972656,826600
2017-09-25,107.30999755859375,86.39080047607422,1927000
2017-09-26,107.22000122070312,86.31837463378906,1061000
2017-09-27,106.66999816894531,85.87555694580078,4039100
2017-09-28,106.6500015258789,85.85946655273438,1873300
2017-09-29,106.5199966430664,85.75482940673828,2037800
2017-10-02,106.23999786376953,85.65727996826172,3221600
2017-10-03,106.38999938964844,85.77821350097656,2521700
2017-10-04,106.36000061035156,85.75404357910156,2198300
2017-10-05,106.25,85.66531372070312,1779900
2017-10-06,106.12000274658203,85.5605239868164,2350600
2017-10-09,106.23999786376953,85.65727996826172,893100
2017-10-10,106.27999877929688,85.68952941894531,1123100
2017-10-11,106.4000015258789,85.78631591796875,2841200
2017-10-12,106.5,85.86688232421875,1349300
2017-10-13,106.86000061035156,86.15716552734375,1521700
2017-10-16,106.68000030517578,86.01203918457031,1666100
2017-10-17,106.63999938964844,85.97978973388672,673800
2017-10-18,106.37000274658203,85.76205444335938,1788500
2017-10-19,106.4800033569336,85.85077667236328,1518700
2017-10-20,106.04000091552734,85.49601745605469,2651400
2017-10-23,106.13999938964844,85.5766372680664,709800
2017-10-24,105.81999969482422,85.31867980957031,1605600
2017-10-25,105.6500015258789,85.1815414428711,1838800
2017-10-26,105.51000213623047,85.06871032714844,2062400
2017-10-27,105.8499984741211,85.34283447265625,1315000
2017-10-30,106.2300033569336,85.64923095703125,1692700
2017-10-31,106.16000366210938,85.59281158447266,1178000
2017-11-01,106.05999755859375,85.64443969726562,1321500
2017-11-02,106.19999694824219,85.75748443603516,1997900
2017-11-03,106.37000274658203,85.89476776123047,2532400
2017-11-06,106.5,85.99977111816406,858400
2017-11-07,106.54000091552734,86.03204345703125,734800
2017-11-08,106.41000366210938,85.92707061767578,947800
2017-11-09,106.37000274658203,85.89476776123047,925900
2017-11-10,105.83000183105469,85.45875549316406,1862000
2017-11-13,105.77999877929688,85.41831970214844,868300
2017-11-14,105.93000030517578,85.53944396972656,1629200
2017-11-15,106.30999755859375,85.84632110595703,1933100
2017-11-16,106.04000091552734,85.6282730102539,1749200
2017-11-17,106.18000030517578,85.74138641357422,941200
2017-11-20,106.01000213623047,85.60409545898438,1153400
2017-11-21,106.02999877929688,85.6202163696289,835600
2017-11-22,106.37000274658203,85.89476776123047,1657900
2017-11-24,106.27999877929688,85.82215118408203,614400
2017-11-27,106.3499984741211,85.87862396240234,1927500
2017-11-28,106.37000274658203,85.89476776123047,1388000
2017-11-29,106.02999877929688,85.6202163696289,3193600
2017-11-30,105.69999694824219,85.35377502441406,3306400
2017-12-01,105.93000030517578,85.6691665649414,4341500
2017-12-04,105.87999725341797,85.62870788574219,2356200
2017-12-05,105.95999908447266,85.69338989257812,1586000
2017-12-06,106.18000030517578,85.8713607788086,1459000
2017-12-07,105.98999786376953,85.71766662597656,1953400
2017-12-08,105.91000366210938,85.65299224853516,2519500
2017-12-11,105.83999633789062,85.59637451171875,702200
2017-12-12,105.75,85.52356719970703,2557500
2017-12-13,106.18000030517578,85.8713607788086,1477800
2017-12-14,106.13999938964844,85.83897399902344,982100
2017-12-15,106.12000274658203,85.82282257080078,1845200
2017-12-18,105.87999725341797,85.62870788574219,1610300
2017-12-19,105.4000015258789,85.24051666259766,4535100
2017-12-20,105.08999633789062,84.98985290527344,3027000
2017-12-21,105.0,85.04977416992188,2098800
2017-12-22,105.04000091552734,85.08221435546875,696900
2017-12-26,105.08000183105469,85.11455535888672,2584800
2017-12-27,105.52999877929688,85.47904968261719,2291500
2017-12-28,105.4000015258789,85.37377166748047,1540500
2017-12-29,105.56999969482422,85.51145935058594,1849600
2018-01-02,105.22000122070312,85.22795867919922,3902000
2018-01-03,105.33000183105469,85.31702423095703,2135900
2018-01-04,105.27999877929688,85.27651977539062,2430000
2018-01-05,105.1500015258789,85.1712417602539,2163600
2018-01-08,105.0999984741211,85.1307144165039,2450600
2018-01-09,104.5999984741211,84.72571563720703,5924200
2018-01-10,104.56999969482422,84.70147705078125,2142500
2018-01-11,104.63999938964844,84.75812530517578,1798700
2018-01-12,104.56999969482422,84.70147705078125,1430700
2018-01-16,104.62000274658203,84.74199676513672,5927500
2018-01-17,104.38999938964844,84.55567169189453,2186100
2018-01-18,104.05999755859375,84.28833770751953,3326100
2018-01-19,103.79000091552734,84.06969451904297,2921600
2018-01-22,103.75,84.03726959228516,8047400
2018-01-23,104.05000305175781,84.28026580810547,1780100
2018-01-24,103.8499984741211,84.11827850341797,1952200
2018-01-25,104.08000183105469,84.30453491210938,3342000
2018-01-26,103.7699966430664,84.05348205566406,3324500
2018-01-29,103.51000213623047,83.84284210205078,2328200
2018-01-30,103.2699966430664,83.6484603881836,2346900
2018-01-31,103.30000305175781,83.6727523803711,2966400
2018-02-01,102.5999984741211,83.2411117553711,8958300
2018-02-02,102.22000122070312,82.93286895751953,5753500
2018-02-05,103.05999755859375,83.61437225341797,6902000
2018-02-06,102.61000061035156,83.24923706054688,5382900
2018-02-07,102.30999755859375,83.00585174560547,4773700
2018-02-08,102.4000015258789,83.07886505126953,5685300
2018-02-09,102.22000122070312,82.93286895751953,4376900
2018-02-12,102.19000244140625,82.90850067138672,2836300
2018-02-13,102.36000061035156,83.04641723632812,2698100
2018-02-14,101.73999786376953,82.54340362548828,4141900
2018-02-15,101.7699966430664,82.56774139404297,3057300
2018-02-16,102.01000213623047,82.7624282836914,2277800
2018-02-20,101.9000015258789,82.67321014404297,2138300
2018-02-21,101.5999984741211,82.42982482910156,2253900
2018-02-22,101.73999786376953,82.54340362548828,4411800
2018-02-23,102.12999725341797,82.85981750488281,4484700
2018-02-26,102.25,82.95716857910156,2725600
2018-02-27,101.93000030517578,82.69751739501953,3308900
2018-02-28,102.16999816894531,82.89225769042969,2521400
2018-03-01,102.44999694824219,83.24895477294922,5352600
2018-03-02,102.06999969482422,82.94017791748047,2140800
2018-03-05,101.94000244140625,82.83457946777344,2059300
2018-03-06,101.93000030517578,82.82646179199219,2331300
2018-03-07,101.93000030517578,82.82646179199219,1258100
2018-03-08,102.13999938964844,82.99710083007812,1636700
2018-03-09,101.91999816894531,82.81832122802734,1604500
2018-03-12,102.16000366210938,83.01335144042969,1885700
2018-03-13,102.33000183105469,83.15147399902344,1742100
2018-03-14,102.52999877929688,83.31404113769531,2598900
2018-03-15,102.48999786376953,83.28147888183594,2758000
2018-03-16,102.37000274658203,83.18397521972656,3595300
2018-03-19,102.2699966430664,83.10275268554688,2825000
2018-03-20,102.06999969482422,82.94017791748047,2600600
2018-03-21,102.13999938964844,82.99710083007812,3365600
2018-03-22,102.55999755859375,83.33837890625,5026500
2018-03-23,102.69999694824219,83.45216369628906,2519000
2018-03-26,102.41999816894531,83.22461700439453,4184900
2018-03-27,103.0,83.6959457397461,3495900
2018-03-28,102.9800033569336,83.67965698242188,2762500
2018-03-29,103.19000244140625,83.85029602050781,2572100
2018-04-02,103.12000274658203,83.93576049804688,2748800
2018-04-03,102.79000091552734,83.66716003417969,4229600
2018-04-04,102.7300033569336,83.61833190917969,2216900
2018-04-05,102.47000122070312,83.40666198730469,1789300
2018-04-06,102.91999816894531,83.77298736572266,2651200
2018-04-09,102.94000244140625,83.78929138183594,2071100
2018-04-10,102.76000213623047,83.64271545410156,1622400
2018-04-11,102.86000061035156,83.72413635253906,2520600
2018-04-12,102.48999786376953,83.4229736328125,2188600
2018-04-13,102.58000183105469,83.49622344970703,2937700
2018-04-16,102.52999877929688,83.45550537109375,1637400
2018-04-17,102.58999633789062,83.50434875488281,1301800
2018-04-18,102.19000244140625,83.1788101196289,2127600
2018-04-19,101.91000366210938,82.95087432861328,3181500
2018-04-20,101.56999969482422,82.67411804199219,2309400
2018-04-23,101.47000122070312,82.59272766113281,5022800
2018-04-24,101.3499984741211,82.49502563476562,3178800
2018-04-25,101.12999725341797,82.31597137451172,3295800
2018-04-26,101.41999816894531,82.55205535888672,1989500
2018-04-27,101.58999633789062,82.6904296875,2409300
2018-04-30,101.69999694824219,82.77996826171875,3504400
2018-05-01,101.3499984741211,82.65026092529297,1894000
2018-05-02,101.37000274658203,82.6666030883789,3852600
2018-05-03,101.62999725341797,82.87859344482422,6026900
2018-05-04,101.63999938964844,82.88677215576172,2370500
2018-05-07,101.58999633789062,82.84601593017578,1854900
2018-05-08,101.41999816894531,82.7073974609375,1654600
2018-05-09,101.19000244140625,82.51980590820312,2838400
2018-05-10,101.4000015258789,82.69105529785156,4183700
2018-05-11,101.41000366210938,82.69918823242188,2816300
2018-05-14,101.19000244140625,82.51980590820312,4762000
2018-05-15,100.62999725341797,82.06312561035156,6812500
2018-05-16,100.41999816894531,81.89185333251953,4784200
2018-05-17,100.36000061035156,81.84293365478516,1702300
2018-05-18,100.75,82.1609878540039,2642300
2018-05-21,100.81999969482422,82.21803283691406,2845100
2018-05-22,100.77999877929688,82.1854476928711,1977000
2018-05-23,101.23999786376953,82.56055450439453,5102500
2018-05-24,101.5,82.77259826660156,2994100
2018-05-25,101.9000015258789,83.09877014160156,2838400
2018-05-29,103.0,83.99585723876953,11256200
2018-05-30,102.55999755859375,83.63702392578125,4512200
2018-05-31,102.51000213623047,83.59626007080078,5321700
2018-06-01,101.93000030517578,83.28738403320312,7891000
2018-06-04,101.56999969482422,82.99322509765625,3131800
2018-06-05,101.83000183105469,83.2056884765625,4305500
2018-06-06,101.41999816894531,82.87068176269531,3910500
2018-06-07,101.8499984741211,83.22205352783203,4400400
2018-06-08,101.70999908447266,83.10761260986328,7342800
2018-06-11,101.61000061035156,83.02593994140625,1875800
2018-06-12,101.55000305175781,82.97688293457031,1664800
2018-06-13,101.43000030517578,82.87883758544922,3294700
2018-06-14,101.75,83.14031219482422,3626400
2018-06-15,101.83000183105469,83.2056884765625,5826500
2018-06-18,101.87999725341797,83.24654388427734,4600500
2018-06-19,102.1500015258789,83.4671401977539,4172800
2018-06-20,101.81999969482422,83.19754028320312,3059000
2018-06-21,102.08999633789062,83.41815185546875,2680500
2018-06-22,102.11000061035156,83.43445587158203,2309500
2018-06-25,102.25,83.54885864257812,8110800
2018-06-26,102.30000305175781,83.58971405029297,3873200
2018-06-27,102.69000244140625,83.90840911865234,3044200
2018-06-28,102.58999633789062,83.82665252685547,3705600
2018-06-29,102.51000213623047,83.76128387451172,2721200
2018-07-02,102.25,83.7040023803711,3911500
2018-07-03,102.51000213623047,83.91682434082031,1463800
2018-07-05,102.5199966430664,83.92501068115234,1682300
2018-07-06,102.61000061035156,83.99873352050781,3206500
2018-07-09,102.3499984741211,83.78585815429688,2258800
2018-07-10,102.2699966430664,83.72036743164062,4461100
2018-07-11,102.4800033569336,83.89226531982422,2198700
2018-07-12,102.44000244140625,83.85953521728516,1385900
2018-07-13,102.61000061035156,83.99873352050781,2891800
2018-07-16,102.44000244140625,83.85953521728516,1782600
2018-07-17,102.37999725341797,83.81037902832031,1034700
2018-07-18,102.30000305175781,83.74493408203125,1355300
2018-07-19,102.58000183105469,83.97412872314453,4201700
2018-07-20,102.22000122070312,83.6794662475586,3362700
2018-07-23,101.72000122070312,83.27013397216797,5285700
2018-07-24,101.79000091552734,83.32746887207031,3293800
2018-07-25,101.72000122070312,83.27013397216797,2403800
2018-07-26,101.61000061035156,83.18011474609375,2598200
2018-07-27,101.7699966430664,83.31101989746094,1435100
2018-07-30,101.63999938964844,83.20464324951172,3832700
2018-07-31,101.77999877929688,83.3192367553711,3053600
2018-08-01,101.33999633789062,83.1224136352539,5366800
2018-08-02,101.45999908447266,83.2208251953125,3370800
2018-08-03,101.72000122070312,83.43408203125,2174800
2018-08-06,101.7699966430664,83.4751205444336,3867200
2018-08-07,101.55999755859375,83.30282592773438,2181400
2018-08-08,101.6500015258789,83.3766860961914,2777900
2018-08-09,101.93000030517578,83.60631561279297,4318000
2018-08-10,102.37000274658203,83.96725463867188,4327800
2018-08-13,102.33999633789062,83.942626953125,1764700
2018-08-14,102.23999786376953,83.86060333251953,2487600
2018-08-15,102.48999786376953,84.06566619873047,4810700
2018-08-16,102.45999908447266,84.04105377197266,2594400
2018-08-17,102.5,84.07388305664062,3043400
2018-08-20,102.81999969482422,84.33635711669922,2901100
2018-08-21,102.68000030517578,84.22149658203125,2516700
2018-08-22,102.87000274658203,84.37736511230469,2396500
2018-08-23,102.86000061035156,84.36915588378906,871000
2018-08-24,102.88999938964844,84.39375305175781,1296600
2018-08-27,102.66000366210938,84.2051010131836,1851900
2018-08-28,102.43000030517578,84.0164566040039,1506300
2018-08-29,102.4000015258789,83.99185180664062,1420400
2018-08-30,102.58999633789062,84.14765930175781,2780900
2018-08-31,102.61000061035156,84.16410827636719,2132200
2018-09-04,102.16999816894531,83.9718017578125,3419500
2018-09-05,102.16000366210938,83.96356964111328,1332300
2018-09-06,102.37000274658203,84.13616180419922,1656700
2018-09-07,101.91000366210938,83.75809478759766,4405000
2018-09-10,101.97000122070312,83.80736541748047,3110800
2018-09-11,101.5999984741211,83.5033187866211,3360500
2018-09-12,101.72000122070312,83.60191345214844,1398800
2018-09-13,101.70999908447266,83.59371185302734,1281600
2018-09-14,101.5199966430664,83.4375,3749900
2018-09-17,101.54000091552734,83.45399475097656,3808400
2018-09-18,101.12000274658203,83.10879516601562,4972900
2018-09-19,100.94999694824219,82.9690933227539,5515900
2018-09-20,100.95999908447266,82.977294921875,2973500
2018-09-21,101.0,83.01020050048828,1024100
2018-09-24,100.88999938964844,82.91976165771484,2389800
2018-09-25,100.79000091552734,82.83756256103516,2878300
2018-09-26,101.12000274658203,83.10879516601562,2502900
2018-09-27,101.12000274658203,83.10879516601562,6342800
2018-09-28,101.16999816894531,83.14990234375,3931000
2018-10-01,100.70999908447266,82.93904113769531,6408000
2018-10-02,100.97000122070312,83.15320587158203,2915000
2018-10-03,100.22000122070312,82.5355224609375,6612700
2018-10-04,99.95999908447266,82.32140350341797,6427500
2018-10-05,99.72000122070312,82.12373352050781,5676600
2018-10-08,99.76000213623047,82.15672302246094,1947800
2018-10-09,99.94999694824219,82.31320190429688,3066300
2018-10-10,100.0,82.35433959960938,3001900
2018-10-11,100.41000366210938,82.6919937133789,5821500
2018-10-12,100.29000091552734,82.59317016601562,2647900
2018-10-15,100.3499984741211,82.6426010131836,1860000
2018-10-16,100.33999633789062,82.63436126708984,2703900
2018-10-17,100.05000305175781,82.39550018310547,3336200
2018-10-18,100.2300033569336,82.54376220703125,2587700
2018-10-19,100.11000061035156,82.44489288330078,5531900
2018-10-22,100.12999725341797,82.46144104003906,1690100
2018-10-23,100.38999938964844,82.67554473876953,4420100
2018-10-24,100.93000030517578,83.12022399902344,4881200
2018-10-25,100.69000244140625,82.92257690429688,3559900
2018-10-26,101.13999938964844,83.2931900024414,4220800
2018-10-29,101.12999725341797,83.28491973876953,3766900
2018-10-30,100.91000366210938,83.10376739501953,5746600
2018-10-31,100.66000366210938,82.89788818359375,3956700
2018-11-01,100.52999877929688,82.9688491821289,4834300
2018-11-02,99.97000122070312,82.50668334960938,5250900
2018-11-05,100.02999877929688,82.55620574951172,2446700
2018-11-06,99.91999816894531,82.46538543701172,2456700
2018-11-07,99.91999816894531,82.46538543701172,3297600
2018-11-08,99.77999877929688,82.3498764038086,2188900
2018-11-09,100.16999816894531,82.67173767089844,2772700
2018-11-12,100.47000122070312,82.91936492919922,3704900
2018-11-13,100.55000305175781,82.9853515625,3265000
2018-11-14,100.76000213623047,83.15869903564453,4626400
2018-11-15,100.83000183105469,83.21647644042969,2621300
2018-11-16,101.13999938964844,83.47230529785156,7226700
2018-11-19,101.29000091552734,83.59608459472656,3447800
2018-11-20,101.2699966430664,83.57959747314453,3658600
2018-11-21,101.25,83.5630874633789,1897000
2018-11-23,101.30999755859375,83.61260986328125,531200
2018-11-26,101.2300033569336,83.54658508300781,2345600
2018-11-27,101.33000183105469,83.62911224365234,2334400
2018-11-28,101.31999969482422,83.62085723876953,3582500
2018-11-29,101.58000183105469,83.83545684814453,4313000
2018-11-30,101.77999877929688,84.00050354003906,3069700
2018-12-03,101.79000091552734,84.18413543701172,6008500
2018-12-04,102.26000213623047,84.57278442382812,7748800
2018-12-06,102.5199966430664,84.78785705566406,9429900
2018-12-07,102.81999969482422,85.03600311279297,7319100
2018-12-10,102.87999725341797,85.08560943603516,9045700
2018-12-11,102.62000274658203,84.87055969238281,5290100
2018-12-12,102.33999633789062,84.63896942138672,3727200
2018-12-13,102.4000015258789,84.68861389160156,4116000
2018-12-14,102.55999755859375,84.8209228515625,3530000
2018-12-17,102.86000061035156,85.0690689086914,7627000
2018-12-18,102.9000015258789,85.2787094116211,4461400
2018-12-19,103.26000213623047,85.57704162597656,7710900
2018-12-20,103.12999725341797,85.46929931640625,9245200
2018-12-21,103.22000122070312,85.5439224243164,4918800
2018-12-24,103.4800033569336,85.75939178466797,6373000
2018-12-26,102.98999786376953,85.35325622558594,5477700
2018-12-27,103.25,85.56879425048828,4602100
2018-12-28,103.80999755859375,86.03285217285156,4543100
2018-12-31,104.19999694824219,86.35606384277344,7227500
2019-01-02,104.41999816894531,86.5384292602539,18668600
2019-01-03,105.25,87.22626495361328,10616700
2019-01-04,104.4000015258789,86.52184295654297,6616700
2019-01-07,104.11000061035156,86.28148651123047,5459200
2019-01-08,103.8499984741211,86.06600952148438,6879500
2019-01-09,103.91000366210938,86.11576843261719,3248700
2019-01-10,103.86000061035156,86.07432556152344,14413000
2019-01-11,104.16999816894531,86.33123779296875,3825700
2019-01-14,104.11000061035156,86.28148651123047,3090100
2019-01-15,104.01000213623047,86.19867706298828,4148000
2019-01-16,103.94999694824219,86.14887237548828,4820800
2019-01-17,103.76000213623047,85.99142456054688,5328100
2019-01-18,103.43000030517578,85.71792602539062,6617500
2019-01-22,103.79000091552734,86.01631164550781,5814400
2019-01-23,103.73999786376953,85.97484588623047,3507300
2019-01-24,104.06999969482422,86.24834442138672,6030700
2019-01-25,103.83000183105469,86.0494384765625,2763300
2019-01-28,103.86000061035156,86.07432556152344,3116100
2019-01-29,104.16000366210938,86.3228988647461,2836700
2019-01-30,104.4000015258789,86.52184295654297,5788300
2019-01-31,104.87999725341797,86.91964721679688,10206500
2019-02-01,104.0999984741211,86.45454406738281,9191900
2019-02-04,103.87000274658203,86.2635269165039,7283500
2019-02-05,104.05000305175781,86.41305541992188,3331100
2019-02-06,104.12999725341797,86.47949981689453,3489800
2019-02-07,104.47000122070312,86.7618179321289,6937400
2019-02-08,104.61000061035156,86.87812805175781,2602700
2019-02-11,104.44999694824219,86.74522399902344,2637200
2019-02-12,104.30999755859375,86.6289291381836,3305300
2019-02-13,104.05000305175781,86.41305541992188,3772100
2019-02-14,104.54000091552734,86.81995391845703,10568700
2019-02-15,104.44000244140625,86.7369384765625,6879000
2019-02-19,104.62000274658203,86.88639831542969,8557400
2019-02-20,104.5999984741211,86.86984252929688,4751100
2019-02-21,104.29000091552734,86.61238098144531,4140200
2019-02-22,104.5999984741211,86.86984252929688,3351000
2019-02-25,104.44000244140625,86.7369384765625,2849600
2019-02-26,104.75,86.99435424804688,2647700
2019-02-27,104.37999725341797,86.68708038330078,2530600
2019-02-28,104.11000061035156,86.4629135131836,4949900
2019-03-01,103.56999969482422,86.17913818359375,9003000
2019-03-04,103.88999938964844,86.4454345703125,3506600
2019-03-05,103.94999694824219,86.49530792236328,2112200
2019-03-06,104.23999786376953,86.73661041259766,2401600
2019-03-07,104.58999633789062,87.02787780761719,4822900
2019-03-08,104.73999786376953,87.15267181396484,5212000
2019-03-11,104.66000366210938,87.08611297607422,4654100
2019-03-12,104.94999694824219,87.32743835449219,4942800
2019-03-13,104.91000366210938,87.29413604736328,1715000
2019-03-14,104.76000213623047,87.16930389404297,2514700
2019-03-15,105.08999633789062,87.44387817382812,7846600
2019-03-18,104.94999694824219,87.32743835449219,4166200
2019-03-19,104.87999725341797,87.2691650390625,2138000
2019-03-20,105.61000061035156,87.8765869140625,8061700
2019-03-21,105.55999755859375,87.83497619628906,4633500
2019-03-22,106.33999633789062,88.48403930664062,4721900
2019-03-25,106.61000061035156,88.70870971679688,7828800
2019-03-26,106.5199966430664,88.63377380371094,7483700
2019-03-27,106.83000183105469,88.8917236328125,3555900
2019-03-28,106.83999633789062,88.90008544921875,3769600
2019-03-29,106.66999816894531,88.75859069824219,2748900
2019-04-01,105.72000122070312,88.14826202392578,9430400
2019-04-02,105.9000015258789,88.29838562011719,7318600
2019-04-03,105.56999969482422,88.02320098876953,5207300
2019-04-04,105.68000030517578,88.11492156982422,2293700
2019-04-05,105.7300033569336,88.1566162109375,1749900
2019-04-08,105.55999755859375,88.01484680175781,3591500
2019-04-09,105.75,88.17328643798828,3210600
2019-04-10,106.0,88.38169860839844,2059800
2019-04-11,105.76000213623047,88.18160247802734,1547500
2019-04-12,105.2699966430664,87.7730484008789,6032100
2019-04-15,105.41000366210938,87.88978576660156,2410700
2019-04-16,105.05000305175781,87.58963012695312,5003600
2019-04-17,105.06999969482422,87.60627746582031,2348800
2019-04-18,105.31999969482422,87.81475067138672,4893200
2019-04-22,105.16999816894531,87.68968200683594,3630000
2019-04-23,105.36000061035156,87.84810638427734,2462100
2019-04-24,105.76000213623047,88.18160247802734,3266700
2019-04-25,105.62999725341797,88.07321166992188,1457600
2019-04-26,105.91000366210938,88.30670166015625,2156100
2019-04-29,105.69000244140625,88.12324523925781,2715000
2019-04-30,105.9000015258789,88.29838562011719,3621900
2019-05-01,105.63999938964844,88.25820922851562,6870700
2019-05-02,105.33999633789062,88.0075912475586,3126200
2019-05-03,105.4800033569336,88.12457275390625,2625200
2019-05-06,105.75,88.35016632080078,3370100
2019-05-07,106.11000061035156,88.65090942382812,3965800
2019-05-08,105.91000366210938,88.48383331298828,4226600
2019-05-09,106.19000244140625,88.71772003173828,4224100
2019-05-10,106.12000274658203,88.65921783447266,2855400
2019-05-13,106.6500015258789,89.10205078125,5653400
2019-05-14,106.55000305175781,89.01850891113281,2573200
2019-05-15,106.88999938964844,89.30254364013672,5512300
2019-05-16,106.68000030517578,89.12713623046875,3898400
2019-05-17,106.7300033569336,89.16890716552734,2128400
2019-05-20,106.55000305175781,89.01850891113281,2439600
2019-05-21,106.43000030517578,88.91825103759766,2675300
2019-05-22,106.75,89.18561553955078,3561900
2019-05-23,107.4000015258789,89.72863006591797,6184500
2019-05-24,107.37000274658203,89.70359802246094,2422800
2019-05-28,107.83999633789062,90.09622955322266,7039000
2019-05-29,107.80000305175781,90.06285858154297,5251800
2019-05-30,108.19000244140625,90.3886947631836,3461100
2019-05-31,108.91000366210938,90.9902114868164,6020600
2019-06-03,109.22000122070312,91.42799377441406,23830900
2019-06-04,108.81999969482422,91.09317016601562,5503200
2019-06-05,108.81999969482422,91.09317016601562,7712300
2019-06-06,108.80000305175781,91.076416015625,2392400
2019-06-07,109.2300033569336,91.43633270263672,2805900
2019-06-10,108.69000244140625,90.98429870605469,6071200
2019-06-11,108.69000244140625,90.98429870605469,2735800
2019-06-12,108.97000122070312,91.21874237060547,2062800
2019-06-13,109.23999786376953,91.44473266601562,1684700
2019-06-14,109.31999969482422,91.51171112060547,3880700
2019-06-17,109.30000305175781,91.4949722290039,3038800
2019-06-18,109.51000213623047,91.67076873779297,4564900
2019-06-19,109.80999755859375,91.9218978881836,4541500
2019-06-20,109.98999786376953,92.07256317138672,4575000
2019-06-21,109.54000091552734,91.69587707519531,4305200
2019-06-24,109.91999816894531,92.01397705078125,3046300
2019-06-25,110.08999633789062,92.15626525878906,5251000
2019-06-26,109.63999938964844,91.77958679199219,6675000
2019-06-27,109.97000122070312,92.05584716796875,2538400
2019-06-28,110.0199966430664,92.09766387939453,4341500
2019-07-01,109.69000244140625,91.98197174072266,8183600
2019-07-02,110.08000183105469,92.30901336669922,3117100
2019-07-03,110.29000091552734,92.48513793945312,2607000
2019-07-05,109.58999633789062,91.89806365966797,3664100
2019-07-08,109.4800033569336,91.80587768554688,3254100
2019-07-09,109.41000366210938,91.74718475341797,2061800
2019-07-10,109.47000122070312,91.7974624633789,4343700
2019-07-11,108.93000030517578,91.34468078613281,4769800
2019-07-12,109.05000305175781,91.4452896118164,4141900
2019-07-15,109.27999877929688,91.6381607055664,1753200
2019-07-16,109.04000091552734,91.43690490722656,2766100
2019-07-17,109.55000305175781,91.86458587646484,2624400
2019-07-18,109.81999969482422,92.09098815917969,2386700
2019-07-19,109.62000274658203,91.92327117919922,1728100
2019-07-22,109.66999816894531,91.96519470214844,1629800
2019-07-23,109.48999786376953,91.81423950195312,2329800
2019-07-24,109.6500015258789,91.94841766357422,2268500
2019-07-25,109.45999908447266,91.78910064697266,3172000
2019-07-26,109.44000244140625,91.77235412597656,3004100
2019-07-29,109.54000091552734,91.8561782836914,2505600
2019-07-30,109.58999633789062,91.89806365966797,2514800
2019-07-31,109.87000274658203,92.13288116455078,6669300
2019-08-01,110.91999816894531,93.17793273925781,16938700
2019-08-02,111.1500015258789,93.3711166381836,8503000
2019-08-05,112.11000061035156,94.17756652832031,7626200
2019-08-06,112.29000091552734,94.32879638671875,6462400
2019-08-07,112.29000091552734,94.32879638671875,9665300
2019-08-08,112.30000305175781,94.33719635009766,5178800
2019-08-09,112.12999725341797,94.19438171386719,2869000
2019-08-12,112.83999633789062,94.79082489013672,4739900
2019-08-13,112.44000244140625,94.45480346679688,5888000
2019-08-14,113.19000244140625,95.0848617553711,8124300
2019-08-15,113.91000366210938,95.68968200683594,5240200
2019-08-16,113.61000061035156,95.43760681152344,4957800
2019-08-19,113.06999969482422,94.98399353027344,3691400
2019-08-20,113.56999969482422,95.40404510498047,3161800
2019-08-21,113.2699966430664,95.15202331542969,4921700
2019-08-22,113.0199966430664,94.94205474853516,5860400
2019-08-23,113.77999877929688,95.5804672241211,8192600
2019-08-26,113.66999816894531,95.48804473876953,7581600
2019-08-27,114.16000366210938,95.89966583251953,3266900
2019-08-28,114.19999694824219,95.93328094482422,2505400
2019-08-29,113.9800033569336,95.74847412109375,4232400
2019-08-30,114.01000213623047,95.77365112304688,3651100
2019-09-03,114.06999969482422,95.98403930664062,11754000
2019-09-04,114.25,96.135498046875,3447000
2019-09-05,113.33000183105469,95.3613510131836,4597800
2019-09-06,113.4000015258789,95.42028045654297,3111000
2019-09-09,112.69999694824219,94.83124542236328,4818700
2019-09-10,111.87999725341797,94.1412582397461,4797200
2019-09-11,111.7699966430664,94.0487060546875,4737000
2019-09-12,111.5199966430664,93.83834075927734,8612500
2019-09-13,110.5,92.98005676269531,24187700
2019-09-16,110.9800033569336,93.38396453857422,5388300
2019-09-17,111.2699966430664,93.62797546386719,8211700
2019-09-18,111.30999755859375,93.66161346435547,5170400
2019-09-19,111.36000061035156,93.70369720458984,7131900
2019-09-20,112.0,94.2422103881836,9915000
2019-09-23,112.16000366210938,94.37686157226562,13163900
2019-09-24,112.72000122070312,94.84809875488281,10459100
2019-09-25,111.9800033569336,94.22543334960938,8430900
2019-09-26,112.22000122070312,94.42736053466797,4233000
2019-09-27,112.37999725341797,94.56196594238281,4545500
2019-09-30,112.47000122070312,94.63768768310547,2797900
2019-10-01,112.61000061035156,94.89979553222656,8555100
2019-10-02,113.0,95.22845458984375,3908600
2019-10-03,113.58999633789062,95.72567749023438,6128300
2019-10-04,113.80999755859375,95.91106414794922,4707600
2019-10-07,113.43000030517578,95.59081268310547,3193100
2019-10-08,113.66999816894531,95.79309844970703,4304900
2019-10-09,113.37999725341797,95.5486831665039,3336800
2019-10-10,112.66999816894531,94.95036315917969,3924400
2019-10-11,111.9000015258789,94.30142974853516,8685300
2019-10-14,112.20999908447266,94.5627212524414,1932200
2019-10-15,111.66999816894531,94.10765075683594,6638500
2019-10-16,111.88999938964844,94.29302978515625,2755500
2019-10-17,111.8499984741211,94.25933837890625,3188700
2019-10-18,111.94999694824219,94.34364318847656,2406400
2019-10-21,111.54000091552734,93.99809265136719,1735300
2019-10-22,111.80000305175781,94.21717834472656,3334400
2019-10-23,111.83999633789062,94.25090789794922,3305600
2019-10-24,111.81999969482422,94.23403930664062,2645400
2019-10-25,111.58000183105469,94.03179168701172,2381000
2019-10-28,111.16000366210938,93.6778564453125,5837600
2019-10-29,111.26000213623047,93.76212310791016,2199500
2019-10-30,111.80000305175781,94.21717834472656,5276700
2019-10-31,112.51000213623047,94.81549072265625,5540700
2019-11-01,112.12999725341797,94.6365966796875,8149400
2019-11-04,111.55999755859375,94.15548706054688,4145200
2019-11-05,110.95999908447266,93.64911651611328,6853500
2019-11-06,111.27999877929688,93.91924285888672,4129800
2019-11-07,110.38999938964844,93.16805267333984,5890100
2019-11-08,110.23999786376953,93.04147338867188,3037300
2019-11-11,110.36000061035156,93.1427230834961,1563000
2019-11-12,110.41000366210938,93.18495178222656,4446200
2019-11-13,110.70999908447266,93.43815612792969,2475200
2019-11-14,111.2699966430664,93.91075134277344,3189600
2019-11-15,111.18000030517578,93.83480072021484,2104500
2019-11-18,111.37000274658203,93.99519348144531,1893600
2019-11-19,111.58000183105469,94.17240905761719,8306500
2019-11-20,111.98999786376953,94.51841735839844,3838000
2019-11-21,111.70999908447266,94.2821273803711,3034700
2019-11-22,111.69000244140625,94.26522827148438,1879700
2019-11-25,111.73999786376953,94.30744171142578,3573100
2019-11-26,111.94999694824219,94.48472595214844,3579300
2019-11-27,111.66000366210938,94.23992919921875,2351800
2019-11-29,111.56999969482422,94.16397857666016,2882300
2019-12-02,111.01000213623047,93.82591247558594,6826400
2019-12-03,112.0,94.66263580322266,6561900
2019-12-04,111.56999969482422,94.29918670654297,2072200
2019-12-05,111.30999755859375,94.07945251464844,3062000
2019-12-06,110.97000122070312,93.7920913696289,2717400
2019-12-09,111.05999755859375,93.86812591552734,1928500
2019-12-10,110.93000030517578,93.75830078125,1707000
2019-12-11,111.38999938964844,94.14707946777344,2462600
2019-12-12,110.51000213623047,93.40328216552734,5490400
2019-12-13,111.16000366210938,93.95262908935547,4162000
2019-12-16,110.63999938964844,93.51317596435547,3028500
2019-12-17,110.6500015258789,93.5216293334961,3471400
2019-12-18,110.3499984741211,93.26805877685547,2249500
2019-12-19,110.27999877929688,93.34083557128906,1962500
2019-12-20,110.27999877929688,93.34083557128906,4660500
2019-12-23,110.18000030517578,93.25621795654297,1809400
2019-12-24,110.37000274658203,93.41703796386719,857600
2019-12-26,110.52999877929688,93.55242156982422,1285100
2019-12-27,110.69000244140625,93.6878662109375,1771100
2019-12-30,110.62000274658203,93.62861633300781,2035400
2019-12-31,110.22000122070312,93.2900390625,2801600
2020-01-02,110.7300033569336,93.72173309326172,4022300
2020-01-03,111.47000122070312,94.3480453491211,3839600
2020-01-06,111.3499984741211,94.24649047851562,2714300
2020-01-07,111.19000244140625,94.111083984375,2038800
2020-01-08,110.93000030517578,93.8910140991211,5081100
2020-01-09,111.01000213623047,93.95874786376953,3680600
2020-01-10,111.25,94.16187286376953,2600000
2020-01-13,111.12000274658203,94.05181884765625,2672600
2020-01-14,111.33999633789062,94.23805236816406,2376300
2020-01-15,111.62000274658203,94.47504425048828,2734800
2020-01-16,111.38999938964844,94.28036499023438,2200500
2020-01-17,111.30000305175781,94.20416259765625,2627000
2020-01-21,111.73999786376953,94.57657623291016,2355600
2020-01-22,111.76000213623047,94.59355926513672,1787600
2020-01-23,112.04000091552734,94.83051300048828,1891300
2020-01-24,112.44000244140625,95.16905975341797,7932600
2020-01-27,113.19999694824219,95.81236267089844,3824600
2020-01-28,112.81999969482422,95.49069213867188,1923600
2020-01-29,113.36000061035156,95.94774627685547,2429500
2020-01-30,113.47000122070312,96.04088592529297,4405500
2020-01-31,114.04000091552734,96.52330017089844,9764500
2020-02-03,113.79000091552734,96.44109344482422,5722100
2020-02-04,113.12999725341797,95.88172912597656,2569600
2020-02-05,112.63999938964844,95.46644592285156,9027500
2020-02-06,112.72000122070312,95.53422546386719,1697100
2020-02-07,113.26000213623047,95.99188995361328,6177900
2020-02-10,113.4800033569336,96.1783676147461,1909100
2020-02-11,113.20999908447266,95.94955444335938,1657100
2020-02-12,112.91999816894531,95.7037353515625,1473800
2020-02-13,113.0199966430664,95.78845977783203,1868000
2020-02-14,113.30000305175781,96.02580261230469,2043600
2020-02-18,113.4800033569336,96.1783676147461,8356600
2020-02-19,113.45999908447266,96.16138458251953,1681800
2020-02-20,113.79000091552734,96.44109344482422,3452900
2020-02-21,114.25,96.83097076416016,5381000
2020-02-24,115.13999938964844,97.58524322509766,6803600
2020-02-25,115.45999908447266,97.85651397705078,10014300
2020-02-26,115.4000015258789,97.80563354492188,19649400
2020-02-27,115.95999908447266,98.2802505493164,8629700
2020-02-28,117.26000213623047,99.38201141357422,13437000
2020-03-02,117.04000091552734,99.31415557861328,19402100
2020-03-03,118.4000015258789,100.46819305419922,11462300
2020-03-04,118.13999938964844,100.24755096435547,7627100
2020-03-05,119.19000244140625,101.1385498046875,5284200
2020-03-06,120.4000015258789,102.16529083251953,11614800
2020-03-09,121.4800033569336,103.08172607421875,24791700
2020-03-10,119.25,101.18949127197266,15072900
2020-03-11,118.05999755859375,100.17969512939453,13316100
2020-03-12,118.12000274658203,100.2306137084961,10671600
2020-03-13,117.3499984741211,99.57721710205078,8697200
2020-03-16,120.44999694824219,102.20772552490234,6971700
2020-03-17,117.43000030517578,99.64510345458984,5680300
2020-03-18,115.80000305175781,98.2619857788086,13256300
2020-03-19,116.18000030517578,98.58439636230469,6702900
2020-03-20,119.13999938964844,101.09613037109375,9641600
2020-03-23,120.55000305175781,102.29258728027344,12234700
2020-03-24,119.7300033569336,101.59674835205078,5235500
2020-03-25,119.80000305175781,101.65615844726562,5527600
2020-03-26,120.08999633789062,101.90225219726562,3384400
2020-03-27,120.9800033569336,102.65746307373047,5282300
2020-03-30,121.26000213623047,102.8950424194336,4649400
2020-03-31,121.4800033569336,103.08172607421875,6356500
2020-04-01,121.83000183105469,103.50142669677734,9256400
2020-04-02,121.8499984741211,103.51838684082031,4789400
2020-04-03,121.94000244140625,103.5948715209961,3441100
2020-04-06,121.38999938964844,103.12757873535156,4697500
2020-04-07,120.8499984741211,102.66886138916016,9340600
2020-04-08,120.69999694824219,102.54139709472656,3341000
2020-04-09,120.95999908447266,102.76227569580078,4543600
2020-04-13,120.69999694824219,102.54139709472656,2103100
2020-04-14,120.86000061035156,102.67733001708984,2180100
2020-04-15,121.94000244140625,103.5948715209961,3137400
2020-04-16,122.06999969482422,103.70526123046875,1901600
2020-04-17,121.75,103.4334487915039,2375000
2020-04-20,122.06999969482422,103.70526123046875,4230700
2020-04-21,122.41000366210938,103.99414825439453,3287700
2020-04-22,122.02999877929688,103.67127227783203,3168700
2020-04-23,122.11000061035156,103.73926544189453,2345900
2020-04-24,122.13999938964844,103.76478576660156,2373500
2020-04-27,121.48999786376953,103.21251678466797,2508100
2020-04-28,122.0199966430664,103.66281127929688,2847600
2020-04-29,121.95999908447266,103.61181640625,2600100
2020-04-30,121.66999816894531,103.36547088623047,5371500
2020-05-01,121.70999908447266,103.50833129882812,8357700
2020-05-04,121.7300033569336,103.5253677368164,3580500
2020-05-05,121.63999938964844,103.44880676269531,3487600
2020-05-06,121.19000244140625,103.06608581542969,3279500
2020-05-07,121.93000030517578,103.69542694091797,3252800
2020-05-08,121.52999877929688,103.35527801513672,3486800
2020-05-11,121.19000244140625,103.06608581542969,4569400
2020-05-12,121.58999633789062,103.4062728881836,4267700
2020-05-13,121.83999633789062,103.618896484375,2615800
2020-05-14,122.02999877929688,103.78047180175781,2257600
2020-05-15,121.94999694824219,103.71245574951172,1828900
2020-05-18,121.19999694824219,103.0745849609375,3091200
2020-05-19,121.54000091552734,103.36376953125,1941700
2020-05-20,121.56999969482422,103.38927459716797,2366700
2020-05-21,121.6500015258789,103.45730590820312,2063800
2020-05-22,121.87999725341797,103.65290069580078,1352400
2020-05-26,121.55999755859375,103.38078308105469,3484800
2020-05-27,121.66000366210938,103.46582794189453,2542900
2020-05-28,121.55000305175781,103.37226867675781,3873900
2020-05-29,121.94000244140625,103.70392608642578,2993800
2020-06-01,121.7699966430664,103.6630630493164,8531700
2020-06-02,121.56999969482422,103.4928207397461,4711800
2020-06-03,120.8499984741211,102.87986755371094,4226600
2020-06-04,120.37000274658203,102.47126770019531,4744100
2020-06-05,119.7699966430664,101.96048736572266,10611700
2020-06-08,119.9000015258789,102.07115173339844,3314700
2020-06-09,120.33000183105469,102.43722534179688,3238600
2020-06-10,121.2300033569336,103.20337677001953,4944600
2020-06-11,121.66000366210938,103.5694580078125,6365800
2020-06-12,121.38999938964844,103.33956909179688,3051000
2020-06-15,121.29000091552734,103.25445556640625,2658000
2020-06-16,121.04000091552734,103.04164123535156,5252000
2020-06-17,121.2300033569336,103.20337677001953,2308300
2020-06-18,121.5,103.4332275390625,1694600
2020-06-19,121.54000091552734,103.4672622680664,2033200
2020-06-22,121.43000030517578,103.37364959716797,2284900
2020-06-23,121.38999938964844,103.33956909179688,2010600
2020-06-24,121.62000274658203,103.53540802001953,2310700
2020-06-25,121.63999938964844,103.55241394042969,1650900
2020-06-26,121.97000122070312,103.83332061767578,3413900
2020-06-29,122.08999633789062,103.93549346923828,28632400
2020-06-30,121.87000274658203,103.74821472167969,4126700
2020-07-01,121.56999969482422,103.58631134033203,8416500
2020-07-02,121.72000122070312,103.71412658691406,3054100
2020-07-06,121.54000091552734,103.56076049804688,2821900
2020-07-07,121.93000030517578,103.89305114746094,2920400
2020-07-08,121.73999786376953,103.73117065429688,2096700
2020-07-09,122.12999725341797,104.0634765625,2769400
2020-07-10,121.88999938964844,103.8590087890625,1939000
2020-07-13,122.0199966430664,103.96974182128906,2051100
2020-07-14,122.01000213623047,103.9612045288086,1721500
2020-07-15,121.97000122070312,103.9271240234375,2085400
2020-07-16,122.05999755859375,104.00386047363281,1907100
2020-07-17,122.02999877929688,103.97827911376953,2405200
2020-07-20,122.11000061035156,104.04641723632812,2695900
2020-07-21,122.23999786376953,104.15719604492188,3228400
2020-07-22,122.27999877929688,104.19129943847656,2431500
2020-07-23,122.4000015258789,104.29351806640625,2006500
2020-07-24,122.33999633789062,104.24241638183594,3395600
2020-07-27,122.1500015258789,104.08051300048828,1976500
2020-07-28,122.44000244140625,104.3276138305664,1870300
2020-07-29,122.5999984741211,104.4639663696289,1874200
2020-07-30,122.7699966430664,104.60880279541016,28331800
2020-07-31,122.80000305175781,104.63436889648438,4039200
2020-08-03,122.63999938964844,104.58319854736328,6595900
2020-08-04,123.05999755859375,104.94136047363281,3842000
2020-08-05,122.6500015258789,104.59171295166016,2423700
2020-08-06,122.79000091552734,104.71112823486328,2286500
2020-08-07,122.52999877929688,104.48939514160156,2363400
2020-08-10,122.4000015258789,104.37850952148438,1994900
2020-08-11,121.9800033569336,104.02037048339844,7166500
2020-08-12,121.62000274658203,103.71340942382812,5538100
2020-08-13,121.37000274658203,103.50019073486328,5748400
2020-08-14,121.43000030517578,103.55133056640625,2722800
2020-08-17,121.62999725341797,103.72189331054688,3357700
2020-08-18,121.83999633789062,103.9010009765625,1853600
2020-08-19,121.68000030517578,103.76456451416016,4493800
2020-08-20,122.02999877929688,104.06302642822266,2880300
2020-08-21,122.12000274658203,104.13973236083984,2103700
2020-08-24,121.94999694824219,103.99478149414062,1974900
2020-08-25,121.66000366210938,103.74750518798828,3562800
2020-08-26,121.61000061035156,103.70484161376953,3337400
2020-08-27,121.18000030517578,103.33814239501953,4672900
2020-08-28,121.37999725341797,103.50870513916016,2277200
2020-08-31,121.51000213623047,103.61957550048828,3273300
2020-09-01,121.81999969482422,103.9592056274414,4622900
2020-09-02,121.98999786376953,104.10430908203125,3013400
2020-09-03,122.1500015258789,104.24082946777344,5750500
2020-09-04,121.47000122070312,103.66053771972656,7512800
2020-09-08,121.7300033569336,103.88243865966797,3442700
2020-09-09,121.66999816894531,103.83121490478516,3964300
2020-09-10,121.81999969482422,103.9592056274414,3164200
2020-09-11,122.01000213623047,104.1213607788086,4905000
2020-09-14,121.9000015258789,104.0274887084961,1797100
2020-09-15,121.83999633789062,103.97628784179688,2897600
2020-09-16,121.7699966430664,103.91653442382812,4015700
2020-09-17,121.80999755859375,103.9506607055664,3426800
2020-09-18,121.69999694824219,103.8567886352539,5606900
2020-09-21,121.91999816894531,104.0445785522461,5838100
2020-09-22,121.91999816894531,104.0445785522461,3387900
2020-09-23,121.91999816894531,104.0445785522461,3172000
2020-09-24,121.9800033569336,104.09576416015625,2866900
2020-09-25,122.08000183105469,104.18108367919922,2187400
2020-09-28,122.05999755859375,104.1640396118164,4167200
2020-09-29,122.1500015258789,104.24082946777344,2577100
2020-09-30,121.81999969482422,103.9592056274414,4276400
2020-10-01,121.80999755859375,104.01809692382812,8733800
2020-10-02,121.69000244140625,103.91569519042969,7509700
2020-10-05,120.91999816894531,103.25811004638672,6132200
2020-10-06,121.19999694824219,103.49723052978516,8516400
2020-10-07,120.8499984741211,103.1983642578125,7116700
2020-10-08,121.06999969482422,103.38622283935547,3499000
2020-10-09,121.01000213623047,103.3349838256836,4358500
2020-10-12,121.13999938964844,103.44599151611328,3287900
2020-10-13,121.41000366210938,103.67658996582031,6583300
2020-10-14,121.44999694824219,103.71073150634766,5200600
2020-10-15,121.31999969482422,103.59969329833984,3839200
2020-10-16,121.25,103.53990173339844,2726200
2020-10-19,121.05000305175781,103.369140625,3635800
2020-10-20,120.79000091552734,103.14712524414062,6129700
2020-10-21,120.62999725341797,103.01045989990234,6425300
2020-10-22,120.20999908447266,102.65184783935547,6749000
2020-10-23,120.37999725341797,102.7969970703125,5049900
2020-10-26,120.69999694824219,103.07027435302734,4817800
2020-10-27,120.97000122070312,103.30084228515625,3620100
2020-10-28,120.95999908447266,103.29232788085938,5586600
2020-10-29,120.44999694824219,102.85678100585938,7504800
2020-10-30,120.05999755859375,102.52374267578125,7246800
2020-11-02,120.19000244140625,102.69978332519531,7674300
2020-11-03,119.91999816894531,102.46906280517578,9203500
2020-11-04,120.93000030517578,103.33203125,14922300
2020-11-05,120.91000366210938,103.3149642944336,6250700
2020-11-06,120.5,102.9646987915039,10402200
2020-11-09,119.61000061035156,102.20413970947266,11195800
2020-11-10,119.2699966430664,101.91365814208984,4810500
2020-11-11,119.45999908447266,102.07598876953125,1699900
2020-11-12,120.13999938964844,102.6570053100586,6324000
2020-11-13,119.9800033569336,102.5203628540039,6766000
2020-11-16,119.88999938964844,102.44343566894531,3911400
2020-11-17,120.19999694824219,102.70833587646484,4707900
2020-11-18,120.16000366210938,102.67413330078125,7931200
2020-11-19,120.29000091552734,102.78520202636719,9323000
2020-11-20,120.5,102.9646987915039,16772200
2020-11-23,120.26000213623047,102.75959014892578,2511900
2020-11-24,120.06999969482422,102.59722900390625,4349300
2020-11-25,120.11000061035156,102.63140869140625,2125500
2020-11-27,120.47000122070312,102.93904113769531,2988100
2020-11-30,120.38999938964844,102.87064361572266,2390900
2020-12-01,119.66999816894531,102.32344818115234,13902200
2020-12-02,119.47000122070312,102.15243530273438,5578500
2020-12-03,119.79000091552734,102.42606353759766,4484900
2020-12-04,119.31999969482422,102.02418518066406,4709100
2020-12-07,119.69000244140625,102.3405532836914,4441600
2020-12-08,119.80999755859375,102.44315338134766,4735700
2020-12-09,119.63999938964844,102.29779052734375,3444100
2020-12-10,119.91000366210938,102.52867889404297,3557600
2020-12-11,120.1500015258789,102.73385620117188,4336600
2020-12-14,120.08000183105469,102.67400360107422,2870600
2020-12-15,119.95999908447266,102.5714111328125,2889200
2020-12-16,119.86000061035156,102.48592376708984,5058400
2020-12-17,119.69999694824219,102.41143035888672,3233200
2020-12-18,119.5999984741211,102.3259048461914,3189500
2020-12-21,119.68000030517578,102.39434814453125,2850500
2020-12-22,119.87999725341797,102.56547546386719,3688500
2020-12-23,119.62999725341797,102.3515625,3047100
2020-12-24,119.80000305175781,102.49703979492188,1529300
2020-12-28,119.80999755859375,102.50556182861328,3677500
2020-12-29,119.79000091552734,102.48847198486328,2157300
2020-12-30,119.87000274658203,102.5569076538086,2549100
2020-12-31,119.94999694824219,102.62535095214844,2626200
2021-01-04,119.9800033569336,102.65105438232422,5499000
2021-01-05,119.69999694824219,102.41143035888672,5004400
2021-01-06,119.0,101.81256103515625,10039300
2021-01-07,118.58000183105469,101.45326232910156,7751700
2021-01-08,118.23999786376953,101.16231536865234,8378700
2021-01-11,118.01000213623047,100.96556091308594,6061000
2021-01-12,117.98999786376953,100.94845581054688,6516600
2021-01-13,118.4000015258789,101.29922485351562,7562900
2021-01-14,118.12999725341797,101.0682144165039,8113000
2021-01-15,118.44999694824219,101.34199523925781,5978400
2021-01-19,118.5199966430664,101.40191650390625,4035700
2021-01-20,118.56999969482422,101.4446792602539,4277700
2021-01-21,118.4000015258789,101.29922485351562,4254500
2021-01-22,118.58000183105469,101.45326232910156,4706200
2021-01-25,119.05999755859375,101.86390686035156,5689200
2021-01-26,119.0199966430664,101.82965087890625,4257100
2021-01-27,119.16000366210938,101.94941711425781,5764700
2021-01-28,118.8499984741211,101.6842269897461,5394200
2021-01-29,118.63999938964844,101.50457000732422,7952100
2021-02-01,118.70999908447266,101.63124084472656,3640700
2021-02-02,118.41000366210938,101.37442779541016,3609800
2021-02-03,118.12000274658203,101.12615966796875,3844200
2021-02-04,118.08000183105469,101.09192657470703,2146000
2021-02-05,117.83000183105469,100.87789916992188,5498000
2021-02-08,117.87999725341797,100.92071533203125,2861300
2021-02-09,117.97000122070312,100.9977035522461,4458500
2021-02-10,118.2699966430664,101.25457763671875,6726800
2021-02-11,118.18000030517578,101.17753601074219,5949900
2021-02-12,117.79000091552734,100.84359741210938,8802400
2021-02-16,116.94000244140625,100.11592102050781,8909000
2021-02-17,117.0199966430664,100.18439483642578,4789700
2021-02-18,117.01000213623047,100.17582702636719,4469900
2021-02-19,116.54000091552734,99.77348327636719,5851800
2021-02-22,116.3499984741211,99.61078643798828,3828000
2021-02-23,116.44000244140625,99.68785858154297,7344900
2021-02-24,116.27999877929688,99.55084991455078,7133700
2021-02-25,114.7300033569336,98.22386169433594,35760600
2021-02-26,115.76000213623047,99.10566711425781,28188400
2021-03-01,115.55999755859375,98.99430084228516,9616500
2021-03-02,115.7699966430664,99.17417907714844,6271000
2021-03-03,115.1500015258789,98.64305114746094,8377300
2021-03-04,114.58000183105469,98.15482330322266,12327900
2021-03-05,114.41999816894531,98.0177001953125,8634600
2021-03-08,113.97000122070312,97.63224029541016,7416400
2021-03-09,114.51000213623047,98.0948486328125,7035000
2021-03-10,114.75,98.30044555664062,5683100
2021-03-11,114.70999908447266,98.26616668701172,7576500
2021-03-12,113.87999725341797,97.55510711669922,7332600
2021-03-15,114.0199966430664,97.6750717163086,4465500
2021-03-16,114.0,97.65797424316406,5479400
2021-03-17,113.80999755859375,97.49514770507812,8975900
2021-03-18,113.0999984741211,96.88694763183594,8281400
2021-03-19,113.02999877929688,96.82699584960938,8748100
2021-03-22,113.4000015258789,97.14396667480469,4679800
2021-03-23,113.95999908447266,97.62368774414062,7544000
2021-03-24,114.11000061035156,97.7521743774414,14634800
2021-03-25,113.95999908447266,97.62368774414062,10573800
2021-03-26,113.58000183105469,97.29815673828125,6409700
2021-03-29,113.19000244140625,96.96405029296875,6298000
2021-03-30,113.08999633789062,96.87837219238281,5784900
2021-03-31,112.93000030517578,96.74130249023438,8620000
2021-04-01,113.36000061035156,97.1699447631836,8535300
2021-04-05,113.04000091552734,96.89562225341797,9944500
2021-04-06,113.58999633789062,97.36705017089844,8765200
2021-04-07,113.5199966430664,97.30703735351562,6316800
2021-04-08,113.91000366210938,97.641357421875,6334700
2021-04-09,113.61000061035156,97.38422393798828,5887400
2021-04-12,113.54000091552734,97.32422637939453,5466000
2021-04-13,114.01000213623047,97.72708892822266,7663800
2021-04-14,113.87000274658203,97.60710906982422,4876900
2021-04-15,114.5999984741211,98.23282623291016,9958500
2021-04-16,114.29000091552734,97.96710205078125,7334900
2021-04-19,114.16999816894531,97.86424255371094,5738600
2021-04-20,114.51000213623047,98.15570068359375,6468300
2021-04-21,114.56999969482422,98.20710754394531,7976500
2021-04-22,114.66000366210938,98.28427124023438,7681300
2021-04-23,114.51000213623047,98.15570068359375,5509900
2021-04-26,114.38999938964844,98.05281829833984,7145300
2021-04-27,113.94000244140625,97.66709899902344,7720500
2021-04-28,114.08999633789062,97.79566192626953,8692900
2021-04-29,113.88999938964844,97.62422943115234,5547800
2021-04-30,113.98999786376953,97.7099380493164,5160000
2021-05-03,114.11000061035156,97.87635040283203,8593300
2021-05-04,114.26000213623047,98.00498962402344,11171000
2021-05-05,114.4000015258789,98.12510681152344,6810000
2021-05-06,114.44999694824219,98.16797637939453,6546200
2021-05-07,114.48999786376953,98.20228576660156,10657600
2021-05-10,114.26000213623047,98.00498962402344,5906800
2021-05-11,114.06999969482422,97.84202575683594,6591300
2021-05-12,113.5199966430664,97.37028503417969,14509800
2021-05-13,113.9000015258789,97.69622802734375,8242700
2021-05-14,114.1500015258789,97.91065979003906,7943100
2021-05-17,114.04000091552734,97.81629943847656,6711100
2021-05-18,114.04000091552734,97.81629943847656,4319600
2021-05-19,113.69999694824219,97.52466583251953,13156500
2021-05-20,114.16999816894531,97.92777252197266,8412700
2021-05-21,114.20999908447266,97.96212005615234,6648700
2021-05-24,114.31999969482422,98.05644226074219,4826000
2021-05-25,114.73999786376953,98.41675567626953,5748200
2021-05-26,114.61000061035156,98.30522918701172,4501600
2021-05-27,114.41000366210938,98.13365173339844,5998100
2021-05-28,114.4000015258789,98.12510681152344,5575700
2021-06-01,114.30000305175781,98.10706329345703,9498100
2021-06-02,114.43000030517578,98.21864318847656,4269900
2021-06-03,114.13999938964844,97.96973419189453,3591200
2021-06-04,114.7699966430664,98.51045989990234,6326000
2021-06-07,114.68000030517578,98.4332504272461,3068500
2021-06-08,115.01000213623047,98.71644592285156,4760500
2021-06-09,115.37000274658203,99.02547454833984,5679300
2021-06-10,115.77999877929688,99.37738800048828,6494800
2021-06-11,115.61000061035156,99.23149871826172,3914200
2021-06-14,115.25,98.92245483398438,3730900
2021-06-15,115.2699966430664,98.93965911865234,4212700
2021-06-16,114.4800033569336,98.2615737915039,13529000
2021-06-17,114.88999938964844,98.61351776123047,8838100
2021-06-18,115.54000091552734,99.17139434814453,13435000
2021-06-21,115.16999816894531,98.85379028320312,6460000
2021-06-22,115.37999725341797,99.0340576171875,5459700
2021-06-23,115.1500015258789,98.83663177490234,5429800
2021-06-24,115.12999725341797,98.81946563720703,3631700
2021-06-25,114.88999938964844,98.61351776123047,6716800
2021-06-28,115.25,98.92245483398438,4968900
2021-06-29,115.30999755859375,98.97393798828125,3373200
2021-06-30,115.48999786376953,99.12845611572266,6572800
2021-07-01,115.33000183105469,99.05722045898438,11966200
2021-07-02,115.75,99.41793823242188,5071900
2021-07-06,116.36000061035156,99.94185638427734,9095300
2021-07-07,116.69999694824219,100.23387908935547,7456400
2021-07-08,117.0,100.49156951904297,7368000
2021-07-09,116.41000366210938,99.98481750488281,5531200
2021-07-12,116.3499984741211,99.93327331542969,3867700
2021-07-13,115.98999786376953,99.62406158447266,6926500
2021-07-14,116.48999786376953,100.05351257324219,6029200
2021-07-15,116.9800033569336,100.47437286376953,5704500
2021-07-16,116.95999908447266,100.45719909667969,3577900
2021-07-19,117.95999908447266,101.31612396240234,20557500
2021-07-20,117.80999755859375,101.187255859375,8729000
2021-07-21,117.12999725341797,100.60321807861328,7438300
2021-07-22,117.4000015258789,100.83512115478516,6363500
2021-07-23,117.22000122070312,100.6805191040039,6804600
2021-07-26,117.13999938964844,100.61180877685547,6179600
2021-07-27,117.63999938964844,101.04125213623047,8621200
2021-07-28,117.73999786376953,101.12715148925781,11533500
2021-07-29,117.37999725341797,100.81791687011719,6203800
2021-07-30,117.70999908447266,101.10137176513672,5656400
2021-08-02,118.1500015258789,101.54485321044922,19495800
2021-08-03,118.18000030517578,101.57061004638672,6627300
2021-08-04,118.1500015258789,101.54485321044922,7545000
2021-08-05,117.72000122070312,101.17529296875,5164600
2021-08-06,117.02999877929688,100.58224487304688,7807600
2021-08-09,116.77999877929688,100.36738586425781,10842500
2021-08-10,116.55999755859375,100.17828369140625,7192400
2021-08-11,116.69000244140625,100.29004669189453,7254300
2021-08-12,116.56999969482422,100.1869125366211,6932200
2021-08-13,117.23999786376953,100.76275634765625,6896500
2021-08-16,117.5,100.9862060546875,6928100
2021-08-17,117.44000244140625,100.93465423583984,7785500
2021-08-18,117.37999725341797,100.883056640625,7025800
2021-08-19,117.63999938964844,101.10652160644531,6242600
2021-08-20,117.52999877929688,101.0119857788086,6510200
2021-08-23,117.55999755859375,101.0377426147461,3958500
2021-08-24,117.23999786376953,100.76275634765625,3649700
2021-08-25,116.77999877929688,100.36738586425781,5874700
2021-08-26,116.77999877929688,100.36738586425781,6850600
2021-08-27,117.16000366210938,100.69397735595703,6360700
2021-08-30,117.38999938964844,100.89166259765625,6546200
2021-08-31,117.16999816894531,100.70260620117188,7418400
2021-09-01,117.13999938964844,100.74559020996094,11908600
2021-09-02,117.27999877929688,100.86598205566406,2976200
2021-09-03,117.0,100.62519073486328,4988900
2021-09-07,116.54000091552734,100.22960662841797,7098600
2021-09-08,116.86000061035156,100.50479125976562,6046200
2021-09-09,117.19000244140625,100.78861236572266,7009500
2021-09-10,116.81999969482422,100.47036743164062,8147100
2021-09-13,116.95999908447266,100.59078979492188,4269300
2021-09-14,117.4000015258789,100.96920013427734,6991000
2021-09-15,117.19999694824219,100.79718017578125,5108900
2021-09-16,116.83000183105469,100.47898864746094,5682700
2021-09-17,116.48999786376953,100.18656158447266,7611700
2021-09-20,117.08000183105469,100.69398498535156,8781600
2021-09-21,117.01000213623047,100.63377380371094,4867900
2021-09-22,117.12000274658203,100.72838592529297,10966400
2021-09-23,116.05999755859375,99.81672668457031,10650100
2021-09-24,115.70999908447266,99.5157241821289,10528000
2021-09-27,115.4000015258789,99.24909973144531,6742100
2021-09-28,114.95999908447266,98.87068176269531,10295500
2021-09-29,115.08000183105469,98.97389221191406,8364000
2021-09-30,115.22000122070312,99.09427642822266,7307900
2021-10-01,115.61000061035156,99.49882507324219,19830100
2021-10-04,115.47000122070312,99.37828063964844,7691800
2021-10-05,115.11000061035156,99.0684814453125,6861900
2021-10-06,115.13999938964844,99.09426879882812,7473500
2021-10-07,114.68000030517578,98.69840240478516,8160200
2021-10-08,114.43000030517578,98.48326110839844,9455100
2021-10-11,114.1500015258789,98.24227905273438,2261300
2021-10-12,114.66999816894531,98.68976593017578,7938400
2021-10-13,114.88999938964844,98.8791275024414,11662400
2021-10-14,115.16000366210938,99.11149597167969,9518200
2021-10-15,114.58999633789062,98.62095642089844,8689700
2021-10-18,114.43000030517578,98.48326110839844,8703300
2021-10-19,114.0199966430664,98.13037872314453,7445200
2021-10-20,113.97000122070312,98.08735656738281,6230000
2021-10-21,113.66999816894531,97.82913208007812,7103900
2021-10-22,113.95999908447266,98.0787582397461,10204600
2021-10-25,114.0999984741211,98.19924926757812,4835000
2021-10-26,114.23999786376953,98.31969451904297,5603100
2021-10-27,114.87999725341797,98.87052154541016,16140300
2021-10-28,114.58000183105469,98.6123275756836,9940400
2021-10-29,114.62999725341797,98.65538787841797,11254300
2021-11-01,114.54000091552734,98.64765930175781,14479000
2021-11-02,114.81999969482422,98.88876342773438,12191100
2021-11-03,114.45999908447266,98.57872772216797,17031100
2021-11-04,115.08000183105469,99.11271667480469,12665400
2021-11-05,115.70999908447266,99.65528869628906,12955100
2021-11-08,115.20999908447266,99.22467041015625,7404300
2021-11-09,115.73999786376953,99.68110656738281,12345400
2021-11-10,114.75,98.82848358154297,19425100
2021-11-11,114.37999725341797,98.50979614257812,3746100
2021-11-12,114.62000274658203,98.71652221679688,10613400
2021-11-15,114.16999816894531,98.3289566040039,8021400
2021-11-16,114.06999969482422,98.24281311035156,6573700
2021-11-17,114.4800033569336,98.59593200683594,10006200
2021-11-18,114.55000305175781,98.6562271118164,10183400
2021-11-19,114.86000061035156,98.9231948852539,10731600
2021-11-22,114.0199966430664,98.19977569580078,10876200
2021-11-23,113.55000305175781,97.79499053955078,11543700
2021-11-24,113.9000015258789,98.09642791748047,8322900
2021-11-26,115.37000274658203,99.36244201660156,13878500
2021-11-29,115.11000061035156,99.13855743408203,13908200
2021-11-30,115.80000305175781,99.7328109741211,19416800
2021-12-01,115.93000030517578,99.92070770263672,24991000
2021-12-02,115.68000030517578,99.70521545410156,11448900
2021-12-03,116.36000061035156,100.29132080078125,19790900
2021-12-06,115.77999877929688,99.79138946533203,9863200
2021-12-07,115.33999633789062,99.41217803955078,7678400
2021-12-08,114.97000122070312,99.0932846069336,11126500
2021-12-09,115.26000213623047,99.34320831298828,9198400
2021-12-10,115.33999633789062,99.41217803955078,5051500
2021-12-13,115.88999938964844,99.88622283935547,5706900
2021-12-14,115.69000244140625,99.71385955810547,4749500
2021-12-15,115.5199966430664,99.56733703613281,8428000
2021-12-16,115.75,99.857177734375,9085400
2021-12-17,116.01000213623047,100.08151245117188,7933100
2021-12-20,115.91000366210938,99.99520874023438,13772100
2021-12-21,115.44999694824219,99.59835815429688,7672800
2021-12-22,115.55999755859375,99.6932601928711,5538200
2021-12-23,115.31999969482422,99.48624420166016,7209700
2021-12-27,115.36000061035156,99.52070617675781,3471800
2021-12-28,115.33999633789062,99.50348663330078,8314500
2021-12-29,114.75,98.99449157714844,11879900
2021-12-30,115.12999725341797,99.32230377197266,10296000
2021-12-31,115.0,99.21015930175781,7584500
2022-01-03,113.93000030517578,98.2870864868164,27744600
2022-01-04,113.87000274658203,98.23532104492188,15911800
2022-01-05,113.38999938964844,97.82119750976562,13715700
2022-01-06,113.11000061035156,97.57970428466797,10957400
2022-01-07,112.73999786376953,97.26048278808594,13318200
2022-01-10,112.70999908447266,97.23458862304688,8430700
2022-01-11,112.9800033569336,97.46753692626953,8086500
2022-01-12,113.0,97.48477935791016,7996500
2022-01-13,113.36000061035156,97.79534149169922,8431100
2022-01-14,112.58000183105469,97.12245178222656,10595700
2022-01-18,111.7300033569336,96.3891372680664,11594100
2022-01-19,112.0,96.62203216552734,10349700
2022-01-20,112.23999786376953,96.82909393310547,8297300
2022-01-21,112.88999938964844,97.38990020751953,13250000
2022-01-24,112.79000091552734,97.3036117553711,22377400
2022-01-25,112.63999938964844,97.1741943359375,13534000
2022-01-26,111.83999633789062,96.48405456542969,12694700
2022-01-27,112.30999755859375,96.88948822021484,11609400
2022-01-28,112.56999969482422,97.11381530761719,6713500
2022-01-31,112.56999969482422,97.11381530761719,8258600
2022-02-01,112.30999755859375,96.9825439453125,16338700
2022-02-02,112.54000091552734,97.18116760253906,5997100
2022-02-03,112.05999755859375,96.76667785644531,8032600
2022-02-04,111.19999694824219,96.02401733398438,8616400
2022-02-07,111.2300033569336,96.04997253417969,10294700
2022-02-08,110.87000274658203,95.73908996582031,8111500
2022-02-09,111.0199966430664,95.86859893798828,10113400
2022-02-10,110.0,94.98779296875,16633900
2022-02-11,111.13999938964844,95.97223663330078,18315600
2022-02-14,110.37000274658203,95.30732727050781,11090000
2022-02-15,110.04000091552734,95.0223617553711,8490500
2022-02-16,110.2699966430664,95.22098541259766,9007700
2022-02-17,110.86000061035156,95.73038482666016,8749500
2022-02-18,111.22000122070312,96.04129028320312,8486800
2022-02-22,111.20999908447266,96.03268432617188,8392500
2022-02-23,110.62999725341797,95.53185272216797,7941800
2022-02-24,110.88999938964844,95.75635528564453,19162100
2022-02-25,110.86000061035156,95.73038482666016,8101900
2022-02-28,112.12000274658203,96.8184585571289,12291800
2022-03-01,113.11000061035156,97.7614517211914,28285600
2022-03-02,111.41000366210938,96.2921142578125,12303800
2022-03-03,111.88999938964844,96.70697021484375,12247400
2022-03-04,113.0,97.6663589477539,20102300
2022-03-07,112.5199966430664,97.25150299072266,13633200
2022-03-08,111.79000091552734,96.62055969238281,10819400
2022-03-09,111.0999984741211,96.024169921875,7932300
2022-03-10,110.58999633789062,95.58340454101562,11100100
2022-03-11,110.55999755859375,95.55744934082031,5567600
2022-03-14,109.16000366210938,94.34746551513672,8622500
2022-03-15,109.11000061035156,94.30422973632812,9294400
2022-03-16,108.95999908447266,94.17457580566406,12847300
2022-03-17,108.75,93.9930648803711,7215900
2022-03-18,109.06999969482422,94.26964569091797,7509200
2022-03-21,107.6500015258789,93.0423355102539,11003600
2022-03-22,107.05999755859375,92.53239440917969,7710300
2022-03-23,107.77999877929688,93.15470886230469,11222700
2022-03-24,107.18000030517578,92.63612365722656,11112300
2022-03-25,106.08000183105469,91.68538665771484,9055600
2022-03-28,106.31999969482422,91.89281463623047,12858500
2022-03-29,106.8499984741211,92.35089874267578,7539900
2022-03-30,107.2699966430664,92.71392059326172,6430100
2022-03-31,107.47000122070312,92.88676452636719,9147200
2022-04-01,106.6500015258789,92.28195190429688,10237000
2022-04-04,106.58000183105469,92.22136688232422,7372100
2022-04-05,105.30999755859375,91.12247467041016,9675600
2022-04-06,104.94000244140625,90.80229187011719,9054400
2022-04-07,104.68000030517578,90.57735443115234,5518900
2022-04-08,104.1500015258789,90.11873626708984,8091800
2022-04-11,103.6500015258789,89.68607330322266,7356400
2022-04-12,104.1500015258789,90.11873626708984,12211000
2022-04-13,104.37999725341797,90.3177490234375,6346100
2022-04-14,103.44000244140625,89.50438690185547,6158700
2022-04-18,103.13999938964844,89.24478912353516,4591500
2022-04-19,102.45999908447266,88.65641784667969,7004900
2022-04-20,103.26000213623047,89.34867095947266,7479300
2022-04-21,102.69000244140625,88.85543060302734,9137500
2022-04-22,102.73999786376953,88.89868927001953,5451600
2022-04-25,103.4000015258789,89.46977996826172,8617400
2022-04-26,104.08999633789062,90.06680297851562,9575400
2022-04-27,103.51000213623047,89.56497192382812,7908900
2022-04-28,103.36000061035156,89.4351577758789,6943500
2022-04-29,102.80999755859375,88.9592514038086,10012500
2022-05-02,101.91999816894531,88.29652404785156,11327000
2022-05-03,102.04000091552734,88.40048217773438,8129100
2022-05-04,102.69999694824219,88.97224426269531,11934700
2022-05-05,101.66999816894531,88.0799560546875,11675700
2022-05-06,101.08999633789062,87.57746887207031,12538400
2022-05-09,101.83999633789062,88.2271957397461,7301200
2022-05-10,102.18000030517578,88.52175903320312,8054600
2022-05-11,102.80999755859375,89.0675277709961,7167900
2022-05-12,103.1500015258789,89.36209869384766,8132400
2022-05-13,102.61000061035156,88.89429473876953,6016900
2022-05-16,103.04000091552734,89.26681518554688,3315600
2022-05-17,102.26000213623047,88.5910873413086,4286800
2022-05-18,102.98999786376953,89.2234878540039,4465500
2022-05-19,103.36000061035156,89.54402923583984,5137600
2022-05-20,103.83999633789062,89.95988464355469,5908800
2022-05-23,103.20999908447266,89.41407775878906,5720600
2022-05-24,104.0999984741211,90.18512725830078,6786600
2022-05-25,104.30999755859375,90.36702728271484,4274500
2022-05-26,104.26000213623047,90.32374572753906,3478900
2022-05-27,104.41000366210938,90.45370483398438,2508200
2022-05-31,103.31999969482422,89.50936889648438,6773200
2022-06-01,102.61000061035156,89.00541687011719,5555900
2022-06-02,102.76000213623047,89.13552856445312,3014300
2022-06-03,102.55999755859375,88.9620361328125,2687800
2022-06-06,101.79000091552734,88.29415130615234,4800600
2022-06-07,102.19999694824219,88.64979553222656,3230000
2022-06-08,101.81999969482422,88.32013702392578,2917900
2022-06-09,101.7300033569336,88.24208068847656,4178600
2022-06-10,100.7300033569336,87.3746566772461,4443400
2022-06-13,98.94000244140625,85.8219985961914,9200800
2022-06-14,98.1500015258789,85.13671875,7829800
2022-06-15,99.5199966430664,86.3250961303711,10256200
2022-06-16,100.16999816894531,86.88892364501953,9168800
2022-06-17,100.19999694824219,86.91492462158203,7029700
2022-06-21,99.68000030517578,86.46387481689453,10342000
2022-06-22,100.94000244140625,87.55683898925781,9501900
2022-06-23,101.51000213623047,88.05123901367188,9247200
2022-06-24,101.1500015258789,87.73900604248047,5127000
2022-06-27,100.58000183105469,87.24456787109375,5439400
2022-06-28,100.70999908447266,87.3573226928711,3763300
2022-06-29,101.5199966430664,88.05992126464844,3559600
2022-06-30,102.30000305175781,88.73651123046875,5409500
2022-07-01,103.23999786376953,89.68775939941406,63222900
2022-07-05,103.62000274658203,90.01790618896484,6651400
2022-07-06,102.73999786376953,89.25340270996094,4754700
2022-07-07,102.11000061035156,88.70609283447266,4058100
2022-07-08,101.48999786376953,88.16749572753906,3664900
2022-07-11,102.29000091552734,88.86248016357422,2765700
2022-07-12,102.52999877929688,89.07097625732422,3669200
2022-07-13,102.97000122070312,89.45323181152344,6809400
2022-07-14,102.4000015258789,88.95804595947266,5370400
2022-07-15,102.75,89.26209259033203,3834000
2022-07-18,102.44999694824219,89.00148010253906,3150700
2022-07-19,101.9800033569336,88.59317779541016,2996100
2022-07-20,101.87999725341797,88.50627136230469,53057500
2022-07-21,103.04000091552734,89.5140609741211,5344300
2022-07-22,104.22000122070312,90.53913116455078,7747100
2022-07-25,103.8499984741211,90.21769714355469,2994500
2022-07-26,103.88999938964844,90.25241088867188,4736300
2022-07-27,104.0999984741211,90.43488311767578,7475300
2022-07-28,105.12999725341797,91.32966613769531,5768100
2022-07-29,105.16999816894531,91.36444091796875,5961100
2022-08-01,105.5999984741211,91.89872741699219,9672400
2022-08-02,104.13999938964844,90.628173828125,9269700
2022-08-03,104.56999969482422,91.00242614746094,7829500
2022-08-04,105.0999984741211,91.46363830566406,9873200
2022-08-05,103.58000183105469,90.14086151123047,10047200
2022-08-08,104.19000244140625,90.67169189453125,6681300
2022-08-09,103.87999725341797,90.40190887451172,3814700
2022-08-10,103.94000244140625,90.4541244506836,7260300
2022-08-11,103.25,89.8536605834961,8309300
2022-08-12,103.66000366210938,90.21049499511719,4128600
2022-08-15,103.98999786376953,90.49761962890625,3441100
2022-08-16,103.87000274658203,90.39321899414062,3241800
2022-08-17,103.16999816894531,89.78407287597656,6366700
2022-08-18,103.37000274658203,89.95809173583984,3709200
2022-08-19,102.4800033569336,89.18356323242188,6678000
2022-08-22,102.02999877929688,88.79195404052734,4125800
2022-08-23,101.77999877929688,88.57440185546875,7755000
2022-08-24,101.44000244140625,88.27850341796875,3504600
2022-08-25,102.08999633789062,88.84416961669922,6645300
2022-08-26,101.97000122070312,88.73973846435547,5535900
2022-08-29,101.38999938964844,88.23500061035156,4416900
2022-08-30,101.36000061035156,88.20890045166016,4474200
2022-08-31,100.94000244140625,87.84339904785156,5797600
2022-09-01,99.95999908447266,87.14506530761719,10324200
2022-09-02,100.5199966430664,87.6332778930664,5741900
2022-09-06,99.4000015258789,86.65686798095703,6769400
2022-09-07,100.05000305175781,87.22356414794922,7169700
2022-09-08,99.68000030517578,86.90098571777344,5773600
2022-09-09,99.69000244140625,86.90968322753906,5780600
2022-09-12,99.44999694824219,86.700439453125,4034200
2022-09-13,98.88999938964844,86.21220397949219,5100500
2022-09-14,98.94000244140625,86.25585174560547,3866600
2022-09-15,98.5999984741211,85.95941925048828,4622600
2022-09-16,98.68000030517578,86.02916717529297,4718200
2022-09-19,98.4000015258789,85.78509521484375,3879000
2022-09-20,97.79000091552734,85.25325012207031,4869100
2022-09-21,98.18000030517578,85.59325408935547,5414900
2022-09-22,96.69999694824219,84.3030014038086,6662400
2022-09-23,96.81999969482422,84.40760040283203,7630600
2022-09-26,95.20999908447266,83.0040283203125,8015500
2022-09-27,94.55999755859375,82.4373550415039,8668400
2022-09-28,96.69000244140625,84.2942886352539,8471700
2022-09-29,96.23999786376953,83.90196990966797,6056500
2022-09-30,95.98999786376953,83.68402099609375,8847200
2022-10-03,96.94000244140625,84.67720031738281,10579900
2022-10-04,97.13999938964844,84.85189819335938,7361400
2022-10-05,96.22000122070312,84.04826354980469,8603700
2022-10-06,95.69000244140625,83.5853042602539,11298400
2022-10-07,95.22000122070312,83.1747817993164,5085300
2022-10-10,94.66000366210938,82.68560791015625,3829100
2022-10-11,94.9000015258789,82.895263671875,5498500
2022-10-12,95.20999908447266,83.16604614257812,5847400
2022-10-13,94.80999755859375,82.81660461425781,6220100
2022-10-14,94.27999877929688,82.35368347167969,5886200
2022-10-17,94.37999725341797,82.44103240966797,3215200
2022-10-18,94.62000274658203,82.65069580078125,4006600
2022-10-19,93.62999725341797,81.7859115600586,5762600
2022-10-20,92.93000030517578,81.17444610595703,5738400
2022-10-21,93.13999938964844,81.35789489746094,7528500
2022-10-24,93.0199966430664,81.25305938720703,6210800
2022-10-25,94.18000030517578,82.26632690429688,6301500
2022-10-26,94.66000366210938,82.68560791015625,6692700
2022-10-27,95.33000183105469,83.27086639404297,7238100
2022-10-28,94.83999633789062,82.84281158447266,5659800
2022-10-31,94.41000366210938,82.46723937988281,4586900
2022-11-01,94.19000244140625,82.45236206054688,6066400
2022-11-02,94.02999877929688,82.31229400634766,7581400
2022-11-03,93.62000274658203,81.9533920288086,8403900
2022-11-04,93.41999816894531,81.77830505371094,5287000
2022-11-07,93.08999633789062,81.48946380615234,4289300
2022-11-08,93.70999908447266,82.03215789794922,4679200
2022-11-09,94.02999877929688,82.31229400634766,3658100
2022-11-10,96.13999938964844,84.1593246459961,9608300
2022-11-11,95.94000244140625,83.98429870605469,2840200
2022-11-14,95.70999908447266,83.78290557861328,4130800
2022-11-15,96.41999816894531,84.40445709228516,6841600
2022-11-16,97.12999725341797,85.02596282958984,6140100
2022-11-17,96.47000122070312,84.44821166992188,5986800
2022-11-18,96.12999725341797,84.15060424804688,3102100
2022-11-21,96.06999969482422,84.09807586669922,4477700
2022-11-22,96.62000274658203,84.57950592041016,5532800
2022-11-23,97.13999938964844,85.03472137451172,5236500
2022-11-25,97.11000061035156,85.00849914550781,1345400
2022-11-28,97.1500015258789,85.04348754882812,4218400
2022-11-29,96.73999786376953,84.68458557128906,3356600
2022-11-30,97.61000061035156,85.44617462158203,7127100
2022-12-01,98.4800033569336,86.37944793701172,17629100
2022-12-02,98.68000030517578,86.55486297607422,5783700
2022-12-05,97.68000030517578,85.67774200439453,6295800
2022-12-06,98.27999877929688,86.20401000976562,5745500
2022-12-07,99.13999938964844,86.95833587646484,5386200
2022-12-08,98.58000183105469,86.4671401977539,5325800
2022-12-09,97.8499984741211,85.82682800292969,4343100
2022-12-12,97.70999908447266,85.70404052734375,5192200
2022-12-13,98.58999633789062,86.47590637207031,7856600
2022-12-14,98.86000061035156,86.71273803710938,6533200
2022-12-15,98.86000061035156,86.88147735595703,4344200
2022-12-16,98.61000061035156,86.66179656982422,4432800
2022-12-19,97.80999755859375,85.95868682861328,3951100
2022-12-20,97.0999984741211,85.334716796875,4199800
2022-12-21,97.22000122070312,85.44019317626953,4406600
2022-12-22,97.19000244140625,85.41383361816406,2143100
2022-12-23,96.75,85.0271224975586,3164900
2022-12-27,95.94000244140625,84.3153076171875,4780800
2022-12-28,95.70999908447266,84.1131362915039,3161200
2022-12-29,96.18000030517578,84.52619171142578,4021800
2022-12-30,95.77999877929688,84.1746597290039,5043800
2023-01-03,96.52999877929688,84.83378601074219,6808300
2023-01-04,97.2699966430664,85.484130859375,7800100
2023-01-05,97.12999725341797,85.36106872558594,3177900
2023-01-06,98.37999725341797,86.4596176147461,6807700
2023-01-09,98.62999725341797,86.67935180664062,4988000
2023-01-10,98.01000213623047,86.13443756103516,4026900
2023-01-11,98.63999938964844,86.68812561035156,7118700
2023-01-12,99.5199966430664,87.46147155761719,5768000
2023-01-13,98.98999786376953,86.9957275390625,5573500
2023-01-17,98.68000030517578,86.72330474853516,3709000
2023-01-18,100.0199966430664,87.90090942382812,7926400
2023-01-19,99.83000183105469,87.73392486572266,4234100
2023-01-20,99.16999816894531,87.15390014648438,8822700
2023-01-23,98.8499984741211,86.87268829345703,4334900
2023-01-24,99.41999816894531,87.37361907958984,3540300
2023-01-25,99.52999877929688,87.47029876708984,2924700
2023-01-26,99.16999816894531,87.15390014648438,2875400
2023-01-27,99.0199966430664,87.0220947265625,5524100
2023-01-30,98.70999908447266,86.74964904785156,2584600
2023-01-31,99.20999908447266,87.18905639648438,4856400
2023-02-01,99.70999908447266,87.81615447998047,20159100
2023-02-02,99.66999816894531,87.78092956542969,5823000
2023-02-03,98.5999984741211,86.83853912353516,5267000
2023-02-06,97.75,86.08990478515625,5500400
2023-02-07,97.51000213623047,85.8785629272461,5678900
2023-02-08,97.87000274658203,86.19562530517578,6137600
2023-02-09,97.43000030517578,85.80811309814453,7358300
2023-02-10,96.95999908447266,85.39418029785156,5290000
2023-02-13,97.19000244140625,85.59673309326172,17262300
2023-02-14,96.75,85.2092056274414,7133600
2023-02-15,96.45999908447266,84.95379638671875,4964700
2023-02-16,96.13999938964844,84.67196655273438,27126400
2023-02-17,96.41000366210938,84.90977478027344,4540500
2023-02-21,95.36000061035156,83.98503112792969,11382100
2023-02-22,95.52999877929688,84.1347427368164,30136400
2023-02-23,95.9000015258789,84.46062469482422,7059800
2023-02-24,95.31999969482422,83.9498062133789,10757200
2023-02-27,95.61000061035156,84.2052001953125,3693200
2023-02-28,95.76000213623047,84.3373031616211,4690000
2023-03-01,94.80000305175781,83.6630630493164,8328600
2023-03-02,94.41000366210938,83.31886291503906,12952800
2023-03-03,95.16999816894531,83.98960876464844,5696900
2023-03-06,95.0,83.83958435058594,3766400
2023-03-07,95.01000213623047,83.84839630126953,5053300
2023-03-08,94.9800033569336,83.82190704345703,5163500
2023-03-09,95.56999969482422,84.34261322021484,12498800
2023-03-10,97.33000183105469,85.8958511352539,11041300
2023-03-13,98.51000213623047,86.93721008300781,23930600
2023-03-14,97.58000183105469,86.1164779663086,47886700
2023-03-15,98.98999786376953,87.36083984375,25157400
2023-03-16,98.0999984741211,86.57540893554688,13961000
2023-03-17,99.26000213623047,87.59912109375,12293700
2023-03-20,98.86000061035156,87.24610137939453,7982400
2023-03-21,98.0,86.48715209960938,9851600
2023-03-22,99.29000091552734,87.62557220458984,10705200
2023-03-23,99.86000061035156,88.12862396240234,7118800
2023-03-24,99.88999938964844,88.15510559082031,9135800
2023-03-27,98.66000366210938,87.06961822509766,8284400
2023-03-28,98.5999984741211,87.01664733886719,13324800
2023-03-29,98.43000030517578,86.86661529541016,13404700
2023-03-30,98.58000183105469,86.99899291992188,4157500
2023-03-31,99.12000274658203,87.47555541992188,6330100
2023-04-03,99.38999938964844,87.88762664794922,7226600
2023-04-04,100.02999877929688,88.45356750488281,6763200
2023-04-05,100.44999694824219,88.82496643066406,6257100
2023-04-06,100.4800033569336,88.85148620605469,4264700
2023-04-10,99.48999786376953,87.9760513305664,6025100
2023-04-11,99.44999694824219,87.94068908691406,5459000
2023-04-12,99.73999786376953,88.19712829589844,5857200
2023-04-13,99.41000366210938,87.90531921386719,39858200
2023-04-14,98.91999816894531,87.47200775146484,4968500
2023-04-17,98.29000091552734,86.9149169921875,5681000
2023-04-18,98.44999694824219,87.056396484375,5061300
2023-04-19,98.23999786376953,86.87071990966797,4648100
2023-04-20,98.80999755859375,87.37474060058594,4608000
2023-04-21,98.56999969482422,87.16254425048828,5948100
2023-04-24,99.05000305175781,87.58695983886719,5143700
2023-04-25,100.02999877929688,88.45356750488281,13076800
2023-04-26,99.63999938964844,88.10868072509766,5903000
2023-04-27,98.98999786376953,87.53392791748047,5065800
2023-04-28,99.7300033569336,88.18828582763672,8525900
2023-05-01,98.31999969482422,87.15033721923828,17442000
2023-05-02,99.5999984741211,88.28489685058594,8540700
2023-05-03,100.25,88.86102294921875,9534800
2023-05-04,100.2300033569336,88.84332275390625,12014100
2023-05-05,99.69000244140625,88.36466979980469,11254400
2023-05-08,99.08000183105469,87.82395935058594,7022400
2023-05-09,98.95999908447266,87.71759796142578,7317200
2023-05-10,99.69999694824219,88.37351989746094,9930800
2023-05-11,100.06999969482422,88.70149993896484,5979600
2023-05-12,99.47000122070312,88.1696548461914,5107300
2023-05-15,99.25,87.97464752197266,4459100
2023-05-16,98.93000030517578,87.6910171508789,7194000
2023-05-17,98.61000061035156,87.40736389160156,5542600
2023-05-18,98.0,86.86666870117188,9448900
2023-05-19,97.62999725341797,86.5386734008789,12923500
2023-05-22,97.44999694824219,86.37913513183594,7034700
2023-05-23,97.61000061035156,86.52096557617188,8264200
2023-05-24,97.36000061035156,86.29937744140625,7415400
2023-05-25,96.75,85.7586898803711,11647700
2023-05-26,96.93000030517578,85.918212890625,7408900
2023-05-30,97.69000244140625,86.59187316894531,7883000
2023-05-31,98.05999755859375,86.91983795166016,10817900
2023-06-01,98.0999984741211,87.16153717041016,18161600
2023-06-02,97.31999969482422,86.46847534179688,7585400
2023-06-05,97.29000091552734,86.44182586669922,6243100
2023-06-06,97.3499984741211,86.49516296386719,3986200
2023-06-07,96.63999938964844,85.86433410644531,8226600
2023-06-08,97.29000091552734,86.44182586669922,5841900
2023-06-09,96.94000244140625,86.1308364868164,6421900
2023-06-12,97.0999984741211,86.27303314208984,5261700
2023-06-13,96.41000366210938,85.65995025634766,9173500
2023-06-14,96.54000091552734,85.77545166015625,7704400
2023-06-15,97.29000091552734,86.44182586669922,5959100
2023-06-16,96.87000274658203,86.06867980957031,6538100
2023-06-20,97.16000366210938,86.32633972167969,5477300
2023-06-21,97.25,86.40629577636719,5119600
2023-06-22,96.69999694824219,85.91763305664062,4102100
2023-06-23,97.0999984741211,86.27303314208984,4112100
2023-06-26,97.33999633789062,86.48625946044922,2976600
2023-06-27,97.0,86.18415832519531,4752500
2023-06-28,97.38999938964844,86.53067016601562,5257300
2023-06-29,96.38999938964844,85.64221954345703,8268700
2023-06-30,96.5999984741211,85.8287582397461,7450600
2023-07-03,95.94999694824219,85.45649719238281,4687100
2023-07-05,95.48999786376953,85.04680633544922,10181200
2023-07-06,94.70999908447266,84.35209655761719,9285100
2023-07-07,94.58999633789062,84.24522399902344,6577600
2023-07-10,95.08000183105469,84.6816177368164,6622700
2023-07-11,95.27999877929688,84.8597640991211,6327100
2023-07-12,96.20999908447266,85.68806457519531,8255100
2023-07-13,97.01000213623047,86.40055084228516,9742600
2023-07-14,96.52999877929688,85.97305297851562,7491100
2023-07-17,96.69000244140625,86.11555480957031,3182400
2023-07-18,96.80000305175781,86.21353149414062,3626500
2023-07-19,97.12999725341797,86.50746154785156,5059300
2023-07-20,96.36000061035156,85.82167053222656,9486600
2023-07-21,96.44000244140625,85.89289093017578,4560100
2023-07-24,96.20999908447266,85.68806457519531,7451100
2023-07-25,96.02999877929688,85.52774047851562,4079300
2023-07-26,96.36000061035156,85.82167053222656,4880100
2023-07-27,95.30999755859375,84.88648223876953,8522800
2023-07-28,95.62000274658203,85.1625747680664,5794100
2023-07-31,95.73999786376953,85.26947021484375,6347000
2023-08-01,94.94000244140625,84.77120971679688,7714000
2023-08-02,94.75,84.60157012939453,8009200
2023-08-03,94.05000305175781,83.97655487060547,11057900
2023-08-04,95.05000305175781,84.86943817138672,10189900
2023-08-07,94.81999969482422,84.6640625,4007400
2023-08-08,95.30000305175781,85.09268951416016,5401400
2023-08-09,95.36000061035156,85.14623260498047,5317200
2023-08-10,94.62999725341797,84.49441528320312,8462100
2023-08-11,94.12999725341797,84.04796600341797,5915000
2023-08-14,93.9800033569336,83.91405487060547,6218400
2023-08-15,93.80000305175781,83.7533187866211,9602600
2023-08-16,93.44000244140625,83.431884765625,7199600
2023-08-17,93.31999969482422,83.32473754882812,9858300
2023-08-18,93.5999984741211,83.57472229003906,7510500
2023-08-21,93.0199966430664,83.05685424804688,10864000
2023-08-22,93.05999755859375,83.09258270263672,6330500
2023-08-23,94.06999969482422,83.99439239501953,8550500
2023-08-24,93.72000122070312,83.6818618774414,5735800
2023-08-25,93.69000244140625,83.65510559082031,7895700
2023-08-28,93.94999694824219,83.88726806640625,3301700
2023-08-29,94.62000274658203,84.48550415039062,7064200
2023-08-30,94.61000061035156,84.4765625,6346700
2023-08-31,94.80000305175781,84.6462173461914,6167300
2023-09-01,93.9800033569336,84.1288070678711,7746600
2023-09-05,93.41000366210938,83.61856079101562,4993400
2023-09-06,93.16999816894531,83.40371704101562,7344100
2023-09-07,93.48999786376953,83.69015502929688,7137500
2023-09-08,93.51000213623047,83.70807647705078,4648500
2023-09-11,93.3499984741211,83.56487274169922,4321700
2023-09-12,93.4800033569336,83.68119812011719,4998400
2023-09-13,93.58999633789062,83.7796630859375,6675400
2023-09-14,93.37999725341797,83.5916976928711,6421000
2023-09-15,93.08999633789062,83.33206939697266,9367700
2023-09-18,93.18000030517578,83.41265869140625,4622200
2023-09-19,92.83999633789062,83.1082763671875,7536800
2023-09-20,92.7699966430664,83.04562377929688,10751800
2023-09-21,92.08000183105469,82.42797088623047,8702500
2023-09-22,92.44000244140625,82.75022888183594,8637800
2023-09-25,91.76000213623047,82.14148712158203,11712000
2023-09-26,91.7300033569336,82.1146469116211,8281800
2023-09-27,91.31999969482422,81.74766540527344,10586100
2023-09-28,91.56999969482422,81.97142791748047,11654600
2023-09-29,91.58999633789062,81.98931121826172,13488300
2023-10-02,90.61000061035156,81.32427215576172,21010000
2023-10-03,89.86000061035156,80.65111541748047,21364700
2023-10-04,90.43000030517578,81.16268157958984,14054000
2023-10-05,90.5999984741211,81.31529235839844,11315900
2023-10-06,90.06999969482422,80.839599609375,12257100
2023-10-09,91.22000122070312,81.87174224853516,5816700
2023-10-10,91.04000091552734,81.71019744873047,11508300
2023-10-11,91.54000091552734,82.15894317626953,14815800
2023-10-12,90.66000366210938,81.36915588378906,12855900
2023-10-13,91.23999786376953,81.88970184326172,9872500
2023-10-16,90.69999694824219,81.40503692626953,7248000
2023-10-17,89.80999755859375,80.60624694824219,11191600
2023-10-18,89.38999938964844,80.22930145263672,13794200
2023-10-19,88.94999694824219,79.83435821533203,27116700
2023-10-20,89.47000122070312,80.30108642578125,12587100
2023-10-23,89.88999938964844,80.67803955078125,12365000
2023-10-24,90.05000305175781,80.8216552734375,10906000
2023-10-25,89.26000213623047,80.11260223388672,15170200
2023-10-26,89.94000244140625,80.72294616699219,15901300
2023-10-27,90.08000183105469,80.84856414794922,11628200
2023-10-30,89.77999877929688,80.57929229736328,11022500
2023-10-31,89.58999633789062,80.4087905883789,11574700
2023-11-01,90.37000274658203,81.33489227294922,22448900
2023-11-02,90.93000030517578,81.83891296386719,14046200
2023-11-03,91.62999725341797,82.46890258789062,23133700
2023-11-06,91.0999984741211,81.99192810058594,11246700
2023-11-07,91.62000274658203,82.45994567871094,13189400
2023-11-08,91.98999786376953,82.79296875,11117600
2023-11-09,91.08000183105469,81.97392272949219,17067900
2023-11-10,91.18000030517578,82.06393432617188,10674700
2023-11-13,91.12999725341797,82.01892852783203,8930200
2023-11-14,92.5,83.251953125,14313600
2023-11-15,91.77999877929688,82.60394287109375,12969400
2023-11-16,92.47000122070312,83.22498321533203,10375600
2023-11-17,92.52999877929688,83.2789535522461,8462000
2023-11-20,92.66000366210938,83.39596557617188,7481200
2023-11-21,92.77999877929688,83.50396728515625,9153300
2023-11-22,92.75,83.47697448730469,7255100
2023-11-24,92.2699966430664,83.04495239257812,4125800
2023-11-27,92.97000122070312,83.67497253417969,9539800
2023-11-28,93.37999725341797,84.04397583007812,13563300
2023-11-29,93.87000274658203,84.48500061035156,19075400
2023-11-30,93.41000366210938,84.07098388671875,18446700
2023-12-01,94.04000091552734,84.86419677734375,21393200
2023-12-04,93.6500015258789,84.51226806640625,16402000
2023-12-05,94.30999755859375,85.10787200927734,25452100
2023-12-06,94.69999694824219,85.45980072021484,14023400
2023-12-07,94.55999755859375,85.3334732055664,13730100
2023-12-08,93.94999694824219,84.78298950195312,13825300
2023-12-11,93.95999908447266,84.79200744628906,10484600
2023-12-12,94.16000366210938,84.97252655029297,7248000
2023-12-13,95.55999755859375,86.23588562011719,16155200
2023-12-14,96.06999969482422,86.9527359008789,32373200
2023-12-15,95.98999786376953,86.88033294677734,9407100
2023-12-18,95.77999877929688,86.69023895263672,8634100
2023-12-19,95.95999908447266,86.85315704345703,9047100
2023-12-20,96.43000030517578,87.27857971191406,12659100
2023-12-21,96.27999877929688,87.14280700683594,8939700
2023-12-22,96.19000244140625,87.06134033203125,4956400
2023-12-26,96.25,87.11564636230469,3342500
2023-12-27,97.0,87.79447174072266,7362400
2023-12-28,96.62999725341797,87.4595947265625,4858500
2023-12-29,96.38999938964844,87.24237823486328,7820500
2024-01-02,96.02999877929688,86.9165267944336,9444000
2024-01-03,96.26000213623047,87.12468719482422,11040500
2024-01-04,95.68000030517578,86.59974670410156,7354800
2024-01-05,95.33000183105469,86.282958984375,10001000
2024-01-08,95.6500015258789,86.57260131835938,7044700
2024-01-09,95.61000061035156,86.53640747070312,7360800
2024-01-10,95.45999908447266,86.40059661865234,9212700
2024-01-11,95.97000122070312,86.8622055053711,10305400
2024-01-12,96.2300033569336,87.0975570678711,8469600
2024-01-16,95.44999694824219,86.39155578613281,9847100
2024-01-17,95.13999938964844,86.1109848022461,9170700
2024-01-18,94.93000030517578,85.92092895507812,8910100
2024-01-19,94.94000244140625,85.92996978759766,17711100
2024-01-22,95.2300033569336,86.19244384765625,9831500
2024-01-23,94.98999786376953,85.9752197265625,6428600
2024-01-24,94.72000122070312,85.73085021972656,9718000
2024-01-25,95.12999725341797,86.10193634033203,11588100
2024-01-26,94.95999908447266,85.94806671142578,9134600
2024-01-29,95.52999877929688,86.4639892578125,6947500
2024-01-30,95.66000366210938,86.58164978027344,7265800
2024-01-31,96.45999908447266,87.30570220947266,15778300
2024-02-01,96.81999969482422,87.84648132324219,33372900
2024-02-02,95.55999755859375,86.70326232910156,13809200
2024-02-05,94.62999725341797,85.85944366455078,12147700
2024-02-06,95.13999938964844,86.32217407226562,9327000
2024-02-07,94.97000122070312,86.16792297363281,8619800
2024-02-08,94.66000366210938,85.88667297363281,7808000
2024-02-09,94.48999786376953,85.73242950439453,8492500
2024-02-12,94.58000183105469,85.81409454345703,7023600
2024-02-13,93.54000091552734,84.87049102783203,11978400
2024-02-14,93.88999938964844,85.18804168701172,8979600
2024-02-15,94.1500015258789,85.42393493652344,6788300
2024-02-16,93.73999786376953,85.05194091796875,7147400
2024-02-20,93.9000015258789,85.1971206665039,8286300
2024-02-21,93.5999984741211,84.92491912841797,6433900
2024-02-22,93.61000061035156,84.9339828491211,8688500
2024-02-23,94.04000091552734,85.32414245605469,6426700
2024-02-26,93.9000015258789,85.1971206665039,6417200
2024-02-27,93.69000244140625,85.00657653808594,7540600
2024-02-28,94.02999877929688,85.31507110595703,5293600
2024-02-29,94.22000122070312,85.48746490478516,11919200
2024-03-01,94.4000015258789,85.87772369384766,11857200
2024-03-04,94.19000244140625,85.68667602539062,6641600
2024-03-05,94.7699966430664,86.2143325805664,7673100
2024-03-06,95.0,86.42355346679688,9499200
2024-03-07,95.16000366210938,86.56910705566406,8420900
2024-03-08,95.2300033569336,86.63277435302734,8103600
2024-03-11,95.11000061035156,86.52359008789062,5568200
2024-03-12,94.72000122070312,86.16881561279297,6556500
2024-03-13,94.51000213623047,85.97779846191406,9708400
2024-03-14,93.80999755859375,85.34100341796875,10055900
2024-03-15,93.6500015258789,85.19544219970703,6591400
2024-03-18,93.54000091552734,85.09537506103516,5319700
2024-03-19,93.80999755859375,85.34100341796875,5470300
2024-03-20,94.02999877929688,85.54112243652344,10190800
2024-03-21,94.04000091552734,85.55023956298828,8271200
2024-03-22,94.5,85.96868133544922,6119800
2024-03-25,94.25,85.74125671386719,4488900
2024-03-26,94.38999938964844,85.86862182617188,5477600
2024-03-27,94.75,86.19612884521484,4838500
2024-03-28,94.66000366210938,86.11424255371094,7561400
2024-04-01,93.52999877929688,85.33507537841797,10854000
2024-04-02,93.33000183105469,85.15260314941406,7214900
2024-04-03,93.44000244140625,85.25294494628906,12908000
2024-04-04,93.76000213623047,85.544921875,6960500
2024-04-05,93.13999938964844,84.9792251586914,6334600
2024-04-08,92.93000030517578,84.78765106201172,7115100
2024-04-09,93.30000305175781,85.125244140625,5151100
2024-04-10,92.05999755859375,83.99386596679688,14993700
2024-04-11,91.93000030517578,83.8752670288086,9371400
2024-04-12,92.30999755859375,84.22197723388672,11675600
2024-04-15,91.72000122070312,83.68366241455078,12315300
2024-04-16,91.36000061035156,83.355224609375,12027200
2024-04-17,91.94000244140625,83.88438415527344,10515400
2024-04-18,91.62000274658203,83.5924301147461,6964500
2024-04-19,91.73999786376953,83.70189666748047,6125800
2024-04-22,91.75,83.71104431152344,4002900
2024-04-23,91.87000274658203,83.82051086425781,8319800
2024-04-24,91.58999633789062,83.5650634765625,7567400
2024-04-25,91.23999786376953,83.24573516845703,5784300
2024-04-26,91.48999786376953,83.47381591796875,5432600
2024-04-29,91.86000061035156,83.81139373779297,4846500
2024-04-30,91.43000030517578,83.41908264160156,7516700
2024-05-01,91.5199966430664,83.7494125366211,12392500
2024-05-02,91.94999694824219,84.14290618896484,8661500
2024-05-03,92.45999908447266,84.60961151123047,8501100
2024-05-06,92.54000091552734,84.68282318115234,4043400
2024-05-07,92.77999877929688,84.90245056152344,7776200
2024-05-08,92.5199966430664,84.66450500488281,9024000
2024-05-09,92.80000305175781,84.92074584960938,9625200
2024-05-10,92.5,84.64623260498047,3205000
2024-05-13,92.61000061035156,84.74687957763672,3228700
2024-05-14,92.87999725341797,84.99395751953125,4688800
2024-05-15,93.58000183105469,85.63451385498047,11384500
2024-05-16,93.4000015258789,85.46981048583984,4278400
2024-05-17,93.11000061035156,85.20440673828125,3883900
2024-05-20,92.97000122070312,85.0763168334961,4575900
2024-05-21,93.20999908447266,85.29593658447266,2669700
2024-05-22,93.08999633789062,85.18611145019531,3616300
2024-05-23,92.76000213623047,84.8841323852539,6005500
2024-05-24,92.87999725341797,84.99395751953125,3926400
2024-05-28,92.36000061035156,84.51810455322266,8761400
2024-05-29,91.91000366210938,84.10631561279297,10126800
2024-05-30,92.37000274658203,84.52722930908203,5069500
2024-05-31,92.80000305175781,84.92074584960938,4807400
2024-06-03,93.12999725341797,85.47692108154297,7675900
2024-06-04,93.63999938964844,85.94503021240234,8752000
2024-06-05,93.9800033569336,86.2571029663086,6466800
2024-06-06,93.94000244140625,86.2203598022461,5849400
2024-06-07,92.94999694824219,85.31172180175781,7125100
2024-06-10,92.75,85.128173828125,3938900
2024-06-11,93.23999786376953,85.5779037475586,3954700
2024-06-12,93.76000213623047,86.05517578125,9243200
2024-06-13,94.37999725341797,86.62422180175781,6529900
2024-06-14,94.5999984741211,86.82614135742188,5424600
2024-06-17,94.16000366210938,86.42230987548828,4957200
2024-06-18,94.56999969482422,86.79859924316406,5232600
2024-06-20,94.33000183105469,86.57832336425781,3573100
2024-06-21,94.3499984741211,86.59667205810547,6908700
2024-06-24,94.43000030517578,86.67012786865234,5276000
2024-06-25,94.51000213623047,86.7435531616211,3790100
2024-06-26,93.94000244140625,86.2203598022461,4196400
2024-06-27,94.1500015258789,86.41314697265625,4946600
2024-06-28,93.6500015258789,85.95421600341797,6032400
2024-07-01,92.66999816894531,85.31436157226562,13662800
2024-07-02,93.0199966430664,85.6365737915039,8195700
2024-07-03,93.63999938964844,86.2073745727539,3861000
2024-07-05,94.16000366210938,86.68611907958984,5111500
2024-07-08,94.19000244140625,86.71371459960938,5294600
2024-07-09,94.05999755859375,86.59404754638672,3006900
2024-07-10,94.1500015258789,86.67689514160156,4076600
2024-07-11,94.75,87.22930145263672,9658400
2024-07-12,94.94999694824219,87.41340637207031,4304500
2024-07-15,94.6500015258789,87.13722229003906,3754500
2024-07-16,95.06999969482422,87.52388000488281,4705800
2024-07-17,95.1500015258789,87.59754180908203,5113500
2024-07-18,94.87999725341797,87.34896087646484,8640600
2024-07-19,94.58000183105469,87.07276153564453,5274400
2024-07-22,94.48999786376953,86.98992156982422,3869800
2024-07-23,94.55999755859375,87.05435943603516,5095600
2024-07-24,94.3499984741211,86.86102294921875,4733500
2024-07-25,94.55999755859375,87.05435943603516,4335600
2024-07-26,95.01000213623047,87.4686508178711,5217500
2024-07-29,95.16999816894531,87.61595153808594,6165600
2024-07-30,95.37000274658203,87.8000717163086,4419200
2024-07-31,96.06999969482422,88.44450378417969,10982900
2024-08-01,96.19000244140625,88.82217407226562,10492600
2024-08-02,97.68000030517578,90.19805908203125,18286500
2024-08-05,97.77999877929688,90.29039001464844,19098200
2024-08-06,96.91000366210938,89.48703002929688,9507000
2024-08-07,96.55999755859375,89.16384887695312,8419700
2024-08-08,96.2699966430664,88.89604187011719,4856100
2024-08-09,96.66000366210938,89.25619506835938,5174900
2024-08-12,96.93000030517578,89.50550079345703,4166400
2024-08-13,97.36000061035156,89.90254974365234,6458700
2024-08-14,97.48999786376953,90.02257537841797,4275700
2024-08-15,96.87999725341797,89.4593276977539,5507000
2024-08-16,97.06999969482422,89.63478088378906,4437000
2024-08-19,97.19999694824219,89.75480651855469,4437600
2024-08-20,97.58999633789062,90.11495208740234,4886000
2024-08-21,97.79000091552734,90.29961395263672,5386000
2024-08-22,97.33999633789062,89.88408660888672,4819500
2024-08-23,97.79000091552734,90.29961395263672,5475400
2024-08-26,97.66999816894531,90.18881225585938,3062400
2024-08-27,97.62999725341797,90.1518783569336,4433700
2024-08-28,97.58000183105469,90.10570526123047,8147000
2024-08-29,97.41000366210938,89.94873809814453,6199800
2024-08-30,97.06999969482422,89.63478088378906,4802600
2024-09-03,97.41999816894531,90.22565460205078,8232700
2024-09-04,97.98999786376953,90.75354766845703,9914900
2024-09-05,98.22000122070312,90.96658325195312,33635000
2024-09-06,98.36000061035156,91.09626007080078,17777600
2024-09-09,98.5,91.22589874267578,8532500
2024-09-10,98.91999816894531,91.61488342285156,7921400
2024-09-11,98.8499984741211,91.55006408691406,7286200
2024-09-12,98.69000244140625,91.40186309814453,5929800
2024-09-13,98.87999725341797,91.57783508300781,5305500
2024-09-16,99.13999938964844,91.8186264038086,6666900
2024-09-17,98.95999908447266,91.65193939208984,7807000
2024-09-18,98.52999877929688,91.25369262695312,8584500
2024-09-19,98.44999694824219,91.17959594726562,16770800
2024-09-20,98.41999816894531,91.15180206298828,6580600
2024-09-23,98.36000061035156,91.09626007080078,7491700
2024-09-24,98.47000122070312,91.1981201171875,6580800
2024-09-25,98.06999969482422,90.82765197753906,10455100
2024-09-26,98.0,90.76282501220703,8026500
2024-09-27,98.38999938964844,91.12401580810547,6207700
2024-09-30,98.12000274658203,90.87398529052734,8902400
2024-10-01,98.19000244140625,91.20463562011719,11665600
2024-10-02,97.91000366210938,90.9445571899414,7742100
2024-10-03,97.41000366210938,90.48014831542969,11556100
2024-10-04,96.47000122070312,89.60699462890625,8878300
2024-10-07,96.12000274658203,89.28189849853516,10152600
2024-10-08,96.19999694824219,89.35620880126953,5975200
2024-10-09,95.83999633789062,89.0218276977539,6769200
2024-10-10,95.83000183105469,89.0125503540039,5959000
2024-10-11,95.86000061035156,89.0404052734375,5394100
2024-10-14,95.69000244140625,88.88249969482422,3850900
2024-10-15,96.18000030517578,89.33763885498047,7736900
2024-10-16,96.33000183105469,89.47696685791016,5041100
2024-10-17,95.83000183105469,89.0125503540039,5460200
2024-10-18,95.94000244140625,89.1147232055664,5174700
2024-10-21,95.19999694824219,88.42736053466797,6633600
2024-10-22,95.11000061035156,88.34376525878906,5433900
2024-10-23,94.88999938964844,88.139404296875,6914300
2024-10-24,95.0999984741211,88.33445739746094,5486300
2024-10-25,94.88999938964844,88.139404296875,6455300
2024-10-28,94.66999816894531,87.9350357055664,5447300
2024-10-29,94.70999908447266,87.97221374511719,8475400
2024-10-30,94.56999969482422,87.8421630859375,6341100
2024-10-31,94.5199966430664,87.79571533203125,8662900
2024-11-01,93.66999816894531,87.27582550048828,15659500
2024-11-04,94.16999816894531,87.74168395996094,8179300
2024-11-05,94.22000122070312,87.78826141357422,8118500
2024-11-06,93.25,86.88448333740234,15261400
2024-11-07,94.0,87.58329010009766,15674000
2024-11-08,94.19999694824219,87.76964569091797,12335300
2024-11-11,93.94000244140625,87.52738952636719,3980000
2024-11-12,93.3499984741211,86.97765350341797,8037600
2024-11-13,93.29000091552734,86.9217529296875,6661800
2024-11-14,93.27999877929688,86.91244506835938,7510000
2024-11-15,93.31999969482422,86.94972229003906,16761500
2024-11-18,93.52999877929688,87.1453857421875,4788200
2024-11-19,93.7300033569336,87.33171844482422,4951500
2024-11-20,93.58999633789062,87.20127868652344,5752900
2024-11-21,93.54000091552734,87.15470886230469,5098200
2024-11-22,93.5999984741211,87.21060180664062,5373900
2024-11-25,94.61000061035156,88.15166473388672,7716000
2024-11-26,94.41000366210938,87.96532440185547,5093100
2024-11-27,94.79000091552734,88.31937408447266,5587600
2024-11-29,95.19000244140625,88.69205474853516,5136200
2024-12-02,94.88999938964844,88.6845932006836,5950600
2024-12-03,94.62000274658203,88.43225860595703,5364800
2024-12-04,94.9800033569336,88.7686996459961,5908800
2024-12-05,94.97000122070312,88.75935363769531,5210300
2024-12-06,95.2699966430664,89.03972625732422,6880200
2024-12-09,94.94000244140625,88.73133087158203,4303100
2024-12-10,94.7699966430664,88.57244110107422,3543400
2024-12-11,94.48999786376953,88.31072235107422,6452800
2024-12-12,94.12999725341797,87.97428131103516,4518000
2024-12-13,93.69000244140625,87.56306457519531,5230100
2024-12-16,93.72000122070312,87.59111022949219,4607600
2024-12-17,93.72000122070312,87.59111022949219,4881100
2024-12-18,92.69000244140625,86.91409301757812,11553900
2024-12-19,92.2699966430664,86.52025604248047,9273800
2024-12-20,92.61000061035156,86.8390884399414,6070900
2024-12-23,92.19999694824219,86.4546127319336,5954500
2024-12-24,92.25,86.50149536132812,3076100
2024-12-26,92.31999969482422,86.567138671875,3703300
2024-12-27,92.08000183105469,86.34210205078125,3752500
2024-12-30,92.62000274658203,86.84844970703125,4797700
2024-12-31,92.44999694824219,86.68902587890625,5856000
2025-01-02,92.5,86.73591613769531,5034800
2025-01-03,92.3499984741211,86.59528350830078,2863700
2025-01-06,92.26000213623047,86.51089477539062,3894600
2025-01-07,91.83999633789062,86.11705780029297,5524400
2025-01-08,92.0,86.26708221435547,6402900
2025-01-10,91.33000183105469,85.63883972167969,8210900
2025-01-13,91.16999816894531,85.48880004882812,5094300
2025-01-14,91.19999694824219,85.51692199707031,4365500
2025-01-15,92.16000366210938,86.41709899902344,7846600
2025-01-16,92.37999725341797,86.62340545654297,7550900
2025-01-17,92.44999694824219,86.68902587890625,3912800
2025-01-21,92.76000213623047,86.97972106933594,4431300
2025-01-22,92.5199966430664,86.75467681884766,3656400
2025-01-23,92.27999877929688,86.52962493896484,4860900
2025-01-24,92.47000122070312,86.70780944824219,4468700
2025-01-27,93.06999969482422,87.27040100097656,4297100
2025-01-28,93.08000183105469,87.27978515625,3906600
2025-01-29,92.97000122070312,87.17664337158203,4918400
2025-01-30,93.16999816894531,87.36417388916016,4365600
2025-01-31,93.0199966430664,87.22350311279297,6277400
2025-02-03,92.79000091552734,87.28561401367188,8294000
2025-02-04,93.0199966430664,87.50194549560547,6742300
2025-02-05,93.55999755859375,88.00991821289062,6576300
2025-02-06,93.44999694824219,87.90645599365234,5268500
2025-02-07,93.13999938964844,87.61485290527344,4565300
2025-02-10,93.12000274658203,87.59601593017578,3229100
2025-02-11,92.87999725341797,87.3702621459961,3379500
2025-02-12,92.23999786376953,86.76822662353516,7280200
2025-02-13,92.93000030517578,87.41728973388672,6121900
2025-02-14,93.31999969482422,87.78417205810547,5157900
2025-02-18,92.81999969482422,87.31382751464844,4484100
2025-02-19,92.97000122070312,87.4549331665039,4607000
2025-02-20,93.16000366210938,87.6336669921875,7545400
2025-02-21,93.70999908447266,88.15103912353516,6156500
2025-02-24,93.91000366210938,88.33915710449219,4109500
2025-02-25,94.6500015258789,89.03528594970703,7697100
2025-02-26,94.91000366210938,89.27985382080078,7379800
2025-02-27,94.80000305175781,89.1763687133789,5907900
2025-02-28,95.31999969482422,89.66551971435547,11831500
2025-03-03,95.38999938964844,89.99100494384766,9637400
2025-03-04,95.08999633789062,89.70797729492188,12745500
2025-03-05,94.55999755859375,89.20799255371094,15590000
2025-03-06,94.51000213623047,89.16081237792969,9318900
2025-03-07,94.38999938964844,89.0475845336914,9210200
2025-03-10,95.05000305175781,89.67024993896484,7698500
2025-03-11,94.70999908447266,89.3494873046875,10408600
2025-03-12,94.43000030517578,89.08533477783203,7610300
2025-03-13,94.80999755859375,89.44384002685547,6902300
2025-03-14,94.4800033569336,89.13252258300781,4390900
2025-03-17,94.55999755859375,89.20799255371094,6734000
2025-03-18,94.66999816894531,89.3117446899414,8993300
2025-03-19,94.95999908447266,89.58531951904297,5854500
2025-03-20,95.0999984741211,89.71742248535156,4409100
2025-03-21,95.0199966430664,89.64193725585938,4919600
2025-03-24,94.47000122070312,89.12308502197266,4823500
2025-03-25,94.62999725341797,89.27399444580078,6825800
2025-03-26,94.41000366210938,89.06646728515625,8281700
2025-03-27,94.33000183105469,88.99099731445312,5085100
2025-03-28,95.08999633789062,89.70797729492188,6224500
2025-03-31,95.37000274658203,89.97212982177734,13255800
2025-04-01,95.4000015258789,90.2882308959961,18128800
2025-04-02,95.30999755859375,90.20305633544922,7635900
2025-04-03,96.29000091552734,91.13054656982422,18188000
2025-04-04,96.55999755859375,91.3860855102539,27006500
2025-04-07,95.41000366210938,90.2977066040039,68670600
2025-04-08,94.93000030517578,89.84341430664062,19508000
2025-04-09,94.62999725341797,89.55948638916016,24170800
2025-04-10,94.04000091552734,89.0010986328125,12093800
2025-04-11,93.51000213623047,88.49951934814453,55446600
2025-04-14,94.26000213623047,89.20931243896484,12630900
2025-04-15,94.54000091552734,89.47431945800781,7708100
2025-04-16,94.94999694824219,89.86236572265625,8708400
2025-04-17,94.68000030517578,89.60681915283203,6987000
2025-04-21,94.16999816894531,89.12413024902344,4901300
2025-04-22,94.23999786376953,89.1904067993164,5233000
2025-04-23,94.33999633789062,89.2850341796875,8041300
2025-04-24,94.8499984741211,89.76770782470703,7308900
2025-04-25,95.20999908447266,90.1084213256836,5341300
2025-04-28,95.58999633789062,90.4680404663086,4950500
2025-04-29,95.91999816894531,90.78038787841797,5350200
2025-04-30,96.06999969482422,90.92233276367188,13923200
2025-05-01,95.33999633789062,90.5263900756836,13703300
2025-05-02,94.69999694824219,89.91869354248047,9331600
2025-05-05,94.52999877929688,89.75727081298828,10089400
2025-05-06,94.7699966430664,89.98516845703125,6081200
2025-05-07,95.0199966430664,90.22254943847656,9471100
2025-05-08,94.27999877929688,89.5198974609375,6409000
2025-05-09,94.3499984741211,89.58638763427734,3698700
2025-05-12,93.75,89.01667022705078,9483700
2025-05-13,93.68000030517578,88.9502182006836,13166800
2025-05-14,93.33000183105469,88.61787414550781,6994700
2025-05-15,93.94000244140625,89.19708251953125,9024900
2025-05-16,93.97000122070312,89.22557067871094,6819200
2025-05-19,93.91999816894531,89.1780776977539,11704900
2025-05-20,93.80000305175781,89.06414031982422,8929600
2025-05-21,93.1500015258789,88.44697570800781,11383500
2025-05-22,93.5,88.779296875,10981200
2025-05-23,93.7699966430664,89.03565216064453,9860700
2025-05-27,94.16000366210938,89.40597534179688,10834400
2025-05-28,93.9000015258789,89.15911102294922,8591500
2025-05-29,94.29000091552734,89.52940368652344,9679100
2025-05-30,94.56999969482422,89.79527282714844,10268600
2025-06-02,93.94000244140625,89.49043273925781,13341900
2025-06-03,93.8499984741211,89.40470123291016,8508900
2025-06-04,94.54000091552734,90.06200408935547,10115900
2025-06-05,94.26000213623047,89.7952651977539,8762800
2025-06-06,93.51000213623047,89.08079528808594,7624200
2025-06-09,93.68000030517578,89.24275207519531,6061200
2025-06-10,93.83999633789062,89.39514923095703,5579900
2025-06-11,94.2300033569336,89.76668548583984,6594900
2025-06-12,94.63999938964844,90.15727233886719,7795400
2025-06-13,94.29000091552734,89.8238525390625,9195200
2025-06-16,94.0199966430664,89.56663513183594,7508400
2025-06-17,94.4800033569336,90.00484466552734,5285000
2025-06-18,94.54000091552734,90.06200408935547,6732400
2025-06-20,94.5999984741211,90.11917114257812,6261700
2025-06-23,94.93000030517578,90.43354034423828,9310300
2025-06-24,95.26000213623047,90.74789428710938,7694500
2025-06-25,95.30000305175781,90.7860107421875,6393300
2025-06-26,95.63999938964844,91.10990142822266,7131900
2025-06-27,95.38999938964844,90.87175750732422,8402400
2025-06-30,95.7699966430664,91.2337417602539,10542300
2025-07-01,95.29000091552734,91.0645980834961,10659800
2025-07-02,95.08999633789062,90.87346649169922,6026200
2025-07-03,94.76000213623047,90.55809783935547,7398900
2025-07-07,94.45999908447266,90.27140045166016,8518600
2025-07-08,94.31999969482422,90.13761138916016,5282800
2025-07-09,94.80999755859375,90.60588836669922,6900800
2025-07-10,94.76000213623047,90.55809783935547,4451900
2025-07-11,94.31999969482422,90.13761138916016,6004300
2025-07-14,94.27999877929688,90.099365234375,5101600
2025-07-15,93.91000366210938,89.74577331542969,5628100
2025-07-16,94.16999816894531,89.99427032470703,12786300
2025-07-17,94.13999938964844,89.96558380126953,4747200
2025-07-18,94.4000015258789,90.21405792236328,4035000
2025-07-21,94.7300033569336,90.52944946289062,5232300
2025-07-22,95.0,90.7874526977539,6098000
2025-07-23,94.66000366210938,90.4625244140625,5074000
2025-07-24,94.5199966430664,90.3287353515625,5867400
2025-07-25,94.73999786376953,90.5389633178711,3614000
2025-07-28,94.52999877929688,90.33829498291016,5073200
2025-07-29,95.1500015258789,90.93081665039062,7864000
2025-07-30,94.81999969482422,90.61544036865234,7425600
2025-07-31,94.9000015258789,90.69188690185547,10411800
2025-08-01,95.68000030517578,91.73600006103516,11870100
2025-08-04,95.80999755859375,91.86064147949219,8449500
2025-08-05,95.73999786376953,91.79351043701172,8218700
2025-08-06,95.66999816894531,91.72640991210938,10107500
2025-08-07,95.5999984741211,91.6593017578125,5725900
2025-08-08,95.37999725341797,91.4483642578125,5623800
2025-08-11,95.41000366210938,91.47711944580078,4920200
2025-08-12,95.38999938964844,91.45796203613281,6724600
2025-08-13,95.7300033569336,91.78394317626953,5925200
2025-08-14,95.41999816894531,91.4867172241211,5527500
2025-08-15,95.2300033569336,91.30458068847656,7428500
2025-08-18,95.13999938964844,91.21825408935547,9669600
2025-08-19,95.37999725341797,91.4483642578125,6499300
2025-08-20,95.5199966430664,91.58258819580078,6270700
2025-08-21,95.23999786376953,91.31412506103516,5351300
2025-08-22,95.7699966430664,91.8222885131836,10867700
2025-08-25,95.58000183105469,91.64012145996094,9936400
2025-08-26,95.83000183105469,91.87982177734375,5871200
2025-08-27,96.01000213623047,92.05238342285156,5222800
2025-08-28,96.2300033569336,92.2633285522461,6544700
2025-08-29,96.1500015258789,92.18663024902344,6818900
2025-09-02,95.55000305175781,91.91151428222656,8623200
2025-09-03,95.87999725341797,92.22893524169922,7586100
2025-09-04,96.30999755859375,92.64256286621094,6395300
2025-09-05,96.77999877929688,93.09469604492188,9566300
2025-09-08,97.08000183105469,93.38325500488281,7599600
2025-09-09,96.8499984741211,93.16202545166016,8223100
2025-09-10,97.11000061035156,93.412109375,8864500
2025-09-11,97.26000213623047,93.55640411376953,8554300
2025-09-12,96.9800033569336,93.28707122802734,36502700
2025-09-15,97.13999938964844,93.44096374511719,4990100
2025-09-16,97.19999694824219,93.4986801147461,5847700
2025-09-17,96.98999786376953,93.29668426513672,10701700
2025-09-18,96.66999816894531,92.98885345458984,7589200
2025-09-19,96.62999725341797,92.95039367675781,5528800
2025-09-22,96.47000122070312,92.79649353027344,5282700
2025-09-23,96.73999786376953,93.05620574951172,7077500
2025-09-24,96.4800033569336,92.80611419677734,5419700
2025-09-25,96.2699966430664,92.60411071777344,6517500
2025-09-26,96.22000122070312,92.55599975585938,7295300
2025-09-29,96.5,92.82532501220703,6357500
2025-09-30,96.45999908447266,92.786865234375,9257800
2025-10-01,96.48999786376953,93.09947967529297,8347000
2025-10-02,96.58999633789062,93.19596862792969,9420600
2025-10-03,96.4000015258789,93.01264953613281,5154300
2025-10-06,96.12000274658203,92.74247741699219,6319600
2025-10-07,96.36000061035156,92.97404479980469,5119900
2025-10-08,96.37999725341797,92.99333953857422,5141900
2025-10-09,96.30999755859375,92.92579650878906,7130600
2025-10-10,96.91000366210938,93.50472259521484,10417700
2025-10-13,96.95999908447266,93.55296325683594,5607600
2025-10-14,97.20999908447266,93.7941665649414,7650600
2025-10-15,97.0999984741211,93.68804168701172,7769300
2025-10-16,97.55000305175781,94.12223815917969,11627200
2025-10-17,97.38999938964844,93.96784973144531,12491000
2025-10-20,97.5199966430664,94.09329223632812,10437800
2025-10-21,97.69999694824219,94.2669677734375,7642000
2025-10-22,97.72000122070312,94.28626251220703,6523500
2025-10-23,97.4000015258789,93.9775161743164,6138300
2025-10-24,97.48999786376953,94.06434631347656,7555200
2025-10-27,97.48999786376953,94.06434631347656,7272300
2025-10-28,97.58000183105469,94.15116882324219,5539600
2025-10-29,96.94999694824219,93.54330444335938,11223300
2025-10-30,96.80999755859375,93.40823364257812,8958800
2025-10-31,96.8499984741211,93.44683837890625,9739900
2025-11-03,96.5,93.40229797363281,8012500
2025-11-04,96.62000274658203,93.51846313476562,6119000
2025-11-05,96.16000366210938,93.07323455810547,11749200
2025-11-06,96.6500015258789,93.54749298095703,7665000
2025-11-07,96.69000244140625,93.58621978759766,11460300
2025-11-10,96.55999755859375,93.46038055419922,9097300
2025-11-11,96.86000061035156,93.7507553100586,4937700
2025-11-12,96.87999725341797,93.77010345458984,7188200
2025-11-13,96.5999984741211,93.49909210205078,46965300
2025-11-14,96.44000244140625,93.34423828125,11288500
2025-11-17,96.55000305175781,93.45069885253906,6648500
2025-11-18,96.70999908447266,93.60556030273438,8769000
2025-11-19,96.63999938964844,93.5378189086914,13075900
2025-11-20,96.87000274658203,93.76042938232422,9076400
2025-11-21,97.19000244140625,94.0701675415039,12551100
2025-11-24,97.33999633789062,94.21533203125,6903900
2025-11-25,97.58999633789062,94.45731353759766,9193400
2025-11-26,97.66999816894531,94.53475189208984,7747100
2025-11-28,97.5,94.37020874023438,7798000
2025-12-01,96.69000244140625,93.86347961425781,9898100
2025-12-02,96.7699966430664,93.9411392211914,7317200
2025-12-03,96.97000122070312,94.13528442382812,6855100
2025-12-04,96.66999816894531,93.84404754638672,8928900
2025-12-05,96.47000122070312,93.64989471435547,9118700
2025-12-08,96.2699966430664,93.45574951171875,14728300
2025-12-09,96.12999725341797,93.3198471069336,8509200
2025-12-10,96.44000244140625,93.62078094482422,13356900
2025-12-11,96.44999694824219,93.63048553466797,8672800
2025-12-12,96.19000244140625,93.37808227539062,8348700
2025-12-15,96.2699966430664,93.45574951171875,6117000
2025-12-16,96.54000091552734,93.71785736083984,7456400
2025-12-17,96.5199966430664,93.69843292236328,5673200
2025-12-18,96.7699966430664,93.9411392211914,7357600
2025-12-19,96.23999786376953,93.72978973388672,5806600
2025-12-22,96.13999938964844,93.63239288330078,4672800
2025-12-23,96.0999984741211,93.59344482421875,5093900
2025-12-24,96.3499984741211,93.83690643310547,3967700
2025-12-26,96.44000244140625,93.92457580566406,3491500
2025-12-29,96.58000183105469,94.06092834472656,5034600
2025-12-30,96.4800033569336,93.96353149414062,4108600
2025-12-31,96.16000366210938,93.65187072753906,6802100
2026-01-02,96.08000183105469,93.57394409179688,6611800
2026-01-05,96.37000274658203,93.85639953613281,8693200
2026-01-06,96.30000305175781,93.7882308959961,12834100
2026-01-07,96.4800033569336,93.96353149414062,7990900
2026-01-08,96.19000244140625,93.68109130859375,6931700
2026-01-09,96.30000305175781,93.7882308959961,10277300
2026-01-12,96.18000030517578,93.67134857177734,6360600
2026-01-13,96.30000305175781,93.7882308959961,7622500
2026-01-14,96.5,93.98300170898438,7331200
2026-01-15,96.30000305175781,93.7882308959961,6172500
2026-01-16,95.93000030517578,93.42787170410156,11979300
2026-01-20,95.55000305175781,93.05778503417969,13607700
2026-01-21,95.80000305175781,93.30126190185547,11969000
2026-01-22,95.79000091552734,93.2915267944336,10209500
2026-01-23,95.94999694824219,93.44734191894531,8147500
2026-01-26,96.08999633789062,93.58369445800781,6803800
2026-01-27,95.9800033569336,93.47657012939453,9857200
2026-01-28,95.9000015258789,93.39865112304688,17032400
2026-01-29,96.0,93.49604797363281,11049100
2026-01-30,95.94000244140625,93.43761444091797,8238500
2026-02-02,95.44000244140625,93.25391387939453,8987100
2026-02-03,95.52999877929688,93.34185791015625,7313800
2026-02-04,95.51000213623047,93.32231140136719,7268600
2026-02-05,96.06999969482422,93.86949157714844,12086800
2026-02-06,96.06999969482422,93.86949157714844,7759900
2026-02-09,96.08999633789062,93.8890151977539,8165100
2026-02-10,96.51000213623047,94.2994155883789,9752300
2026-02-11,96.23999786376953,94.03558349609375,9106600
2026-02-12,96.83000183105469,94.6120834350586,13099900
2026-02-13,97.20999908447266,94.98336029052734,11681500
2026-02-17,97.19999694824219,94.97360229492188,8623800
2026-02-18,97.0,94.77819061279297,7778800
2026-02-19,97.08999633789062,94.86611938476562,4993000
2026-02-20,97.08999633789062,94.86611938476562,11200200
2026-02-23,97.44000244140625,95.2081069946289,9862900
2026-02-24,97.41999816894531,95.18856811523438,9493300
2026-02-25,97.33999633789062,95.11038970947266,8762700
2026-02-26,97.5999984741211,95.36444091796875,8177300
2026-02-27,97.98999786376953,95.7455062866211,9970300
2026-03-02,97.12000274658203,95.17029571533203,17709600
2026-03-03,97.01000213623047,95.0625,13708500
2026-03-04,96.80999755859375,94.86650848388672,12535500
2026-03-05,96.51000213623047,94.57254791259766,12599700
2026-03-06,96.44999694824219,94.51373291015625,12758200
2026-03-09,96.75,94.8077163696289,12134400
2026-03-10,96.44000244140625,94.50394439697266,10571300
2026-03-11,96.0,94.0727767944336,12197600
2026-03-12,95.69000244140625,93.76899719238281,11401400
2026-03-13,95.58999633789062,93.67098999023438,11839700
2026-03-16,96.0199966430664,94.09236907958984,9092100
2026-03-17,96.19000244140625,94.25896453857422,7209700
2026-03-18,95.75,93.82778930664062,13048700
2026-03-19,95.73999786376953,93.81800079345703,18464600
2026-03-20,94.87999725341797,92.97525787353516,20761500
2026-03-23,95.18000030517578,93.26922607421875,28336300
2026-03-24,94.86000061035156,92.95565795898438,19785600
2026-03-25,95.36000061035156,93.44561767578125,15939200
2026-03-26,94.58999633789062,92.69107818603516,12897300
2026-03-27,94.5999984741211,92.70088195800781,11401900
2026-03-30,95.2699966430664,93.357421875,15430000
2026-03-31,95.44000244140625,93.52400970458984,18649700
2026-04-01,95.04000091552734,93.44241333007812,13557600
2026-04-02,95.26000213623047,93.6587142944336,13171300
2026-04-06,95.01000213623047,93.41291809082031,6104900
2026-04-07,95.25,93.64888763427734,6737500
2026-04-08,95.45999908447266,93.85535430908203,12107400
2026-04-09,95.43000030517578,93.82585906982422,11065900
2026-04-10,95.2699966430664,93.66853332519531,4404800
2026-04-13,95.4800033569336,93.87501525878906,4300200
2026-04-14,95.79000091552734,94.1798095703125,5239800
2026-04-15,95.58000183105469,93.97334289550781,5592900
2026-04-16,95.41000366210938,93.80619049072266,6618900
2026-04-17,95.93000030517578,94.31745147705078,6912900
2026-04-20,95.83999633789062,94.22895812988281,3868800
2026-04-21,95.41999816894531,93.81602478027344,4872900
2026-04-22,95.5199966430664,93.91433715820312,4121400
2026-04-23,95.37000274658203,93.76686096191406,6795600
2026-04-24,95.55999755859375,93.95367431640625,5490000
2026-04-27,95.33999633789062,93.73735809326172,4055500
2026-04-28,95.25,93.64888763427734,4867700
2026-04-29,94.80000305175781,93.2064437866211,7200300
2026-04-30,94.9800033569336,93.3834228515625,10382400
2026-05-01,94.73999786376953,93.4544448852539,5359200
2026-05-04,94.38999938964844,93.10919189453125,6593900
2026-05-05,94.52999877929688,93.24729919433594,11281600
2026-05-06,95.0,93.71090698242188,9031100
2026-05-07,94.70999908447266,93.42485046386719,5610100
2026-05-08,94.95999908447266,93.67146301269531,3215100
2026-05-11,94.63999938964844,93.3558120727539,4025400
2026-05-12,94.31999969482422,93.04014587402344,5686700
2026-05-13,94.31999969482422,93.04014587402344,3459200
2026-05-14,94.26000213623047,92.98095703125,5167300
2026-05-15,93.51000213623047,92.24114990234375,12498700
2026-05-18,93.47000122070312,92.2016830444336,8422900
2026-05-19,93.11000061035156,91.8465576171875,10069800
2026-05-20,93.73999786376953,92.468017578125,14892500
2026-05-21,93.80000305175781,92.52720642089844,7762000
2026-05-22,93.87999725341797,92.60611724853516,6321900
2026-05-26,94.27999877929688,93.00069427490234,5494400
2026-05-27,94.31999969482422,93.04014587402344,5958800
2026-05-28,94.54000091552734,93.25715637207031,5938300
2026-05-29,94.6500015258789,93.36566925048828,9639700
2026-06-01,94.16999816894531,93.20433807373047,8054100
2026-06-02,94.23999786376953,93.27362060546875,15426600
2026-06-03,94.0,93.03607940673828,7056500
2026-06-04,94.12000274658203,93.15485382080078,4417900
2026-06-05,93.62000274658203,92.65998077392578,9880800
2026-06-08,93.5199966430664,92.56099700927734,5352200
2026-06-09,93.77999877929688,92.8183364868164,8007300
2026-06-10,93.69000244140625,92.7292709350586,5804900
2026-06-11,94.33999633789062,93.37259674072266,11281600
2026-06-12,94.18000030517578,93.21424102783203,8861800
2026-06-15,94.27999877929688,93.31321716308594,3787600
2026-06-16,94.5199966430664,93.55075073242188,4675000
2026-06-17,94.0199966430664,93.05587768554688,11508300
2026-06-18,94.36000061035156,93.39238739013672,6836500
2026-06-22,94.0,93.03607940673828,4572200
2026-06-23,94.12000274658203,93.15485382080078,6504600
2026-06-24,94.7300033569336,93.75860595703125,5179800
2026-06-25,94.79000091552734,93.81798553466797,5630500
2026-06-26,95.02999877929688,94.0555191040039,5584100
2026-06-29,95.05999755859375,94.085205078125,5901500
2026-06-30,94.56999969482422,93.60023498535156,8034000
2026-07-01,94.02999877929688,93.37284088134766,7890500
2026-07-02,94.12000274658203,93.46221160888672,7605500
2026-07-06,94.18000030517578,93.52178955078125,4600500
2026-07-07,93.69999694824219,93.0451431274414,5813600
2026-07-08,93.51000213623047,92.85647583007812,5509600
2026-07-09,93.70999908447266,93.05506896972656,3223100
2026-07-10,93.62999725341797,92.97563171386719,6507600
2026-07-13,93.29000091552734,92.63801574707031,5769700
2026-07-14,93.55000305175781,92.89619445800781,5315900
2026-07-15,93.77999877929688,93.12458038330078,6735500
2026-07-16,93.72000122070312,93.06501007080078,4841200
2026-07-17,93.83999633789062,93.18415832519531,7561300
2026-07-20,93.54000091552734,92.88626861572266,3784800
2026-07-21,93.30999755859375,92.65786743164062,2786200
2026-07-22,93.0999984741211,92.44933319091797,3428200
2026-07-23,92.8499984741211,92.20108032226562,5002200
2026-07-24,93.02999877929688,92.37982177734375,5092700
2026-07-27,93.27999877929688,92.6280746459961,4046300
2026-07-28,93.55999755859375,92.90612030029297,3320700
2026-07-29,93.16999816894531,92.51885223388672,5391000
2026-07-30,93.20999908447266,92.5585708618164,3973000
2026-07-31,92.94999694824219,92.30038452148438,8490100
2026-08-03,92.81999969482422,92.48770904541016,5758500
2026-08-04,93.25,92.91617584228516,5461600
2026-08-05,93.30999755859375,92.9759521484375,5609200
2026-08-06,92.94999694824219,92.61724090576172,4831900
2026-08-07,93.16999816894531,92.83645629882812,55016600
2026-08-10,92.76000213623047,92.42793273925781,8610100
2026-08-11,92.87000274658203,92.53753662109375,5052200
2026-08-12,92.95999908447266,92.62721252441406,4810300
2026-08-13,93.30000305175781,92.96599578857422,7637900
2026-08-14,93.04000091552734,92.70692443847656,4659900
2026-08-17,92.83999633789062,92.50763702392578,4755400
2026-08-18,92.93000030517578,92.59732055664062,6312600
2026-08-19,93.37999725341797,93.04570770263672,7762300
2026-08-20,93.0,92.66706848144531,4956800
2026-08-21,92.81999969482422,92.48770904541016,4508700
2026-08-24,93.01000213623047,92.67703247070312,5809600
2026-08-25,93.51000213623047,93.17524719238281,7753500
2026-08-26,93.31999969482422,92.98592376708984,5671200
2026-08-27,93.2300033569336,92.89624786376953,10555700
2026-08-28,92.8499984741211,92.5176010131836,8008400
2026-08-31,92.73999786376953,92.40799713134766,8136100
2026-09-01,92.0999984741211,92.0999984741211,8030400
2026-09-02,92.18000030517578,92.18000030517578,6075800
2026-09-03,92.27999877929688,92.27999877929688,7194800
2026-09-04,92.25,92.25,3011600
2026-09-08,92.16000366210938,92.16000366210938,3481200
2026-09-09,91.9000015258789,91.9000015258789,5440600
2026-09-10,91.18000030517578,91.18000030517578,9840800
2026-09-11,91.01000213623047,91.01000213623047,8728500
2026-09-14,90.93000030517578,90.93000030517578,8884700
2026-09-15,90.81999969482422,90.81999969482422,9403700
2026-09-16,90.7300033569336,90.7300033569336,13144400
