date,close,adjclose,volume
2000-05-26,55.5,31.057531356811523,9500
2000-05-30,56.140625,31.41599464416504,1200
2000-05-31,56.546875,31.643360137939453,25500
2000-06-01,57.0625,31.93190574645996,15300
2000-06-02,58.09375,32.50896453857422,14200
2000-06-05,57.78125,32.334110260009766,1600
2000-06-06,57.625,32.246665954589844,2100
2000-06-07,57.71875,32.29912567138672,20400
2000-06-08,57.34375,32.089271545410156,19200
2000-06-09,57.328125,32.08055114746094,4100
2000-06-12,57.46875,32.15922546386719,4200
2000-06-13,57.546875,32.20295715332031,20400
2000-06-14,57.65625,32.26415252685547,115000
2000-06-15,57.09375,31.949378967285156,30800
2000-06-16,56.25,31.47722625732422,2100
2000-06-19,56.609375,31.678325653076172,13900
2000-06-20,56.0,31.33732795715332,19500
2000-06-21,55.96875,31.358474731445312,18000
2000-06-22,55.59375,31.148361206054688,8200
2000-06-23,55.5,31.095853805541992,1700
2000-06-26,55.609375,31.15713119506836,13900
2000-06-27,55.59375,31.148361206054688,14400
2000-06-28,55.40625,31.043323516845703,5800
2000-06-29,55.203125,30.929513931274414,300
2000-06-30,54.8125,30.71064567565918,7700
2000-07-03,54.4375,30.50053596496582,800
2000-07-05,54.921875,30.771930694580078,1100
2000-07-06,54.8125,30.71064567565918,12500
2000-07-07,55.4375,31.060813903808594,5500
2000-07-10,55.5,31.095853805541992,64200
2000-07-11,55.734375,31.227155685424805,33600
2000-07-12,55.765625,31.244674682617188,1000
2000-07-13,55.875,31.305953979492188,32300
2000-07-14,55.953125,31.349700927734375,13500
2000-07-17,55.390625,31.03455924987793,4800
2000-07-18,55.25,30.955774307250977,32700
2000-07-19,55.3125,30.990781784057617,22700
2000-07-20,55.734375,31.227155685424805,38800
2000-07-21,55.3125,30.990781784057617,9100
2000-07-24,55.0,30.815698623657227,4300
2000-07-25,55.109375,30.87696075439453,38700
2000-07-26,54.90625,30.763166427612305,19100
2000-07-27,55.1875,30.920740127563477,15900
2000-07-28,54.25,30.39549446105957,4500
2000-07-31,54.734375,30.666872024536133,10100
2000-08-01,55.1875,30.920740127563477,20400
2000-08-02,55.75,31.235904693603516,11400
2000-08-03,55.890625,31.31470489501953,80600
2000-08-04,56.546875,31.68239402770996,7400
2000-08-07,57.078125,31.980045318603516,10600
2000-08-08,56.90625,31.88374900817871,6800
2000-08-09,56.5625,31.69115447998047,30200
2000-08-10,56.6875,31.761178970336914,1700
2000-08-11,57.25,32.07633972167969,6000
2000-08-14,57.75,32.35648727416992,126100
2000-08-15,57.5625,32.25142288208008,243900
2000-08-16,57.0625,31.97130012512207,51800
2000-08-17,57.4375,32.18138885498047,34100
2000-08-18,57.359375,32.13761520385742,20900
2000-08-21,57.53125,32.233917236328125,3000
2000-08-22,57.71875,32.33897399902344,10100
2000-08-23,57.5625,32.25142288208008,22200
2000-08-24,57.4375,32.18138885498047,7000
2000-08-25,57.375,32.14636993408203,2400
2000-08-28,57.65625,32.303951263427734,53700
2000-08-29,57.375,32.14636993408203,6700
2000-08-30,57.421875,32.17265319824219,16400
2000-08-31,58.0,32.496559143066406,3500
2000-09-01,57.875,32.426517486572266,28600
2000-09-05,57.9375,32.46152877807617,1600
2000-09-06,58.09375,32.549068450927734,5700
2000-09-07,57.96875,32.479042053222656,26400
2000-09-08,58.34375,32.68916702270508,13100
2000-09-11,58.75,32.91676712036133,28100
2000-09-12,58.84375,32.96928024291992,90600
2000-09-13,58.625,32.84672927856445,98600
2000-09-14,58.40625,32.724185943603516,38500
2000-09-15,57.96875,32.479042053222656,3700
2000-09-18,57.125,32.00629425048828,27700
2000-09-19,57.0,31.936256408691406,4500
2000-09-20,56.1875,31.5852108001709,22400
2000-09-21,56.03125,31.49736976623535,54500
2000-09-22,56.78125,31.918991088867188,106700
2000-09-25,56.921875,31.998023986816406,5300
2000-09-26,56.8125,31.93655776977539,7900
2000-09-27,56.84375,31.95411491394043,8200
2000-09-28,58.15625,32.69192123413086,73300
2000-09-29,58.03125,32.62165069580078,26600
2000-10-02,58.1875,32.70948791503906,33000
2000-10-03,58.25,32.7446174621582,15400
2000-10-04,58.28125,32.76218032836914,3600
2000-10-05,58.375,32.814876556396484,177700
2000-10-06,57.3125,32.217620849609375,17700
2000-10-09,57.25,32.182491302490234,251300
2000-10-10,56.875,31.9716854095459,14200
2000-10-11,56.3125,31.655471801757812,239900
2000-10-12,54.875,30.8474063873291,132400
2000-10-13,55.765625,31.348068237304688,34200
2000-10-16,55.796875,31.365644454956055,27000
2000-10-17,55.234375,31.049442291259766,31800
2000-10-18,55.03125,30.93524169921875,9400
2000-10-19,55.953125,31.453460693359375,83400
2000-10-20,56.328125,31.664278030395508,14300
2000-10-23,56.375,31.690610885620117,9100
2000-10-24,56.703125,31.875080108642578,15600
2000-10-25,56.5,31.760881423950195,9700
2000-10-26,56.375,31.690610885620117,184300
2000-10-27,57.421875,32.27910232543945,19000
2000-10-30,58.890625,33.10475540161133,36400
2000-10-31,59.53125,33.464881896972656,17400
2000-11-01,59.015625,33.17499923706055,12500
2000-11-02,58.875,33.09597396850586,30100
2000-11-03,58.953125,33.13987731933594,6600
2000-11-06,59.25,33.30677795410156,85000
2000-11-07,59.15625,33.25408172607422,43600
2000-11-08,59.25,33.30677795410156,19000
2000-11-09,58.6875,32.99055862426758,68200
2000-11-10,58.390625,32.82366180419922,109300
2000-11-13,57.796875,32.48991775512695,6200
2000-11-14,58.28125,32.76218032836914,1139400
2000-11-15,58.15625,32.69192123413086,44400
2000-11-16,58.171875,32.700714111328125,11600
2000-11-17,57.828125,32.507469177246094,66900
2000-11-20,57.0,32.04195022583008,33200
2000-11-21,57.296875,32.2088508605957,18100
2000-11-22,56.625,31.831151962280273,17900
2000-11-24,56.9375,32.00680160522461,2700
2000-11-27,57.25,32.182491302490234,6600
2000-11-28,57.3125,32.217620849609375,117100
2000-11-29,57.625,32.393280029296875,49000
2000-11-30,57.28125,32.200042724609375,85700
2000-12-01,57.0625,32.07708740234375,38400
2000-12-04,57.75,32.46354675292969,22800
2000-12-05,58.703125,32.99934387207031,78100
2000-12-06,57.875,32.53384017944336,38300
2000-12-07,58.140625,32.683143615722656,53300
2000-12-08,58.578125,32.9290657043457,73600
2000-12-11,58.703125,32.99934387207031,6800
2000-12-12,58.9375,33.13109588623047,64600
2000-12-13,58.703125,33.10380172729492,257600
2000-12-14,57.890625,32.6456184387207,125500
2000-12-15,57.5,32.42534637451172,55600
2000-12-18,58.25,32.84828567504883,187300
2000-12-19,57.921875,32.66324996948242,194300
2000-12-20,57.125,32.2138786315918,45600
2000-12-21,57.46875,32.4077262878418,121800
2000-12-22,58.078125,32.75136184692383,72600
2000-12-26,59.15625,33.359352111816406,1222800
2000-12-27,59.640625,33.63248825073242,130400
2000-12-28,59.9375,33.79990768432617,59600
2000-12-29,60.015625,33.84394836425781,166900
2001-01-02,59.015625,33.28005599975586,79700
2001-01-03,60.109375,33.89683151245117,165400
2001-01-04,59.265625,33.421024322509766,15700
2001-01-05,58.40625,32.9364128112793,152300
2001-01-08,58.484375,32.98046875,65000
2001-01-09,58.546875,33.01570510864258,13100
2001-01-10,58.890625,33.20955276489258,193200
2001-01-11,58.671875,33.08619689941406,94300
2001-01-12,58.5625,33.0245246887207,251400
2001-01-16,58.96875,33.25361633300781,128500
2001-01-17,58.8125,33.165496826171875,44700
2001-01-18,58.859375,33.191932678222656,48400
2001-01-19,58.265625,32.857093811035156,155000
2001-01-22,58.375,32.918785095214844,86900
2001-01-23,58.890625,33.20955276489258,114800
2001-01-24,58.984375,33.26240921020508,137600
2001-01-25,59.515625,33.56201171875,386400
2001-01-26,59.109375,33.332916259765625,37200
2001-01-29,59.61000061035156,33.6152229309082,60600
2001-01-30,60.22999954223633,33.96485137939453,110600
2001-01-31,60.04999923706055,33.86334991455078,331100
2001-02-01,60.41999816894531,34.071990966796875,19100
2001-02-02,60.02000045776367,33.846431732177734,27600
2001-02-05,60.54999923706055,34.145320892333984,149700
2001-02-06,60.18000030517578,33.9366569519043,43500
2001-02-07,60.2599983215332,33.981754302978516,31100
2001-02-08,60.2599983215332,33.981754302978516,19500
2001-02-09,60.029998779296875,33.85206604003906,95300
2001-02-12,60.65999984741211,34.20732879638672,8700
2001-02-13,60.5,34.11711502075195,105300
2001-02-14,59.869998931884766,33.7618408203125,33000
2001-02-15,60.0,33.83515167236328,19100
2001-02-16,59.939998626708984,33.801307678222656,122800
2001-02-20,59.25,33.41219711303711,88700
2001-02-21,58.20000076293945,32.820098876953125,46200
2001-02-22,58.2400016784668,32.842674255371094,67700
2001-02-23,57.97999954223633,32.69602966308594,26200
2001-02-26,58.86000061035156,33.19229507446289,24300
2001-02-27,58.959999084472656,33.24866485595703,35800
2001-02-28,58.43000030517578,32.949790954589844,62500
2001-03-01,58.0,32.707313537597656,73700
2001-03-02,58.47999954223633,32.97799301147461,132100
2001-03-05,58.790000915527344,33.152801513671875,48200
2001-03-06,58.95000076293945,33.24302673339844,56800
2001-03-07,59.36000061035156,33.474246978759766,79100
2001-03-08,59.93000030517578,33.79566192626953,57200
2001-03-09,59.060001373291016,33.40314865112305,96800
2001-03-12,56.90999984741211,32.187164306640625,92700
2001-03-13,57.130001068115234,32.31159591674805,35200
2001-03-14,55.66999816894531,31.48586082458496,27600
2001-03-15,56.310001373291016,31.847816467285156,32200
2001-03-16,55.45000076293945,31.361413955688477,200300
2001-03-19,56.189998626708984,31.779945373535156,14100
2001-03-20,55.22999954223633,31.236989974975586,24200
2001-03-21,53.849998474121094,30.45648956298828,583000
2001-03-22,53.11000061035156,30.037965774536133,75300
2001-03-23,53.849998474121094,30.45648956298828,92200
2001-03-26,55.02000045776367,31.118209838867188,348500
2001-03-27,56.119998931884766,31.740365982055664,175900
2001-03-28,55.31999969482422,31.28789710998535,178400
2001-03-29,55.52000045776367,31.40102195739746,27000
2001-03-30,56.099998474121094,31.729047775268555,186600
2001-04-02,55.810001373291016,31.56502342224121,73700
2001-04-03,54.18000030517578,30.643125534057617,63900
2001-04-04,54.25,30.682720184326172,258900
2001-04-05,55.7599983215332,31.5367488861084,97700
2001-04-06,54.849998474121094,31.022069931030273,39500
2001-04-09,55.560001373291016,31.423633575439453,40800
2001-04-10,56.4900016784668,31.949609756469727,481600
2001-04-11,56.04999923706055,31.700767517089844,52800
2001-04-12,56.5,31.95528221130371,621700
2001-04-16,56.63999938964844,32.03445816040039,499300
2001-04-17,57.099998474121094,32.294620513916016,42600
2001-04-18,58.459999084472656,33.063838958740234,769900
2001-04-19,58.630001068115234,33.15997314453125,116600
2001-04-20,57.849998474121094,32.71881103515625,63800
2001-04-23,57.59000015258789,32.57176971435547,496700
2001-04-24,57.20000076293945,32.35118103027344,106500
2001-04-25,58.130001068115234,32.877174377441406,48900
2001-04-26,58.650001525878906,33.171268463134766,95700
2001-04-27,59.33000183105469,33.555870056152344,492700
2001-04-30,58.95000076293945,33.340946197509766,180300
2001-05-01,59.41999816894531,33.60677719116211,89200
2001-05-02,59.20000076293945,33.48234558105469,107700
2001-05-03,58.849998474121094,33.28438186645508,56800
2001-05-04,59.619998931884766,33.71988296508789,33100
2001-05-07,59.5,33.652015686035156,122900
2001-05-08,59.209999084472656,33.48801040649414,111000
2001-05-09,59.099998474121094,33.42579650878906,76400
2001-05-10,59.369998931884766,33.578495025634766,91100
2001-05-11,59.029998779296875,33.38619613647461,34700
2001-05-14,59.40999984741211,33.60112762451172,36100
2001-05-15,59.52000045776367,33.66333770751953,39400
2001-05-16,60.900001525878906,34.44383239746094,24700
2001-05-17,60.9900016784668,34.4947395324707,128400
2001-05-18,61.099998474121094,34.556941986083984,93100
2001-05-21,61.349998474121094,34.69834518432617,276500
2001-05-22,61.34000015258789,34.69267272949219,210100
2001-05-23,60.75,34.359012603759766,73500
2001-05-24,60.790000915527344,34.38161849975586,484800
2001-05-25,60.25,34.07620620727539,112500
2001-05-29,60.31999969482422,34.11579513549805,603800
2001-05-30,59.77000045776367,33.804710388183594,33600
2001-05-31,60.25,34.07620620727539,247000
2001-06-01,60.349998474121094,34.13275909423828,306200
2001-06-04,60.689998626708984,34.32505798339844,53800
2001-06-05,61.099998474121094,34.556941986083984,61400
2001-06-06,60.459999084472656,34.19497299194336,40600
2001-06-07,60.33000183105469,34.1214599609375,29400
2001-06-08,59.91999816894531,33.98700714111328,21600
2001-06-11,59.65999984741211,33.839542388916016,29300
2001-06-12,59.70000076293945,33.86223220825195,37600
2001-06-13,59.18000030517578,33.56730270385742,10000
2001-06-14,58.279998779296875,33.05680465698242,24900
2001-06-15,58.33000183105469,33.08515930175781,21800
2001-06-18,58.08000183105469,32.9433708190918,31700
2001-06-19,58.40999984741211,33.13054656982422,60200
2001-06-20,58.86000061035156,33.38579559326172,39000
2001-06-21,59.349998474121094,33.66371154785156,188500
2001-06-22,58.869998931884766,33.39145278930664,90500
2001-06-25,58.45000076293945,33.15323257446289,46300
2001-06-26,58.380001068115234,33.113525390625,57200
2001-06-27,58.29999923706055,33.06816101074219,17800
2001-06-28,58.599998474121094,33.238311767578125,105600
2001-06-29,58.619998931884766,33.24965286254883,57100
2001-07-02,59.29999923706055,33.63534927368164,57700
2001-07-03,59.09000015258789,33.5162353515625,60400
2001-07-05,58.63999938964844,33.26100540161133,79700
2001-07-06,57.91999816894531,32.852603912353516,51600
2001-07-09,58.150001525878906,32.98307418823242,301800
2001-07-10,57.59000015258789,32.665435791015625,131700
2001-07-11,57.560001373291016,32.648406982421875,108300
2001-07-12,58.400001525878906,33.124855041503906,45100
2001-07-13,58.709999084472656,33.30069351196289,80200
2001-07-16,58.29999923706055,33.06816101074219,35700
2001-07-17,58.81999969482422,33.36309051513672,70200
2001-07-18,58.7599983215332,33.329063415527344,46300
2001-07-19,58.61000061035156,33.24399948120117,210200
2001-07-20,58.68000030517578,33.283687591552734,81100
2001-07-23,57.90999984741211,32.846946716308594,51300
2001-07-24,56.720001220703125,32.171966552734375,251700
2001-07-25,57.439998626708984,32.58035659790039,393400
2001-07-26,58.310001373291016,33.07382583618164,238100
2001-07-27,58.36000061035156,33.1021728515625,99800
2001-07-30,58.38999938964844,33.119178771972656,53200
2001-07-31,58.7400016784668,33.31770706176758,37200
2001-08-01,58.93000030517578,33.425479888916016,42300
2001-08-02,59.08000183105469,33.51057434082031,19500
2001-08-03,58.779998779296875,33.340396881103516,50600
2001-08-06,58.189998626708984,33.00575637817383,30500
2001-08-07,58.38999938964844,33.119178771972656,31100
2001-08-08,57.720001220703125,32.73915100097656,59900
2001-08-09,57.68000030517578,32.71647644042969,134800
2001-08-10,58.150001525878906,32.98307418823242,35100
2001-08-13,58.150001525878906,32.98307418823242,21600
2001-08-14,58.040000915527344,32.9206657409668,8800
2001-08-15,57.72999954223633,32.74484634399414,24400
2001-08-16,57.95000076293945,32.869625091552734,50000
2001-08-17,57.2400016784668,32.466896057128906,65800
2001-08-20,57.63999938964844,32.69377899169922,33000
2001-08-21,57.20000076293945,32.444210052490234,27600
2001-08-22,57.529998779296875,32.63140106201172,35100
2001-08-23,57.52000045776367,32.625732421875,15200
2001-08-24,58.060001373291016,32.932010650634766,101600
2001-08-27,57.880001068115234,32.82992172241211,22100
2001-08-28,57.11000061035156,32.39316940307617,140600
2001-08-29,56.619998931884766,32.11525344848633,372000
2001-08-30,55.970001220703125,31.746562957763672,77600
2001-08-31,56.31999969482422,31.945083618164062,16200
2001-09-04,56.439998626708984,32.013145446777344,39800
2001-09-05,56.20000076293945,31.87700843811035,27100
2001-09-06,55.06999969482422,31.23606300354004,53500
2001-09-07,54.45000076293945,30.884397506713867,74800
2001-09-10,54.36000061035156,30.833362579345703,81300
2001-09-17,52.20000076293945,29.608192443847656,239300
2001-09-18,51.84000015258789,29.404008865356445,84700
2001-09-19,50.900001525878906,28.870819091796875,89500
2001-09-20,49.45000076293945,28.048357009887695,84200
2001-09-21,48.779998779296875,27.668333053588867,82700
2001-09-24,49.97999954223633,28.34899139404297,128900
2001-09-25,50.400001525878906,28.58721351623535,219600
2001-09-26,50.59000015258789,28.694984436035156,87100
2001-09-27,51.06999969482422,28.96723747253418,247900
2001-09-28,52.04999923706055,29.52310562133789,102500
2001-10-01,51.849998474121094,29.56873893737793,35200
2001-10-02,52.619998931884766,30.007829666137695,90700
2001-10-03,53.20000076293945,30.338598251342773,84200
2001-10-04,53.029998779296875,30.24164581298828,50500
2001-10-05,52.650001525878906,30.024961471557617,307700
2001-10-08,52.27000045776367,29.808238983154297,24200
2001-10-09,52.29999923706055,29.825359344482422,45000
2001-10-10,53.2400016784668,30.36141014099121,46100
2001-10-11,53.599998474121094,30.566709518432617,586300
2001-10-12,53.279998779296875,30.384212493896484,79800
2001-10-15,53.119998931884766,30.29297637939453,154400
2001-10-16,53.63999938964844,30.589515686035156,214300
2001-10-17,52.83000183105469,30.127601623535156,53700
2001-10-18,52.189998626708984,29.762624740600586,58800
2001-10-19,52.380001068115234,29.8709716796875,87900
2001-10-22,53.0099983215332,30.23024559020996,64000
2001-10-23,52.7400016784668,30.076282501220703,373500
2001-10-24,52.47999954223633,29.927993774414062,87400
2001-10-25,53.20000076293945,30.338598251342773,92700
2001-10-26,53.369998931884766,30.435537338256836,715800
2001-10-29,52.29999923706055,29.825359344482422,330300
2001-10-30,51.650001525878906,29.454662322998047,307000
2001-10-31,51.65999984741211,29.460384368896484,556100
2001-11-01,52.38999938964844,29.87666893005371,187100
2001-11-02,52.7400016784668,30.076282501220703,75800
2001-11-05,53.13999938964844,30.30438804626465,35300
2001-11-06,53.880001068115234,30.726396560668945,89000
2001-11-07,53.849998474121094,30.709270477294922,128700
2001-11-08,53.7599983215332,30.657947540283203,50400
2001-11-09,53.900001525878906,30.737812042236328,80500
2001-11-12,53.619998931884766,30.578107833862305,40000
2001-11-13,54.650001525878906,31.165498733520508,107200
2001-11-14,54.68000030517578,31.1826171875,97600
2001-11-15,54.790000915527344,31.245344161987305,103500
2001-11-16,54.650001525878906,31.165498733520508,131300
2001-11-19,55.2599983215332,31.513370513916016,121900
2001-11-20,55.02000045776367,31.37648582458496,82100
2001-11-21,54.65999984741211,31.17118263244629,117300
2001-11-23,55.400001525878906,31.59321403503418,51400
2001-11-26,55.38999938964844,31.587501525878906,84100
2001-11-27,55.130001068115234,31.439226150512695,99100
2001-11-28,54.209999084472656,30.914566040039062,2093100
2001-11-29,54.63999938964844,31.1597957611084,174700
2001-11-30,54.54999923706055,31.108463287353516,2452800
2001-12-03,54.25,30.937393188476562,453700
2001-12-04,54.91999816894531,31.31946563720703,84000
2001-12-05,55.849998474121094,31.849822998046875,105000
2001-12-06,55.88999938964844,31.872642517089844,208400
2001-12-07,55.790000915527344,31.815608978271484,89900
2001-12-10,54.97999954223633,31.353694915771484,136100
2001-12-11,54.779998779296875,31.239633560180664,156200
2001-12-12,54.79999923706055,31.25103187561035,343800
2001-12-13,53.970001220703125,30.77772331237793,204900
2001-12-14,53.939998626708984,30.89628028869629,119100
2001-12-17,54.040000915527344,30.953556060791016,153200
2001-12-18,54.72999954223633,31.348793029785156,207800
2001-12-19,55.25,31.64662742614746,163900
2001-12-20,55.029998779296875,31.520612716674805,164100
2001-12-21,55.11000061035156,31.566444396972656,332000
2001-12-24,55.15999984741211,31.595081329345703,89900
2001-12-26,55.33000183105469,31.69245719909668,109100
2001-12-27,55.7400016784668,31.927295684814453,539200
2001-12-28,55.959999084472656,32.05331039428711,517400
2001-12-31,55.400001525878906,31.73255157470703,223300
2002-01-02,55.83000183105469,31.978843688964844,718300
2002-01-03,56.2599983215332,32.22515869140625,200100
2002-01-04,56.7400016784668,32.50008010864258,165200
2002-01-07,56.52000045776367,32.37406539916992,284600
2002-01-08,56.13999938964844,32.15643310546875,46800
2002-01-09,55.88999938964844,32.013221740722656,126400
2002-01-10,55.81999969482422,31.973121643066406,41100
2002-01-11,55.43000030517578,31.749740600585938,120700
2002-01-14,55.09000015258789,31.55498695373535,133500
2002-01-15,55.47999954223633,31.778366088867188,222700
2002-01-16,54.650001525878906,31.302961349487305,119600
2002-01-17,55.130001068115234,31.57789421081543,119500
2002-01-18,54.88999938964844,31.440427780151367,77800
2002-01-22,54.5,31.2170467376709,181100
2002-01-23,54.88999938964844,31.440427780151367,159800
2002-01-24,55.220001220703125,31.629438400268555,187700
2002-01-25,55.45000076293945,31.761198043823242,186000
2002-01-28,55.290000915527344,31.66954231262207,994200
2002-01-29,53.75,30.787433624267578,116400
2002-01-30,54.34000015258789,31.125396728515625,93500
2002-01-31,55.06999969482422,31.543521881103516,1077200
2002-02-01,54.70000076293945,31.331594467163086,183800
2002-02-04,53.58000183105469,30.690074920654297,35000
2002-02-05,53.08000183105469,30.403676986694336,78000
2002-02-06,52.599998474121094,30.128742218017578,267400
2002-02-07,52.869998931884766,30.28338623046875,83900
2002-02-08,53.779998779296875,30.804637908935547,462800
2002-02-11,54.45000076293945,31.188398361206055,65300
2002-02-12,54.290000915527344,31.096750259399414,82500
2002-02-13,54.70000076293945,31.331594467163086,146800
2002-02-14,54.540000915527344,31.239946365356445,80200
2002-02-15,54.29999923706055,31.102466583251953,51700
2002-02-19,53.40999984741211,30.59270668029785,63100
2002-02-20,53.97999954223633,30.919189453125,48000
2002-02-21,53.63999938964844,30.724430084228516,58900
2002-02-22,53.810001373291016,30.821805953979492,98800
2002-02-25,54.95000076293945,31.47479820251465,44500
2002-02-26,55.09000015258789,31.55498695373535,39800
2002-02-27,55.13999938964844,31.583620071411133,82800
2002-02-28,55.349998474121094,31.703908920288086,39700
2002-03-01,56.31999969482422,32.259517669677734,61200
2002-03-04,57.2599983215332,32.79794692993164,222800
2002-03-05,57.119998931884766,32.717742919921875,124300
2002-03-06,58.0,33.2218017578125,138200
2002-03-07,57.77000045776367,33.090057373046875,73100
2002-03-08,57.65999984741211,33.140071868896484,280100
2002-03-11,57.81999969482422,33.232032775878906,78100
2002-03-12,57.95000076293945,33.306739807128906,77200
2002-03-13,57.540000915527344,33.071083068847656,108800
2002-03-14,57.4900016784668,33.0423583984375,392900
2002-03-15,58.130001068115234,33.41020202636719,98100
2002-03-18,58.130001068115234,33.41020202636719,214900
2002-03-19,58.47999954223633,33.61134719848633,94600
2002-03-20,57.68000030517578,33.15156173706055,68300
2002-03-21,57.65999984741211,33.140071868896484,69900
2002-03-22,57.5,33.0481071472168,221600
2002-03-25,56.810001373291016,32.65153503417969,72400
2002-03-26,57.09000015258789,32.812477111816406,79100
2002-03-27,57.560001373291016,33.082584381103516,134400
2002-03-28,57.77000045776367,33.203285217285156,102800
2002-04-01,57.400001525878906,32.99064254760742,124700
2002-04-02,57.400001525878906,32.99064254760742,451200
2002-04-03,56.79999923706055,32.64579391479492,39300
2002-04-04,56.900001525878906,32.70325469970703,54500
2002-04-05,56.849998474121094,32.67451477050781,87900
2002-04-08,57.15999984741211,32.852691650390625,60800
2002-04-09,56.93000030517578,32.72050094604492,35800
2002-04-10,57.56999969482422,33.08834457397461,217600
2002-04-11,56.470001220703125,32.45612716674805,32800
2002-04-12,56.630001068115234,32.548091888427734,27300
2002-04-15,56.290000915527344,32.352657318115234,98600
2002-04-16,57.5,33.0481071472168,142900
2002-04-17,57.5,33.0481071472168,157400
2002-04-18,57.380001068115234,32.9791374206543,58800
2002-04-19,57.47999954223633,33.03662109375,192500
2002-04-22,56.650001525878906,32.5595703125,236200
2002-04-23,56.5099983215332,32.47909927368164,232900
2002-04-24,56.119998931884766,32.254940032958984,297400
2002-04-25,56.0099983215332,32.191741943359375,147500
2002-04-26,55.70000076293945,32.013545989990234,91900
2002-04-29,55.060001373291016,31.645700454711914,104400
2002-04-30,55.630001068115234,31.97332191467285,154200
2002-05-01,56.18000030517578,32.2894401550293,69200
2002-05-02,56.38999938964844,32.41013717651367,105400
2002-05-03,56.22999954223633,32.31816482543945,93800
2002-05-06,55.220001220703125,31.7376708984375,155900
2002-05-07,55.029998779296875,31.62846565246582,109100
2002-05-08,56.27000045776367,32.34116744995117,270800
2002-05-09,55.849998474121094,32.099769592285156,111400
2002-05-10,55.22999954223633,31.743427276611328,85100
2002-05-13,56.040000915527344,32.20896911621094,78700
2002-05-14,56.90999984741211,32.709014892578125,291900
2002-05-15,56.72999954223633,32.60554504394531,64400
2002-05-16,56.959999084472656,32.737735748291016,81300
2002-05-17,57.09000015258789,32.812477111816406,158400
2002-05-20,56.560001373291016,32.50785827636719,93300
2002-05-21,56.25,32.329654693603516,664600
2002-05-22,56.470001220703125,32.45612716674805,177000
2002-05-23,57.08000183105469,32.80671310424805,460200
2002-05-24,56.47999954223633,32.46184539794922,574600
2002-05-28,56.189998626708984,32.295196533203125,108900
2002-05-29,55.97999954223633,32.17448043823242,148400
2002-05-30,55.70000076293945,32.013545989990234,84900
2002-05-31,55.650001525878906,31.984806060791016,157400
2002-06-03,54.7599983215332,31.473289489746094,297700
2002-06-04,54.68000030517578,31.427324295043945,277600
2002-06-05,54.959999084472656,31.588237762451172,2706700
2002-06-06,53.93000030517578,30.996246337890625,237100
2002-06-07,54.06999969482422,31.07671356201172,140000
2002-06-10,54.25,31.18017578125,209200
2002-06-11,53.630001068115234,30.823822021484375,163900
2002-06-12,53.849998474121094,30.950265884399414,98900
2002-06-13,53.22999954223633,30.593936920166016,348300
2002-06-14,52.95000076293945,30.565637588500977,209300
2002-06-17,54.52000045776367,31.471921920776367,612300
2002-06-18,54.5,31.46038246154785,128200
2002-06-19,53.84000015258789,31.079387664794922,627600
2002-06-20,53.25,30.73882484436035,145700
2002-06-21,52.63999938964844,30.386688232421875,136800
2002-06-24,52.40999984741211,30.253917694091797,288200
2002-06-25,51.869998931884766,29.94219970703125,193100
2002-06-26,51.150001525878906,29.52657127380371,148800
2002-06-27,52.15999984741211,30.10961151123047,162200
2002-06-28,52.20000076293945,30.1326961517334,308400
2002-07-01,51.47999954223633,29.717071533203125,114800
2002-07-02,50.369998931884766,29.07632827758789,411400
2002-07-03,50.34000015258789,29.058998107910156,81600
2002-07-05,51.90999984741211,29.965293884277344,21200
2002-07-08,51.689998626708984,29.838279724121094,1553100
2002-07-09,50.5099983215332,29.15713882446289,986800
2002-07-10,48.97999954223633,28.273941040039062,945600
2002-07-11,49.2400016784668,28.42402458190918,446700
2002-07-12,48.38999938964844,27.933359146118164,804300
2002-07-15,48.06999969482422,27.748638153076172,228500
2002-07-16,47.369998931884766,27.34455680847168,176400
2002-07-17,47.47999954223633,27.408042907714844,99300
2002-07-18,46.310001373291016,26.7326717376709,169800
2002-07-19,44.540000915527344,25.71092987060547,116400
2002-07-22,42.779998779296875,24.6949520111084,482600
2002-07-23,41.599998474121094,24.013795852661133,465700
2002-07-24,43.66999816894531,25.20871925354004,218600
2002-07-25,43.97999954223633,25.387670516967773,452500
2002-07-26,44.36000061035156,25.607009887695312,150400
2002-07-29,46.75,26.98665428161621,416200
2002-07-30,46.97999954223633,27.119430541992188,402300
2002-07-31,47.630001068115234,27.494644165039062,388900
2002-08-01,46.34000015258789,26.749990463256836,369100
2002-08-02,45.22999954223633,26.109233856201172,495600
2002-08-05,43.599998474121094,25.16830062866211,170800
2002-08-06,45.060001373291016,26.011098861694336,418200
2002-08-07,45.560001373291016,26.299732208251953,170300
2002-08-08,47.38999938964844,27.356109619140625,314800
2002-08-09,47.47999954223633,27.408042907714844,198200
2002-08-12,47.25,27.275285720825195,346000
2002-08-13,46.279998779296875,26.7153377532959,120900
2002-08-14,47.709999084472656,27.54082489013672,78100
2002-08-15,48.22999954223633,27.84099578857422,228700
2002-08-16,48.279998779296875,27.869848251342773,113600
2002-08-19,49.369998931884766,28.499067306518555,197800
2002-08-20,48.650001525878906,28.08344268798828,178000
2002-08-21,49.119998931884766,28.354747772216797,158800
2002-08-22,49.95000076293945,28.833871841430664,195200
2002-08-23,48.70000076293945,28.11231231689453,127500
2002-08-26,49.16999816894531,28.38360595703125,121000
2002-08-27,48.90999984741211,28.233518600463867,164800
2002-08-28,47.810001373291016,27.598543167114258,98800
2002-08-29,47.90999984741211,27.656278610229492,120200
2002-08-30,47.79999923706055,27.592788696289062,704200
2002-09-03,45.97999954223633,26.542173385620117,264800
2002-09-04,46.75,26.98665428161621,114200
2002-09-05,46.209999084472656,26.6749324798584,91300
2002-09-06,46.83000183105469,27.0328311920166,86400
2002-09-09,47.29999923706055,27.30414390563965,292200
2002-09-10,47.529998779296875,27.43691635131836,278700
2002-09-11,47.290000915527344,27.298376083374023,135900
2002-09-12,46.31999969482422,26.738435745239258,155400
2002-09-13,46.11000061035156,26.76280403137207,149900
2002-09-16,46.04999923706055,26.727985382080078,358600
2002-09-17,45.20000076293945,26.234649658203125,149600
2002-09-18,44.70000076293945,25.944429397583008,84000
2002-09-19,43.599998474121094,25.305978775024414,226300
2002-09-20,43.439998626708984,25.213119506835938,136400
2002-09-23,43.349998474121094,25.160877227783203,143800
2002-09-24,42.209999084472656,24.499208450317383,262400
2002-09-25,43.400001525878906,25.18990135192871,192700
2002-09-26,44.04999923706055,25.56717872619629,104200
2002-09-27,42.650001525878906,24.75459098815918,123700
2002-09-30,42.31999969482422,24.56305694580078,1696800
2002-10-01,44.0099983215332,25.543943405151367,350400
2002-10-02,42.599998474121094,24.72557830810547,257600
2002-10-03,42.150001525878906,24.464378356933594,308800
2002-10-04,41.29999923706055,23.971023559570312,948800
2002-10-07,40.20000076293945,23.332565307617188,311400
2002-10-08,40.66999816894531,23.60538101196289,263200
2002-10-09,39.40999984741211,22.874042510986328,229900
2002-10-10,40.810001373291016,23.686630249023438,876900
2002-10-11,42.40999984741211,24.615291595458984,115200
2002-10-14,42.599998474121094,24.72557830810547,193400
2002-10-15,44.880001068115234,26.048912048339844,148800
2002-10-16,43.83000183105469,25.43947410583496,225000
2002-10-17,45.0099983215332,26.12435531616211,360300
2002-10-18,44.84000015258789,26.02569007873535,183600
2002-10-21,45.79999923706055,26.582883834838867,514000
2002-10-22,45.58000183105469,26.45519256591797,337400
2002-10-23,45.83000183105469,26.600299835205078,191500
2002-10-24,45.099998474121094,26.176603317260742,130900
2002-10-25,46.130001068115234,26.774438858032227,92400
2002-10-28,45.630001068115234,26.484224319458008,327600
2002-10-29,45.13999938964844,26.19981575012207,405200
2002-10-30,45.650001525878906,26.495820999145508,760300
2002-10-31,45.59000015258789,26.46099281311035,344700
2002-11-01,46.11000061035156,26.76280403137207,325100
2002-11-04,46.599998474121094,27.047224044799805,615100
2002-11-05,46.95000076293945,27.250364303588867,206500
2002-11-06,47.29999923706055,27.453502655029297,209400
2002-11-07,46.18000030517578,26.80345916748047,398800
2002-11-08,45.75,26.553871154785156,233100
2002-11-11,45.02000045776367,26.130172729492188,298900
2002-11-12,45.20000076293945,26.234649658203125,190600
2002-11-13,45.25,26.26365852355957,160300
2002-11-14,45.91999816894531,26.65254020690918,293800
2002-11-15,46.63999938964844,27.070432662963867,310500
2002-11-18,46.040000915527344,26.722187042236328,434600
2002-11-19,46.15999984741211,26.791841506958008,312300
2002-11-20,46.75,27.134279251098633,521000
2002-11-21,48.15999984741211,27.95265769958496,591800
2002-11-22,48.029998779296875,27.87721061706543,321300
2002-11-25,48.150001525878906,27.94684410095215,404200
2002-11-26,47.209999084472656,27.401268005371094,459300
2002-11-27,48.45000076293945,28.120983123779297,344100
2002-11-29,48.5,28.149999618530273,528300
2002-12-02,48.400001525878906,28.091962814331055,412500
2002-12-03,47.599998474121094,27.62762451171875,325600
2002-12-04,47.38999938964844,27.505752563476562,703400
2002-12-05,46.91999816894531,27.232948303222656,665800
2002-12-06,47.349998474121094,27.482528686523438,361400
2002-12-09,46.369998931884766,26.913719177246094,404400
2002-12-10,46.849998474121094,27.192306518554688,315200
2002-12-11,46.91999816894531,27.232948303222656,362900
2002-12-12,46.849998474121094,27.192306518554688,376900
2002-12-13,46.04999923706055,26.901979446411133,520800
2002-12-16,47.150001525878906,27.544591903686523,878400
2002-12-17,46.95000076293945,27.427753448486328,545500
2002-12-18,46.25,27.01881980895996,547300
2002-12-19,45.869998931884766,26.796810150146484,724000
2002-12-20,46.529998779296875,27.18239402770996,743800
2002-12-23,46.689998626708984,27.275875091552734,506300
2002-12-24,46.459999084472656,27.141490936279297,401600
2002-12-26,46.400001525878906,27.1064510345459,385500
2002-12-27,45.40999984741211,26.52811050415039,503100
2002-12-30,45.90999984741211,26.8201961517334,697800
2002-12-31,45.86000061035156,26.790992736816406,473600
2003-01-02,47.45000076293945,27.719860076904297,1083500
2003-01-03,47.40999984741211,27.69647789001465,304200
2003-01-06,48.79999923706055,28.508506774902344,680500
2003-01-07,48.150001525878906,28.12876319885254,244600
2003-01-08,47.66999816894531,27.84836769104004,731200
2003-01-09,48.220001220703125,28.169673919677734,540600
2003-01-10,48.36000061035156,28.251468658447266,433300
2003-01-13,48.34000015258789,28.23978042602539,620100
2003-01-14,48.689998626708984,28.444257736206055,393100
2003-01-15,48.029998779296875,28.05867576599121,329100
2003-01-16,47.83000183105469,27.94182777404785,591200
2003-01-17,47.20000076293945,27.573806762695312,332100
2003-01-21,46.54999923706055,27.194082260131836,736800
2003-01-22,45.93000030517578,26.831886291503906,282700
2003-01-23,46.2599983215332,27.024641036987305,738100
2003-01-24,45.04999923706055,26.317779541015625,391900
2003-01-27,44.349998474121094,25.908864974975586,702900
2003-01-28,44.540000915527344,26.019859313964844,395900
2003-01-29,45.0,26.28857421875,126500
2003-01-30,44.18000030517578,25.809545516967773,191700
2003-01-31,44.720001220703125,26.125,259200
2003-02-03,45.099998474121094,26.347002029418945,320000
2003-02-04,44.4900016784668,25.990650177001953,207100
2003-02-05,44.20000076293945,25.821231842041016,138600
2003-02-06,44.04999923706055,25.73360824584961,86600
2003-02-07,43.439998626708984,25.37724494934082,178200
2003-02-10,43.86000061035156,25.622604370117188,107100
2003-02-11,43.33000183105469,25.312986373901367,130900
2003-02-12,42.619998931884766,24.898221969604492,208900
2003-02-13,42.709999084472656,24.950788497924805,257200
2003-02-14,43.41999816894531,25.36555290222168,171700
2003-02-18,44.310001373291016,25.885498046875,158400
2003-02-19,44.0099983215332,25.710224151611328,142200
2003-02-20,43.380001068115234,25.342182159423828,155900
2003-02-21,44.0,25.704383850097656,247400
2003-02-24,43.15999984741211,25.21367835998535,167200
2003-02-25,43.59000015258789,25.46487045288086,136900
2003-02-26,43.060001373291016,25.155256271362305,160800
2003-02-27,43.400001525878906,25.35387420654297,355100
2003-02-28,43.75,25.55833625793457,167200
2003-03-03,43.5099983215332,25.41814422607422,82900
2003-03-04,42.84000015258789,25.026731491088867,517900
2003-03-05,43.06999969482422,25.161094665527344,56800
2003-03-06,42.650001525878906,24.91573143005371,157000
2003-03-07,42.869998931884766,25.177669525146484,159100
2003-03-10,41.650001525878906,24.461162567138672,352500
2003-03-11,41.279998779296875,24.243858337402344,253200
2003-03-12,41.119998931884766,24.14988899230957,317400
2003-03-13,42.5,24.960365295410156,207700
2003-03-14,42.630001068115234,25.036712646484375,172300
2003-03-17,44.029998779296875,25.858928680419922,181400
2003-03-18,44.119998931884766,25.91179656982422,313900
2003-03-19,44.54999923706055,26.164335250854492,717100
2003-03-20,44.709999084472656,26.25830841064453,275800
2003-03-21,45.72999954223633,26.857370376586914,674600
2003-03-24,44.060001373291016,25.876564025878906,314700
2003-03-25,44.7400016784668,26.275936126708984,177700
2003-03-26,44.25,25.9881534576416,107400
2003-03-27,44.400001525878906,26.076248168945312,167900
2003-03-28,44.310001373291016,26.023395538330078,134700
2003-03-31,43.400001525878906,25.488941192626953,216100
2003-04-01,44.2400016784668,25.982284545898438,287600
2003-04-02,45.150001525878906,26.51671600341797,310400
2003-04-03,44.689998626708984,26.246562957763672,106100
2003-04-04,44.849998474121094,26.34051513671875,69500
2003-04-07,45.06999969482422,26.46973419189453,244100
2003-04-08,44.95000076293945,26.399263381958008,141700
2003-04-09,44.40999984741211,26.08211898803711,556500
2003-04-10,44.540000915527344,26.15847396850586,217000
2003-04-11,44.59000015258789,26.18782615661621,95100
2003-04-14,45.279998779296875,26.593069076538086,105100
2003-04-15,45.77000045776367,26.880855560302734,299800
2003-04-16,45.220001220703125,26.557830810546875,84100
2003-04-17,45.86000061035156,26.9337100982666,117100
2003-04-21,45.720001220703125,26.851478576660156,181500
2003-04-22,46.849998474121094,27.515117645263672,214600
2003-04-23,47.25,27.75005531311035,373500
2003-04-24,46.81999969482422,27.497520446777344,300700
2003-04-25,46.290000915527344,27.186243057250977,139700
2003-04-28,47.08000183105469,27.650217056274414,228700
2003-04-29,47.13999938964844,27.685447692871094,210400
2003-04-30,47.209999084472656,27.7265567779541,144400
2003-05-01,47.20000076293945,27.720699310302734,148600
2003-05-02,47.97999954223633,28.178789138793945,248200
2003-05-05,47.689998626708984,28.008480072021484,195400
2003-05-06,48.0,28.190521240234375,238000
2003-05-07,48.0,28.190521240234375,147300
2003-05-08,47.47999954223633,27.88512420654297,86500
2003-05-09,47.939998626708984,28.155296325683594,3408900
2003-05-12,48.599998474121094,28.542911529541016,375000
2003-05-13,48.540000915527344,28.507665634155273,283000
2003-05-14,48.459999084472656,28.4606876373291,234700
2003-05-15,48.79999923706055,28.660377502441406,139600
2003-05-16,48.90999984741211,28.724964141845703,219100
2003-05-19,47.84000015258789,28.0965633392334,370700
2003-05-20,47.81999969482422,28.08481788635254,216800
2003-05-21,47.970001220703125,28.172927856445312,128100
2003-05-22,48.58000183105469,28.531164169311523,148100
2003-05-23,48.900001525878906,28.71910858154297,283300
2003-05-27,49.88999938964844,29.300527572631836,315700
2003-05-28,49.93000030517578,29.324031829833984,186300
2003-05-29,49.38999938964844,29.006879806518555,151900
2003-05-30,50.369998931884766,29.582439422607422,554700
2003-06-02,50.97999954223633,29.94068717956543,206400
2003-06-03,50.88999938964844,29.88784408569336,260900
2003-06-04,51.70000076293945,30.363548278808594,122300
2003-06-05,51.83000183105469,30.439912796020508,117800
2003-06-06,51.75,30.392927169799805,255800
2003-06-09,51.0,29.952442169189453,834500
2003-06-10,51.45000076293945,30.216732025146484,187600
2003-06-11,52.29999923706055,30.7159366607666,244500
2003-06-12,52.47999954223633,30.8216495513916,164500
2003-06-13,51.47999954223633,30.382558822631836,80000
2003-06-16,52.45000076293945,30.955015182495117,283100
2003-06-17,52.5,30.984546661376953,267300
2003-06-18,52.15999984741211,30.78388214111328,208300
2003-06-19,51.58000183105469,30.441577911376953,264100
2003-06-20,51.66999816894531,30.494691848754883,174700
2003-06-23,50.970001220703125,30.08156967163086,147500
2003-06-24,51.150001525878906,30.18779754638672,205200
2003-06-25,50.65999984741211,29.89859390258789,286800
2003-06-26,51.20000076293945,30.2172908782959,388600
2003-06-27,50.54999923706055,29.83368682861328,428400
2003-06-30,50.56999969482422,29.845470428466797,260600
2003-07-01,51.16999816894531,30.199588775634766,197400
2003-07-02,51.72999954223633,30.530101776123047,2042000
2003-07-03,51.279998779296875,30.264522552490234,192000
2003-07-07,52.04999923706055,30.71895980834961,200400
2003-07-08,52.25,30.83698844909668,495500
2003-07-09,51.86000061035156,30.60681915283203,264700
2003-07-10,51.310001373291016,30.2822208404541,242500
2003-07-11,51.849998474121094,30.600923538208008,105400
2003-07-14,51.9900016784668,30.683542251586914,366500
2003-07-15,51.88999938964844,30.62451934814453,300800
2003-07-16,51.45000076293945,30.364850997924805,126600
2003-07-17,50.75,29.951719284057617,339200
2003-07-18,51.560001373291016,30.429773330688477,119200
2003-07-21,50.79999923706055,29.981218338012695,259500
2003-07-22,51.5,30.39436912536621,266900
2003-07-23,51.31999969482422,30.288116455078125,125900
2003-07-24,50.939998626708984,30.063871383666992,137200
2003-07-25,51.849998474121094,30.600923538208008,122000
2003-07-28,51.7599983215332,30.547788619995117,171800
2003-07-29,51.400001525878906,30.335346221923828,89600
2003-07-30,51.20000076293945,30.2172908782959,95800
2003-07-31,51.43000030517578,30.35304069519043,119100
2003-08-01,50.939998626708984,30.063871383666992,156400
2003-08-04,50.95000076293945,30.069746017456055,142700
2003-08-05,49.900001525878906,29.450075149536133,163600
2003-08-06,50.45000076293945,29.774662017822266,167700
2003-08-07,50.619998931884766,29.874990463256836,139400
2003-08-08,50.869998931884766,30.02254867553711,87400
2003-08-11,51.09000015258789,30.152389526367188,78800
2003-08-12,51.63999938964844,30.47698402404785,93400
2003-08-13,51.459999084472656,30.37075424194336,123200
2003-08-14,51.689998626708984,30.506481170654297,170600
2003-08-15,51.599998474121094,30.453369140625,121600
2003-08-18,51.86000061035156,30.60681915283203,387600
2003-08-19,52.04999923706055,30.71895980834961,182200
2003-08-20,52.060001373291016,30.72486114501953,105400
2003-08-21,52.2400016784668,30.831090927124023,170100
2003-08-22,51.43000030517578,30.35304069519043,147300
2003-08-25,51.45000076293945,30.364850997924805,312600
2003-08-26,51.5099983215332,30.400257110595703,212800
2003-08-27,51.59000015258789,30.447473526000977,330700
2003-08-28,51.869998931884766,30.612720489501953,240200
2003-08-29,52.18000030517578,30.795684814453125,341400
2003-09-02,52.91999816894531,31.2324161529541,235400
2003-09-03,53.0,31.279619216918945,368400
2003-09-04,53.040000915527344,31.30323600769043,201400
2003-09-05,52.77000045776367,31.143869400024414,92300
2003-09-08,53.209999084472656,31.4035587310791,97500
2003-09-09,52.95000076293945,31.250112533569336,95400
2003-09-10,52.22999954223633,30.825199127197266,274500
2003-09-11,52.439998626708984,30.949132919311523,255800
2003-09-12,52.150001525878906,30.939035415649414,190500
2003-09-15,52.099998474121094,30.909378051757812,379100
2003-09-16,52.709999084472656,31.271249771118164,108800
2003-09-17,52.599998474121094,31.206012725830078,146600
2003-09-18,53.33000183105469,31.63909149169922,170800
2003-09-19,53.279998779296875,31.60944175720215,117200
2003-09-22,52.58000183105469,31.194156646728516,309700
2003-09-23,52.650001525878906,31.23567771911621,388000
2003-09-24,51.95000076293945,30.82037353515625,438300
2003-09-25,51.5,30.553424835205078,359600
2003-09-26,51.33000183105469,30.452556610107422,1906100
2003-09-29,51.720001220703125,30.683935165405273,263500
2003-09-30,51.40999984741211,30.500001907348633,722600
2003-10-01,52.5,31.146697998046875,580400
2003-10-02,52.63999938964844,31.2297420501709,308200
2003-10-03,53.09000015258789,31.496721267700195,154800
2003-10-06,53.2400016784668,31.585704803466797,965100
2003-10-07,53.54999923706055,31.769617080688477,140200
2003-10-08,53.310001373291016,31.627239227294922,385400
2003-10-09,53.72999954223633,31.87639617919922,370900
2003-10-10,53.779998779296875,31.90607452392578,142500
2003-10-13,54.040000915527344,32.06031799316406,242400
2003-10-14,54.38999938964844,32.26797866821289,160900
2003-10-15,54.290000915527344,32.20863723754883,173300
2003-10-16,54.380001068115234,32.26202392578125,180200
2003-10-17,53.900001525878906,31.977264404296875,134800
2003-10-20,54.060001373291016,32.07219696044922,117200
2003-10-21,53.939998626708984,32.000999450683594,619400
2003-10-22,53.349998474121094,31.650955200195312,185700
2003-10-23,53.54999923706055,31.769617080688477,237100
2003-10-24,53.439998626708984,31.704368591308594,183200
2003-10-27,53.439998626708984,31.704368591308594,143500
2003-10-28,54.099998474121094,32.095916748046875,1124400
2003-10-29,54.380001068115234,32.26202392578125,838500
2003-10-30,54.540000915527344,32.35696029663086,872700
2003-10-31,54.65999984741211,32.42814636230469,348300
2003-11-03,55.0,32.62986755371094,490800
2003-11-04,54.849998474121094,32.540855407714844,131400
2003-11-05,54.81999969482422,32.52307891845703,278400
2003-11-06,55.060001373291016,32.66544723510742,381300
2003-11-07,54.93000030517578,32.58833694458008,199100
2003-11-10,54.56999969482422,32.3747444152832,141800
2003-11-11,54.59000015258789,32.38662338256836,141700
2003-11-12,55.09000015258789,32.683250427246094,216600
2003-11-13,55.15999984741211,32.72477340698242,481100
2003-11-14,54.58000183105469,32.38068771362305,161300
2003-11-17,54.41999816894531,32.2857666015625,223400
2003-11-18,53.95000076293945,32.006935119628906,572000
2003-11-19,54.2400016784668,32.17898178100586,308700
2003-11-20,53.70000076293945,31.858612060546875,260000
2003-11-21,54.02000045776367,32.048458099365234,331100
2003-11-24,54.70000076293945,32.45186996459961,222800
2003-11-25,55.11000061035156,32.69511032104492,438900
2003-11-26,55.310001373291016,32.81376266479492,539200
2003-11-28,55.25,32.77817153930664,111000
2003-12-01,55.970001220703125,33.20533752441406,287300
2003-12-02,55.939998626708984,33.187522888183594,418000
2003-12-03,55.88999938964844,33.15787124633789,246900
2003-12-04,56.13999938964844,33.306175231933594,443100
2003-12-05,55.7599983215332,33.08073806762695,262500
2003-12-08,56.209999084472656,33.347713470458984,315100
2003-12-09,55.72999954223633,33.06294250488281,215200
2003-12-10,55.68000030517578,33.03327178955078,382500
2003-12-11,56.22999954223633,33.35959243774414,291400
2003-12-12,56.130001068115234,33.51301956176758,315800
2003-12-15,55.790000915527344,33.31002426147461,905100
2003-12-16,56.25,33.752864837646484,350400
2003-12-17,56.439998626708984,33.866878509521484,282700
2003-12-18,57.0099983215332,34.20889663696289,338900
2003-12-19,57.13999938964844,34.28689956665039,321400
2003-12-22,57.43000030517578,34.46092224121094,558700
2003-12-23,57.5099983215332,34.5089225769043,410700
2003-12-24,57.45000076293945,34.47292709350586,751000
2003-12-26,57.58000183105469,34.550926208496094,143600
2003-12-29,58.119998931884766,34.87497329711914,370400
2003-12-30,58.33000183105469,35.00098419189453,238900
2003-12-31,58.369998931884766,35.024967193603516,319300
2004-01-02,58.209999084472656,34.928977966308594,207100
2004-01-05,58.83000183105469,35.30099868774414,630100
2004-01-06,58.900001525878906,35.3430061340332,322700
2004-01-07,58.880001068115234,35.330989837646484,610000
2004-01-08,59.220001220703125,35.535011291503906,315300
2004-01-09,58.81999969482422,35.29499435424805,886600
2004-01-12,58.93000030517578,35.361000061035156,624900
2004-01-13,58.70000076293945,35.22298049926758,328400
2004-01-14,59.38999938964844,35.63700866699219,256400
2004-01-15,59.5099983215332,35.70902633666992,448900
2004-01-16,59.619998931884766,35.77505111694336,437400
2004-01-20,59.77000045776367,35.86503982543945,467000
2004-01-21,60.349998474121094,36.213069915771484,441200
2004-01-22,60.130001068115234,36.08106231689453,373600
2004-01-23,59.83000183105469,35.90103530883789,257700
2004-01-26,60.599998474121094,36.36308288574219,438600
2004-01-27,60.16999816894531,36.10506820678711,525800
2004-01-28,59.34000015258789,35.60700607299805,547400
2004-01-29,59.470001220703125,35.685020446777344,228100
2004-01-30,59.369998931884766,35.62501525878906,170400
2004-02-02,59.61000061035156,35.769046783447266,2348600
2004-02-03,59.439998626708984,35.667022705078125,629400
2004-02-04,59.0099983215332,35.408992767333984,213800
2004-02-05,59.08000183105469,35.451011657714844,322300
2004-02-06,59.77000045776367,35.86503982543945,175600
2004-02-09,59.72999954223633,35.841033935546875,709700
2004-02-10,60.130001068115234,36.08106231689453,480900
2004-02-11,60.83000183105469,36.50110626220703,584900
2004-02-12,60.61000061035156,36.369075775146484,404200
2004-02-13,60.34000015258789,36.20707321166992,301300
2004-02-17,60.880001068115234,36.53111267089844,228900
2004-02-18,60.65999984741211,36.39908981323242,264200
2004-02-19,60.529998779296875,36.32107162475586,326600
2004-02-20,60.18000030517578,36.11106872558594,334000
2004-02-23,60.15999984741211,36.099056243896484,348400
2004-02-24,59.900001525878906,35.94306182861328,253000
2004-02-25,60.16999816894531,36.10506820678711,226900
2004-02-26,60.36000061035156,36.219058990478516,332200
2004-02-27,60.63999938964844,36.38707733154297,198000
2004-03-01,61.25,36.75312423706055,511900
2004-03-02,61.02000045776367,36.6151008605957,366600
2004-03-03,61.060001373291016,36.63909149169922,235200
2004-03-04,61.290000915527344,36.77710723876953,471800
2004-03-05,61.59000015258789,36.957130432128906,379500
2004-03-08,61.060001373291016,36.63909149169922,270800
2004-03-09,60.70000076293945,36.423099517822266,388000
2004-03-10,59.88999938964844,35.93705749511719,818400
2004-03-11,58.959999084472656,35.379005432128906,384300
2004-03-12,59.779998779296875,35.871028900146484,429800
2004-03-15,58.93000030517578,35.361000061035156,2313000
2004-03-16,59.25,35.55301284790039,248800
2004-03-17,60.0099983215332,36.00905227661133,324900
2004-03-18,60.08000183105469,36.051055908203125,447800
2004-03-19,59.47999954223633,35.691036224365234,236200
2004-03-22,58.54999923706055,35.13299560546875,654900
2004-03-23,58.36000061035156,35.01896667480469,262700
2004-03-24,58.150001525878906,34.89295959472656,1079900
2004-03-25,58.970001220703125,35.385005950927734,318800
2004-03-26,58.720001220703125,35.404903411865234,386700
2004-03-29,59.47999954223633,35.86314010620117,466900
2004-03-30,59.7400016784668,36.01990509033203,298000
2004-03-31,59.90999984741211,36.12240982055664,250600
2004-04-01,60.18000030517578,36.28520965576172,1109700
2004-04-02,60.380001068115234,36.40578842163086,492400
2004-04-05,60.689998626708984,36.59269714355469,215800
2004-04-06,60.540000915527344,36.502254486083984,206100
2004-04-07,60.380001068115234,36.40578842163086,933700
2004-04-08,60.2400016784668,36.321372985839844,116900
2004-04-12,60.41999816894531,36.42991638183594,375200
2004-04-13,59.40999984741211,35.82094955444336,181900
2004-04-14,59.2599983215332,35.73048782348633,356900
2004-04-15,59.25,35.72443771362305,412600
2004-04-16,59.689998626708984,35.98974609375,1042600
2004-04-19,59.470001220703125,35.85710525512695,350500
2004-04-20,58.720001220703125,35.404903411865234,426500
2004-04-21,58.95000076293945,35.5435791015625,357700
2004-04-22,60.0,36.17666244506836,279700
2004-04-23,59.77000045776367,36.03799057006836,308100
2004-04-26,59.720001220703125,36.00782775878906,1349700
2004-04-27,59.900001525878906,36.11637496948242,494100
2004-04-28,59.119998931884766,35.64607620239258,366400
2004-04-29,58.650001525878906,35.362701416015625,1546800
2004-04-30,58.22999954223633,35.10944747924805,527700
2004-05-03,58.7599983215332,35.42900466918945,597300
2004-05-04,59.02000045776367,35.58577346801758,1960600
2004-05-05,59.189998626708984,35.688289642333984,397400
2004-05-06,58.54999923706055,35.30241012573242,880100
2004-05-07,57.45000076293945,34.63916778564453,417300
2004-05-10,56.63999938964844,34.1507682800293,451500
2004-05-11,57.099998474121094,34.4281120300293,282000
2004-05-12,57.29999923706055,34.54871368408203,557700
2004-05-13,57.25,34.51856994628906,274300
2004-05-14,57.40999984741211,34.61505126953125,149000
2004-05-17,56.7599983215332,34.2231330871582,249000
2004-05-18,57.18000030517578,34.47636413574219,407200
2004-05-19,56.93000030517578,34.32563018798828,657900
2004-05-20,57.290000915527344,34.542694091796875,419300
2004-05-21,57.400001525878906,34.60902404785156,328000
2004-05-24,57.529998779296875,34.68740463256836,362700
2004-05-25,58.5,35.27225112915039,362600
2004-05-26,58.709999084472656,35.398887634277344,775900
2004-05-27,58.86000061035156,35.48929214477539,304600
2004-05-28,58.79999923706055,35.45310974121094,648800
2004-06-01,58.93000030517578,35.53152084350586,513200
2004-06-02,59.119998931884766,35.64607620239258,1744800
2004-06-03,58.68000030517578,35.38077926635742,253900
2004-06-04,58.9900016784668,35.56770706176758,332200
2004-06-07,59.86000061035156,36.09223937988281,282000
2004-06-08,59.84000015258789,36.08019256591797,370200
2004-06-09,59.38999938964844,35.808868408203125,256500
2004-06-10,59.689998626708984,35.98974609375,348000
2004-06-14,59.0,35.5737190246582,322000
2004-06-15,59.380001068115234,35.8028450012207,340400
2004-06-16,59.56999969482422,35.91740417480469,213800
2004-06-17,59.58000183105469,35.923423767089844,188700
2004-06-18,59.77000045776367,36.03799057006836,386900
2004-06-21,59.630001068115234,35.95358657836914,1805500
2004-06-22,59.880001068115234,36.10430145263672,461500
2004-06-23,60.31999969482422,36.369606018066406,399500
2004-06-24,60.150001525878906,36.2671012878418,781100
2004-06-25,59.560001373291016,36.07993698120117,613700
2004-06-28,59.61000061035156,36.1102294921875,462800
2004-06-29,59.7400016784668,36.18898010253906,641100
2004-06-30,60.060001373291016,36.38282012939453,1511000
2004-07-01,59.310001373291016,35.92849349975586,458400
2004-07-02,59.41999816894531,35.995113372802734,315100
2004-07-06,59.040000915527344,35.764923095703125,440000
2004-07-07,59.11000061035156,35.80732727050781,367000
2004-07-08,58.880001068115234,35.66798782348633,252400
2004-07-09,58.91999816894531,35.69222640991211,719800
2004-07-12,59.099998474121094,35.801265716552734,273900
2004-07-13,59.209999084472656,35.867916107177734,391200
2004-07-14,59.119998931884766,35.813392639160156,189600
2004-07-15,58.95000076293945,35.71039962768555,342200
2004-07-16,58.90999984741211,35.6861572265625,402400
2004-07-19,58.97999954223633,35.72858428955078,100500
2004-07-20,59.40999984741211,35.989051818847656,702400
2004-07-21,58.400001525878906,35.377220153808594,373200
2004-07-22,58.54999923706055,35.46810531616211,1168700
2004-07-23,58.25,35.28635787963867,400500
2004-07-26,58.16999816894531,35.237892150878906,535200
2004-07-27,58.599998474121094,35.49836730957031,1003300
2004-07-28,58.83000183105469,35.6376953125,738400
2004-07-29,59.18000030517578,35.84973907470703,314600
2004-07-30,59.29999923706055,35.922428131103516,228000
2004-08-02,59.369998931884766,35.96482849121094,318700
2004-08-03,59.150001525878906,35.83155059814453,224100
2004-08-04,59.130001068115234,35.81943893432617,432100
2004-08-05,58.27000045776367,35.29848098754883,375500
2004-08-06,57.400001525878906,34.771461486816406,234300
2004-08-09,57.5099983215332,34.83808898925781,176000
2004-08-10,58.15999984741211,35.231842041015625,295100
2004-08-11,58.29999923706055,35.31665802001953,401700
2004-08-12,57.5,34.83203125,337600
2004-08-13,57.540000915527344,34.856258392333984,630000
2004-08-16,58.36000061035156,35.353004455566406,571700
2004-08-17,58.529998779296875,35.45596694946289,277000
2004-08-18,59.15999984741211,35.83760452270508,272200
2004-08-19,59.0,35.740684509277344,166500
2004-08-20,59.400001525878906,35.983001708984375,529600
2004-08-23,59.209999084472656,35.867916107177734,762700
2004-08-24,59.349998474121094,35.95269775390625,270900
2004-08-25,59.72999954223633,36.18290328979492,535300
2004-08-26,59.779998779296875,36.21318054199219,201500
2004-08-27,59.88999938964844,36.27983474731445,170700
2004-08-30,59.470001220703125,36.02540588378906,276600
2004-08-31,60.029998779296875,36.36463165283203,826200
2004-09-01,60.150001525878906,36.43732452392578,910200
2004-09-02,60.779998779296875,36.818973541259766,942900
2004-09-03,60.5,36.64936065673828,489500
2004-09-07,61.06999969482422,36.9946403503418,210000
2004-09-08,60.779998779296875,36.818973541259766,288200
2004-09-09,60.83000183105469,36.849246978759766,816000
2004-09-10,61.040000915527344,36.976470947265625,278000
2004-09-13,61.18000030517578,37.061283111572266,494100
2004-09-14,61.09000015258789,37.006744384765625,290300
2004-09-15,60.77000045776367,36.812904357910156,219900
2004-09-16,61.130001068115234,37.031002044677734,173300
2004-09-17,61.40999984741211,37.20059585571289,301200
2004-09-20,61.02000045776367,36.96436309814453,463800
2004-09-21,61.459999084472656,37.23090362548828,574300
2004-09-22,60.779998779296875,36.818973541259766,712400
2004-09-23,60.45000076293945,36.619049072265625,357800
2004-09-24,60.189998626708984,36.65011978149414,486300
2004-09-27,60.02000045776367,36.5466194152832,346600
2004-09-28,60.47999954223633,36.82670593261719,405300
2004-09-29,60.439998626708984,36.802337646484375,735200
2004-09-30,60.560001373291016,36.875404357910156,953600
2004-10-01,61.41999816894531,37.399078369140625,474700
2004-10-04,61.54999923706055,37.47822570800781,467500
2004-10-05,61.54999923706055,37.47822570800781,355000
2004-10-06,62.08000183105469,37.800960540771484,422600
2004-10-07,61.59000015258789,37.502586364746094,231200
2004-10-08,61.41999816894531,37.399078369140625,263800
2004-10-11,61.47999954223633,37.43561935424805,132500
2004-10-12,61.40999984741211,37.39298629760742,211700
2004-10-13,60.7599983215332,36.9972038269043,472100
2004-10-14,60.34000015258789,36.74144744873047,137400
2004-10-15,60.709999084472656,36.966758728027344,842500
2004-10-18,60.83000183105469,37.03982925415039,216800
2004-10-19,60.189998626708984,36.65011978149414,244300
2004-10-20,60.0,36.53443145751953,228500
2004-10-21,60.25,36.68667221069336,161400
2004-10-22,59.849998474121094,36.44308853149414,407900
2004-10-25,59.91999816894531,36.4857177734375,282200
2004-10-26,60.7599983215332,36.9972038269043,1087800
2004-10-27,61.279998779296875,37.3138313293457,1230500
2004-10-28,61.41999816894531,37.399078369140625,300800
2004-10-29,61.4900016784668,37.44169616699219,590700
2004-11-01,61.630001068115234,37.52693176269531,641000
2004-11-02,61.650001525878906,37.539127349853516,425900
2004-11-03,62.33000183105469,37.953182220458984,427900
2004-11-04,63.439998626708984,38.62907028198242,458100
2004-11-05,63.59000015258789,38.72041320800781,661100
2004-11-08,63.45000076293945,38.63515853881836,806200
2004-11-09,63.54999923706055,38.696041107177734,299300
2004-11-10,63.65999984741211,38.76300048828125,332600
2004-11-11,64.16000366210938,39.06747055053711,467700
2004-11-12,64.70999908447266,39.402381896972656,423500
2004-11-15,64.68000030517578,39.38410568237305,679600
2004-11-16,64.31999969482422,39.16489791870117,452100
2004-11-17,64.58999633789062,39.32932662963867,422600
2004-11-18,64.70999908447266,39.402381896972656,291100
2004-11-19,64.18000030517578,39.07966995239258,475900
2004-11-22,64.51000213623047,39.280616760253906,394200
2004-11-23,64.66000366210938,39.37193298339844,1139700
2004-11-24,64.97000122070312,39.56068801879883,429800
2004-11-26,65.05000305175781,39.60939025878906,102100
2004-11-29,64.79000091552734,39.451080322265625,361800
2004-11-30,64.5999984741211,39.33540344238281,741200
2004-12-01,65.44000244140625,39.84688949584961,801500
2004-12-02,65.19999694824219,39.70073318481445,445700
2004-12-03,65.23999786376953,39.72511291503906,554100
2004-12-06,65.19000244140625,39.69465637207031,649200
2004-12-07,64.58000183105469,39.32321548461914,587100
2004-12-08,64.73999786376953,39.420654296875,775100
2004-12-09,65.0999984741211,39.639854431152344,796600
2004-12-10,65.18000030517578,39.68856430053711,547000
2004-12-13,65.94999694824219,40.157405853271484,715000
2004-12-14,66.06999969482422,40.23048400878906,594900
2004-12-15,66.2699966430664,40.35226821899414,865900
2004-12-16,66.1500015258789,40.27919387817383,858400
2004-12-17,65.76000213623047,40.04173278808594,481700
2004-12-20,65.86000061035156,40.10261535644531,1518700
2004-12-21,66.55000305175781,40.52277374267578,1485900
2004-12-22,66.80000305175781,40.675010681152344,847600
2004-12-23,66.41000366210938,40.69521713256836,792000
2004-12-27,66.01000213623047,40.450096130371094,875400
2004-12-28,66.5,40.75038146972656,655200
2004-12-29,66.44000244140625,40.71360397338867,509000
2004-12-30,66.30000305175781,40.62781524658203,683800
2004-12-31,66.37000274658203,40.670711517333984,468900
2005-01-03,65.66000366210938,40.23563766479492,653400
2005-01-04,65.12000274658203,39.904720306396484,1626100
2005-01-05,64.70999908447266,39.65347671508789,631100
2005-01-06,65.04000091552734,39.85569381713867,521600
2005-01-07,64.80000305175781,39.7086296081543,920900
2005-01-10,65.05999755859375,39.86796951293945,809000
2005-01-11,64.6500015258789,39.61672592163086,1061800
2005-01-12,64.80000305175781,39.7086296081543,751000
2005-01-13,64.48999786376953,39.518680572509766,617600
2005-01-14,64.87000274658203,39.75152587890625,425000
2005-01-18,65.52999877929688,40.15595245361328,1487900
2005-01-19,65.0,39.83119583129883,1337000
2005-01-20,64.62000274658203,39.59832000732422,448800
2005-01-21,64.31999969482422,39.41447830200195,422200
2005-01-24,64.4000015258789,39.463504791259766,532500
2005-01-25,64.45999908447266,39.50028610229492,510500
2005-01-26,64.58000183105469,39.573822021484375,443500
2005-01-27,64.62999725341797,39.60445785522461,461000
2005-01-28,64.5199966430664,39.53703308105469,327500
2005-01-31,65.20999908447266,39.95988845825195,749900
2005-02-01,65.77999877929688,40.30915451049805,455300
2005-02-02,66.04000091552734,40.4684944152832,366600
2005-02-03,65.93000030517578,40.40108871459961,741800
2005-02-04,66.66999816894531,40.85454559326172,309200
2005-02-07,66.52999877929688,40.768760681152344,1038300
2005-02-08,66.69000244140625,40.86680221557617,394200
2005-02-09,66.2699966430664,40.60942459106445,440500
2005-02-10,66.66000366210938,40.84840774536133,863200
2005-02-11,67.0199966430664,41.06902313232422,532800
2005-02-14,67.05999755859375,41.09352493286133,575900
2005-02-15,67.31999969482422,41.252838134765625,329500
2005-02-16,67.38999938964844,41.295753479003906,334400
2005-02-17,66.97000122070312,41.03837966918945,794000
2005-02-18,66.97000122070312,41.03837966918945,504300
2005-02-22,65.83999633789062,40.34592819213867,601300
2005-02-23,66.5199966430664,40.762611389160156,1558900
2005-02-24,66.98999786376953,41.05064392089844,645900
2005-02-25,67.70999908447266,41.491844177246094,1840300
2005-02-28,67.44000244140625,41.32638931274414,665500
2005-03-01,67.58000183105469,41.41218566894531,1441400
2005-03-02,67.69000244140625,41.47958755493164,961700
2005-03-03,67.73999786376953,41.51021957397461,430900
2005-03-04,68.6500015258789,42.067874908447266,421800
2005-03-07,68.62999725341797,42.05560302734375,679400
2005-03-08,68.38999938964844,41.90851593017578,451000
2005-03-09,67.5199966430664,41.375396728515625,401400
2005-03-10,67.55999755859375,41.39993667602539,636700
2005-03-11,67.29000091552734,41.234474182128906,868000
2005-03-14,67.81999969482422,41.55925750732422,834000
2005-03-15,67.3499984741211,41.27124786376953,500400
2005-03-16,66.83000183105469,40.952598571777344,385600
2005-03-17,67.0999984741211,41.118045806884766,527600
2005-03-18,66.87000274658203,40.977108001708984,475100
2005-03-21,66.7300033569336,40.891319274902344,435000
2005-03-22,65.80999755859375,40.32755661010742,892900
2005-03-23,65.76000213623047,40.29690933227539,994000
2005-03-24,65.26000213623047,40.311737060546875,748800
2005-03-28,65.33000183105469,40.35495376586914,537500
2005-03-29,64.83000183105469,40.04610824584961,516700
2005-03-30,65.7300033569336,40.60207748413086,850600
2005-03-31,65.80999755859375,40.65147399902344,725100
2005-04-01,65.72000122070312,40.59588623046875,934300
2005-04-04,65.80999755859375,40.65147399902344,437700
2005-04-05,65.76000213623047,40.6205940246582,511900
2005-04-06,66.30000305175781,40.95416259765625,620200
2005-04-07,66.5,41.07769775390625,369600
2005-04-08,65.94999694824219,40.73794174194336,506700
2005-04-11,66.0199966430664,40.78118896484375,266600
2005-04-12,66.30000305175781,40.95416259765625,942800
2005-04-13,65.5,40.45997619628906,441300
2005-04-14,64.55000305175781,39.87316131591797,890100
2005-04-15,63.560001373291016,39.26163864135742,826900
2005-04-18,63.95000076293945,39.50252151489258,826100
2005-04-19,64.58000183105469,39.891693115234375,947200
2005-04-20,63.4900016784668,39.218387603759766,397100
2005-04-21,64.62000274658203,39.9163932800293,507500
2005-04-22,64.43000030517578,39.799034118652344,501900
2005-04-25,65.12000274658203,40.225250244140625,326600
2005-04-26,64.43000030517578,39.799034118652344,302000
2005-04-27,64.7300033569336,39.98434066772461,465800
2005-04-28,63.77000045776367,39.3913459777832,388900
2005-04-29,64.66999816894531,39.94729232788086,605400
2005-05-02,65.04000091552734,40.17583084106445,341000
2005-05-03,64.91000366210938,40.09553909301758,443100
2005-05-04,65.6500015258789,40.552635192871094,619400
2005-05-05,65.5199966430664,40.47233200073242,771600
2005-05-06,65.41999816894531,40.410552978515625,437700
2005-05-09,65.9000015258789,40.707061767578125,454300
2005-05-10,65.01000213623047,40.15731430053711,500900
2005-05-11,65.33999633789062,40.361148834228516,742800
2005-05-12,64.4000015258789,39.78048324584961,393400
2005-05-13,63.900001525878906,39.47163391113281,444600
2005-05-16,64.63999938964844,39.928749084472656,462800
2005-05-17,65.02999877929688,40.169639587402344,916300
2005-05-18,65.69999694824219,40.583518981933594,444800
2005-05-19,66.13999938964844,40.85531234741211,340100
2005-05-20,65.94999694824219,40.73794174194336,699700
2005-05-23,66.37999725341797,41.00355911254883,489300
2005-05-24,66.06999969482422,40.812068939208984,688100
2005-05-25,66.0999984741211,40.830604553222656,402400
2005-05-26,66.4000015258789,41.01593017578125,1155200
2005-05-27,66.55000305175781,41.108577728271484,530200
2005-05-31,66.20999908447266,40.89855194091797,604800
2005-06-01,66.91000366210938,41.330963134765625,1137300
2005-06-02,66.9800033569336,41.37419509887695,595500
2005-06-03,66.69000244140625,41.1950569152832,572100
2005-06-06,66.73999786376953,41.225929260253906,607800
2005-06-07,66.79000091552734,41.256832122802734,622200
2005-06-08,66.7699966430664,41.24446487426758,628700
2005-06-09,66.97000122070312,41.36802291870117,710100
2005-06-10,67.0999984741211,41.448326110839844,352100
2005-06-13,67.22000122070312,41.52241897583008,278800
2005-06-14,67.5,41.695396423339844,484900
2005-06-15,67.52999877929688,41.71392059326172,502000
2005-06-16,67.88999938964844,41.936309814453125,379100
2005-06-17,68.25,42.15868377685547,659100
2005-06-20,67.9000015258789,42.116512298583984,510200
2005-06-21,67.80999755859375,42.060672760009766,742400
2005-06-22,67.87000274658203,42.097896575927734,698300
2005-06-23,67.1500015258789,41.65129852294922,1329500
2005-06-24,66.58000183105469,41.29774856567383,803400
2005-06-27,66.80000305175781,41.43421173095703,718800
2005-06-28,67.12000274658203,41.632694244384766,1455400
2005-06-29,67.13999938964844,41.64509582519531,479300
2005-06-30,66.63999938964844,41.334964752197266,806100
2005-07-01,67.12999725341797,41.63889694213867,1558200
2005-07-05,67.61000061035156,41.93662643432617,1228200
2005-07-06,67.0999984741211,41.620296478271484,681300
2005-07-07,67.19999694824219,41.68230056762695,600800
2005-07-08,67.88999938964844,42.11030197143555,584800
2005-07-11,68.1500015258789,42.271575927734375,451500
2005-07-12,68.29000091552734,42.3584098815918,492500
2005-07-13,68.4000015258789,42.426631927490234,310200
2005-07-14,68.36000061035156,42.40184020996094,411700
2005-07-15,68.4800033569336,42.47626495361328,330300
2005-07-18,68.05999755859375,42.21574783325195,824900
2005-07-19,68.37999725341797,42.41421890258789,744100
2005-07-20,68.5199966430664,42.501060485839844,409900
2005-07-21,67.95999908447266,42.153709411621094,379200
2005-07-22,68.63999938964844,42.575504302978516,507100
2005-07-25,68.4000015258789,42.426631927490234,984200
2005-07-26,68.55000305175781,42.519676208496094,302100
2005-07-27,68.66999816894531,42.59409713745117,408300
2005-07-28,69.20999908447266,42.92905807495117,398900
2005-07-29,68.69999694824219,42.61271667480469,1445400
2005-08-01,68.5999984741211,42.55069351196289,1130700
2005-08-02,69.0199966430664,42.81122589111328,973800
2005-08-03,69.31999969482422,42.99728775024414,1907900
2005-08-04,68.72000122070312,42.62512969970703,598000
2005-08-05,68.0999984741211,42.24054718017578,497800
2005-08-08,67.9800033569336,42.16613006591797,666200
2005-08-09,68.37000274658203,42.40804672241211,779400
2005-08-10,68.55000305175781,42.519676208496094,476900
2005-08-11,68.91000366210938,42.742984771728516,402700
2005-08-12,68.58999633789062,42.54448699951172,348000
2005-08-15,68.79000091552734,42.66852951049805,310100
2005-08-16,68.12000274658203,42.25295639038086,434400
2005-08-17,67.95999908447266,42.153709411621094,752300
2005-08-18,67.9000015258789,42.116512298583984,440200
2005-08-19,68.12000274658203,42.25295639038086,478700
2005-08-22,68.1500015258789,42.271575927734375,312600
2005-08-23,68.12999725341797,42.2591667175293,459500
2005-08-24,67.51000213623047,41.874595642089844,753500
2005-08-25,67.8499984741211,42.08549118041992,413200
2005-08-26,67.30000305175781,41.74435043334961,402300
2005-08-29,67.66000366210938,41.967647552490234,632500
2005-08-30,67.58999633789062,41.924198150634766,596100
2005-08-31,68.36000061035156,42.40184020996094,774800
2005-09-01,68.73999786376953,42.637535095214844,431300
2005-09-02,68.4000015258789,42.426631927490234,368800
2005-09-06,69.11000061035156,42.86703872680664,355300
2005-09-07,69.26000213623047,42.960086822509766,524200
2005-09-08,69.06999969482422,42.842227935791016,364100
2005-09-09,69.62000274658203,43.183372497558594,463500
2005-09-12,69.58999633789062,43.16477584838867,402700
2005-09-13,69.12999725341797,42.879432678222656,436800
2005-09-14,69.11000061035156,42.86703872680664,612300
2005-09-15,68.98999786376953,42.79262161254883,697500
2005-09-16,69.75,43.26401138305664,442400
2005-09-19,69.58999633789062,43.16477584838867,273400
2005-09-20,69.05999755859375,42.836021423339844,634600
2005-09-21,68.41999816894531,42.43904113769531,722600
2005-09-22,68.5,42.48866271972656,554400
2005-09-23,68.05000305175781,42.473690032958984,401100
2005-09-26,68.1500015258789,42.536102294921875,541700
2005-09-27,68.23999786376953,42.59226989746094,1979000
2005-09-28,68.44999694824219,42.723358154296875,748200
2005-09-29,68.83000183105469,42.96052169799805,1294300
2005-09-30,68.83999633789062,42.966758728027344,1510200
2005-10-03,68.83999633789062,42.966758728027344,597300
2005-10-04,67.87000274658203,42.361351013183594,1138900
2005-10-05,66.87999725341797,41.743431091308594,621300
2005-10-06,66.62000274658203,41.58115768432617,479700
2005-10-07,66.83000183105469,41.71221923828125,592100
2005-10-10,66.12000274658203,41.269073486328125,841200
2005-10-11,66.11000061035156,41.26283264160156,708700
2005-10-12,65.45999908447266,40.85714340209961,863400
2005-10-13,65.2699966430664,40.73853302001953,514100
2005-10-14,65.91999816894531,41.14423751831055,360900
2005-10-17,66.20999908447266,41.32524871826172,1220500
2005-10-18,65.37999725341797,40.80718994140625,726500
2005-10-19,66.23999786376953,41.343971252441406,737200
2005-10-20,64.80999755859375,40.4514274597168,529100
2005-10-21,65.2300033569336,40.713565826416016,1143600
2005-10-24,66.37000274658203,41.42511749267578,703300
2005-10-25,66.38999938964844,41.43758773803711,955400
2005-10-26,66.22000122070312,41.331485748291016,551900
2005-10-27,65.62000274658203,40.95701599121094,389400
2005-10-28,66.61000061035156,41.57490539550781,707700
2005-10-31,66.83000183105469,41.71221923828125,1053300
2005-11-01,67.08000183105469,41.868263244628906,553000
2005-11-02,67.69999694824219,42.25522994995117,973800
2005-11-03,67.7699966430664,42.298919677734375,1304900
2005-11-04,67.7300033569336,42.273963928222656,403900
2005-11-07,67.72000122070312,42.26771545410156,448900
2005-11-08,67.72000122070312,42.26771545410156,793100
2005-11-09,67.80000305175781,42.31765365600586,557400
2005-11-10,68.13999938964844,42.52985763549805,460900
2005-11-11,68.51000213623047,42.76081466674805,317600
2005-11-14,68.41000366210938,42.69837951660156,541000
2005-11-15,68.01000213623047,42.44873046875,389800
2005-11-16,68.12999725341797,42.523624420166016,533500
2005-11-17,68.61000061035156,42.82321548461914,815500
2005-11-18,69.13999938964844,43.154014587402344,755200
2005-11-21,69.51000213623047,43.38496017456055,802800
2005-11-22,69.91999816894531,43.640869140625,829600
2005-11-23,70.33999633789062,43.903018951416016,713400
2005-11-25,70.3499984741211,43.90924072265625,277600
2005-11-28,69.88999938964844,43.62211990356445,781800
2005-11-29,69.80999755859375,43.57223129272461,865700
2005-11-30,69.37999725341797,43.30382537841797,1447000
2005-12-01,70.04000091552734,43.71576690673828,1649500
2005-12-02,70.0999984741211,43.75320816040039,1262000
2005-12-05,70.0,43.690792083740234,731300
2005-12-06,70.12000274658203,43.76569747924805,1156300
2005-12-07,69.75,43.53473663330078,1471300
2005-12-08,69.75,43.53473663330078,849800
2005-12-09,69.8499984741211,43.5971565246582,861900
2005-12-12,69.87000274658203,43.609649658203125,728200
2005-12-13,70.5,44.00285339355469,1211800
2005-12-14,70.80000305175781,44.19012451171875,1136600
2005-12-15,70.55999755859375,44.04031753540039,984800
2005-12-16,70.4000015258789,43.94044876098633,1229700
2005-12-19,70.16000366210938,43.79065704345703,1124500
2005-12-20,70.12000274658203,43.76569747924805,1717400
2005-12-21,70.2300033569336,43.83433532714844,1058300
2005-12-22,70.16000366210938,44.081886291503906,2447400
2005-12-23,70.1500015258789,44.075618743896484,2351400
2005-12-27,69.47000122070312,43.648353576660156,915900
2005-12-28,69.61000061035156,43.7363395690918,2528200
2005-12-29,69.31999969482422,43.55411148071289,1813800
2005-12-30,69.02999877929688,43.37190246582031,1411600
2006-01-03,70.37999725341797,44.220123291015625,1042000
2006-01-04,70.69999694824219,44.42116928100586,1228900
2006-01-05,70.72000122070312,44.43375015258789,745400
2006-01-06,71.23999786376953,44.760459899902344,1179900
2006-01-09,71.5,44.923828125,1720300
2006-01-10,71.58999633789062,44.98037338256836,1312200
2006-01-11,71.83000183105469,45.131160736083984,761600
2006-01-12,71.37000274658203,44.842159271240234,955300
2006-01-13,71.63999938964844,45.01179504394531,1022900
2006-01-17,71.43000030517578,44.87984848022461,1672900
2006-01-18,71.25,44.76675796508789,926200
2006-01-19,71.55000305175781,44.95525360107422,1118300
2006-01-20,70.5,44.29551315307617,1538700
2006-01-23,70.66000366210938,44.39604568481445,1078900
2006-01-24,70.97000122070312,44.590816497802734,905800
2006-01-25,70.94999694824219,44.578250885009766,1154200
2006-01-26,71.30000305175781,44.79816818237305,1649800
2006-01-27,71.91000366210938,45.181427001953125,797800
2006-01-30,72.11000061035156,45.30708694458008,1042700
2006-01-31,71.5999984741211,44.98663330078125,1077700
2006-02-01,72.05000305175781,45.2694091796875,1459800
2006-02-02,71.31999969482422,44.81072235107422,800600
2006-02-03,70.80999755859375,44.490299224853516,550800
2006-02-06,71.16999816894531,44.71648025512695,676700
2006-02-07,70.54000091552734,44.320655822753906,870900
2006-02-08,71.13999938964844,44.697635650634766,528900
2006-02-09,71.06999969482422,44.65365982055664,1131800
2006-02-10,71.19000244140625,44.72905349731445,762500
2006-02-13,71.0,44.60968780517578,544600
2006-02-14,71.62999725341797,45.00550079345703,611900
2006-02-15,71.9000015258789,45.175140380859375,472100
2006-02-16,72.4000015258789,45.48929977416992,552400
2006-02-17,72.55000305175781,45.583526611328125,550400
2006-02-21,72.44000244140625,45.51444625854492,724100
2006-02-22,72.9000015258789,45.80344772338867,493500
2006-02-23,72.7300033569336,45.69664764404297,417300
2006-02-24,72.93000030517578,45.82229232788086,616700
2006-02-27,72.95999908447266,45.84114456176758,571400
2006-02-28,72.33000183105469,45.44532012939453,790400
2006-03-01,72.87000274658203,45.784603118896484,1348600
2006-03-02,72.7300033569336,45.69664764404297,900100
2006-03-03,72.62000274658203,45.62751770019531,734200
2006-03-06,72.0999984741211,45.30080795288086,387400
2006-03-07,72.05999755859375,45.27567672729492,1249600
2006-03-08,72.0199966430664,45.25053024291992,920000
2006-03-09,71.76000213623047,45.087181091308594,1721800
2006-03-10,72.29000091552734,45.420188903808594,499200
2006-03-13,72.5199966430664,45.56468963623047,771800
2006-03-14,73.25,46.02336502075195,509600
2006-03-15,73.5999984741211,46.243247985839844,633700
2006-03-16,74.01000213623047,46.50088119506836,407300
2006-03-17,73.9000015258789,46.43174743652344,771600
2006-03-20,73.77999877929688,46.35636901855469,959500
2006-03-21,73.30000305175781,46.05479431152344,496000
2006-03-22,73.80000305175781,46.368934631347656,812000
2006-03-23,73.62999725341797,46.262115478515625,1076600
2006-03-24,73.31999969482422,46.31581497192383,526600
2006-03-27,73.37999725341797,46.353702545166016,314900
2006-03-28,72.87999725341797,46.037864685058594,710100
2006-03-29,73.37999725341797,46.353702545166016,613300
2006-03-30,73.0999984741211,46.17683410644531,428900
2006-03-31,73.11000061035156,46.183143615722656,467000
2006-04-03,73.13999938964844,46.20212173461914,465900
2006-04-04,73.70999908447266,46.56216812133789,1490300
2006-04-05,74.0999984741211,46.80852508544922,647200
2006-04-06,73.80999755859375,46.62533187866211,1205900
2006-04-07,73.12000274658203,46.18946075439453,568400
2006-04-10,73.2300033569336,46.258968353271484,386100
2006-04-11,72.55000305175781,45.829402923583984,1155200
2006-04-12,72.76000213623047,45.96207046508789,349600
2006-04-13,72.76000213623047,45.96207046508789,657600
2006-04-17,72.81999969482422,45.99995040893555,618500
2006-04-18,74.05999755859375,46.78324890136719,759200
2006-04-19,74.2699966430664,46.915916442871094,721500
2006-04-20,74.29000091552734,46.928550720214844,875900
2006-04-21,74.41000366210938,47.00434494018555,691600
2006-04-24,74.23999786376953,46.8969612121582,468300
2006-04-25,73.80000305175781,46.61903381347656,722500
2006-04-26,73.9000015258789,46.682186126708984,501500
2006-04-27,74.30000305175781,46.934852600097656,794600
2006-04-28,74.77999877929688,47.238075256347656,483900
2006-05-01,74.37000274658203,46.979095458984375,572100
2006-05-02,74.9000015258789,47.31388473510742,528400
2006-05-03,74.68000030517578,47.17490768432617,419900
2006-05-04,74.9000015258789,47.31388473510742,378300
2006-05-05,75.55000305175781,47.72449493408203,400300
2006-05-08,75.5,47.692901611328125,363800
2006-05-09,75.69999694824219,47.81925964355469,280000
2006-05-10,75.70999908447266,47.82555389404297,464700
2006-05-11,74.9000015258789,47.31388473510742,446600
2006-05-12,73.91000366210938,46.68852615356445,644800
2006-05-15,73.9800033569336,46.732723236083984,1380400
2006-05-16,73.87999725341797,46.6695671081543,380700
2006-05-17,72.41999816894531,45.747283935546875,649000
2006-05-18,72.08999633789062,45.538822174072266,505300
2006-05-19,72.43000030517578,45.753604888916016,482200
2006-05-22,72.13999938964844,45.5704231262207,681000
2006-05-23,71.5999984741211,45.229286193847656,636900
2006-05-24,71.88999938964844,45.4124641418457,542500
2006-05-25,72.8499984741211,46.018924713134766,628900
2006-05-26,73.19999694824219,46.239990234375,618000
2006-05-30,72.0999984741211,45.54515075683594,584600
2006-05-31,72.95999908447266,46.088382720947266,620700
2006-06-01,73.69999694824219,46.55582809448242,919400
2006-06-02,74.05000305175781,46.77693557739258,706000
2006-06-05,72.94999694824219,46.08207321166992,741300
2006-06-06,72.69000244140625,45.917850494384766,679800
2006-06-07,72.20999908447266,45.6146354675293,670400
2006-06-08,72.16000366210938,45.58303451538086,669800
2006-06-09,71.94999694824219,45.450382232666016,355200
2006-06-12,71.20999908447266,44.98293685913086,1038200
2006-06-13,70.22000122070312,44.3575325012207,742500
2006-06-14,70.4000015258789,44.47126388549805,646900
2006-06-15,72.0199966430664,45.494590759277344,1026500
2006-06-16,71.69999694824219,45.29246139526367,1042200
2006-06-19,70.87000274658203,44.76817321777344,930600
2006-06-20,71.08000183105469,44.90081024169922,319100
2006-06-21,71.61000061035156,45.23560333251953,669600
2006-06-22,71.08999633789062,45.14417266845703,405400
2006-06-23,71.08999633789062,45.14417266845703,1402600
2006-06-26,71.4800033569336,45.39183807373047,413600
2006-06-27,71.13999938964844,45.17593002319336,2103300
2006-06-28,71.62999725341797,45.48707962036133,2872000
2006-06-29,72.97000122070312,46.33800506591797,795200
2006-06-30,72.94000244140625,46.318965911865234,740000
2006-07-03,73.56999969482422,46.719032287597656,587200
2006-07-05,73.20999908447266,46.49043273925781,1191700
2006-07-06,73.5199966430664,46.68730545043945,768800
2006-07-07,73.20999908447266,46.49043273925781,1214400
2006-07-10,73.54000091552734,46.69995880126953,547500
2006-07-11,73.63999938964844,46.76348876953125,790800
2006-07-12,72.98999786376953,46.350730895996094,669500
2006-07-13,71.95999908447266,45.696624755859375,696100
2006-07-14,71.77999877929688,45.58233642578125,595400
2006-07-17,71.44000244140625,45.36644744873047,1008500
2006-07-18,71.91000366210938,45.664894104003906,598900
2006-07-19,73.27999877929688,46.53486633300781,651200
2006-07-20,72.68000030517578,46.15385437011719,973400
2006-07-21,72.36000061035156,45.9506721496582,574100
2006-07-24,73.41999816894531,46.623783111572266,1267400
2006-07-25,73.95999908447266,46.9666862487793,988800
2006-07-26,74.19999694824219,47.11912536621094,913100
2006-07-27,74.0,46.99211502075195,1788400
2006-07-28,74.83000183105469,47.51919174194336,550800
2006-07-31,74.69000244140625,47.43026351928711,728800
2006-08-01,74.58000183105469,47.36042785644531,727300
2006-08-02,74.9800033569336,47.61445236206055,1171700
2006-08-03,75.05999755859375,47.66523742675781,1110400
2006-08-04,75.06999969482422,47.67159652709961,1278800
2006-08-07,75.01000213623047,47.63347625732422,456300
2006-08-08,74.7300033569336,47.45568084716797,601200
2006-08-09,74.41000366210938,47.25246047973633,988500
2006-08-10,74.58999633789062,47.36676788330078,683800
2006-08-11,74.2699966430664,47.1635627746582,744700
2006-08-14,74.27999877929688,47.16989517211914,1525200
2006-08-15,74.94000244140625,47.58901596069336,1303800
2006-08-16,75.41999816894531,47.89385223388672,1201200
2006-08-17,75.44999694824219,47.91289138793945,855200
2006-08-18,75.73999786376953,48.09705352783203,532400
2006-08-21,75.72000122070312,48.08435821533203,1074800
2006-08-22,75.80999755859375,48.14148712158203,2658000
2006-08-23,75.48999786376953,47.938289642333984,760600
2006-08-24,75.63999938964844,48.0335693359375,665200
2006-08-25,75.73999786376953,48.09705352783203,528100
2006-08-28,76.0,48.26217269897461,1231400
2006-08-29,76.01000213623047,48.26850128173828,691200
2006-08-30,75.9800033569336,48.24945831298828,798800
2006-08-31,75.81999969482422,48.147850036621094,459800
2006-09-01,76.31999969482422,48.465370178222656,1018900
2006-09-05,76.3499984741211,48.48442077636719,2367700
2006-09-06,75.91999816894531,48.211341857910156,1013000
2006-09-07,75.47000122070312,47.92558670043945,661800
2006-09-08,75.63999938964844,48.0335693359375,225200
2006-09-11,75.5199966430664,47.95734786987305,596700
2006-09-12,76.05999755859375,48.30025100708008,995700
2006-09-13,76.43000030517578,48.535221099853516,528600
2006-09-14,76.41000366210938,48.52251434326172,391400
2006-09-15,76.44000244140625,48.54159927368164,603300
2006-09-18,76.58999633789062,48.636837005615234,711200
2006-09-19,76.31999969482422,48.465370178222656,1000400
2006-09-20,76.62000274658203,48.6558723449707,1007000
2006-09-21,76.48999786376953,48.57332229614258,749600
2006-09-22,76.41999816894531,48.52885818481445,516400
2006-09-25,76.80000305175781,48.77019500732422,857200
2006-09-26,77.0,49.156402587890625,1980200
2006-09-27,77.16000366210938,49.258548736572266,2003800
2006-09-28,77.12999725341797,49.239418029785156,768700
2006-09-29,77.06999969482422,49.20109939575195,796200
2006-10-02,76.9000015258789,49.092567443847656,540600
2006-10-03,76.97000122070312,49.137245178222656,778400
2006-10-04,77.66000366210938,49.5777702331543,888100
2006-10-05,77.91000366210938,49.73736572265625,955000
2006-10-06,77.7300033569336,49.6224250793457,852800
2006-10-09,77.69999694824219,49.60328674316406,631200
2006-10-10,77.98999786376953,49.788421630859375,390600
2006-10-11,77.94999694824219,49.76288604736328,727200
2006-10-12,78.5199966430664,50.12675857543945,658500
2006-10-13,78.79000091552734,50.299156188964844,1411600
2006-10-16,78.91999816894531,50.382144927978516,667400
2006-10-17,78.76000213623047,50.27997589111328,841000
2006-10-18,78.87999725341797,50.35660171508789,559700
2006-10-19,78.88999938964844,50.362972259521484,388300
2006-10-20,78.87999725341797,50.35660171508789,1005800
2006-10-23,79.18000030517578,50.54814529418945,929000
2006-10-24,79.41999816894531,50.70132064819336,866000
2006-10-25,79.8499984741211,50.97583770751953,1195200
2006-10-26,80.05000305175781,51.10352325439453,644300
2006-10-27,79.76000213623047,50.91838836669922,1190400
2006-10-30,79.55999755859375,50.79070281982422,1247800
2006-10-31,79.44999694824219,50.72049331665039,1162100
2006-11-01,79.0199966430664,50.44596862792969,1237500
2006-11-02,78.9800033569336,50.42043685913086,1120000
2006-11-03,78.9000015258789,50.369346618652344,1365600
2006-11-06,79.80000305175781,50.94394302368164,1298000
2006-11-07,79.95999908447266,51.04607009887695,849900
2006-11-08,80.26000213623047,51.23756408691406,1516100
2006-11-09,79.98999786376953,51.06521224975586,938200
2006-11-10,80.02999877929688,51.090763092041016,602700
2006-11-13,80.13999938964844,51.16097640991211,750500
2006-11-14,80.5,51.39079284667969,1173500
2006-11-15,80.69000244140625,51.51209259033203,873400
2006-11-16,80.76000213623047,51.5567741394043,978800
2006-11-17,80.91000366210938,51.65252685546875,525600
2006-11-20,80.94999694824219,51.67804718017578,772400
2006-11-21,80.97000122070312,51.690826416015625,824400
2006-11-22,81.06999969482422,51.75468063354492,629400
2006-11-24,80.8499984741211,51.614227294921875,701000
2006-11-27,79.86000061035156,50.98221969604492,1576200
2006-11-28,80.16999816894531,51.18013381958008,1673000
2006-11-29,81.1500015258789,51.80574417114258,1087800
2006-11-30,81.30999755859375,51.90788650512695,1216800
2006-12-01,81.33999633789062,51.92704391479492,1019200
2006-12-04,81.66999816894531,52.137718200683594,958800
2006-12-05,82.08999633789062,52.405826568603516,1242300
2006-12-06,81.97000122070312,52.32924270629883,1108000
2006-12-07,81.81999969482422,52.23347091674805,1027800
2006-12-08,81.83000183105469,52.239864349365234,839800
2006-12-11,82.31999969482422,52.55266571044922,1084900
2006-12-12,82.31999969482422,52.55266571044922,832200
2006-12-13,82.52999877929688,52.68673324584961,1070700
2006-12-14,83.13999938964844,53.07616424560547,1034800
2006-12-15,83.0999984741211,53.05061340332031,945700
2006-12-18,83.01000213623047,52.9931640625,1137600
2006-12-19,83.12999725341797,53.069786071777344,1251200
2006-12-20,82.63999938964844,53.08647537231445,808800
2006-12-21,82.41000366210938,52.938716888427734,2049900
2006-12-22,81.94999694824219,52.64323425292969,776200
2006-12-26,82.5199966430664,53.009376525878906,879000
2006-12-27,83.13999938964844,53.40767288208008,1026600
2006-12-28,82.93000030517578,53.27274703979492,889200
2006-12-29,82.69999694824219,53.1250114440918,1005500
2007-01-03,82.37999725341797,52.919464111328125,3352000
2007-01-04,82.19000244140625,52.79741668701172,1519000
2007-01-05,81.54000091552734,52.37985610961914,1766500
2007-01-08,81.81999969482422,52.55971908569336,716800
2007-01-09,81.58999633789062,52.41197204589844,1479000
2007-01-10,81.69999694824219,52.48265838623047,737500
2007-01-11,81.97000122070312,52.65608596801758,851500
2007-01-12,82.5999984741211,53.060787200927734,1089200
2007-01-16,82.44999694824219,52.96440887451172,1166100
2007-01-17,82.54000091552734,53.022239685058594,1411900
2007-01-18,82.38999938964844,52.925899505615234,774100
2007-01-19,82.83000183105469,53.208526611328125,626500
2007-01-22,82.55000305175781,53.02864074707031,913100
2007-01-23,82.9800033569336,53.304893493652344,980700
2007-01-24,83.5999984741211,53.703163146972656,924100
2007-01-25,82.5999984741211,53.060787200927734,890300
2007-01-26,82.62999725341797,53.080047607421875,1222800
2007-01-29,82.58999633789062,53.05436325073242,1245200
2007-01-30,83.1500015258789,53.41407012939453,659700
2007-01-31,83.66000366210938,53.74170684814453,1232100
2007-02-01,84.2699966430664,54.13356399536133,1385800
2007-02-02,84.48999786376953,54.27489471435547,885400
2007-02-05,84.38999938964844,54.210628509521484,785200
2007-02-06,84.54000091552734,54.3070068359375,896300
2007-02-07,84.62000274658203,54.35840606689453,1795400
2007-02-08,84.54000091552734,54.3070068359375,551200
2007-02-09,84.12999725341797,54.04364013671875,1011100
2007-02-12,83.79000091552734,53.82521438598633,601800
2007-02-13,84.62000274658203,54.35840606689453,893100
2007-02-14,85.13999938964844,54.69242858886719,844000
2007-02-15,85.08999633789062,54.660308837890625,1096500
2007-02-16,85.12999725341797,54.68600845336914,1512600
2007-02-20,85.29000091552734,54.78877258300781,908800
2007-02-21,85.13999938964844,54.69242858886719,876200
2007-02-22,85.08999633789062,54.660308837890625,829600
2007-02-23,84.70999908447266,54.41618347167969,1014200
2007-02-26,84.7300033569336,54.429073333740234,1616100
2007-02-27,81.5999984741211,52.41841125488281,1921000
2007-02-28,82.41000366210938,52.938716888427734,1176800
2007-03-01,82.2300033569336,52.82307815551758,1844700
2007-03-02,81.29000091552734,52.21927261352539,1128800
2007-03-05,80.12000274658203,51.467689514160156,991700
2007-03-06,81.55000305175781,52.38628387451172,1043100
2007-03-07,81.43000030517578,52.30918884277344,911500
2007-03-08,82.0199966430664,52.68818283081055,1105500
2007-03-09,82.1500015258789,52.771705627441406,851800
2007-03-12,82.2699966430664,52.84881591796875,1359000
2007-03-13,80.55999755859375,51.75028991699219,1651300
2007-03-14,81.08999633789062,52.09077072143555,1265200
2007-03-15,81.4800033569336,52.34130859375,1064600
2007-03-16,80.98999786376953,52.026554107666016,1110800
2007-03-19,82.04000091552734,52.701053619384766,707600
2007-03-20,82.58999633789062,53.05436325073242,785900
2007-03-21,84.0199966430664,53.97296905517578,1237700
2007-03-22,84.16999816894531,54.06932067871094,650800
2007-03-23,83.8499984741211,54.15717315673828,781200
2007-03-26,83.61000061035156,54.00214385986328,615200
2007-03-27,83.5999984741211,53.99569320678711,1142400
2007-03-28,83.02999877929688,53.62753677368164,827300
2007-03-29,83.16999816894531,53.71796417236328,646000
2007-03-30,83.13999938964844,53.698585510253906,704600
2007-04-02,83.30999755859375,53.80839538574219,454400
2007-04-03,84.0199966430664,54.26696014404297,926000
2007-04-04,83.93000030517578,54.20885467529297,958400
2007-04-05,84.25,54.415523529052734,797600
2007-04-09,84.4000015258789,54.51239013671875,664800
2007-04-10,84.58999633789062,54.63511276245117,1541500
2007-04-11,84.12000274658203,54.331565856933594,817500
2007-04-12,84.44000244140625,54.53823471069336,1284100
2007-04-13,84.75,54.738441467285156,532000
2007-04-16,85.66000366210938,55.32621765136719,523700
2007-04-17,85.69000244140625,55.34560012817383,741700
2007-04-18,85.94000244140625,55.5070686340332,702400
2007-04-19,85.86000061035156,55.45539855957031,838500
2007-04-20,86.62999725341797,55.952701568603516,972200
2007-04-23,86.37000274658203,55.784759521484375,763300
2007-04-24,86.19000244140625,55.668521881103516,855500
2007-04-25,87.06999969482422,56.23690414428711,661900
2007-04-26,86.95999908447266,56.16584014892578,1094300
2007-04-27,86.79000091552734,56.0560417175293,554200
2007-04-30,86.20999908447266,55.68141174316406,675700
2007-05-01,86.38999938964844,55.79768371582031,995000
2007-05-02,86.87999725341797,56.114166259765625,607600
2007-05-03,87.43000030517578,56.46940994262695,638400
2007-05-04,87.80999755859375,56.7148551940918,572800
2007-05-07,87.83999633789062,56.7342414855957,714500
2007-05-08,87.80000305175781,56.70838928222656,614000
2007-05-09,88.16000366210938,56.94089126586914,939500
2007-05-10,87.02999877929688,56.21104431152344,587500
2007-05-11,87.9000015258789,56.772979736328125,663900
2007-05-14,87.7699966430664,56.68901062011719,517800
2007-05-15,87.91999816894531,56.78590774536133,1170700
2007-05-16,88.54000091552734,57.18634796142578,852500
2007-05-17,88.43000030517578,57.11531448364258,701200
2007-05-18,89.08999633789062,57.54157638549805,750800
2007-05-21,89.16000366210938,57.5867805480957,1343800
2007-05-22,88.94999694824219,57.451168060302734,917900
2007-05-23,89.02999877929688,57.502811431884766,1012500
2007-05-24,88.05999755859375,56.87630844116211,1103700
2007-05-25,88.56999969482422,57.205692291259766,887600
2007-05-29,88.72000122070312,57.302608489990234,2061500
2007-05-30,89.55000305175781,57.838680267333984,934500
2007-05-31,89.27999877929688,57.6642951965332,2470000
2007-06-01,89.69999694824219,57.935550689697266,869300
2007-06-04,89.75,57.96785354614258,875700
2007-06-05,89.30000305175781,57.67721939086914,1204600
2007-06-06,88.44000244140625,57.12177276611328,1081900
2007-06-07,86.66999816894531,55.97854232788086,1393200
2007-06-08,87.77999877929688,56.69545364379883,719700
2007-06-11,87.97000122070312,56.81819534301758,1081000
2007-06-12,86.9800033569336,56.178802490234375,960100
2007-06-13,88.30000305175781,57.031333923339844,1316500
2007-06-14,88.80999755859375,57.360713958740234,934500
2007-06-15,89.27999877929688,57.6642951965332,699700
2007-06-18,89.08000183105469,57.53509521484375,1403700
2007-06-19,89.27999877929688,57.6642951965332,1073300
2007-06-20,87.93000030517578,56.792354583740234,1642900
2007-06-21,88.55000305175781,57.19281768798828,1572500
2007-06-22,87.0,56.19166946411133,2488300
2007-06-25,86.91999816894531,56.1400032043457,1819800
2007-06-26,86.18000030517578,55.66207504272461,2303400
2007-06-27,87.2699966430664,56.36606216430664,1923500
2007-06-28,86.75,56.32713317871094,2080100
2007-06-29,86.75,56.32713317871094,1686900
2007-07-02,87.83999633789062,57.034873962402344,1289300
2007-07-03,88.0999984741211,57.20367431640625,660500
2007-07-05,87.86000061035156,57.0478515625,1371100
2007-07-06,88.16999816894531,57.24913024902344,1045400
2007-07-09,88.2300033569336,57.28809356689453,1027100
2007-07-10,86.79000091552734,56.35308074951172,2219300
2007-07-11,87.31999969482422,56.69721603393555,1700800
2007-07-12,88.79000091552734,57.65168762207031,1152700
2007-07-13,89.20999908447266,57.92439651489258,1459300
2007-07-16,88.98999786376953,57.78156661987305,896900
2007-07-17,88.83000183105469,57.677677154541016,1174500
2007-07-18,88.70999908447266,57.599735260009766,1924900
2007-07-19,88.80999755859375,57.6646728515625,691700
2007-07-20,87.66999816894531,56.92445373535156,1711000
2007-07-23,88.05000305175781,57.17121505737305,844800
2007-07-24,86.22000122070312,55.98297882080078,2403200
2007-07-25,86.44999694824219,56.13231658935547,1645500
2007-07-26,84.1500015258789,54.638946533203125,2402900
2007-07-27,82.38999938964844,53.49616622924805,2916800
2007-07-30,83.62000274658203,54.2947998046875,2114400
2007-07-31,82.43000030517578,53.52210235595703,4129900
2007-08-01,83.1500015258789,53.98960494995117,2965600
2007-08-02,83.47000122070312,54.19740676879883,3974800
2007-08-03,81.19000244140625,52.717002868652344,1897200
2007-08-06,83.0,53.89222717285156,2687200
2007-08-07,83.87000274658203,54.45711135864258,3181900
2007-08-08,85.16000366210938,55.294734954833984,1773000
2007-08-09,82.19000244140625,53.366302490234375,2387200
2007-08-10,82.5199966430664,53.5805549621582,3090400
2007-08-13,82.25,53.40526580810547,1457200
2007-08-14,80.87999725341797,52.51569747924805,1279200
2007-08-15,79.86000061035156,51.853416442871094,1642800
2007-08-16,81.11000061035156,52.6650390625,2470100
2007-08-17,82.62999725341797,53.651981353759766,1139800
2007-08-20,82.69999694824219,53.697418212890625,1711500
2007-08-21,82.66999816894531,53.677947998046875,1923300
2007-08-22,83.75,54.379207611083984,1421200
2007-08-23,83.72000122070312,54.359718322753906,1482000
2007-08-24,84.44999694824219,54.83372116088867,1428500
2007-08-27,83.5,54.216888427734375,975900
2007-08-28,81.7300033569336,53.067588806152344,1111100
2007-08-29,83.26000213623047,54.061058044433594,1508000
2007-08-30,82.77999877929688,53.749366760253906,1241100
2007-08-31,83.66000366210938,54.320770263671875,1145000
2007-09-04,84.44000244140625,54.827232360839844,4220700
2007-09-05,83.37000274658203,54.13246154785156,1268700
2007-09-06,83.8499984741211,54.444149017333984,1276900
2007-09-07,82.95999908447266,53.86625671386719,1359900
2007-09-10,82.30000305175781,53.437721252441406,1378000
2007-09-11,83.3499984741211,54.11948013305664,1040200
2007-09-12,83.52999877929688,54.236358642578125,1008400
2007-09-13,84.33000183105469,54.75580978393555,1265900
2007-09-14,84.44000244140625,54.827232360839844,1202100
2007-09-17,84.0199966430664,54.55452346801758,1246500
2007-09-18,86.6500015258789,56.262168884277344,1796400
2007-09-19,87.37000274658203,56.72972106933594,1292600
2007-09-20,86.31999969482422,56.04790115356445,1264200
2007-09-21,86.69000244140625,56.28815460205078,1186800
2007-09-24,86.30000305175781,56.034915924072266,1246200
2007-09-25,85.26000213623047,55.697845458984375,2673600
2007-09-26,85.79000091552734,56.04408264160156,1136700
2007-09-27,86.20999908447266,56.318450927734375,1807600
2007-09-28,85.94999694824219,56.148582458496094,1175800
2007-10-01,87.19000244140625,56.95866775512695,2426500
2007-10-02,87.0199966430664,56.847591400146484,2131000
2007-10-03,87.0,56.83451461791992,878200
2007-10-04,87.08000183105469,56.88679122924805,808400
2007-10-05,88.0199966430664,57.500858306884766,1622600
2007-10-08,87.5199966430664,57.17424774169922,1119900
2007-10-09,88.18000030517578,57.605384826660156,1107000
2007-10-10,87.91999816894531,57.4355583190918,1062200
2007-10-11,87.68000030517578,57.278785705566406,1785100
2007-10-12,87.87000274658203,57.402870178222656,729600
2007-10-15,87.37000274658203,57.07628631591797,886600
2007-10-16,86.4000015258789,56.44258117675781,1195000
2007-10-17,86.44000244140625,56.468692779541016,1498200
2007-10-18,85.9800033569336,56.168212890625,1220200
2007-10-19,83.7300033569336,54.698360443115234,2172100
2007-10-22,84.19999694824219,55.005348205566406,2359300
2007-10-23,84.55999755859375,55.240570068359375,1331400
2007-10-24,84.48999786376953,55.194828033447266,1912900
2007-10-25,84.23999786376953,55.031497955322266,2164500
2007-10-26,85.47000122070312,55.83503723144531,1592700
2007-10-29,85.76000213623047,56.024478912353516,983500
2007-10-30,85.0999984741211,55.59331130981445,1008400
2007-10-31,86.05000305175781,56.21393966674805,1400800
2007-11-01,83.37999725341797,54.46969223022461,1593800
2007-11-02,83.19000244140625,54.345558166503906,1379800
2007-11-05,82.45999908447266,53.86866760253906,1234500
2007-11-06,83.55000305175781,54.58075714111328,1197600
2007-11-07,80.86000061035156,52.823455810546875,1999600
2007-11-08,81.37000274658203,53.15663146972656,2208600
2007-11-09,80.6500015258789,52.6862678527832,2293100
2007-11-12,80.04000091552734,52.287776947021484,2497800
2007-11-13,82.2300033569336,53.71839904785156,1723100
2007-11-14,81.94999694824219,53.535518646240234,1462900
2007-11-15,80.52999877929688,52.60787582397461,1580700
2007-11-16,80.56999969482422,52.63401412963867,2145900
2007-11-19,79.05000305175781,51.64103317260742,2360500
2007-11-20,79.23999786376953,51.765132904052734,2321500
2007-11-21,78.0199966430664,50.96817398071289,2314600
2007-11-23,79.33000183105469,51.823951721191406,832000
2007-11-26,77.30000305175781,50.4978141784668,2163300
2007-11-27,78.12999725341797,51.04001235961914,2174100
2007-11-28,80.55999755859375,52.62744903564453,2336700
2007-11-29,80.38999938964844,52.516414642333984,2656800
2007-11-30,81.9000015258789,53.50284957885742,2675500
2007-12-03,81.2699966430664,53.09129333496094,2210800
2007-12-04,80.62000274658203,52.66666793823242,2193900
2007-12-05,81.94999694824219,53.535518646240234,2296700
2007-12-06,83.19999694824219,54.352088928222656,2829500
2007-12-07,82.9800033569336,54.20840835571289,4535400
2007-12-10,83.87999725341797,54.79631423950195,2293200
2007-12-11,81.61000061035156,53.313392639160156,2714200
2007-12-12,82.18000030517578,53.685787200927734,4179500
2007-12-13,82.12999725341797,53.65309524536133,3455100
2007-12-14,80.66999816894531,52.699344635009766,2780400
2007-12-17,79.56999969482422,51.980751037597656,3378700
2007-12-18,80.05999755859375,52.30084228515625,3889500
2007-12-19,80.02999877929688,52.28126525878906,2929600
2007-12-20,80.54000091552734,52.61439895629883,4933600
2007-12-21,81.6500015258789,53.339515686035156,2655700
2007-12-24,82.3499984741211,53.79684829711914,1946100
2007-12-26,82.41000366210938,53.83602523803711,2208400
2007-12-27,80.79000091552734,53.09341049194336,2819000
2007-12-28,80.80000305175781,53.099971771240234,2759800
2007-12-31,80.25,52.738525390625,3095900
2008-01-02,79.33000183105469,52.13393020629883,2533400
2008-01-03,79.2300033569336,52.0682258605957,2377700
2008-01-04,77.37999725341797,50.852447509765625,2709700
2008-01-07,77.87000274658203,51.17446517944336,4043900
2008-01-08,76.19000244140625,50.070396423339844,4642600
2008-01-09,77.08999633789062,50.66184616088867,3500000
2008-01-10,77.81999969482422,51.1416015625,4190600
2008-01-11,77.0,50.602699279785156,3220800
2008-01-14,77.48999786376953,50.9246940612793,2519900
2008-01-15,75.75,49.781227111816406,3213200
2008-01-16,75.56999969482422,49.66293716430664,2706300
2008-01-17,73.19000244140625,48.09885025024414,3228600
2008-01-18,72.38999938964844,47.57312774658203,7376500
2008-01-22,72.26000213623047,47.48769760131836,4692700
2008-01-23,74.20999908447266,48.7691764831543,4706500
2008-01-24,74.68000030517578,49.07804489135742,4488500
2008-01-25,73.58000183105469,48.355167388916016,3401700
2008-01-28,75.37999725341797,49.53809356689453,3808100
2008-01-29,76.06999969482422,49.99153137207031,3386900
2008-01-30,75.5999984741211,49.6826286315918,3302000
2008-01-31,77.01000213623047,50.60926818847656,3387300
2008-02-01,78.20999908447266,51.39788818359375,3097500
2008-02-04,77.5199966430664,50.94443130493164,2368400
2008-02-05,74.9000015258789,49.222633361816406,4189700
2008-02-06,74.3499984741211,48.86118698120117,1613000
2008-02-07,75.05999755859375,49.32779312133789,2897800
2008-02-08,74.37000274658203,48.87434768676758,1608600
2008-02-11,74.38999938964844,48.88748550415039,2706900
2008-02-12,75.26000213623047,49.459224700927734,3853800
2008-02-13,75.94999694824219,49.912681579589844,1838500
2008-02-14,75.0999984741211,49.35405349731445,2279700
2008-02-15,75.29000091552734,49.47892761230469,2007500
2008-02-19,75.44000244140625,49.577510833740234,6277900
2008-02-20,75.8499984741211,49.84695816040039,2447300
2008-02-21,74.7300033569336,49.11091995239258,2109300
2008-02-22,75.58000183105469,49.669525146484375,2103200
2008-02-25,76.62999725341797,50.359561920166016,2545700
2008-02-26,77.11000061035156,50.674991607666016,1839200
2008-02-27,76.88999938964844,50.5304069519043,1433500
2008-02-28,75.97000122070312,49.92578887939453,1713400
2008-02-29,74.0199966430664,48.64431381225586,1754900
2008-03-03,73.9800033569336,48.618011474609375,2554300
2008-03-04,73.72000122070312,48.44715118408203,2532700
2008-03-05,73.93000030517578,48.58515548706055,1862200
2008-03-06,72.04000091552734,47.34309768676758,2451300
2008-03-07,71.48999786376953,46.98163604736328,3124400
2008-03-10,70.44999694824219,46.298187255859375,2175800
2008-03-11,73.36000061035156,48.21059799194336,5382600
2008-03-12,72.58000183105469,47.697967529296875,1867900
2008-03-13,73.12000274658203,48.05286407470703,2789400
2008-03-14,71.29000091552734,46.85021209716797,2669000
2008-03-17,70.68000030517578,46.4493522644043,2668300
2008-03-18,73.8499984741211,48.5326042175293,2670100
2008-03-19,72.25,47.48112106323242,3283300
2008-03-20,74.33999633789062,48.85460662841797,5394600
2008-03-24,74.5199966430664,49.29786682128906,2861300
2008-03-25,74.72000122070312,49.43014144897461,2860800
2008-03-26,73.9800033569336,48.940608978271484,2238900
2008-03-27,73.06999969482422,48.338600158691406,2827600
2008-03-28,72.69000244140625,48.08723068237305,1455700
2008-03-31,73.44999694824219,48.589988708496094,3384800
2008-04-01,75.80000305175781,50.14460372924805,1928700
2008-04-02,75.7300033569336,50.098304748535156,3696400
2008-04-03,75.97000122070312,50.2570686340332,2630600
2008-04-04,75.63999938964844,50.03878402709961,1659200
2008-04-07,76.08999633789062,50.33644104003906,1537500
2008-04-08,75.7699966430664,50.12476348876953,1611100
2008-04-09,75.05000305175781,49.6484489440918,1445000
2008-04-10,74.91000366210938,49.55583953857422,1141400
2008-04-11,73.55000305175781,48.656150817871094,835600
2008-04-14,73.2699966430664,48.47092819213867,1201100
2008-04-15,73.62000274658203,48.702457427978516,1499000
2008-04-16,75.26000213623047,49.78739547729492,1497900
2008-04-17,75.44999694824219,49.91307830810547,1412000
2008-04-18,76.70999908447266,50.74658203125,1491800
2008-04-21,76.06999969482422,50.32322692871094,834700
2008-04-22,75.70999908447266,50.0850715637207,1138200
2008-04-23,75.69999694824219,50.078460693359375,1047000
2008-04-24,76.37000274658203,50.521690368652344,1945300
2008-04-25,77.12000274658203,51.01784133911133,1707900
2008-04-28,77.01000213623047,50.94506072998047,1025300
2008-04-29,76.69000244140625,50.73337936401367,3338800
2008-04-30,76.51000213623047,50.61429977416992,1352600
2008-05-01,77.7699966430664,51.44783020019531,1619000
2008-05-02,78.05999755859375,51.639686584472656,2011600
2008-05-05,77.69000244140625,51.39492416381836,1141500
2008-05-06,78.37999725341797,51.851356506347656,1628200
2008-05-07,76.81999969482422,50.81938552856445,2079500
2008-05-08,77.02999877929688,50.958309173583984,1223600
2008-05-09,76.4800033569336,50.594451904296875,1951200
2008-05-12,77.23999786376953,51.09722900390625,1344500
2008-05-13,77.12999725341797,51.02446746826172,1431100
2008-05-14,77.5199966430664,51.28244400024414,857300
2008-05-15,78.2699966430664,51.778602600097656,950800
2008-05-16,78.37000274658203,51.84477233886719,1069500
2008-05-19,78.55000305175781,51.963844299316406,779100
2008-05-20,77.81999969482422,51.48091125488281,2062300
2008-05-21,76.62999725341797,50.69369125366211,1777300
2008-05-22,76.61000061035156,50.68045425415039,2452200
2008-05-23,75.5199966430664,49.959373474121094,2314700
2008-05-27,75.83000183105469,50.164459228515625,2431700
2008-05-28,76.0,50.27693176269531,1429200
2008-05-29,76.41000366210938,50.54814529418945,2027700
2008-05-30,76.31999969482422,50.488609313964844,2043000
2008-06-02,75.62999725341797,50.03213882446289,1564800
2008-06-03,75.05999755859375,49.65507507324219,1842200
2008-06-04,74.80999755859375,49.48966979980469,2225600
2008-06-05,76.3499984741211,50.508480072021484,1906500
2008-06-06,73.91999816894531,48.90092468261719,2040800
2008-06-09,73.94000244140625,48.914146423339844,2089300
2008-06-10,73.7699966430664,48.80168914794922,2123500
2008-06-11,72.73999786376953,48.12030792236328,1701900
2008-06-12,72.69000244140625,48.08723068237305,1885200
2008-06-13,73.58999633789062,48.6826057434082,1568700
2008-06-16,73.61000061035156,48.69585037231445,1336500
2008-06-17,73.19000244140625,48.4179801940918,1267400
2008-06-18,72.47000122070312,47.94169235229492,1188500
2008-06-19,72.44000244140625,47.921836853027344,1591800
2008-06-20,71.12999725341797,47.055240631103516,2325200
2008-06-23,71.0199966430664,46.98245620727539,1719000
2008-06-24,70.9800033569336,46.95600128173828,1900900
2008-06-25,71.31999969482422,47.180912017822266,2899100
2008-06-26,69.30999755859375,45.85123062133789,2122600
2008-06-27,68.9000015258789,45.57999038696289,2713900
2008-06-30,69.05000305175781,45.67923355102539,2511800
2008-07-01,69.26000213623047,45.818153381347656,4025400
2008-07-02,67.63999938964844,45.075767517089844,2200100
2008-07-03,67.62000274658203,45.06243896484375,1618200
2008-07-07,66.5999984741211,44.38270568847656,3264000
2008-07-08,68.23999786376953,45.475608825683594,3100500
2008-07-09,66.51000213623047,44.32274627685547,2275100
2008-07-10,66.80999755859375,44.52265548706055,2831400
2008-07-11,65.83000183105469,43.86957550048828,2822800
2008-07-14,64.94999694824219,43.283138275146484,3859200
2008-07-15,63.900001525878906,42.583412170410156,4647900
2008-07-16,65.86000061035156,43.88956832885742,2719600
2008-07-17,67.18000030517578,44.76921463012695,4882300
2008-07-18,67.69000244140625,45.10909652709961,3587400
2008-07-21,67.61000061035156,45.05577850341797,2181700
2008-07-22,69.11000061035156,46.055397033691406,2540100
2008-07-23,69.58999633789062,46.375282287597656,2694100
2008-07-24,67.55000305175781,45.01580047607422,2725000
2008-07-25,67.41999816894531,44.92918014526367,2159500
2008-07-28,66.12999725341797,44.069488525390625,1831200
2008-07-29,67.87000274658203,45.22904586791992,2567700
2008-07-30,69.12000274658203,46.06205749511719,2120100
2008-07-31,68.30999755859375,45.522247314453125,2710700
2008-08-01,68.1500015258789,45.4156494140625,2060400
2008-08-04,67.5,44.98246383666992,1396700
2008-08-05,69.48999786376953,46.30862045288086,1796600
2008-08-06,69.62000274658203,46.3952522277832,1503500
2008-08-07,68.11000061035156,45.388980865478516,1615400
2008-08-08,69.81999969482422,46.52852249145508,1447900
2008-08-11,70.63999938964844,47.07499694824219,1188200
2008-08-12,69.44000244140625,46.27530288696289,1785500
2008-08-13,68.95999908447266,45.95542907714844,1812200
2008-08-14,69.4800033569336,46.30195617675781,1479800
2008-08-15,69.93000030517578,46.60184860229492,1287000
2008-08-18,68.87000274658203,45.89545822143555,1423800
2008-08-19,67.86000061035156,45.222408294677734,1361300
2008-08-20,68.37999725341797,45.56892013549805,1550700
2008-08-21,68.44999694824219,45.61555862426758,1431400
2008-08-22,69.27999877929688,46.16868591308594,1798500
2008-08-25,67.9000015258789,45.249046325683594,1191200
2008-08-26,68.23999786376953,45.475608825683594,1143800
2008-08-27,68.83000183105469,45.868797302246094,1573400
2008-08-28,70.08000183105469,46.70180892944336,1391700
2008-08-29,69.44999694824219,46.28195571899414,1385900
2008-09-02,69.47000122070312,46.29529571533203,2026200
2008-09-03,69.83000183105469,46.53520584106445,1423900
2008-09-04,67.6500015258789,45.08245086669922,1808800
2008-09-05,68.19000244140625,45.442298889160156,2193000
2008-09-08,70.1500015258789,46.74844741821289,2825500
2008-09-09,67.38999938964844,44.909183502197266,2489000
2008-09-10,67.5199966430664,44.995784759521484,2865500
2008-09-11,68.37000274658203,45.56224822998047,2342300
2008-09-12,68.55999755859375,45.688873291015625,1573000
2008-09-15,64.91000366210938,43.25647735595703,2912900
2008-09-16,66.05999755859375,44.02284240722656,4817300
2008-09-17,62.869998931884766,41.897003173828125,5571400
2008-09-18,65.88999938964844,43.90956115722656,6349900
2008-09-19,69.20999908447266,46.12202835083008,2882600
2008-09-22,66.41000366210938,44.25609588623047,3519000
2008-09-23,65.62999725341797,43.73628616333008,2755800
2008-09-24,65.55000305175781,43.971744537353516,2260300
2008-09-25,66.27999877929688,44.46144485473633,2572300
2008-09-26,66.48999786376953,44.60231399536133,2567500
2008-09-29,61.90999984741211,41.529998779296875,4345700
2008-09-30,63.88999938964844,42.858192443847656,2704000
2008-10-01,63.91999816894531,42.87833023071289,2597100
2008-10-02,62.02000045776367,41.60378646850586,2205400
2008-10-03,60.86000061035156,40.82563018798828,4141300
2008-10-06,58.65999984741211,39.349857330322266,4389500
2008-10-07,54.40999984741211,36.4989013671875,3863700
2008-10-08,53.33000183105469,35.77442169189453,4824400
2008-10-09,49.75,33.37291717529297,3375100
2008-10-10,48.0099983215332,32.205684661865234,6679600
2008-10-13,54.16999816894531,36.337894439697266,3504600
2008-10-14,54.4900016784668,36.55256652832031,5703300
2008-10-15,49.58000183105469,33.25886917114258,4895200
2008-10-16,51.72999954223633,34.701107025146484,7610200
2008-10-17,51.33000183105469,34.432796478271484,4899900
2008-10-20,53.7599983215332,36.06287384033203,4032200
2008-10-21,52.5,35.21763610839844,4152900
2008-10-22,49.369998931884766,33.118003845214844,4663100
2008-10-23,49.869998931884766,33.453392028808594,6682900
2008-10-24,48.08000183105469,32.25265884399414,4535100
2008-10-27,46.619998931884766,31.27325439453125,3427200
2008-10-28,51.66999816894531,34.6608772277832,5806600
2008-10-29,50.349998474121094,33.7754020690918,7404400
2008-10-30,51.95000076293945,34.84871292114258,5067500
2008-10-31,53.040000915527344,35.57988357543945,4033000
2008-11-03,53.18000030517578,35.67380905151367,4532000
2008-11-04,55.13999938964844,36.98858642578125,6348700
2008-11-05,52.08000183105469,34.9359130859375,4785800
2008-11-06,49.65999984741211,33.31253433227539,6471400
2008-11-07,50.779998779296875,34.063846588134766,4717900
2008-11-10,50.060001373291016,33.58086395263672,4123800
2008-11-11,48.900001525878906,32.802734375,4590600
2008-11-12,46.540000915527344,31.219623565673828,3576900
2008-11-13,50.13999938964844,33.63453674316406,8071700
2008-11-14,47.77000045776367,32.04471969604492,5536700
2008-11-17,46.34000015258789,31.08543586730957,7001300
2008-11-18,47.060001373291016,31.568437576293945,7494800
2008-11-19,44.0,29.5157413482666,9882100
2008-11-20,40.689998626708984,27.295366287231445,9504700
2008-11-21,43.08000183105469,28.89859390258789,9878700
2008-11-24,45.83000183105469,30.743328094482422,10116000
2008-11-25,46.93000030517578,31.481216430664062,8251800
2008-11-26,48.529998779296875,32.55451583862305,8610300
2008-11-28,49.06999969482422,32.9167594909668,2594000
2008-12-01,44.56999969482422,29.898107528686523,9677500
2008-12-02,46.470001220703125,31.17265510559082,10117100
2008-12-03,48.02000045776367,32.2124137878418,9627500
2008-12-04,46.63999938964844,31.286697387695312,13053900
2008-12-05,48.61000061035156,32.60820007324219,10009800
2008-12-08,50.31999969482422,33.755271911621094,11268500
2008-12-09,49.0,32.869808197021484,10162400
2008-12-10,49.58000183105469,33.25886917114258,9207000
2008-12-11,48.09000015258789,32.25936508178711,9818600
2008-12-12,48.5,32.53440475463867,11270200
2008-12-15,47.72999954223633,32.01787567138672,8635500
2008-12-16,50.33000183105469,33.76200485229492,8523200
2008-12-17,49.880001068115234,33.46011734008789,7765100
2008-12-18,48.7599983215332,32.70881652832031,7727000
2008-12-19,48.61000061035156,32.60820007324219,7174900
2008-12-22,47.70000076293945,31.99774169921875,13494400
2008-12-23,46.97999954223633,31.783985137939453,7693700
2008-12-24,47.150001525878906,31.898977279663086,3137900
2008-12-26,47.41999816894531,32.08164978027344,5397700
2008-12-29,47.400001525878906,32.0681037902832,6400300
2008-12-30,48.599998474121094,32.879947662353516,6968800
2008-12-31,49.52000045776367,33.502376556396484,5102300
2009-01-02,50.61000061035156,34.239810943603516,4839200
2009-01-05,50.470001220703125,34.145084381103516,8911200
2009-01-06,50.63999938964844,34.26011276245117,6758200
2009-01-07,49.150001525878906,33.2520637512207,3984000
2009-01-08,49.20000076293945,33.28588104248047,5680000
2009-01-09,48.209999084472656,32.61610412597656,4771900
2009-01-12,47.02000045776367,31.811017990112305,7369600
2009-01-13,47.08000183105469,31.851613998413086,11995400
2009-01-14,45.40999984741211,30.721797943115234,5139600
2009-01-15,45.27000045776367,30.6270694732666,6810100
2009-01-16,45.34000015258789,30.674427032470703,8085800
2009-01-20,42.56999969482422,28.8004093170166,10540400
2009-01-21,44.59000015258789,30.167015075683594,7465400
2009-01-22,43.849998474121094,29.666378021240234,7888900
2009-01-23,44.09000015258789,29.82876205444336,4687300
2009-01-26,44.33000183105469,29.991111755371094,5516800
2009-01-27,44.720001220703125,30.254968643188477,6321800
2009-01-28,46.56999969482422,31.506576538085938,5774600
2009-01-29,44.84000015258789,30.33616828918457,4632600
2009-01-30,43.790000915527344,29.62580108642578,5369800
2009-02-02,43.650001525878906,29.53108024597168,4817600
2009-02-03,43.93000030517578,29.720508575439453,3881600
2009-02-04,43.56999969482422,29.476947784423828,3835000
2009-02-05,44.09000015258789,29.82876205444336,4669800
2009-02-06,45.5099983215332,30.78944969177246,4071900
2009-02-09,45.7400016784668,30.945043563842773,5067500
2009-02-10,43.150001525878906,29.192792892456055,7682000
2009-02-11,43.66999816894531,29.54459571838379,5282900
2009-02-12,43.529998779296875,29.449886322021484,5059600
2009-02-13,42.91999816894531,29.037199020385742,6231400
2009-02-17,40.81999969482422,27.616458892822266,4993700
2009-02-18,40.619998931884766,27.481149673461914,4927100
2009-02-19,40.099998474121094,27.129344940185547,4101100
2009-02-20,39.43000030517578,26.676082611083984,6373700
2009-02-23,38.290000915527344,25.904802322387695,4734800
2009-02-24,39.939998626708984,27.02109146118164,4184300
2009-02-25,39.54999923706055,26.75724983215332,3604900
2009-02-26,38.9900016784668,26.378387451171875,4871100
2009-02-27,38.02000045776367,25.722150802612305,9791200
2009-03-02,35.88999938964844,24.28110694885254,5159200
2009-03-03,35.40999984741211,23.956361770629883,4328000
2009-03-04,36.06999969482422,24.402881622314453,3550700
2009-03-05,34.380001068115234,23.259523391723633,4406300
2009-03-06,34.40999984741211,23.279827117919922,5801200
2009-03-09,34.189998626708984,23.1309871673584,5185000
2009-03-10,36.61000061035156,24.768211364746094,4981300
2009-03-11,36.619998931884766,24.774986267089844,3949500
2009-03-12,38.619998931884766,26.128055572509766,3768100
2009-03-13,38.849998474121094,26.283672332763672,3842100
2009-03-16,38.83000183105469,26.27014923095703,4553100
2009-03-17,40.040000915527344,27.088754653930664,3779000
2009-03-18,41.369998931884766,27.98855972290039,3904000
2009-03-19,40.59000015258789,27.460857391357422,3701200
2009-03-20,39.560001373291016,26.76401710510254,3757200
2009-03-23,42.630001068115234,28.84099769592285,3237700
2009-03-24,41.130001068115234,28.09041404724121,2764000
2009-03-25,41.790000915527344,28.54118537902832,3985700
2009-03-26,42.72999954223633,29.183164596557617,3129200
2009-03-27,41.939998626708984,28.64362144470215,4369400
2009-03-30,40.189998626708984,27.448427200317383,4478500
2009-03-31,40.75,27.830886840820312,3955300
2009-04-01,41.459999084472656,28.315805435180664,2878500
2009-04-02,42.68000030517578,29.14900779724121,3890200
2009-04-03,43.2599983215332,29.545137405395508,3205400
2009-04-06,42.84000015258789,29.25829315185547,2301700
2009-04-07,41.77000045776367,28.52751922607422,2681500
2009-04-08,42.08000183105469,28.73923683166504,2258500
2009-04-09,44.43000030517578,30.34421730041504,3025600
2009-04-13,44.630001068115234,30.480819702148438,2957100
2009-04-14,43.31999969482422,29.586116790771484,2768500
2009-04-15,44.31999969482422,30.269084930419922,2211300
2009-04-16,44.869998931884766,30.644718170166016,2668300
2009-04-17,45.2599983215332,30.911056518554688,2747400
2009-04-20,42.779998779296875,29.217315673828125,4406500
2009-04-21,43.97999954223633,30.036890029907227,4112000
2009-04-22,43.459999084472656,29.681737899780273,4511400
2009-04-23,43.939998626708984,30.009552001953125,2963700
2009-04-24,44.7400016784668,30.55593490600586,3022000
2009-04-27,44.15999984741211,30.159807205200195,2812900
2009-04-28,44.11000061035156,30.12565803527832,3116600
2009-04-29,45.209999084472656,30.876924514770508,2951900
2009-04-30,45.06999969482422,30.781301498413086,2415300
2009-05-01,45.349998474121094,30.9725399017334,1729300
2009-05-04,47.25,32.270172119140625,2504900
2009-05-05,47.08000183105469,32.15407180786133,2669600
2009-05-06,48.209999084472656,32.925819396972656,2627000
2009-05-07,47.650001525878906,32.543357849121094,3249600
2009-05-08,49.29999923706055,33.670265197753906,3301700
2009-05-11,47.97999954223633,32.76873779296875,2929200
2009-05-12,47.52000045776367,32.45457458496094,2864400
2009-05-13,46.220001220703125,31.566713333129883,2729500
2009-05-14,46.66999816894531,31.874052047729492,3328500
2009-05-15,46.150001525878906,31.518922805786133,2604900
2009-05-18,47.689998626708984,32.5706901550293,3404800
2009-05-19,47.529998779296875,32.4614143371582,2427900
2009-05-20,47.13999938964844,32.195064544677734,3131500
2009-05-21,46.52000045776367,31.771608352661133,3959400
2009-05-22,46.349998474121094,31.655508041381836,2408900
2009-05-26,47.470001220703125,32.42043685913086,2694100
2009-05-27,46.5099983215332,31.764785766601562,3143700
2009-05-28,47.290000915527344,32.297508239746094,3255500
2009-05-29,48.09000015258789,32.843868255615234,3187400
2009-06-01,48.90999984741211,33.403892517089844,4057300
2009-06-02,49.25,33.6361198425293,2037900
2009-06-03,48.13999938964844,32.87801742553711,1832500
2009-06-04,48.900001525878906,33.39707946777344,2212600
2009-06-05,48.86000061035156,33.36974334716797,3338000
2009-06-08,48.58000183105469,33.178531646728516,1918800
2009-06-09,48.72999954223633,33.280967712402344,1734700
2009-06-10,48.66999816894531,33.239994049072266,2567700
2009-06-11,48.959999084472656,33.43806457519531,2374000
2009-06-12,49.18000030517578,33.58830642700195,2088200
2009-06-15,47.900001525878906,32.71411895751953,2557000
2009-06-16,47.220001220703125,32.249691009521484,1908700
2009-06-17,46.90999984741211,32.03797149658203,2866700
2009-06-18,47.33000183105469,32.32481002807617,1395000
2009-06-19,47.47999954223633,32.427249908447266,2835300
2009-06-22,46.040000915527344,31.443790435791016,3684800
2009-06-23,46.060001373291016,31.457448959350586,3161500
2009-06-24,46.43000030517578,31.71013832092285,4271900
2009-06-25,47.41999816894531,32.38629150390625,3178800
2009-06-26,47.25,32.270172119140625,3973600
2009-06-29,47.95000076293945,32.748260498046875,3181600
2009-06-30,47.59000015258789,32.50239181518555,2604600
2009-07-01,47.7400016784668,32.604827880859375,2560900
2009-07-02,45.880001068115234,31.559946060180664,2830000
2009-07-06,45.81999969482422,31.51865577697754,2891000
2009-07-07,44.900001525878906,30.885820388793945,2918000
2009-07-08,44.56999969482422,30.65882110595703,3617700
2009-07-09,44.83000183105469,30.83766746520996,2163700
2009-07-10,44.63999938964844,30.706972122192383,1722200
2009-07-13,45.88999938964844,31.566808700561523,1792000
2009-07-14,46.16999816894531,31.759422302246094,2119000
2009-07-15,47.68000030517578,32.79811477661133,1515700
2009-07-16,48.11000061035156,33.09392166137695,2073600
2009-07-17,48.02000045776367,33.03199768066406,1678400
2009-07-20,48.58000183105469,33.41721725463867,1872800
2009-07-21,48.72999954223633,33.52039337158203,1856800
2009-07-22,48.7599983215332,33.54103469848633,1239900
2009-07-23,50.04999923706055,34.428409576416016,1800200
2009-07-24,50.439998626708984,34.6966667175293,2337700
2009-07-27,50.709999084472656,34.88240432739258,2180900
2009-07-28,50.47999954223633,34.72418975830078,3486100
2009-07-29,50.0099983215332,34.4008903503418,1611200
2009-07-30,50.86000061035156,34.98558044433594,2921400
2009-07-31,50.95000076293945,35.0474853515625,2481400
2009-08-03,52.040000915527344,35.79728698730469,2047800
2009-08-04,52.349998474121094,36.01053237915039,1868700
2009-08-05,52.52000045776367,36.12746047973633,4372600
2009-08-06,52.29999923706055,35.976131439208984,5503500
2009-08-07,53.08000183105469,36.512691497802734,1487400
2009-08-10,52.91999816894531,36.40260314941406,2162000
2009-08-11,52.02000045776367,35.78351974487305,1782700
2009-08-12,52.70000076293945,36.25128936767578,1432400
2009-08-13,53.189998626708984,36.588340759277344,1934800
2009-08-14,52.720001220703125,36.265037536621094,1538700
2009-08-17,51.2599983215332,35.26073455810547,1835700
2009-08-18,51.7599983215332,35.60466766357422,1391200
2009-08-19,52.15999984741211,35.87983703613281,1596100
2009-08-20,52.7599983215332,36.29256820678711,1098300
2009-08-21,53.939998626708984,37.10425567626953,2594800
2009-08-24,53.939998626708984,37.10425567626953,1786400
2009-08-25,54.150001525878906,37.248695373535156,1652000
2009-08-26,54.119998931884766,37.228065490722656,1412800
2009-08-27,54.209999084472656,37.28997802734375,1625500
2009-08-28,54.25,37.31748962402344,1169100
2009-08-31,53.720001220703125,36.95292282104492,2426400
2009-09-01,52.27000045776367,35.955501556396484,2360600
2009-09-02,51.95000076293945,35.73537063598633,1351200
2009-09-03,52.470001220703125,36.09305953979492,1088000
2009-09-04,53.189998626708984,36.588340759277344,1244400
2009-09-08,53.79999923706055,37.00794219970703,1089100
2009-09-09,54.290000915527344,37.345008850097656,1235900
2009-09-10,55.0,37.83340835571289,1437400
2009-09-11,54.88999938964844,37.75775146484375,1949000
2009-09-14,55.34000015258789,38.06727981567383,1470300
2009-09-15,55.720001220703125,38.32868576049805,1761600
2009-09-16,56.77000045776367,39.05096435546875,1675000
2009-09-17,56.540000915527344,38.89274597167969,2588500
2009-09-18,56.650001525878906,38.96841812133789,1819800
2009-09-21,56.27000045776367,38.707000732421875,2075800
2009-09-22,56.560001373291016,39.0885009765625,1923800
2009-09-23,55.95000076293945,38.66693878173828,1257200
2009-09-24,55.13999938964844,38.10712432861328,1954200
2009-09-25,54.869998931884766,37.92053985595703,1444900
2009-09-28,55.939998626708984,38.660037994384766,1708800
2009-09-29,55.88999938964844,38.625465393066406,2316400
2009-09-30,55.4900016784668,38.349021911621094,2931300
2009-10-01,53.939998626708984,37.2778205871582,1802400
2009-10-02,53.560001373291016,37.01520538330078,3242400
2009-10-05,54.619998931884766,37.747772216796875,2323700
2009-10-06,55.380001068115234,38.27299499511719,2636100
2009-10-07,55.599998474121094,38.425048828125,1435600
2009-10-08,56.09000015258789,38.76368713378906,1270200
2009-10-09,56.369998931884766,38.95718765258789,916000
2009-10-12,56.689998626708984,39.17833709716797,753400
2009-10-13,56.5,39.047035217285156,1086200
2009-10-14,57.65999984741211,39.84870147705078,1891900
2009-10-15,57.720001220703125,39.89017105102539,3095900
2009-10-16,57.18000030517578,39.516971588134766,1254500
2009-10-19,57.7599983215332,39.91781234741211,1527500
2009-10-20,57.369998931884766,39.64828109741211,1762500
2009-10-21,56.7400016784668,39.212886810302734,1400200
2009-10-22,57.36000061035156,39.64138412475586,2054500
2009-10-23,56.5099983215332,39.05393600463867,1933800
2009-10-26,55.54999923706055,38.3904914855957,1373800
2009-10-27,55.45000076293945,38.321380615234375,1965600
2009-10-28,54.16999816894531,37.43678283691406,1852100
2009-10-29,55.560001373291016,38.39740753173828,2013000
2009-10-30,53.709999084472656,37.118873596191406,2940100
2009-11-02,54.040000915527344,37.34694290161133,2527400
2009-11-03,54.34000015258789,37.55424880981445,1992800
2009-11-04,54.279998779296875,37.51279830932617,1561800
2009-11-05,55.369998931884766,38.266090393066406,1306000
2009-11-06,55.40999984741211,38.293731689453125,1111100
2009-11-09,56.900001525878906,39.32347106933594,1364200
2009-11-10,56.81999969482422,39.2681884765625,1631000
2009-11-11,57.15999984741211,39.50316619873047,1385900
2009-11-12,56.41999816894531,38.99174880981445,1201100
2009-11-13,56.66999816894531,39.164527893066406,1026200
2009-11-16,57.560001373291016,39.779598236083984,1426300
2009-11-17,57.529998779296875,39.758872985839844,1609200
2009-11-18,57.66999816894531,39.855628967285156,2042800
2009-11-19,56.7400016784668,39.212886810302734,1944800
2009-11-20,56.54999923706055,39.08159255981445,1050300
2009-11-23,57.310001373291016,39.60682678222656,1576800
2009-11-24,57.209999084472656,39.53771209716797,1611300
2009-11-25,57.540000915527344,39.765777587890625,784600
2009-11-27,56.52000045776367,39.060855865478516,1123900
2009-11-30,56.790000915527344,39.247459411621094,1730100
2009-12-01,57.47999954223633,39.72431564331055,1610100
2009-12-02,57.5099983215332,39.74503707885742,1849800
2009-12-03,56.970001220703125,39.37185287475586,2017100
2009-12-04,57.31999969482422,39.613739013671875,2727800
2009-12-07,57.310001373291016,39.60682678222656,1285300
2009-12-08,56.650001525878906,39.15070724487305,1571600
2009-12-09,56.790000915527344,39.247459411621094,1570600
2009-12-10,57.040000915527344,39.42024230957031,1561400
2009-12-11,57.45000076293945,39.70359802246094,1037600
2009-12-14,57.880001068115234,40.00075149536133,1072400
2009-12-15,57.540000915527344,39.765777587890625,1385100
2009-12-16,57.77000045776367,39.924747467041016,1411600
2009-12-17,57.08000183105469,39.4478759765625,1213300
2009-12-18,57.400001525878906,39.66901779174805,1773000
2009-12-21,57.880001068115234,40.00075149536133,1197700
2009-12-22,58.099998474121094,40.152793884277344,2050300
2009-12-23,57.83000183105469,40.2091064453125,1298600
2009-12-24,58.16999816894531,40.44551086425781,361200
2009-12-28,58.18000030517578,40.45246124267578,816100
2009-12-29,58.02000045776367,40.34123229980469,965600
2009-12-30,57.91999816894531,40.27169418334961,842200
2009-12-31,57.400001525878906,39.91013717651367,1419800
2010-01-04,58.52000045776367,40.68886947631836,2371800
2010-01-05,58.869998931884766,40.93222427368164,1868000
2010-01-06,59.06999969482422,41.0712776184082,1815300
2010-01-07,59.56999969482422,41.41892623901367,2526000
2010-01-08,59.709999084472656,41.516273498535156,1514600
2010-01-11,59.849998474121094,41.613616943359375,2151700
2010-01-12,59.060001373291016,41.06432342529297,2107800
2010-01-13,59.599998474121094,41.439788818359375,2535500
2010-01-14,59.810001373291016,41.585811614990234,1736000
2010-01-15,59.0099983215332,41.02956008911133,2211500
2010-01-19,59.619998931884766,41.45369338989258,2604100
2010-01-20,59.189998626708984,41.15471267700195,2257800
2010-01-21,57.91999816894531,40.27169418334961,3953800
2010-01-22,56.720001220703125,39.437320709228516,3327900
2010-01-25,56.970001220703125,39.611148834228516,2933800
2010-01-26,56.61000061035156,39.3608512878418,3422200
2010-01-27,56.88999938964844,39.55553436279297,3220200
2010-01-28,56.369998931884766,39.1939811706543,2240700
2010-01-29,55.77000045776367,38.77679443359375,2719000
2010-02-01,56.7400016784668,39.45124053955078,1715300
2010-02-02,57.56999969482422,40.028343200683594,2323800
2010-02-03,57.08000183105469,39.687644958496094,2088900
2010-02-04,55.130001068115234,38.331809997558594,3798400
2010-02-05,55.279998779296875,38.43610382080078,3392900
2010-02-08,54.77000045776367,38.08148193359375,1975400
2010-02-09,55.5099983215332,38.596012115478516,2826200
2010-02-10,55.36000061035156,38.491722106933594,1823600
2010-02-11,55.97999954223633,38.92279815673828,1660900
2010-02-12,55.959999084472656,38.90890121459961,1805100
2010-02-16,56.939998626708984,39.59028625488281,1970400
2010-02-17,57.16999816894531,39.750213623046875,1453400
2010-02-18,57.529998779296875,40.00052261352539,1563500
2010-02-19,57.77000045776367,40.16740036010742,1619400
2010-02-22,57.790000915527344,40.18129348754883,1782000
2010-02-23,57.0099983215332,39.63896560668945,2628200
2010-02-24,57.540000915527344,40.00746536254883,2370600
2010-02-25,57.40999984741211,39.917083740234375,2446700
2010-02-26,57.47999954223633,39.96575927734375,1630900
2010-03-01,58.119998931884766,40.41073989868164,1273500
2010-03-02,58.36000061035156,40.57761001586914,1474000
2010-03-03,58.349998474121094,40.57065963745117,1323200
2010-03-04,58.54999923706055,40.7097282409668,1325100
2010-03-05,59.41999816894531,41.31464767456055,1278200
2010-03-08,59.529998779296875,41.391136169433594,896500
2010-03-09,59.58000183105469,41.42588806152344,2944400
2010-03-10,59.970001220703125,41.69704818725586,2327600
2010-03-11,60.27000045776367,41.905643463134766,1432200
2010-03-12,60.2599983215332,41.898685455322266,1472200
2010-03-15,60.20000076293945,41.85695266723633,1691000
2010-03-16,60.880001068115234,42.32977294921875,1587700
2010-03-17,61.29999923706055,42.621795654296875,2026900
2010-03-18,61.130001068115234,42.503597259521484,1540900
2010-03-19,60.68000030517578,42.19071960449219,1174300
2010-03-22,60.9900016784668,42.40625762939453,1785400
2010-03-23,61.52000045776367,42.7747688293457,1220500
2010-03-24,61.06999969482422,42.6448860168457,3180400
2010-03-25,60.849998474121094,42.491249084472656,2787300
2010-03-26,60.86000061035156,42.49822998046875,1856800
2010-03-29,61.27000045776367,42.784542083740234,2160200
2010-03-30,61.189998626708984,42.728675842285156,2146500
2010-03-31,61.06999969482422,42.6448860168457,2444400
2010-04-01,61.650001525878906,43.049903869628906,1799100
2010-04-05,62.27000045776367,43.48284149169922,1610500
2010-04-06,62.54999923706055,43.67835235595703,1733400
2010-04-07,62.119998931884766,43.37808609008789,3957600
2010-04-08,62.40999984741211,43.580604553222656,1257600
2010-04-09,62.83000183105469,43.8738899230957,1191800
2010-04-12,63.04999923706055,44.027503967285156,1182200
2010-04-13,63.08000183105469,44.0484504699707,3170100
2010-04-14,63.95000076293945,44.65596008300781,1094500
2010-04-15,63.869998931884766,44.60009002685547,1264300
2010-04-16,62.61000061035156,43.72025680541992,2073500
2010-04-19,62.86000061035156,43.894840240478516,1522000
2010-04-20,63.650001525878906,44.44649124145508,1411100
2010-04-21,63.5,44.34173583984375,1188800
2010-04-22,63.720001220703125,44.49535369873047,1455200
2010-04-23,64.2699966430664,44.879417419433594,1826000
2010-04-26,63.939998626708984,44.648990631103516,1701900
2010-04-27,62.25,43.46887969970703,3043600
2010-04-28,62.869998931884766,43.90180969238281,2522800
2010-04-29,63.709999084472656,44.488380432128906,1687100
2010-04-30,62.65999984741211,43.75517654418945,2563500
2010-05-03,63.56999969482422,44.39060974121094,1669900
2010-05-04,61.970001220703125,43.27334213256836,2123600
2010-05-05,61.400001525878906,42.87531280517578,3009800
2010-05-06,59.27000045776367,41.387943267822266,6334600
2010-05-07,58.34000015258789,40.738525390625,5279700
2010-05-10,61.04999923706055,42.63090515136719,3683400
2010-05-11,60.88999938964844,42.51919174194336,2336100
2010-05-12,61.720001220703125,43.09878158569336,1553600
2010-05-13,61.0099983215332,42.602989196777344,2473800
2010-05-14,59.790000915527344,41.75106430053711,2502300
2010-05-17,59.79999923706055,41.758060455322266,2242700
2010-05-18,58.84000015258789,41.08769226074219,3456000
2010-05-19,58.5099983215332,40.85725021362305,4527700
2010-05-20,56.09000015258789,39.16737365722656,4721600
2010-05-21,57.09000015258789,39.86566925048828,4586900
2010-05-24,56.18000030517578,39.2302131652832,1832600
2010-05-25,56.279998779296875,39.30005645751953,3529400
2010-05-26,56.18000030517578,39.2302131652832,3449200
2010-05-27,58.27000045776367,40.689659118652344,3204700
2010-05-28,57.52000045776367,40.16594696044922,4279500
2010-06-01,56.2400016784668,39.2721061706543,2578600
2010-06-02,57.79999923706055,40.36145782470703,2804700
2010-06-03,57.93000030517578,40.452247619628906,1626100
2010-06-04,55.77000045776367,38.94390869140625,5287600
2010-06-07,54.97999954223633,38.39228057861328,1764200
2010-06-08,55.66999816894531,38.87409210205078,2388600
2010-06-09,55.40999984741211,38.692527770996094,1980000
2010-06-10,57.290000915527344,40.00532150268555,1342600
2010-06-11,57.560001373291016,40.193851470947266,1308400
2010-06-14,57.38999938964844,40.075157165527344,2127700
2010-06-15,58.75,41.02483367919922,1491400
2010-06-16,58.65999984741211,40.96199035644531,1554100
2010-06-17,58.77000045776367,41.03879928588867,1472000
2010-06-18,58.77000045776367,41.03879928588867,1268000
2010-06-21,58.63999938964844,40.94803237915039,2129500
2010-06-22,57.5,40.15196990966797,1420900
2010-06-23,57.279998779296875,39.998348236083984,1980600
2010-06-24,56.2400016784668,39.2721061706543,1923300
2010-06-25,56.63999938964844,39.55143737792969,3507200
2010-06-28,56.529998779296875,39.4746208190918,1111400
2010-06-29,54.790000915527344,38.25959396362305,2780600
2010-06-30,54.209999084472656,37.854576110839844,4189300
2010-07-01,53.9900016784668,37.70094680786133,3546200
2010-07-02,53.33000183105469,37.462825775146484,1617100
2010-07-06,53.619998931884766,37.66653060913086,1917900
2010-07-07,55.41999816894531,38.93098831176758,3608100
2010-07-08,55.95000076293945,39.30329513549805,1707700
2010-07-09,56.459999084472656,39.66155242919922,1118500
2010-07-12,56.439998626708984,39.64749526977539,848100
2010-07-13,57.34000015258789,40.27970886230469,1239000
2010-07-14,57.189998626708984,40.17435836791992,1476200
2010-07-15,57.27000045776367,40.230552673339844,1307700
2010-07-16,55.58000183105469,39.04337692260742,1560500
2010-07-19,55.880001068115234,39.254112243652344,1016000
2010-07-20,56.40999984741211,39.62641906738281,2429900
2010-07-21,55.68000030517578,39.11362075805664,2487200
2010-07-22,56.90999984741211,39.97766876220703,1299000
2010-07-23,57.380001068115234,40.30782699584961,3279500
2010-07-26,58.13999938964844,40.841697692871094,1878000
2010-07-27,58.18000030517578,40.86979675292969,2587400
2010-07-28,57.72999954223633,40.553688049316406,1602700
2010-07-29,57.5099983215332,40.399147033691406,1739900
2010-07-30,57.560001373291016,40.43426513671875,1838600
2010-08-02,58.849998474121094,41.34044647216797,2048200
2010-08-03,58.540000915527344,41.12270736694336,1328400
2010-08-04,58.84000015258789,41.33344650268555,1129600
2010-08-05,58.77000045776367,41.28425598144531,1731300
2010-08-06,58.540000915527344,41.12270736694336,1318700
2010-08-09,58.869998931884766,41.35451126098633,1062300
2010-08-10,58.529998779296875,41.115684509277344,1729900
2010-08-11,56.81999969482422,39.91444396972656,1846900
2010-08-12,56.61000061035156,39.76692199707031,1517500
2010-08-13,56.47999954223633,39.67560577392578,1336500
2010-08-16,56.470001220703125,39.66858673095703,1658700
2010-08-17,57.099998474121094,40.111141204833984,1368200
2010-08-18,57.189998626708984,40.17435836791992,2037000
2010-08-19,56.119998931884766,39.42271041870117,1604300
2010-08-20,55.88999938964844,39.261131286621094,1366800
2010-08-23,55.70000076293945,39.12767791748047,1593700
2010-08-24,54.9900016784668,38.62892150878906,1894300
2010-08-25,55.15999984741211,38.748329162597656,1539300
2010-08-26,54.83000183105469,38.51652526855469,1077700
2010-08-27,55.790000915527344,39.190887451171875,1346700
2010-08-30,54.95000076293945,38.600807189941406,1049700
2010-08-31,55.130001068115234,38.72726058959961,1814800
2010-09-01,56.810001373291016,39.907405853271484,1977200
2010-09-02,57.2400016784668,40.20946502685547,1104600
2010-09-03,58.0,40.74335479736328,992400
2010-09-07,57.15999984741211,40.15327453613281,1386900
2010-09-08,57.61000061035156,40.46940231323242,1791300
2010-09-09,58.029998779296875,40.764434814453125,877300
2010-09-10,58.279998779296875,40.94004440307617,898000
2010-09-13,59.029998779296875,41.466896057128906,1777300
2010-09-14,58.880001068115234,41.36153793334961,3250400
2010-09-15,59.029998779296875,41.466896057128906,1921000
2010-09-16,58.880001068115234,41.36153793334961,2075700
2010-09-17,58.79999923706055,41.30533218383789,1560500
2010-09-20,59.7400016784668,41.96567153930664,1235700
2010-09-21,59.4900016784668,41.7900390625,2650500
2010-09-22,59.11000061035156,41.52309799194336,2095500
2010-09-23,58.13999938964844,41.07797622680664,1607600
2010-09-24,59.31999969482422,41.91169357299805,1500900
2010-09-27,59.02000045776367,41.699737548828125,1602700
2010-09-28,59.29999923706055,41.897579193115234,1751300
2010-09-29,59.119998931884766,41.770381927490234,3238200
2010-09-30,58.9900016784668,41.67854690551758,2578700
2010-10-01,59.349998474121094,41.932891845703125,1676600
2010-10-04,58.939998626708984,41.643192291259766,1782700
2010-10-05,60.09000015258789,42.45573806762695,1881300
2010-10-06,60.15999984741211,42.50517272949219,2862800
2010-10-07,60.04999923706055,42.42747497558594,1356800
2010-10-08,60.31999969482422,42.61822509765625,1211400
2010-10-11,60.38999938964844,42.667686462402344,934700
2010-10-12,60.58000183105469,42.80192565917969,1560800
2010-10-13,60.970001220703125,43.07746887207031,2351100
2010-10-14,60.63999938964844,42.84431838989258,2334300
2010-10-15,60.380001068115234,42.66062927246094,1206100
2010-10-18,60.66999816894531,42.865509033203125,898100
2010-10-19,60.029998779296875,42.413333892822266,2032000
2010-10-20,60.68000030517578,42.872596740722656,1252100
2010-10-21,60.66999816894531,42.865509033203125,1471300
2010-10-22,60.72999954223633,42.90791320800781,836200
2010-10-25,60.88999938964844,43.02094268798828,1059400
2010-10-26,60.86000061035156,42.999755859375,1521300
2010-10-27,60.709999084472656,42.89376449584961,843100
2010-10-28,60.790000915527344,42.95030212402344,1349800
2010-10-29,60.810001373291016,42.96442794799805,1330200
2010-11-01,60.7400016784668,42.914981842041016,1128300
2010-11-02,61.18000030517578,43.225852966308594,897200
2010-11-03,61.400001525878906,43.38127899169922,1263400
2010-11-04,62.63999938964844,44.257389068603516,1026600
2010-11-05,62.9900016784668,44.50468444824219,2597600
2010-11-08,62.810001373291016,44.377506256103516,1005800
2010-11-09,62.209999084472656,43.95358657836914,1387800
2010-11-10,62.5,44.158470153808594,1317100
2010-11-11,62.33000183105469,44.038368225097656,1444600
2010-11-12,61.650001525878906,43.55792236328125,1506300
2010-11-15,61.689998626708984,43.58617401123047,1653600
2010-11-16,60.65999984741211,42.858463287353516,8899300
2010-11-17,60.709999084472656,42.89376449584961,1237200
2010-11-18,61.52000045776367,43.46607208251953,2177500
2010-11-19,61.599998474121094,43.522579193115234,3678600
2010-11-22,61.380001068115234,43.367156982421875,2580800
2010-11-23,60.4900016784668,42.738346099853516,3191100
2010-11-24,61.31999969482422,43.32476806640625,1553100
2010-11-26,60.810001373291016,42.96442794799805,702200
2010-11-29,60.81999969482422,42.971500396728516,2505900
2010-11-30,60.439998626708984,42.70301818847656,2169300
2010-12-01,61.72999954223633,43.61444854736328,2542000
2010-12-02,62.599998474121094,44.2291259765625,1364100
2010-12-03,62.79999923706055,44.37043380737305,1326700
2010-12-06,62.7400016784668,44.328067779541016,3528000
2010-12-07,62.790000915527344,44.363372802734375,1788000
2010-12-08,63.04999923706055,44.54706573486328,1203200
2010-12-09,63.43000030517578,44.81555938720703,1012500
2010-12-10,63.83000183105469,45.09815979003906,1227000
2010-12-13,63.95000076293945,45.18294143676758,1609400
2010-12-14,63.970001220703125,45.19709777832031,1003400
2010-12-15,63.59000015258789,44.928592681884766,885300
2010-12-16,64.0,45.21828842163086,3617200
2010-12-17,64.04000091552734,45.24654769897461,1212700
2010-12-20,64.23999786376953,45.387840270996094,1522100
2010-12-21,64.75,45.74818801879883,3205000
2010-12-22,64.81999969482422,46.05226135253906,1806700
2010-12-23,64.68000030517578,45.95278549194336,862800
2010-12-27,64.77999877929688,46.02384948730469,725700
2010-12-28,64.81999969482422,46.05226135253906,1398400
2010-12-29,64.87999725341797,46.094879150390625,1220800
2010-12-30,64.83000183105469,46.05936813354492,1423800
2010-12-31,64.87000274658203,46.08778762817383,1122000
2011-01-03,65.5999984741211,46.606422424316406,2222400
2011-01-04,65.69000244140625,46.67038345336914,5350100
2011-01-05,66.04000091552734,46.919044494628906,3559700
2011-01-06,65.76000213623047,46.720096588134766,4917100
2011-01-07,65.56999969482422,46.58510208129883,2036100
2011-01-10,65.4800033569336,46.52116394042969,3516200
2011-01-11,65.63999938964844,46.63484191894531,3798700
2011-01-12,66.29000091552734,47.096649169921875,2883000
2011-01-13,66.12000274658203,46.975868225097656,1088400
2011-01-14,66.5999984741211,47.31689453125,2562400
2011-01-18,66.62999725341797,47.338191986083984,1660700
2011-01-19,65.88999938964844,46.81245803833008,2031100
2011-01-20,65.94000244140625,46.84798049926758,1732900
2011-01-21,66.20999908447266,47.039825439453125,3113600
2011-01-24,66.51000213623047,47.25294876098633,2071000
2011-01-25,66.48999786376953,47.23872756958008,3427300
2011-01-26,66.69999694824219,47.38792037963867,2923700
2011-01-27,66.87000274658203,47.50871276855469,1737700
2011-01-28,65.81999969482422,46.76272201538086,2406800
2011-01-31,66.27999877929688,47.089534759521484,1624500
2011-02-01,67.41000366210938,47.892364501953125,2021700
2011-02-02,67.23999786376953,47.77158737182617,1167400
2011-02-03,67.36000061035156,47.85684585571289,1895100
2011-02-04,67.44999694824219,47.920780181884766,1333300
2011-02-07,67.91000366210938,48.247596740722656,1632500
2011-02-08,68.2300033569336,48.474952697753906,1625700
2011-02-09,67.97000122070312,48.29022216796875,2412400
2011-02-10,68.08000183105469,48.36836242675781,2026400
2011-02-11,68.4800033569336,48.65254211425781,1427700
2011-02-14,68.62999725341797,48.759117126464844,1353300
2011-02-15,68.47000122070312,48.64546585083008,1134100
2011-02-16,68.8499984741211,48.91543197631836,1691700
2011-02-17,69.16999816894531,49.14278793334961,1323200
2011-02-18,69.2699966430664,49.21380615234375,1505800
2011-02-22,67.86000061035156,48.212066650390625,4746900
2011-02-23,67.58000183105469,48.01314163208008,3262500
2011-02-24,67.47000122070312,47.93499755859375,2146500
2011-02-25,68.23999786376953,48.48204040527344,1691100
2011-02-28,68.79000091552734,48.872798919677734,2039000
2011-03-01,67.58000183105469,48.01314163208008,2123600
2011-03-02,67.68000030517578,48.08418655395508,1882900
2011-03-03,68.87000274658203,48.92963790893555,1245000
2011-03-04,68.29000091552734,48.51757049560547,2848800
2011-03-07,67.81999969482422,48.18366241455078,1935400
2011-03-08,68.61000061035156,48.744930267333984,3474300
2011-03-09,68.58999633789062,48.730709075927734,1513000
2011-03-10,67.30000305175781,47.814212799072266,1563600
2011-03-11,67.7699966430664,48.14812088012695,1622400
2011-03-14,67.30999755859375,47.82132339477539,1569500
2011-03-15,66.61000061035156,47.323997497558594,2060700
2011-03-16,65.5,46.53538131713867,3349900
2011-03-17,66.33999633789062,47.13215255737305,1617000
2011-03-18,66.80999755859375,47.46607971191406,1704500
2011-03-21,67.68000030517578,48.08418655395508,2678400
2011-03-22,67.43000030517578,47.90656661987305,1702700
2011-03-23,67.4800033569336,47.94209671020508,2180900
2011-03-24,67.70999908447266,48.326080322265625,1046000
2011-03-25,67.98999786376953,48.52592849731445,1610700
2011-03-28,67.77999877929688,48.37602996826172,1228400
2011-03-29,68.2300033569336,48.69721984863281,786900
2011-03-30,68.81999969482422,49.118309020996094,1169200
2011-03-31,68.66999816894531,49.01124954223633,2120000
2011-04-01,69.04000091552734,49.27531051635742,1124000
2011-04-04,69.12999725341797,49.339569091796875,778500
2011-04-05,69.12000274658203,49.33242416381836,1021400
2011-04-06,69.29000091552734,49.45375442504883,5722500
2011-04-07,69.11000061035156,49.32528305053711,1041300
2011-04-08,68.87000274658203,49.15399169921875,868800
2011-04-11,68.62000274658203,48.97557067871094,846300
2011-04-12,68.0999984741211,48.60442352294922,1199900
2011-04-13,67.97000122070312,48.51164627075195,1278100
2011-04-14,67.98999786376953,48.52592849731445,1114100
2011-04-15,68.44000244140625,48.84708786010742,1492400
2011-04-18,67.54000091552734,48.204742431640625,1299900
2011-04-19,67.91000366210938,48.46882247924805,1125200
2011-04-20,68.63999938964844,48.98984909057617,1251100
2011-04-21,68.8499984741211,49.13972091674805,701000
2011-04-25,68.81999969482422,49.118309020996094,792300
2011-04-26,69.45999908447266,49.575096130371094,1100000
2011-04-27,69.87999725341797,49.874855041503906,1684000
2011-04-28,70.31999969482422,50.18889617919922,930100
2011-04-29,70.44999694824219,50.28166580200195,873000
2011-05-02,70.4000015258789,50.245994567871094,1643100
2011-05-03,70.11000061035156,50.03902053833008,2363300
2011-05-04,69.62999725341797,49.6964225769043,1432400
2011-05-05,68.97000122070312,49.2253532409668,3632700
2011-05-06,69.26000213623047,49.43234634399414,1937300
2011-05-09,69.54000091552734,49.63218307495117,1337600
2011-05-10,70.19000244140625,50.09610366821289,985400
2011-05-11,69.38999938964844,49.52511978149414,1194800
2011-05-12,69.62000274658203,49.68929672241211,1273400
2011-05-13,69.08999633789062,49.31102752685547,890700
2011-05-16,68.80000305175781,49.10403060913086,1014100
2011-05-17,68.8499984741211,49.13972091674805,1348700
2011-05-18,69.4800033569336,49.5893669128418,1195900
2011-05-19,69.55999755859375,49.64645767211914,932000
2011-05-20,69.02999877929688,49.26818084716797,905900
2011-05-23,68.2300033569336,48.69721984863281,1164200
2011-05-24,68.1500015258789,48.64011764526367,731200
2011-05-25,68.33999633789062,48.77572250366211,821200
2011-05-26,68.66999816894531,49.01124954223633,1530800
2011-05-27,69.01000213623047,49.25391387939453,1619300
2011-05-31,69.73999786376953,49.77492904663086,1518900
2011-06-01,68.05999755859375,48.57590866088867,2109700
2011-06-02,68.0,48.533050537109375,1696100
2011-06-03,67.4000015258789,48.104827880859375,1225900
2011-06-06,66.54000091552734,47.49102020263672,1064700
2011-06-07,66.54000091552734,47.49102020263672,1051600
2011-06-08,66.27999877929688,47.30544662475586,1315200
2011-06-09,66.80999755859375,47.68372344970703,1354800
2011-06-10,65.93000030517578,47.05564880371094,1695600
2011-06-13,66.08000183105469,47.162715911865234,2131400
2011-06-14,66.79000091552734,47.669456481933594,1237700
2011-06-15,65.66999816894531,46.87008285522461,1470700
2011-06-16,65.8499984741211,46.99855041503906,1789900
2011-06-17,66.1500015258789,47.21268081665039,1777000
2011-06-20,66.4000015258789,47.39111328125,1703000
2011-06-21,67.22000122070312,47.976341247558594,3371100
2011-06-22,66.91000366210938,47.75509262084961,1566700
2011-06-23,66.5,47.46247482299805,2043400
2011-06-24,65.83999633789062,46.99142074584961,3438300
2011-06-27,66.30999755859375,47.326866149902344,2300000
2011-06-28,67.0,47.81934356689453,1731000
2011-06-29,67.69999694824219,48.31892776489258,1849000
2011-06-30,68.27999877929688,48.73287582397461,955000
2011-07-01,69.30999755859375,49.468017578125,1747400
2011-07-05,68.68000030517578,49.28289794921875,1414600
2011-07-06,68.63999938964844,49.25419998168945,1420700
2011-07-07,69.31999969482422,49.74212646484375,1983500
2011-07-08,68.72000122070312,49.311607360839844,1345600
2011-07-11,67.33000183105469,48.314170837402344,1492700
2011-07-12,67.1500015258789,48.18500518798828,1827800
2011-07-13,67.3499984741211,48.328521728515625,1680400
2011-07-14,66.9000015258789,48.005619049072266,1947000
2011-07-15,67.05000305175781,48.11326217651367,1131300
2011-07-18,66.33999633789062,47.6037712097168,1496100
2011-07-19,67.19999694824219,48.22087860107422,944700
2011-07-20,67.36000061035156,48.33571243286133,1032600
2011-07-21,68.5,49.153743743896484,1066500
2011-07-22,68.44000244140625,49.110679626464844,958200
2011-07-25,67.94999694824219,48.759063720703125,1106000
2011-07-26,67.66999816894531,48.55815124511719,1241100
2011-07-27,66.37999725341797,47.632476806640625,1463100
2011-07-28,66.12999725341797,47.45308303833008,2349500
2011-07-29,65.5999984741211,47.072776794433594,1833600
2011-08-01,65.44000244140625,46.95796203613281,2488000
2011-08-02,63.7400016784668,45.73808670043945,3483300
2011-08-03,63.939998626708984,45.88159942626953,3200700
2011-08-04,60.77000045776367,43.60689926147461,4947200
2011-08-05,60.5099983215332,43.420318603515625,5436200
2011-08-08,56.22999954223633,40.349117279052734,4445700
2011-08-09,59.040000915527344,42.365509033203125,4692700
2011-08-10,56.34000015258789,40.42805480957031,4174100
2011-08-11,59.13999938964844,42.437259674072266,2750300
2011-08-12,59.29999923706055,42.55206298828125,2107600
2011-08-15,60.93000030517578,43.721710205078125,1788100
2011-08-16,60.29999923706055,43.2696418762207,2443900
2011-08-17,60.45000076293945,43.37727737426758,1638300
2011-08-18,57.939998626708984,41.57616424560547,2546000
2011-08-19,56.91999816894531,40.84422302246094,1830000
2011-08-22,56.86000061035156,40.80119323730469,1846100
2011-08-23,58.470001220703125,41.95648193359375,1778500
2011-08-24,59.470001220703125,42.674068450927734,1282000
2011-08-25,58.58000183105469,42.0354118347168,1863300
2011-08-26,59.209999084472656,42.48747634887695,1841700
2011-08-29,61.119998931884766,43.85805130004883,1227500
2011-08-30,61.09000015258789,43.836524963378906,1617700
2011-08-31,61.58000183105469,44.18812561035156,1611300
2011-09-01,60.77000045776367,43.60689926147461,2702800
2011-09-02,59.04999923706055,42.372676849365234,1366800
2011-09-06,58.459999084472656,41.94930648803711,1623900
2011-09-07,60.31999969482422,43.28399658203125,2900800
2011-09-08,59.619998931884766,42.78168869018555,3098100
2011-09-09,58.04999923706055,41.65510177612305,1913700
2011-09-12,58.459999084472656,41.94930648803711,2226300
2011-09-13,58.97999954223633,42.322452545166016,2041400
2011-09-14,59.709999084472656,42.84626770019531,1281800
2011-09-15,60.790000915527344,43.62126922607422,2035200
2011-09-16,61.11000061035156,43.85087203979492,1271300
2011-09-19,60.20000076293945,43.197872161865234,1766600
2011-09-20,60.150001525878906,43.1619987487793,1163400
2011-09-21,58.0099983215332,41.62639617919922,1559500
2011-09-22,56.31999969482422,40.41368865966797,2864900
2011-09-23,56.38999938964844,40.705318450927734,3998400
2011-09-26,57.849998474121094,41.75924301147461,2083100
2011-09-27,58.560001373291016,42.271759033203125,1996700
2011-09-28,57.189998626708984,41.282806396484375,2038300
2011-09-29,58.029998779296875,41.8891716003418,2365600
2011-09-30,56.59000015258789,40.849693298339844,5191200
2011-10-03,54.77000045776367,39.535926818847656,4804700
2011-10-04,56.02000045776367,40.438236236572266,4800000
2011-10-05,57.15999984741211,41.26115798950195,2530700
2011-10-06,58.29999923706055,42.084068298339844,2313600
2011-10-07,57.65999984741211,41.62207794189453,3710500
2011-10-10,59.66999816894531,43.072998046875,1082600
2011-10-11,59.59000015258789,43.015254974365234,2554900
2011-10-12,60.2599983215332,43.49890899658203,1430400
2011-10-13,59.95000076293945,43.275123596191406,2119200
2011-10-14,60.869998931884766,43.939239501953125,1508400
2011-10-17,59.63999938964844,43.051361083984375,1687000
2011-10-18,61.099998474121094,44.10525894165039,2289800
2011-10-19,60.52000045776367,43.68657684326172,2119600
2011-10-20,60.91999816894531,43.975318908691406,1967000
2011-10-21,62.099998474121094,44.82710647583008,1326600
2011-10-24,62.939998626708984,45.433475494384766,1733100
2011-10-25,61.65999984741211,44.509490966796875,3219200
2011-10-26,62.47999954223633,45.101417541503906,2202300
2011-10-27,64.83000183105469,46.797767639160156,1559500
2011-10-28,64.80999755859375,46.783329010009766,4263000
2011-10-31,63.06999969482422,45.527313232421875,2786500
2011-11-01,61.09000015258789,44.098026275634766,3705900
2011-11-02,62.209999084472656,44.906517028808594,2461900
2011-11-03,63.279998779296875,45.67890167236328,1824700
2011-11-04,62.849998474121094,45.36851119995117,1700200
2011-11-07,63.25,45.65723419189453,1333400
2011-11-08,64.11000061035156,46.27804183959961,1668500
2011-11-09,61.650001525878906,44.502281188964844,2121100
2011-11-10,62.310001373291016,44.97871017456055,1278800
2011-11-11,63.5,45.83770751953125,1020400
2011-11-14,62.75,45.29631805419922,1165400
2011-11-15,62.9900016784668,45.46955871582031,1256900
2011-11-16,61.91999816894531,44.69718933105469,1285900
2011-11-17,61.040000915527344,44.06193923950195,2655200
2011-11-18,61.029998779296875,44.054718017578125,2497900
2011-11-21,59.849998474121094,43.202945709228516,1712200
2011-11-22,59.459999084472656,42.92141342163086,3257000
2011-11-23,58.099998474121094,41.939693450927734,2097900
2011-11-25,58.09000015258789,41.93247604370117,689900
2011-11-28,59.72999954223633,43.1163215637207,1907700
2011-11-29,59.939998626708984,43.26792907714844,2094700
2011-11-30,62.630001068115234,45.209693908691406,1995500
2011-12-01,62.45000076293945,45.079769134521484,2066700
2011-12-02,62.56999969482422,45.166378021240234,1911900
2011-12-05,63.29999923706055,45.69334030151367,1977200
2011-12-06,63.40999984741211,45.77275848388672,1621800
2011-12-07,63.77000045776367,46.03260803222656,2099000
2011-12-08,62.150001525878906,44.86320114135742,2904300
2011-12-09,63.209999084472656,45.628360748291016,1793800
2011-12-12,62.209999084472656,44.906517028808594,1837500
2011-12-13,61.630001068115234,44.48784255981445,2254800
2011-12-14,61.119998931884766,44.119693756103516,2135200
2011-12-15,61.45000076293945,44.35791778564453,2853100
2011-12-16,61.65999984741211,44.509490966796875,2506300
2011-12-19,60.810001373291016,43.89593505859375,2753800
2011-12-20,62.650001525878906,45.2241325378418,3294900
2011-12-21,63.099998474121094,45.54896545410156,2423100
2011-12-22,63.400001525878906,46.089820861816406,1694200
2011-12-23,63.939998626708984,46.48239517211914,2067200
2011-12-27,63.959999084472656,46.49693298339844,1861700
2011-12-28,63.150001525878906,45.9080924987793,3623100
2011-12-29,63.779998779296875,46.36608123779297,3379400
2011-12-30,63.47999954223633,46.147987365722656,1515400
2012-01-03,64.52999877929688,46.91130447387695,3264700
2012-01-04,64.51000213623047,46.89677429199219,1769900
2012-01-05,64.79000091552734,47.100311279296875,1740600
2012-01-06,64.61000061035156,46.969451904296875,5613800
2012-01-09,64.81999969482422,47.12212371826172,2227700
2012-01-10,65.4800033569336,47.6019172668457,1804800
2012-01-11,65.66999816894531,47.74005126953125,3805300
2012-01-12,65.79000091552734,47.82729721069336,1627200
2012-01-13,65.44000244140625,47.57285690307617,1709600
2012-01-17,65.44000244140625,47.57285690307617,2716300
2012-01-18,66.19999694824219,48.125335693359375,1813900
2012-01-19,66.4800033569336,48.328887939453125,2015700
2012-01-20,66.55999755859375,48.38703918457031,1306200
2012-01-23,66.5199966430664,48.35797119140625,2030800
2012-01-24,66.37999725341797,48.25619888305664,3200500
2012-01-25,66.7699966430664,48.53972244262695,3209400
2012-01-26,66.3499984741211,48.23439025878906,2381100
2012-01-27,66.30999755859375,48.20531463623047,1716600
2012-01-30,65.94999694824219,47.94359588623047,2571600
2012-01-31,65.91000366210938,47.91451644897461,2725500
2012-02-01,66.63999938964844,48.44520950317383,4536700
2012-02-02,66.72000122070312,48.50337600708008,1334200
2012-02-03,67.76000213623047,49.25943374633789,1675900
2012-02-06,67.66000366210938,49.186729431152344,1024900
2012-02-07,67.80999755859375,49.29575729370117,1472200
2012-02-08,68.06999969482422,49.48478317260742,1407400
2012-02-09,68.0199966430664,49.44844055175781,1205400
2012-02-10,67.51000213623047,49.077674865722656,1238600
2012-02-13,67.94999694824219,49.39754867553711,1276400
2012-02-14,67.81999969482422,49.303016662597656,3132200
2012-02-15,67.54000091552734,49.09947967529297,1763200
2012-02-16,68.33999633789062,49.68104553222656,1996500
2012-02-17,68.6500015258789,49.906410217285156,1532100
2012-02-21,68.5999984741211,49.87005615234375,925200
2012-02-22,68.19000244140625,49.572017669677734,1186100
2012-02-23,68.5999984741211,49.87005615234375,1093900
2012-02-24,68.56999969482422,49.8482666015625,1165700
2012-02-27,68.80999755859375,50.02273178100586,1782000
2012-02-28,68.87999725341797,50.073631286621094,1357400
2012-02-29,68.30999755859375,49.65922927856445,2328000
2012-03-01,68.97000122070312,50.1390380859375,1936500
2012-03-02,68.69999694824219,49.9427604675293,1692200
2012-03-05,68.45999908447266,49.76829528808594,2172200
2012-03-06,67.36000061035156,48.968631744384766,3008600
2012-03-07,67.91999816894531,49.375736236572266,1071500
2012-03-08,68.52999877929688,49.81917190551758,1184400
2012-03-09,68.87999725341797,50.073631286621094,840900
2012-03-12,68.8499984741211,50.05183410644531,1274800
2012-03-13,70.22000122070312,51.047752380371094,1881000
2012-03-14,69.94000244140625,50.84421920776367,2317600
2012-03-15,70.41000366210938,51.18589782714844,1735300
2012-03-16,70.56999969482422,51.30220031738281,1071400
2012-03-19,70.75,51.433040618896484,1446900
2012-03-20,70.54000091552734,51.280391693115234,1097600
2012-03-21,70.33999633789062,51.13498306274414,1026900
2012-03-22,69.7300033569336,50.691558837890625,1128900
2012-03-23,69.70999908447266,50.94218444824219,1136800
2012-03-26,70.62999725341797,51.61452102661133,1009200
2012-03-27,70.29000091552734,51.36604309082031,1759900
2012-03-28,70.0,51.154117584228516,931300
2012-03-29,69.81999969482422,51.02257537841797,1247000
2012-03-30,70.06999969482422,51.205291748046875,3041900
2012-04-02,70.55999755859375,51.56334686279297,1569600
2012-04-03,70.19999694824219,51.30027770996094,1753600
2012-04-04,69.51000213623047,50.796058654785156,1408400
2012-04-05,69.30000305175781,50.64259338378906,1502600
2012-04-09,68.41000366210938,49.9921875,783900
2012-04-10,67.19999694824219,49.10795593261719,1927000
2012-04-11,67.7699966430664,49.52449417114258,1599000
2012-04-12,68.7699966430664,50.255271911621094,1546300
2012-04-13,67.8499984741211,49.58296585083008,1430900
2012-04-16,68.05999755859375,49.73644256591797,2472600
2012-04-17,68.9800033569336,50.40873336791992,944800
2012-04-18,68.61000061035156,50.13834762573242,1231700
2012-04-19,68.41999816894531,49.99950408935547,1926400
2012-04-20,68.51000213623047,50.065277099609375,2485800
2012-04-23,67.94000244140625,49.648738861083984,1203200
2012-04-24,68.44999694824219,50.02141571044922,1173800
2012-04-25,69.12000274658203,50.51105880737305,1633300
2012-04-26,69.63999938964844,50.891029357910156,1102200
2012-04-27,69.69999694824219,50.93489074707031,1533800
2012-04-30,69.38999938964844,50.708351135253906,1342900
2012-05-01,70.0199966430664,51.16875076293945,1244700
2012-05-02,69.69000244140625,50.9276008605957,2053100
2012-05-03,69.06999969482422,50.47450256347656,1382400
2012-05-04,68.08999633789062,49.75834274291992,2613700
2012-05-07,68.26000213623047,49.882572174072266,1574000
2012-05-08,67.95999908447266,49.66333770751953,1590400
2012-05-09,67.54000091552734,49.35641860961914,2436800
2012-05-10,67.80000305175781,49.54643630981445,1731400
2012-05-11,67.4800033569336,49.31258773803711,1028600
2012-05-14,66.69999694824219,48.7425651550293,1377000
2012-05-15,66.2300033569336,48.39910888671875,1432900
2012-05-16,65.93000030517578,48.17987060546875,1441900
2012-05-17,65.04000091552734,47.52948760986328,2907600
2012-05-18,64.55000305175781,47.171417236328125,1570200
2012-05-21,65.33999633789062,47.74872970581055,2002400
2012-05-22,65.52999877929688,47.88758087158203,1546600
2012-05-23,65.4800033569336,47.85102081298828,4940600
2012-05-24,65.72000122070312,48.02642822265625,1760700
2012-05-25,65.63999938964844,47.96795654296875,1295600
2012-05-29,66.38999938964844,48.516029357910156,1429300
2012-05-30,65.30000305175781,47.719505310058594,1499700
2012-05-31,65.37000274658203,47.7706298828125,1690400
2012-06-01,63.720001220703125,46.56487274169922,1803900
2012-06-04,63.540000915527344,46.433326721191406,1367900
2012-06-05,64.08999633789062,46.83525085449219,1749500
2012-06-06,65.66999816894531,47.98987579345703,2287500
2012-06-07,65.6500015258789,47.97526931762695,1462200
2012-06-08,66.2300033569336,48.39910888671875,1094400
2012-06-11,65.41000366210938,47.799888610839844,1542900
2012-06-12,66.16999816894531,48.355262756347656,1568800
2012-06-13,65.83999633789062,48.114105224609375,1288600
2012-06-14,66.61000061035156,48.67681121826172,1850700
2012-06-15,67.16999816894531,49.0860481262207,1534600
2012-06-18,67.22000122070312,49.1225700378418,2876300
2012-06-19,67.8499984741211,49.58296585083008,1365700
2012-06-20,67.77999877929688,49.53181076049805,2030100
2012-06-21,66.37999725341797,48.508724212646484,1834900
2012-06-22,66.83999633789062,48.844871520996094,1594600
2012-06-25,65.80000305175781,48.08489990234375,1906700
2012-06-26,65.7300033569336,48.31126403808594,1520100
2012-06-27,66.54000091552734,48.9066162109375,926100
2012-06-28,66.58999633789062,48.9433479309082,1507400
2012-06-29,68.22000122070312,50.141395568847656,1849000
2012-07-02,68.33000183105469,50.22224426269531,2653700
2012-07-03,68.83999633789062,50.59709167480469,1622900
2012-07-05,68.23999786376953,50.15609359741211,1693200
2012-07-06,67.69000244140625,49.751861572265625,2823800
2012-07-09,67.44000244140625,49.56809616088867,5051900
2012-07-10,66.93000030517578,49.193241119384766,936000
2012-07-11,67.06999969482422,49.29615783691406,1213800
2012-07-12,66.81999969482422,49.11239242553711,1672000
2012-07-13,67.9800033569336,49.96500015258789,1097200
2012-07-16,67.81999969482422,49.84738540649414,1242600
2012-07-17,68.38999938964844,50.26633834838867,1130400
2012-07-18,68.70999908447266,50.50154113769531,1328000
2012-07-19,68.6500015258789,50.45744323730469,1030500
2012-07-20,68.12000274658203,50.067893981933594,1597400
2012-07-23,67.41999816894531,49.553409576416016,1129000
2012-07-24,66.7699966430664,49.07564926147461,1971400
2012-07-25,66.95999908447266,49.21527862548828,2270700
2012-07-26,67.98999786376953,49.972354888916016,1781000
2012-07-27,69.25,50.898433685302734,963400
2012-07-30,69.26000213623047,50.90578079223633,1004600
2012-07-31,68.80999755859375,50.57505416870117,958300
2012-08-01,68.7300033569336,50.51625061035156,1684300
2012-08-02,68.13999938964844,50.08260726928711,1434600
2012-08-03,69.4800033569336,51.0674934387207,1024600
2012-08-06,69.68000030517578,51.21448516845703,1757500
2012-08-07,70.05999755859375,51.4937858581543,1429300
2012-08-08,70.29000091552734,51.6628303527832,677700
2012-08-09,70.41999816894531,51.758384704589844,588000
2012-08-10,70.5199966430664,51.83187484741211,1033400
2012-08-13,70.37999725341797,51.72898864746094,788700
2012-08-14,70.33999633789062,51.699562072753906,1105000
2012-08-15,70.45999908447266,51.787776947021484,1311800
2012-08-16,70.91999816894531,52.12589645385742,1040900
2012-08-17,70.91999816894531,52.12589645385742,1093200
2012-08-20,70.95999908447266,52.1552734375,954000
2012-08-21,70.88999938964844,52.10382843017578,1061900
2012-08-22,70.75,52.00092697143555,1411900
2012-08-23,70.25,51.63344955444336,1503600
2012-08-24,70.55999755859375,51.86128616333008,2005400
2012-08-27,70.4800033569336,51.80248260498047,1026700
2012-08-28,70.45999908447266,51.787776947021484,840000
2012-08-29,70.52999877929688,51.83921813964844,668400
2012-08-30,70.06999969482422,51.50115966796875,646800
2012-08-31,70.37999725341797,51.72898864746094,1051700
2012-09-04,70.30999755859375,51.677520751953125,1617400
2012-09-05,70.37000274658203,51.72163772583008,811600
2012-09-06,71.87000274658203,52.82414245605469,1112100
2012-09-07,72.3499984741211,53.17692565917969,718600
2012-09-10,72.01000213623047,52.92702102661133,1842300
2012-09-11,72.27999877929688,53.125465393066406,2098000
2012-09-12,72.5199966430664,53.301876068115234,785800
2012-09-13,73.75,54.205928802490234,1427900
2012-09-14,74.12000274658203,54.47787857055664,1266600
2012-09-17,73.61000061035156,54.103023529052734,1537600
2012-09-18,73.41000366210938,53.95600891113281,1236500
2012-09-19,73.44999694824219,53.98542404174805,896800
2012-09-20,73.4800033569336,54.007469177246094,1072800
2012-09-21,73.41999816894531,53.9633674621582,1176100
2012-09-24,72.95999908447266,53.93010330200195,1489400
2012-09-25,72.20999908447266,53.375732421875,1391200
2012-09-26,71.83999633789062,53.102230072021484,1552700
2012-09-27,72.4800033569336,53.57530975341797,1133200
2012-09-28,72.18000030517578,53.35356140136719,2046000
2012-10-01,72.30999755859375,53.44966125488281,1498700
2012-10-02,72.48999786376953,53.582698822021484,1734100
2012-10-03,72.69000244140625,53.730533599853516,1526300
2012-10-04,73.37999725341797,54.24055480957031,2572500
2012-10-05,73.44999694824219,54.292301177978516,869600
2012-10-08,73.31999969482422,54.19621658325195,1249000
2012-10-09,72.7699966430664,53.78965759277344,1054100
2012-10-10,72.25,53.405303955078125,1441800
2012-10-11,72.4800033569336,53.57530975341797,1582100
2012-10-12,72.01000213623047,53.22789001464844,2829400
2012-10-15,72.5999984741211,53.663997650146484,1484000
2012-10-16,73.30000305175781,54.18145751953125,1172400
2012-10-17,73.9800033569336,54.68406677246094,787300
2012-10-18,74.08999633789062,54.765342712402344,1446000
2012-10-19,72.93000030517578,53.907936096191406,1051100
2012-10-22,72.9000015258789,53.8857536315918,1349900
2012-10-23,71.7699966430664,53.05050277709961,1319400
2012-10-24,71.62999725341797,52.947025299072266,2654400
2012-10-25,71.94000244140625,53.176170349121094,1365600
2012-10-26,71.66000366210938,52.969215393066406,3216000
2012-10-31,71.80000305175781,53.07267379760742,2260500
2012-11-01,72.66000366210938,53.708343505859375,2629200
2012-11-02,72.0,53.22050857543945,1724500
2012-11-05,72.08000183105469,53.27962875366211,1364700
2012-11-06,72.70999908447266,53.74531555175781,1142300
2012-11-07,70.87000274658203,52.3852424621582,2229900
2012-11-08,70.08999633789062,51.80868911743164,1790400
2012-11-09,70.08999633789062,51.80868911743164,3122500
2012-11-12,70.0999984741211,51.81608581542969,1807200
2012-11-13,69.80999755859375,51.60173034667969,1890900
2012-11-14,68.80000305175781,50.85515594482422,2510500
2012-11-15,68.70999908447266,50.78861618041992,2013300
2012-11-16,69.05000305175781,51.03992462158203,2069000
2012-11-19,70.3499984741211,52.000858306884766,1317900
2012-11-20,70.41999816894531,52.0526008605957,1369300
2012-11-21,70.55999755859375,52.15608596801758,1199400
2012-11-23,71.43000030517578,52.79918670654297,673400
2012-11-26,71.29000091552734,52.6956672668457,1673000
2012-11-27,70.9000015258789,52.407413482666016,1915600
2012-11-28,71.41000366210938,52.784385681152344,1552000
2012-11-29,71.69999694824219,52.99876022338867,3147100
2012-11-30,71.75,53.03571319580078,1869400
2012-12-03,71.4800033569336,52.836143493652344,2789700
2012-12-04,71.36000061035156,52.747432708740234,1836200
2012-12-05,71.83000183105469,53.09482955932617,2382200
2012-12-06,72.04000091552734,53.250091552734375,2035600
2012-12-07,72.44000244140625,53.545745849609375,2251800
2012-12-10,72.52999877929688,53.612266540527344,1647200
2012-12-11,72.86000061035156,53.85618209838867,2159000
2012-12-12,73.05000305175781,53.996620178222656,2038000
2012-12-13,72.6500015258789,53.70097732543945,1524100
2012-12-14,72.5,53.59009552001953,1863900
2012-12-17,73.3499984741211,54.21839141845703,2198700
2012-12-18,74.20999908447266,54.854068756103516,5715700
2012-12-19,73.12999725341797,54.437965393066406,1781900
2012-12-20,73.61000061035156,54.79527282714844,5549400
2012-12-21,72.9000015258789,54.26674270629883,2526800
2012-12-24,72.75,54.15509796142578,1244400
2012-12-26,72.5,53.968994140625,2316800
2012-12-27,72.33000183105469,53.84244155883789,2441200
2012-12-28,71.54000091552734,53.25435256958008,3418700
2012-12-31,72.81999969482422,54.207191467285156,2945500
2013-01-02,74.5999984741211,55.53221893310547,3166100
2013-01-03,74.48999786376953,55.45035171508789,3073800
2013-01-04,75.05999755859375,55.87466812133789,1818500
2013-01-07,74.7300033569336,55.62898254394531,2105600
2013-01-08,74.5,55.457794189453125,1869300
2013-01-09,74.72000122070312,55.62154769897461,1347500
2013-01-10,75.33999633789062,56.08308029174805,1355000
2013-01-11,75.31999969482422,56.068206787109375,2819400
2013-01-14,75.41999816894531,56.14262390136719,1633800
2013-01-15,75.61000061035156,56.2840690612793,3797600
2013-01-16,75.54000091552734,56.23194122314453,1595500
2013-01-17,76.05000305175781,56.61161422729492,2567100
2013-01-18,76.29000091552734,56.79023742675781,1716100
2013-01-22,76.80999755859375,57.177345275878906,1228700
2013-01-23,76.73999786376953,57.12523651123047,1592800
2013-01-24,77.08000183105469,57.378360748291016,1747300
2013-01-25,77.61000061035156,57.77286148071289,1222600
2013-01-28,77.47000122070312,57.66865921020508,978900
2013-01-29,77.87000274658203,57.966407775878906,1181500
2013-01-30,77.62000274658203,57.78031539916992,1218200
2013-01-31,77.45999908447266,57.66120529174805,2527300
2013-02-01,78.13999938964844,58.16740036010742,2570500
2013-02-04,77.36000061035156,57.586769104003906,2692300
2013-02-05,78.12999725341797,58.159969329833984,1267600
2013-02-06,78.31999969482422,58.3014030456543,2623500
2013-02-07,78.08000183105469,58.12275314331055,1360700
2013-02-08,78.44999694824219,58.39817428588867,1648300
2013-02-11,78.48999786376953,58.42793273925781,1243700
2013-02-12,78.83999633789062,58.68848419189453,1361000
2013-02-13,78.97000122070312,58.7852783203125,1250200
2013-02-14,79.0199966430664,58.82246780395508,1694500
2013-02-15,78.88999938964844,58.72571563720703,1005600
2013-02-19,79.56999969482422,59.23189926147461,2114600
2013-02-20,78.48999786376953,58.42793273925781,1246000
2013-02-21,77.9800033569336,58.048301696777344,1161000
2013-02-22,78.68000030517578,58.56939697265625,1752400
2013-02-25,77.02999877929688,57.34112548828125,2071400
2013-02-26,77.54000091552734,57.72075271606445,1906800
2013-02-27,78.62000274658203,58.524723052978516,1509200
2013-02-28,78.4000015258789,58.36095428466797,1688500
2013-03-01,78.63999938964844,58.53960037231445,1705500
2013-03-04,79.05999755859375,58.85225296020508,848900
2013-03-05,79.77999877929688,59.388214111328125,2262000
2013-03-06,80.05000305175781,59.58921432495117,1249800
2013-03-07,80.2300033569336,59.723209381103516,1082500
2013-03-08,80.58999633789062,59.991153717041016,3563900
2013-03-11,80.94000244140625,60.251712799072266,1597100
2013-03-12,80.80999755859375,60.15492630004883,1182300
2013-03-13,80.95999908447266,60.26661682128906,1031000
2013-03-14,81.5,60.668575286865234,927500
2013-03-15,81.47000122070312,60.646263122558594,2263800
2013-03-18,80.94000244140625,60.251712799072266,1698600
2013-03-19,80.69999694824219,60.073062896728516,2296100
2013-03-20,81.29000091552734,60.51225280761719,2004600
2013-03-21,80.5999984741211,59.998634338378906,2258700
2013-03-22,81.08000183105469,60.355960845947266,1090200
2013-03-25,80.41000366210938,60.14501190185547,2500200
2013-03-26,80.97000122070312,60.56388854980469,1418400
2013-03-27,80.9800033569336,60.57133483886719,1249600
2013-03-28,81.16999816894531,60.713462829589844,1959800
2013-04-01,80.95999908447266,60.556396484375,1615500
2013-04-02,81.18000030517578,60.72095489501953,1705700
2013-04-03,80.22000122070312,60.002899169921875,2058800
2013-04-04,80.70999908447266,60.36937713623047,1067800
2013-04-05,80.48999786376953,60.20482635498047,3412700
2013-04-08,80.98999786376953,60.578826904296875,1194200
2013-04-09,81.31999969482422,60.825653076171875,1265000
2013-04-10,82.12999725341797,61.43152618408203,860900
2013-04-11,82.51000213623047,61.71575927734375,1382800
2013-04-12,82.19999694824219,61.483882904052734,1582400
2013-04-15,80.22000122070312,60.002899169921875,2206600
2013-04-16,81.27999877929688,60.79574966430664,2238000
2013-04-17,80.06999969482422,59.890708923339844,4191500
2013-04-18,79.69000244140625,59.606475830078125,2083700
2013-04-19,80.4000015258789,60.13751983642578,1026800
2013-04-22,80.62999725341797,60.30955123901367,1073000
2013-04-23,81.54000091552734,60.990230560302734,1715500
2013-04-24,81.68000030517578,61.09494400024414,1454500
2013-04-25,81.9800033569336,61.3193244934082,1075300
2013-04-26,81.80999755859375,61.19216537475586,1382300
2013-04-29,82.31999969482422,61.57366180419922,1766600
2013-04-30,82.38999938964844,61.62600326538086,1928900
2013-05-01,81.51000213623047,60.96778869628906,2031000
2013-05-02,82.18000030517578,61.46895980834961,1057500
2013-05-03,82.95999908447266,62.052364349365234,1574600
2013-05-06,83.29000091552734,62.29918670654297,886200
2013-05-07,83.80000305175781,62.6806640625,945200
2013-05-08,84.20999908447266,62.98731231689453,1015000
2013-05-09,83.87000274658203,62.733009338378906,824900
2013-05-10,84.19000244140625,62.97235870361328,1121700
2013-05-13,84.18000030517578,62.96489334106445,1752000
2013-05-14,85.12999725341797,63.675472259521484,1135200
2013-05-15,85.5999984741211,64.02704620361328,1313500
2013-05-16,85.23999786376953,63.757728576660156,1435800
2013-05-17,86.16000366210938,64.44586944580078,840100
2013-05-20,86.26000213623047,64.52069091796875,2269900
2013-05-21,86.44999694824219,64.66279602050781,891000
2013-05-22,85.62000274658203,64.0419692993164,1708300
2013-05-23,85.41999816894531,63.89238357543945,1608600
2013-05-24,85.33000183105469,63.8250617980957,1341300
2013-05-28,85.76000213623047,64.146728515625,1250200
2013-05-29,85.48999786376953,63.94474792480469,1747900
2013-05-30,85.8499984741211,64.21400451660156,2030400
2013-05-31,84.58999633789062,63.27155303955078,1398100
2013-06-03,84.98999786376953,63.57075881958008,2201600
2013-06-04,84.52999877929688,63.226688385009766,2324300
2013-06-05,83.37999725341797,62.36652374267578,1802000
2013-06-06,84.20999908447266,62.98731231689453,6412400
2013-06-07,85.20999908447266,63.73530960083008,963000
2013-06-10,85.27999877929688,63.787662506103516,975000
2013-06-11,84.31999969482422,63.06959533691406,1524700
2013-06-12,83.68000030517578,62.59088134765625,1491300
2013-06-13,85.11000061035156,63.66053009033203,1634400
2013-06-14,84.5199966430664,63.21918869018555,1013600
2013-06-17,85.18000030517578,63.712867736816406,1279600
2013-06-18,85.7699966430664,64.15418243408203,1330900
2013-06-19,84.62999725341797,63.301513671875,1384200
2013-06-20,82.5,61.70828628540039,2374400
2013-06-21,82.87000274658203,61.98502731323242,2258900
2013-06-24,81.72000122070312,61.12485885620117,2441300
2013-06-25,82.68000030517578,61.84292221069336,2618500
2013-06-26,83.37000274658203,62.35905075073242,1715100
2013-06-27,84.13999938964844,62.93495559692383,1886600
2013-06-28,83.79000091552734,62.673179626464844,2228800
2013-07-01,84.19999694824219,62.979854583740234,1932600
2013-07-02,83.56999969482422,62.86025619506836,1218900
2013-07-03,83.66999816894531,62.93549346923828,701800
2013-07-05,84.52999877929688,63.58236312866211,935300
2013-07-08,85.01000213623047,63.94337844848633,1103900
2013-07-09,85.73999786376953,64.49249267578125,2291300
2013-07-10,85.61000061035156,64.39472198486328,2089900
2013-07-11,86.69999694824219,65.214599609375,1509900
2013-07-12,86.93000030517578,65.38761138916016,677200
2013-07-15,87.25,65.6282958984375,920100
2013-07-16,86.79000091552734,65.28231048583984,2038800
2013-07-17,87.05999755859375,65.4853744506836,814100
2013-07-18,87.83000183105469,66.06456756591797,834700
2013-07-19,88.25,66.38046264648438,813900
2013-07-22,88.45999908447266,66.53843688964844,1297200
2013-07-23,88.48999786376953,66.56100463867188,856100
2013-07-24,87.83999633789062,66.07209014892578,1401300
2013-07-25,88.12000274658203,66.28273010253906,1217700
2013-07-26,88.05000305175781,66.23008728027344,843100
2013-07-29,87.83000183105469,66.06456756591797,736900
2013-07-30,87.73999786376953,65.99686431884766,1201100
2013-07-31,87.83000183105469,66.06456756591797,1952200
2013-08-01,88.8499984741211,66.83177185058594,1219500
2013-08-02,88.83999633789062,66.82425689697266,1601900
2013-08-05,88.73999786376953,66.7490234375,984700
2013-08-06,88.1500015258789,66.30528259277344,2490400
2013-08-07,87.8499984741211,66.0796127319336,843600
2013-08-08,88.11000061035156,66.27519226074219,937900
2013-08-09,87.9000015258789,66.11722564697266,1980300
2013-08-12,87.7699966430664,66.01941680908203,958000
2013-08-13,87.94000244140625,66.1473159790039,960700
2013-08-14,87.56999969482422,65.86897277832031,1141800
2013-08-15,86.43000030517578,65.01148986816406,1009800
2013-08-16,86.08000183105469,64.74823760986328,1545900
2013-08-19,85.31999969482422,64.17655944824219,1038500
2013-08-20,85.86000061035156,64.582763671875,1186400
2013-08-21,85.26000213623047,64.1314468383789,1297400
2013-08-22,85.95999908447266,64.65798950195312,1612100
2013-08-23,86.23999786376953,64.86858367919922,886600
2013-08-26,85.83000183105469,64.56017303466797,878500
2013-08-27,84.44000244140625,63.51466369628906,1194700
2013-08-28,84.73999786376953,63.740299224853516,891700
2013-08-29,84.69000244140625,63.70269775390625,2188800
2013-08-30,84.47000122070312,63.537208557128906,2111900
2013-09-03,84.68000030517578,63.695194244384766,1610500
2013-09-04,85.41000366210938,64.24425506591797,917800
2013-09-05,85.52999877929688,64.33452606201172,678300
2013-09-06,85.58000183105469,64.37214660644531,2675800
2013-09-09,86.41000366210938,64.9964599609375,772700
2013-09-10,87.08000183105469,65.50041961669922,979700
2013-09-11,87.31999969482422,65.68094635009766,817600
2013-09-12,86.97000122070312,65.41768646240234,1055000
2013-09-13,87.20999908447266,65.59818267822266,1611700
2013-09-16,87.7699966430664,66.01941680908203,1244600
2013-09-17,88.05999755859375,66.2375717163086,1871100
2013-09-18,89.04000091552734,66.97470092773438,1944100
2013-09-19,88.76000213623047,66.76412200927734,2174100
2013-09-20,88.05999755859375,66.2375717163086,3409000
2013-09-23,87.66999816894531,65.94420623779297,3011700
2013-09-24,87.02999877929688,65.77794647216797,1700800
2013-09-25,87.0,65.7552719116211,1212200
2013-09-26,87.05999755859375,65.80059814453125,755300
2013-09-27,86.7300033569336,65.55117797851562,1098600
2013-09-30,86.19999694824219,65.1506118774414,3390500
2013-10-01,86.83000183105469,65.62677001953125,1650900
2013-10-02,86.83000183105469,65.62677001953125,1559900
2013-10-03,86.08000183105469,65.05992126464844,1116800
2013-10-04,86.63999938964844,65.4831771850586,3018700
2013-10-07,85.97000122070312,64.9767837524414,1118200
2013-10-08,85.08000183105469,64.30410766601562,1586200
2013-10-09,85.23999786376953,64.42503356933594,1311000
2013-10-10,87.05999755859375,65.80059814453125,968500
2013-10-11,87.66999816894531,66.26164245605469,1034000
2013-10-14,87.98999786376953,66.50350189208984,987500
2013-10-15,87.30000305175781,65.98200225830078,1195900
2013-10-16,88.54000091552734,66.9192123413086,755000
2013-10-17,89.25,67.45581817626953,1162900
2013-10-18,89.69999694824219,67.79594421386719,1332600
2013-10-21,89.66000366210938,67.76571655273438,1484600
2013-10-22,90.19000244140625,68.16629791259766,938400
2013-10-23,89.69000244140625,67.78840637207031,1183400
2013-10-24,89.87999725341797,67.93199920654297,949700
2013-10-25,90.19999694824219,68.17384338378906,739400
2013-10-28,90.29000091552734,68.24187469482422,1261800
2013-10-29,90.75,68.58952331542969,911700
2013-10-30,90.30000305175781,68.24942016601562,741900
2013-10-31,89.9800033569336,68.007568359375,844800
2013-11-01,90.22000122070312,68.18896484375,763100
2013-11-04,90.5999984741211,68.4761734008789,2151900
2013-11-05,90.26000213623047,68.2192153930664,1588600
2013-11-06,90.66999816894531,68.52906799316406,2073200
2013-11-07,89.61000061035156,67.72795104980469,1367400
2013-11-08,90.88999938964844,68.6953353881836,1689700
2013-11-11,91.0,68.77848815917969,571300
2013-11-12,90.69000244140625,68.54420471191406,854300
2013-11-13,91.33000183105469,69.02791595458984,4332100
2013-11-14,91.7699966430664,69.36042785644531,809300
2013-11-15,92.27999877929688,69.74594116210938,1060900
2013-11-18,91.97000122070312,69.51164245605469,883400
2013-11-19,91.77999877929688,69.36800384521484,826100
2013-11-20,91.58000183105469,69.21688079833984,1063500
2013-11-21,92.38999938964844,69.82905578613281,1178400
2013-11-22,92.69000244140625,70.05581665039062,825300
2013-11-25,92.5999984741211,69.98779296875,917500
2013-11-26,92.4000015258789,69.83662414550781,1525200
2013-11-27,92.6500015258789,70.02558135986328,933000
2013-11-29,92.43000030517578,69.85928344726562,664800
2013-12-02,92.33000183105469,69.78372192382812,868600
2013-12-03,91.91999816894531,69.47382354736328,1003800
2013-12-04,91.86000061035156,69.42849731445312,1287200
2013-12-05,91.41000366210938,69.08837890625,2528700
2013-12-06,92.45999908447266,69.8819580078125,1415600
2013-12-09,92.72000122070312,70.07848358154297,836800
2013-12-10,92.47000122070312,69.88951873779297,1139000
2013-12-11,91.19000244140625,68.9220962524414,1339800
2013-12-12,91.05000305175781,68.81626892089844,1470900
2013-12-13,91.01000213623047,68.78606414794922,1309100
2013-12-16,91.63999938964844,69.26223754882812,1533200
2013-12-17,91.30000305175781,69.00524139404297,1375400
2013-12-18,92.9800033569336,70.2750015258789,1398500
2013-12-19,92.79000091552734,70.13139343261719,1183100
2013-12-20,93.19000244140625,70.43373107910156,2610300
2013-12-23,93.13999938964844,70.81844329833984,1459500
2013-12-24,93.4000015258789,71.01615905761719,928900
2013-12-26,93.73999786376953,71.274658203125,1000100
2013-12-27,93.83999633789062,71.3507080078125,880900
2013-12-30,93.77999877929688,71.30506134033203,1181800
2013-12-31,94.16999816894531,71.60159301757812,917600
2014-01-02,93.27999877929688,70.92488861083984,1332200
2014-01-03,93.4800033569336,71.07697296142578,1316700
2014-01-06,93.36000061035156,70.9857177734375,1345400
2014-01-07,93.87000274658203,71.37349700927734,2061800
2014-01-08,93.87000274658203,71.37349700927734,1407300
2014-01-09,93.91999816894531,71.4115219116211,1043300
2014-01-10,94.08999633789062,71.54076385498047,1996500
2014-01-13,93.05999755859375,70.75762176513672,1652900
2014-01-14,93.95999908447266,71.44193267822266,1411800
2014-01-15,94.4800033569336,71.83732604980469,1248400
2014-01-16,94.13999938964844,71.57878112792969,1020400
2014-01-17,93.72000122070312,71.25942993164062,930900
2014-01-21,93.9800033569336,71.4571304321289,1458300
2014-01-22,94.0199966430664,71.487548828125,2191900
2014-01-23,93.08999633789062,70.78042602539062,2695200
2014-01-24,91.08999633789062,69.2597427368164,2621900
2014-01-27,90.69999694824219,68.96319580078125,2366300
2014-01-28,91.41000366210938,69.5030517578125,2278700
2014-01-29,90.56999969482422,68.86436462402344,2965800
2014-01-30,91.45999908447266,69.54107666015625,1504100
2014-01-31,90.79000091552734,69.03165435791016,2241700
2014-02-03,88.80000305175781,67.51854705810547,3002600
2014-02-04,89.37999725341797,67.95954895019531,4169800
2014-02-05,89.26000213623047,67.86832427978516,4045000
2014-02-06,90.43000030517578,68.75792694091797,1937200
2014-02-07,91.41999816894531,69.5106430053711,1694900
2014-02-10,91.45999908447266,69.54107666015625,1002900
2014-02-11,92.54000091552734,70.36225128173828,1129700
2014-02-12,92.58000183105469,70.39265441894531,1887300
2014-02-13,93.04000091552734,70.74239349365234,1533700
2014-02-14,93.69000244140625,71.23661804199219,1436900
2014-02-18,93.83999633789062,71.3507080078125,1450000
2014-02-19,93.16000366210938,70.83368682861328,2249900
2014-02-20,93.70999908447266,71.25184631347656,1498000
2014-02-21,93.58999633789062,71.16058349609375,1419900
2014-02-24,94.2300033569336,71.64723205566406,1517700
2014-02-25,94.01000213623047,71.47994995117188,1577100
2014-02-26,94.05000305175781,71.51036834716797,1697300
2014-02-27,94.4000015258789,71.7764663696289,1349300
2014-02-28,94.68000030517578,71.9893569946289,1907800
2014-03-03,94.02999877929688,71.49513244628906,1907600
2014-03-04,95.31999969482422,72.47598266601562,4077900
2014-03-05,95.41000366210938,72.54444122314453,943600
2014-03-06,95.80000305175781,72.84097290039062,2031000
2014-03-07,95.9800033569336,72.97782135009766,907600
2014-03-10,95.86000061035156,72.88656616210938,1051700
2014-03-11,95.22000122070312,72.39996337890625,1135100
2014-03-12,95.31999969482422,72.47598266601562,954500
2014-03-13,94.44999694824219,71.81450653076172,1393000
2014-03-14,94.26000213623047,71.67002868652344,1430900
2014-03-17,95.12000274658203,72.32392120361328,988500
2014-03-18,95.75,72.80297088623047,1775500
2014-03-19,95.30000305175781,72.46080017089844,1521600
2014-03-20,95.9800033569336,72.97782135009766,979000
2014-03-21,95.9000015258789,72.91698455810547,1401900
2014-03-24,95.70999908447266,72.77253723144531,1273100
2014-03-25,95.75,73.1645278930664,2882300
2014-03-26,95.12000274658203,72.68312072753906,1379200
2014-03-27,95.08999633789062,72.66023254394531,1263900
2014-03-28,95.58000183105469,73.03462982177734,800000
2014-03-31,96.5,73.73761749267578,2164200
2014-04-01,96.91000366210938,74.0509033203125,1707300
2014-04-02,97.16999816894531,74.24956512451172,1600600
2014-04-03,97.29000091552734,74.3412857055664,908000
2014-04-04,96.43000030517578,73.6841049194336,1835300
2014-04-07,95.30000305175781,72.8206787109375,2100500
2014-04-08,95.62000274658203,73.06519317626953,1614000
2014-04-09,96.44999694824219,73.69940948486328,1103000
2014-04-10,94.66999816894531,72.33928680419922,1540400
2014-04-11,93.9000015258789,71.75090026855469,3534900
2014-04-14,94.54000091552734,72.23995208740234,2610000
2014-04-15,95.25,72.78246307373047,2176900
2014-04-16,96.05000305175781,73.39374542236328,1653100
2014-04-17,96.36000061035156,73.6306381225586,1316500
2014-04-21,96.58999633789062,73.80638122558594,1174500
2014-04-22,96.95999908447266,74.08909606933594,3003600
2014-04-23,96.9000015258789,74.04325866699219,1477700
2014-04-24,97.05000305175781,74.15789794921875,1418200
2014-04-25,96.44999694824219,73.69940948486328,2012700
2014-04-28,96.62999725341797,73.83692932128906,2316600
2014-04-29,97.02999877929688,74.1426010131836,1363900
2014-04-30,97.37999725341797,74.4100570678711,1731400
2014-05-01,97.36000061035156,74.39473724365234,2869600
2014-05-02,97.20999908447266,74.28013610839844,2001200
2014-05-05,97.13999938964844,74.22665405273438,949400
2014-05-06,96.41000366210938,73.6688461303711,727600
2014-05-07,97.23999786376953,74.30305480957031,1879700
2014-05-08,97.05000305175781,74.15789794921875,1526300
2014-05-09,97.04000091552734,74.1502456665039,1193600
2014-05-12,97.83000183105469,74.75389862060547,1323800
2014-05-13,97.9000015258789,74.80738067626953,949100
2014-05-14,97.44000244140625,74.45587921142578,1334200
2014-05-15,96.68000030517578,73.87513732910156,1566400
2014-05-16,96.83000183105469,73.98976135253906,2491500
2014-05-19,97.1500015258789,74.23428344726562,1058000
2014-05-20,96.5199966430664,73.75286102294922,1112300
2014-05-21,97.19000244140625,74.26485443115234,813500
2014-05-22,97.44000244140625,74.45587921142578,1067200
2014-05-23,97.73999786376953,74.68508911132812,767400
2014-05-27,98.22000122070312,75.0518798828125,839800
2014-05-28,98.27999877929688,75.09774017333984,1289200
2014-05-29,98.69000244140625,75.41104888916016,1195500
2014-05-30,98.75,75.45687866210938,1307000
2014-06-02,98.91999816894531,75.5867691040039,2020000
2014-06-03,98.98999786376953,75.64027404785156,986200
2014-06-04,99.1500015258789,75.76251220703125,1379100
2014-06-05,99.88999938964844,76.32798767089844,1484600
2014-06-06,100.37999725341797,76.7023696899414,986900
2014-06-09,100.48999786376953,76.78644561767578,632700
2014-06-10,100.5,76.79411315917969,1160200
2014-06-11,100.19000244140625,76.55723571777344,1166000
2014-06-12,99.58000183105469,76.09111022949219,1432000
2014-06-13,100.05000305175781,76.45024108886719,1089000
2014-06-16,100.12000274658203,76.50372314453125,1242900
2014-06-17,100.47000122070312,76.77117919921875,927200
2014-06-18,101.20999908447266,77.33663940429688,1174700
2014-06-19,101.44000244140625,77.51236724853516,818000
2014-06-20,101.70999908447266,77.71866607666016,770700
2014-06-23,101.7300033569336,77.73397064208984,1112900
2014-06-24,100.94000244140625,77.13031005859375,1552400
2014-06-25,101.29000091552734,77.39773559570312,1034700
2014-06-26,101.16999816894531,77.30604553222656,848500
2014-06-27,101.25,77.3671646118164,1313700
2014-06-30,101.2699966430664,77.38246154785156,1419400
2014-07-01,101.83000183105469,77.81037139892578,1241000
2014-07-02,101.27999877929688,77.78887939453125,959000
2014-07-03,101.75,78.1498794555664,1039500
2014-07-07,101.36000061035156,77.85032653808594,930400
2014-07-08,100.87999725341797,77.48162078857422,1303200
2014-07-09,101.16000366210938,77.69671630859375,1085000
2014-07-10,100.83000183105469,77.4432144165039,984300
2014-07-11,100.79000091552734,77.41254425048828,1160300
2014-07-14,101.23999786376953,77.75814056396484,1062600
2014-07-15,101.27999877929688,77.78887939453125,1080700
2014-07-16,101.9000015258789,78.26506805419922,634800
2014-07-17,100.79000091552734,77.41254425048828,1306500
2014-07-18,101.66999816894531,78.08840942382812,887000
2014-07-21,101.48999786376953,77.95014190673828,1418900
2014-07-22,101.93000030517578,78.2880859375,1168500
2014-07-23,101.98999786376953,78.33419036865234,1266300
2014-07-24,102.05000305175781,78.38027954101562,1132600
2014-07-25,101.62000274658203,78.05000305175781,1517400
2014-07-28,101.66000366210938,78.08071899414062,1916100
2014-07-29,101.1500015258789,77.68900299072266,1520300
2014-07-30,101.0,77.57379913330078,2002300
2014-07-31,99.02999877929688,76.06072235107422,3421700
2014-08-01,98.81999969482422,75.8994369506836,3047900
2014-08-04,99.38999938964844,76.33724975585938,1412700
2014-08-05,98.43000030517578,75.59990692138672,2661400
2014-08-06,98.4800033569336,75.6383056640625,1936200
2014-08-07,97.94999694824219,75.23123931884766,2735500
2014-08-08,99.08999633789062,76.10684204101562,2333600
2014-08-11,99.30999755859375,76.27581787109375,2175300
2014-08-12,99.22000122070312,76.20668029785156,2953300
2014-08-13,99.83999633789062,76.68285369873047,852900
2014-08-14,100.23999786376953,76.99008178710938,1411300
2014-08-15,100.12999725341797,76.90559387207031,2323200
2014-08-18,100.91000366210938,77.50468444824219,2351800
2014-08-19,101.31999969482422,77.81958770751953,1298100
2014-08-20,101.58999633789062,78.02696990966797,886900
2014-08-21,102.06999969482422,78.39564514160156,828900
2014-08-22,101.7300033569336,78.1344985961914,1051600
2014-08-25,102.2300033569336,78.51850891113281,1173100
2014-08-26,102.36000061035156,78.61837005615234,1096900
2014-08-27,102.4000015258789,78.64907836914062,876300
2014-08-28,102.31999969482422,78.58765411376953,715500
2014-08-29,102.63999938964844,78.83345031738281,765000
2014-09-02,102.4800033569336,78.71052551269531,1305900
2014-09-03,102.66999816894531,78.85648345947266,1421900
2014-09-04,102.52999877929688,78.74893951416016,822400
2014-09-05,102.9800033569336,79.09456634521484,1119300
2014-09-08,102.69000244140625,78.871826171875,1033200
2014-09-09,102.01000213623047,78.34953308105469,1247800
2014-09-10,102.22000122070312,78.5108413696289,1239300
2014-09-11,102.43000030517578,78.67211151123047,767000
2014-09-12,101.80999755859375,78.19591522216797,1250700
2014-09-15,101.91999816894531,78.28040313720703,1206300
2014-09-16,102.63999938964844,78.83345031738281,1101800
2014-09-17,102.69999694824219,78.87950134277344,1193200
2014-09-18,103.16999816894531,79.24049377441406,759600
2014-09-19,103.04000091552734,79.14064025878906,1202500
2014-09-22,102.23999786376953,78.52619934082031,1306500
2014-09-23,101.5199966430664,77.97320556640625,1650200
2014-09-24,101.6500015258789,78.44083404541016,929100
2014-09-25,100.13999938964844,77.27559661865234,1588400
2014-09-26,100.76000213623047,77.75405883789062,1137400
2014-09-29,100.41999816894531,77.4916763305664,1276400
2014-09-30,100.08999633789062,77.23703002929688,1931700
2014-10-01,98.87000274658203,76.29554748535156,3220500
2014-10-02,98.87000274658203,76.29554748535156,2979000
2014-10-03,99.87000274658203,77.06724548339844,2745100
2014-10-06,99.79000091552734,77.00553131103516,3284500
2014-10-07,98.23999786376953,75.80943298339844,2487500
2014-10-08,99.80000305175781,77.01322937011719,2347700
2014-10-09,97.68000030517578,75.37728118896484,3393400
2014-10-10,96.6500015258789,74.58245849609375,3120800
2014-10-13,95.30000305175781,73.54069519042969,3216400
2014-10-14,95.54000091552734,73.72591400146484,3128100
2014-10-15,94.62999725341797,73.02368927001953,3688500
2014-10-16,94.81999969482422,73.1702880859375,3072400
2014-10-17,95.93000030517578,74.02686309814453,1896400
2014-10-20,96.70999908447266,74.62874603271484,2361300
2014-10-21,98.55000305175781,76.04865264892578,2433200
2014-10-22,97.95999908447266,75.59336853027344,2003600
2014-10-23,98.93000030517578,76.34186553955078,2243100
2014-10-24,99.69999694824219,76.93608093261719,2350300
2014-10-27,99.51000213623047,76.78945922851562,1668700
2014-10-28,100.58000183105469,77.61515808105469,1721800
2014-10-29,100.62000274658203,77.64598846435547,2803000
2014-10-30,101.13999938964844,78.04728698730469,2482300
2014-10-31,102.19999694824219,78.865234375,5087100
2014-11-03,102.2699966430664,78.91927337646484,1950900
2014-11-04,102.01000213623047,78.7186279296875,1954300
2014-11-05,102.81999969482422,79.34366607666016,1755700
2014-11-06,103.1500015258789,79.598388671875,2873800
2014-11-07,103.31999969482422,79.72953796386719,1186400
2014-11-10,103.5999984741211,79.94560241699219,2443100
2014-11-11,103.66999816894531,79.9996337890625,1775300
2014-11-12,103.44999694824219,79.82984924316406,1314400
2014-11-13,103.37000274658203,79.76815795898438,1644100
2014-11-14,103.43000030517578,79.81440734863281,792800
2014-11-17,103.63999938964844,79.97644805908203,1536700
2014-11-18,104.1500015258789,80.37002563476562,1538600
2014-11-19,103.98999786376953,80.24657440185547,1870000
2014-11-20,104.27999877929688,80.47034454345703,1355300
2014-11-21,104.80000305175781,80.87165069580078,1667400
2014-11-24,104.94999694824219,80.98735046386719,1671400
2014-11-25,104.81999969482422,80.88705444335938,1852800
2014-11-26,105.0,81.02596282958984,1454700
2014-11-28,104.44999694824219,80.60150909423828,861800
2014-12-01,103.93000030517578,80.20025634765625,1845200
2014-12-02,104.69999694824219,80.79444885253906,1350300
2014-12-03,105.20999908447266,81.18800354003906,2265700
2014-12-04,105.0199966430664,81.0413589477539,1280500
2014-12-05,105.33999633789062,81.28831481933594,2246000
2014-12-08,104.66000366210938,80.76361846923828,1656900
2014-12-09,104.61000061035156,80.72499084472656,1962900
2014-12-10,102.87999725341797,79.38999938964844,2477300
2014-12-11,103.36000061035156,79.76039123535156,2313600
2014-12-12,101.58000183105469,78.38682556152344,1951800
2014-12-15,100.77999877929688,77.76947021484375,2495500
2014-12-16,100.2699966430664,77.37591552734375,2796200
2014-12-17,102.4000015258789,79.01958465576172,3827700
2014-12-18,104.7699966430664,80.84846496582031,2906200
2014-12-19,105.30999755859375,81.26517486572266,3174700
2014-12-22,105.77999877929688,81.62786865234375,3048700
2014-12-23,106.1500015258789,81.91338348388672,2073500
2014-12-24,105.5199966430664,81.90408325195312,972300
2014-12-26,105.69999694824219,82.04377746582031,1258600
2014-12-29,105.88999938964844,82.19126892089844,1601200
2014-12-30,105.52999877929688,81.91181945800781,1480200
2014-12-31,104.4000015258789,81.03475189208984,3433300
2015-01-02,104.43000030517578,81.05799865722656,2205400
2015-01-05,102.58000183105469,79.62202453613281,2345600
2015-01-06,101.61000061035156,78.86912536621094,2395000
2015-01-07,102.66000366210938,79.68415832519531,4604000
2015-01-08,104.47000122070312,81.08908081054688,1877700
2015-01-09,103.51000213623047,80.3438949584961,1756300
2015-01-12,102.79000091552734,79.7850341796875,2681300
2015-01-13,102.4800033569336,79.54441833496094,1710400
2015-01-14,101.77999877929688,79.0011215209961,2543500
2015-01-15,100.91999816894531,78.33358001708984,1943400
2015-01-16,102.18000030517578,79.31159973144531,2366000
2015-01-20,102.08000183105469,79.23397064208984,2577800
2015-01-21,102.69000244140625,79.7074203491211,2533600
2015-01-22,104.2699966430664,80.93384552001953,1796100
2015-01-23,103.41999816894531,80.27405548095703,2104000
2015-01-26,103.83999633789062,80.60003662109375,1578100
2015-01-27,102.69000244140625,79.7074203491211,1621600
2015-01-28,100.94000244140625,78.34909057617188,2630100
2015-01-29,101.69999694824219,78.93900299072266,1736100
2015-01-30,100.27999877929688,77.83680725097656,2986300
2015-02-02,101.66999816894531,78.91571807861328,1744000
2015-02-03,103.30000305175781,80.18089294433594,1854600
2015-02-04,102.87000274658203,79.8471450805664,1766200
2015-02-05,103.98999786376953,80.71650695800781,1604700
2015-02-06,103.69000244140625,80.483642578125,1671700
2015-02-09,103.25,80.14208984375,1218900
2015-02-10,104.13999938964844,80.83293151855469,1422400
2015-02-11,103.95999908447266,80.69319152832031,1492800
2015-02-12,105.06999969482422,81.5547866821289,1330900
2015-02-13,105.38999938964844,81.80313110351562,1519600
2015-02-17,105.5999984741211,81.96617126464844,1993500
2015-02-18,105.44000244140625,81.84196472167969,2126900
2015-02-19,105.04000091552734,81.531494140625,1451700
2015-02-20,105.66999816894531,82.02049255371094,1769800
2015-02-23,105.48999786376953,81.88077545166016,1062700
2015-02-24,105.87000274658203,82.17572021484375,1148000
2015-02-25,105.75,82.08257293701172,2796500
2015-02-26,105.33999633789062,81.76435089111328,1134000
2015-02-27,105.05999755859375,81.54701232910156,2359900
2015-03-02,105.52999877929688,81.91181945800781,1764100
2015-03-03,105.04000091552734,81.531494140625,1198500
2015-03-04,104.62000274658203,81.2054672241211,1239800
2015-03-05,104.76000213623047,81.31414794921875,1849400
2015-03-06,103.25,80.14208984375,1528800
2015-03-09,103.69000244140625,80.483642578125,1329700
2015-03-10,102.02999877929688,79.19515228271484,2359100
2015-03-11,102.0999984741211,79.24949645996094,1874900
2015-03-12,103.3499984741211,80.21971893310547,1978700
2015-03-13,102.76000213623047,79.76177215576172,1683300
2015-03-16,104.06999969482422,80.778564453125,1366900
2015-03-17,103.69999694824219,80.49139404296875,1952700
2015-03-18,105.06999969482422,81.5547866821289,2025900
2015-03-19,104.27999877929688,80.94160461425781,1161700
2015-03-20,105.27999877929688,81.71776580810547,1156600
2015-03-23,105.19000244140625,81.64793395996094,1157700
2015-03-24,104.4000015258789,81.03475189208984,1018800
2015-03-25,102.58999633789062,80.0238265991211,1434000
2015-03-26,102.30000305175781,79.79759216308594,1432300
2015-03-27,102.48999786376953,79.94579315185547,1254000
2015-03-30,103.87000274658203,81.02226257324219,967300
2015-03-31,103.08000183105469,80.40602111816406,3009900
2015-04-01,102.69999694824219,80.10958099365234,1688600
2015-04-02,103.06999969482422,80.39818572998047,1280600
2015-04-06,103.79000091552734,80.95982360839844,1184000
2015-04-07,103.45999908447266,80.70243835449219,1781400
2015-04-08,103.58000183105469,80.79602813720703,1171400
2015-04-09,104.0199966430664,81.13925170898438,1889400
2015-04-10,104.66999816894531,81.64627838134766,1044900
2015-04-13,104.23999786376953,81.31083679199219,1790600
2015-04-14,104.5999984741211,81.5916519165039,1543900
2015-04-15,105.16000366210938,82.02848815917969,1595300
2015-04-16,105.06999969482422,81.95829010009766,1923600
2015-04-17,104.0,81.12366485595703,2696000
2015-04-20,104.6500015258789,81.63069152832031,1227700
2015-04-21,104.31999969482422,81.37323760986328,1095800
2015-04-22,104.81999969482422,81.76326751708984,1197700
2015-04-23,105.02999877929688,81.92707061767578,1001200
2015-04-24,105.05999755859375,81.95047760009766,1566900
2015-04-27,104.54000091552734,81.54486083984375,2824700
2015-04-28,105.19999694824219,82.05968475341797,1945500
2015-04-29,104.86000061035156,81.79446411132812,1469000
2015-04-30,103.98999786376953,81.11587524414062,2506800
2015-05-01,104.9000015258789,81.8256607055664,1301700
2015-05-04,105.4000015258789,82.2156982421875,1650300
2015-05-05,104.18000030517578,81.2640609741211,1928900
2015-05-06,103.88999938964844,81.03785705566406,1837100
2015-05-07,104.19999694824219,81.2796401977539,1488400
2015-05-08,105.48999786376953,82.28589630126953,888800
2015-05-11,104.9800033569336,81.88809204101562,951700
2015-05-12,104.72000122070312,81.68526458740234,1654500
2015-05-13,104.69999694824219,81.669677734375,1406400
2015-05-14,105.6500015258789,82.41070556640625,1376400
2015-05-15,105.77999877929688,82.51213073730469,746400
2015-05-18,106.12999725341797,82.78511810302734,834700
2015-05-19,106.12999725341797,82.78511810302734,833500
2015-05-20,106.13999938964844,82.79295349121094,1570000
2015-05-21,106.27999877929688,82.90213012695312,842600
2015-05-22,106.0199966430664,82.6993408203125,816400
2015-05-26,104.91999816894531,81.8412857055664,907500
2015-05-27,105.80000305175781,82.52771759033203,1264200
2015-05-28,105.7699966430664,82.50431823730469,1073400
2015-05-29,105.27999877929688,82.1220932006836,2398400
2015-06-01,105.38999938964844,82.20787048339844,1707300
2015-06-02,105.27999877929688,82.1220932006836,882800
2015-06-03,105.4800033569336,82.27809143066406,1615800
2015-06-04,104.6500015258789,81.63069152832031,879800
2015-06-05,104.63999938964844,81.62286376953125,1473900
2015-06-08,104.06999969482422,81.17823028564453,902100
2015-06-09,104.12999725341797,81.22505187988281,755900
2015-06-10,105.33999633789062,82.16889190673828,959700
2015-06-11,105.73999786376953,82.48089599609375,919900
2015-06-12,104.95999908447266,81.87248992919922,974700
2015-06-15,104.5199966430664,81.5292739868164,2223100
2015-06-16,105.08000183105469,81.9660873413086,748700
2015-06-17,105.22000122070312,82.07530212402344,923200
2015-06-18,106.12000274658203,82.7773208618164,2716200
2015-06-19,105.41000366210938,82.22348022460938,792400
2015-06-22,106.05999755859375,82.73052215576172,1264800
2015-06-23,106.13999938964844,82.79295349121094,1430800
2015-06-24,105.33999633789062,82.16889190673828,745900
2015-06-25,104.93000030517578,81.84909057617188,604700
2015-06-26,105.01000213623047,81.9114761352539,1169100
2015-06-29,103.01000213623047,80.35140991210938,2245100
2015-06-30,103.1500015258789,80.46064758300781,2221600
2015-07-01,103.77999877929688,80.95204162597656,1695600
2015-07-02,102.94999694824219,80.86878967285156,1075600
2015-07-06,102.43000030517578,80.46028900146484,1340000
2015-07-07,103.12999725341797,81.01014709472656,3009000
2015-07-08,101.41999816894531,79.66694641113281,1906100
2015-07-09,101.66000366210938,79.85547637939453,1539600
2015-07-10,102.61000061035156,80.60169982910156,1030600
2015-07-13,103.58000183105469,81.36365509033203,895300
2015-07-14,104.0199966430664,81.70928192138672,917200
2015-07-15,103.87000274658203,81.59146118164062,664900
2015-07-16,104.48999786376953,82.0784683227539,1840100
2015-07-17,104.05000305175781,81.73283386230469,721300
2015-07-20,103.76000213623047,81.50506591796875,782000
2015-07-21,103.3499984741211,81.1829605102539,1829400
2015-07-22,103.30000305175781,81.1436996459961,1349700
2015-07-23,102.80999755859375,80.75881958007812,1497300
2015-07-24,101.68000030517578,79.87117004394531,1276600
2015-07-27,101.1500015258789,79.45481872558594,1788700
2015-07-28,102.38999938964844,80.42886352539062,1607500
2015-07-29,103.36000061035156,81.19082641601562,1174700
2015-07-30,103.3499984741211,81.1829605102539,2346800
2015-07-31,102.91000366210938,80.83734893798828,2124700
2015-08-03,102.44999694824219,80.47601318359375,3777000
2015-08-04,102.18000030517578,80.26393127441406,1460800
2015-08-05,102.44000244140625,80.4681625366211,1989800
2015-08-06,102.16000366210938,80.24822998046875,1162100
2015-08-07,101.81999969482422,79.98114013671875,1207500
2015-08-10,103.30000305175781,81.1436996459961,1298200
2015-08-11,102.44000244140625,80.4681625366211,1162500
2015-08-12,102.55999755859375,80.56240844726562,2379700
2015-08-13,102.30999755859375,80.36605072021484,810500
2015-08-14,102.79000091552734,80.74310302734375,1790400
2015-08-17,103.16999816894531,81.04158020019531,1062700
2015-08-18,102.87999725341797,80.81379699707031,1256700
2015-08-19,101.7699966430664,79.94185638427734,1568700
2015-08-20,99.80000305175781,78.3944091796875,1444000
2015-08-21,97.01000213623047,76.20280456542969,3975400
2015-08-24,92.88999938964844,72.96650695800781,5195000
2015-08-25,91.37000274658203,71.77249145507812,4685300
2015-08-26,94.45999908447266,74.19976043701172,5042800
2015-08-27,97.06999969482422,76.24993896484375,5707100
2015-08-28,97.2300033569336,76.37564086914062,2507800
2015-08-31,96.7699966430664,76.01427459716797,3253800
2015-09-01,93.80000305175781,73.68130493164062,3321800
2015-09-02,95.19000244140625,74.7731704711914,2862700
2015-09-03,95.47000122070312,74.99312591552734,3025000
2015-09-04,93.91999816894531,73.77557373046875,2143700
2015-09-08,96.13999938964844,75.5194091796875,2496600
2015-09-09,94.76000213623047,74.43539428710938,3624700
2015-09-10,95.1500015258789,74.74176025390625,1919800
2015-09-11,95.36000061035156,74.90672302246094,1506300
2015-09-14,94.98999786376953,74.61605834960938,2328200
2015-09-15,96.29000091552734,75.63725280761719,3563700
2015-09-16,97.2699966430664,76.40705108642578,1732400
2015-09-17,96.86000061035156,76.08497619628906,2366400
2015-09-18,94.97000122070312,74.60037231445312,2498100
2015-09-21,95.5199966430664,75.03239440917969,2068600
2015-09-22,94.29000091552734,74.06620788574219,1831900
2015-09-23,94.05000305175781,73.87770080566406,1434200
2015-09-24,93.88999938964844,73.75202178955078,1978100
2015-09-25,93.56999969482422,73.90681457519531,1861700
2015-09-28,91.37999725341797,72.17706298828125,2573600
2015-09-29,91.66000366210938,72.3981704711914,3115300
2015-09-30,93.27999877929688,73.67774200439453,2923200
2015-10-01,93.3499984741211,73.73306274414062,2529600
2015-10-02,94.75,74.83885192871094,3229300
2015-10-05,96.73999786376953,76.4106674194336,2592400
2015-10-06,96.75,76.41856384277344,5868400
2015-10-07,97.75,77.20841979980469,2512600
2015-10-08,98.80000305175781,78.03776550292969,2668500
2015-10-09,98.55000305175781,77.84031677246094,2045900
2015-10-12,98.44999694824219,77.76131439208984,1386600
2015-10-13,97.80999755859375,77.25579833984375,2550200
2015-10-14,97.41000366210938,76.93984985351562,1966100
2015-10-15,98.9000015258789,78.11673736572266,1782400
2015-10-16,99.2300033569336,78.37740325927734,4063600
2015-10-19,99.04000091552734,78.22732543945312,1680900
2015-10-20,99.05000305175781,78.2352294921875,1487500
2015-10-21,98.4000015258789,77.72181701660156,3432400
2015-10-22,99.83999633789062,78.85922241210938,1818500
2015-10-23,100.63999938964844,79.49109649658203,2235400
2015-10-26,100.05999755859375,79.03298950195312,2988600
2015-10-27,99.58999633789062,78.6617431640625,1830800
2015-10-28,101.08000183105469,79.83866119384766,3155000
2015-10-29,100.77999877929688,79.60165405273438,2495200
2015-10-30,100.29000091552734,79.21465301513672,2171100
2015-11-02,101.72000122070312,80.34413146972656,1912000
2015-11-03,102.18000030517578,80.70748901367188,2014600
2015-11-04,101.8499984741211,80.44681549072266,1739400
2015-11-05,101.58000183105469,80.23359680175781,2446700
2015-11-06,101.58000183105469,80.23359680175781,2884600
2015-11-09,100.56999969482422,79.4358139038086,1437000
2015-11-10,100.97000122070312,79.75177001953125,3021800
2015-11-11,100.43000030517578,79.32522583007812,2249800
2015-11-12,98.87000274658203,78.09304809570312,3088400
2015-11-13,98.11000061035156,77.4927749633789,2140400
2015-11-16,99.63999938964844,78.70123291015625,2441200
2015-11-17,99.38999938964844,78.50377655029297,3258500
2015-11-18,100.79000091552734,79.60960388183594,2457700
2015-11-19,100.69999694824219,79.53850555419922,2101500
2015-11-20,100.7699966430664,79.59379577636719,1948500
2015-11-23,100.66000366210938,79.50691223144531,2320700
2015-11-24,101.05000305175781,79.81494903564453,2331100
2015-11-25,100.87999725341797,79.68065643310547,2245500
2015-11-27,100.94999694824219,79.73595428466797,655800
2015-11-30,100.73999786376953,79.57008361816406,5004400
2015-12-01,101.76000213623047,80.37574005126953,3153000
2015-12-02,100.47000122070312,79.35684204101562,2147400
2015-12-03,99.0999984741211,78.27474212646484,4351600
2015-12-04,100.70999908447266,79.54637908935547,3685200
2015-12-07,99.81999969482422,78.84341430664062,3072200
2015-12-08,98.72000122070312,77.97457885742188,2895100
2015-12-09,98.33000183105469,77.66651916503906,4408700
2015-12-10,98.5199966430664,77.81659698486328,4686400
2015-12-11,96.62000274658203,76.31590270996094,4273800
2015-12-14,96.86000061035156,76.50542449951172,5534600
2015-12-15,98.37000274658203,77.6980972290039,4901000
2015-12-16,99.62999725341797,78.6933364868164,4215300
2015-12-17,98.0999984741211,77.48485565185547,3991000
2015-12-18,96.37000274658203,76.1184310913086,5048700
2015-12-21,97.12000274658203,76.71080017089844,3763300
2015-12-22,98.0999984741211,77.48485565185547,4576200
2015-12-23,99.69000244140625,78.74076080322266,3450900
2015-12-24,98.81999969482422,78.57930755615234,1506700
2015-12-28,98.38999938964844,78.23739624023438,3340800
2015-12-29,99.36000061035156,79.00871276855469,3605700
2015-12-30,98.61000061035156,78.4123306274414,2082500
2015-12-31,97.86000061035156,77.81595611572266,2583700
2016-01-04,96.72000122070312,76.9094467163086,6721900
2016-01-05,96.91000366210938,77.06053924560547,4033200
2016-01-06,95.43000030517578,75.88365936279297,2907500
2016-01-07,93.18000030517578,74.0945053100586,3897200
2016-01-08,91.9800033569336,73.14030456542969,3665100
2016-01-11,91.94000244140625,73.1085205078125,5683700
2016-01-12,92.47000122070312,73.52996826171875,5280600
2016-01-13,90.51000213623047,71.97140502929688,3798700
2016-01-14,91.94000244140625,73.1085205078125,6273700
2016-01-15,89.9000015258789,71.48634338378906,7404400
2016-01-19,89.68000030517578,71.3114242553711,6521900
2016-01-20,88.22000122070312,70.15045166015625,6228500
2016-01-21,88.68000030517578,70.51625061035156,7213800
2016-01-22,90.38999938964844,71.87599182128906,7093600
2016-01-25,88.72000122070312,70.54802703857422,5091400
2016-01-26,90.38999938964844,71.87599182128906,2963500
2016-01-27,89.93000030517578,71.51021575927734,2866300
2016-01-28,90.30999755859375,71.81237030029297,3488100
2016-01-29,92.69000244140625,73.70487976074219,7014300
2016-02-01,92.43000030517578,73.4981689453125,3434700
2016-02-02,90.5999984741211,72.04296112060547,3967300
2016-02-03,91.4000015258789,72.67912292480469,4954900
2016-02-04,91.80999755859375,73.00513458251953,2677600
2016-02-05,90.5999984741211,72.04296112060547,3545000
2016-02-08,89.41999816894531,71.10465240478516,5107600
2016-02-09,89.11000061035156,70.85813903808594,4419800
2016-02-10,88.91999816894531,70.70707702636719,3280100
2016-02-11,87.41000366210938,69.50638580322266,3495800
2016-02-12,89.45999908447266,71.13646697998047,3095800
2016-02-16,90.83000183105469,72.22587585449219,3703800
2016-02-17,92.25,73.3550033569336,2104400
2016-02-18,92.05000305175781,73.19598388671875,1713500
2016-02-19,91.87999725341797,73.0607681274414,1550800
2016-02-22,93.33999633789062,74.22174072265625,1711100
2016-02-23,92.08999633789062,73.22777557373047,1642600
2016-02-24,92.43000030517578,73.4981689453125,2148900
2016-02-25,93.54000091552734,74.38080596923828,1211000
2016-02-26,93.5,74.34896087646484,1755300
2016-02-29,92.69000244140625,73.70487976074219,2657800
2016-03-01,94.83000183105469,75.40653991699219,2205100
2016-03-02,95.69999694824219,76.09838104248047,1725700
2016-03-03,96.3499984741211,76.6152572631836,1586900
2016-03-04,96.83999633789062,77.0048828125,1732600
2016-03-07,97.36000061035156,77.41837310791016,1615000
2016-03-08,95.8499984741211,76.21761322021484,1627600
2016-03-09,96.37000274658203,76.63114166259766,1109600
2016-03-10,96.41000366210938,76.66295623779297,2724400
2016-03-11,98.0999984741211,78.0068130493164,1342900
2016-03-14,97.83000183105469,77.79210662841797,1116100
2016-03-15,97.4800033569336,77.5137939453125,1054300
2016-03-16,98.08999633789062,77.99882507324219,1751600
2016-03-17,99.02999877929688,78.74629211425781,1250800
2016-03-18,99.48999786376953,79.11206817626953,1236400
2016-03-21,99.54000091552734,79.15186309814453,1056100
2016-03-22,99.37999725341797,79.02458953857422,1434700
2016-03-23,97.94999694824219,78.36853790283203,1329100
2016-03-24,97.83999633789062,78.28050231933594,2165100
2016-03-28,97.93000030517578,78.35255432128906,1727600
2016-03-29,98.62999725341797,78.91261291503906,1431700
2016-03-30,99.0199966430664,79.22464752197266,1309700
2016-03-31,98.80999755859375,79.05662536621094,3175100
2016-04-01,99.26000213623047,79.4166488647461,1387700
2016-04-04,98.79000091552734,79.04058837890625,936400
2016-04-05,97.6500015258789,78.12852478027344,1694200
2016-04-06,98.5999984741211,78.88861846923828,2362600
2016-04-07,97.5,78.00849914550781,1874700
2016-04-08,97.94999694824219,78.36853790283203,1888800
2016-04-11,97.88999938964844,78.3205337524414,1274100
2016-04-12,98.91999816894531,79.14463806152344,2908600
2016-04-13,100.16999816894531,80.14472961425781,1089000
2016-04-14,100.18000030517578,80.15274810791016,1372300
2016-04-15,99.94999694824219,79.96871948242188,1442500
2016-04-18,100.70999908447266,80.57678985595703,1238700
2016-04-19,101.58000183105469,81.27285766601562,2439600
2016-04-20,101.80000305175781,81.44886779785156,1554800
2016-04-21,101.0999984741211,80.8888168334961,1356600
2016-04-22,101.58999633789062,81.28086853027344,4638400
2016-04-25,101.26000213623047,81.0168228149414,1410500
2016-04-26,101.79000091552734,81.44090270996094,1510400
2016-04-27,102.44000244140625,81.96092987060547,1302700
2016-04-28,101.4800033569336,81.19286346435547,1618500
2016-04-29,100.88999938964844,80.72077941894531,4030700
2016-05-02,101.58000183105469,81.27285766601562,1755800
2016-05-03,100.44999694824219,80.36874389648438,3062100
2016-05-04,99.70999908447266,79.77670288085938,1605100
2016-05-05,99.75,79.80872344970703,5960000
2016-05-06,99.98999786376953,80.00071716308594,1389200
2016-05-09,99.80000305175781,79.84870147705078,1742200
2016-05-10,101.06999969482422,80.86483001708984,1398100
2016-05-11,100.5199966430664,80.42476654052734,2204600
2016-05-12,100.52999877929688,80.43277740478516,1265300
2016-05-13,99.55000305175781,79.6487045288086,1138300
2016-05-16,100.4800033569336,80.39276885986328,1735400
2016-05-17,99.77999877929688,79.83270263671875,2394400
2016-05-18,99.83000183105469,79.8726806640625,2617200
2016-05-19,99.61000061035156,79.69668579101562,2692700
2016-05-20,100.31999969482422,80.26473999023438,2519900
2016-05-23,100.13999938964844,80.1207046508789,1229400
2016-05-24,101.33000183105469,81.07283020019531,1285300
2016-05-25,102.22000122070312,81.78490447998047,1726200
2016-05-26,102.05999755859375,81.65689086914062,1245400
2016-05-27,102.52999877929688,82.032958984375,984100
2016-05-31,102.37000274658203,81.9049301147461,2570900
2016-06-01,102.5999984741211,82.08892822265625,1393000
2016-06-02,102.87999725341797,82.31295776367188,1368800
2016-06-03,102.4800033569336,81.99293518066406,1363500
2016-06-06,103.22000122070312,82.58499145507812,2036900
2016-06-07,103.55999755859375,82.8570327758789,2221700
2016-06-08,103.88999938964844,83.12106323242188,2170300
2016-06-09,103.5999984741211,82.8890380859375,1152000
2016-06-10,102.54000091552734,82.04093933105469,1953800
2016-06-13,101.83000183105469,81.47286224365234,1877800
2016-06-14,101.45999908447266,81.17686462402344,1458200
2016-06-15,101.36000061035156,81.09684753417969,2039500
2016-06-16,101.61000061035156,81.296875,2805700
2016-06-17,101.69000244140625,81.3608627319336,2212800
2016-06-20,102.3499984741211,81.888916015625,3197000
2016-06-21,102.68000030517578,82.15296936035156,836300
2016-06-22,102.47000122070312,81.98493957519531,1497500
2016-06-23,104.05000305175781,83.24907684326172,1821400
2016-06-24,100.05000305175781,80.0487289428711,3552600
2016-06-27,98.01000213623047,78.41654968261719,2846300
2016-06-28,99.83999633789062,79.8807144165039,3164900
2016-06-29,101.66999816894531,81.3448715209961,4250400
2016-06-30,103.2300033569336,82.593017578125,3213800
2016-07-01,103.33999633789062,82.68099212646484,1669300
2016-07-05,102.29000091552734,81.8409194946289,2176000
2016-07-06,102.26000213623047,82.31262969970703,1720800
2016-07-07,101.98999786376953,82.09529113769531,2570900
2016-07-08,103.61000061035156,83.3992691040039,3408500
2016-07-11,104.0199966430664,83.72928619384766,2118600
2016-07-12,105.0,84.51815795898438,2692200
2016-07-13,105.06999969482422,84.5744857788086,2495000
2016-07-14,105.62999725341797,85.02523040771484,1271900
2016-07-15,105.52999877929688,84.94474029541016,2443100
2016-07-18,105.72000122070312,85.0976791381836,1465100
2016-07-19,105.58999633789062,84.9930419921875,1265700
2016-07-20,105.80000305175781,85.162109375,2380600
2016-07-21,105.41999816894531,84.85620880126953,1088800
2016-07-22,105.93000030517578,85.26675415039062,1131000
2016-07-25,105.51000213623047,84.92864990234375,724500
2016-07-26,105.76000213623047,85.12989044189453,1591400
2016-07-27,105.3499984741211,84.79985809326172,1288600
2016-07-28,105.38999938964844,84.8320541381836,1657300
2016-07-29,105.58000183105469,84.98499298095703,1876500
2016-08-01,105.06999969482422,84.5744857788086,2018500
2016-08-02,104.36000061035156,84.00299072265625,1500600
2016-08-03,104.80999755859375,84.36521911621094,1430300
2016-08-04,104.83999633789062,84.38937377929688,1199300
2016-08-05,105.94999694824219,85.2828140258789,5266800
2016-08-08,106.12999725341797,85.42770385742188,767700
2016-08-09,106.11000061035156,85.41162872314453,3465100
2016-08-10,105.66999816894531,85.05744934082031,1322300
2016-08-11,106.19000244140625,85.47600555419922,1573900
2016-08-12,106.12000274658203,85.41966247558594,1196300
2016-08-15,106.5199966430664,85.74166107177734,1564800
2016-08-16,106.05000305175781,85.36331176757812,1918100
2016-08-17,106.30999755859375,85.57259368896484,1309300
2016-08-18,106.72000122070312,85.90259552001953,1087700
2016-08-19,106.44999694824219,85.68528747558594,1061200
2016-08-22,106.36000061035156,85.61284637451172,1524600
2016-08-23,106.54000091552734,85.75772094726562,1425900
2016-08-24,106.08999633789062,85.39549255371094,1136100
2016-08-25,106.12999725341797,85.42770385742188,1283800
2016-08-26,105.86000061035156,85.21039581298828,2655700
2016-08-29,106.68000030517578,85.87042999267578,1354500
2016-08-30,106.70999908447266,85.89456939697266,3210000
2016-08-31,106.38999938964844,85.63699340820312,1690300
2016-09-01,106.2699966430664,85.5404052734375,4951900
2016-09-02,106.9000015258789,86.04750061035156,1621200
2016-09-06,107.20999908447266,86.29705047607422,6108700
2016-09-07,107.27999877929688,86.3533706665039,2396500
2016-09-08,107.33000183105469,86.39362335205078,2690600
2016-09-09,104.6500015258789,84.23638916015625,2506400
2016-09-12,106.12999725341797,85.42770385742188,4773000
2016-09-13,104.26000213623047,83.92249298095703,3342500
2016-09-14,103.93000030517578,83.6568603515625,2579500
2016-09-15,104.87999725341797,84.4215316772461,3785500
2016-09-16,104.4000015258789,84.03516387939453,3403800
2016-09-19,104.58000183105469,84.18006134033203,1859900
2016-09-20,104.44999694824219,84.07540893554688,3653500
2016-09-21,105.72000122070312,85.0976791381836,7311400
2016-09-22,106.37000274658203,85.62090301513672,2209500
2016-09-23,105.76000213623047,85.12989044189453,1194700
2016-09-26,104.3499984741211,84.41075897216797,2657800
2016-09-27,104.69000244140625,84.6858139038086,2820500
2016-09-28,105.70999908447266,85.51089477539062,1824500
2016-09-29,104.69999694824219,84.69389343261719,2151900
2016-09-30,105.62000274658203,85.43807983398438,2391000
2016-10-03,105.20999908447266,85.1064224243164,2758400
2016-10-04,104.69999694824219,84.69389343261719,2935300
2016-10-05,105.44999694824219,85.30056762695312,2338100
2016-10-06,105.41999816894531,85.27630615234375,2399800
2016-10-07,105.1500015258789,85.05786895751953,3106500
2016-10-10,105.69999694824219,85.5028076171875,1437400
2016-10-11,104.36000061035156,84.41886138916016,2173500
2016-10-12,104.47000122070312,84.50782775878906,2569300
2016-10-13,104.08999633789062,84.200439453125,2331600
2016-10-14,104.05000305175781,84.16808319091797,3656100
2016-10-17,103.75,83.9254150390625,2671400
2016-10-18,104.33999633789062,84.4026870727539,1297200
2016-10-19,104.7300033569336,84.71815490722656,2523500
2016-10-20,104.51000213623047,84.54019165039062,1657500
2016-10-21,104.20999908447266,84.29749298095703,2419600
2016-10-24,104.33000183105469,84.39459991455078,1791700
2016-10-25,104.22000122070312,84.30560302734375,3980600
2016-10-26,104.26000213623047,84.33796691894531,2524200
2016-10-27,104.0,84.12763214111328,3067400
2016-10-28,103.9000015258789,84.04673767089844,2993100
2016-10-31,104.04000091552734,84.16000366210938,2264600
2016-11-01,103.31999969482422,83.57758331298828,2646400
2016-11-02,102.52999877929688,82.93854522705078,3051500
2016-11-03,102.37000274658203,82.80908966064453,2447000
2016-11-04,102.19999694824219,82.67157745361328,2405600
2016-11-07,104.31999969482422,84.38651275634766,2830600
2016-11-08,104.83000183105469,84.79903411865234,1975900
2016-11-09,106.43000030517578,86.09329986572266,6005200
2016-11-10,107.3499984741211,86.8375244140625,4840400
2016-11-11,107.06999969482422,86.61102294921875,4412800
2016-11-14,107.88999938964844,87.27433013916016,2292900
2016-11-15,108.69000244140625,87.92146301269531,2340500
2016-11-16,108.12000274658203,87.46037292480469,3040100
2016-11-17,108.45999908447266,87.73542785644531,2256400
2016-11-18,108.43000030517578,87.71114349365234,1440400
2016-11-21,109.11000061035156,88.26121520996094,4214500
2016-11-22,109.29000091552734,88.40682983398438,3117800
2016-11-23,109.68000030517578,88.72232818603516,3563300
2016-11-25,110.05999755859375,89.0296859741211,955600
2016-11-28,109.44000244140625,88.52819061279297,1807600
2016-11-29,109.37999725341797,88.47964477539062,3435100
2016-11-30,109.91000366210938,88.90836334228516,4013500
2016-12-01,110.08000183105469,89.04585266113281,4449200
2016-12-02,110.05000305175781,89.02159881591797,2934600
2016-12-05,110.66000366210938,89.51506042480469,3909300
2016-12-06,111.29000091552734,90.024658203125,3055300
2016-12-07,112.79000091552734,91.23805236816406,2688500
2016-12-08,113.27999877929688,91.6343994140625,2547000
2016-12-09,113.75,92.01461791992188,2278700
2016-12-12,113.70999908447266,91.98224639892578,2777800
2016-12-13,114.22000122070312,92.39479064941406,3083900
2016-12-14,112.98999786376953,91.39981842041016,4394400
2016-12-15,113.55000305175781,91.8528060913086,3740900
2016-12-16,113.4000015258789,91.73149108886719,1963600
2016-12-19,113.56999969482422,91.86900329589844,2061400
2016-12-20,114.08999633789062,92.28963470458984,1794000
2016-12-21,113.77999877929688,92.03887176513672,1731700
2016-12-22,112.9000015258789,91.95175170898438,1927200
2016-12-23,113.01000213623047,92.04133605957031,1332200
2016-12-27,113.22000122070312,92.21236419677734,1583800
2016-12-28,112.19999694824219,91.3816146850586,1470900
2016-12-29,112.12000274658203,91.31644439697266,2483100
2016-12-30,112.02999877929688,91.24314880371094,2339700
2017-01-03,112.83000183105469,91.89469909667969,3305700
2017-01-04,113.58000183105469,92.50555419921875,1837400
2017-01-05,113.12999725341797,92.13904571533203,2137200
2017-01-06,113.29000091552734,92.26937103271484,2097200
2017-01-09,112.52999877929688,91.65038299560547,1790900
2017-01-10,112.5,91.6259536743164,2494100
2017-01-11,112.97000122070312,92.00873565673828,5295600
2017-01-12,112.66999816894531,91.76438903808594,2096200
2017-01-13,112.80999755859375,91.87841033935547,2385900
2017-01-17,112.22000122070312,91.39788818359375,3365900
2017-01-18,112.44000244140625,91.57707214355469,1432000
2017-01-19,111.97000122070312,91.19429016113281,2545100
2017-01-20,112.52999877929688,91.65038299560547,1685400
2017-01-23,111.94999694824219,91.17799377441406,2159900
2017-01-24,112.87000274658203,91.92732238769531,2234900
2017-01-25,113.83999633789062,92.71730041503906,4976200
2017-01-26,113.70999908447266,92.61143493652344,3054800
2017-01-27,113.37000274658203,92.33452606201172,1577200
2017-01-30,112.56999969482422,91.68295288085938,1850400
2017-01-31,112.70999908447266,91.79698944091797,2641200
2017-02-01,112.41000366210938,91.55265045166016,3196100
2017-02-02,112.6500015258789,91.74811553955078,1528000
2017-02-03,113.69999694824219,92.60328674316406,1875400
2017-02-06,113.37000274658203,92.33452606201172,2091300
2017-02-07,113.11000061035156,92.12274932861328,1744500
2017-02-08,113.05999755859375,92.08203887939453,2552300
2017-02-09,113.83999633789062,92.71730041503906,1611000
2017-02-10,114.33999633789062,93.12454223632812,1422100
2017-02-13,114.9800033569336,93.64579010009766,1983200
2017-02-14,115.56999969482422,94.12631225585938,1465800
2017-02-15,116.0999984741211,94.5579605102539,1606600
2017-02-16,115.98999786376953,94.46839141845703,2160100
2017-02-17,116.05000305175781,94.51725769042969,1521300
2017-02-21,116.86000061035156,95.17697143554688,1593300
2017-02-22,116.61000061035156,94.97334289550781,1924300
2017-02-23,116.79000091552734,95.11995697021484,1778700
2017-02-24,116.75,95.08734130859375,2182500
2017-02-27,116.9800033569336,95.27471160888672,2803600
2017-02-28,116.6500015258789,95.00590515136719,3593400
2017-03-01,118.41999816894531,96.44751739501953,1619100
2017-03-02,117.5,95.69820404052734,1538900
2017-03-03,117.5199966430664,95.71446990966797,2010200
2017-03-06,117.12000274658203,95.38870239257812,1795900
2017-03-07,116.66000366210938,95.01407623291016,2069700
2017-03-08,116.05000305175781,94.51725769042969,1496500
2017-03-09,116.12999725341797,94.5824203491211,2364700
2017-03-10,116.5,94.88374328613281,1675200
2017-03-13,116.5199966430664,94.9000244140625,2443900
2017-03-14,116.05999755859375,94.525390625,2320700
2017-03-15,117.08999633789062,95.36426544189453,2841100
2017-03-16,116.94000244140625,95.24211120605469,1413800
2017-03-17,116.62999725341797,94.9896240234375,1559100
2017-03-20,116.29000091552734,94.71269989013672,2257200
2017-03-21,114.63999938964844,93.36886596679688,2885100
2017-03-22,114.66000366210938,93.3851547241211,2073300
2017-03-23,114.66999816894531,93.39329528808594,2255600
2017-03-24,113.97000122070312,93.29424285888672,2418900
2017-03-27,113.62999725341797,93.01593017578125,2156500
2017-03-28,114.63999938964844,93.84271240234375,1526800
2017-03-29,114.72000122070312,93.90819549560547,1465100
2017-03-30,115.2699966430664,94.3584213256836,1779000
2017-03-31,114.94000244140625,94.0882797241211,2455400
2017-04-03,114.63999938964844,93.84271240234375,2376600
2017-04-04,114.83000183105469,93.99822235107422,1315700
2017-04-05,114.36000061035156,93.61348724365234,2602900
2017-04-06,114.81999969482422,93.99006652832031,3252600
2017-04-07,114.61000061035156,93.81814575195312,2103700
2017-04-10,114.70999908447266,93.90000915527344,1768700
2017-04-11,114.72000122070312,93.90819549560547,2568800
2017-04-12,114.1500015258789,93.44158935546875,1712100
2017-04-13,113.11000061035156,92.59027099609375,2117700
2017-04-17,114.0999984741211,93.40066528320312,1982900
2017-04-18,113.69000244140625,93.06505584716797,7755400
2017-04-19,113.31999969482422,92.76216888427734,1724800
2017-04-20,114.19000244140625,93.47434997558594,1488700
2017-04-21,113.62000274658203,93.00776672363281,1463700
2017-04-24,114.88999938964844,94.04737854003906,1473100
2017-04-25,115.61000061035156,94.63673400878906,1539200
2017-04-26,115.55000305175781,94.5876235961914,2335800
2017-04-27,115.2699966430664,94.3584213256836,1773300
2017-04-28,114.72000122070312,93.90819549560547,3997800
2017-05-01,114.79000091552734,93.96551513671875,1622000
2017-05-02,114.62000274658203,93.82634735107422,1895000
2017-05-03,114.69000244140625,93.88363647460938,1506800
2017-05-04,114.47000122070312,93.70355224609375,1855900
2017-05-05,115.08000183105469,94.202880859375,1541900
2017-05-08,114.94000244140625,94.0882797241211,4959200
2017-05-09,114.61000061035156,93.81814575195312,1437100
2017-05-10,114.94999694824219,94.09646606445312,1917200
2017-05-11,114.58999633789062,93.80177307128906,2127100
2017-05-12,114.20999908447266,93.49072265625,1084700
2017-05-15,114.94999694824219,94.09646606445312,1294800
2017-05-16,114.80000305175781,93.97367858886719,1288800
2017-05-17,112.88999938964844,92.41018676757812,3141100
2017-05-18,113.05000305175781,92.5411605834961,2283600
2017-05-19,113.91000366210938,93.24515533447266,1686000
2017-05-22,114.41000366210938,93.65446472167969,1463900
2017-05-23,114.80000305175781,93.97367858886719,1130300
2017-05-24,114.83999633789062,94.00641632080078,1540700
2017-05-25,115.0199966430664,94.15375518798828,1111000
2017-05-26,114.98999786376953,94.12921905517578,1477400
2017-05-30,114.66000366210938,93.85908508300781,2623500
2017-05-31,114.52999877929688,93.75267791748047,2531300
2017-06-01,115.58000183105469,94.61219787597656,2832100
2017-06-02,115.54000091552734,94.57943725585938,1647300
2017-06-05,115.37999725341797,94.44847869873047,1885800
2017-06-06,115.18000030517578,94.28473663330078,1107400
2017-06-07,115.16000366210938,94.26837921142578,5843400
2017-06-08,115.41999816894531,94.481201171875,1631700
2017-06-09,116.37000274658203,95.25884246826172,3036900
2017-06-12,116.62999725341797,95.4717025756836,4665100
2017-06-13,117.0,95.77457427978516,2181000
2017-06-14,116.7699966430664,95.58629608154297,2083400
2017-06-15,116.58000183105469,95.4307632446289,3399000
2017-06-16,116.80000305175781,95.61085510253906,3268100
2017-06-19,117.41000366210938,96.11017608642578,2391900
2017-06-20,116.58000183105469,95.4307632446289,1120800
2017-06-21,115.93000030517578,94.89868927001953,1935900
2017-06-22,115.87999725341797,94.85774993896484,5548100
2017-06-23,115.9000015258789,94.87413024902344,4580200
2017-06-26,116.4000015258789,95.2834243774414,1887900
2017-06-27,115.86000061035156,94.84138488769531,2054600
2017-06-28,116.70999908447266,95.53717803955078,3477700
2017-06-29,116.2699966430664,95.17700958251953,3235900
2017-06-30,116.43000030517578,95.30796813964844,1807700
2017-07-03,117.30000305175781,96.02015686035156,1002700
2017-07-05,117.08999633789062,95.84825134277344,2672900
2017-07-06,115.16000366210938,94.84920501708984,1765600
2017-07-07,115.58999633789062,95.20332336425781,3466100
2017-07-10,115.44000244140625,95.07978820800781,1470800
2017-07-11,115.25,94.92330169677734,1068400
2017-07-12,115.83999633789062,95.40924072265625,1121700
2017-07-13,116.12000274658203,95.6398696899414,1608400
2017-07-14,116.4800033569336,95.93634796142578,929800
2017-07-17,116.44999694824219,95.91165924072266,1811200
2017-07-18,116.25,95.74694061279297,1424200
2017-07-19,116.91000366210938,96.29051971435547,1109900
2017-07-20,116.94000244140625,96.31524658203125,1250700
2017-07-21,116.76000213623047,96.16699981689453,1053700
2017-07-24,116.56999969482422,96.010498046875,1831300
2017-07-25,117.19999694824219,96.52938842773438,1173800
2017-07-26,116.95999908447266,96.3316879272461,1675600
2017-07-27,117.12999725341797,96.47174072265625,1198200
2017-07-28,117.02999877929688,96.38935089111328,2998000
2017-07-31,117.19999694824219,96.52938842773438,1535700
2017-08-01,117.4800033569336,96.75999450683594,1532400
2017-08-02,117.30999755859375,96.61997985839844,1830300
2017-08-03,117.06999969482422,96.42229461669922,1027200
2017-08-04,117.30999755859375,96.61997985839844,1227400
2017-08-07,117.22000122070312,96.54584503173828,2069500
2017-08-08,117.0,96.36465454101562,2896600
2017-08-09,116.83999633789062,96.23285675048828,2169500
2017-08-10,115.4800033569336,95.11278533935547,3933800
2017-08-11,115.26000213623047,94.9315414428711,1017400
2017-08-14,116.20999908447266,95.7139892578125,1698800
2017-08-15,116.12999725341797,95.64808654785156,1204800
2017-08-16,116.22000122070312,95.72222900390625,2040600
2017-08-17,114.52999877929688,94.33029174804688,1601300
2017-08-18,114.27999877929688,94.1243896484375,1282500
2017-08-21,114.37999725341797,94.20675659179688,1019800
2017-08-22,115.2300033569336,94.90681457519531,2129500
2017-08-23,115.02999877929688,94.74209594726562,625500
2017-08-24,114.83000183105469,94.57737731933594,920400
2017-08-25,115.2300033569336,94.90681457519531,1399600
2017-08-28,115.08999633789062,94.79151916503906,1402700
2017-08-29,114.9800033569336,94.70094299316406,1188200
2017-08-30,115.25,94.92330169677734,913300
2017-08-31,115.79000091552734,95.36807250976562,1460600
2017-09-01,116.23999786376953,95.73870086669922,1322300
2017-09-05,115.1500015258789,94.84093475341797,2925000
2017-09-06,115.62999725341797,95.23628234863281,1883800
2017-09-07,115.16000366210938,94.84920501708984,1964000
2017-09-08,115.2300033569336,94.90681457519531,1080100
2017-09-11,116.5999984741211,96.03520965576172,959100
2017-09-12,117.25,96.57054138183594,1141100
2017-09-13,117.41000366210938,96.70233154296875,1140000
2017-09-14,117.5199966430664,96.79293060302734,1317200
2017-09-15,117.66000366210938,96.90824890136719,1164400
2017-09-18,118.13999938964844,97.30360412597656,1862300
2017-09-19,118.23999786376953,97.38597869873047,1031900
2017-09-20,118.37999725341797,97.50128936767578,1520500
2017-09-21,118.20999908447266,97.36125946044922,920900
2017-09-22,118.25,97.39419555664062,1109800
2017-09-25,118.63999938964844,97.71537780761719,1352700
2017-09-26,117.94999694824219,97.69303131103516,1063800
2017-09-27,118.19000244140625,97.89183807373047,3866600
2017-09-28,118.33000183105469,98.00779724121094,3121800
2017-09-29,118.51000213623047,98.15689086914062,3298100
2017-10-02,119.2699966430664,98.78633880615234,1482800
2017-10-03,119.58000183105469,99.0431137084961,1140400
2017-10-04,119.70999908447266,99.15076446533203,1708600
2017-10-05,120.2300033569336,99.58147430419922,1062700
2017-10-06,119.93000030517578,99.3330078125,1061100
2017-10-09,119.54000091552734,99.00996398925781,2549500
2017-10-10,120.01000213623047,99.3992691040039,2051500
2017-10-11,119.98999786376953,99.38267517089844,816200
2017-10-12,119.55000305175781,99.0182876586914,1451900
2017-10-13,119.5999984741211,99.05968475341797,1244100
2017-10-16,119.69000244140625,99.13420867919922,2910200
2017-10-17,119.72000122070312,99.15904235839844,2428800
2017-10-18,119.81999969482422,99.2419204711914,955900
2017-10-19,119.98999786376953,99.38267517089844,1609100
2017-10-20,120.63999938964844,99.92106628417969,1306100
2017-10-23,120.30999755859375,99.64774322509766,1722700
2017-10-24,120.48999786376953,99.79682922363281,1287300
2017-10-25,119.77999877929688,99.20874786376953,1294100
2017-10-26,119.97000122070312,99.36614990234375,1457000
2017-10-27,120.0,99.39099884033203,1633100
2017-10-30,119.33999633789062,98.84430694580078,1541500
2017-10-31,119.38999938964844,98.88573455810547,2505100
2017-11-01,119.80000305175781,99.22532653808594,1777500
2017-11-02,119.80999755859375,99.23361206054688,2515500
2017-11-03,119.87000274658203,99.2833023071289,1714700
2017-11-06,120.06999969482422,99.44896697998047,1235800
2017-11-07,119.83000183105469,99.25016784667969,1491000
2017-11-08,119.80000305175781,99.22532653808594,961400
2017-11-09,119.52999877929688,99.00170135498047,1597600
2017-11-10,119.3499984741211,98.85260009765625,1675100
2017-11-13,119.4800033569336,98.96031951904297,1212100
2017-11-14,119.04000091552734,98.59584045410156,1642100
2017-11-15,118.5999984741211,98.23141479492188,1822300
2017-11-16,119.4000015258789,98.89401245117188,1721200
2017-11-17,119.30000305175781,98.81120300292969,1332100
2017-11-20,119.41999816894531,98.91058349609375,1322700
2017-11-21,119.91999816894531,99.3247299194336,1650400
2017-11-22,119.86000061035156,99.2750244140625,1352000
2017-11-24,119.88999938964844,99.29985809326172,1373000
2017-11-27,119.68000030517578,99.12593841552734,1468700
2017-11-28,121.3499984741211,100.50914001464844,1599400
2017-11-29,122.30999755859375,101.30424499511719,2329100
2017-11-30,123.02999877929688,101.90058898925781,2251000
2017-12-01,123.11000061035156,101.96685028076172,5047700
2017-12-04,123.66999816894531,102.4306869506836,2739900
2017-12-05,122.83999633789062,101.74321746826172,1850500
2017-12-06,122.51000213623047,101.46989440917969,1811000
2017-12-07,122.80000305175781,101.71012878417969,1882100
2017-12-08,123.5,102.28987884521484,1988000
2017-12-11,123.83999633789062,102.57147979736328,2303900
2017-12-12,124.18000030517578,102.85310363769531,2865700
2017-12-13,123.83999633789062,102.57147979736328,2800900
2017-12-14,123.16999816894531,102.01654052734375,2048800
2017-12-15,124.16000366210938,102.83651733398438,2775900
2017-12-18,124.94999694824219,103.49083709716797,2126300
2017-12-19,124.48999786376953,103.10987091064453,1461600
2017-12-20,124.52999877929688,103.14298248291016,2013700
2017-12-21,124.43000030517578,103.58837127685547,1787700
2017-12-22,124.45999908447266,103.61334991455078,1488900
2017-12-26,124.43000030517578,103.58837127685547,1150600
2017-12-27,124.44000244140625,103.59672546386719,1380500
2017-12-28,124.7699966430664,103.87145233154297,1739200
2017-12-29,124.33999633789062,103.51348114013672,2282100
2018-01-02,124.91000366210938,103.98797607421875,2319800
2018-01-03,125.37999725341797,104.37924194335938,1473600
2018-01-04,125.86000061035156,104.77886199951172,2322400
2018-01-05,126.27999877929688,105.1285171508789,1901500
2018-01-08,126.4800033569336,105.29501342773438,2122500
2018-01-09,126.66999816894531,105.45315551757812,3851300
2018-01-10,126.58000183105469,105.37826538085938,8087200
2018-01-11,127.61000061035156,106.2357406616211,1949600
2018-01-12,128.35000610351562,106.85179901123047,2898200
2018-01-16,127.87999725341797,106.46052551269531,10605100
2018-01-17,128.89999389648438,107.30964660644531,1847100
2018-01-18,128.47999572753906,106.95999908447266,1900400
2018-01-19,129.0500030517578,107.43452453613281,1950100
2018-01-22,130.13999938964844,108.34197235107422,1888200
2018-01-23,130.16000366210938,108.35862731933594,2046200
2018-01-24,130.36000061035156,108.5251235961914,1697800
2018-01-25,130.3300018310547,108.50016784667969,1695700
2018-01-26,131.5399932861328,109.5074691772461,1344700
2018-01-29,130.6999969482422,108.80817413330078,2792500
2018-01-30,129.17999267578125,107.5427474975586,2600300
2018-01-31,129.0399932861328,107.42621612548828,2843800
2018-02-01,129.3300018310547,107.66764068603516,9848700
2018-02-02,126.44999694824219,105.2700424194336,3418800
2018-02-05,121.13999938964844,100.84944915771484,3439900
2018-02-06,122.76000213623047,102.1980972290039,4648700
2018-02-07,122.51000213623047,101.989990234375,2515000
2018-02-08,118.33999633789062,98.51844787597656,2558100
2018-02-09,119.83000183105469,99.75886535644531,3496000
2018-02-12,121.25,100.94102478027344,5936200
2018-02-13,121.55999755859375,101.19906616210938,1678600
2018-02-14,123.13999938964844,102.51443481445312,1658500
2018-02-15,124.31999969482422,103.49679565429688,1524200
2018-02-16,124.61000061035156,103.73823547363281,2991600
2018-02-20,123.44999694824219,102.77252197265625,1259300
2018-02-21,122.69000244140625,102.13982391357422,1599100
2018-02-22,122.58000183105469,102.04824829101562,1517000
2018-02-23,124.5199966430664,103.66328430175781,1166700
2018-02-26,125.9000015258789,104.81216430664062,1155700
2018-02-27,124.37999725341797,103.54674530029297,1404400
2018-02-28,122.80000305175781,102.23140716552734,1498100
2018-03-01,121.38999938964844,101.05756378173828,2556800
2018-03-02,122.08000183105469,101.63198852539062,1230700
2018-03-05,123.55000305175781,102.85576629638672,1095000
2018-03-06,123.83000183105469,103.08890533447266,986700
2018-03-07,123.62999725341797,102.92235565185547,1177300
2018-03-08,123.95999908447266,103.19709777832031,826100
2018-03-09,125.9800033569336,104.87875366210938,1379900
2018-03-12,125.77999877929688,104.71226501464844,1450900
2018-03-13,125.08999633789062,104.1378402709961,1133800
2018-03-14,124.23999786376953,103.43018341064453,1603100
2018-03-15,124.0199966430664,103.24705505371094,2507800
2018-03-16,124.37999725341797,103.54674530029297,984300
2018-03-19,122.98999786376953,102.38957214355469,1102600
2018-03-20,122.93000030517578,102.3396224975586,2619600
2018-03-21,123.08999633789062,102.47283172607422,883600
2018-03-22,119.48999786376953,100.02922058105469,1977500
2018-03-23,117.01000213623047,97.953125,2437200
2018-03-26,119.80000305175781,100.28874206542969,2724200
2018-03-27,118.5199966430664,99.21720123291016,2188300
2018-03-28,118.48999786376953,99.19210052490234,2193200
2018-03-29,119.95999908447266,100.42268371582031,1669500
2018-04-02,117.31999969482422,98.21265411376953,2721100
2018-04-03,118.93000030517578,99.56043243408203,2400500
2018-04-04,120.08999633789062,100.53150939941406,2345500
2018-04-05,120.97000122070312,101.26820373535156,1664300
2018-04-06,118.5,99.2004623413086,2339100
2018-04-09,118.9800033569336,99.60227966308594,1061000
2018-04-10,120.7300033569336,101.0672836303711,1567600
2018-04-11,120.19000244140625,100.61522674560547,1324500
2018-04-12,121.04000091552734,101.32678985595703,1118400
2018-04-13,120.66999816894531,101.01704406738281,1052700
2018-04-16,121.62000274658203,101.81230926513672,1588100
2018-04-17,122.20999908447266,102.30622100830078,3025000
2018-04-18,122.3499984741211,102.42342376708984,842300
2018-04-19,121.98999786376953,102.12205505371094,1216200
2018-04-20,121.37000274658203,101.60305786132812,1138700
2018-04-23,121.41999816894531,101.64491271972656,1928300
2018-04-24,120.6500015258789,101.00028991699219,4214800
2018-04-25,120.93000030517578,101.23470306396484,1420000
2018-04-26,121.41999816894531,101.64491271972656,1577700
2018-04-27,121.45999908447266,101.67839050292969,1083300
2018-04-30,120.33999633789062,100.74080657958984,2097900
2018-05-01,120.0999984741211,100.53987884521484,1494400
2018-05-02,119.08000183105469,99.68598175048828,1738100
2018-05-03,118.51000213623047,99.20882415771484,1375600
2018-05-04,119.87999725341797,100.35570526123047,1204700
2018-05-07,120.13999938964844,100.5733413696289,954400
2018-05-08,120.16000366210938,100.59011840820312,1222000
2018-05-09,121.30999755859375,101.55282592773438,615700
2018-05-10,122.41000366210938,102.47367095947266,934700
2018-05-11,122.69000244140625,102.70808410644531,723700
2018-05-14,122.83000183105469,102.82525634765625,792100
2018-05-15,122.2699966430664,102.35646057128906,1543600
2018-05-16,122.75,102.75828552246094,1200000
2018-05-17,122.81999969482422,102.8168716430664,944500
2018-05-18,122.2699966430664,102.35646057128906,521500
2018-05-21,123.16999816894531,103.10990142822266,645900
2018-05-22,122.97000122070312,102.94247436523438,1022200
2018-05-23,122.87000274658203,102.85875701904297,3526100
2018-05-24,122.45999908447266,102.51551055908203,1090700
2018-05-25,121.95999908447266,102.09696197509766,1211400
2018-05-29,120.25,100.66544342041016,2126100
2018-05-30,122.08999633789062,102.2057876586914,1567000
2018-05-31,121.05000305175781,101.33517456054688,1767600
2018-06-01,121.98999786376953,102.12205505371094,2252000
2018-06-04,122.29000091552734,102.37320709228516,822700
2018-06-05,122.13999938964844,102.24761962890625,975400
2018-06-06,123.25,103.17687225341797,863400
2018-06-07,123.69000244140625,103.54519653320312,1530900
2018-06-08,124.05000305175781,103.84654235839844,914000
2018-06-11,124.13999938964844,103.92190551757812,1617300
2018-06-12,124.08000183105469,103.87168884277344,1179200
2018-06-13,123.5199966430664,103.40288543701172,2693700
2018-06-14,123.41000366210938,103.31078338623047,1446900
2018-06-15,123.27999877929688,103.20198059082031,5539700
2018-06-18,122.94000244140625,102.91735076904297,2869100
2018-06-19,122.66000366210938,102.68295288085938,1855700
2018-06-20,122.69999694824219,102.71641540527344,876700
2018-06-21,121.97000122070312,102.10531616210938,2104900
2018-06-22,122.4800033569336,102.53225708007812,3505300
2018-06-25,121.3499984741211,101.5862808227539,2397000
2018-06-26,121.41999816894531,101.64491271972656,1454400
2018-06-27,120.7300033569336,101.0672836303711,2313200
2018-06-28,121.30999755859375,101.55282592773438,1409800
2018-06-29,121.37999725341797,101.61141204833984,2182000
2018-07-02,121.33000183105469,101.5695571899414,1427800
2018-07-03,120.54000091552734,101.50725555419922,1002200
2018-07-05,121.36000061035156,102.19776916503906,1057200
2018-07-06,122.11000061035156,102.8293228149414,1643800
2018-07-09,123.20999908447266,103.7556381225586,1236800
2018-07-10,123.66999816894531,104.1430435180664,1603800
2018-07-11,122.56999969482422,103.21672058105469,1437400
2018-07-12,123.0999984741211,103.66300964355469,1520100
2018-07-13,123.0199966430664,103.59566497802734,993400
2018-07-16,123.08999633789062,103.65461730957031,894300
2018-07-17,123.33000183105469,103.85669708251953,751800
2018-07-18,123.7699966430664,104.22724151611328,1119100
2018-07-19,123.37000274658203,103.8904037475586,1713400
2018-07-20,123.06999969482422,103.63775634765625,749600
2018-07-23,123.37000274658203,103.8904037475586,1625600
2018-07-24,123.80000305175781,104.25251007080078,1095200
2018-07-25,124.4000015258789,104.75775146484375,1439600
2018-07-26,125.05999755859375,105.31356048583984,977000
2018-07-27,124.69000244140625,105.00198364257812,4369800
2018-07-30,124.94000244140625,105.2125015258789,1367500
2018-07-31,125.31999969482422,105.5324935913086,3036100
2018-08-01,124.69000244140625,105.00198364257812,3076100
2018-08-02,124.81999969482422,105.11144256591797,1874800
2018-08-03,125.5999984741211,105.7682876586914,1769600
2018-08-06,125.93000030517578,106.04618835449219,1549900
2018-08-07,126.29000091552734,106.34937286376953,2797100
2018-08-08,126.1500015258789,106.23146057128906,1036800
2018-08-09,125.87999725341797,106.00408172607422,1089600
2018-08-10,124.9800033569336,105.24618530273438,1271200
2018-08-13,124.27999877929688,104.65672302246094,1161800
2018-08-14,125.08000183105469,105.33039855957031,1711200
2018-08-15,124.18000030517578,104.57251739501953,1515000
2018-08-16,125.5999984741211,105.7682876586914,959500
2018-08-17,126.19000244140625,106.2651138305664,1209600
2018-08-20,126.55000305175781,106.56828308105469,1235800
2018-08-21,126.91000366210938,106.8714370727539,954900
2018-08-22,126.66999816894531,106.66931915283203,1018700
2018-08-23,126.25,106.315673828125,1169800
2018-08-24,126.81999969482422,106.795654296875,934000
2018-08-27,127.61000061035156,107.46094512939453,1430200
2018-08-28,127.63999938964844,107.4861831665039,1809300
2018-08-29,127.94999694824219,107.74724578857422,1257400
2018-08-30,127.25,107.15776824951172,1555900
2018-08-31,127.0999984741211,107.03146362304688,1458100
2018-09-04,126.91000366210938,106.8714370727539,1433500
2018-09-05,127.29000091552734,107.19143676757812,2443200
2018-09-06,126.94000244140625,106.89671325683594,1048300
2018-09-07,126.5999984741211,106.61036682128906,1360300
2018-09-10,126.86000061035156,106.829345703125,733600
2018-09-11,126.91999816894531,106.87984466552734,1072600
2018-09-12,126.9800033569336,106.93038177490234,1179500
2018-09-13,127.4800033569336,107.35145568847656,1928000
2018-09-14,127.69999694824219,107.53671264648438,2239800
2018-09-17,127.58999633789062,107.44406127929688,903500
2018-09-18,128.1199951171875,107.89038848876953,833600
2018-09-19,128.47000122070312,108.18513488769531,2442700
2018-09-20,129.36000061035156,108.93461608886719,1592900
2018-09-21,129.50999450683594,109.0609130859375,1875200
2018-09-24,128.58999633789062,108.28618621826172,1242100
2018-09-25,128.0800018310547,107.8567123413086,2233700
2018-09-26,126.62000274658203,107.28900146484375,1586000
2018-09-27,126.52999877929688,107.21273803710938,1956600
2018-09-28,126.62000274658203,107.28900146484375,1922700
2018-10-01,127.02999877929688,107.63639831542969,1189400
2018-10-02,127.27999877929688,107.84822845458984,1200500
2018-10-03,127.4000015258789,107.94991302490234,2935800
2018-10-04,127.19000244140625,107.77196502685547,1789700
2018-10-05,126.80000305175781,107.44154357910156,2074100
2018-10-08,127.23999786376953,107.81433868408203,1871800
2018-10-09,126.87000274658203,107.5008544921875,1860500
2018-10-10,123.72000122070312,104.83173370361328,3370700
2018-10-11,120.55000305175781,102.14570617675781,5988400
2018-10-12,121.22000122070312,102.71340942382812,3568400
2018-10-15,121.0199966430664,102.54393005371094,2672700
2018-10-16,123.01000213623047,104.2301254272461,1879700
2018-10-17,123.25,104.43350219726562,1755500
2018-10-18,122.0999984741211,103.45906066894531,2035900
2018-10-19,122.16999816894531,103.51836395263672,1820000
2018-10-22,121.06999969482422,102.5863037109375,1579700
2018-10-23,120.3499984741211,101.97623443603516,2674000
2018-10-24,117.44999694824219,99.51895904541016,2880000
2018-10-25,118.9000015258789,100.74761199951172,3570300
2018-10-26,117.2699966430664,99.366455078125,7802000
2018-10-29,117.54000091552734,99.59521484375,4208500
2018-10-30,119.44999694824219,101.21363067626953,4168000
2018-10-31,120.08999633789062,101.75592803955078,4100700
2018-11-01,121.08999633789062,102.60325622558594,2593900
2018-11-02,120.80999755859375,102.36600494384766,2701200
2018-11-05,122.06999969482422,103.43363189697266,2186800
2018-11-06,122.75,104.00981903076172,2130100
2018-11-07,124.44000244140625,105.44181823730469,2464800
2018-11-08,124.37000274658203,105.38250732421875,1675200
2018-11-09,123.55999755859375,104.69615936279297,1611900
2018-11-12,121.80000305175781,103.20487213134766,1965500
2018-11-13,121.6500015258789,103.07776641845703,2742300
2018-11-14,120.87000274658203,102.41683959960938,2495800
2018-11-15,122.05999755859375,103.4251708984375,2946900
2018-11-16,122.66999816894531,103.94204711914062,2628600
2018-11-19,121.95999908447266,103.3404541015625,3512300
2018-11-20,119.66000366210938,101.39157104492188,3777900
2018-11-21,119.98999786376953,101.67120361328125,2802000
2018-11-23,119.30999755859375,101.09498596191406,1149000
2018-11-26,120.77999877929688,102.34058380126953,4514300
2018-11-27,121.08000183105469,102.59477996826172,3668600
2018-11-28,122.88999938964844,104.1284408569336,4623900
2018-11-29,122.75,104.00981903076172,2270700
2018-11-30,123.4800033569336,104.62836456298828,3195200
2018-12-03,123.91999816894531,105.00121307373047,7127400
2018-12-04,121.05999755859375,102.57784271240234,4657400
2018-12-06,120.45999908447266,102.06942749023438,5246200
2018-12-07,118.29000091552734,100.2307357788086,6224900
2018-12-10,117.83000183105469,99.84097290039062,5354000
2018-12-11,117.61000061035156,99.65455627441406,8126700
2018-12-12,117.9800033569336,99.96807098388672,5693900
2018-12-13,117.87000274658203,99.87486267089844,4999900
2018-12-14,116.1500015258789,98.41744232177734,5285800
2018-12-17,113.13999938964844,96.55360412597656,7405200
2018-12-18,112.56999969482422,96.0671615600586,6512100
2018-12-19,111.16999816894531,94.87242126464844,7257300
2018-12-20,109.51000213623047,93.4557876586914,9278500
2018-12-21,107.83000183105469,92.02207946777344,9337000
2018-12-24,104.79000091552734,89.42772674560547,5436400
2018-12-26,109.16999816894531,93.1656265258789,9569600
2018-12-27,110.16000366210938,94.0104751586914,10882500
2018-12-28,110.08000183105469,93.9422378540039,9354700
2018-12-31,111.05000305175781,94.77001953125,9247500
2019-01-02,111.02999877929688,94.75296783447266,7237200
2019-01-03,109.22000122070312,93.20831298828125,4021400
2019-01-04,112.36000061035156,95.88796997070312,4648100
2019-01-07,112.98999786376953,96.42562103271484,5027700
2019-01-08,113.91000366210938,97.21073913574219,2849300
2019-01-09,114.38999938964844,97.620361328125,2555600
2019-01-10,114.87000274658203,98.0300064086914,3227800
2019-01-11,115.08999633789062,98.21775817871094,9750400
2019-01-14,114.5999984741211,97.79959869384766,7072900
2019-01-15,115.45999908447266,98.53351593017578,2630100
2019-01-16,115.9000015258789,98.90900421142578,2317900
2019-01-17,116.80000305175781,99.67704772949219,3826900
2019-01-18,118.3499984741211,100.99984741210938,6190000
2019-01-22,116.97000122070312,99.82213592529297,11149500
2019-01-23,117.19000244140625,100.0098876953125,5500300
2019-01-24,117.30999755859375,100.1123046875,3804300
2019-01-25,117.93000030517578,100.64138793945312,2330500
2019-01-28,117.51000213623047,100.2829818725586,8427400
2019-01-29,117.75,100.48779296875,2855600
2019-01-30,118.80000305175781,101.38387298583984,3088300
2019-01-31,119.52999877929688,102.00684356689453,4317600
2019-02-01,119.94000244140625,102.35674285888672,3810200
2019-02-04,120.3499984741211,102.70662689208984,2903600
2019-02-05,120.52999877929688,102.8602294921875,2008700
2019-02-06,120.5,102.83464050292969,2375600
2019-02-07,119.55999755859375,102.0324478149414,1842200
2019-02-08,119.58000183105469,102.04950714111328,1398800
2019-02-11,119.77999877929688,102.22021484375,2730600
2019-02-12,121.18000030517578,103.41494750976562,2094900
2019-02-13,121.58000183105469,103.7563247680664,2363600
2019-02-14,121.23999786376953,103.46615600585938,2250000
2019-02-15,122.91000366210938,104.8913345336914,1404400
2019-02-19,123.25,105.18150329589844,1708600
2019-02-20,123.62999725341797,105.50577545166016,2656700
2019-02-21,123.25,105.18150329589844,2352100
2019-02-22,123.72000122070312,105.58258819580078,1066400
2019-02-25,123.91999816894531,105.7532730102539,1485400
2019-02-26,123.68000030517578,105.5484619140625,2631500
2019-02-27,123.63999938964844,105.51432037353516,1265900
2019-02-28,123.3499984741211,105.26683044433594,1160700
2019-03-01,124.04000091552734,105.85565948486328,2813300
2019-03-04,123.55000305175781,105.43749237060547,2566300
2019-03-05,123.30000305175781,105.2241439819336,1365600
2019-03-06,122.43000030517578,104.48169708251953,1310400
2019-03-07,121.69000244140625,103.85020446777344,1907100
2019-03-08,121.3499984741211,103.56002807617188,3028800
2019-03-11,122.86000061035156,104.84867858886719,1062900
2019-03-12,123.2300033569336,105.1644058227539,1034200
2019-03-13,124.0199966430664,105.83861541748047,1132000
2019-03-14,123.97000122070312,105.79593658447266,725700
2019-03-15,124.54000091552734,106.28237915039062,1907900
2019-03-18,125.0199966430664,106.69200134277344,915300
2019-03-19,124.72000122070312,106.43598937988281,2043600
2019-03-20,123.12000274658203,105.63465118408203,1312200
2019-03-21,124.19999694824219,106.5612564086914,1347500
2019-03-22,121.98999786376953,104.66512298583984,1982000
2019-03-25,121.77999877929688,104.48495483398438,2136600
2019-03-26,122.98999786376953,105.52308654785156,1471000
2019-03-27,122.44999694824219,105.05977630615234,2099900
2019-03-28,122.83999633789062,105.3944091796875,1419000
2019-03-29,123.48999786376953,105.95207214355469,2336400
2019-04-01,124.88999938964844,107.15324401855469,3244600
2019-04-02,124.62999725341797,106.93017578125,2285500
2019-04-03,124.7699966430664,107.05032348632812,2009600
2019-04-04,125.19999694824219,107.41923522949219,919400
2019-04-05,125.7699966430664,107.90827178955078,1263700
2019-04-08,125.8499984741211,107.97694396972656,1051300
2019-04-09,125.04000091552734,107.2819595336914,1892000
2019-04-10,125.44999694824219,107.63372802734375,1174100
2019-04-11,125.5999984741211,107.76244354248047,1379400
2019-04-12,126.56999969482422,108.59466552734375,1479500
2019-04-15,126.27999877929688,108.34587097167969,3306500
2019-04-16,126.52999877929688,108.56035614013672,877500
2019-04-17,126.08999633789062,108.18285369873047,924300
2019-04-18,126.20999908447266,108.28579711914062,3065100
2019-04-22,126.06999969482422,108.16565704345703,1756200
2019-04-23,126.88999938964844,108.86922454833984,1165000
2019-04-24,126.68000030517578,108.68903350830078,3073400
2019-04-25,126.43000030517578,108.47454833984375,931900
2019-04-26,126.94999694824219,108.9206771850586,1009600
2019-04-29,127.12999725341797,109.07514190673828,881300
2019-04-30,127.75,109.60708618164062,1436000
2019-05-01,126.79000091552734,108.78343963623047,2247400
2019-05-02,126.54000091552734,108.56891632080078,1319900
2019-05-03,127.55999755859375,109.44405364990234,1367400
2019-05-06,127.05999755859375,109.01508331298828,1826400
2019-05-07,125.19999694824219,107.41923522949219,1678900
2019-05-08,124.83999633789062,107.11034393310547,2099900
2019-05-09,124.62999725341797,106.93017578125,2297400
2019-05-10,125.31999969482422,107.52218627929688,2024600
2019-05-13,122.80999755859375,105.36865997314453,2172500
2019-05-14,123.7699966430664,106.19232940673828,1580100
2019-05-15,123.91999816894531,106.3210220336914,1096500
2019-05-16,124.91000366210938,107.17041015625,1243500
2019-05-17,124.29000091552734,106.63846588134766,1234800
2019-05-20,123.86000061035156,106.26953887939453,1004100
2019-05-21,124.9000015258789,107.16185760498047,706800
2019-05-22,124.37999725341797,106.7156753540039,1288300
2019-05-23,123.01000213623047,105.54023742675781,2467600
2019-05-24,123.36000061035156,105.84056854248047,680400
2019-05-28,121.81999969482422,104.51924896240234,2557400
2019-05-29,121.0999984741211,103.90149688720703,1737700
2019-05-30,121.08999633789062,103.89292907714844,1534600
2019-05-31,119.56999969482422,102.58879852294922,1636600
2019-06-03,120.62999725341797,103.49826049804688,2440200
2019-06-04,122.94000244140625,105.4802017211914,1650100
2019-06-05,123.5999984741211,106.04647827148438,945700
2019-06-06,124.36000061035156,106.69851684570312,842300
2019-06-07,124.94999694824219,107.20475006103516,788000
2019-06-10,125.3499984741211,107.54792022705078,1493000
2019-06-11,125.33000183105469,107.53077697753906,1248100
2019-06-12,125.11000061035156,107.34201049804688,690300
2019-06-13,125.70999908447266,107.85680389404297,707800
2019-06-14,125.58999633789062,107.75385284423828,3051900
2019-06-17,124.68000030517578,107.57609558105469,794700
2019-06-18,125.77999877929688,108.52518463134766,1645600
2019-06-19,126.11000061035156,108.80995178222656,1225800
2019-06-20,127.19999694824219,109.7503890991211,1532200
2019-06-21,127.37999725341797,109.90570831298828,4074600
2019-06-24,126.81999969482422,109.42253112792969,1054600
2019-06-25,126.25,108.93072509765625,1328900
2019-06-26,125.80000305175781,108.54246520996094,1007900
2019-06-27,126.3499984741211,109.01701354980469,851600
2019-06-28,127.22000122070312,109.76766204833984,6907500
2019-07-01,128.22999572753906,110.63910675048828,2240800
2019-07-02,128.22999572753906,110.63910675048828,3055900
2019-07-03,129.22999572753906,111.50191497802734,1514300
2019-07-05,129.16000366210938,111.4415283203125,1222900
2019-07-08,128.60000610351562,110.9583511352539,1144500
2019-07-09,128.57000732421875,110.93246459960938,2094700
2019-07-10,128.82000732421875,111.14818572998047,753100
2019-07-11,129.0500030517578,111.34661865234375,818000
2019-07-12,129.67999267578125,111.89019775390625,1349200
2019-07-15,129.5,111.73489379882812,2433100
2019-07-16,129.17999267578125,111.45878601074219,874600
2019-07-17,128.11000061035156,110.53556823730469,914200
2019-07-18,128.8000030517578,111.13091278076172,2498900
2019-07-19,128.24000549316406,110.64775085449219,1132500
2019-07-22,128.2100067138672,110.62186431884766,774100
2019-07-23,129.22999572753906,111.50191497802734,679000
2019-07-24,129.9199981689453,112.09727478027344,933500
2019-07-25,129.38999938964844,111.63996124267578,869400
2019-07-26,130.0399932861328,112.20079803466797,814000
2019-07-29,129.89999389648438,112.08003234863281,756200
2019-07-30,129.83999633789062,112.02824401855469,1188200
2019-07-31,128.44000244140625,110.82032012939453,2342600
2019-08-01,126.88999938964844,109.4829330444336,1878900
2019-08-02,126.1500015258789,108.8444595336914,1692500
2019-08-05,122.72000122070312,105.88499450683594,1732100
2019-08-06,124.04000091552734,107.0239028930664,1639700
2019-08-07,123.83999633789062,106.85132598876953,1189800
2019-08-08,125.91000366210938,108.63736724853516,1101100
2019-08-09,125.0199966430664,107.86946868896484,1649300
2019-08-12,123.37999725341797,106.4544448852539,1247300
2019-08-13,124.7300033569336,107.61924743652344,1222600
2019-08-14,121.27999877929688,104.64250946044922,1912400
2019-08-15,121.51000213623047,104.84095764160156,2253900
2019-08-16,123.4000015258789,106.4717025756836,1355900
2019-08-19,124.69000244140625,107.58473205566406,974600
2019-08-20,123.56999969482422,106.61836242675781,1011800
2019-08-21,124.33000183105469,107.27412414550781,732100
2019-08-22,124.44000244140625,107.36903381347656,704500
2019-08-23,121.44000244140625,104.78057861328125,1273200
2019-08-26,122.48999786376953,105.68653869628906,1322200
2019-08-27,121.79000091552734,105.08255767822266,1019900
2019-08-28,122.88999938964844,106.03166198730469,1229300
2019-08-29,124.30999755859375,107.25688934326172,1283000
2019-08-30,124.58000183105469,107.48982238769531,1819400
2019-09-03,124.18000030517578,107.14469146728516,1730100
2019-09-04,125.5,108.28363037109375,1865400
2019-09-05,126.9000015258789,109.49154663085938,2282300
2019-09-06,127.18000030517578,109.7331771850586,871300
2019-09-09,128.27000427246094,110.67362213134766,1092200
2019-09-10,128.92999267578125,111.24307250976562,1190800
2019-09-11,129.92999267578125,112.10590362548828,1299300
2019-09-12,130.17999267578125,112.32160186767578,1036300
2019-09-13,130.25,112.38201141357422,4980500
2019-09-16,130.1199951171875,112.26983642578125,1242200
2019-09-17,130.0399932861328,112.20079803466797,1289000
2019-09-18,130.0500030517578,112.20946502685547,958400
2019-09-19,129.8699951171875,112.05411529541016,1841500
2019-09-20,129.52000427246094,111.75215148925781,1052700
2019-09-23,129.63999938964844,111.85566711425781,884600
2019-09-24,127.91999816894531,111.07679748535156,1368900
2019-09-25,128.52999877929688,111.60646057128906,2710800
2019-09-26,128.1300048828125,111.2591323852539,1122800
2019-09-27,127.97000122070312,111.1202163696289,1011800
2019-09-30,128.25999450683594,111.37203979492188,3654800
2019-10-01,126.37999725341797,109.73955535888672,1718500
2019-10-02,124.25,107.8900146484375,1591900
2019-10-03,124.93000030517578,108.48046112060547,1772100
2019-10-04,126.4800033569336,109.8263931274414,2084100
2019-10-07,125.88999938964844,109.3140869140625,2285200
2019-10-08,123.8499984741211,107.54266357421875,1776900
2019-10-09,124.80000305175781,108.36759948730469,1958900
2019-10-10,125.66999816894531,109.12306213378906,2075100
2019-10-11,127.08999633789062,110.3560791015625,1420700
2019-10-14,126.83999633789062,110.13898468017578,707000
2019-10-15,127.81999969482422,110.98997497558594,1108700
2019-10-16,127.73999786376953,110.9205093383789,1247100
2019-10-17,128.13999938964844,111.267822265625,1039000
2019-10-18,127.98999786376953,111.13756561279297,914600
2019-10-21,128.9499969482422,111.97117614746094,1137800
2019-10-22,129.25999450683594,112.24031829833984,1264200
2019-10-23,129.57000732421875,112.50953674316406,1184100
2019-10-24,129.3000030517578,112.27510070800781,985900
2019-10-25,129.8800048828125,112.77870178222656,1029800
2019-10-28,130.25,113.0999984741211,1243700
2019-10-29,130.5500030517578,113.36051177978516,1888600
2019-10-30,130.6300048828125,113.42994689941406,1328800
2019-10-31,130.07000732421875,112.9437026977539,1760100
2019-11-01,131.52999877929688,114.21145629882812,3178500
2019-11-04,132.3300018310547,114.90612030029297,2284300
2019-11-05,132.41000366210938,114.9756088256836,2315800
2019-11-06,132.41000366210938,114.9756088256836,1911200
2019-11-07,132.89999389648438,115.40104675292969,3433700
2019-11-08,133.1199951171875,115.59210205078125,2083300
2019-11-11,132.6999969482422,115.22740173339844,1503400
2019-11-12,132.69000244140625,115.21868896484375,1741200
2019-11-13,132.6999969482422,115.22740173339844,2481700
2019-11-14,132.72999572753906,115.25344848632812,1358600
2019-11-15,133.61000061035156,116.0176010131836,1825100
2019-11-18,133.52000427246094,115.93946075439453,1343700
2019-11-19,133.25999450683594,115.71366119384766,2381000
2019-11-20,132.8800048828125,115.38372039794922,3477200
2019-11-21,132.86000061035156,115.36636352539062,1820900
2019-11-22,133.25999450683594,115.71366119384766,1994000
2019-11-25,134.02999877929688,116.38227844238281,1391100
2019-11-26,134.11000061035156,116.4517593383789,1769400
2019-11-27,134.61000061035156,116.88592529296875,1796000
2019-11-29,134.0800018310547,116.42571258544922,1579300
2019-12-02,133.32000732421875,115.76577758789062,2236500
2019-12-03,132.22000122070312,114.81061553955078,2059600
2019-12-04,133.22000122070312,115.67894744873047,1903200
2019-12-05,133.49000549316406,115.91339111328125,1677700
2019-12-06,134.6699981689453,116.9380111694336,2950400
2019-12-09,134.30999755859375,116.62540435791016,1593900
2019-12-10,134.22000122070312,116.54725646972656,2233000
2019-12-11,134.3699951171875,116.67750549316406,2035700
2019-12-12,135.88999938964844,117.99739074707031,2042300
2019-12-13,135.47000122070312,117.63267517089844,3802000
2019-12-16,135.2100067138672,118.4147720336914,3007200
2019-12-17,135.3300018310547,118.51985931396484,1681200
2019-12-18,135.25999450683594,118.45852661132812,1397500
2019-12-19,135.5500030517578,118.7125244140625,1545700
2019-12-20,136.32000732421875,119.38689422607422,3442400
2019-12-23,136.27000427246094,119.34312438964844,3229700
2019-12-24,136.3300018310547,119.39566802978516,702800
2019-12-26,136.6699981689453,119.6933822631836,935600
2019-12-27,136.64999389648438,119.67591094970703,855400
2019-12-30,136.10000610351562,119.1942138671875,1699900
2019-12-31,136.47999572753906,119.52700805664062,2248600
2020-01-02,137.02999877929688,120.0086898803711,2242200
2020-01-03,136.11000061035156,119.20293426513672,1898800
2020-01-06,136.22999572753906,119.30807495117188,2751500
2020-01-07,135.82000732421875,118.94902038574219,1617200
2020-01-08,136.11000061035156,119.20293426513672,1803500
2020-01-09,136.7100067138672,119.72846984863281,1674000
2020-01-10,136.19000244140625,119.27303314208984,2227900
2020-01-13,136.9600067138672,119.94737243652344,2738900
2020-01-14,137.17999267578125,120.1400146484375,1493400
2020-01-15,137.2100067138672,120.16631317138672,1502300
2020-01-16,138.2100067138672,121.0421142578125,1821500
2020-01-17,138.47000122070312,121.26980590820312,2297000
2020-01-21,137.88999938964844,120.7618637084961,3198600
2020-01-22,137.94000244140625,120.80563354492188,1595900
2020-01-23,137.99000549316406,120.84944152832031,1477100
2020-01-24,136.75999450683594,119.772216796875,1476500
2020-01-27,134.83999633789062,118.09071350097656,2245900
2020-01-28,135.9199981689453,119.03652954101562,1327800
2020-01-29,135.33999633789062,118.52861022949219,1564500
2020-01-30,135.9600067138672,119.07159423828125,1899900
2020-01-31,133.55999755859375,116.96971130371094,2298000
2020-02-03,134.16000366210938,117.49519348144531,1188000
2020-02-04,135.63999938964844,118.79132843017578,1579500
2020-02-05,137.75,120.63925170898438,1389300
2020-02-06,137.77000427246094,120.65677642822266,920000
2020-02-07,136.9199981689453,119.91234588623047,1659700
2020-02-10,137.38999938964844,120.32394409179688,992500
2020-02-11,137.99000549316406,120.84944152832031,1095200
2020-02-12,138.49000549316406,121.28734588623047,816000
2020-02-13,138.52000427246094,121.3135986328125,1103400
2020-02-14,138.47999572753906,121.27857208251953,987300
2020-02-18,137.8000030517578,120.68307495117188,1091600
2020-02-19,138.1999969482422,121.0333480834961,956700
2020-02-20,138.22999572753906,121.05960845947266,1138500
2020-02-21,137.55999755859375,120.47283172607422,2106300
2020-02-24,133.57000732421875,116.97846984863281,3014100
2020-02-25,129.39999389648438,113.32643127441406,3347900
2020-02-26,128.00999450683594,112.10910034179688,3713100
2020-02-27,122.58999633789062,107.36234283447266,6479000
2020-02-28,121.1500015258789,106.10123443603516,7598000
2020-03-02,125.68000030517578,110.06855773925781,3962500
2020-03-03,122.44999694824219,107.23975372314453,3756900
2020-03-04,127.33999633789062,111.52233123779297,2238300
2020-03-05,122.95999908447266,107.6863784790039,1995200
2020-03-06,120.58999633789062,105.6108169555664,2875900
2020-03-09,109.87000274658203,96.22239685058594,4722100
2020-03-10,114.80000305175781,100.54000091552734,6184700
2020-03-11,108.63999938964844,95.14518737792969,4406900
2020-03-12,97.75,85.60790252685547,5583200
2020-03-13,106.2699966430664,93.0695571899414,6182400
2020-03-16,93.83999633789062,82.18356323242188,4849000
2020-03-17,99.94999694824219,87.53463745117188,5385200
2020-03-18,93.08999633789062,81.5267333984375,6209400
2020-03-19,92.93000030517578,81.38660430908203,6106500
2020-03-20,89.1500015258789,78.07613372802734,4381300
2020-03-23,85.16999816894531,74.59051513671875,5257000
2020-03-24,93.93000030517578,82.26239776611328,4300100
2020-03-25,95.31999969482422,84.19049835205078,7018000
2020-03-26,101.12000274658203,89.31330871582031,6427800
2020-03-27,98.2300033569336,86.76073455810547,4665700
2020-03-30,101.0199966430664,89.22498321533203,6056200
2020-03-31,99.18000030517578,87.59980773925781,6646300
2020-04-01,94.5199966430664,83.48393249511719,3791500
2020-04-02,96.80999755859375,85.50654602050781,4625300
2020-04-03,95.25,84.12867736816406,4421800
2020-04-06,101.31999969482422,89.48994445800781,4753800
2020-04-07,101.9800033569336,90.07289123535156,3307500
2020-04-08,106.12999725341797,93.73834228515625,3309900
2020-04-09,108.88999938964844,96.17608642578125,5192400
2020-04-13,106.5999984741211,94.1534423828125,4284700
2020-04-14,108.69000244140625,95.99945831298828,3807700
2020-04-15,105.19999694824219,92.91695404052734,2801400
2020-04-16,104.79000091552734,92.55480194091797,2814800
2020-04-17,108.91999816894531,96.20259094238281,3288100
2020-04-20,106.66000366210938,94.20645904541016,4069200
2020-04-21,103.97000122070312,91.8305435180664,3257500
2020-04-22,105.62999725341797,93.29672241210938,1755500
2020-04-23,105.62999725341797,93.29672241210938,3096900
2020-04-24,106.87999725341797,94.4007797241211,2492900
2020-04-27,109.37000274658203,96.60005187988281,2506100
2020-04-28,110.26000213623047,97.38613891601562,2271200
2020-04-29,112.80999755859375,99.63839721679688,2456000
2020-04-30,110.2699966430664,97.39497375488281,2646700
2020-05-01,107.01000213623047,94.51560974121094,2339400
2020-05-04,106.87999725341797,94.4007797241211,2292100
2020-05-05,107.3499984741211,94.81587982177734,2494900
2020-05-06,105.66000366210938,93.3232192993164,1732400
2020-05-07,107.04000091552734,94.5420913696289,1753000
2020-05-08,109.58999633789062,96.79434967041016,1972700
2020-05-11,108.55000305175781,95.87578582763672,3140200
2020-05-12,106.0999984741211,93.71184539794922,2440800
2020-05-13,103.55000305175781,91.4595947265625,3437800
2020-05-14,105.04000091552734,92.7756118774414,2580500
2020-05-15,104.98999786376953,92.73143768310547,1885000
2020-05-18,109.76000213623047,96.94450378417969,2364700
2020-05-19,107.97000122070312,95.3635025024414,1356500
2020-05-20,109.93000030517578,97.09466552734375,2802300
2020-05-21,109.31999969482422,96.55586242675781,1405300
2020-05-22,109.2699966430664,96.51172637939453,1591100
2020-05-26,112.30999755859375,99.19676208496094,2025800
2020-05-27,114.88999938964844,101.47553253173828,2669300
2020-05-28,114.26000213623047,100.9190902709961,2993600
2020-05-29,114.12000274658203,100.79544067382812,3221200
2020-06-01,114.7300033569336,101.334228515625,1847400
2020-06-02,115.9000015258789,102.36759185791016,2446300
2020-06-03,118.55000305175781,104.70820617675781,2104900
2020-06-04,119.2300033569336,105.30880737304688,2350800
2020-06-05,122.7699966430664,108.43545532226562,3164200
2020-06-08,125.13999938964844,110.52874755859375,4611400
2020-06-09,122.68000030517578,108.35596466064453,2410700
2020-06-10,119.97000122070312,105.9623794555664,2001300
2020-06-11,112.18000030517578,99.08196258544922,3400500
2020-06-12,114.16000366210938,100.83075714111328,1785800
2020-06-15,114.47000122070312,101.72476196289062,3327600
2020-06-16,116.38999938964844,103.43098449707031,2504300
2020-06-17,115.19000244140625,102.36457824707031,2534300
2020-06-18,115.08000183105469,102.26683807373047,1432500
2020-06-19,114.0999984741211,101.39593505859375,2027700
2020-06-22,114.0199966430664,101.32484436035156,2019000
2020-06-23,114.0999984741211,101.39593505859375,1364800
2020-06-24,110.73999786376953,98.41004943847656,2097900
2020-06-25,111.91999816894531,99.45867919921875,1552000
2020-06-26,109.36000061035156,97.1837158203125,4015800
2020-06-29,111.37999725341797,98.97879791259766,2292100
2020-06-30,112.62000274658203,100.08074188232422,3284600
2020-07-01,112.4800033569336,99.95635223388672,1921800
2020-07-02,113.05000305175781,100.4628677368164,1912200
2020-07-06,114.20999908447266,101.49371337890625,1328900
2020-07-07,112.62000274658203,100.08074188232422,3610000
2020-07-08,112.95999908447266,100.38287353515625,5601600
2020-07-09,111.2699966430664,98.88102722167969,2546300
2020-07-10,113.31999969482422,100.70280456542969,1895100
2020-07-13,113.19000244140625,100.58727264404297,2689600
2020-07-14,114.87999725341797,102.08910369873047,2775300
2020-07-15,116.87000274658203,103.85755157470703,3681400
2020-07-16,116.7699966430664,103.76866912841797,2051300
2020-07-17,117.23999786376953,104.18634033203125,1957900
2020-07-20,116.4800033569336,103.51097869873047,2062000
2020-07-21,117.9000015258789,104.77285766601562,1830400
2020-07-22,118.56999969482422,105.36827850341797,988200
2020-07-23,118.44000244140625,105.25273895263672,2405900
2020-07-24,117.36000061035156,104.29296875,2419400
2020-07-27,117.5199966430664,104.4351577758789,1164700
2020-07-28,117.13999938964844,104.09746551513672,3468600
2020-07-29,118.70999908447266,105.49267578125,1251100
2020-07-30,117.51000213623047,104.42627716064453,1817300
2020-07-31,117.12999725341797,104.08858489990234,3903100
2020-08-03,117.51000213623047,104.42627716064453,2003900
2020-08-04,118.05000305175781,104.90617370605469,1343100
2020-08-05,118.93000030517578,105.68817901611328,1331300
2020-08-06,119.12000274658203,105.85700988769531,1846600
2020-08-07,120.38999938964844,106.9856185913086,1823800
2020-08-10,121.48999786376953,107.96314239501953,1838600
2020-08-11,121.37000274658203,107.85650634765625,2588400
2020-08-12,122.1500015258789,108.54965209960938,1859800
2020-08-13,121.37999725341797,107.8653793334961,1496500
2020-08-14,121.47000122070312,107.94536590576172,969400
2020-08-17,121.2300033569336,107.7320785522461,1648000
2020-08-18,120.80000305175781,107.34999084472656,1682500
2020-08-19,120.23999786376953,106.85232543945312,2146900
2020-08-20,119.69999694824219,106.3724365234375,2363200
2020-08-21,119.77999877929688,106.44355010986328,1954100
2020-08-24,121.56999969482422,108.03424835205078,1532900
2020-08-25,121.4800033569336,107.95425415039062,1273500
2020-08-26,121.23999786376953,107.74098205566406,1538700
2020-08-27,122.0999984741211,108.5052261352539,1734300
2020-08-28,122.94000244140625,109.25167846679688,1163300
2020-08-31,121.91000366210938,108.33637237548828,2711600
2020-09-01,122.30000305175781,108.68296813964844,2465000
2020-09-02,124.26000213623047,110.42473602294922,2905200
2020-09-03,121.69000244140625,108.14087677001953,3989400
2020-09-04,121.5199966430664,107.98979187011719,4925600
2020-09-08,119.2699966430664,105.9903335571289,2234700
2020-09-09,120.72000122070312,107.27886199951172,2225400
2020-09-10,118.94000244140625,105.69705963134766,2123000
2020-09-11,119.61000061035156,106.29246520996094,2038300
2020-09-14,121.30000305175781,107.79429626464844,2817200
2020-09-15,121.20999908447266,107.71430206298828,3700900
2020-09-16,121.9800033569336,108.3985824584961,1286000
2020-09-17,121.44999694824219,107.9275894165039,2660500
2020-09-18,120.30000305175781,106.90564727783203,1850700
2020-09-21,117.55000305175781,104.46184539794922,2669600
2020-09-22,117.87000274658203,104.74620056152344,1478900
2020-09-23,114.7699966430664,102.6181869506836,1487700
2020-09-24,114.97000122070312,102.7970199584961,2785100
2020-09-25,116.29000091552734,103.97726440429688,2098400
2020-09-28,118.18000030517578,105.66715240478516,1700800
2020-09-29,117.2699966430664,104.85350036621094,2145500
2020-09-30,118.12999725341797,105.6224365234375,2495500
2020-10-01,118.41999816894531,105.88172912597656,1530500
2020-10-02,118.76000213623047,106.18575286865234,2643000
2020-10-05,120.68000030517578,107.90243530273438,1792300
2020-10-06,119.58000183105469,106.91890716552734,2360500
2020-10-07,121.4800033569336,108.61774444580078,1478600
2020-10-08,123.06999969482422,110.03937530517578,1898400
2020-10-09,123.27999877929688,110.22715759277344,1469500
2020-10-12,124.25,111.09444427490234,1221800
2020-10-13,123.01000213623047,109.98573303222656,1336800
2020-10-14,122.5,109.52973175048828,1954600
2020-10-15,122.88999938964844,109.8784408569336,1570300
2020-10-16,123.19999694824219,110.15563201904297,3624400
2020-10-19,121.44000244140625,108.58197784423828,2798100
2020-10-20,122.02999877929688,109.10948944091797,1752600
2020-10-21,121.52999877929688,108.6624526977539,3396400
2020-10-22,123.19999694824219,110.15563201904297,1687900
2020-10-23,123.37000274658203,110.3076171875,1783600
2020-10-26,120.83000183105469,108.03659057617188,2742400
2020-10-27,119.30999755859375,106.6775131225586,2794200
2020-10-28,115.83999633789062,103.57488250732422,3682000
2020-10-29,116.7300033569336,104.37067413330078,3668200
2020-10-30,116.7300033569336,104.37067413330078,3912000
2020-11-02,118.91000366210938,106.31985473632812,2671800
2020-11-03,121.13999938964844,108.31371307373047,3273600
2020-11-04,121.11000061035156,108.28691864013672,2757700
2020-11-05,123.20999908447266,110.16456604003906,2274600
2020-11-06,123.02999877929688,110.00362396240234,2051200
2020-11-09,128.1300048828125,114.56364440917969,7805800
2020-11-10,129.60000610351562,115.87800598144531,3739000
2020-11-11,129.2100067138672,115.52930450439453,2104700
2020-11-12,127.52999877929688,114.02716827392578,2478500
2020-11-13,130.02000427246094,116.25352478027344,1953900
2020-11-16,132.4600067138672,118.43519592285156,2905400
2020-11-17,131.89999389648438,117.93450927734375,2883200
2020-11-18,130.3699951171875,116.56645202636719,1950700
2020-11-19,130.74000549316406,116.89730834960938,3099500
2020-11-20,130.17999267578125,116.3965835571289,2332300
2020-11-23,131.9600067138672,117.98814392089844,2568800
2020-11-24,134.77999877929688,120.5095443725586,4214800
2020-11-25,133.9199981689453,119.74059295654297,2646400
2020-11-27,133.82000732421875,119.65118408203125,1251600
2020-11-30,132.39999389648438,118.38151550292969,3092700
2020-12-01,133.6300048828125,119.4813003540039,2659700
2020-12-02,134.32000732421875,120.0982666015625,1822900
2020-12-03,134.60000610351562,120.34859466552734,2113300
2020-12-04,136.32000732421875,121.88648986816406,2044700
2020-12-07,135.55999755859375,121.20695495605469,3476700
2020-12-08,136.02999877929688,121.62718963623047,1891300
2020-12-09,135.77000427246094,121.39471435546875,1928400
2020-12-10,135.6199951171875,121.26058959960938,1906600
2020-12-11,135.35000610351562,121.01918029785156,3072700
2020-12-14,133.39999389648438,119.80316925048828,2320200
2020-12-15,135.4199981689453,121.6172866821289,1987300
2020-12-16,135.05999755859375,121.29399871826172,2131700
2020-12-17,135.72999572753906,121.89570617675781,2010500
2020-12-18,135.1300048828125,121.35685729980469,2630200
2020-12-21,134.4499969482422,120.74615478515625,3139300
2020-12-22,133.69000244140625,120.06364440917969,2560900
2020-12-23,134.6999969482422,120.97069549560547,2325600
2020-12-24,135.0800018310547,121.31195068359375,1257600
2020-12-28,135.41000366210938,121.60831451416016,2056600
2020-12-29,135.02999877929688,121.26705169677734,1482900
2020-12-30,135.67999267578125,121.85079956054688,1859300
2020-12-31,136.72999572753906,122.79379272460938,3357100
2021-01-04,134.88999938964844,121.14131927490234,3598100
2021-01-05,136.0500030517578,122.18307495117188,2024800
2021-01-06,139.4600067138672,125.24552917480469,2965600
2021-01-07,140.67999267578125,126.34114837646484,2613900
2021-01-08,140.77000427246094,126.4219970703125,2715200
2021-01-11,140.8800048828125,126.52078247070312,3569000
2021-01-12,141.55999755859375,127.13150024414062,2870200
2021-01-13,141.42999267578125,127.01473236083984,3476000
2021-01-14,141.9600067138672,127.49068450927734,2651600
2021-01-15,140.61000061035156,126.27833557128906,2818000
2021-01-19,141.22999572753906,126.83512878417969,2121600
2021-01-20,141.88999938964844,127.4278335571289,2003200
2021-01-21,141.02999877929688,126.655517578125,1552300
2021-01-22,140.27000427246094,125.97295379638672,1977600
2021-01-25,140.1300048828125,125.84723663330078,2381600
2021-01-26,139.49000549316406,125.2724609375,1527000
2021-01-27,135.86000061035156,122.01248168945312,2824800
2021-01-28,137.80999755859375,123.76368713378906,3178600
2021-01-29,135.44000244140625,121.63528442382812,4916100
2021-02-01,136.8699951171875,122.91948699951172,2934800
2021-02-02,138.82000732421875,124.67076873779297,3474300
2021-02-03,139.38999938964844,125.18265533447266,2014300
2021-02-04,141.17999267578125,126.79022216796875,1620800
2021-02-05,141.92999267578125,127.46372985839844,2587900
2021-02-08,143.49000549316406,128.86474609375,1190500
2021-02-09,143.52000427246094,128.8917236328125,1412800
2021-02-10,143.72999572753906,129.08029174804688,2179000
2021-02-11,143.8300018310547,129.17015075683594,1360500
2021-02-12,144.6699981689453,129.9244842529297,1267000
2021-02-16,144.91000366210938,130.14004516601562,1755400
2021-02-17,145.0399932861328,130.2567901611328,1753700
2021-02-18,144.24000549316406,129.538330078125,1782300
2021-02-19,145.0,130.2208709716797,1775000
2021-02-22,145.57000732421875,130.73280334472656,1553100
2021-02-23,146.0500030517578,131.163818359375,3338700
2021-02-24,148.14999389648438,133.04977416992188,3894000
2021-02-25,145.27999877929688,130.4723358154297,5825300
2021-02-26,143.55999755859375,128.92764282226562,7958700
2021-03-01,146.8300018310547,131.86434936523438,2528500
2021-03-02,146.3000030517578,131.3883514404297,3016100
2021-03-03,145.9499969482422,131.07403564453125,2786400
2021-03-04,144.27000427246094,129.5652618408203,5338300
2021-03-05,147.4600067138672,132.4301300048828,5165700
2021-03-08,148.67999267578125,133.52577209472656,5714200
2021-03-09,148.58999633789062,133.44493103027344,4104400
2021-03-10,150.5399932861328,135.19619750976562,3435200
2021-03-11,151.00999450683594,135.6182861328125,2915000
2021-03-12,152.3000030517578,136.77684020996094,2044900
2021-03-15,153.0,137.40542602539062,3445700
2021-03-16,151.9499969482422,136.4624786376953,4002700
2021-03-17,152.72999572753906,137.16297912597656,2330100
2021-03-18,151.5500030517578,136.10325622558594,2264500
2021-03-19,150.9600067138672,135.5734100341797,3497700
2021-03-22,150.94000244140625,135.5553741455078,2404700
2021-03-23,148.8000030517578,133.63356018066406,1834500
2021-03-24,148.80999755859375,133.6425323486328,3254800
2021-03-25,150.00999450683594,135.27838134765625,3481700
2021-03-26,152.5,137.5238800048828,2488600
2021-03-29,151.83999633789062,136.9286651611328,2777100
2021-03-30,152.1199951171875,137.18115234375,2078100
2021-03-31,151.5500030517578,136.6671600341797,3767600
2021-04-01,152.86000061035156,137.84848022460938,2888700
2021-04-05,154.2100067138672,139.06593322753906,2465400
2021-04-06,154.32000732421875,139.16514587402344,3165000
2021-04-07,154.00999450683594,138.88558959960938,2100300
2021-04-08,154.0800018310547,138.94871520996094,2043100
2021-04-09,154.8300018310547,139.62503051757812,3993700
2021-04-12,154.9499969482422,139.7332763671875,1947000
2021-04-13,154.5,139.3274688720703,2319200
2021-04-14,155.05999755859375,139.83241271972656,2307100
2021-04-15,155.88999938964844,140.58096313476562,1698400
2021-04-16,156.66000366210938,141.2753143310547,2662100
2021-04-19,156.1300048828125,140.79739379882812,2750400
2021-04-20,154.6999969482422,139.5078125,1958700
2021-04-21,156.42999267578125,141.0679473876953,2078700
2021-04-22,155.30999755859375,140.0579071044922,4290800
2021-04-23,156.8300018310547,141.42864990234375,3951200
2021-04-26,156.91000366210938,141.5008087158203,1899200
2021-04-27,157.19000244140625,141.75326538085938,1589500
2021-04-28,157.4499969482422,141.98773193359375,1559700
2021-04-29,158.77000427246094,143.17811584472656,2609200
2021-04-30,157.5500030517578,142.07797241210938,2906000
2021-05-03,158.55999755859375,142.9887237548828,3350500
2021-05-04,158.6999969482422,143.11495971679688,2682100
2021-05-05,159.25,143.6109619140625,2338700
2021-05-06,160.55999755859375,144.79234313964844,3266900
2021-05-07,161.77999877929688,145.89251708984375,2080700
2021-05-10,161.60000610351562,145.7301788330078,4062500
2021-05-11,159.52999877929688,143.86346435546875,4184300
2021-05-12,156.4499969482422,141.0859375,2384200
2021-05-13,158.64999389648438,143.0698699951172,2517500
2021-05-14,160.74000549316406,144.95468139648438,2313000
2021-05-17,160.5800018310547,144.8103485107422,2508400
2021-05-18,159.11000061035156,143.48477172851562,3681800
2021-05-19,158.17999267578125,142.64608764648438,4010900
2021-05-20,159.02999877929688,143.41258239746094,2387900
2021-05-21,159.61000061035156,143.93560791015625,2113800
2021-05-24,160.52999877929688,144.76528930664062,2031900
2021-05-25,159.63999938964844,143.96267700195312,1611300
2021-05-26,160.10000610351562,144.3775177001953,1970700
2021-05-27,160.9600067138672,145.15309143066406,3068500
2021-05-28,161.1300048828125,145.3063507080078,3378400
2021-06-01,161.67999267578125,145.80233764648438,1809100
2021-06-02,161.8300018310547,145.93763732910156,1699400
2021-06-03,161.67999267578125,145.80233764648438,2213300
2021-06-04,162.39999389648438,146.4516143798828,2643400
2021-06-07,161.8699951171875,145.97366333007812,2490400
2021-06-08,161.91000366210938,146.00978088378906,5583900
2021-06-09,161.22000122070312,145.3875274658203,2289800
2021-06-10,160.52999877929688,145.29248046875,2668100
2021-06-11,160.9600067138672,145.68167114257812,1463400
2021-06-14,160.1300048828125,144.93048095703125,1533700
2021-06-15,160.27999877929688,145.06622314453125,3168400
2021-06-16,159.24000549316406,144.1249237060547,2628700
2021-06-17,157.25,142.3238067626953,3114800
2021-06-18,154.3000030517578,139.65386962890625,2403200
2021-06-21,157.32000732421875,142.3871612548828,4447700
2021-06-22,157.50999450683594,142.5591278076172,2131600
2021-06-23,157.25999450683594,142.33287048339844,2311500
2021-06-24,158.33999633789062,143.31036376953125,1894400
2021-06-25,159.3000030517578,144.17926025390625,2101600
2021-06-28,158.61000061035156,143.55474853515625,2053400
2021-06-29,158.10000610351562,143.09315490722656,2972600
2021-06-30,158.6199951171875,143.5637969970703,3398500
2021-07-01,159.72000122070312,144.55938720703125,3714300
2021-07-02,160.05999755859375,144.86709594726562,2264600
2021-07-06,158.58999633789062,143.53665161132812,2175400
2021-07-07,158.9600067138672,143.87152099609375,2500300
2021-07-08,157.33999633789062,142.40530395507812,3511600
2021-07-09,159.6699981689453,144.5141143798828,3195700
2021-07-12,160.3000030517578,145.0843505859375,2277700
2021-07-13,159.08999633789062,143.98916625976562,2013200
2021-07-14,158.8000030517578,143.72671508789062,1855800
2021-07-15,158.63999938964844,143.5818634033203,2504600
2021-07-16,157.47000122070312,142.52297973632812,2307700
2021-07-19,154.6199951171875,139.9434814453125,5718100
2021-07-20,157.1300048828125,142.21522521972656,3178500
2021-07-21,158.57000732421875,143.51852416992188,1906200
2021-07-22,158.0800018310547,143.07501220703125,2368600
2021-07-23,158.9600067138672,143.87152099609375,2470600
2021-07-26,159.52999877929688,144.3874053955078,2080100
2021-07-27,159.5500030517578,144.40550231933594,2471900
2021-07-28,159.4199981689453,144.28787231445312,3874300
2021-07-29,160.4600067138672,145.22915649414062,3621100
2021-07-30,159.97000122070312,144.78564453125,4224400
2021-08-02,159.57000732421875,144.42361450195312,2840700
2021-08-03,160.89999389648438,145.62734985351562,3292000
2021-08-04,159.3300018310547,144.20640563964844,2780300
2021-08-05,160.27000427246094,145.0571746826172,1709400
2021-08-06,161.33999633789062,146.02561950683594,3024000
2021-08-09,161.0399932861328,145.75408935546875,1822500
2021-08-10,161.99000549316406,146.61392211914062,2027400
2021-08-11,163.0,147.52804565429688,2200000
2021-08-12,163.17999267578125,147.69094848632812,3339600
2021-08-13,163.19000244140625,147.6999969482422,2110700
2021-08-16,163.22000122070312,147.72715759277344,2181200
2021-08-17,162.4199981689453,147.00308227539062,4625300
2021-08-18,160.6300048828125,145.3830108642578,3586200
2021-08-19,160.1300048828125,144.93048095703125,4255600
2021-08-20,161.08999633789062,145.79930114746094,2264400
2021-08-23,162.0800018310547,146.69537353515625,1868800
2021-08-24,162.58999633789062,147.15696716308594,1706200
2021-08-25,163.19000244140625,147.6999969482422,1650300
2021-08-26,162.1999969482422,146.80397033691406,1998400
2021-08-27,163.60000610351562,148.07110595703125,1681700
2021-08-30,163.1699981689453,147.6819305419922,1991300
2021-08-31,163.08999633789062,147.6094970703125,1944100
2021-09-01,163.0500030517578,147.57327270507812,1975100
2021-09-02,164.07000732421875,148.49649047851562,2202300
2021-09-03,163.49000549316406,147.9715576171875,1411500
2021-09-07,162.1300048828125,146.74063110351562,3306400
2021-09-08,162.0399932861328,146.6591796875,1641700
2021-09-09,161.35000610351562,146.0346221923828,1989800
2021-09-10,160.1199951171875,144.92137145996094,2483600
2021-09-13,161.08999633789062,145.79930114746094,3123100
2021-09-14,159.58999633789062,144.44168090820312,3033200
2021-09-15,161.07000732421875,145.78123474121094,5122300
2021-09-16,160.49000549316406,145.25628662109375,3375400
2021-09-17,159.5500030517578,144.40550231933594,2983600
2021-09-20,157.14999389648438,142.23330688476562,4262000
2021-09-21,156.6999969482422,141.8260498046875,3194800
2021-09-22,158.25999450683594,143.23794555664062,3536300
2021-09-23,160.47999572753906,145.24720764160156,1909000
2021-09-24,159.8699951171875,145.43190002441406,2257200
2021-09-27,160.42999267578125,145.94134521484375,2118100
2021-09-28,158.44000244140625,144.1310272216797,4029700
2021-09-29,158.9499969482422,144.59500122070312,2568200
2021-09-30,156.50999450683594,142.37535095214844,4719000
2021-10-01,158.5500030517578,144.23109436035156,4164500
2021-10-04,157.80999755859375,143.55792236328125,4735500
2021-10-05,158.92999267578125,144.5767822265625,2882400
2021-10-06,159.3300018310547,144.94070434570312,5584000
2021-10-07,160.61000061035156,146.10507202148438,1977300
2021-10-08,160.55999755859375,146.05955505371094,2090100
2021-10-11,159.25999450683594,144.87696838378906,2231300
2021-10-12,159.02999877929688,144.6677703857422,2438500
2021-10-13,159.19000244140625,144.8133087158203,2317000
2021-10-14,161.7100067138672,147.105712890625,1424000
2021-10-15,162.7100067138672,148.01541137695312,1583800
2021-10-18,162.25999450683594,147.60604858398438,4804100
2021-10-19,163.52999877929688,148.7613525390625,2439900
2021-10-20,165.0399932861328,150.13497924804688,1929100
2021-10-21,164.85000610351562,149.96214294433594,1227400
2021-10-22,165.2100067138672,150.28968811035156,1577100
2021-10-25,165.52000427246094,150.57162475585938,1161900
2021-10-26,165.47999572753906,150.53524780273438,2068100
2021-10-27,163.2100067138672,148.47023010253906,1857600
2021-10-28,164.6999969482422,149.82571411132812,1949700
2021-10-29,164.5399932861328,149.68017578125,2514800
2021-11-01,165.3800048828125,150.44430541992188,2821300
2021-11-02,165.85000610351562,150.87185668945312,1252500
2021-11-03,166.67999267578125,151.62684631347656,2582200
2021-11-04,165.97999572753906,150.99005126953125,4350200
2021-11-05,166.77999877929688,151.71780395507812,1930400
2021-11-08,167.13999938964844,152.04531860351562,1616700
2021-11-09,166.97999572753906,151.89979553222656,2163000
2021-11-10,166.47000122070312,151.4358367919922,2031700
2021-11-11,166.47000122070312,151.4358367919922,1274400
2021-11-12,166.97000122070312,151.89071655273438,1642400
2021-11-15,167.10000610351562,152.00897216796875,1773600
2021-11-16,166.8300018310547,151.76332092285156,2089000
2021-11-17,166.0500030517578,151.05372619628906,2443100
2021-11-18,165.33999633789062,150.4079132080078,2280200
2021-11-19,163.8800048828125,149.07974243164062,2803400
2021-11-22,164.58999633789062,149.72561645507812,2645400
2021-11-23,165.69000244140625,150.7262725830078,3169800
2021-11-24,165.6199951171875,150.66259765625,1631700
2021-11-26,161.91000366210938,147.28768920898438,3600400
2021-11-29,162.5500030517578,147.86985778808594,5371400
2021-11-30,158.6699981689453,144.3402557373047,5671400
2021-12-01,157.1199951171875,142.93026733398438,6131600
2021-12-02,160.52000427246094,146.02322387695312,5973800
2021-12-03,160.1300048828125,145.66844177246094,6711500
2021-12-06,162.35000610351562,147.6879119873047,4792800
2021-12-07,164.3800048828125,149.5346221923828,3313800
2021-12-08,164.5,149.64373779296875,2505500
2021-12-09,163.89999389648438,149.0979461669922,5513300
2021-12-10,164.6699981689453,149.79840087890625,3166800
2021-12-13,163.24000549316406,149.1460418701172,3305400
2021-12-14,162.94000244140625,148.87197875976562,4098500
2021-12-15,164.3800048828125,150.18760681152344,5770100
2021-12-16,165.08999633789062,150.8363037109375,4628100
2021-12-17,163.0500030517578,148.97247314453125,5386400
2021-12-20,161.2899932861328,147.36439514160156,4451800
2021-12-21,163.6999969482422,149.5663299560547,3571300
2021-12-22,164.7100067138672,150.48915100097656,2925900
2021-12-23,165.6300048828125,151.3297119140625,2477100
2021-12-27,167.4199981689453,152.9651641845703,2368700
2021-12-28,167.6999969482422,153.2209930419922,2330100
2021-12-29,168.0800018310547,153.5681915283203,3052300
2021-12-30,167.97000122070312,153.4676513671875,3399400
2021-12-31,167.92999267578125,153.43109130859375,3795700
2022-01-03,168.52000427246094,153.97018432617188,6090400
2022-01-04,170.0,155.3223876953125,3888900
2022-01-05,168.50999450683594,153.96104431152344,4156500
2022-01-06,168.83999633789062,154.2625732421875,4916000
2022-01-07,169.25999450683594,154.6463165283203,3869400
2022-01-10,169.0,154.40872192382812,8364700
2022-01-11,170.3699951171875,155.66046142578125,4040700
2022-01-12,170.50999450683594,155.7883758544922,4931000
2022-01-13,169.80999755859375,155.14881896972656,4776500
2022-01-14,169.52999877929688,154.89295959472656,4386500
2022-01-18,167.05999755859375,152.63624572753906,6340900
2022-01-19,165.58999633789062,151.29315185546875,4739500
2022-01-20,164.02000427246094,149.8587188720703,5958900
2022-01-21,161.72999572753906,147.7664031982422,9690800
2022-01-24,162.0,148.0131072998047,12806300
2022-01-25,161.35000610351562,147.4192352294922,7948000
2022-01-26,160.25,146.41419982910156,7845000
2022-01-27,159.77999877929688,145.9847869873047,5840300
2022-01-28,162.1300048828125,148.13189697265625,5828200
2022-01-31,163.9499969482422,149.79473876953125,4561500
2022-02-01,165.13999938964844,150.88198852539062,3603400
2022-02-02,166.47000122070312,152.09716796875,3921300
2022-02-03,164.69000244140625,150.47085571289062,4959100
2022-02-04,164.74000549316406,150.51654052734375,5687900
2022-02-07,164.89999389648438,150.66273498535156,2563900
2022-02-08,166.02000427246094,151.68605041503906,3850200
2022-02-09,167.88999938964844,153.39454650878906,5735100
2022-02-10,165.63999938964844,151.33885192871094,3407700
2022-02-11,163.83999633789062,149.6942596435547,4964900
2022-02-14,162.60000610351562,148.5613250732422,3164500
2022-02-15,164.47000122070312,150.26986694335938,2927500
2022-02-16,164.75999450683594,150.53482055664062,2762600
2022-02-17,162.2100067138672,148.20497131347656,2315800
2022-02-18,161.5,147.5562744140625,4916900
2022-02-22,160.13999938964844,146.313720703125,4433900
2022-02-23,158.16000366210938,144.504638671875,3488100
2022-02-24,158.36000061035156,144.6873779296875,7496800
2022-02-25,162.85000610351562,148.78973388671875,3155200
2022-02-28,161.97999572753906,147.99481201171875,4289500
2022-03-01,159.47999572753906,145.710693359375,4450900
2022-03-02,162.6199951171875,148.57957458496094,3294400
2022-03-03,162.74000549316406,148.68922424316406,2876400
2022-03-04,162.13999938964844,148.14105224609375,3191300
2022-03-07,158.42999267578125,144.7513427734375,3387300
2022-03-08,157.14999389648438,143.5818328857422,5714200
2022-03-09,159.9600067138672,146.1492462158203,3354900
2022-03-10,159.7899932861328,145.99392700195312,1817800
2022-03-11,158.52000427246094,144.83360290527344,1934000
2022-03-14,158.35000610351562,144.67825317382812,2404500
2022-03-15,160.33999633789062,146.49642944335938,4006300
2022-03-16,162.88999938964844,148.82627868652344,2100100
2022-03-17,164.82000732421875,150.58966064453125,1437500
2022-03-18,165.39999389648438,151.11959838867188,5480900
2022-03-21,165.72999572753906,151.4210662841797,4700900
2022-03-22,166.77999877929688,152.38040161132812,3132000
2022-03-23,164.86000061035156,150.6261749267578,1976300
2022-03-24,165.80999755859375,152.14198303222656,1927200
2022-03-25,167.38999938964844,153.59176635742188,2533200
2022-03-28,167.27999877929688,153.49082946777344,2875400
2022-03-29,168.88999938964844,154.9680938720703,1761100
2022-03-30,168.4499969482422,154.5643768310547,4307000
2022-03-31,165.97999572753906,152.2979736328125,3641800
2022-04-01,166.63999938964844,152.90359497070312,2328700
2022-04-04,166.3800048828125,152.66502380371094,1699000
2022-04-05,165.22999572753906,151.60980224609375,1942100
2022-04-06,165.33999633789062,151.71075439453125,3384100
2022-04-07,166.07000732421875,152.3805694580078,2579400
2022-04-08,166.97000122070312,153.20640563964844,2089000
2022-04-11,165.38999938964844,151.7566375732422,3121300
2022-04-12,164.8699951171875,151.2794952392578,1746500
2022-04-13,166.13999938964844,152.44480895996094,1600200
2022-04-14,165.22999572753906,151.60980224609375,2182200
2022-04-18,165.0500030517578,151.44464111328125,2834700
2022-04-19,167.22000122070312,153.43577575683594,3418100
2022-04-20,168.41000366210938,154.52769470214844,2281200
2022-04-21,166.24000549316406,152.53656005859375,2103800
2022-04-22,161.91000366210938,148.5635223388672,3135000
2022-04-25,161.9600067138672,148.60939025878906,4237500
2022-04-26,158.6699981689453,145.59059143066406,2527900
2022-04-27,158.77000427246094,145.68234252929688,2753800
2022-04-28,161.27000427246094,147.9762420654297,3828500
2022-04-29,156.42999267578125,143.5352020263672,2888200
2022-05-02,156.5,143.59945678710938,4966400
2022-05-03,157.85000610351562,144.83819580078125,2913200
2022-05-04,162.0,148.6460418701172,2944900
2022-05-05,158.00999450683594,144.98497009277344,3229600
2022-05-06,157.55999755859375,144.57205200195312,3271100
2022-05-09,153.16000366210938,140.5347442626953,3398500
2022-05-10,152.67999267578125,140.09432983398438,4308600
2022-05-11,151.74000549316406,139.2318115234375,5056000
2022-05-12,151.9600067138672,139.43368530273438,4007300
2022-05-13,154.61000061035156,141.86521911621094,5165800
2022-05-16,154.72999572753906,141.97537231445312,2754500
2022-05-17,157.39999389648438,144.42527770996094,2723600
2022-05-18,152.32000732421875,139.76402282714844,2615700
2022-05-19,151.39999389648438,138.91983032226562,4516100
2022-05-20,151.8000030517578,139.28688049316406,2950900
2022-05-23,154.49000549316406,141.75514221191406,3057600
2022-05-24,154.64999389648438,141.9019317626953,2376300
2022-05-25,155.72000122070312,142.88372802734375,1985300
2022-05-26,158.02000427246094,144.994140625,1880000
2022-05-27,160.88999938964844,147.6275634765625,1622100
2022-05-31,159.52999877929688,146.37966918945312,4520000
2022-06-01,158.3300018310547,145.2786102294922,2908400
2022-06-02,160.19000244140625,146.98529052734375,2078900
2022-06-03,158.6699981689453,145.59059143066406,2134400
2022-06-06,158.99000549316406,145.88417053222656,2320300
2022-06-07,160.74000549316406,147.4899139404297,1649800
2022-06-08,158.6699981689453,145.59059143066406,1739400
2022-06-09,154.5399932861328,142.3788604736328,2098900
2022-06-10,151.02000427246094,139.13589477539062,4232100
2022-06-13,145.58999633789062,134.1331787109375,4350800
2022-06-14,144.55999755859375,133.18423461914062,3629400
2022-06-15,145.66000366210938,134.19769287109375,2888800
2022-06-16,141.49000549316406,130.3558349609375,3434400
2022-06-17,140.99000549316406,129.89517211914062,3132300
2022-06-21,144.25999450683594,132.90785217285156,4260300
2022-06-22,144.02000427246094,132.6867218017578,2708600
2022-06-23,144.6300048828125,133.24874877929688,3376800
2022-06-24,148.52000427246094,136.83261108398438,5165700
2022-06-27,148.5399932861328,136.8510284423828,2683400
2022-06-28,146.64999389648438,135.10977172851562,3722100
2022-06-29,145.97000122070312,134.4832763671875,3171700
2022-06-30,144.97000122070312,133.5619659423828,6050200
2022-07-01,146.77999877929688,135.22955322265625,2079400
2022-07-05,145.9199981689453,134.43722534179688,3285800
2022-07-06,145.7899932861328,134.31747436523438,2445600
2022-07-07,147.6999969482422,136.07711791992188,2167700
2022-07-08,147.3300018310547,135.7362823486328,2038100
2022-07-11,146.1300048828125,134.6306915283203,1959700
2022-07-12,145.3699951171875,133.93048095703125,2209300
2022-07-13,144.47999572753906,133.1105194091797,2629300
2022-07-14,143.00999450683594,131.75621032714844,2582400
2022-07-15,146.0399932861328,134.54776000976562,2416900
2022-07-18,145.3300018310547,133.89366149902344,2897900
2022-07-19,149.1199951171875,137.38539123535156,1695200
2022-07-20,149.6300048828125,137.85528564453125,1902400
2022-07-21,150.4600067138672,138.6199493408203,2280900
2022-07-22,149.5399932861328,137.7723388671875,1564700
2022-07-25,150.1999969482422,138.38040161132812,2007500
2022-07-26,149.16000366210938,137.4222412109375,1911400
2022-07-27,151.67999267578125,139.7439422607422,1536500
2022-07-28,153.16000366210938,141.1074676513672,3598900
2022-07-29,154.52999877929688,142.36968994140625,1780400
2022-08-01,154.13999938964844,142.01034545898438,4046200
2022-08-02,153.02000427246094,140.97850036621094,1705200
2022-08-03,154.61000061035156,142.443359375,1395600
2022-08-04,153.8800048828125,141.7707977294922,1043600
2022-08-05,154.19000244140625,142.05642700195312,1589700
2022-08-08,154.50999450683594,142.35125732421875,2139500
2022-08-09,154.36000061035156,142.21304321289062,2497200
2022-08-10,157.19000244140625,144.82034301757812,1765000
2022-08-11,157.88999938964844,145.4652557373047,1389200
2022-08-12,160.25,147.63954162597656,1743800
2022-08-15,160.47999572753906,147.85142517089844,2480900
2022-08-16,161.14999389648438,148.46871948242188,1766500
2022-08-17,159.75,147.17889404296875,1282500
2022-08-18,160.16000366210938,147.556640625,1014600
2022-08-19,158.3300018310547,145.8706512451172,1384000
2022-08-22,155.35000610351562,143.12513732910156,2939600
2022-08-23,155.05999755859375,142.85797119140625,869000
2022-08-24,155.75,143.49368286132812,1669200
2022-08-25,157.8699951171875,145.44683837890625,1097100
2022-08-26,153.36000061035156,141.291748046875,1545800
2022-08-29,152.77000427246094,140.7481689453125,3808700
2022-08-30,150.97000122070312,139.08981323242188,1769400
2022-08-31,149.9600067138672,138.1593017578125,1514700
2022-09-01,150.3300018310547,138.5001983642578,2987200
2022-09-02,149.0800018310547,137.34857177734375,2135000
2022-09-06,148.47000122070312,136.78656005859375,2347500
2022-09-07,151.02999877929688,139.14511108398438,1913400
2022-09-08,152.4600067138672,140.46255493164062,1664400
2022-09-09,154.58999633789062,142.42495727539062,1478900
2022-09-12,155.9600067138672,143.68714904785156,1743200
2022-09-13,150.22000122070312,138.39881896972656,1897500
2022-09-14,150.4600067138672,138.6199493408203,1732300
2022-09-15,149.4499969482422,137.68942260742188,4132700
2022-09-16,148.02999877929688,136.3811492919922,1723600
2022-09-19,148.97999572753906,137.25640869140625,2369700
2022-09-20,146.8300018310547,135.2755889892578,1701100
2022-09-21,144.38999938964844,133.02760314941406,2266800
2022-09-22,143.0800018310547,131.82070922851562,2134100
2022-09-23,140.3300018310547,129.287109375,3117900
2022-09-26,137.2899932861328,127.3328857421875,3243500
2022-09-27,136.72000122070312,126.80426025390625,5087700
2022-09-28,139.85000610351562,129.70726013183594,5954500
2022-09-29,137.44000244140625,127.47203826904297,4771300
2022-09-30,135.99000549316406,126.12718200683594,4677500
2022-10-03,139.72999572753906,129.59593200683594,3209500
2022-10-04,144.14999389648438,133.69534301757812,3149600
2022-10-05,143.63999938964844,133.22235107421875,1757000
2022-10-06,142.02000427246094,131.71986389160156,2608900
2022-10-07,138.85000610351562,128.77981567382812,2083300
2022-10-10,137.99000549316406,127.98214721679688,2531200
2022-10-11,137.4199981689453,127.45350646972656,2941500
2022-10-12,136.77999877929688,126.8598861694336,2367400
2022-10-13,140.5800018310547,130.38430786132812,3821600
2022-10-14,137.99000549316406,127.98214721679688,2613900
2022-10-17,140.9499969482422,130.72744750976562,4599000
2022-10-18,142.8300018310547,132.4711151123047,2588500
2022-10-19,141.50999450683594,131.24685668945312,2155000
2022-10-20,140.17999267578125,130.01327514648438,2133100
2022-10-21,143.2899932861328,132.89773559570312,2063100
2022-10-24,144.75999450683594,134.26113891601562,3019400
2022-10-25,147.02000427246094,136.3572540283203,3006300
2022-10-26,147.49000549316406,136.79315185546875,2189900
2022-10-27,147.30999755859375,136.626220703125,2569400
2022-10-28,150.47000122070312,139.55702209472656,6363100
2022-10-31,149.74000549316406,138.8799591064453,8196600
2022-11-01,150.05999755859375,139.17672729492188,2163400
2022-11-02,147.17999267578125,136.50564575195312,3271300
2022-11-03,146.5800018310547,135.94915771484375,3410500
2022-11-04,148.75999450683594,137.9710235595703,3004900
2022-11-07,150.02000427246094,139.13963317871094,4002500
2022-11-08,150.75,139.81671142578125,2456500
2022-11-09,148.0,137.2661590576172,2042300
2022-11-10,154.5,143.2947540283203,2953500
2022-11-11,155.58999633789062,144.30569458007812,3283600
2022-11-14,154.38999938964844,143.19271850585938,5227200
2022-11-15,155.52000427246094,144.2407684326172,2495500
2022-11-16,154.27999877929688,143.0906982421875,2451000
2022-11-17,153.74000549316406,142.58987426757812,2217400
2022-11-18,154.75,143.52659606933594,2201900
2022-11-21,154.74000549316406,143.5173797607422,3189200
2022-11-22,156.77000427246094,145.40011596679688,2499900
2022-11-23,157.25999450683594,145.8545684814453,2328000
2022-11-25,157.7100067138672,146.27194213867188,1425900
2022-11-28,155.17999267578125,143.92538452148438,3066400
2022-11-29,155.67999267578125,144.38916015625,1694700
2022-11-30,158.99000549316406,147.45909118652344,3026900
2022-12-01,158.97000122070312,147.44056701660156,3089000
2022-12-02,158.85000610351562,147.3292694091797,2564200
2022-12-05,155.77000427246094,144.47267150878906,3392900
2022-12-06,153.9600067138672,142.79391479492188,2815700
2022-12-07,153.8800048828125,142.71971130371094,3126400
2022-12-08,154.6999969482422,143.48020935058594,3306000
2022-12-09,153.5399932861328,142.4043731689453,2802400
2022-12-12,155.66000366210938,144.37060546875,3792400
2022-12-13,155.69000244140625,145.30859375,3394300
2022-12-14,154.9600067138672,144.62730407714844,4778500
2022-12-15,151.85000610351562,141.7246551513672,3237400
2022-12-16,150.13999938964844,140.12867736816406,4604200
2022-12-19,149.14999389648438,139.20468139648438,5003000
2022-12-20,149.6199951171875,139.64334106445312,2486300
2022-12-21,151.74000549316406,141.62200927734375,3333300
2022-12-22,150.3300018310547,140.3060302734375,3407600
2022-12-23,151.38999938964844,141.2953338623047,2754200
2022-12-27,151.5800018310547,141.47267150878906,2684900
2022-12-28,149.85000610351562,139.85801696777344,3734200
2022-12-29,152.0,141.86463928222656,2163700
2022-12-30,151.64999389648438,141.5379638671875,2609200
2023-01-03,151.60000610351562,141.49134826660156,3794500
2023-01-04,153.3800048828125,143.15264892578125,1970100
2023-01-05,152.27000427246094,142.11666870117188,2531200
2023-01-06,155.42999267578125,145.06594848632812,2911100
2023-01-09,154.8000030517578,144.4779815673828,4605800
2023-01-10,155.9199981689453,145.5232696533203,2032000
2023-01-11,157.2899932861328,146.8019256591797,1604400
2023-01-12,158.02999877929688,147.49256896972656,2497800
2023-01-13,158.47999572753906,147.91258239746094,2340300
2023-01-17,157.7100067138672,147.1939239501953,6155300
2023-01-18,154.91000366210938,144.58059692382812,4737300
2023-01-19,153.8800048828125,143.6192626953125,3060600
2023-01-20,156.0399932861328,145.63526916503906,2413300
2023-01-23,157.57000732421875,147.0632781982422,4138700
2023-01-24,157.39999389648438,146.90457153320312,2208100
2023-01-25,157.72000122070312,147.20323181152344,2438000
2023-01-26,158.94000244140625,148.34193420410156,1446400
2023-01-27,158.80999755859375,148.2205352783203,2014700
2023-01-30,157.27000427246094,146.78326416015625,3874400
2023-01-31,159.4499969482422,148.81785583496094,2471000
2023-02-01,160.39999389648438,149.7045135498047,2407500
2023-02-02,161.55999755859375,150.7871856689453,1660100
2023-02-03,160.1999969482422,149.5178680419922,2567200
2023-02-06,159.24000549316406,148.62185668945312,1009700
2023-02-07,160.72000122070312,150.00320434570312,1694800
2023-02-08,159.3000030517578,148.6779022216797,1266100
2023-02-09,157.57000732421875,147.0632781982422,1348100
2023-02-10,158.6199951171875,148.04322814941406,2288600
2023-02-13,160.0500030517578,149.3778533935547,1516200
2023-02-14,159.55999755859375,148.92056274414062,1341400
2023-02-15,159.9499969482422,149.2845458984375,1402800
2023-02-16,158.36000061035156,147.80055236816406,1083300
2023-02-17,158.2100067138672,147.66055297851562,977900
2023-02-21,155.33999633789062,144.98193359375,1183500
2023-02-22,154.99000549316406,144.6552734375,1644900
2023-02-23,155.30999755859375,144.9539337158203,1354700
2023-02-24,154.35000610351562,144.05795288085938,1236800
2023-02-27,154.30999755859375,144.02061462402344,1765800
2023-02-28,153.8300018310547,143.5726318359375,1816400
2023-03-01,153.52999877929688,143.29263305664062,1185200
2023-03-02,154.60000610351562,144.2913055419922,1932400
2023-03-03,156.74000549316406,146.28858947753906,1907100
2023-03-06,156.41000366210938,145.9805908203125,935900
2023-03-07,153.72999572753906,143.4793243408203,1255000
2023-03-08,153.6699981689453,143.42327880859375,1228000
2023-03-09,150.4199981689453,140.38999938964844,1518600
2023-03-10,148.07000732421875,138.1967010498047,3410900
2023-03-13,146.5399932861328,136.7687530517578,3144000
2023-03-14,148.69000244140625,138.77537536621094,2381500
2023-03-15,146.58999633789062,136.8153839111328,3032500
2023-03-16,148.33999633789062,138.4486846923828,6814200
2023-03-17,145.64999389648438,135.9380645751953,1716300
2023-03-20,147.5800018310547,137.73936462402344,3457500
2023-03-21,149.52999877929688,139.55934143066406,2998300
2023-03-22,146.5500030517578,136.77804565429688,3014700
2023-03-23,145.1999969482422,136.22731018066406,1568100
2023-03-24,146.3800048828125,137.33444213867188,1383200
2023-03-27,147.55999755859375,138.4414825439453,1555400
2023-03-28,147.72000122070312,138.59161376953125,1317100
2023-03-29,149.72999572753906,140.47738647460938,1266700
2023-03-30,150.39999389648438,141.10598754882812,1834700
2023-03-31,152.25999450683594,142.8510284423828,2015800
2023-04-03,153.08999633789062,143.62974548339844,1576300
2023-04-04,151.86000061035156,142.47579956054688,1177500
2023-04-05,152.27999877929688,142.86981201171875,1913500
2023-04-06,152.44000244140625,143.01992797851562,1266400
2023-04-10,152.97999572753906,143.52655029296875,1183600
2023-04-11,153.66000366210938,144.16453552246094,923600
2023-04-12,153.22000122070312,143.75172424316406,1207500
2023-04-13,154.4600067138672,144.91513061523438,1054900
2023-04-14,154.30999755859375,144.77438354492188,1071500
2023-04-17,155.0500030517578,145.4686737060547,5085000
2023-04-18,155.11000061035156,145.52491760253906,1140000
2023-04-19,155.10000610351562,145.5155487060547,1129200
2023-04-20,154.0399932861328,144.52105712890625,2141400
2023-04-21,154.1300048828125,144.60548400878906,979600
2023-04-24,154.44000244140625,144.89634704589844,1454800
2023-04-25,152.25999450683594,142.8510284423828,1302400
2023-04-26,150.50999450683594,141.20919799804688,1425400
2023-04-27,153.16000366210938,143.6954345703125,1818800
2023-04-28,154.6300048828125,145.07460021972656,1835700
2023-05-01,154.5399932861328,144.99014282226562,1011600
2023-05-02,152.17999267578125,142.77598571777344,1561300
2023-05-03,150.9499969482422,141.6220245361328,1168500
2023-05-04,149.52999877929688,140.2897491455078,1403200
2023-05-05,151.92999267578125,142.5414581298828,1019000
2023-05-08,152.0,142.6071319580078,1270200
2023-05-09,151.38999938964844,142.03482055664062,1173100
2023-05-10,151.25,141.90347290039062,1615900
2023-05-11,150.47999572753906,141.1810760498047,1142800
2023-05-12,150.36000061035156,141.06846618652344,979100
2023-05-15,151.05999755859375,141.72520446777344,1172700
2023-05-16,149.1699981689453,139.95201110839844,997300
2023-05-17,151.02000427246094,141.6876983642578,1646100
2023-05-18,151.8000030517578,142.41949462890625,1931000
2023-05-19,151.63999938964844,142.26934814453125,1830000
2023-05-22,151.7899932861328,142.4100799560547,1464000
2023-05-23,150.6999969482422,141.38746643066406,1104400
2023-05-24,149.32000732421875,140.0927276611328,2180600
2023-05-25,148.5500030517578,139.37030029296875,1291000
2023-05-26,149.7100067138672,140.45864868164062,1063200
2023-05-30,149.42999267578125,140.19590759277344,2305100
2023-05-31,148.6199951171875,139.43597412109375,2503100
2023-06-01,149.8000030517578,140.54306030273438,1608000
2023-06-02,152.61000061035156,143.17941284179688,1777800
2023-06-05,152.0800018310547,142.68222045898438,1172800
2023-06-06,153.00999450683594,143.55470275878906,1049800
2023-06-07,153.64999389648438,144.74826049804688,1412600
2023-06-08,153.82000732421875,144.90846252441406,1028800
2023-06-09,153.6300048828125,144.72947692871094,2111900
2023-06-12,154.14999389648438,145.21934509277344,1175300
2023-06-13,155.4199981689453,146.41575622558594,3770100
2023-06-14,154.9600067138672,145.98243713378906,1774400
2023-06-15,156.89999389648438,147.80999755859375,1842800
2023-06-16,156.6300048828125,147.5556640625,1237000
2023-06-20,155.32000732421875,146.32154846191406,1390500
2023-06-21,155.02000427246094,146.0389404296875,1338400
2023-06-22,154.47000122070312,145.52078247070312,2132500
2023-06-23,153.47999572753906,144.5881805419922,1986100
2023-06-26,154.16000366210938,145.22874450683594,1441100
2023-06-27,155.44000244140625,146.4346160888672,967000
2023-06-28,155.3000030517578,146.30270385742188,1288000
2023-06-29,156.52000427246094,147.45204162597656,1597600
2023-06-30,157.8300018310547,148.68614196777344,1923900
2023-07-03,158.42999267578125,149.2513885498047,808100
2023-07-05,157.6300048828125,148.4977264404297,1317800
2023-07-06,155.9499969482422,146.91505432128906,1606400
2023-07-07,156.13999938964844,147.09405517578125,1076500
2023-07-10,157.17999267578125,148.0737762451172,1267300
2023-07-11,158.86000061035156,149.65646362304688,1564800
2023-07-12,159.52999877929688,150.28765869140625,1804400
2023-07-13,160.2100067138672,150.92825317382812,1319500
2023-07-14,159.0800018310547,149.86370849609375,3131900
2023-07-17,159.17999267578125,149.9579315185547,1297900
2023-07-18,160.25999450683594,150.97532653808594,1199700
2023-07-19,161.13999938964844,151.80433654785156,2493000
2023-07-20,162.02999877929688,152.642822265625,990900
2023-07-21,162.47000122070312,153.0572967529297,2653800
2023-07-24,163.14999389648438,153.6979217529297,1126100
2023-07-25,163.07000732421875,153.62255859375,1235700
2023-07-26,163.55999755859375,154.08416748046875,1274400
2023-07-27,162.17999267578125,152.78411865234375,1323300
2023-07-28,162.8800048828125,153.44357299804688,916000
2023-07-31,163.38999938964844,153.9240264892578,1765400
2023-08-01,162.83999633789062,153.40586853027344,866100
2023-08-02,161.47999572753906,152.12466430664062,1416600
2023-08-03,160.94000244140625,151.61595153808594,1219000
2023-08-04,160.36000061035156,151.06956481933594,1432500
2023-08-07,161.80999755859375,152.43553161621094,1069700
2023-08-08,161.08999633789062,151.7572479248047,1003100
2023-08-09,160.60000610351562,151.29563903808594,978200
2023-08-10,160.39999389648438,151.1072235107422,1213700
2023-08-11,160.85000610351562,151.53115844726562,1299400
2023-08-14,160.74000549316406,151.42755126953125,1142500
2023-08-15,158.60000610351562,149.41152954101562,1944100
2023-08-16,157.50999450683594,148.3846435546875,1425100
2023-08-17,156.77999877929688,147.69696044921875,1665600
2023-08-18,157.05999755859375,147.9607391357422,2235200
2023-08-21,156.8300018310547,147.7440643310547,1501700
2023-08-22,156.08999633789062,147.0469207763672,1432900
2023-08-23,157.17999267578125,148.0737762451172,1188300
2023-08-24,155.77999877929688,146.75489807128906,1982100
2023-08-25,156.72000122070312,147.6404266357422,1993900
2023-08-28,157.66000366210938,148.52598571777344,1385500
2023-08-29,159.14999389648438,149.9296417236328,1392400
2023-08-30,159.57000732421875,150.32533264160156,1317300
2023-08-31,158.97999572753906,149.76951599121094,1121000
2023-09-01,159.85000610351562,150.58912658691406,984300
2023-09-05,158.00999450683594,148.85569763183594,1268600
2023-09-06,157.49000549316406,148.36582946777344,1054400
2023-09-07,157.3800048828125,148.26222229003906,1672700
2023-09-08,157.5500030517578,148.42236328125,1190800
2023-09-11,157.92999267578125,148.7803192138672,1198000
2023-09-12,158.13999938964844,148.97817993164062,1728900
2023-09-13,157.72000122070312,148.58251953125,1197800
2023-09-14,159.52000427246094,150.27822875976562,1270800
2023-09-15,158.33999633789062,149.16659545898438,4239700
2023-09-18,158.1999969482422,149.03468322753906,1608400
2023-09-19,157.8000030517578,148.6578826904297,1271400
2023-09-20,157.1999969482422,148.0926513671875,1375900
2023-09-21,154.8800048828125,145.9070587158203,1741600
2023-09-22,154.2100067138672,145.27587890625,7298200
2023-09-25,154.66000366210938,145.69979858398438,2377800
2023-09-26,151.72999572753906,143.85665893554688,2025200
2023-09-27,151.75999450683594,143.8850860595703,1975500
2023-09-28,152.52999877929688,144.61514282226562,2392900
2023-09-29,151.82000732421875,143.94200134277344,1812100
2023-10-02,150.1199951171875,142.3302001953125,2814200
2023-10-03,148.5,140.79425048828125,2047900
2023-10-04,148.77999877929688,141.05972290039062,2025300
2023-10-05,148.4600067138672,140.75631713867188,2145200
2023-10-06,149.57000732421875,141.80874633789062,1985600
2023-10-09,150.72999572753906,142.9085693359375,1414200
2023-10-10,151.8800048828125,143.99887084960938,1600400
2023-10-11,151.75,143.87562561035156,1560500
2023-10-12,150.19000244140625,142.39657592773438,1989200
2023-10-13,150.1699981689453,142.37757873535156,2425000
2023-10-16,151.80999755859375,143.93251037597656,5649100
2023-10-17,152.4499969482422,144.539306640625,2124400
2023-10-18,150.41000366210938,142.60516357421875,2032200
2023-10-19,148.94000244140625,141.21142578125,2516100
2023-10-20,147.38999938964844,139.74185180664062,2373200
2023-10-23,146.22999572753906,138.6420440673828,2610900
2023-10-24,147.14999389648438,139.5143280029297,1838000
2023-10-25,145.8800048828125,138.3102264404297,2419400
2023-10-26,145.7100067138672,138.1490478515625,2875000
2023-10-27,143.69000244140625,136.23388671875,3139400
2023-10-30,145.08999633789062,137.5612030029297,2956600
2023-10-31,146.4199981689453,138.8221893310547,2959300
2023-11-01,147.1300048828125,139.49534606933594,3361100
2023-11-02,150.07000732421875,142.28282165527344,2532700
2023-11-03,151.8300018310547,143.95147705078125,2114400
2023-11-06,151.10000610351562,143.25936889648438,3807700
2023-11-07,150.41000366210938,142.60516357421875,2164000
2023-11-08,149.9499969482422,142.1690216064453,1960500
2023-11-09,148.75,141.0312957763672,3252500
2023-11-10,150.2899932861328,142.49139404296875,2237000
2023-11-13,150.22999572753906,142.4344940185547,3307700
2023-11-14,153.5399932861328,145.57273864746094,2858600
2023-11-15,154.36000061035156,146.3501739501953,2738200
2023-11-16,153.85000610351562,145.8666534423828,3132200
2023-11-17,154.63999938964844,146.6156463623047,2997000
2023-11-20,155.19000244140625,147.13711547851562,3729300
2023-11-21,154.97999572753906,146.93801879882812,1977000
2023-11-22,155.63999938964844,147.5637664794922,2197200
2023-11-24,156.1699981689453,148.06625366210938,1489700
2023-11-27,155.8000030517578,147.7154541015625,4714600
2023-11-28,155.67999267578125,147.6016845703125,3826300
2023-11-29,156.13999938964844,148.037841796875,2680000
2023-11-30,157.49000549316406,149.3177947998047,2836000
2023-12-01,159.22000122070312,150.9580078125,3446300
2023-12-04,159.27000427246094,151.0054168701172,4024700
2023-12-05,158.00999450683594,149.81080627441406,3021500
2023-12-06,157.69000244140625,149.5074005126953,3034000
2023-12-07,158.14999389648438,149.94351196289062,2890200
2023-12-08,158.7899932861328,150.55029296875,3410700
2023-12-11,160.0399932861328,151.73544311523438,6841500
2023-12-12,160.02000427246094,151.71652221679688,2323300
2023-12-13,162.82000732421875,154.37120056152344,2851000
2023-12-14,165.08999633789062,156.52340698242188,3116300
2023-12-15,164.0500030517578,155.537353515625,3387800
2023-12-18,164.22000122070312,155.69854736328125,3807300
2023-12-19,165.6999969482422,157.1017303466797,2443900
2023-12-20,161.97999572753906,154.4725341796875,2097300
2023-12-21,163.63999938964844,156.05560302734375,3844900
2023-12-22,164.27999877929688,156.6659393310547,2599800
2023-12-26,165.22000122070312,157.5623321533203,2949400
2023-12-27,165.4600067138672,157.79124450683594,2524600
2023-12-28,165.6999969482422,158.02011108398438,2260400
2023-12-29,165.25,157.5909423828125,3275800
2024-01-02,165.8300018310547,158.1441192626953,7014100
2024-01-03,164.3300018310547,156.71360778808594,3177800
2024-01-04,164.0800018310547,156.4752197265625,3380800
2024-01-05,164.57000732421875,156.94248962402344,3267000
2024-01-08,165.77000427246094,158.08688354492188,4554600
2024-01-09,164.80999755859375,157.17137145996094,1841400
2024-01-10,164.77999877929688,157.14276123046875,1927300
2024-01-11,164.1699981689453,156.56103515625,4309700
2024-01-12,164.10000610351562,156.4942626953125,2386800
2024-01-16,162.9199981689453,155.3689422607422,4622600
2024-01-17,161.83999633789062,154.3390350341797,1844400
2024-01-18,162.3699951171875,154.84446716308594,2849800
2024-01-19,163.77999877929688,156.18910217285156,2468300
2024-01-22,164.39999389648438,156.7803497314453,3399700
2024-01-23,164.72000122070312,157.08554077148438,1274400
2024-01-24,164.02999877929688,156.42752075195312,1659800
2024-01-25,165.7100067138672,158.0296630859375,1384100
2024-01-26,165.7899932861328,158.10594177246094,1704200
2024-01-29,166.60000610351562,158.87843322753906,2490700
2024-01-30,167.10000610351562,159.35525512695312,1202600
2024-01-31,165.35000610351562,157.6863555908203,1774300
2024-02-01,166.92999267578125,159.1930694580078,1809400
2024-02-02,166.77000427246094,159.04052734375,3315900
2024-02-05,165.2100067138672,157.5528564453125,1775900
2024-02-06,166.1999969482422,158.49693298339844,1066500
2024-02-07,166.63999938964844,158.91653442382812,936400
2024-02-08,166.8800048828125,159.1454315185547,1409600
2024-02-09,166.99000549316406,159.25033569335938,1374700
2024-02-12,168.07000732421875,160.28030395507812,1605300
2024-02-13,165.52999877929688,157.85800170898438,2147100
2024-02-14,166.8699951171875,159.13587951660156,2991200
2024-02-15,169.05999755859375,161.2244110107422,3218400
2024-02-16,168.58999633789062,160.77615356445312,3523000
2024-02-20,168.3699951171875,160.56634521484375,2353400
2024-02-21,169.14999389648438,161.31021118164062,1162800
2024-02-22,170.50999450683594,162.60720825195312,1948400
2024-02-23,170.97000122070312,163.0458526611328,2514800
2024-02-26,170.19000244140625,162.302001953125,1432600
2024-02-27,170.66000366210938,162.75022888183594,852800
2024-02-28,170.75,162.8360595703125,1530700
2024-02-29,171.25999450683594,163.32241821289062,1952400
2024-03-01,172.14999389648438,164.17115783691406,1401200
2024-03-04,172.72000122070312,164.71475219726562,2013500
2024-03-05,172.13999938964844,164.16163635253906,1274500
2024-03-06,173.13999938964844,165.11529541015625,3655700
2024-03-07,174.07000732421875,166.00216674804688,1604000
2024-03-08,174.05999755859375,165.99261474609375,1736900
2024-03-11,174.58999633789062,166.4980926513672,1725700
2024-03-12,175.00999450683594,166.8986053466797,1339400
2024-03-13,175.3000030517578,167.17518615722656,1325800
2024-03-14,173.9199981689453,165.859130859375,3236600
2024-03-15,173.85000610351562,165.79237365722656,1995700
2024-03-18,174.22000122070312,166.1452178955078,1402400
2024-03-19,175.05999755859375,166.94627380371094,1343700
2024-03-20,176.60000610351562,168.41493225097656,1701700
2024-03-21,176.97999572753906,169.5164337158203,1351900
2024-03-22,175.99000549316406,168.5681915283203,1125200
2024-03-25,175.77999877929688,168.3670196533203,2038600
2024-03-26,175.64999389648438,168.2425079345703,1180400
2024-03-27,178.5399932861328,171.01065063476562,2186800
2024-03-28,179.11000061035156,171.5565948486328,2190800
2024-04-01,178.24000549316406,170.7232666015625,1813400
2024-04-02,177.1199951171875,169.65052795410156,2039800
2024-04-03,177.27999877929688,169.8037567138672,1423300
2024-04-04,175.5399932861328,168.1371307373047,1333400
2024-04-05,176.75,169.2960968017578,3505800
2024-04-08,177.02000427246094,169.5547332763672,1323900
2024-04-09,177.3000030517578,169.82293701171875,1516300
2024-04-10,174.77000427246094,167.39962768554688,1816300
2024-04-11,174.52000427246094,167.16015625,1978300
2024-04-12,171.8300018310547,164.58360290527344,1803700
2024-04-15,170.6199951171875,163.4246368408203,4558300
2024-04-16,169.6999969482422,162.5434112548828,3123600
2024-04-17,169.39999389648438,162.25607299804688,1641500
2024-04-18,169.57000732421875,162.41891479492188,1232900
2024-04-19,170.5500030517578,163.3575897216797,4689100
2024-04-22,171.97999572753906,164.72726440429688,1340400
2024-04-23,173.66000366210938,166.33644104003906,1765800
2024-04-24,173.6199951171875,166.2981414794922,1588100
2024-04-25,173.1999969482422,165.89581298828125,1129000
2024-04-26,173.0500030517578,165.7521514892578,1773200
2024-04-29,173.85000610351562,166.51841735839844,1402800
2024-04-30,171.5,164.2675323486328,1559900
2024-05-01,171.22999572753906,164.00889587402344,1371300
2024-05-02,172.10000610351562,164.8422393798828,1227600
2024-05-03,173.1199951171875,165.81918334960938,970200
2024-05-06,174.47000122070312,167.1122589111328,1025800
2024-05-07,174.8699951171875,167.4954071044922,786900
2024-05-08,175.0500030517578,167.66781616210938,1000500
2024-05-09,176.6300048828125,169.1811981201172,919800
2024-05-10,176.88999938964844,169.4302215576172,999500
2024-05-13,176.6999969482422,169.24819946289062,908900
2024-05-14,177.4199981689453,169.9378662109375,1565200
2024-05-15,178.75999450683594,171.22132873535156,1121200
2024-05-16,178.55999755859375,171.02978515625,1911400
2024-05-17,179.0500030517578,171.4991455078125,1322000
2024-05-20,178.42999267578125,170.9052734375,834200
2024-05-21,178.69000244140625,171.154296875,1000200
2024-05-22,178.1300048828125,170.617919921875,721700
2024-05-23,175.55999755859375,168.1562957763672,1067400
2024-05-24,176.5399932861328,169.094970703125,1051900
2024-05-28,175.42999267578125,168.0317840576172,1009300
2024-05-29,173.4499969482422,166.13528442382812,982700
2024-05-30,174.3800048828125,167.0260772705078,1411900
2024-05-31,177.16000366210938,169.68885803222656,1555200
2024-06-03,176.00999450683594,168.58731079101562,1233600
2024-06-04,175.30999755859375,167.9168243408203,1172300
2024-06-05,176.11000061035156,168.68312072753906,1265400
2024-06-06,175.82000732421875,168.4053497314453,1217600
2024-06-07,175.47000122070312,168.0701141357422,796300
2024-06-10,175.9199981689453,168.50112915039062,1313200
2024-06-11,174.05999755859375,167.38465881347656,1428700
2024-06-12,174.35000610351562,167.66355895996094,1178400
2024-06-13,173.75999450683594,167.09616088867188,1392300
2024-06-14,172.7899932861328,166.16334533691406,1490900
2024-06-17,173.6999969482422,167.03846740722656,1777300
2024-06-18,174.3699951171875,167.68276977539062,5457100
2024-06-20,174.8800048828125,168.1732177734375,1236700
2024-06-21,174.86000061035156,168.15399169921875,1671000
2024-06-24,176.30999755859375,169.54835510253906,1501000
2024-06-25,175.02000427246094,168.30783081054688,1046200
2024-06-26,174.2899932861328,167.60585021972656,897800
2024-06-27,174.32000732421875,167.6346893310547,781700
2024-06-28,174.47000122070312,167.77891540527344,2389400
2024-07-01,173.36000061035156,166.7115020751953,1628100
2024-07-02,174.0399932861328,167.36544799804688,1223000
2024-07-03,174.0500030517578,167.37503051757812,761600
2024-07-05,173.7899932861328,167.125,1358800
2024-07-08,173.99000549316406,167.31735229492188,1249000
2024-07-09,173.9600067138672,167.28848266601562,1011000
2024-07-10,175.61000061035156,168.8751983642578,1029400
2024-07-11,177.5399932861328,170.73118591308594,1413700
2024-07-12,178.6699981689453,171.81787109375,937900
2024-07-15,179.30999755859375,172.43328857421875,1614400
2024-07-16,182.38999938964844,175.39520263671875,1259100
2024-07-17,182.7899932861328,175.7798614501953,1456300
2024-07-18,181.0399932861328,174.0969696044922,1215400
2024-07-19,179.83999633789062,172.94296264648438,4756000
2024-07-22,180.7899932861328,173.85655212402344,1755600
2024-07-23,180.05999755859375,173.15455627441406,1325800
2024-07-24,178.82000732421875,171.96209716796875,1592200
2024-07-25,179.52999877929688,172.6448516845703,1832000
2024-07-26,182.02000427246094,175.0393829345703,1103100
2024-07-29,181.94000244140625,174.9624481201172,963300
2024-07-30,183.0,175.98179626464844,1342900
2024-07-31,183.38999938964844,176.3568572998047,2642700
2024-08-01,181.4600067138672,174.5008544921875,2107700
2024-08-02,178.36000061035156,171.5197296142578,2321300
2024-08-05,174.07000732421875,167.39427185058594,3738700
2024-08-06,175.52999877929688,168.7982940673828,2461900
2024-08-07,174.8000030517578,168.09628295898438,1229500
2024-08-08,177.77000427246094,170.95237731933594,2286800
2024-08-09,177.9499969482422,171.12545776367188,1087400
2024-08-12,177.17999267578125,170.385009765625,2118200
2024-08-13,178.88999938964844,172.02943420410156,1115800
2024-08-14,179.57000732421875,172.68333435058594,1076500
2024-08-15,181.80999755859375,174.83743286132812,1633800
2024-08-16,182.33999633789062,175.3470916748047,1404500
2024-08-19,183.72999572753906,176.68380737304688,1442400
2024-08-20,182.9499969482422,175.93370056152344,963200
2024-08-21,183.9199981689453,176.8665313720703,1098100
2024-08-22,183.5,176.462646484375,1033400
2024-08-23,185.86000061035156,178.73211669921875,1451700
2024-08-26,186.10000610351562,178.96290588378906,1359500
2024-08-27,186.1300048828125,178.9917755126953,1004200
2024-08-28,185.7899932861328,178.66477966308594,910800
2024-08-29,186.75,179.58798217773438,1535900
2024-08-30,188.32000732421875,181.09776306152344,3104900
2024-09-03,185.9600067138672,178.8282928466797,2136900
2024-09-04,185.88999938964844,178.76097106933594,1291800
2024-09-05,184.42999267578125,177.35694885253906,1623700
2024-09-06,182.60000610351562,175.59713745117188,2404900
2024-09-09,184.42999267578125,177.35694885253906,1851200
2024-09-10,184.07000732421875,177.01077270507812,1154900
2024-09-11,183.83999633789062,176.78958129882812,1096900
2024-09-12,184.6699981689453,177.58773803710938,1318700
2024-09-13,186.17999267578125,179.0398406982422,1145500
2024-09-16,187.6199951171875,180.42462158203125,3474300
2024-09-17,187.63999938964844,180.44384765625,1060500
2024-09-18,187.3000030517578,180.11688232421875,1401700
2024-09-19,189.1999969482422,181.9440155029297,1250800
2024-09-20,188.63999938964844,181.40548706054688,1111600
2024-09-23,189.5,182.23252868652344,1352500
2024-09-24,189.58999633789062,182.31907653808594,948600
2024-09-25,187.3000030517578,181.0940399169922,1931000
2024-09-26,188.60000610351562,182.35096740722656,1203300
2024-09-27,189.2899932861328,183.01809692382812,1669900
2024-09-30,189.8000030517578,183.51119995117188,1050600
2024-10-01,189.05999755859375,182.7957305908203,1734200
2024-10-02,189.0399932861328,182.77639770507812,1855900
2024-10-03,188.24000549316406,182.0028839111328,1969500
2024-10-04,189.6199951171875,183.33718872070312,949600
2024-10-07,188.33999633789062,182.09959411621094,933900
2024-10-08,188.5399932861328,182.29293823242188,792400
2024-10-09,189.8800048828125,183.58856201171875,1353800
2024-10-10,189.25999450683594,182.98907470703125,1043500
2024-10-11,191.39999389648438,185.05819702148438,1464900
2024-10-14,192.6699981689453,186.2860870361328,1009400
2024-10-15,191.88999938964844,185.5319366455078,1122100
2024-10-16,193.39999389648438,186.99192810058594,1441700
2024-10-17,193.17999267578125,186.77920532226562,3347800
2024-10-18,193.64999389648438,187.23362731933594,1203200
2024-10-21,191.91000366210938,185.55130004882812,1055500
2024-10-22,191.32000732421875,184.98085021972656,1116400
2024-10-23,190.9600067138672,184.63278198242188,1911500
2024-10-24,190.5399932861328,184.2266845703125,1047700
2024-10-25,189.27000427246094,182.99876403808594,1386600
2024-10-28,190.39999389648438,184.0913543701172,950700
2024-10-29,189.35000610351562,183.07611083984375,1948000
2024-10-30,189.1300048828125,182.86341857910156,976500
2024-10-31,187.67999267578125,181.46145629882812,1918400
2024-11-01,187.75,181.52914428710938,1732400
2024-11-04,187.5500030517578,181.33575439453125,1926500
2024-11-05,189.55999755859375,183.2791748046875,995400
2024-11-06,194.80999755859375,188.35520935058594,3381000
2024-11-07,194.33999633789062,187.90078735351562,1481300
2024-11-08,195.35000610351562,188.8773193359375,1729500
2024-11-11,196.44000244140625,189.9311981201172,1210800
2024-11-12,194.99000549316406,188.5292510986328,2138400
2024-11-13,195.13999938964844,188.67425537109375,2062100
2024-11-14,193.82000732421875,187.3980255126953,1805900
2024-11-15,193.0500030517578,186.65353393554688,4368700
2024-11-18,193.92999267578125,187.50436401367188,2345100
2024-11-19,193.25999450683594,186.85655212402344,1911500
2024-11-20,193.9199981689453,187.4946746826172,1280900
2024-11-21,196.11000061035156,189.61216735839844,1873700
2024-11-22,197.7100067138672,191.15914916992188,1773300
2024-11-25,199.1699981689453,192.5707550048828,2168100
2024-11-26,199.1199951171875,192.5223846435547,1935800
2024-11-27,199.32000732421875,192.7157745361328,1672000
2024-11-29,199.7899932861328,193.1702117919922,1001300
2024-12-02,198.61000061035156,192.02931213378906,3281600
2024-12-03,197.60000610351562,191.05276489257812,1808900
2024-12-04,197.3699951171875,190.8303985595703,2112000
2024-12-05,196.58999633789062,190.07623291015625,1737500
2024-12-06,195.9199981689453,189.4284210205078,2104900
2024-12-09,194.6999969482422,188.2488555908203,2101700
2024-12-10,193.8000030517578,187.37867736816406,2287100
2024-12-11,193.39999389648438,186.99192810058594,2738900
2024-12-12,192.57000732421875,186.18942260742188,1924400
2024-12-13,192.02999877929688,185.66732788085938,2263100
2024-12-16,191.0800018310547,184.74879455566406,8236400
2024-12-17,188.77000427246094,183.4562530517578,3756300
2024-12-18,183.77999877929688,178.60670471191406,4518900
2024-12-19,183.22999572753906,178.07217407226562,5317000
2024-12-20,185.5399932861328,180.31715393066406,5795300
2024-12-23,185.8300018310547,180.5989990234375,3389600
2024-12-24,187.36000061035156,182.0859375,1822000
2024-12-26,187.67999267578125,182.39691162109375,2308000
2024-12-27,186.50999450683594,181.2598419189453,5183300
2024-12-30,184.64999389648438,179.4522247314453,3012300
2024-12-31,185.1300048828125,179.918701171875,4513700
2025-01-02,184.75999450683594,179.55909729003906,3043100
2025-01-03,186.50999450683594,181.2598419189453,2526400
2025-01-06,186.3000030517578,181.05575561523438,3521400
2025-01-07,186.02000427246094,180.7836456298828,1730800
2025-01-08,186.22999572753906,180.9877166748047,2235000
2025-01-10,183.57000732421875,178.40261840820312,4502400
2025-01-13,185.22000122070312,180.0061492919922,4167900
2025-01-14,186.82000732421875,181.56112670898438,1613900
2025-01-15,188.9600067138672,183.64089965820312,1751300
2025-01-16,190.1300048828125,184.77796936035156,6845400
2025-01-17,191.47999572753906,186.0899200439453,2497400
2025-01-21,193.77999877929688,188.32521057128906,5115200
2025-01-22,192.64999389648438,187.2270050048828,1866000
2025-01-23,193.9499969482422,188.49041748046875,2372100
2025-01-24,193.7899932861328,188.3349151611328,2096600
2025-01-27,194.4499969482422,188.976318359375,4961500
2025-01-28,193.24000549316406,187.80043029785156,1463300
2025-01-29,192.92999267578125,187.49911499023438,1487800
2025-01-30,194.8699951171875,189.38449096679688,2312200
2025-01-31,193.5399932861328,188.0919647216797,2417400
2025-02-03,192.80999755859375,187.38253784179688,2073000
2025-02-04,193.1199951171875,187.68377685546875,1904700
2025-02-05,194.4199981689453,188.9471893310547,1530400
2025-02-06,194.41000366210938,188.93748474121094,1155500
2025-02-07,193.25,187.81011962890625,1373700
2025-02-10,193.69000244140625,188.23773193359375,1316900
2025-02-11,194.11000061035156,188.6459197998047,736400
2025-02-12,193.14999389648438,187.7129364013672,1156800
2025-02-13,194.66000366210938,189.180419921875,1563400
2025-02-14,194.47999572753906,189.0054931640625,1205100
2025-02-18,195.6199951171875,190.1134033203125,1738300
2025-02-19,196.2100067138672,190.6868133544922,1332300
2025-02-20,195.3000030517578,189.8024139404297,924500
2025-02-21,192.63999938964844,187.21730041503906,1458100
2025-02-24,192.8699951171875,187.4407958984375,1154600
2025-02-25,193.11000061035156,187.674072265625,1114000
2025-02-26,192.41000366210938,186.99378967285156,1371600
2025-02-27,191.7899932861328,186.39122009277344,1017900
2025-02-28,194.3699951171875,188.89859008789062,2487700
2025-03-03,192.4600067138672,187.04238891601562,1960500
2025-03-04,188.7100067138672,183.39794921875,2539200
2025-03-05,190.3300018310547,184.9723358154297,1723800
2025-03-06,188.4499969482422,183.14523315429688,2055000
2025-03-07,189.6699981689453,184.33090209960938,1686400
2025-03-10,186.88999938964844,181.62916564941406,2210800
2025-03-11,184.6699981689453,179.4716796875,3050600
2025-03-12,183.97000122070312,178.79135131835938,2149000
2025-03-13,182.82000732421875,177.67372131347656,2099700
2025-03-14,186.1300048828125,180.8905487060547,2103300
2025-03-17,188.60000610351562,183.291015625,1856700
2025-03-18,187.1300048828125,182.63906860351562,2309700
2025-03-19,188.47000122070312,183.94688415527344,9120700
2025-03-20,187.99000549316406,183.47840881347656,1508100
2025-03-21,187.14999389648438,182.6585693359375,3990800
2025-03-24,189.75,185.19615173339844,1625200
2025-03-25,189.33999633789062,184.79600524902344,958600
2025-03-26,189.2899932861328,184.74722290039062,1566600
2025-03-27,188.8300018310547,184.29824829101562,1783300
2025-03-28,186.27000427246094,181.79969787597656,2699300
2025-03-31,188.16000366210938,183.64434814453125,3059200
2025-04-01,187.89999389648438,183.39056396484375,1564000
2025-04-02,189.1300048828125,184.591064453125,2102100
2025-04-03,181.39999389648438,177.0465545654297,3659200
2025-04-04,170.38999938964844,166.30079650878906,5665000
2025-04-07,169.1699981689453,165.1100616455078,6236400
2025-04-08,166.82000732421875,162.8164825439453,4758600
2025-04-09,178.72999572753906,174.44064331054688,4955900
2025-04-10,173.4499969482422,169.287353515625,4498700
2025-04-11,176.1199951171875,171.89328002929688,3724000
2025-04-14,178.27000427246094,173.99169921875,3151600
2025-04-15,177.77000427246094,173.50367736816406,1500300
2025-04-16,175.8000030517578,171.58096313476562,4595100
2025-04-17,176.32000732421875,172.08848571777344,2043400
2025-04-21,172.89999389648438,168.7505645751953,7574400
2025-04-22,177.02000427246094,172.7716827392578,1835200
2025-04-23,178.49000549316406,174.20640563964844,2559400
2025-04-24,180.80999755859375,176.47071838378906,1558200
2025-04-25,180.42999267578125,176.09983825683594,1236400
2025-04-28,181.0500030517578,176.7049560546875,1509900
2025-04-29,182.07000732421875,177.7004852294922,1741800
2025-04-30,182.27000427246094,177.89569091796875,1664000
2025-05-01,182.11000061035156,177.73953247070312,1483000
2025-05-02,184.89999389648438,180.46255493164062,1707200
2025-05-05,184.1199951171875,179.7012939453125,2321100
2025-05-06,182.9199981689453,178.53009033203125,1211700
2025-05-07,183.88999938964844,179.47682189941406,1436200
2025-05-08,185.08999633789062,180.64797973632812,3225700
2025-05-09,185.0500030517578,180.60897827148438,2030100
2025-05-12,188.9499969482422,184.4153594970703,3788700
2025-05-13,188.6199951171875,184.09327697753906,2227500
2025-05-14,187.36000061035156,182.86354064941406,1740400
2025-05-15,189.25999450683594,184.71792602539062,3638200
2025-05-16,191.08999633789062,186.50399780273438,1908300
2025-05-19,191.3000030517578,186.708984375,2570600
2025-05-20,190.97999572753906,186.39663696289062,1552100
2025-05-21,187.19000244140625,182.69761657714844,2162700
2025-05-22,186.66000366210938,182.18031311035156,2925500
2025-05-23,186.27000427246094,181.79969787597656,2223400
2025-05-27,189.32000732421875,184.77650451660156,3682600
2025-05-28,187.8000030517578,183.29295349121094,2495700
2025-05-29,188.5,183.97618103027344,3228000
2025-05-30,188.6199951171875,184.09327697753906,3602100
2025-06-02,188.91000366210938,184.3763427734375,3702200
2025-06-03,190.00999450683594,185.44993591308594,1737100
2025-06-04,189.27000427246094,184.72769165039062,1348100
2025-06-05,188.91000366210938,184.3763427734375,1877000
2025-06-06,190.75999450683594,186.1819305419922,1447400
2025-06-09,190.8300018310547,186.25025939941406,2505100
2025-06-10,191.5500030517578,186.95297241210938,2102800
2025-06-11,191.3000030517578,186.708984375,1648100
2025-06-12,191.74000549316406,187.138427734375,2029100
2025-06-13,189.8300018310547,185.2742462158203,2226100
2025-06-16,190.33999633789062,186.5947265625,5833600
2025-06-17,188.77000427246094,185.05564880371094,1850000
2025-06-18,189.1300048828125,185.40855407714844,1900300
2025-06-20,189.4199981689453,185.69285583496094,1514600
2025-06-23,190.99000549316406,187.23196411132812,2061700
2025-06-24,192.57000732421875,188.78086853027344,1554200
2025-06-25,191.47999572753906,187.71229553222656,1972600
2025-06-26,192.83999633789062,189.04554748535156,1255800
2025-06-27,193.3699951171875,189.56512451171875,5873100
2025-06-30,194.22999572753906,190.408203125,3622200
2025-07-01,196.02999877929688,192.17279052734375,3812600
2025-07-02,196.38999938964844,192.52569580078125,2172000
2025-07-03,197.41000366210938,193.525634765625,1112200
2025-07-07,195.8800048828125,192.02574157714844,2110900
2025-07-08,195.72000122070312,191.86888122558594,1655900
2025-07-09,196.25999450683594,192.39825439453125,1334300
2025-07-10,197.33999633789062,193.45700073242188,1184500
2025-07-11,196.3000030517578,192.43748474121094,1233100
2025-07-14,196.6300048828125,192.760986328125,1454000
2025-07-15,194.1300048828125,190.3101806640625,2119700
2025-07-16,194.82000732421875,190.9866180419922,3168700
2025-07-17,196.00999450683594,192.15318298339844,4140200
2025-07-18,195.8800048828125,192.02574157714844,1282400
2025-07-21,195.8300018310547,191.97671508789062,1844800
2025-07-22,197.5,193.61386108398438,1699500
2025-07-23,199.02999877929688,195.11375427246094,3042400
2025-07-24,198.32000732421875,194.41775512695312,2992200
2025-07-25,199.0800018310547,195.1627655029297,2740000
2025-07-28,198.1999969482422,194.30007934570312,2342800
2025-07-29,198.0500030517578,194.1530303955078,2117600
2025-07-30,197.07000732421875,193.19232177734375,2657400
2025-07-31,195.4199981689453,191.57479858398438,3601300
2025-08-01,192.75999450683594,188.9671173095703,3357700
2025-08-04,194.80999755859375,190.97679138183594,1909400
2025-08-05,194.60000610351562,190.7709197998047,1312900
2025-08-06,194.64999389648438,190.81993103027344,1332700
2025-08-07,194.6699981689453,190.8395538330078,1662300
2025-08-08,195.66000366210938,191.81007385253906,853900
2025-08-11,195.14999389648438,191.3101043701172,1122700
2025-08-12,197.2899932861328,193.40797424316406,1342600
2025-08-13,199.24000549316406,195.31961059570312,1924800
2025-08-14,198.66000366210938,194.75103759765625,1968400
2025-08-15,198.2899932861328,194.3883056640625,1596800
2025-08-18,198.30999755859375,194.40792846679688,1896500
2025-08-19,198.9499969482422,195.0353240966797,1815900
2025-08-20,199.14999389648438,195.2313995361328,2717400
2025-08-21,198.41000366210938,194.50595092773438,2194600
2025-08-22,201.77000427246094,197.7998504638672,2653700
2025-08-25,200.41000366210938,196.4665985107422,3039200
2025-08-26,200.77999877929688,196.82931518554688,1773700
2025-08-27,201.50999450683594,197.54493713378906,2075800
2025-08-28,201.60000610351562,197.63319396972656,2299800
2025-08-29,201.6300048828125,197.66261291503906,2161000
2025-09-02,200.60000610351562,196.6528778076172,3446200
2025-09-03,200.4499969482422,196.5058135986328,1816600
2025-09-04,202.08999633789062,198.113525390625,2165800
2025-09-05,201.58999633789062,197.6233673095703,2822800
2025-09-08,201.50999450683594,197.54493713378906,2428900
2025-09-09,201.74000549316406,197.7704315185547,2516300
2025-09-10,201.22999572753906,197.27047729492188,2872300
2025-09-11,203.86000061035156,199.84872436523438,2882100
2025-09-12,202.6300048828125,198.64292907714844,1809400
2025-09-15,202.5500030517578,198.5644989013672,5265600
2025-09-16,201.49000549316406,198.408935546875,1907400
2025-09-17,202.08999633789062,198.99972534179688,1953800
2025-09-18,203.11000061035156,200.004150390625,1814700
2025-09-19,202.77000427246094,199.6693572998047,2658600
2025-09-22,202.47999572753906,199.38377380371094,2211400
2025-09-23,202.6300048828125,199.531494140625,6067600
2025-09-24,202.22999572753906,199.13760375976562,1494900
2025-09-25,201.2899932861328,198.2119598388672,2108900
2025-09-26,202.97999572753906,199.87612915039062,2301800
2025-09-29,203.22000122070312,200.1124725341797,1874500
2025-09-30,203.58999633789062,200.476806640625,3362600
2025-10-01,203.8699951171875,200.7525177001953,2283100
2025-10-02,204.05999755859375,200.9396209716797,1780200
2025-10-03,204.9600067138672,201.82586669921875,1997000
2025-10-06,205.22000122070312,202.08187866210938,2333200
2025-10-07,204.5399932861328,201.41226196289062,1989300
2025-10-08,204.9499969482422,201.81600952148438,1770700
2025-10-09,203.6999969482422,200.5851287841797,1890100
2025-10-10,199.44000244140625,196.39027404785156,4633400
2025-10-13,201.57000732421875,198.48770141601562,2099700
2025-10-14,203.1199951171875,200.0139923095703,3274000
2025-10-15,203.8699951171875,200.7525177001953,2625300
2025-10-16,201.83999633789062,198.75357055664062,11648600
2025-10-17,202.83999633789062,199.73826599121094,9309200
2025-10-20,204.91000366210938,201.77662658691406,2816100
2025-10-21,205.0800018310547,201.9440155029297,2930100
2025-10-22,204.22999572753906,201.1070098876953,4321100
2025-10-23,205.08999633789062,201.953857421875,2381200
2025-10-24,206.3000030517578,203.14535522460938,1984600
2025-10-27,207.5,204.32701110839844,1870800
2025-10-28,206.10000610351562,202.94842529296875,2568500
2025-10-29,204.72999572753906,201.599365234375,4421500
2025-10-30,203.8000030517578,200.68359375,3998100
2025-10-31,204.57000732421875,201.4418182373047,3684300
2025-11-03,204.05999755859375,200.9396209716797,2785500
2025-11-04,202.8699951171875,199.76780700683594,4260100
2025-11-05,204.19000244140625,201.06764221191406,2756000
2025-11-06,203.10000610351562,199.99429321289062,4628000
2025-11-07,204.4199981689453,201.29409790039062,5022300
2025-11-10,205.85000610351562,202.70223999023438,3404900
2025-11-11,207.25,204.08084106445312,2487200
2025-11-12,208.00999450683594,204.82920837402344,2363800
2025-11-13,205.47000122070312,202.32806396484375,4589200
2025-11-14,204.7899932861328,201.658447265625,5406400
2025-11-17,202.5800018310547,199.4822540283203,5512200
2025-11-18,202.3300018310547,199.23606872558594,8633800
2025-11-19,202.0800018310547,198.9899139404297,4369600
2025-11-20,199.94000244140625,196.88262939453125,9120700
2025-11-21,203.0399932861328,199.93521118164062,7159600
2025-11-24,204.47999572753906,201.35317993164062,3964300
2025-11-25,207.25999450683594,204.09068298339844,3997500
2025-11-26,208.47999572753906,205.29202270507812,2659700
2025-11-28,209.97999572753906,206.7690887451172,4427200
2025-12-01,208.5500030517578,205.3609619140625,3469000
2025-12-02,208.42999267578125,205.2427978515625,3466800
2025-12-03,210.3300018310547,207.11373901367188,3289500
2025-12-04,210.24000549316406,207.02513122558594,3881000
2025-12-05,210.47000122070312,207.2515869140625,7183400
2025-12-08,209.1300048828125,205.9320831298828,4095300
2025-12-09,208.63999938964844,205.44960021972656,3068400
2025-12-10,211.49000549316406,208.25601196289062,5636800
2025-12-11,212.85000610351562,209.59521484375,5045400
2025-12-12,211.7899932861328,208.55140686035156,5654700
2025-12-15,212.10000610351562,208.856689453125,5334200
2025-12-16,209.32000732421875,207.11422729492188,5355700
2025-12-17,208.64999389648438,206.45127868652344,5250400
2025-12-18,209.05999755859375,206.85696411132812,4996200
2025-12-19,209.8800048828125,207.66831970214844,5295800
2025-12-22,211.47999572753906,209.25144958496094,5018900
2025-12-23,211.61000061035156,209.38009643554688,2134600
2025-12-24,212.5500030517578,210.3101806640625,1466300
2025-12-26,212.4499969482422,210.21124267578125,3532700
2025-12-29,212.0399932861328,209.80555725097656,5821400
2025-12-30,211.94000244140625,209.7066192626953,2236800
2025-12-31,210.33999633789062,208.12347412109375,2407300
2026-01-02,212.1999969482422,209.96388244628906,6475900
2026-01-05,214.6199951171875,212.35836791992188,9013300
2026-01-06,216.57000732421875,214.287841796875,2796700
2026-01-07,214.35000610351562,212.0912322998047,2843300
2026-01-08,216.13999938964844,213.8623504638672,3782000
2026-01-09,217.58999633789062,215.2970733642578,3172400
2026-01-12,217.72000122070312,215.42568969726562,4780200
2026-01-13,217.50999450683594,215.2178955078125,4156500
2026-01-14,218.32000732421875,216.01939392089844,5267700
2026-01-15,219.1999969482422,216.89010620117188,3834500
2026-01-16,218.99000549316406,216.6823272705078,3769500
2026-01-20,215.94000244140625,213.66445922851562,6650800
2026-01-21,219.1300048828125,216.82086181640625,4476500
2026-01-22,219.7100067138672,217.39474487304688,2718100
2026-01-23,218.47999572753906,216.1776885986328,2979700
2026-01-26,219.11000061035156,216.80104064941406,3368200
2026-01-27,219.1199951171875,216.81094360351562,1610700
2026-01-28,219.30999755859375,216.9989471435547,2189500
2026-01-29,220.25,217.9290313720703,5443000
2026-01-30,219.86000061035156,217.54315185546875,5007700
2026-02-02,221.6699981689453,219.33407592773438,3085100
2026-02-03,221.91000366210938,219.57156372070312,3883500
2026-02-04,222.6300048828125,220.28396606445312,3525400
2026-02-05,220.8300018310547,218.50294494628906,3434000
2026-02-06,224.57000732421875,222.20352172851562,3410500
2026-02-09,224.6199951171875,222.25299072265625,2021200
2026-02-10,224.33999633789062,221.97593688964844,2713900
2026-02-11,224.8300018310547,222.46078491210938,2049900
2026-02-12,222.2100067138672,219.86839294433594,4430600
2026-02-13,223.7100067138672,221.35260009765625,4538400
2026-02-17,223.1999969482422,220.8479461669922,4747200
2026-02-18,224.30999755859375,221.94625854492188,3798300
2026-02-19,223.97000122070312,221.60986328125,2069300
2026-02-20,225.27000427246094,222.89614868164062,4571800
2026-02-23,223.05999755859375,220.70944213867188,2684900
2026-02-24,224.38999938964844,222.02542114257812,2459000
2026-02-25,225.0399932861328,222.66856384277344,2175300
2026-02-26,225.3800048828125,223.00498962402344,2901900
2026-02-27,225.52000427246094,223.14352416992188,3209500
2026-03-02,225.14999389648438,222.77740478515625,3796300
2026-03-03,222.27000427246094,219.92774963378906,6586500
2026-03-04,223.25,220.89743041992188,4053900
2026-03-05,220.58999633789062,218.2654571533203,5216300
2026-03-06,217.72000122070312,215.42568969726562,5068800
2026-03-09,218.72000122070312,216.41517639160156,5549100
2026-03-10,218.07000732421875,215.77203369140625,4928100
2026-03-11,217.5800018310547,215.2871856689453,4034200
2026-03-12,214.6699981689453,212.4078369140625,13125100
2026-03-13,214.74000549316406,212.47711181640625,3468700
2026-03-16,216.61000061035156,214.327392578125,4100900
2026-03-17,216.83999633789062,215.37127685546875,2426500
2026-03-18,214.22000122070312,212.76902770996094,3362000
2026-03-19,213.9499969482422,212.5008544921875,3481300
2026-03-20,211.30999755859375,209.8787384033203,5265700
2026-03-23,213.1300048828125,211.68641662597656,6005200
2026-03-24,213.82000732421875,212.37173461914062,3165700
2026-03-25,214.8699951171875,213.41461181640625,5170600
2026-03-26,212.50999450683594,211.0706024169922,2854800
2026-03-27,210.0500030517578,208.6272735595703,3784900
2026-03-30,209.4199981689453,208.00152587890625,4105700
2026-03-31,213.6699981689453,212.22274780273438,6365000
2026-04-01,214.94000244140625,213.48416137695312,4947600
2026-04-02,215.52000427246094,214.0602264404297,2315100
2026-04-06,216.61000061035156,215.14283752441406,2078400
2026-04-07,216.67999267578125,215.2123565673828,2065800
2026-04-08,221.9499969482422,220.44667053222656,2362100
2026-04-09,223.1699981689453,221.6584014892578,1681700
2026-04-10,221.85000610351562,220.3473663330078,1324400
2026-04-13,223.7100067138672,222.19476318359375,8833200
2026-04-14,224.75,223.22769165039062,1314700
2026-04-15,224.02000427246094,222.50265502929688,1350400
2026-04-16,224.94000244140625,223.41641235351562,2270900
2026-04-17,227.14999389648438,225.6114501953125,1571100
2026-04-20,227.2899932861328,225.75048828125,1792800
2026-04-21,225.8699951171875,224.34011840820312,2428200
2026-04-22,226.5500030517578,225.01551818847656,1033600
2026-04-23,227.49000549316406,225.9491424560547,2190800
2026-04-24,227.64999389648438,226.10804748535156,996300
2026-04-27,227.6699981689453,226.12791442871094,2409600
2026-04-28,227.0800018310547,225.5419158935547,1259000
2026-04-29,227.07000732421875,225.53199768066406,1356800
2026-04-30,231.25,229.6836700439453,4360800
2026-05-01,230.86000061035156,229.2963104248047,4360500
2026-05-04,229.60000610351562,228.04486083984375,2013500
2026-05-05,232.02999877929688,230.45838928222656,1620400
2026-05-06,234.47999572753906,232.8917999267578,1275000
2026-05-07,232.02000427246094,230.44845581054688,2312600
2026-05-08,233.89999389648438,232.31573486328125,1868500
2026-05-11,234.6300048828125,233.04078674316406,1585100
2026-05-12,234.2100067138672,232.62364196777344,1398900
2026-05-13,234.69000244140625,233.10037231445312,955000
2026-05-14,235.1699981689453,233.57711791992188,1461500
2026-05-15,232.17999267578125,230.6073760986328,1458300
2026-05-18,232.6699981689453,231.09405517578125,2161700
2026-05-19,231.72000122070312,230.15049743652344,1131600
2026-05-20,233.8000030517578,232.21640014648438,1133900
2026-05-21,234.6999969482422,233.1103057861328,1662000
2026-05-22,236.32000732421875,234.71934509277344,938500
2026-05-26,238.3000030517578,236.68592834472656,1141000
2026-05-27,237.92999267578125,236.31842041015625,1187200
2026-05-28,238.02999877929688,236.41775512695312,1592900
2026-05-29,237.9600067138672,236.34823608398438,1628400
2026-06-01,237.4600067138672,235.85162353515625,2249800
2026-06-02,239.32000732421875,237.6990203857422,1204200
2026-06-03,239.3000030517578,237.6791534423828,1478400
2026-06-04,241.02999877929688,239.39743041992188,1325600
2026-06-05,236.4199981689453,234.8186492919922,1924100
2026-06-08,237.27000427246094,235.66290283203125,1585500
2026-06-09,238.1699981689453,236.55679321289062,2160400
2026-06-10,235.24000549316406,233.64666748046875,1611300
2026-06-11,239.77999877929688,238.15589904785156,2506100
2026-06-12,242.1300048828125,240.489990234375,2083700
2026-06-15,243.77999877929688,242.8922119140625,2004600
2026-06-16,242.9600067138672,242.0751953125,1351600
2026-06-17,240.3800048828125,239.5045928955078,7200200
2026-06-18,242.17999267578125,241.2980194091797,2691500
2026-06-22,243.52999877929688,242.6431121826172,1990100
2026-06-23,240.9499969482422,240.072509765625,1541000
2026-06-24,241.0,240.12232971191406,2725800
2026-06-25,244.41000366210938,243.51991271972656,3719800
2026-06-26,242.75999450683594,241.87591552734375,13481600
2026-06-29,242.75,241.86595153808594,3817100
2026-06-30,242.42999267578125,241.547119140625,4592000
2026-07-01,243.8800048828125,242.99185180664062,4815900
2026-07-02,246.80999755859375,245.91116333007812,2345700
2026-07-06,247.24000549316406,246.33961486816406,1987800
2026-07-07,247.74000549316406,246.83778381347656,1262900
2026-07-08,245.1999969482422,244.30703735351562,1524600
2026-07-09,246.3800048828125,245.4827423095703,1669600
2026-07-10,246.83999633789062,245.94105529785156,1205900
2026-07-13,247.6199951171875,246.7182159423828,1682700
2026-07-14,246.3699951171875,245.47276306152344,1062400
2026-07-15,247.27999877929688,246.37945556640625,1131000
2026-07-16,249.4600067138672,248.55152893066406,1285500
2026-07-17,248.02999877929688,247.12672424316406,1516800
2026-07-20,246.9600067138672,246.06063842773438,7189500
2026-07-21,247.44000244140625,246.53887939453125,889800
2026-07-22,247.52000427246094,246.61859130859375,1651400
2026-07-23,246.17999267578125,245.28346252441406,1583000
2026-07-24,248.24000549316406,247.33596801757812,1438600
2026-07-27,249.74000549316406,248.83050537109375,2433900
2026-07-28,252.0399932861328,251.1221160888672,1589000
2026-07-29,249.52000427246094,248.61131286621094,1619400
2026-07-30,250.7100067138672,249.79698181152344,1662900
2026-07-31,251.82000732421875,250.90293884277344,1758600
2026-08-03,254.24000549316406,253.31411743164062,1904000
2026-08-04,256.6300048828125,255.69541931152344,1418700
2026-08-05,256.1300048828125,255.19723510742188,1224400
2026-08-06,256.1199951171875,255.187255859375,1205800
2026-08-07,257.55999755859375,256.62200927734375,763100
2026-08-10,258.30999755859375,257.3692932128906,1148000
2026-08-11,257.9200134277344,256.980712890625,1134700
2026-08-12,257.7699890136719,256.83123779296875,2111600
2026-08-13,258.70001220703125,257.75787353515625,928300
2026-08-14,258.57000732421875,257.62835693359375,879400
2026-08-17,256.6199951171875,255.68544006347656,1182800
2026-08-18,256.7300109863281,255.79505920410156,1061700
2026-08-19,258.7699890136719,257.8276062011719,2217700
2026-08-20,256.1700134277344,255.23709106445312,2365300
2026-08-21,257.2900085449219,256.35302734375,1443400
2026-08-24,258.32000732421875,257.3792724609375,2296200
2026-08-25,258.2699890136719,257.3294372558594,1849700
2026-08-26,258.4599914550781,257.51873779296875,1145500
2026-08-27,257.5799865722656,256.6419372558594,1101700
2026-08-28,258.3299865722656,257.3891906738281,1260300
2026-08-31,256.9100036621094,255.97439575195312,2404900
2026-09-01,255.9499969482422,255.01788330078125,932500
2026-09-02,257.0799865722656,256.1437683105469,1199000
2026-09-03,259.3800048828125,258.4353942871094,1296900
2026-09-04,257.6300048828125,256.6917724609375,1081000
2026-09-08,255.52999877929688,254.5994110107422,1209900
2026-09-09,254.05999755859375,253.134765625,2249600
2026-09-10,253.3300018310547,252.4074249267578,1988900
2026-09-11,255.5800018310547,254.64923095703125,1353100
2026-09-14,255.3699951171875,254.4399871826172,1572500
2026-09-15,253.49000549316406,253.49000549316406,1790000
2026-09-16,251.16000366210938,251.16000366210938,1587000
