date,close,adjclose,volume
2011-10-20,8.326666831970215,5.220517158508301,296700
2011-10-21,8.489999771118164,5.3229193687438965,566400
2011-10-24,8.536666870117188,5.352179050445557,889800
2011-10-25,8.396666526794434,5.264404296875,283200
2011-10-26,8.483332633972168,5.318741798400879,135000
2011-10-27,8.676667213439941,5.43995475769043,818100
2011-10-28,8.670000076293945,5.435775279998779,280500
2011-10-31,8.5,5.329190731048584,731400
2011-11-01,8.30666732788086,5.207978248596191,852900
2011-11-02,8.416666984558105,5.276942253112793,970800
2011-11-03,8.550000190734863,5.360537528991699,1599600
2011-11-04,8.513333320617676,5.337550640106201,327000
2011-11-07,8.563332557678223,5.368898391723633,672000
2011-11-08,8.670000076293945,5.435775279998779,1395600
2011-11-09,8.40999984741211,5.272763729095459,1996500
2011-11-10,8.493332862854004,5.325010299682617,549300
2011-11-11,8.649999618530273,5.423234462738037,397500
2011-11-14,8.59000015258789,5.385617256164551,668100
2011-11-15,8.623332977294922,5.406515121459961,435300
2011-11-16,8.49666690826416,5.327099323272705,310200
2011-11-17,8.393333435058594,5.2623162269592285,771900
2011-11-18,8.426667213439941,5.283213138580322,591600
2011-11-21,8.270000457763672,5.184988498687744,881700
2011-11-22,8.239999771118164,5.166180610656738,451200
2011-11-23,8.096667289733887,5.076314926147461,464700
2011-11-25,8.083333015441895,5.06795597076416,159300
2011-11-28,8.273332595825195,5.18707799911499,432000
2011-11-29,8.329999923706055,5.222604751586914,327300
2011-11-30,8.640000343322754,5.416966438293457,568200
2011-12-01,8.626667022705078,5.408605575561523,305100
2011-12-02,8.606666564941406,5.396066665649414,883200
2011-12-05,8.670000076293945,5.435775279998779,682500
2011-12-06,8.696666717529297,5.452492713928223,422700
2011-12-07,8.726667404174805,5.4713029861450195,598800
2011-12-08,8.583333015441895,5.381438255310059,639300
2011-12-09,8.699999809265137,5.454583644866943,365700
2011-12-12,8.58666706085205,5.383528232574463,437700
2011-12-13,8.526666641235352,5.34591007232666,375300
2011-12-14,8.460000038146973,5.304112434387207,382200
2011-12-15,8.49666690826416,5.327099323272705,653100
2011-12-16,8.5,5.329190731048584,321300
2011-12-19,8.399999618530273,5.291810989379883,351600
2011-12-20,8.609999656677246,5.424107074737549,588900
2011-12-21,8.643333435058594,5.445106029510498,362700
2011-12-22,8.683333396911621,5.470306396484375,742800
2011-12-23,8.760000228881836,5.518604278564453,595800
2011-12-27,8.786666870117188,5.535403251647949,963900
2011-12-28,8.69333267211914,5.476605415344238,659700
2011-12-29,8.776666641235352,5.529104232788086,328800
2011-12-30,8.726667404174805,5.497603416442871,465000
2012-01-03,8.80666732788086,5.548002243041992,751200
2012-01-04,8.80666732788086,5.548002243041992,505200
2012-01-05,8.800000190734863,5.543801784515381,542700
2012-01-06,8.760000228881836,5.518604278564453,459900
2012-01-09,8.779999732971191,5.53120231628418,720300
2012-01-10,8.84000015258789,5.569002628326416,417300
2012-01-11,8.80666732788086,5.548002243041992,812700
2012-01-12,8.813332557678223,5.5522027015686035,411900
2012-01-13,8.766667366027832,5.522805213928223,636600
2012-01-17,8.816666603088379,5.554301738739014,610800
2012-01-18,8.893333435058594,5.602602005004883,535200
2012-01-19,8.930000305175781,5.625698566436768,1591800
2012-01-20,8.946666717529297,5.636198997497559,2645700
2012-01-23,8.946666717529297,5.636198997497559,1037400
2012-01-24,8.936667442321777,5.629898548126221,1145700
2012-01-25,8.989999771118164,5.6634979248046875,892500
2012-01-26,8.956666946411133,5.64249849319458,784800
2012-01-27,8.916666984558105,5.6172990798950195,846600
2012-01-30,8.886667251586914,5.5984015464782715,986700
2012-01-31,8.869999885559082,5.587902069091797,753900
2012-02-01,8.926667213439941,5.623600959777832,860100
2012-02-02,8.930000305175781,5.625698566436768,948600
2012-02-03,9.023332595825195,5.68449592590332,483000
2012-02-06,9.016667366027832,5.680299282073975,773700
2012-02-07,9.033332824707031,5.690798759460449,821100
2012-02-08,9.033332824707031,5.690798759460449,575100
2012-02-09,9.029999732971191,5.688699722290039,502800
2012-02-10,8.979999542236328,5.657197952270508,684900
2012-02-13,9.020000457763672,5.682398796081543,581700
2012-02-14,9.020000457763672,5.682398796081543,362400
2012-02-15,8.973333358764648,5.652999401092529,446400
2012-02-16,9.046667098999023,5.699199199676514,420900
2012-02-17,9.103333473205566,5.734896183013916,512100
2012-02-21,9.076666831970215,5.7180962562561035,960600
2012-02-22,9.063332557678223,5.70969820022583,369300
2012-02-23,9.100000381469727,5.732797622680664,706800
2012-02-24,9.123332977294922,5.747495651245117,280500
2012-02-27,9.126667022705078,5.749594688415527,438600
2012-02-28,9.15666675567627,5.768495559692383,314700
2012-02-29,9.123332977294922,5.747495651245117,347700
2012-03-01,9.146666526794434,5.762195110321045,420000
2012-03-02,9.126667022705078,5.749594688415527,352500
2012-03-05,9.116666793823242,5.7432942390441895,985200
2012-03-06,9.010000228881836,5.676098823547363,910200
2012-03-07,9.05666732788086,5.705496788024902,368700
2012-03-08,9.113332748413086,5.7411932945251465,338400
2012-03-09,9.133333206176758,5.753793716430664,334200
2012-03-12,9.173333168029785,5.778994560241699,548100
2012-03-13,9.279999732971191,5.846192359924316,443100
2012-03-14,9.260000228881836,5.833593368530273,391200
2012-03-15,9.286666870117188,5.850390911102295,633300
2012-03-16,9.286666870117188,5.850390911102295,390900
2012-03-19,9.260000228881836,5.862631320953369,415800
2012-03-20,9.229999542236328,5.8436384201049805,301800
2012-03-21,9.216667175292969,5.835196018218994,342600
2012-03-22,9.173333168029785,5.80776309967041,342000
2012-03-23,9.19333267211914,5.8204240798950195,196200
2012-03-26,9.300000190734863,5.88795804977417,566700
2012-03-27,9.293333053588867,5.883737087249756,393300
2012-03-28,9.25,5.856301307678223,340800
2012-03-29,9.266667366027832,5.866852283477783,360600
2012-03-30,9.296667098999023,5.885847568511963,268500
2012-04-02,9.356666564941406,5.923832416534424,280800
2012-04-03,9.313332557678223,5.896395206451416,372900
2012-04-04,9.263333320617676,5.864741802215576,387600
2012-04-05,9.25,5.856301307678223,321600
2012-04-09,9.153332710266113,5.795099258422852,393300
2012-04-10,9.023332595825195,5.712794303894043,464700
2012-04-11,9.079999923706055,5.748672962188721,557400
2012-04-12,9.166666984558105,5.803542137145996,236400
2012-04-13,9.096667289733887,5.759222507476807,333600
2012-04-16,9.136667251586914,5.784547805786133,460200
2012-04-17,9.236666679382324,5.8478593826293945,270000
2012-04-18,9.213333129882812,5.83308744430542,191400
2012-04-19,9.170000076293945,5.805651664733887,355500
2012-04-20,9.213333129882812,5.83308744430542,203400
2012-04-23,9.130000114440918,5.780326843261719,344100
2012-04-24,9.153332710266113,5.795099258422852,271200
2012-04-25,9.239999771118164,5.849968910217285,523500
2012-04-26,9.296667098999023,5.885847568511963,386100
2012-04-27,9.30666732788086,5.892177104949951,417300
2012-04-30,9.286666870117188,5.879515647888184,237000
2012-05-01,9.329999923706055,5.906949996948242,251700
2012-05-02,9.316666603088379,5.898509502410889,318000
2012-05-03,9.289999961853027,5.881627082824707,189000
2012-05-04,9.1899995803833,5.818314075469971,483900
2012-05-07,9.186667442321777,5.816204071044922,246000
2012-05-08,9.16333293914795,5.801431655883789,331500
2012-05-09,9.09000015258789,5.755003452301025,297300
2012-05-10,9.119999885559082,5.773995876312256,211200
2012-05-11,9.119999885559082,5.773995876312256,312000
2012-05-14,9.05666732788086,5.733898162841797,522000
2012-05-15,9.026666641235352,5.714907169342041,309000
2012-05-16,9.026666641235352,5.714907169342041,261900
2012-05-17,8.923333168029785,5.649483680725098,606600
2012-05-18,8.856666564941406,5.607276439666748,340200
2012-05-21,8.94333267211914,5.662146091461182,397200
2012-05-22,8.949999809265137,5.66636848449707,333600
2012-05-23,8.9399995803833,5.660035133361816,279000
2012-05-24,9.0,5.698021411895752,186300
2012-05-25,8.963333129882812,5.674808979034424,156600
2012-05-29,9.039999961853027,5.723348140716553,318000
2012-05-30,8.936667442321777,5.657924175262451,373800
2012-05-31,8.933333396911621,5.6558146476745605,259500
2012-06-01,8.763333320617676,5.548185348510742,698400
2012-06-04,8.763333320617676,5.548185348510742,756600
2012-06-05,8.789999961853027,5.565066337585449,331500
2012-06-06,8.946666717529297,5.664255142211914,214800
2012-06-07,8.99666690826416,5.695911884307861,329400
2012-06-08,9.050000190734863,5.729679107666016,212700
2012-06-11,8.986666679382324,5.68958044052124,229500
2012-06-12,9.073332786560059,5.744450569152832,208800
2012-06-13,9.033332824707031,5.719127178192139,372000
2012-06-14,9.126667022705078,5.778213977813721,164100
2012-06-15,9.196666717529297,5.822534084320068,277200
2012-06-18,9.140000343322754,5.830190181732178,342000
2012-06-19,9.199999809265137,5.868461608886719,516300
2012-06-20,9.15666675567627,5.840821266174316,330000
2012-06-21,9.010000228881836,5.747265815734863,279000
2012-06-22,9.05666732788086,5.777031421661377,266700
2012-06-25,8.946666717529297,5.706864356994629,522900
2012-06-26,8.983332633972168,5.73025369644165,319800
2012-06-27,9.05666732788086,5.777031421661377,420000
2012-06-28,9.053333282470703,5.774907112121582,439800
2012-06-29,9.25333309173584,5.902482986450195,372000
2012-07-02,9.25333309173584,5.902482986450195,341100
2012-07-03,9.300000190734863,5.932250022888184,265500
2012-07-05,9.283332824707031,5.9216179847717285,295500
2012-07-06,9.226667404174805,5.885472774505615,405600
2012-07-09,9.213333129882812,5.876967906951904,709500
2012-07-10,9.183333396911621,5.857832431793213,306900
2012-07-11,9.173333168029785,5.851450443267822,183000
2012-07-12,9.16333293914795,5.845072269439697,191100
2012-07-13,9.286666870117188,5.923743724822998,257400
2012-07-16,9.270000457763672,5.913113594055176,379500
2012-07-17,9.333333015441895,5.953513145446777,471900
2012-07-18,9.403332710266113,5.998165130615234,340800
2012-07-19,9.436667442321777,6.019428253173828,495000
2012-07-20,9.366666793823242,5.974776268005371,248400
2012-07-23,9.283332824707031,5.9216179847717285,274800
2012-07-24,9.203332901000977,5.87058687210083,613200
2012-07-25,9.229999542236328,5.887596130371094,216900
2012-07-26,9.376667022705078,5.981154441833496,189600
2012-07-27,9.50333309173584,6.061950206756592,402000
2012-07-30,9.520000457763672,6.072583198547363,357600
2012-07-31,9.479999542236328,6.047066688537598,705000
2012-08-01,9.463333129882812,6.036436557769775,217500
2012-08-02,9.376667022705078,5.981154441833496,382500
2012-08-03,9.516667366027832,6.070456027984619,309900
2012-08-06,9.50333309173584,6.061950206756592,340200
2012-08-07,9.520000457763672,6.072583198547363,345300
2012-08-08,9.539999961853027,6.0853400230407715,358500
2012-08-09,9.526666641235352,6.0768351554870605,216600
2012-08-10,9.5600004196167,6.098097324371338,5326200
2012-08-13,9.546667098999023,6.089591979980469,554700
2012-08-14,9.569999694824219,6.104477405548096,321000
2012-08-15,9.573332786560059,6.106603145599365,245400
2012-08-16,9.613332748413086,6.132116794586182,263100
2012-08-17,9.613332748413086,6.132116794586182,270300
2012-08-20,9.606666564941406,6.127865791320801,376800
2012-08-21,9.566666603088379,6.102349758148193,238500
2012-08-22,9.539999961853027,6.0853400230407715,310800
2012-08-23,9.483332633972168,6.049196243286133,356400
2012-08-24,9.550000190734863,6.091717720031738,380400
2012-08-27,9.546667098999023,6.089591979980469,713700
2012-08-28,9.550000190734863,6.091717720031738,318300
2012-08-29,9.536666870117188,6.08321475982666,340800
2012-08-30,9.489999771118164,6.053444862365723,236100
2012-08-31,9.536666870117188,6.08321475982666,604500
2012-09-04,9.506667137145996,6.064076900482178,356100
2012-09-05,9.493332862854004,6.055573463439941,165600
2012-09-06,9.649999618530273,6.155506610870361,384600
2012-09-07,9.636667251586914,6.14700174331665,1287600
2012-09-10,9.59000015258789,6.11723518371582,930600
2012-09-11,9.609999656677246,6.12999153137207,434400
2012-09-12,9.59333324432373,6.11936092376709,396900
2012-09-13,9.716667175292969,6.198031425476074,302700
2012-09-14,9.726667404174805,6.204410076141357,569100
2012-09-17,9.649999618530273,6.199699401855469,408900
2012-09-18,9.653332710266113,6.201841354370117,296100
2012-09-19,9.649999618530273,6.199699401855469,192000
2012-09-20,9.653332710266113,6.201841354370117,223200
2012-09-21,9.653332710266113,6.201841354370117,232200
2012-09-24,9.670000076293945,6.212547779083252,410100
2012-09-25,9.606666564941406,6.171859264373779,328800
2012-09-26,9.573332786560059,6.150442600250244,486000
2012-09-27,9.623332977294922,6.1825690269470215,551100
2012-09-28,9.583333015441895,6.156869411468506,285000
2012-10-01,9.616666793823242,6.178286075592041,324000
2012-10-02,9.606666564941406,6.171859264373779,367200
2012-10-03,9.626667022705078,6.184708595275879,201600
2012-10-04,9.676667213439941,6.216831207275391,480900
2012-10-05,9.723333358764648,6.246812343597412,628200
2012-10-08,9.710000038146973,6.238247394561768,753000
2012-10-09,9.636667251586914,6.19113302230835,417300
2012-10-10,9.553333282470703,6.137594699859619,390900
2012-10-11,9.553333282470703,6.137594699859619,533400
2012-10-12,9.546667098999023,6.133312702178955,288300
2012-10-15,9.636667251586914,6.19113302230835,525300
2012-10-16,9.716667175292969,6.242529392242432,648600
2012-10-17,9.743332862854004,6.259660243988037,558600
2012-10-18,9.75333309173584,6.26608419418335,359400
2012-10-19,9.619999885559082,6.18042516708374,444300
2012-10-22,9.606666564941406,6.171859264373779,504300
2012-10-23,9.476667404174805,6.088339805603027,714300
2012-10-24,9.453332901000977,6.07334566116333,633000
2012-10-25,9.5,6.103330135345459,460800
2012-10-26,9.479999542236328,6.090479373931885,328800
2012-10-31,9.493332862854004,6.09904670715332,540000
2012-11-01,9.563332557678223,6.144018173217773,773100
2012-11-02,9.479999542236328,6.090479373931885,648900
2012-11-05,9.483332633972168,6.092624187469482,621900
2012-11-06,9.55666732788086,6.139739990234375,591900
2012-11-07,9.393333435058594,6.034801483154297,1423200
2012-11-08,9.286666870117188,5.966272830963135,1289700
2012-11-09,9.296667098999023,5.9726972579956055,697800
2012-11-12,9.300000190734863,5.974838733673096,248400
2012-11-13,9.293333053588867,5.970556259155273,459900
2012-11-14,9.180000305175781,5.8977437019348145,3403200
2012-11-15,9.146666526794434,5.876328945159912,446100
2012-11-16,9.1899995803833,5.904167652130127,562200
2012-11-19,9.313332557678223,5.983404159545898,568500
2012-11-20,9.319999694824219,5.9876885414123535,496500
2012-11-21,9.34000015258789,6.0005388259887695,380700
2012-11-23,9.456666946411133,6.075490474700928,279900
2012-11-26,9.436667442321777,6.062641143798828,483000
2012-11-27,9.40999984741211,6.045510292053223,522000
2012-11-28,9.483332633972168,6.092624187469482,565200
2012-11-29,9.50333309173584,6.105471611022949,1017900
2012-11-30,9.536666870117188,6.126888275146484,407100
2012-12-03,9.470000267028809,6.084059238433838,442200
2012-12-04,9.470000267028809,6.084059238433838,645900
2012-12-05,9.5,6.103330135345459,294000
2012-12-06,9.539999961853027,6.129029273986816,234300
2012-12-07,9.58666706085205,6.159008026123047,318300
2012-12-10,9.59333324432373,6.163290977478027,332700
2012-12-11,9.640000343322754,6.193274021148682,363300
2012-12-12,9.619999885559082,6.18042516708374,395100
2012-12-13,9.569999694824219,6.148303031921387,270600
2012-12-14,9.5600004196167,6.14187479019165,348000
2012-12-17,9.619999885559082,6.18042516708374,666300
2012-12-18,9.699999809265137,6.231821060180664,948900
2012-12-19,9.636667251586914,6.19113302230835,365100
2012-12-20,9.680000305175781,6.218972682952881,338700
2012-12-21,9.609999656677246,6.174001693725586,701100
2012-12-24,9.486666679382324,6.149800777435303,249600
2012-12-26,9.4399995803833,6.119544982910156,718800
2012-12-27,9.430000305175781,6.113062381744385,657600
2012-12-28,9.319999694824219,6.041755676269531,837000
2012-12-31,9.446666717529297,6.1238694190979,1069800
2013-01-02,9.649999618530273,6.255681991577148,4556400
2013-01-03,9.643333435058594,6.251360893249512,543600
2013-01-04,9.69333267211914,6.283771514892578,533100
2013-01-07,9.65999984741211,6.2621636390686035,960600
2013-01-08,9.626667022705078,6.2405548095703125,551400
2013-01-09,9.670000076293945,6.268646240234375,548100
2013-01-10,9.729999542236328,6.307541847229004,3337200
2013-01-11,9.736666679382324,6.311864376068115,563400
2013-01-14,9.763333320617676,6.329150676727295,773700
2013-01-15,9.783332824707031,6.342116355895996,497100
2013-01-16,9.770000457763672,6.333471298217773,513600
2013-01-17,9.866666793823242,6.39613676071167,622200
2013-01-18,9.883333206176758,6.406940460205078,908400
2013-01-22,9.903332710266113,6.419909477233887,1527000
2013-01-23,9.916666984558105,6.428551197052002,1585800
2013-01-24,9.956666946411133,6.454476356506348,722100
2013-01-25,10.0,6.482568740844727,924300
2013-01-28,10.0,6.482568740844727,2062800
2013-01-29,10.05666732788086,6.519307613372803,1491900
2013-01-30,10.016667366027832,6.493374824523926,1007400
2013-01-31,9.970000267028809,6.463122367858887,1701000
2013-02-01,10.066666603088379,6.525788307189941,702000
2013-02-04,9.970000267028809,6.463122367858887,1168200
2013-02-05,10.046667098999023,6.512823581695557,768900
2013-02-06,10.063332557678223,6.523625373840332,675600
2013-02-07,10.0600004196167,6.521467208862305,664500
2013-02-08,10.083333015441895,6.536592483520508,537300
2013-02-11,10.079999923706055,6.534429550170898,566700
2013-02-12,10.096667289733887,6.545237064361572,838800
2013-02-13,10.09000015258789,6.540915489196777,588300
2013-02-14,10.096667289733887,6.545237064361572,653100
2013-02-15,10.106666564941406,6.551718711853027,381300
2013-02-19,10.176667213439941,6.5970964431762695,917100
2013-02-20,10.109999656677246,6.553879261016846,700200
2013-02-21,10.08666706085205,6.538753509521484,535200
2013-02-22,10.15999984741211,6.5862908363342285,588600
2013-02-25,10.026666641235352,6.499858379364014,863100
2013-02-26,10.096667289733887,6.545237064361572,494400
2013-02-27,10.203332901000977,6.614384651184082,540900
2013-02-28,10.180000305175781,6.599259376525879,1017000
2013-03-01,10.216667175292969,6.6230268478393555,469800
2013-03-04,10.266667366027832,6.655438423156738,756000
2013-03-05,10.34000015258789,6.702977180480957,598800
2013-03-06,10.350000381469727,6.709464073181152,648300
2013-03-07,10.356666564941406,6.713783264160156,618600
2013-03-08,10.399999618530273,6.741872310638428,897000
2013-03-11,10.430000305175781,6.761321544647217,832200
2013-03-12,10.426667213439941,6.759162425994873,763800
2013-03-13,10.449999809265137,6.774284362792969,511200
2013-03-14,10.479999542236328,6.793730735778809,2564100
2013-03-15,10.456666946411133,6.778609275817871,654900
2013-03-18,10.350000381469727,6.752293586730957,963600
2013-03-19,10.373332977294922,6.767514705657959,524400
2013-03-20,10.453332901000977,6.819708347320557,556500
2013-03-21,10.40666675567627,6.789262771606445,971700
2013-03-22,10.493332862854004,6.845803260803223,606600
2013-03-25,10.456666946411133,6.8218841552734375,1746000
2013-03-26,10.553333282470703,6.884947776794434,2785500
2013-03-27,10.553333282470703,6.884947776794434,1083600
2013-03-28,10.596667289733887,6.913219928741455,1969800
2013-04-01,10.573332786560059,6.897994041442871,1186500
2013-04-02,10.616666793823242,6.926267147064209,799500
2013-04-03,10.529999732971191,6.869725227355957,1031700
2013-04-04,10.566666603088379,6.89364767074585,661200
2013-04-05,10.526666641235352,6.867551803588867,889200
2013-04-08,10.583333015441895,6.904520511627197,672900
2013-04-09,10.636667251586914,6.939314842224121,710100
2013-04-10,10.733332633972168,7.002379894256592,735900
2013-04-11,10.75,7.0132527351379395,975600
2013-04-12,10.74666690826416,7.01107931137085,425400
2013-04-15,10.543333053588867,6.878424167633057,1257900
2013-04-16,10.676667213439941,6.96541166305542,975000
2013-04-17,10.59333324432373,6.911045551300049,1278900
2013-04-18,10.569999694824219,6.895822048187256,527700
2013-04-19,10.699999809265137,6.9806342124938965,467100
2013-04-22,10.756667137145996,7.017601013183594,774600
2013-04-23,10.846667289733887,7.076316833496094,1416600
2013-04-24,10.819999694824219,7.058919906616211,859500
2013-04-25,10.83666706085205,7.069795608520508,1135800
2013-04-26,10.829999923706055,7.065443992614746,717000
2013-04-29,10.896666526794434,7.108936786651611,533100
2013-04-30,10.91333293914795,7.119810581207275,1399800
2013-05-01,10.83666706085205,7.069795608520508,844500
2013-05-02,10.933333396911621,7.132862567901611,643500
2013-05-03,11.026666641235352,7.1937479972839355,942600
2013-05-06,11.016667366027832,7.187227249145508,1041600
2013-05-07,11.063332557678223,7.21766996383667,1425000
2013-05-08,11.069999694824219,7.222018241882324,960600
2013-05-09,11.05666732788086,7.213324069976807,896100
2013-05-10,11.083333015441895,7.230717182159424,575400
2013-05-13,11.09333324432373,7.237241744995117,584700
2013-05-14,11.210000038146973,7.313355445861816,1103400
2013-05-15,11.296667098999023,7.369894981384277,1334700
2013-05-16,11.223333358764648,7.322052478790283,785700
2013-05-17,11.323332786560059,7.3872904777526855,1015200
2013-05-20,11.313332557678223,7.380769729614258,1363500
2013-05-21,11.34000015258789,7.398168087005615,802200
2013-05-22,11.279999732971191,7.359020709991455,1291200
2013-05-23,11.25,7.339452743530273,1458600
2013-05-24,11.273332595825195,7.354671478271484,962100
2013-05-28,11.33666706085205,7.395992755889893,979500
2013-05-29,11.203332901000977,7.309007167816162,1071900
2013-05-30,11.220000267028809,7.319879055023193,625200
2013-05-31,11.066666603088379,7.219844341278076,1103400
2013-06-03,11.173333168029785,7.289433479309082,1105500
2013-06-04,11.119999885559082,7.254639625549316,1009200
2013-06-05,10.979999542236328,7.163303375244141,1835400
2013-06-06,11.043333053588867,7.204621315002441,935400
2013-06-07,11.19333267211914,7.302479267120361,942000
2013-06-10,11.1899995803833,7.300304889678955,924000
2013-06-11,11.109999656677246,7.248115062713623,868200
2013-06-12,11.026666641235352,7.1937479972839355,515400
2013-06-13,11.149999618530273,7.2742133140563965,573300
2013-06-14,11.106666564941406,7.245944499969482,693300
2013-06-17,11.186667442321777,7.298133373260498,809400
2013-06-18,11.263333320617676,7.348147869110107,945900
2013-06-19,11.09333324432373,7.237241744995117,980400
2013-06-20,10.823332786560059,7.061096668243408,1905600
2013-06-21,10.893333435058594,7.106765270233154,1500900
2013-06-24,10.729999542236328,7.048734664916992,1652400
2013-06-25,10.786666870117188,7.085962295532227,951900
2013-06-26,10.920000076293945,7.173552513122559,823200
2013-06-27,10.960000038146973,7.199826240539551,1197900
2013-06-28,10.899999618530273,7.160412788391113,1206300
2013-07-01,10.966667175292969,7.204207420349121,885000
2013-07-02,10.949999809265137,7.193256855010986,828900
2013-07-03,10.949999809265137,7.193256855010986,371700
2013-07-05,11.033332824707031,7.248000621795654,849600
2013-07-08,11.106666564941406,7.296177864074707,948300
2013-07-09,11.196666717529297,7.355298042297363,1040100
2013-07-10,11.203332901000977,7.359676361083984,887700
2013-07-11,11.366666793823242,7.4669718742370605,1236300
2013-07-12,11.366666793823242,7.4669718742370605,664800
2013-07-15,11.403332710266113,7.491058826446533,742500
2013-07-16,11.363332748413086,7.464783191680908,716100
2013-07-17,11.386667251586914,7.480109214782715,1083000
2013-07-18,11.41333293914795,7.497629642486572,878100
2013-07-19,11.40999984741211,7.495440483093262,570000
2013-07-22,11.40666675567627,7.493249416351318,987900
2013-07-23,11.423333168029785,7.504197120666504,720000
2013-07-24,11.386667251586914,7.480109214782715,738900
2013-07-25,11.396666526794434,7.486680030822754,790800
2013-07-26,11.40666675567627,7.493249416351318,671400
2013-07-29,11.376667022705078,7.473540306091309,543600
2013-07-30,11.393333435058594,7.484490871429443,439200
2013-07-31,11.399999618530273,7.488871097564697,699300
2013-08-01,11.49666690826416,7.552371025085449,858300
2013-08-02,11.50333309173584,7.556752681732178,607200
2013-08-05,11.483332633972168,7.543614387512207,813600
2013-08-06,11.456666946411133,7.526094913482666,478200
2013-08-07,11.430000305175781,7.508578300476074,486000
2013-08-08,11.466667175292969,7.532669544219971,428700
2013-08-09,11.423333168029785,7.504197120666504,525000
2013-08-12,11.393333435058594,7.484490871429443,509100
2013-08-13,11.416666984558105,7.499820709228516,408600
2013-08-14,11.33666706085205,7.447266578674316,565500
2013-08-15,11.16333293914795,7.333399772644043,1364700
2013-08-16,11.130000114440918,7.3115034103393555,810900
2013-08-19,11.09333324432373,7.287416458129883,551400
2013-08-20,11.096667289733887,7.289605617523193,841500
2013-08-21,11.016667366027832,7.237054347991943,664800
2013-08-22,11.096667289733887,7.289605617523193,482100
2013-08-23,11.183333396911621,7.346537113189697,411000
2013-08-26,11.116666793823242,7.302742958068848,426600
2013-08-27,10.979999542236328,7.212964057922363,818400
2013-08-28,11.016667366027832,7.237054347991943,631500
2013-08-29,11.020000457763672,7.239240646362305,492900
2013-08-30,10.99666690826416,7.223913669586182,309000
2013-09-03,10.993332862854004,7.221720218658447,921600
2013-09-04,11.079999923706055,7.278655529022217,455400
2013-09-05,11.073332786560059,7.274276256561279,470700
2013-09-06,11.073332786560059,7.274276256561279,776100
2013-09-09,11.173333168029785,7.339966773986816,710700
2013-09-10,11.260000228881836,7.396902561187744,936000
2013-09-11,11.313332557678223,7.431937217712402,899700
2013-09-12,11.289999961853027,7.41660737991333,460500
2013-09-13,11.359999656677246,7.462595462799072,633900
2013-09-16,11.446666717529297,7.519527435302734,1354800
2013-09-17,11.486666679382324,7.545803546905518,575400
2013-09-18,11.619999885559082,7.633395195007324,926700
2013-09-19,11.626667022705078,7.637775421142578,883500
2013-09-20,11.523332595825195,7.569892883300781,711000
2013-09-23,11.403332710266113,7.5414509773254395,524100
2013-09-24,11.376667022705078,7.523814678192139,618900
2013-09-25,11.316666603088379,7.484136581420898,549300
2013-09-26,11.346667289733887,7.503975868225098,595200
2013-09-27,11.283332824707031,7.46209192276001,1123500
2013-09-30,11.216667175292969,7.418006896972656,924300
2013-10-01,11.270000457763672,7.453274726867676,596100
2013-10-02,11.233332633972168,7.429026126861572,865800
2013-10-03,11.136667251586914,7.365096569061279,948300
2013-10-04,11.183333396911621,7.395958423614502,495900
2013-10-07,11.119999885559082,7.354073524475098,1063200
2013-10-08,11.039999961853027,7.301167011260986,787200
2013-10-09,11.046667098999023,7.305576801300049,1084800
2013-10-10,11.279999732971191,7.459886074066162,1141500
2013-10-11,11.353333473205566,7.508385181427002,676800
2013-10-14,11.396666526794434,7.537044048309326,760200
2013-10-15,11.313332557678223,7.481933116912842,742500
2013-10-16,11.44333267211914,7.567905902862549,691200
2013-10-17,11.539999961853027,7.631832599639893,1292100
2013-10-18,11.543333053588867,7.634040355682373,1141500
2013-10-21,11.526666641235352,7.623015403747559,733800
2013-10-22,11.609999656677246,7.678128242492676,1950600
2013-10-23,11.596667289733887,7.669314384460449,1178700
2013-10-24,11.636667251586914,7.695766448974609,507300
2013-10-25,11.713333129882812,7.746467113494873,536700
2013-10-28,11.773332595825195,7.7861480712890625,892500
2013-10-29,11.859999656677246,7.843463897705078,886200
2013-10-30,11.779999732971191,7.790553569793701,945900
2013-10-31,11.776666641235352,7.788352966308594,663000
2013-11-01,11.800000190734863,7.803781032562256,984900
2013-11-04,11.84000015258789,7.830234527587891,1463100
2013-11-05,11.829999923706055,7.823624134063721,865200
2013-11-06,11.94333267211914,7.898576259613037,6685500
2013-11-07,11.80666732788086,7.808194637298584,1365600
2013-11-08,11.91333293914795,7.878734588623047,808200
2013-11-11,11.91333293914795,7.878734588623047,892200
2013-11-12,11.896666526794434,7.867709636688232,786900
2013-11-13,11.966667175292969,7.914007186889648,770400
2013-11-14,12.043333053588867,7.964705467224121,856200
2013-11-15,12.076666831970215,7.986754417419434,1224900
2013-11-18,12.053333282470703,7.971323013305664,1075800
2013-11-19,12.036666870117188,7.96029806137085,690900
2013-11-20,11.99666690826416,7.933849334716797,648000
2013-11-21,12.066666603088379,7.980142116546631,7016700
2013-11-22,12.116666793823242,8.01320743560791,612300
2013-11-25,12.096667289733887,7.999982833862305,1218000
2013-11-26,12.073332786560059,7.984549522399902,691800
2013-11-27,12.08666706085205,7.993369102478027,640500
2013-11-29,12.076666831970215,7.986754417419434,307800
2013-12-02,12.020000457763672,7.94927978515625,1047600
2013-12-03,12.00333309173584,7.938255786895752,773700
2013-12-04,11.966667175292969,7.914007186889648,686400
2013-12-05,11.916666984558105,7.880940914154053,444000
2013-12-06,12.08666706085205,7.993369102478027,557100
2013-12-09,12.100000381469727,8.002185821533203,1089300
2013-12-10,12.029999732971191,7.9558916091918945,915000
2013-12-11,11.933333396911621,7.891962051391602,884100
2013-12-12,11.846667289733887,7.834648609161377,972300
2013-12-13,11.84000015258789,7.830234527587891,1071900
2013-12-16,11.899999618530273,7.869919300079346,1025400
2013-12-17,11.869999885559082,7.850076198577881,878700
2013-12-18,12.066666603088379,7.980142116546631,1129500
2013-12-19,12.053333282470703,7.971323013305664,621300
2013-12-20,12.123332977294922,8.017614364624023,951900
2013-12-23,12.053333282470703,8.026274681091309,1305300
2013-12-24,12.09333324432373,8.052908897399902,285300
2013-12-26,12.180000305175781,8.110618591308594,885300
2013-12-27,12.183333396911621,8.112841606140137,1134300
2013-12-30,12.186667442321777,8.115060806274414,1074600
2013-12-31,12.220000267028809,8.137260437011719,1089000
2014-01-02,12.100000381469727,8.057348251342773,1621500
2014-01-03,12.116666793823242,8.068445205688477,1262700
2014-01-06,12.073332786560059,8.039589881896973,1084200
2014-01-07,12.140000343322754,8.083986282348633,985800
2014-01-08,12.096667289733887,8.055130004882812,1270200
2014-01-09,12.116666793823242,8.068445205688477,999000
2014-01-10,12.153332710266113,8.092864036560059,896400
2014-01-13,12.006667137145996,7.9951982498168945,1520700
2014-01-14,12.109999656677246,8.064006805419922,893100
2014-01-15,12.136667251586914,8.081768035888672,1105800
2014-01-16,12.140000343322754,8.083986282348633,841500
2014-01-17,12.079999923706055,8.04403018951416,896100
2014-01-21,12.09000015258789,8.050689697265625,2182500
2014-01-22,12.109999656677246,8.064006805419922,670800
2014-01-23,11.986666679382324,7.981877326965332,1449900
2014-01-24,11.779999732971191,7.844264507293701,1852500
2014-01-27,11.74666690826416,7.822065830230713,2054400
2014-01-28,11.816666603088379,7.868677616119385,1108500
2014-01-29,11.69333267211914,7.786550045013428,1251600
2014-01-30,11.739999771118164,7.817626953125,1218600
2014-01-31,11.676667213439941,7.775455474853516,1234800
2014-02-03,11.403332710266113,7.593440055847168,3013800
2014-02-04,11.423333168029785,7.606758117675781,904200
2014-02-05,11.420000076293945,7.6045379638671875,1198200
2014-02-06,11.536666870117188,7.682229042053223,904200
2014-02-07,11.676667213439941,7.775455474853516,724200
2014-02-10,11.703332901000977,7.793208122253418,1322400
2014-02-11,11.833333015441895,7.879776477813721,1267500
2014-02-12,11.84000015258789,7.884212017059326,910500
2014-02-13,11.883333206176758,7.9130706787109375,1002900
2014-02-14,11.970000267028809,7.9707794189453125,877500
2014-02-18,11.936667442321777,7.948589324951172,1020900
2014-02-19,11.876667022705078,7.908630847930908,964200
2014-02-20,11.966667175292969,7.968564510345459,613500
2014-02-21,11.936667442321777,7.948589324951172,809700
2014-02-24,12.0,7.990760326385498,1346100
2014-02-25,12.013333320617676,7.999635219573975,947400
2014-02-26,12.013333320617676,7.999635219573975,810000
2014-02-27,12.073332786560059,8.039589881896973,837000
2014-02-28,12.130000114440918,8.077325820922852,814800
2014-03-03,12.043333053588867,8.019614219665527,1688100
2014-03-04,12.210000038146973,8.130599021911621,989100
2014-03-05,12.173333168029785,8.106181144714355,610800
2014-03-06,12.176667213439941,8.1083984375,735000
2014-03-07,12.210000038146973,8.130599021911621,782400
2014-03-10,12.203332901000977,8.1261568069458,771300
2014-03-11,12.166666984558105,8.1017427444458,609300
2014-03-12,12.186667442321777,8.115060806274414,759000
2014-03-13,12.05666732788086,8.028493881225586,1119600
2014-03-14,12.046667098999023,8.021836280822754,646200
2014-03-17,12.153332710266113,8.092864036560059,554100
2014-03-18,12.213333129882812,8.132814407348633,848100
2014-03-19,12.136667251586914,8.081768035888672,607500
2014-03-20,12.19333267211914,8.119497299194336,765300
2014-03-21,12.176667213439941,8.1083984375,1680600
2014-03-24,12.083333015441895,8.101248741149902,829800
2014-03-25,12.16333293914795,8.154884338378906,592500
2014-03-26,12.116666793823242,8.123598098754883,699600
2014-03-27,12.130000114440918,8.132537841796875,876000
2014-03-28,12.199999809265137,8.179464340209961,594600
2014-03-31,12.283332824707031,8.23533821105957,1116900
2014-04-01,12.316666603088379,8.257684707641602,1657500
2014-04-02,12.356666564941406,8.284505844116211,812100
2014-04-03,12.369999885559082,8.293444633483887,819900
2014-04-04,12.273332595825195,8.228632926940918,962100
2014-04-07,12.203332901000977,8.181700706481934,990300
2014-04-08,12.24666690826416,8.21075439453125,844200
2014-04-09,12.333333015441895,8.2688627243042,757200
2014-04-10,12.15999984741211,8.152652740478516,959400
2014-04-11,12.083333015441895,8.101248741149902,1255800
2014-04-14,12.15999984741211,8.152652740478516,1145100
2014-04-15,12.25,8.212990760803223,812100
2014-04-16,12.356666564941406,8.284505844116211,1086600
2014-04-17,12.423333168029785,8.329198837280273,1079700
2014-04-21,12.453332901000977,8.349313735961914,1262700
2014-04-22,12.449999809265137,8.34708023071289,801600
2014-04-23,12.423333168029785,8.329198837280273,636900
2014-04-24,12.399999618530273,8.313555717468262,825300
2014-04-25,12.353333473205566,8.282268524169922,776700
2014-04-28,12.476667404174805,8.364958763122559,886500
2014-04-29,12.479999542236328,8.367194175720215,819600
2014-04-30,12.506667137145996,8.3850736618042,739200
2014-05-01,12.463333129882812,8.356022834777832,717000
2014-05-02,12.466667175292969,8.358255386352539,852600
2014-05-05,12.463333129882812,8.356022834777832,2741700
2014-05-06,12.386667251586914,8.304616928100586,1222800
2014-05-07,12.486666679382324,8.371664047241211,1258800
2014-05-08,12.493332862854004,8.376129150390625,814500
2014-05-09,12.520000457763672,8.394012451171875,398100
2014-05-12,12.579999923706055,8.434237480163574,1017600
2014-05-13,12.600000381469727,8.447649002075195,748200
2014-05-14,12.5600004196167,8.420831680297852,1080000
2014-05-15,12.4399995803833,8.340373039245605,980100
2014-05-16,12.483332633972168,8.369426727294922,739500
2014-05-19,12.479999542236328,8.367194175720215,706500
2014-05-20,12.41333293914795,8.322498321533203,732000
2014-05-21,12.506667137145996,8.3850736618042,532500
2014-05-22,12.513333320617676,8.389542579650879,961200
2014-05-23,12.539999961853027,8.407421112060547,702300
2014-05-27,12.569999694824219,8.427532196044922,821100
2014-05-28,12.566666603088379,8.425297737121582,927600
2014-05-29,12.619999885559082,8.461055755615234,753300
2014-05-30,12.673333168029785,8.496811866760254,780900
2014-06-02,12.670000076293945,8.494577407836914,1613100
2014-06-03,12.646666526794434,8.47893238067627,544800
2014-06-04,12.640000343322754,8.474462509155273,1094700
2014-06-05,12.720000267028809,8.528100967407227,854400
2014-06-06,12.756667137145996,8.552684783935547,770100
2014-06-09,12.776666641235352,8.56609058380127,684600
2014-06-10,12.783332824707031,8.570562362670898,629400
2014-06-11,12.729999542236328,8.534807205200195,664200
2014-06-12,12.65666675567627,8.485638618469238,972000
2014-06-13,12.723333358764648,8.5303373336792,543000
2014-06-16,12.783332824707031,8.570562362670898,786300
2014-06-17,12.789999961853027,8.575031280517578,2139900
2014-06-18,12.873332977294922,8.630900382995605,455700
2014-06-19,12.90999984741211,8.655485153198242,531600
2014-06-20,12.946666717529297,8.680068016052246,1705500
2014-06-23,12.84333324432373,8.670844078063965,762300
2014-06-24,12.766667366027832,8.619084358215332,922800
2014-06-25,12.800000190734863,8.64158821105957,471000
2014-06-26,12.773332595825195,8.623583793640137,507900
2014-06-27,12.793333053588867,8.637089729309082,373800
2014-06-30,12.756667137145996,8.612334251403809,934200
2014-07-01,12.816666603088379,8.652838706970215,1140600
2014-07-02,12.83666706085205,8.666343688964844,527100
2014-07-03,12.899999618530273,8.709099769592285,393600
2014-07-07,12.880000114440918,8.695597648620605,615000
2014-07-08,12.833333015441895,8.664093971252441,817500
2014-07-09,12.869999885559082,8.688850402832031,570900
2014-07-10,12.850000381469727,8.67534351348877,532500
2014-07-11,12.853333473205566,8.677592277526855,473100
2014-07-14,12.90999984741211,8.715851783752441,728700
2014-07-15,12.893333435058594,8.704596519470215,479100
2014-07-16,13.0,8.776615142822266,573900
2014-07-17,12.866666793823242,8.68659496307373,767100
2014-07-18,12.956666946411133,8.747359275817871,845700
2014-07-21,12.9399995803833,8.736105918884277,470400
2014-07-22,12.963333129882812,8.75185775756836,351900
2014-07-23,12.963333129882812,8.75185775756836,382500
2014-07-24,12.956666946411133,8.747359275817871,860400
2014-07-25,12.90666675567627,8.713602066040039,546900
2014-07-28,12.886667251586914,8.700098991394043,448200
2014-07-29,12.829999923706055,8.66183853149414,527400
2014-07-30,12.776666641235352,8.625833511352539,801300
2014-07-31,12.536666870117188,8.463802337646484,1943100
2014-08-01,12.506667137145996,8.443551063537598,1317300
2014-08-04,12.569999694824219,8.486309051513672,561000
2014-08-05,12.453332901000977,8.40754508972168,949200
2014-08-06,12.476667404174805,8.423298835754395,1215600
2014-08-07,12.420000076293945,8.385040283203125,1215600
2014-08-08,12.553333282470703,8.475056648254395,524100
2014-08-11,12.579999923706055,8.493060111999512,906000
2014-08-12,12.573332786560059,8.48855972290039,388800
2014-08-13,12.649999618530273,8.54032039642334,431700
2014-08-14,12.686667442321777,8.565074920654297,447600
2014-08-15,12.69333267211914,8.569575309753418,570000
2014-08-18,12.779999732971191,8.628083229064941,476100
2014-08-19,12.83666706085205,8.666343688964844,1983900
2014-08-20,12.880000114440918,8.695597648620605,676800
2014-08-21,12.920000076293945,8.722602844238281,593400
2014-08-22,12.880000114440918,8.695597648620605,449700
2014-08-25,12.923333168029785,8.72485637664795,940200
2014-08-26,12.930000305175781,8.729355812072754,557700
2014-08-27,12.9399995803833,8.736105918884277,873900
2014-08-28,12.936667442321777,8.733853340148926,411600
2014-08-29,12.966667175292969,8.754109382629395,484500
2014-09-02,12.926667213439941,8.727104187011719,1151400
2014-09-03,12.946666717529297,8.740605354309082,442800
2014-09-04,12.956666946411133,8.747359275817871,457800
2014-09-05,13.016667366027832,8.787863731384277,457200
2014-09-08,12.976667404174805,8.760862350463867,416700
2014-09-09,12.916666984558105,8.720351219177246,877500
2014-09-10,12.94333267211914,8.738356590270996,402300
2014-09-11,12.953332901000977,8.745105743408203,387000
2014-09-12,12.873332977294922,8.691094398498535,761100
2014-09-15,12.916666984558105,8.720351219177246,588900
2014-09-16,13.010000228881836,8.783363342285156,604500
2014-09-17,13.026666641235352,8.794614791870117,936000
2014-09-18,13.09333324432373,8.83962345123291,711900
2014-09-19,13.136667251586914,8.868881225585938,1405800
2014-09-22,12.979999542236328,8.819953918457031,925200
2014-09-23,12.890000343322754,8.758800506591797,1318500
2014-09-24,12.993332862854004,8.82901668548584,612600
2014-09-25,12.826666831970215,8.715765953063965,1263000
2014-09-26,12.903332710266113,8.76785945892334,714900
2014-09-29,12.896666526794434,8.763331413269043,1151400
2014-09-30,12.853333473205566,8.733881950378418,4400100
2014-10-01,12.6899995803833,8.622899055480957,2997300
2014-10-02,12.666666984558105,8.60704231262207,1747500
2014-10-03,12.783332824707031,8.686320304870605,882900
2014-10-06,12.793333053588867,8.693117141723633,1550700
2014-10-07,12.623332977294922,8.577600479125977,855600
2014-10-08,12.819999694824219,8.711234092712402,916800
2014-10-09,12.59000015258789,8.554948806762695,1037400
2014-10-10,12.479999542236328,8.480202674865723,2823600
2014-10-13,12.30666732788086,8.362425804138184,2065200
2014-10-14,12.316666603088379,8.369215965270996,2125800
2014-10-15,12.243332862854004,8.319387435913086,5383200
2014-10-16,12.203332901000977,8.29220962524414,1627500
2014-10-17,12.353333473205566,8.394131660461426,1389600
2014-10-20,12.460000038146973,8.466614723205566,1172400
2014-10-21,12.633333206176758,8.584393501281738,2054100
2014-10-22,12.566666603088379,8.539092063903809,1378200
2014-10-23,12.653332710266113,8.597984313964844,1295100
2014-10-24,12.770000457763672,8.677258491516113,1301400
2014-10-27,12.776666641235352,8.681791305541992,1175100
2014-10-28,12.886667251586914,8.756536483764648,1246200
2014-10-29,12.90666675567627,8.770125389099121,798600
2014-10-30,12.946666717529297,8.797304153442383,913800
2014-10-31,13.106666564941406,8.906026840209961,973800
2014-11-03,13.09333324432373,8.896965980529785,2132700
2014-11-04,13.113332748413086,8.910558700561523,2575800
2014-11-05,13.170000076293945,8.949060440063477,1334400
2014-11-06,13.226667404174805,8.987565994262695,1281900
2014-11-07,13.243332862854004,8.998893737792969,861000
2014-11-10,13.276666641235352,9.021540641784668,815700
2014-11-11,13.279999732971191,9.023804664611816,679200
2014-11-12,13.293333053588867,9.032867431640625,1265400
2014-11-13,13.319999694824219,9.050981521606445,1236000
2014-11-14,13.323332786560059,9.053251266479492,971700
2014-11-17,13.33666706085205,9.062310218811035,766200
2014-11-18,13.383333206176758,9.094019889831543,632400
2014-11-19,13.396666526794434,9.103082656860352,566400
2014-11-20,13.430000305175781,9.125733375549316,676800
2014-11-21,13.486666679382324,9.164237976074219,1839600
2014-11-24,13.453332901000977,9.141587257385254,1125300
2014-11-25,13.44333267211914,9.134790420532227,928500
2014-11-26,13.493332862854004,9.168766975402832,666000
2014-11-28,13.49666690826416,9.171031951904297,439500
2014-12-01,13.456666946411133,9.143852233886719,3783600
2014-12-02,13.523332595825195,9.1891508102417,838500
2014-12-03,13.539999961853027,9.200474739074707,859800
2014-12-04,13.516667366027832,9.184622764587402,834000
2014-12-05,13.526666641235352,9.19141674041748,1746300
2014-12-08,13.426667213439941,9.123467445373535,930300
2014-12-09,13.350000381469727,9.071374893188477,1102200
2014-12-10,13.15666675567627,8.940001487731934,1268100
2014-12-11,13.210000038146973,8.976243019104004,651000
2014-12-12,12.99666690826416,8.831280708312988,1457700
2014-12-15,12.9399995803833,8.792773246765137,1383000
2014-12-16,12.890000343322754,8.758800506591797,10728600
2014-12-17,13.116666793823242,8.912820816040039,2079900
2014-12-18,13.41333293914795,9.11440658569336,1895400
2014-12-19,13.449999809265137,9.139326095581055,1444800
2014-12-22,13.4399995803833,9.195195198059082,1175400
2014-12-23,13.49666690826416,9.233964920043945,855600
2014-12-24,13.479999542236328,9.222559928894043,561000
2014-12-26,13.5,9.236246109008789,918600
2014-12-29,13.473333358764648,9.21800422668457,998100
2014-12-30,13.41333293914795,9.176949501037598,1288800
2014-12-31,13.283332824707031,9.088008880615234,912000
2015-01-02,13.270000457763672,9.078886032104492,1418700
2015-01-05,13.083333015441895,8.951176643371582,12067500
2015-01-06,13.00333309173584,8.896442413330078,1611300
2015-01-07,13.15666675567627,9.001348495483398,3470700
2015-01-08,13.399999618530273,9.167829513549805,3114600
2015-01-09,13.296667098999023,9.097131729125977,3722400
2015-01-12,13.223333358764648,9.046957969665527,5879700
2015-01-13,13.19333267211914,9.026433944702148,3306000
2015-01-14,13.130000114440918,8.98310661315918,2773200
2015-01-15,13.079999923706055,8.948895454406738,1326600
2015-01-16,13.256667137145996,9.069767951965332,1408200
2015-01-20,13.270000457763672,9.078886032104492,1407900
2015-01-21,13.326666831970215,9.117654800415039,1538400
2015-01-22,13.483332633972168,9.224841117858887,6761100
2015-01-23,13.313332557678223,9.10853385925293,9584400
2015-01-26,13.326666831970215,9.117654800415039,2996400
2015-01-27,13.123332977294922,8.978545188903809,2307600
2015-01-28,12.953332901000977,8.862235069274902,1332900
2015-01-29,13.079999923706055,8.948895454406738,1101000
2015-01-30,12.869999885559082,8.805221557617188,1307700
2015-02-02,13.050000190734863,8.928372383117676,1476000
2015-02-03,13.25333309173584,9.067481994628906,31112400
2015-02-04,13.220000267028809,9.044678688049316,1279800
2015-02-05,13.350000381469727,9.133622169494629,909900
2015-02-06,13.333333015441895,9.12221908569336,1463700
2015-02-09,13.270000457763672,9.078886032104492,997800
2015-02-10,13.40666675567627,9.17238998413086,939000
2015-02-11,13.40666675567627,9.17238998413086,655500
2015-02-12,13.513333320617676,9.245368003845215,1089300
2015-02-13,13.563332557678223,9.279576301574707,1054800
2015-02-17,13.55666732788086,9.275015830993652,992100
2015-02-18,13.526666641235352,9.254487991333008,1130400
2015-02-19,13.50333309173584,9.238529205322266,993000
2015-02-20,13.550000190734863,9.270453453063965,1122300
2015-02-23,13.523332595825195,9.252205848693848,711600
2015-02-24,13.59000015258789,9.297820091247559,901500
2015-02-25,13.59000015258789,9.297820091247559,633600
2015-02-26,13.566666603088379,9.281855583190918,518700
2015-02-27,13.543333053588867,9.265889167785645,737100
2015-03-02,13.606666564941406,9.309222221374512,1890900
2015-03-03,13.536666870117188,9.261329650878906,1325400
2015-03-04,13.463333129882812,9.211158752441406,1137300
2015-03-05,13.460000038146973,9.208877563476562,700800
2015-03-06,13.24666690826416,9.062922477722168,1821000
2015-03-09,13.300000190734863,9.099411010742188,1166400
2015-03-10,13.100000381469727,8.962578773498535,2026800
2015-03-11,13.0600004196167,8.935209274291992,1144800
2015-03-12,13.173333168029785,9.012754440307617,798000
2015-03-13,13.109999656677246,8.969420433044434,1005000
2015-03-16,13.260000228881836,9.072047233581543,7826400
2015-03-17,13.19333267211914,9.026433944702148,14977500
2015-03-18,13.34000015258789,9.126779556274414,4384500
2015-03-19,13.256667137145996,9.069767951965332,5974200
2015-03-20,13.390000343322754,9.160989761352539,1352400
2015-03-23,13.316666603088379,9.172465324401855,1242000
2015-03-24,13.229999542236328,9.112772941589355,936000
2015-03-25,13.053333282470703,8.991084098815918,1635300
2015-03-26,13.029999732971191,8.975011825561523,1730100
2015-03-27,13.076666831970215,9.007152557373047,1152300
2015-03-30,13.233332633972168,9.115069389343262,1424400
2015-03-31,13.136667251586914,9.048484802246094,1196100
2015-04-01,13.063332557678223,8.997969627380371,971700
2015-04-02,13.08666706085205,9.014045715332031,21366900
2015-04-06,13.1899995803833,9.085216522216797,1761000
2015-04-07,13.186667442321777,9.08292293548584,1292700
2015-04-08,13.186667442321777,9.08292293548584,954300
2015-04-09,13.236666679382324,9.117362976074219,1701600
2015-04-10,13.293333053588867,9.156394004821777,768600
2015-04-13,13.226667404174805,9.110475540161133,894300
2015-04-14,13.266667366027832,9.138029098510742,2211600
2015-04-15,13.34000015258789,9.18853759765625,1568400
2015-04-16,13.316666603088379,9.172465324401855,1743000
2015-04-17,13.173333168029785,9.07374095916748,1428000
2015-04-20,13.313332557678223,9.170169830322266,930900
2015-04-21,13.286666870117188,9.151805877685547,1396500
2015-04-22,13.34333324432373,9.190834045410156,1429500
2015-04-23,13.34333324432373,9.190834045410156,859200
2015-04-24,13.380000114440918,9.216090202331543,1008600
2015-04-27,13.34333324432373,9.190834045410156,1343100
2015-04-28,13.40666675567627,9.234458923339844,974700
2015-04-29,13.34333324432373,9.190834045410156,913800
2015-04-30,13.236666679382324,9.117362976074219,849000
2015-05-01,13.353333473205566,9.197725296020508,1065300
2015-05-04,13.366666793823242,9.206908226013184,1556700
2015-05-05,13.24666690826416,9.124250411987305,1094100
2015-05-06,13.19333267211914,9.087515830993652,1198200
2015-05-07,13.233332633972168,9.115069389343262,792300
2015-05-08,13.403332710266113,9.23216438293457,1182600
2015-05-11,13.34333324432373,9.190834045410156,1010700
2015-05-12,13.303333282470703,9.163281440734863,1111500
2015-05-13,13.316666603088379,9.172465324401855,752100
2015-05-14,13.460000038146973,9.271196365356445,838200
2015-05-15,13.483332633972168,9.28726577758789,638100
2015-05-18,13.476667404174805,9.282673835754395,756000
2015-05-19,13.44333267211914,9.25971508026123,804000
2015-05-20,13.44333267211914,9.25971508026123,586500
2015-05-21,13.463333129882812,9.273488998413086,698100
2015-05-22,13.396666526794434,9.227570533752441,691800
2015-05-26,13.279999732971191,9.147211074829102,1339200
2015-05-27,13.369999885559082,9.20920181274414,863700
2015-05-28,13.359999656677246,9.202317237854004,779400
2015-05-29,13.303333282470703,9.163281440734863,1922100
2015-06-01,13.293333053588867,9.156394004821777,1334400
2015-06-02,13.276666641235352,9.144913673400879,1134300
2015-06-03,13.273332595825195,9.142618179321289,717900
2015-06-04,13.146666526794434,9.055370330810547,1589400
2015-06-05,13.069999694824219,9.0025634765625,1333500
2015-06-08,13.013333320617676,8.963531494140625,1441500
2015-06-09,13.020000457763672,8.968127250671387,810300
2015-06-10,13.15999984741211,9.064557075500488,863400
2015-06-11,13.199999809265137,9.092107772827148,958500
2015-06-12,13.09333324432373,9.018635749816895,691500
2015-06-15,13.010000228881836,8.961236000061035,1439100
2015-06-16,13.083333015441895,9.011748313903809,915900
2015-06-17,13.126667022705078,9.041597366333008,879900
2015-06-18,13.256667137145996,9.131142616271973,1349700
2015-06-19,13.1899995803833,9.085216522216797,928800
2015-06-22,13.176667213439941,9.146769523620605,1011300
2015-06-23,13.153332710266113,9.130570411682129,971100
2015-06-24,13.05666732788086,9.063469886779785,789300
2015-06-25,13.016667366027832,9.035703659057617,731100
2015-06-26,13.013333320617676,9.033390998840332,968400
2015-06-29,12.773332595825195,8.866788864135742,2833500
2015-06-30,12.763333320617676,8.859850883483887,2148600
2015-07-01,12.850000381469727,8.92000961303711,1420500
2015-07-02,12.846667289733887,8.917695045471191,574500
2015-07-06,12.800000190734863,8.885300636291504,1472700
2015-07-07,12.926667213439941,8.973230361938477,854100
2015-07-08,12.760000228881836,8.857536315917969,1242900
2015-07-09,12.760000228881836,8.857536315917969,1186200
2015-07-10,12.890000343322754,8.94777774810791,1137900
2015-07-13,13.029999732971191,9.044958114624023,832800
2015-07-14,13.063332557678223,9.068094253540039,745200
2015-07-15,13.023332595825195,9.040332794189453,854400
2015-07-16,13.106666564941406,9.098176956176758,1020600
2015-07-17,13.046667098999023,9.056524276733398,1078800
2015-07-20,13.039999961853027,9.051898002624512,1172400
2015-07-21,12.94333267211914,8.984797477722168,1298400
2015-07-22,12.883333206176758,8.943145751953125,949500
2015-07-23,12.826666831970215,8.903812408447266,1011300
2015-07-24,12.686667442321777,8.80662727355957,1982100
2015-07-27,12.633333206176758,8.769604682922363,1756200
2015-07-28,12.816666603088379,8.896870613098145,3994200
2015-07-29,12.90999984741211,8.961658477783203,984000
2015-07-30,12.899999618530273,8.954717636108398,1560300
2015-07-31,12.853333473205566,8.922319412231445,1140000
2015-08-03,12.8100004196167,8.892240524291992,1690200
2015-08-04,12.80666732788086,8.88992977142334,1553100
2015-08-05,12.866666793823242,8.9315767288208,851700
2015-08-06,12.789999961853027,8.87835693359375,1076400
2015-08-07,12.733332633972168,8.839021682739258,1078800
2015-08-10,12.896666526794434,8.952401161193848,1051800
2015-08-11,12.8100004196167,8.892240524291992,1195500
2015-08-12,12.850000381469727,8.92000961303711,1049100
2015-08-13,12.8100004196167,8.892240524291992,577500
2015-08-14,12.856666564941406,8.92463493347168,689400
2015-08-17,12.896666526794434,8.952401161193848,583800
2015-08-18,12.853333473205566,8.922319412231445,615300
2015-08-19,12.733332633972168,8.839021682739258,1568700
2015-08-20,12.553333282470703,8.714072227478027,1571100
2015-08-21,12.196666717529297,8.4664888381958,5421900
2015-08-24,11.743332862854004,8.151798248291016,9033000
2015-08-25,11.543333053588867,8.012964248657227,3863100
2015-08-26,11.963333129882812,8.304513931274414,2282100
2015-08-27,12.223333358764648,8.485001564025879,2796600
2015-08-28,12.236666679382324,8.494255065917969,1799700
2015-08-31,12.170000076293945,8.447976112365723,1026300
2015-09-01,11.83666706085205,8.216591835021973,2147700
2015-09-02,12.043333053588867,8.360047340393066,1947300
2015-09-03,12.09000015258789,8.392444610595703,996900
2015-09-04,11.896666526794434,8.258238792419434,1412400
2015-09-08,12.186667442321777,8.459547996520996,1529100
2015-09-09,11.99666690826416,8.327655792236328,1248000
2015-09-10,12.033332824707031,8.353108406066895,1265400
2015-09-11,12.083333015441895,8.387812614440918,1098000
2015-09-14,12.023332595825195,8.346168518066406,1190100
2015-09-15,12.1899995803833,8.461862564086914,868500
2015-09-16,12.300000190734863,8.538216590881348,816900
2015-09-17,12.296667098999023,8.535904884338379,1323300
2015-09-18,12.100000381469727,8.399384498596191,1227900
2015-09-21,12.069999694824219,8.448145866394043,1845900
2015-09-22,11.946666717529297,8.361824035644531,1369200
2015-09-23,11.916666984558105,8.340826034545898,682500
2015-09-24,11.91333293914795,8.33849048614502,2028900
2015-09-25,11.946666717529297,8.361824035644531,814800
2015-09-28,11.756667137145996,8.228836059570312,2589600
2015-09-29,11.800000190734863,8.259166717529297,1803000
2015-09-30,11.983332633972168,8.38748550415039,1164000
2015-10-01,11.966667175292969,8.375822067260742,2452500
2015-10-02,12.16333293914795,8.513472557067871,1680300
2015-10-05,12.396666526794434,8.67679214477539,1454700
2015-10-06,12.426667213439941,8.697790145874023,1468500
2015-10-07,12.539999961853027,8.77711296081543,1250700
2015-10-08,12.676667213439941,8.872772216796875,1257600
2015-10-09,12.676667213439941,8.872772216796875,808800
2015-10-12,12.649999618530273,8.854106903076172,660900
2015-10-13,12.583333015441895,8.807446479797363,657300
2015-10-14,12.539999961853027,8.77711296081543,762600
2015-10-15,12.66333293914795,8.863438606262207,828300
2015-10-16,12.733332633972168,8.912434577941895,608700
2015-10-19,12.713333129882812,8.8984375,975300
2015-10-20,12.6899995803833,8.882104873657227,542400
2015-10-21,12.65666675567627,8.858772277832031,685800
2015-10-22,12.966667175292969,9.075749397277832,1356300
2015-10-23,13.09000015258789,9.16207218170166,1332600
2015-10-26,13.05666732788086,9.138744354248047,1449600
2015-10-27,13.006667137145996,9.10374641418457,840900
2015-10-28,13.123332977294922,9.185406684875488,1005000
2015-10-29,13.08666706085205,9.159744262695312,660300
2015-10-30,13.033332824707031,9.122413635253906,961800
2015-11-02,13.173333168029785,9.220404624938965,1425900
2015-11-03,13.216667175292969,9.250734329223633,1158000
2015-11-04,13.173333168029785,9.220404624938965,807600
2015-11-05,13.113332748413086,9.178409576416016,1084500
2015-11-06,13.079999923706055,9.155075073242188,915000
2015-11-09,12.9399995803833,9.057085037231445,1531500
2015-11-10,12.953332901000977,9.06641674041748,524400
2015-11-11,12.946666717529297,9.061751365661621,650400
2015-11-12,12.766667366027832,8.935765266418457,958200
2015-11-13,12.653332710266113,8.856439590454102,1515600
2015-11-16,12.859999656677246,9.001091003417969,1040400
2015-11-17,12.866666793823242,9.005755424499512,1167000
2015-11-18,12.993332862854004,9.094413757324219,967200
2015-11-19,13.023332595825195,9.1154146194458,1399200
2015-11-20,13.029999732971191,9.120079040527344,771000
2015-11-23,13.050000190734863,9.134078979492188,843600
2015-11-24,13.106666564941406,9.17374324798584,855900
2015-11-25,13.09000015258789,9.16207218170166,864000
2015-11-27,13.100000381469727,9.169075012207031,204900
2015-11-30,13.069999694824219,9.148078918457031,1036800
2015-12-01,13.180000305175781,9.225071907043457,1050300
2015-12-02,13.063332557678223,9.143409729003906,5708400
2015-12-03,12.90666675567627,9.0337553024292,3771600
2015-12-04,13.140000343322754,9.197072982788086,3479400
2015-12-07,13.076666831970215,9.152742385864258,3175500
2015-12-08,12.956666946411133,9.068753242492676,5207100
2015-12-09,12.916666984558105,9.040750503540039,8400900
2015-12-10,12.960000038146973,9.071083068847656,2725800
2015-12-11,12.75,8.924102783203125,2917200
2015-12-14,12.846667289733887,8.99176025390625,2078100
2015-12-15,12.966667175292969,9.075749397277832,2010600
2015-12-16,13.113332748413086,9.178409576416016,1898700
2015-12-17,12.930000305175781,9.050086975097656,3144300
2015-12-18,12.710000038146973,8.896100044250488,2531400
2015-12-21,12.716667175292969,8.964717864990234,1945500
2015-12-22,12.850000381469727,9.058714866638184,3985800
2015-12-23,13.013333320617676,9.173858642578125,1847400
2015-12-24,12.979999542236328,9.15035629272461,623100
2015-12-28,12.94333267211914,9.124507904052734,2786700
2015-12-29,13.073332786560059,9.216151237487793,3043200
2015-12-30,13.0,9.164460182189941,2280600
2015-12-31,12.853333473205566,9.06106185913086,1993500
2016-01-04,12.706666946411133,8.957671165466309,3673800
2016-01-05,12.779999732971191,9.009363174438477,8220000
2016-01-06,12.626667022705078,8.901273727416992,9086700
2016-01-07,12.363332748413086,8.715633392333984,4105500
2016-01-08,12.229999542236328,8.6216402053833,2928600
2016-01-11,12.25333309173584,8.638086318969727,3090000
2016-01-12,12.326666831970215,8.689784049987793,1824600
2016-01-13,12.09000015258789,8.522945404052734,2628900
2016-01-14,12.293333053588867,8.666285514831543,3338700
2016-01-15,12.036666870117188,8.485347747802734,5484600
2016-01-19,12.050000190734863,8.49474811553955,2782200
2016-01-20,11.866666793823242,8.365506172180176,6438300
2016-01-21,11.970000267028809,8.438348770141602,4101000
2016-01-22,12.19333267211914,8.595791816711426,2515800
2016-01-25,12.0600004196167,8.501794815063477,2009700
2016-01-26,12.263333320617676,8.645137786865234,1551900
2016-01-27,12.19333267211914,8.595791816711426,2151600
2016-01-28,12.279999732971191,8.656886100769043,1856700
2016-01-29,12.5600004196167,8.854276657104492,2604600
2016-02-01,12.553333282470703,8.849573135375977,2601300
2016-02-02,12.353333473205566,8.708582878112793,9894900
2016-02-03,12.460000038146973,8.783777236938477,2577000
2016-02-04,12.463333129882812,8.786127090454102,2149200
2016-02-05,12.329999923706055,8.692134857177734,2481900
2016-02-08,12.30666732788086,8.675687789916992,3099900
2016-02-09,12.286666870117188,8.661585807800293,2655900
2016-02-10,12.220000267028809,8.614591598510742,4085700
2016-02-11,12.09333324432373,8.525293350219727,4323900
2016-02-12,12.286666870117188,8.661585807800293,2533500
2016-02-16,12.436667442321777,8.767330169677734,1779600
2016-02-17,12.616666793823242,8.894221305847168,3050100
2016-02-18,12.619999885559082,8.896571159362793,1577100
2016-02-19,12.600000381469727,8.88247299194336,1281600
2016-02-22,12.739999771118164,8.981169700622559,2071500
2016-02-23,12.636667251586914,8.908319473266602,2565900
2016-02-24,12.69333267211914,8.948267936706543,1226700
2016-02-25,12.83666706085205,9.049312591552734,1237800
2016-02-26,12.75333309173584,8.99056625366211,1960200
2016-02-29,12.653332710266113,8.920072555541992,1677000
2016-03-01,12.880000114440918,9.079863548278809,1834500
2016-03-02,12.94333267211914,9.124507904052734,2232300
2016-03-03,12.973333358764648,9.145657539367676,2592600
2016-03-04,13.023332595825195,9.180907249450684,1906500
2016-03-07,13.066666603088379,9.211454391479492,1878600
2016-03-08,12.986666679382324,9.155057907104492,6796200
2016-03-09,13.076666831970215,9.218502044677734,1550700
2016-03-10,13.076666831970215,9.218502044677734,1954500
2016-03-11,13.216667175292969,9.31719970703125,1284300
2016-03-14,13.19333267211914,9.300747871398926,1430400
2016-03-15,13.196666717529297,9.303099632263184,1351200
2016-03-16,13.270000457763672,9.354796409606934,1513500
2016-03-17,13.386667251586914,9.437040328979492,1759800
2016-03-18,13.40999984741211,9.45348834991455,2196300
2016-03-21,13.329999923706055,9.467222213745117,1620000
2016-03-22,13.303333282470703,9.448280334472656,1539300
2016-03-23,13.229999542236328,9.396197319030762,1193400
2016-03-24,13.239999771118164,9.403300285339355,1578900
2016-03-28,13.243332862854004,9.405670166015625,3290100
2016-03-29,13.359999656677246,9.488527297973633,3226800
2016-03-30,13.390000343322754,9.509832382202148,1215600
2016-03-31,13.363332748413086,9.49089527130127,1296600
2016-04-01,13.416666984558105,9.52877426147461,1439100
2016-04-04,13.383333206176758,9.505099296569824,3130800
2016-04-05,13.319999694824219,9.460116386413574,2512500
2016-04-06,13.426667213439941,9.535877227783203,2085900
2016-04-07,13.303333282470703,9.448280334472656,1773900
2016-04-08,13.353333473205566,9.48379135131836,1194000
2016-04-11,13.303333282470703,9.448280334472656,1806000
2016-04-12,13.41333293914795,9.526402473449707,2051400
2016-04-13,13.470000267028809,9.566650390625,1594500
2016-04-14,13.446666717529297,9.550078392028809,1419300
2016-04-15,13.449999809265137,9.552449226379395,2436000
2016-04-18,13.539999961853027,9.61636734008789,1848600
2016-04-19,13.5600004196167,9.630573272705078,2377800
2016-04-20,13.516667366027832,9.5997953414917,1918500
2016-04-21,13.430000305175781,9.538243293762207,1825200
2016-04-22,13.426667213439941,9.535877227783203,1628400
2016-04-25,13.433333396911621,9.540607452392578,1794000
2016-04-26,13.453332901000977,9.554815292358398,1868100
2016-04-27,13.543333053588867,9.618735313415527,1538100
2016-04-28,13.423333168029785,9.533506393432617,1650000
2016-04-29,13.34000015258789,9.474323272705078,2298900
2016-05-02,13.420000076293945,9.531137466430664,1945500
2016-05-03,13.350000381469727,9.481427192687988,2446800
2016-05-04,13.300000190734863,9.445913314819336,2681700
2016-05-05,13.30666732788086,9.450652122497559,1449300
2016-05-06,13.380000114440918,9.502730369567871,1400700
2016-05-09,13.380000114440918,9.502730369567871,1102200
2016-05-10,13.529999732971191,9.609261512756348,1775400
2016-05-11,13.426667213439941,9.535877227783203,1774800
2016-05-12,13.463333129882812,9.561912536621094,1130400
2016-05-13,13.326666831970215,9.464853286743164,1662900
2016-05-16,13.446666717529297,9.550078392028809,1404000
2016-05-17,13.316666603088379,9.45775032043457,2359500
2016-05-18,13.236666679382324,9.400934219360352,2294400
2016-05-19,13.223333358764648,9.391464233398438,2064000
2016-05-20,13.273332595825195,9.426974296569824,1067400
2016-05-23,13.260000228881836,9.417509078979492,1416000
2016-05-24,13.416666984558105,9.52877426147461,1588800
2016-05-25,13.5,9.587958335876465,1246500
2016-05-26,13.516667366027832,9.5997953414917,768600
2016-05-27,13.553333282470703,9.625835418701172,1444200
2016-05-31,13.526666641235352,9.60689640045166,1263900
2016-06-01,13.55666732788086,9.628204345703125,1963800
2016-06-02,13.569999694824219,9.63767147064209,948300
2016-06-03,13.59000015258789,9.651878356933594,1791300
2016-06-06,13.666666984558105,9.706326484680176,2626200
2016-06-07,13.716667175292969,9.741839408874512,1614300
2016-06-08,13.760000228881836,9.772616386413574,1252200
2016-06-09,13.766667366027832,9.777351379394531,867900
2016-06-10,13.706666946411133,9.734734535217285,1084500
2016-06-13,13.600000381469727,9.658977508544922,1493100
2016-06-14,13.606666564941406,9.663715362548828,1218300
2016-06-15,13.583333015441895,9.647141456604004,1500300
2016-06-16,13.65999984741211,9.701594352722168,1351800
2016-06-17,13.630000114440918,9.680288314819336,969300
2016-06-20,13.626667022705078,9.753531455993652,1922400
2016-06-21,13.65999984741211,9.777392387390137,1174200
2016-06-22,13.626667022705078,9.753531455993652,989100
2016-06-23,13.789999961853027,9.870443344116211,1455000
2016-06-24,13.399999618530273,9.591290473937988,4989900
2016-06-27,13.223333358764648,9.464839935302734,6081600
2016-06-28,13.390000343322754,9.584134101867676,3090000
2016-06-29,13.579999923706055,9.720130920410156,3900900
2016-06-30,13.813332557678223,9.8871431350708,2651100
2016-07-01,13.826666831970215,9.896683692932129,1799700
2016-07-05,13.779999732971191,9.863286972045898,1546800
2016-07-06,13.826666831970215,9.896683692932129,1606800
2016-07-07,13.80666732788086,9.882373809814453,1760100
2016-07-08,13.989999771118164,10.013595581054688,1932600
2016-07-11,14.053333282470703,10.058927536010742,1728900
2016-07-12,14.126667022705078,10.111417770385742,5422800
2016-07-13,14.15999984741211,10.135274887084961,1542600
2016-07-14,14.216667175292969,10.175836563110352,1524600
2016-07-15,14.210000038146973,10.171063423156738,1364100
2016-07-18,14.223333358764648,10.1806058883667,1078800
2016-07-19,14.226667404174805,10.182995796203613,1272000
2016-07-20,14.276666641235352,10.218782424926758,1021500
2016-07-21,14.226667404174805,10.182995796203613,1452900
2016-07-22,14.3100004196167,10.242640495300293,1120200
2016-07-25,14.279999732971191,10.221168518066406,1182600
2016-07-26,14.289999961853027,10.228326797485352,1667700
2016-07-27,14.213333129882812,10.173452377319336,1359000
2016-07-28,14.183333396911621,10.151979446411133,1050000
2016-07-29,14.206666946411133,10.168681144714355,1571400
2016-08-01,14.16333293914795,10.137663841247559,1794000
2016-08-02,14.073332786560059,10.0732421875,1371900
2016-08-03,14.079999923706055,10.07801342010498,693000
2016-08-04,14.103333473205566,10.094717979431152,2761800
2016-08-05,14.183333396911621,10.151979446411133,930300
2016-08-08,14.183333396911621,10.151979446411133,1108500
2016-08-09,14.1899995803833,10.156749725341797,1017000
2016-08-10,14.186667442321777,10.154366493225098,1240800
2016-08-11,14.263333320617676,10.209238052368164,1245300
2016-08-12,14.25333309173584,10.202080726623535,1242600
2016-08-15,14.293333053588867,10.230712890625,1370700
2016-08-16,14.210000038146973,10.171063423156738,949200
2016-08-17,14.233332633972168,10.187767028808594,1104000
2016-08-18,14.276666641235352,10.218782424926758,1076400
2016-08-19,14.226667404174805,10.182995796203613,837900
2016-08-22,14.210000038146973,10.171063423156738,1266000
2016-08-23,14.243332862854004,10.194924354553223,1107900
2016-08-24,14.206666946411133,10.168681144714355,1071900
2016-08-25,14.199999809265137,10.163905143737793,1032600
2016-08-26,14.15999984741211,10.135274887084961,1413900
2016-08-29,14.239999771118164,10.192540168762207,1288200
2016-08-30,14.186667442321777,10.154366493225098,1159500
2016-08-31,14.15999984741211,10.135274887084961,1113900
2016-09-01,14.186667442321777,10.154366493225098,851100
2016-09-02,14.24666690826416,10.197310447692871,1211100
2016-09-06,14.286666870117188,10.225940704345703,1156800
2016-09-07,14.263333320617676,10.209238052368164,1115700
2016-09-08,14.233332633972168,10.187767028808594,1338900
2016-09-09,13.880000114440918,9.934858322143555,3557400
2016-09-12,14.076666831970215,10.075630187988281,2022900
2016-09-13,13.883333206176758,9.937250137329102,1660500
2016-09-14,13.850000381469727,9.913387298583984,1614300
2016-09-15,13.993332862854004,10.01598072052002,9441900
2016-09-16,13.953332901000977,9.987353324890137,7872900
2016-09-19,13.869999885559082,9.98591423034668,4539900
2016-09-20,13.863332748413086,9.981110572814941,954300
2016-09-21,14.00333309173584,10.081904411315918,1401000
2016-09-22,14.069999694824219,10.129901885986328,1637100
2016-09-23,13.99666690826416,10.077107429504395,1137000
2016-09-26,13.883333206176758,9.995513916015625,2091000
2016-09-27,13.989999771118164,10.072305679321289,1612500
2016-09-28,14.066666603088379,10.1274995803833,1259100
2016-09-29,13.989999771118164,10.072305679321289,1257900
2016-09-30,14.103333473205566,10.15390396118164,1991700
2016-10-03,14.053333282470703,10.117903709411621,1497600
2016-10-04,13.94333267211914,10.038707733154297,18874200
2016-10-05,14.00333309173584,10.081904411315918,1613400
2016-10-06,14.013333320617676,10.089105606079102,1598700
2016-10-07,13.986666679382324,10.069907188415527,1268400
2016-10-10,14.006667137145996,10.084306716918945,1571400
2016-10-11,13.866666793823242,9.983512878417969,1969800
2016-10-12,13.876667022705078,9.990713119506836,1510200
2016-10-13,13.833333015441895,9.959508895874023,2193000
2016-10-14,13.853333473205566,9.97391128540039,1333200
2016-10-17,13.816666603088379,9.947513580322266,1224000
2016-10-18,13.826666831970215,9.95470905303955,1255200
2016-10-19,13.796667098999023,9.933114051818848,1421700
2016-10-20,13.75,9.899514198303223,1327200
2016-10-21,13.796667098999023,9.933114051818848,1962000
2016-10-24,13.866666793823242,9.983512878417969,1024200
2016-10-25,13.873332977294922,9.98830795288086,1582200
2016-10-26,13.896666526794434,10.005109786987305,1438800
2016-10-27,13.853333473205566,9.97391128540039,1522800
2016-10-28,13.866666793823242,9.983512878417969,1509900
2016-10-31,13.883333206176758,9.995513916015625,1193700
2016-11-01,13.789999961853027,9.928314208984375,1657800
2016-11-02,13.739999771118164,9.892313957214355,2076000
2016-11-03,13.699999809265137,9.863516807556152,1721400
2016-11-04,13.646666526794434,9.825119972229004,1739700
2016-11-07,13.903332710266113,10.00991153717041,1817100
2016-11-08,13.983332633972168,10.0675048828125,1780200
2016-11-09,14.109999656677246,10.15870189666748,3871200
2016-11-10,14.09333324432373,10.146699905395508,2732100
2016-11-11,14.083333015441895,10.139501571655273,2246100
2016-11-14,14.063332557678223,10.125102996826172,1686300
2016-11-15,14.176667213439941,10.20669937133789,1368000
2016-11-16,14.176667213439941,10.20669937133789,1305600
2016-11-17,14.1899995803833,10.216300010681152,1470000
2016-11-18,14.173333168029785,10.204298973083496,1241400
2016-11-21,14.270000457763672,10.273895263671875,4462800
2016-11-22,14.34333324432373,10.32669448852539,3031500
2016-11-23,14.350000381469727,10.331494331359863,2916600
2016-11-25,14.41333293914795,10.377090454101562,1195500
2016-11-28,14.393333435058594,10.362693786621094,1685700
2016-11-29,14.390000343322754,10.360291481018066,1413600
2016-11-30,14.33666706085205,10.32189655303955,1655700
2016-12-01,14.239999771118164,10.252300262451172,2224800
2016-12-02,14.286666870117188,10.285895347595215,1180800
2016-12-05,14.346667289733887,10.329093933105469,1824900
2016-12-06,14.386667251586914,10.357892990112305,2371500
2016-12-07,14.59000015258789,10.50428581237793,1811400
2016-12-08,14.596667289733887,10.50908374786377,1889700
2016-12-09,14.676667213439941,10.566681861877441,1832700
2016-12-12,14.75,10.619481086730957,1843800
2016-12-13,14.84333324432373,10.686677932739258,1675800
2016-12-14,14.69333267211914,10.578682899475098,2287800
2016-12-15,14.736666679382324,10.609879493713379,1784100
2016-12-16,14.743332862854004,10.614680290222168,1644900
2016-12-19,14.646666526794434,10.641077041625977,1643700
2016-12-20,14.683333396911621,10.667717933654785,1516200
2016-12-21,14.649999618530273,10.643498420715332,3044700
2016-12-22,14.636667251586914,10.633813858032227,1482000
2016-12-23,14.646666526794434,10.641077041625977,866100
2016-12-27,14.670000076293945,10.658027648925781,2500500
2016-12-28,14.5600004196167,10.578109741210938,1546200
2016-12-29,14.573332786560059,10.587796211242676,1922700
2016-12-30,14.523332595825195,10.551473617553711,1350900
2017-01-03,14.600000381469727,10.607171058654785,2177100
2017-01-04,14.623332977294922,10.624122619628906,4258200
2017-01-05,14.609999656677246,10.6144380569458,1647600
2017-01-06,14.609999656677246,10.6144380569458,1512600
2017-01-09,14.533332824707031,10.558738708496094,1673400
2017-01-10,14.483332633972168,10.522412300109863,1863000
2017-01-11,14.523332595825195,10.551473617553711,1365900
2017-01-12,14.493332862854004,10.529678344726562,1929300
2017-01-13,14.50333309173584,10.536943435668945,1253100
2017-01-17,14.50333309173584,10.536943435668945,1965000
2017-01-18,14.510000228881836,10.541788101196289,1017900
2017-01-19,14.456666946411133,10.503040313720703,1311900
2017-01-20,14.533332824707031,10.558738708496094,1537200
2017-01-23,14.470000267028809,10.512723922729492,1706100
2017-01-24,14.55666732788086,10.575693130493164,1448100
2017-01-25,14.653332710266113,10.645917892456055,2823600
2017-01-26,14.600000381469727,10.607171058654785,1778700
2017-01-27,14.603333473205566,10.609594345092773,1209600
2017-01-30,14.523332595825195,10.551473617553711,1736700
2017-01-31,14.453332901000977,10.500617027282715,2264400
2017-02-01,14.386667251586914,10.452180862426758,1650600
2017-02-02,14.403332710266113,10.464289665222168,1979400
2017-02-03,14.470000267028809,10.512723922729492,1434000
2017-02-06,14.453332901000977,10.500617027282715,1644300
2017-02-07,14.483332633972168,10.522412300109863,1381200
2017-02-08,14.50333309173584,10.536943435668945,884400
2017-02-09,14.563332557678223,10.58053207397461,1425000
2017-02-10,14.596667289733887,10.604751586914062,1926900
2017-02-13,14.670000076293945,10.658027648925781,1428300
2017-02-14,14.699999809265137,10.679824829101562,1468500
2017-02-15,14.783332824707031,10.74036693572998,1400100
2017-02-16,14.8100004196167,10.759740829467773,1494900
2017-02-17,14.829999923706055,10.774270057678223,1335600
2017-02-21,14.90999984741211,10.832392692565918,1739400
2017-02-22,14.896666526794434,10.822708129882812,1431900
2017-02-23,14.960000038146973,10.868717193603516,1188300
2017-02-24,15.0,10.897778511047363,1071600
2017-02-27,15.00333309173584,10.900201797485352,1318500
2017-02-28,14.946666717529297,10.859030723571777,1571100
2017-03-01,15.103333473205566,10.972854614257812,1914300
2017-03-02,15.053333282470703,10.93652629852295,2011800
2017-03-03,15.036666870117188,10.924419403076172,1671900
2017-03-06,15.013333320617676,10.907465934753418,1725900
2017-03-07,14.966667175292969,10.873562812805176,1248300
2017-03-08,14.949999809265137,10.86145305633545,1416300
2017-03-09,14.956666946411133,10.866300582885742,1476300
2017-03-10,15.016667366027832,10.909889221191406,1315500
2017-03-13,15.010000228881836,10.905044555664062,1098900
2017-03-14,14.963333129882812,10.871139526367188,1136700
2017-03-15,15.076666831970215,10.953479766845703,1446000
2017-03-16,15.063332557678223,10.943794250488281,1075200
2017-03-17,15.073332786560059,10.951059341430664,1657200
2017-03-20,14.94333267211914,10.935449600219727,1131900
2017-03-21,14.833333015441895,10.854948043823242,2079600
2017-03-22,14.846667289733887,10.864707946777344,3082800
2017-03-23,14.826666831970215,10.850069999694824,1353900
2017-03-24,14.793333053588867,10.825677871704102,1610700
2017-03-27,14.779999732971191,10.815919876098633,2858100
2017-03-28,14.856666564941406,10.872027397155762,2582100
2017-03-29,14.853333473205566,10.869586944580078,2609400
2017-03-30,14.873332977294922,10.884220123291016,1558500
2017-03-31,14.859999656677246,10.87446403503418,1323900
2017-04-03,14.816666603088379,10.842751502990723,2298900
2017-04-04,14.853333473205566,10.869586944580078,4558500
2017-04-05,14.813332557678223,10.840312957763672,1808400
2017-04-06,14.819999694824219,10.845192909240723,1302000
2017-04-07,14.826666831970215,10.850069999694824,1687500
2017-04-10,14.826666831970215,10.850069999694824,1412700
2017-04-11,14.829999923706055,10.852508544921875,1823400
2017-04-12,14.786666870117188,10.820798873901367,1360200
2017-04-13,14.696666717529297,10.754937171936035,1571100
2017-04-17,14.793333053588867,10.825677871704102,1442700
2017-04-18,14.789999961853027,10.823236465454102,1648500
2017-04-19,14.729999542236328,10.77933120727539,1370700
2017-04-20,14.803333282470703,10.83299446105957,901500
2017-04-21,14.779999732971191,10.815919876098633,1173900
2017-04-24,14.90999984741211,10.911052703857422,1616700
2017-04-25,14.989999771118164,10.969598770141602,1454400
2017-04-26,14.956666946411133,10.945207595825195,1396800
2017-04-27,14.966667175292969,10.952522277832031,1069200
2017-04-28,14.896666526794434,10.901297569274902,1349100
2017-05-01,14.873332977294922,10.884220123291016,1143600
2017-05-02,14.880000114440918,10.8891019821167,1413600
2017-05-03,14.890000343322754,10.8964204788208,1373400
2017-05-04,14.903332710266113,10.906176567077637,932700
2017-05-05,14.956666946411133,10.945207595825195,897000
2017-05-08,14.9399995803833,10.933006286621094,3549600
2017-05-09,14.926667213439941,10.923250198364258,1227000
2017-05-10,14.936667442321777,10.930571556091309,1109100
2017-05-11,14.873332977294922,10.884220123291016,1435800
2017-05-12,14.846667289733887,10.864707946777344,940200
2017-05-15,14.926667213439941,10.923250198364258,1197900
2017-05-16,14.9399995803833,10.933006286621094,1023600
2017-05-17,14.756667137145996,10.798845291137695,3060600
2017-05-18,14.773332595825195,10.811041831970215,2530500
2017-05-19,14.886667251586914,10.8939790725708,1011300
2017-05-22,14.963333129882812,10.950080871582031,1122000
2017-05-23,14.953332901000977,10.942764282226562,949800
2017-05-24,14.983332633972168,10.964717864990234,1422600
2017-05-25,15.083333015441895,11.037898063659668,1198800
2017-05-26,15.076666831970215,11.033019065856934,697200
2017-05-30,15.113332748413086,11.05985164642334,962700
2017-05-31,15.15666675567627,11.091564178466797,952200
2017-06-01,15.233332633972168,11.147668838500977,1674000
2017-06-02,15.260000228881836,11.167183876037598,825300
2017-06-05,15.266667366027832,11.172061920166016,1245300
2017-06-06,15.223333358764648,11.140349388122559,1107900
2017-06-07,15.210000038146973,11.130595207214355,882000
2017-06-08,15.199999809265137,11.123272895812988,1013700
2017-06-09,15.233332633972168,11.147668838500977,1370400
2017-06-12,15.260000228881836,11.167183876037598,1265100
2017-06-13,15.30666732788086,11.20133113861084,1277100
2017-06-14,15.326666831970215,11.21596908569336,1252200
2017-06-15,15.323332786560059,11.213530540466309,1391400
2017-06-16,15.350000381469727,11.233044624328613,1100400
2017-06-19,15.323332786560059,11.294711112976074,1535700
2017-06-20,15.239999771118164,11.233287811279297,985800
2017-06-21,15.180000305175781,11.189064025878906,1243500
2017-06-22,15.16333293914795,11.176777839660645,1499100
2017-06-23,15.19333267211914,11.198892593383789,1071300
2017-06-26,15.180000305175781,11.189064025878906,1866600
2017-06-27,15.076666831970215,11.112898826599121,3392700
2017-06-28,15.143333435058594,11.16203784942627,1113000
2017-06-29,14.986666679382324,11.04655933380127,2022300
2017-06-30,15.033332824707031,11.08095645904541,1044900
2017-07-03,15.069999694824219,11.107982635498047,680400
2017-07-05,15.079999923706055,11.115351676940918,1377900
2017-07-06,14.966667175292969,11.031818389892578,1152600
2017-07-07,15.033332824707031,11.08095645904541,1242300
2017-07-10,15.0,11.056386947631836,1216500
2017-07-11,14.986666679382324,11.04655933380127,1191000
2017-07-12,15.08666706085205,11.120271682739258,1203600
2017-07-13,15.100000381469727,11.130097389221191,1265100
2017-07-14,15.186667442321777,11.193981170654297,822300
2017-07-17,15.180000305175781,11.189064025878906,1140000
2017-07-18,15.15666675567627,11.17186450958252,1141500
2017-07-19,15.206666946411133,11.208719253540039,1077600
2017-07-20,15.206666946411133,11.208719253540039,1222800
2017-07-21,15.186667442321777,11.193981170654297,1290000
2017-07-24,15.09333324432373,11.125179290771484,1990200
2017-07-25,15.173333168029785,11.184148788452148,2295300
2017-07-26,15.199999809265137,11.203803062438965,1254000
2017-07-27,15.323332786560059,11.294711112976074,910800
2017-07-28,15.25,11.240660667419434,1195200
2017-07-31,15.283332824707031,11.265230178833008,1246500
2017-08-01,15.293333053588867,11.272599220275879,1229400
2017-08-02,15.279999732971191,11.262770652770996,989100
2017-08-03,15.30666732788086,11.282429695129395,1085700
2017-08-04,15.326666831970215,11.297170639038086,699300
2017-08-07,15.353333473205566,11.316826820373535,973500
2017-08-08,15.316666603088379,11.289801597595215,1139100
2017-08-09,15.323332786560059,11.294711112976074,1117500
2017-08-10,15.220000267028809,11.218548774719238,1281300
2017-08-11,15.213333129882812,11.21363639831543,1111500
2017-08-14,15.326666831970215,11.297170639038086,1141800
2017-08-15,15.326666831970215,11.297170639038086,875700
2017-08-16,15.363332748413086,11.32419490814209,1100100
2017-08-17,15.149999618530273,11.166949272155762,1816800
2017-08-18,15.096667289733887,11.127640724182129,3172200
2017-08-21,15.146666526794434,11.1644926071167,11046900
2017-08-22,15.233332633972168,11.228374481201172,6925800
2017-08-23,15.180000305175781,11.189064025878906,1085400
2017-08-24,15.15666675567627,11.17186450958252,1245000
2017-08-25,15.199999809265137,11.203803062438965,825900
2017-08-28,15.183333396911621,11.191520690917969,1187700
2017-08-29,15.199999809265137,11.203803062438965,956700
2017-08-30,15.229999542236328,11.225918769836426,902700
2017-08-31,15.279999732971191,11.262770652770996,919800
2017-09-01,15.303333282470703,11.279973030090332,998100
2017-09-05,15.236666679382324,11.230831146240234,16979100
2017-09-06,15.303333282470703,11.279973030090332,1225200
2017-09-07,15.326666831970215,11.297170639038086,666000
2017-09-08,15.303333282470703,11.279973030090332,948900
2017-09-11,15.433333396911621,11.375792503356934,1384500
2017-09-12,15.506667137145996,11.429844856262207,1017000
2017-09-13,15.539999961853027,11.454414367675781,822000
2017-09-14,15.58666706085205,11.488814353942871,767100
2017-09-15,15.646666526794434,11.533039093017578,1029600
2017-09-18,15.566666603088379,11.558782577514648,1563600
2017-09-19,15.583333015441895,11.571158409118652,1067400
2017-09-20,15.58666706085205,11.57363224029541,1090800
2017-09-21,15.526666641235352,11.529080390930176,828900
2017-09-22,15.55666732788086,11.551355361938477,1061400
2017-09-25,15.573332786560059,11.56373119354248,1947600
2017-09-26,15.553333282470703,11.548882484436035,979800
2017-09-27,15.550000190734863,11.546406745910645,949500
2017-09-28,15.59000015258789,11.576107025146484,744300
2017-09-29,15.600000381469727,11.583529472351074,1075200
2017-10-02,15.666666984558105,11.633035659790039,2342700
2017-10-03,15.716667175292969,11.670161247253418,1409400
2017-10-04,15.756667137145996,11.699859619140625,1069200
2017-10-05,15.823332786560059,11.74936580657959,921300
2017-10-06,15.800000190734863,11.732038497924805,852900
2017-10-09,15.823332786560059,11.74936580657959,1037100
2017-10-10,15.91333293914795,11.816194534301758,1159200
2017-10-11,15.949999809265137,11.84341812133789,934500
2017-10-12,15.970000267028809,11.858270645141602,1022400
2017-10-13,16.003332138061523,11.88302230834961,1062600
2017-10-16,16.003332138061523,11.88302230834961,1216200
2017-10-17,16.010000228881836,11.887972831726074,1255200
2017-10-18,16.06333351135254,11.92757511138916,1021500
2017-10-19,16.100000381469727,11.95479965209961,997800
2017-10-20,16.15333366394043,11.994400024414062,1153200
2017-10-23,16.166667938232422,12.004302024841309,1255800
2017-10-24,16.18666648864746,12.019152641296387,1056900
2017-10-25,16.110000610351562,11.962223052978516,1419000
2017-10-26,16.163333892822266,12.001827239990234,1925400
2017-10-27,16.270000457763672,12.08103084564209,1021200
2017-10-30,16.156667709350586,11.996875762939453,1643100
2017-10-31,16.163333892822266,12.001827239990234,1186500
2017-11-01,16.22333335876465,12.046378135681152,1323600
2017-11-02,16.23666763305664,12.056279182434082,1216200
2017-11-03,16.25666618347168,12.071127891540527,1144500
2017-11-06,16.206666946411133,12.034005165100098,1502400
2017-11-07,16.246667861938477,12.063706398010254,1305600
2017-11-08,16.296667098999023,12.100830078125,1008900
2017-11-09,16.22333335876465,12.046378135681152,1934400
2017-11-10,16.226667404174805,12.04885482788086,1303500
2017-11-13,16.290000915527344,12.095882415771484,1833600
2017-11-14,16.309999465942383,12.110729217529297,1032600
2017-11-15,16.18666648864746,12.019152641296387,3121800
2017-11-16,16.350000381469727,12.140434265136719,1170900
2017-11-17,16.290000915527344,12.095882415771484,1105200
2017-11-20,16.343332290649414,12.135480880737305,1105200
2017-11-21,16.43666648864746,12.204785346984863,1579200
2017-11-22,16.399999618530273,12.177556991577148,2468100
2017-11-24,16.43000030517578,12.199835777282715,819000
2017-11-27,16.446666717529297,12.212211608886719,1355700
2017-11-28,16.6200008392334,12.340916633605957,1346700
2017-11-29,16.68666648864746,12.390419006347656,1510800
2017-11-30,16.843332290649414,12.50674819946289,3618900
2017-12-01,16.816667556762695,12.48694896697998,2712900
2017-12-04,16.883333206176758,12.53644847869873,2426100
2017-12-05,16.809999465942383,12.481998443603516,2387400
2017-12-06,16.823333740234375,12.491896629333496,1291200
2017-12-07,16.81333351135254,12.484474182128906,1149600
2017-12-08,16.873332977294922,12.529025077819824,1240500
2017-12-11,16.92333221435547,12.566153526306152,1350600
2017-12-12,16.94333267211914,12.581000328063965,1777200
2017-12-13,16.996667861938477,12.620601654052734,1470600
2017-12-14,16.926666259765625,12.568628311157227,1334100
2017-12-15,17.053333282470703,12.662683486938477,1894200
2017-12-18,17.05666732788086,12.751143455505371,2638500
2017-12-19,17.066667556762695,12.758624076843262,1524900
2017-12-20,17.066667556762695,12.758624076843262,1763400
2017-12-21,17.036666870117188,12.736188888549805,1671300
2017-12-22,17.05666732788086,12.751143455505371,1445100
2017-12-26,17.066667556762695,12.758624076843262,2246700
2017-12-27,17.09000015258789,12.776067733764648,4083900
2017-12-28,17.100000381469727,12.783541679382324,1797000
2017-12-29,17.05666732788086,12.751143455505371,1890900
2018-01-02,17.110000610351562,12.791017532348633,2382300
2018-01-03,17.15999984741211,12.828392028808594,2928900
2018-01-04,17.24333381652832,12.890690803527832,2469900
2018-01-05,17.350000381469727,12.970433235168457,2328600
2018-01-08,17.386667251586914,12.997842788696289,2660400
2018-01-09,17.389999389648438,13.000336647033691,3060300
2018-01-10,17.34000015258789,12.962960243225098,2682900
2018-01-11,17.463333129882812,13.055158615112305,2049000
2018-01-12,17.56333351135254,13.12991714477539,2458500
2018-01-16,17.53333282470703,13.107489585876465,3421500
2018-01-17,17.796667098999023,13.304349899291992,2446800
2018-01-18,17.746667861938477,13.266974449157715,3337200
2018-01-19,17.803333282470703,13.309333801269531,2493300
2018-01-22,17.946666717529297,13.416489601135254,2629800
2018-01-23,17.90333366394043,13.3840913772583,2496000
2018-01-24,17.860000610351562,13.351696968078613,2464200
2018-01-25,17.889999389648438,13.374126434326172,2331900
2018-01-26,18.19333267211914,13.6008882522583,2838300
2018-01-29,18.06333351135254,13.503705978393555,2815200
2018-01-30,17.833332061767578,13.331764221191406,3911100
2018-01-31,17.833332061767578,13.331764221191406,3468000
2018-02-01,17.77666664123535,13.289397239685059,3010500
2018-02-02,17.389999389648438,13.000336647033691,5088300
2018-02-05,16.633333206176758,12.434672355651855,10652100
2018-02-06,16.913333892822266,12.643993377685547,9009600
2018-02-07,16.876667022705078,12.616582870483398,4570200
2018-02-08,16.260000228881836,12.1555757522583,5699100
2018-02-09,16.479999542236328,12.320042610168457,8161500
2018-02-12,16.706666946411133,12.489493370056152,3564900
2018-02-13,16.719999313354492,12.499462127685547,2163300
2018-02-14,16.816667556762695,12.57172679901123,2344800
2018-02-15,17.01333236694336,12.71875,2858100
2018-02-16,17.03333282470703,12.733705520629883,2988300
2018-02-20,16.833332061767578,12.584187507629395,2567100
2018-02-21,16.683332443237305,12.472047805786133,3061500
2018-02-22,16.75,12.521888732910156,3278400
2018-02-23,16.989999771118164,12.701306343078613,2015100
2018-02-26,17.22333335876465,12.875739097595215,2709900
2018-02-27,17.046667098999023,12.743669509887695,2801400
2018-02-28,16.829999923706055,12.581695556640625,3213600
2018-03-01,16.623332977294922,12.42719554901123,4178100
2018-03-02,16.67333221435547,12.46457290649414,3917100
2018-03-05,16.84666633605957,12.594152450561523,2889000
2018-03-06,16.860000610351562,12.604119300842285,2030100
2018-03-07,16.823333740234375,12.57670783996582,1796400
2018-03-08,16.893333435058594,12.629045486450195,1593000
2018-03-09,17.133333206176758,12.808460235595703,1653900
2018-03-12,17.036666870117188,12.736188888549805,1926600
2018-03-13,16.969999313354492,12.686352729797363,1535100
2018-03-14,16.81333351135254,12.569235801696777,1807800
2018-03-15,16.81999969482422,12.57421875,2095500
2018-03-16,16.796667098999023,12.622316360473633,2150400
2018-03-19,16.59000015258789,12.46700668334961,2632200
2018-03-20,16.593332290649414,12.469512939453125,1745400
2018-03-21,16.53333282470703,12.424423217773438,2411100
2018-03-22,16.17333221435547,12.153891563415527,3543300
2018-03-23,15.859999656677246,11.918431282043457,5365500
2018-03-26,16.246667861938477,12.209000587463379,3089400
2018-03-27,16.083332061767578,12.086258888244629,7560900
2018-03-28,16.139999389648438,12.128841400146484,2381400
2018-03-29,16.343332290649414,12.281641960144043,1938600
2018-04-02,15.956666946411133,11.991072654724121,4953900
2018-04-03,16.176666259765625,12.15639877319336,3321300
2018-04-04,16.366666793823242,12.299178123474121,2396100
2018-04-05,16.450000762939453,12.361802101135254,3599700
2018-04-06,16.1200008392334,12.113814353942871,3364500
2018-04-09,16.123332977294922,12.116318702697754,2822700
2018-04-10,16.363332748413086,12.296672821044922,2676300
2018-04-11,16.309999465942383,12.256592750549316,2309400
2018-04-12,16.399999618530273,12.324225425720215,2564700
2018-04-13,16.3799991607666,12.309195518493652,2433300
2018-04-16,16.546667098999023,12.434443473815918,2633400
2018-04-17,16.64666748046875,12.509589195251465,7239000
2018-04-18,16.59000015258789,12.46700668334961,5970300
2018-04-19,16.376667022705078,12.306693077087402,5347800
2018-04-20,16.21666717529297,12.186455726623535,3855300
2018-04-23,16.226667404174805,12.1939697265625,7383300
2018-04-24,16.06999969482422,12.076239585876465,8897700
2018-04-25,16.15333366394043,12.138863563537598,6927600
2018-04-26,16.286666870117188,12.239057540893555,3548700
2018-04-27,16.31333351135254,12.259099960327148,1698900
2018-04-30,16.15999984741211,12.143876075744629,2766900
2018-05-01,16.073333740234375,12.078743934631348,4299600
2018-05-02,15.90999984741211,11.956002235412598,18551100
2018-05-03,15.869999885559082,11.925945281982422,11351100
2018-05-04,16.079999923706055,12.083755493164062,2380500
2018-05-07,16.059999465942383,12.068721771240234,2424000
2018-05-08,16.059999465942383,12.068721771240234,2002200
2018-05-09,16.166667938232422,12.148883819580078,1896300
2018-05-10,16.329999923706055,12.271623611450195,2475300
2018-05-11,16.399999618530273,12.324225425720215,1947900
2018-05-14,16.46666717529297,12.37432861328125,2050800
2018-05-15,16.366666793823242,12.299178123474121,2572800
2018-05-16,16.483333587646484,12.386848449707031,1519200
2018-05-17,16.51333236694336,12.409395217895508,1410300
2018-05-18,16.463333129882812,12.371821403503418,1734000
2018-05-21,16.616666793823242,12.48704719543457,1983600
2018-05-22,16.53333282470703,12.424423217773438,1552800
2018-05-23,16.566667556762695,12.449472427368164,1430400
2018-05-24,16.546667098999023,12.434443473815918,1290000
2018-05-25,16.53333282470703,12.424423217773438,1171500
2018-05-29,16.406667709350586,12.32923698425293,2065500
2018-05-30,16.639999389648438,12.504581451416016,2296800
2018-05-31,16.450000762939453,12.361802101135254,3770700
2018-06-01,16.606666564941406,12.479534149169922,2230500
2018-06-04,16.69333267211914,12.544657707214355,1660200
2018-06-05,16.733333587646484,12.57472038269043,1153200
2018-06-06,16.836666107177734,12.65237045288086,1346400
2018-06-07,16.883333206176758,12.6874418258667,1421100
2018-06-08,16.959999084472656,12.7450532913208,1128300
2018-06-11,16.99333381652832,12.77010726928711,1205700
2018-06-12,17.003332138061523,12.777619361877441,1854600
2018-06-13,16.913333892822266,12.70998477935791,1147800
2018-06-14,16.913333892822266,12.70998477935791,1228800
2018-06-15,16.97333335876465,12.75507640838623,1557000
2018-06-18,16.82666778564453,12.644857406616211,1398900
2018-06-19,16.78333282470703,12.612292289733887,1566000
2018-06-20,16.780000686645508,12.609789848327637,1127100
2018-06-21,16.703332901000977,12.552176475524902,1163100
2018-06-22,16.780000686645508,12.609789848327637,1092900
2018-06-25,16.65333366394043,12.51460075378418,2028600
2018-06-26,16.479999542236328,12.485809326171875,1605000
2018-06-27,16.360000610351562,12.3948974609375,1553400
2018-06-28,16.42333221435547,12.442878723144531,2563500
2018-06-29,16.43000030517578,12.447930335998535,1469100
2018-07-02,16.40333366394043,12.427726745605469,3512400
2018-07-03,16.373332977294922,12.404996871948242,1047300
2018-07-05,16.546667098999023,12.536319732666016,2170800
2018-07-06,16.616666793823242,12.58935260772705,1305900
2018-07-09,16.719999313354492,12.667642593383789,1606800
2018-07-10,16.856666564941406,12.771185874938965,1755900
2018-07-11,16.706666946411133,12.657543182373047,1424700
2018-07-12,16.790000915527344,12.720681190490723,1584900
2018-07-13,16.860000610351562,12.773713111877441,1219200
2018-07-16,16.81333351135254,12.738357543945312,1288200
2018-07-17,16.863332748413086,12.776237487792969,1263000
2018-07-18,16.8799991607666,12.788862228393555,915000
2018-07-19,16.889999389648438,12.796439170837402,1104900
2018-07-20,16.866666793823242,12.778763771057129,942600
2018-07-23,16.856666564941406,12.771185874938965,1029600
2018-07-24,16.90999984741211,12.811592102050781,1698000
2018-07-25,17.010000228881836,12.887356758117676,1941300
2018-07-26,17.113332748413086,12.965646743774414,1612800
2018-07-27,17.03333282470703,12.905037879943848,1433700
2018-07-30,17.023332595825195,12.897459983825684,1330500
2018-07-31,17.176666259765625,13.013629913330078,1514100
2018-08-01,17.03333282470703,12.905037879943848,1446600
2018-08-02,17.113332748413086,12.965646743774414,1506300
2018-08-03,17.239999771118164,13.061615943908691,2048700
2018-08-06,17.266666412353516,13.081815719604492,1469700
2018-08-07,17.323333740234375,13.124749183654785,3850500
2018-08-08,17.309999465942383,13.11464786529541,1289100
2018-08-09,17.266666412353516,13.081815719604492,1289700
2018-08-10,17.156667709350586,12.998478889465332,1660200
2018-08-13,17.083332061767578,12.942914009094238,1561200
2018-08-14,17.183332443237305,13.018677711486816,1086000
2018-08-15,17.15999984741211,13.001002311706543,1664700
2018-08-16,17.360000610351562,13.152530670166016,1468200
2018-08-17,17.453332901000977,13.223243713378906,1786800
2018-08-20,17.496667861938477,13.256073951721191,1722300
2018-08-21,17.53333282470703,13.283852577209473,1325700
2018-08-22,17.47333335876465,13.238393783569336,1435800
2018-08-23,17.459999084472656,13.228289604187012,1373400
2018-08-24,17.520000457763672,13.27375316619873,1130400
2018-08-27,17.610000610351562,13.341935157775879,2006700
2018-08-28,17.613332748413086,13.344461441040039,1359300
2018-08-29,17.643333435058594,13.367193222045898,1194000
2018-08-30,17.549999237060547,13.296481132507324,1452000
2018-08-31,17.56999969482422,13.311630249023438,1284300
2018-09-04,17.56333351135254,13.306581497192383,1451700
2018-09-05,17.696666717529297,13.407596588134766,1701000
2018-09-06,17.700000762939453,13.410125732421875,1487700
2018-09-07,17.65333366394043,13.374773025512695,1370100
2018-09-10,17.719999313354492,13.425273895263672,1618500
2018-09-11,17.69333267211914,13.405073165893555,1650000
2018-09-12,17.733333587646484,13.43537712097168,1526100
2018-09-13,17.799999237060547,13.485884666442871,1369800
2018-09-14,17.81999969482422,13.5010404586792,1356600
2018-09-17,17.80666732788086,13.490938186645508,1650900
2018-09-18,17.89666748046875,13.559126853942871,1356600
2018-09-19,17.8799991607666,13.546497344970703,2233800
2018-09-20,18.01333236694336,13.647516250610352,1920000
2018-09-21,18.049999237060547,13.675297737121582,1694700
2018-09-24,17.90333366394043,13.56418228149414,1830600
2018-09-25,17.666667938232422,13.476959228515625,2071200
2018-09-26,17.643333435058594,13.459159851074219,1670100
2018-09-27,17.636667251586914,13.454073905944824,1407000
2018-09-28,17.666667938232422,13.476959228515625,1605300
2018-10-01,17.71666717529297,13.515100479125977,2867100
2018-10-02,17.770000457763672,13.555784225463867,1845600
2018-10-03,17.760000228881836,13.548155784606934,1604700
2018-10-04,17.67333221435547,13.48204517364502,2360400
2018-10-05,17.56333351135254,13.398131370544434,1710300
2018-10-08,17.649999618530273,13.46424674987793,1622100
2018-10-09,17.586666107177734,13.415929794311523,2018100
2018-10-10,17.14666748046875,13.080278396606445,5194200
2018-10-11,16.709999084472656,12.747166633605957,7683300
2018-10-12,16.833332061767578,12.841255187988281,4164900
2018-10-15,16.81333351135254,12.825995445251465,2038800
2018-10-16,17.079999923706055,13.029422760009766,2284800
2018-10-17,16.996667861938477,12.965851783752441,2091900
2018-10-18,16.81333351135254,12.825995445251465,3569400
2018-10-19,16.85333251953125,12.856505393981934,1944600
2018-10-22,16.803333282470703,12.818367958068848,2018100
2018-10-23,16.733333587646484,12.764969825744629,4458900
2018-10-24,16.350000381469727,12.472542762756348,3477900
2018-10-25,16.520000457763672,12.602229118347168,3434100
2018-10-26,16.323333740234375,12.452200889587402,7546200
2018-10-29,16.366666793823242,12.48525333404541,5576400
2018-10-30,16.690000534057617,12.731912612915039,4408500
2018-10-31,16.623332977294922,12.68105411529541,2227500
2018-11-01,16.816667556762695,12.828539848327637,2284500
2018-11-02,16.76333236694336,12.787853240966797,3610200
2018-11-05,16.953332901000977,12.932792663574219,2458800
2018-11-06,17.066667556762695,13.019250869750977,2980200
2018-11-07,17.280000686645508,13.181992530822754,3352500
2018-11-08,17.273332595825195,13.176901817321777,2244600
2018-11-09,17.17333221435547,13.100619316101074,1898400
2018-11-12,16.93666648864746,12.920080184936523,2576400
2018-11-13,16.92333221435547,12.909907341003418,2865900
2018-11-14,16.843332290649414,12.848881721496582,4440000
2018-11-15,16.963333129882812,12.940421104431152,4443300
2018-11-16,17.010000228881836,12.976022720336914,2480700
2018-11-19,16.866666793823242,12.866681098937988,2636700
2018-11-20,16.52666664123535,12.607309341430664,4482900
2018-11-21,16.546667098999023,12.62256908416748,3224100
2018-11-23,16.469999313354492,12.564085960388184,1484700
2018-11-26,16.64666748046875,12.698854446411133,3627900
2018-11-27,16.770000457763672,12.792936325073242,2367300
2018-11-28,17.03333282470703,12.99382209777832,2712900
2018-11-29,17.0,12.96839714050293,1858200
2018-11-30,17.183332443237305,13.108246803283691,2544900
2018-12-03,17.266666412353516,13.1718168258667,3901200
2018-12-04,16.80666732788086,12.82091236114502,4129500
2018-12-06,16.74333381652832,12.772597312927246,6839700
2018-12-07,16.413333892822266,12.520856857299805,4391100
2018-12-10,16.440000534057617,12.5412015914917,6895200
2018-12-11,16.46666717529297,12.561544418334961,5126700
2018-12-12,16.34666633605957,12.573078155517578,4592100
2018-12-13,16.3700008392334,12.59102725982666,3341100
2018-12-14,16.156667709350586,12.42694091796875,4311300
2018-12-17,15.816666603088379,12.165428161621094,8396100
2018-12-18,15.793333053588867,12.14748477935791,8332800
2018-12-19,15.553333282470703,11.962882995605469,8329200
2018-12-20,15.346667289733887,11.803927421569824,14826900
2018-12-21,15.170000076293945,11.668041229248047,11748300
2018-12-24,14.743332862854004,11.339871406555176,9286500
2018-12-26,15.376667022705078,11.82700252532959,13596300
2018-12-27,15.563332557678223,11.970576286315918,11298600
2018-12-28,15.526666641235352,11.94237232208252,7551000
2018-12-31,15.65666675567627,12.042362213134766,7402800
2019-01-02,15.65666675567627,12.042362213134766,6042000
2019-01-03,15.350000381469727,11.806490898132324,5907900
2019-01-04,15.773332595825195,12.132100105285645,5090100
2019-01-07,15.880000114440918,12.214143753051758,4483200
2019-01-08,16.030000686645508,12.32951545715332,4616400
2019-01-09,16.043333053588867,12.339770317077637,3149100
2019-01-10,16.113332748413086,12.393609046936035,3105900
2019-01-11,16.133333206176758,12.4089937210083,3621900
2019-01-14,16.059999465942383,12.352588653564453,2893500
2019-01-15,16.09000015258789,12.375661849975586,4116300
2019-01-16,16.03333282470703,12.332080841064453,4683300
2019-01-17,16.14666748046875,12.41925048828125,3051600
2019-01-18,16.413333892822266,12.624357223510742,4643400
2019-01-22,16.19333267211914,12.455141067504883,5065500
2019-01-23,16.25666618347168,12.503856658935547,3235800
2019-01-24,16.30666732788086,12.542315483093262,3151800
2019-01-25,16.366666793823242,12.588462829589844,2803800
2019-01-28,16.273332595825195,12.516674041748047,3855900
2019-01-29,16.293333053588867,12.532057762145996,1829100
2019-01-30,16.446666717529297,12.649998664855957,3677400
2019-01-31,16.60333251953125,12.770495414733887,3249900
2019-02-01,16.643333435058594,12.801261901855469,3225300
2019-02-04,16.739999771118164,12.875614166259766,2889600
2019-02-05,16.78333282470703,12.90894603729248,2126100
2019-02-06,16.843332290649414,12.955089569091797,2004900
2019-02-07,16.726667404174805,12.865358352661133,2463600
2019-02-08,16.726667404174805,12.865358352661133,2227500
2019-02-11,16.760000228881836,12.890995979309082,1697100
2019-02-12,17.0,13.075592041015625,2439300
2019-02-13,17.09666633605957,13.149944305419922,2220000
2019-02-14,17.043333053588867,13.108922958374023,2448000
2019-02-15,17.239999771118164,13.2601900100708,2031900
2019-02-19,17.30666732788086,13.3114652633667,2335200
2019-02-20,17.303333282470703,13.308900833129883,2513700
2019-02-21,17.239999771118164,13.2601900100708,1879800
2019-02-22,17.363332748413086,13.355051040649414,1985700
2019-02-25,17.363332748413086,13.355051040649414,3309600
2019-02-26,17.323333740234375,13.324284553527832,1822500
2019-02-27,17.280000686645508,13.290956497192383,2301000
2019-02-28,17.27666664123535,13.288393020629883,1896000
2019-03-01,17.34666633605957,13.342233657836914,2235000
2019-03-04,17.280000686645508,13.290956497192383,3008700
2019-03-05,17.239999771118164,13.2601900100708,2205000
2019-03-06,17.17333221435547,13.208910942077637,1980000
2019-03-07,17.05666732788086,13.119178771972656,3777300
2019-03-08,17.00666618347168,13.080718994140625,2638200
2019-03-11,17.246667861938477,13.265316009521484,2138100
2019-03-12,17.270000457763672,13.283262252807617,2262300
2019-03-13,17.3799991607666,13.36786937713623,2444400
2019-03-14,17.329999923706055,13.329411506652832,2559900
2019-03-15,17.42333221435547,13.401201248168945,11528100
2019-03-18,17.510000228881836,13.46785831451416,10807500
2019-03-19,17.489999771118164,13.452475547790527,8694000
2019-03-20,17.26333236694336,13.367812156677246,8808300
2019-03-21,17.453332901000977,13.514939308166504,2232900
2019-03-22,17.203332901000977,13.321353912353516,3875400
2019-03-25,17.166667938232422,13.292960166931152,3029100
2019-03-26,17.363332748413086,13.445247650146484,3347100
2019-03-27,17.296667098999023,13.393627166748047,2581500
2019-03-28,17.333332061767578,13.422018051147461,3125400
2019-03-29,17.426666259765625,13.494292259216309,2133900
2019-04-01,17.626667022705078,13.649162292480469,3236400
2019-04-02,17.573333740234375,13.607865333557129,2519700
2019-04-03,17.60333251953125,13.63109302520752,2641800
2019-04-04,17.700000762939453,13.70594310760498,2114400
2019-04-05,17.766666412353516,13.75757122039795,2315400
2019-04-08,17.829999923706055,13.806610107421875,2076600
2019-04-09,17.676666259765625,13.68787956237793,1975800
2019-04-10,17.700000762939453,13.70594310760498,1628700
2019-04-11,17.753332138061523,13.747245788574219,2165700
2019-04-12,17.866666793823242,13.835000991821289,2191500
2019-04-15,17.883333206176758,13.847908020019531,1769700
2019-04-16,18.023332595825195,13.956318855285645,2123700
2019-04-17,18.073333740234375,13.995038032531738,2390100
2019-04-18,18.06999969482422,13.992454528808594,1974000
2019-04-22,18.07666778564453,13.99761962890625,2216400
2019-04-23,18.200000762939453,14.093121528625488,1812000
2019-04-24,18.183332443237305,14.080211639404297,1642500
2019-04-25,17.906667709350586,13.865976333618164,2185800
2019-04-26,17.913333892822266,13.87114143371582,2149500
2019-04-29,17.883333206176758,13.847908020019531,1898100
2019-04-30,17.98666763305664,13.927926063537598,1900200
2019-05-01,17.829999923706055,13.806610107421875,2210700
2019-05-02,17.850000381469727,13.822101593017578,2067300
2019-05-03,17.996667861938477,13.935669898986816,1863300
2019-05-06,17.886667251586914,13.850494384765625,2532300
2019-05-07,17.59000015258789,13.620768547058105,4291800
2019-05-08,17.553333282470703,13.592374801635742,1890900
2019-05-09,17.463333129882812,13.522686004638672,3410700
2019-05-10,17.55666732788086,13.594959259033203,2913300
2019-05-13,17.183332443237305,13.305866241455078,2769000
2019-05-14,17.303333282470703,13.398785591125488,2289600
2019-05-15,17.393333435058594,13.468480110168457,2373300
2019-05-16,17.44333267211914,13.507198333740234,1848000
2019-05-17,17.34666633605957,13.432343482971191,1767000
2019-05-20,17.25,13.357490539550781,1775100
2019-05-21,17.376667022705078,13.455572128295898,2012700
2019-05-22,17.309999465942383,13.403947830200195,1505700
2019-05-23,17.143333435058594,13.274893760681152,2633700
2019-05-24,17.133333206176758,13.267149925231934,1414200
2019-05-28,16.866666793823242,13.06065559387207,2008500
2019-05-29,16.82666778564453,13.029681205749512,3034500
2019-05-30,16.863332748413086,13.058073043823242,1612200
2019-05-31,16.6200008392334,12.869650840759277,2714100
2019-06-03,16.81333351135254,13.019357681274414,2206200
2019-06-04,17.156667709350586,13.285218238830566,3249000
2019-06-05,17.22333335876465,13.336837768554688,1649400
2019-06-06,17.350000381469727,13.434925079345703,1512900
2019-06-07,17.463333129882812,13.522686004638672,1768500
2019-06-10,17.530000686645508,13.574305534362793,1856100
2019-06-11,17.566667556762695,13.602701187133789,1894500
2019-06-12,17.516666412353516,13.563985824584961,1446300
2019-06-13,17.633333206176758,13.654321670532227,1689600
2019-06-14,17.573333740234375,13.607865333557129,1150500
2019-06-17,17.52666664123535,13.571723937988281,1254000
2019-06-18,17.68666648864746,13.695621490478516,1765800
2019-06-19,17.72333335876465,13.724011421203613,1380300
2019-06-20,17.899999618530273,13.860817909240723,1601400
2019-06-21,17.8799991607666,13.84532642364502,1475100
2019-06-24,17.816667556762695,13.796285629272461,1689300
2019-06-25,17.71666717529297,13.718852043151855,1462500
2019-06-26,17.57666778564453,13.7191162109375,1546500
2019-06-27,17.623332977294922,13.755535125732422,1276200
2019-06-28,17.690000534057617,13.807572364807129,1550400
2019-07-01,17.836666107177734,13.922053337097168,2428200
2019-07-02,17.829999923706055,13.91684627532959,2612700
2019-07-03,17.969999313354492,14.026118278503418,1428000
2019-07-05,17.916667938232422,13.984492301940918,1428000
2019-07-08,17.84666633605957,13.929855346679688,1599600
2019-07-09,17.770000457763672,13.870014190673828,1552200
2019-07-10,17.81999969482422,13.909039497375488,2059500
2019-07-11,17.873332977294922,13.95067024230957,1525500
2019-07-12,18.023332595825195,14.067748069763184,2077500
2019-07-15,18.049999237060547,14.088563919067383,1642500
2019-07-16,18.040000915527344,14.080758094787598,1687500
2019-07-17,17.89666748046875,13.968880653381348,1511700
2019-07-18,17.956666946411133,14.015711784362793,1431600
2019-07-19,17.916667938232422,13.984492301940918,1587900
2019-07-22,17.906667709350586,13.976688385009766,1485600
2019-07-23,18.100000381469727,14.12759017944336,2555700
2019-07-24,18.280000686645508,14.268085479736328,2382600
2019-07-25,18.260000228881836,14.252472877502441,1401900
2019-07-26,18.34666633605957,14.320120811462402,1375800
2019-07-29,18.34000015258789,14.314916610717773,1602300
2019-07-30,18.270000457763672,14.26027774810791,2973000
2019-07-31,17.983333587646484,14.036528587341309,3174900
2019-08-01,17.726667404174805,13.836194038391113,3584700
2019-08-02,17.633333206176758,13.763341903686523,2745600
2019-08-05,17.136667251586914,13.375678062438965,5381100
2019-08-06,17.28333282470703,13.490156173706055,3816900
2019-08-07,17.336666107177734,13.53178596496582,3382200
2019-08-08,17.636667251586914,13.765942573547363,3112200
2019-08-09,17.433332443237305,13.607234954833984,2282400
2019-08-12,17.25,13.464139938354492,1893900
2019-08-13,17.48666763305664,13.648863792419434,2241600
2019-08-14,17.043333053588867,13.30282974243164,3178500
2019-08-15,17.079999923706055,13.331449508666992,2801700
2019-08-16,17.3799991607666,13.565607070922852,1732800
2019-08-19,17.606666564941406,13.742528915405273,1934400
2019-08-20,17.5,13.659272193908691,1683900
2019-08-21,17.656667709350586,13.78155517578125,2124600
2019-08-22,17.709999084472656,13.823183059692383,1736100
2019-08-23,17.23666763305664,13.453734397888184,3598200
2019-08-26,17.40333366394043,13.583822250366211,2986200
2019-08-27,17.350000381469727,13.542191505432129,1975500
2019-08-28,17.53333282470703,13.685291290283203,2066700
2019-08-29,17.709999084472656,13.823183059692383,1998900
2019-08-30,17.75,13.85440444946289,2487600
2019-09-03,17.65333366394043,13.778951644897461,2532600
2019-09-04,17.866666793823242,13.945466041564941,1863000
2019-09-05,18.093332290649414,14.122384071350098,2808600
2019-09-06,18.156667709350586,14.171815872192383,1980600
2019-09-09,18.27666664123535,14.265485763549805,2148300
2019-09-10,18.386667251586914,14.351341247558594,2030400
2019-09-11,18.51333236694336,14.45020580291748,1990200
2019-09-12,18.586666107177734,14.507445335388184,2287800
2019-09-13,18.549999237060547,14.478830337524414,4241100
2019-09-16,18.43666648864746,14.39037036895752,1704000
2019-09-17,18.44333267211914,14.3955717086792,1444200
2019-09-18,18.433332443237305,14.38776683807373,2230200
2019-09-19,18.3799991607666,14.346135139465332,1216800
2019-09-20,18.290000915527344,14.275890350341797,2426100
2019-09-23,18.336666107177734,14.312313079833984,2163000
2019-09-24,18.206666946411133,14.210847854614258,5267400
2019-09-25,18.1299991607666,14.278051376342773,2445300
2019-09-26,18.143333435058594,14.288549423217773,1442100
2019-09-27,18.170000076293945,14.309553146362305,2373600
2019-09-30,18.260000228881836,14.380427360534668,2261400
2019-10-01,18.023332595825195,14.194043159484863,4204200
2019-10-02,17.656667709350586,13.905282020568848,4290000
2019-10-03,17.796667098999023,14.015534400939941,3231600
2019-10-04,18.043333053588867,14.209794998168945,2205600
2019-10-07,17.90999984741211,14.104789733886719,1797000
2019-10-08,17.623332977294922,13.8790283203125,3188700
2019-10-09,17.77666664123535,13.999785423278809,1845900
2019-10-10,17.920000076293945,14.112665176391602,1992300
2019-10-11,18.156667709350586,14.299047470092773,3190200
2019-10-14,18.116666793823242,14.267550468444824,1388400
2019-10-15,18.25,14.372551918029785,1823400
2019-10-16,18.206666946411133,14.338427543640137,1626900
2019-10-17,18.253332138061523,14.375179290771484,1824300
2019-10-18,18.246667861938477,14.369927406311035,1517400
2019-10-21,18.373332977294922,14.469681739807129,1764000
2019-10-22,18.40333366394043,14.493309020996094,2078700
2019-10-23,18.376667022705078,14.472311019897461,2119500
2019-10-24,18.360000610351562,14.459181785583496,1863300
2019-10-25,18.5,14.569437026977539,1711800
2019-10-28,18.593332290649414,14.642940521240234,2518500
2019-10-29,18.59666633605957,14.6455659866333,1792800
2019-10-30,18.626667022705078,14.669194221496582,1981800
2019-10-31,18.50666618347168,14.574688911437988,2177100
2019-11-01,18.696666717529297,14.724320411682129,2130900
2019-11-04,18.799999237060547,14.805703163146973,2108400
2019-11-05,18.793333053588867,14.800443649291992,2252700
2019-11-06,18.85333251953125,14.847700119018555,1821300
2019-11-07,18.946666717529297,14.92120361328125,2306100
2019-11-08,18.983333587646484,14.95008373260498,2338200
2019-11-11,18.883333206176758,14.871325492858887,2086500
2019-11-12,18.886667251586914,14.87395191192627,1846800
2019-11-13,18.863332748413086,14.855571746826172,2171400
2019-11-14,18.893333435058594,14.879201889038086,1998600
2019-11-15,19.003332138061523,14.965828895568848,1776900
2019-11-18,19.003332138061523,14.965828895568848,1878300
2019-11-19,18.886667251586914,14.87395191192627,2484000
2019-11-20,18.823333740234375,14.824078559875488,2949600
2019-11-21,18.82666778564453,14.826701164245605,2131500
2019-11-22,18.8700008392334,14.860827445983887,2655300
2019-11-25,18.983333587646484,14.95008373260498,2313600
2019-11-26,19.040000915527344,14.994706153869629,2164200
2019-11-27,19.110000610351562,15.049835205078125,2092200
2019-11-29,19.030000686645508,14.986836433410645,827100
2019-12-02,18.94333267211914,14.918578147888184,3469500
2019-12-03,18.760000228881836,14.77419376373291,3385800
2019-12-04,18.913333892822266,14.8949556350708,2241900
2019-12-05,18.93666648864746,14.913329124450684,2238000
2019-12-06,19.113332748413086,15.052460670471191,2045700
2019-12-09,19.139999389648438,15.073464393615723,1824600
2019-12-10,19.07666778564453,15.02358627319336,2786400
2019-12-11,19.136667251586914,15.070836067199707,2260500
2019-12-12,19.170000076293945,15.220634460449219,3063300
2019-12-13,19.126667022705078,15.186225891113281,2398500
2019-12-16,19.19333267211914,15.239158630371094,2371500
2019-12-17,19.196666717529297,15.241808891296387,2753400
2019-12-18,19.15999984741211,15.21269702911377,3450300
2019-12-19,19.190000534057617,15.23651123046875,1936200
2019-12-20,19.35333251953125,15.366194725036621,2006400
2019-12-23,19.336666107177734,15.35296630859375,2325300
2019-12-24,19.323333740234375,15.342379570007324,861900
2019-12-26,19.360000610351562,15.371489524841309,1373400
2019-12-27,19.383333206176758,15.390020370483398,1508700
2019-12-30,19.26333236694336,15.29473876953125,2524500
2019-12-31,19.30666732788086,15.329140663146973,2711700
2020-01-02,19.356666564941406,15.368843078613281,4103100
2020-01-03,19.21666717529297,15.257685661315918,3058200
2020-01-06,19.213333129882812,15.255037307739258,2436300
2020-01-07,19.18666648864746,15.233863830566406,2312700
2020-01-08,19.260000228881836,15.292091369628906,3318600
2020-01-09,19.383333206176758,15.390020370483398,3364200
2020-01-10,19.329999923706055,15.34766674041748,2443500
2020-01-13,19.47333335876465,15.46147346496582,3690300
2020-01-14,19.46666717529297,15.456183433532715,2752500
2020-01-15,19.5,15.482648849487305,2850600
2020-01-16,19.643333435058594,15.596456527709961,3351600
2020-01-17,19.71666717529297,15.654678344726562,2976300
2020-01-21,19.663333892822266,15.612332344055176,3488400
2020-01-22,19.73666763305664,15.670555114746094,2585700
2020-01-23,19.760000228881836,15.689083099365234,3445200
2020-01-24,19.613332748413086,15.57262897491455,4262100
2020-01-27,19.336666107177734,15.35296630859375,4224000
2020-01-28,19.440000534057617,15.43501091003418,2932200
2020-01-29,19.303333282470703,15.326498985290527,3296400
2020-01-30,19.31333351135254,15.33443832397461,3720300
2020-01-31,18.96666717529297,15.059191703796387,4760400
2020-02-03,19.020000457763672,15.101541519165039,3176100
2020-02-04,19.25,15.284149169921875,3518700
2020-02-05,19.626667022705078,15.58321762084961,3189000
2020-02-06,19.65999984741211,15.6096830368042,2944500
2020-02-07,19.49333381652832,15.477355003356934,2504100
2020-02-10,19.583332061767578,15.548813819885254,2691300
2020-02-11,19.65333366394043,15.604393005371094,2283000
2020-02-12,19.706666946411133,15.646738052368164,2618400
2020-02-13,19.643333435058594,15.596456527709961,3069600
2020-02-14,19.616666793823242,15.575281143188477,2465400
2020-02-18,19.5,15.482648849487305,3114600
2020-02-19,19.583332061767578,15.548813819885254,3045600
2020-02-20,19.540000915527344,15.514405250549316,2992500
2020-02-21,19.399999618530273,15.403244972229004,3320700
2020-02-24,18.799999237060547,14.926859855651855,7879800
2020-02-25,18.270000457763672,14.506050109863281,9729900
2020-02-26,18.176666259765625,14.4319429397583,8925300
2020-02-27,17.39666748046875,13.812641143798828,15975300
2020-02-28,17.19333267211914,13.651198387145996,25358700
2020-03-02,17.93666648864746,14.2413911819458,12913800
2020-03-03,17.48666763305664,13.884099960327148,18236400
2020-03-04,18.27666664123535,14.511343955993652,7025700
2020-03-05,17.703332901000977,14.056124687194824,8220600
2020-03-06,17.406667709350586,13.820576667785645,14056200
2020-03-09,16.15333366394043,12.825457572937012,18369300
2020-03-10,16.89666748046875,13.415650367736816,15008100
2020-03-11,16.1200008392334,12.798989295959473,13600200
2020-03-12,14.516667366027832,11.525970458984375,22436100
2020-03-13,15.793333053588867,12.539618492126465,12396600
2020-03-16,14.223333358764648,11.293068885803223,13232700
2020-03-17,15.353333473205566,12.190271377563477,11782800
2020-03-18,14.616666793823242,11.605369567871094,11117400
2020-03-19,14.313332557678223,11.364526748657227,13005000
2020-03-20,13.513333320617676,10.729342460632324,10349400
2020-03-23,13.166666984558105,10.454096794128418,16892100
2020-03-24,14.223333358764648,11.293068885803223,11651400
2020-03-25,14.206666946411133,11.397902488708496,17705400
2020-03-26,15.15666675567627,12.160079956054688,16427100
2020-03-27,14.803333282470703,11.876604080200195,11930700
2020-03-30,15.24666690826416,12.23228645324707,12971700
2020-03-31,14.993332862854004,12.02903938293457,11226600
2020-04-01,14.520000457763672,11.64928913116455,11064300
2020-04-02,14.926667213439941,11.975555419921875,8040600
2020-04-03,14.766667366027832,11.847189903259277,6090300
2020-04-06,15.59000015258789,12.507741928100586,8517900
2020-04-07,15.600000381469727,12.515766143798828,9847200
2020-04-08,16.083332061767578,12.90353775024414,6715800
2020-04-09,16.239999771118164,13.029232025146484,9144000
2020-04-13,16.07666778564453,12.898191452026367,9449400
2020-04-14,16.530000686645508,13.261897087097168,5910000
2020-04-15,16.066667556762695,12.890166282653809,6276000
2020-04-16,16.1299991607666,12.940979957580566,5615100
2020-04-17,16.633333206176758,13.34479808807373,5759400
2020-04-20,16.309999465942383,13.085391998291016,6247500
2020-04-21,15.916666984558105,12.769822120666504,6806100
2020-04-22,16.206666946411133,13.002490043640137,5196600
2020-04-23,16.21666717529297,13.01051139831543,5589000
2020-04-24,16.503332138061523,13.24050235748291,4469400
2020-04-27,16.80666732788086,13.483866691589355,6486900
2020-04-28,16.933332443237305,13.585490226745605,5594700
2020-04-29,17.209999084472656,13.807452201843262,4753800
2020-04-30,16.883333206176758,13.54537296295166,7862700
2020-05-01,16.440000534057617,13.189689636230469,5651700
2020-05-04,16.469999313354492,13.213759422302246,5957100
2020-05-05,16.606666564941406,13.323403358459473,3438300
2020-05-06,16.479999542236328,13.221780776977539,3092100
2020-05-07,16.546667098999023,13.275267601013184,4295700
2020-05-08,16.93666648864746,13.588164329528809,4145700
2020-05-11,16.926666259765625,13.5801362991333,3558600
2020-05-12,16.586666107177734,13.307356834411621,4094100
2020-05-13,16.290000915527344,13.06934642791748,6630000
2020-05-14,16.48666763305664,13.227129936218262,6903900
2020-05-15,16.520000457763672,13.253872871398926,4344300
2020-05-18,17.09666633605957,13.716529846191406,11589600
2020-05-19,16.81999969482422,13.494561195373535,6180900
2020-05-20,17.02666664123535,13.660364151000977,7623600
2020-05-21,16.883333206176758,13.54537296295166,4816800
2020-05-22,16.90333366394043,13.561420440673828,3146100
2020-05-26,17.203332901000977,13.802104949951172,4836300
2020-05-27,17.579999923706055,14.104302406311035,5002800
2020-05-28,17.483333587646484,14.026748657226562,4581300
2020-05-29,17.50666618347168,14.045467376708984,6552900
2020-06-01,17.48666763305664,14.029425621032715,3229500
2020-06-02,17.746667861938477,14.238020896911621,15150000
2020-06-03,18.03333282470703,14.468008041381836,4263600
2020-06-04,18.086666107177734,14.510797500610352,3231000
2020-06-05,18.566667556762695,14.895895004272461,6157200
2020-06-08,18.833332061767578,15.109840393066406,8227200
2020-06-09,18.59000015258789,14.914615631103516,7328100
2020-06-10,18.35333251953125,14.724747657775879,6397500
2020-06-11,17.226667404174805,13.82082748413086,9177600
2020-06-12,17.386667251586914,13.949193000793457,8612700
2020-06-15,17.51333236694336,14.050814628601074,7377000
2020-06-16,17.866666793823242,14.334295272827148,7843500
2020-06-17,17.773332595825195,14.259413719177246,3997500
2020-06-18,17.75666618347168,14.246042251586914,10122300
2020-06-19,17.64666748046875,14.157787322998047,5762100
2020-06-22,17.543333053588867,14.074889183044434,18654000
2020-06-23,17.59666633605957,14.117673873901367,5816400
2020-06-24,16.889999389648438,13.665136337280273,8261100
2020-06-25,17.113332748413086,13.845826148986816,5684400
2020-06-26,16.676666259765625,13.492534637451172,6679800
2020-06-29,17.030000686645508,13.77840805053711,4705500
2020-06-30,17.25,13.956401824951172,6525600
2020-07-01,17.086666107177734,13.82425308227539,3527400
2020-07-02,17.229999542236328,13.940217018127441,4249500
2020-07-06,17.40333366394043,14.080459594726562,5079900
2020-07-07,17.126667022705078,13.856616020202637,3806100
2020-07-08,17.156667709350586,13.880887985229492,2977500
2020-07-09,16.790000915527344,13.584229469299316,4715100
2020-07-10,17.163333892822266,13.88628101348877,3852900
2020-07-13,17.233333587646484,13.942914962768555,5597100
2020-07-14,17.44333267211914,14.112820625305176,4419900
2020-07-15,17.77666664123535,14.382508277893066,4310700
2020-07-16,17.809999465942383,14.409479141235352,3242100
2020-07-17,17.78333282470703,14.387901306152344,2973300
2020-07-20,17.626667022705078,14.261152267456055,3393600
2020-07-21,17.893333435058594,14.476900100708008,4019100
2020-07-22,18.00666618347168,14.568594932556152,2968500
2020-07-23,18.02666664123535,14.584775924682617,5166300
2020-07-24,17.946666717529297,14.520051956176758,3676500
2020-07-27,18.073333740234375,14.62253475189209,6987000
2020-07-28,17.96666717529297,14.536233901977539,2942700
2020-07-29,18.229999542236328,14.749289512634277,2665800
2020-07-30,18.219999313354492,14.741193771362305,3177300
2020-07-31,18.163333892822266,14.69534969329834,3535500
2020-08-03,18.239999771118164,14.757372856140137,3086400
2020-08-04,18.30666732788086,14.81131649017334,2759100
2020-08-05,18.50666618347168,14.973124504089355,6674700
2020-08-06,18.479999542236328,14.951553344726562,3921900
2020-08-07,18.746667861938477,15.167308807373047,3108900
2020-08-10,18.98666763305664,15.361479759216309,3801900
2020-08-11,19.086666107177734,15.442383766174316,5674500
2020-08-12,19.196666717529297,15.531387329101562,5242500
2020-08-13,19.06999969482422,15.428906440734863,3198600
2020-08-14,19.143333435058594,15.48823070526123,3313200
2020-08-17,19.05666732788086,15.41811466217041,3123600
2020-08-18,18.97333335876465,15.350695610046387,2900100
2020-08-19,18.916667938232422,15.304845809936523,3078600
2020-08-20,18.799999237060547,15.210455894470215,4014300
2020-08-21,18.78333282470703,15.196969032287598,3013800
2020-08-24,19.17333221435547,15.512503623962402,6674100
2020-08-25,19.073333740234375,15.431599617004395,3912600
2020-08-26,19.00666618347168,15.377663612365723,4856400
2020-08-27,19.123332977294922,15.472052574157715,4668300
2020-08-28,19.290000915527344,15.606897354125977,3647400
2020-08-31,19.093332290649414,15.447782516479492,4493400
2020-09-01,19.15333366394043,15.496320724487305,3708600
2020-09-02,19.51333236694336,15.787586212158203,4943400
2020-09-03,19.07666778564453,15.434293746948242,7558500
2020-09-04,19.110000610351562,15.461263656616211,7248300
2020-09-08,18.64666748046875,15.086400985717773,7311000
2020-09-09,18.866666793823242,15.26439094543457,4958400
2020-09-10,18.586666107177734,15.037851333618164,5314200
2020-09-11,18.71666717529297,15.14303207397461,4778100
2020-09-14,18.996667861938477,15.3695707321167,3376200
2020-09-15,18.96666717529297,15.345296859741211,3994800
2020-09-16,19.086666107177734,15.442383766174316,3739200
2020-09-17,19.040000915527344,15.404632568359375,4752300
2020-09-18,18.866666793823242,15.26439094543457,4206600
2020-09-21,18.3799991607666,14.870643615722656,6561300
2020-09-22,18.3799991607666,14.870643615722656,4493400
2020-09-23,17.843332290649414,14.580025672912598,4332000
2020-09-24,17.90333366394043,14.629053115844727,4995600
2020-09-25,18.09000015258789,14.781579971313477,4229100
2020-09-28,18.48666763305664,15.105705261230469,5968200
2020-09-29,18.30666732788086,14.95862102508545,6111900
2020-09-30,18.433332443237305,15.062121391296387,4935600
2020-10-01,18.42333221435547,15.053951263427734,4379700
2020-10-02,18.50666618347168,15.122040748596191,6087900
2020-10-05,18.90999984741211,15.45160961151123,3478500
2020-10-06,18.786666870117188,15.350837707519531,4992900
2020-10-07,19.170000076293945,15.664063453674316,3791700
2020-10-08,19.456666946411133,15.89830207824707,3668700
2020-10-09,19.49333381652832,15.928263664245605,3991500
2020-10-12,19.616666793823242,16.029041290283203,3940500
2020-10-13,19.453332901000977,15.895580291748047,3907800
2020-10-14,19.44333267211914,15.887408256530762,3839700
2020-10-15,19.543333053588867,15.969117164611816,4079100
2020-10-16,19.57666778564453,15.996358871459961,3622500
2020-10-19,19.32666778564453,15.792073249816895,4459800
2020-10-20,19.3799991607666,15.835655212402344,7688700
2020-10-21,19.239999771118164,15.721257209777832,3501900
2020-10-22,19.459999084472656,15.901026725769043,3531000
2020-10-23,19.566667556762695,15.988186836242676,2866500
2020-10-26,19.1200008392334,15.623207092285156,5844900
2020-10-27,18.84666633605957,15.399863243103027,4732800
2020-10-28,18.266666412353516,14.92593765258789,7518900
2020-10-29,18.50666618347168,15.122040748596191,5783400
2020-10-30,18.503332138061523,15.1193208694458,6378000
2020-11-02,18.916667938232422,15.457061767578125,4733700
2020-11-03,19.253332138061523,15.732154846191406,4990500
2020-11-04,19.023332595825195,15.544218063354492,5957400
2020-11-05,19.476667404174805,15.914644241333008,4603200
2020-11-06,19.343332290649414,15.805694580078125,4346100
2020-11-09,20.26333236694336,16.55744171142578,9910800
2020-11-10,20.476667404174805,16.73175811767578,7823100
2020-11-11,20.47333335876465,16.72903060913086,3905100
2020-11-12,20.1200008392334,16.440322875976562,5298000
2020-11-13,20.503332138061523,16.75354766845703,3876300
2020-11-16,20.959999084472656,17.12669563293457,6069300
2020-11-17,20.916667938232422,17.09128761291504,4402800
2020-11-18,20.700000762939453,16.914243698120117,7611600
2020-11-19,20.76333236694336,16.965991973876953,5473800
2020-11-20,20.6200008392334,16.848878860473633,6327000
2020-11-23,20.950000762939453,17.118526458740234,4363500
2020-11-24,21.469999313354492,17.543420791625977,8588100
2020-11-25,21.270000457763672,17.37999725341797,4734300
2020-11-27,21.226667404174805,17.344593048095703,2100600
2020-11-30,20.940000534057617,17.110353469848633,5607600
2020-12-01,21.213333129882812,17.33370018005371,3943200
2020-12-02,21.309999465942383,17.412683486938477,4131000
2020-12-03,21.356666564941406,17.450815200805664,12800400
2020-12-04,21.706666946411133,17.73680877685547,3894900
2020-12-07,21.56333351135254,17.619688034057617,5079900
2020-12-08,21.700000762939453,17.731361389160156,3642600
2020-12-09,21.719999313354492,17.74770164489746,5821200
2020-12-10,21.420000076293945,17.665781021118164,4842600
2020-12-11,21.299999237060547,17.56681251525879,5712600
2020-12-14,21.02666664123535,17.341386795043945,5212800
2020-12-15,21.30666732788086,17.572309494018555,4282200
2020-12-16,21.329999923706055,17.591556549072266,5225700
2020-12-17,21.376667022705078,17.630041122436523,4751400
2020-12-18,21.31333351135254,17.577808380126953,4372800
2020-12-21,21.166667938232422,17.45684814453125,5814900
2020-12-22,21.049999237060547,17.360626220703125,3897600
2020-12-23,21.239999771118164,17.517330169677734,3600900
2020-12-24,21.27666664123535,17.547569274902344,1757100
2020-12-28,21.286666870117188,17.555816650390625,3928200
2020-12-29,21.163333892822266,17.454097747802734,4710300
2020-12-30,21.25666618347168,17.531070709228516,3286500
2020-12-31,21.3799991607666,17.632783889770508,3119400
2021-01-04,21.07666778564453,17.38262367248535,7476900
2021-01-05,21.246667861938477,17.5228271484375,4403100
2021-01-06,21.833332061767578,18.006662368774414,6752700
2021-01-07,21.979999542236328,18.127628326416016,6633300
2021-01-08,21.913333892822266,18.072650909423828,5717400
2021-01-11,22.003332138061523,18.146867752075195,4843800
2021-01-12,22.200000762939453,18.309070587158203,5135100
2021-01-13,22.116666793823242,18.24034309387207,4539300
2021-01-14,22.22333335876465,18.328317642211914,4691700
2021-01-15,21.956666946411133,18.108386993408203,5418900
2021-01-19,22.100000381469727,18.226598739624023,5773200
2021-01-20,22.1299991607666,18.2513370513916,4712400
2021-01-21,22.06999969482422,18.201860427856445,4641000
2021-01-22,21.906667709350586,18.067153930664062,4927800
2021-01-25,21.946666717529297,18.100139617919922,5772600
2021-01-26,21.920000076293945,18.078147888183594,4226400
2021-01-27,21.5,17.73175811767578,7789200
2021-01-28,21.65999984741211,17.86371612548828,7250700
2021-01-29,21.18666648864746,17.47334098815918,9219000
2021-02-01,21.40999984741211,17.657533645629883,7594500
2021-02-02,21.639999389648438,17.84722137451172,4575300
2021-02-03,21.72333335876465,17.915950775146484,4812600
2021-02-04,21.906667709350586,18.067153930664062,4664700
2021-02-05,22.010000228881836,18.152372360229492,4543800
2021-02-08,22.273332595825195,18.369550704956055,4776000
2021-02-09,22.296667098999023,18.3887939453125,4044300
2021-02-10,22.31333351135254,18.402538299560547,4554300
2021-02-11,22.233333587646484,18.336566925048828,4651200
2021-02-12,22.34000015258789,18.42453384399414,3657000
2021-02-16,22.456666946411133,18.520755767822266,4648500
2021-02-17,22.48666763305664,18.545495986938477,3990600
2021-02-18,22.40999984741211,18.482267379760742,4298700
2021-02-19,22.59666633605957,18.636215209960938,3796200
2021-02-22,22.786666870117188,18.79291534423828,5275500
2021-02-23,22.84000015258789,18.836898803710938,7680000
2021-02-24,23.233333587646484,19.161298751831055,7028400
2021-02-25,22.76333236694336,18.773670196533203,14103600
2021-02-26,22.469999313354492,18.53174591064453,9713100
2021-03-01,23.03333282470703,18.996347427368164,5799900
2021-03-02,22.950000762939453,18.9276180267334,5798100
2021-03-03,23.010000228881836,18.977108001708984,7123200
2021-03-04,22.780000686645508,18.787418365478516,10848900
2021-03-05,23.389999389648438,19.29050636291504,11131800
2021-03-08,23.700000762939453,19.54616928100586,9854700
2021-03-09,23.566667556762695,19.436206817626953,8601900
2021-03-10,23.956666946411133,19.757850646972656,8439300
2021-03-11,23.959999084472656,19.760602951049805,8237400
2021-03-12,24.183332443237305,19.944793701171875,5784000
2021-03-15,24.209999084472656,19.96678352355957,6927600
2021-03-16,24.010000228881836,19.801837921142578,7235700
2021-03-17,24.116666793823242,19.88981056213379,8609700
2021-03-18,24.083332061767578,19.862316131591797,13691700
2021-03-19,23.99333381652832,19.78809356689453,7164900
2021-03-22,24.07666778564453,19.8568172454834,5637600
2021-03-23,23.809999465942383,19.636890411376953,6622500
2021-03-24,23.690000534057617,19.676483154296875,5940300
2021-03-25,24.0,19.933963775634766,9449400
2021-03-26,24.55666732788086,20.396324157714844,7816500
2021-03-29,24.51333236694336,20.360328674316406,7088400
2021-03-30,24.399999618530273,20.266197204589844,9015000
2021-03-31,24.30666732788086,20.188674926757812,5739900
2021-04-01,24.440000534057617,20.29941749572754,6459900
2021-04-05,24.75,20.556901931762695,7335000
2021-04-06,24.65999984741211,20.482145309448242,6890400
2021-04-07,24.60333251953125,20.43507957458496,5266200
2021-04-08,24.613332748413086,20.443384170532227,4731000
2021-04-09,24.753332138061523,20.559667587280273,5246400
2021-04-12,24.81999969482422,20.615039825439453,5486100
2021-04-13,24.68000030517578,20.498762130737305,5101200
2021-04-14,24.74333381652832,20.551362991333008,5526300
2021-04-15,24.856666564941406,20.645488739013672,4539600
2021-04-16,25.06333351135254,20.817148208618164,4830600
2021-04-19,24.950000762939453,20.723018646240234,6002700
2021-04-20,24.799999237060547,20.598426818847656,6845700
2021-04-21,25.079999923706055,20.83099365234375,5820300
2021-04-22,24.76333236694336,20.56797218322754,6918600
2021-04-23,24.98666763305664,20.753469467163086,4864500
2021-04-26,24.940000534057617,20.71471405029297,4575600
2021-04-27,24.90999984741211,20.689788818359375,5881800
2021-04-28,24.760000228881836,20.565204620361328,5055300
2021-04-29,24.969999313354492,20.739622116088867,6778500
2021-04-30,24.843332290649414,20.634418487548828,5224500
2021-05-03,25.09666633605957,20.844831466674805,4822500
2021-05-04,25.25,20.972190856933594,6338700
2021-05-05,25.373332977294922,21.074626922607422,6606900
2021-05-06,25.69333267211914,21.340412139892578,5869500
2021-05-07,25.803333282470703,21.43177604675293,6787200
2021-05-10,25.829999923706055,21.453929901123047,7428900
2021-05-11,25.56333351135254,21.232437133789062,8487900
2021-05-12,25.110000610351562,20.855911254882812,8588700
2021-05-13,25.553333282470703,21.224132537841797,7327800
2021-05-14,25.786666870117188,21.417938232421875,5982900
2021-05-17,25.803333282470703,21.43177604675293,5158200
2021-05-18,25.520000457763672,21.196447372436523,5512800
2021-05-19,25.416667938232422,21.11062240600586,7296000
2021-05-20,25.566667556762695,21.235206604003906,5183100
2021-05-21,25.60333251953125,21.265663146972656,5405100
2021-05-24,25.683332443237305,21.332109451293945,4591800
2021-05-25,25.503332138061523,21.182601928710938,4702500
2021-05-26,25.5,21.17983627319336,5132100
2021-05-27,25.600000381469727,21.262889862060547,4266300
2021-05-28,25.643333435058594,21.29888916015625,5160600
2021-06-01,25.65999984741211,21.312725067138672,5259300
2021-06-02,25.73666763305664,21.376401901245117,4914000
2021-06-03,25.719999313354492,21.36256217956543,4826400
2021-06-04,25.883333206176758,21.49822235107422,4301400
2021-06-07,25.770000457763672,21.40409278869629,4659600
2021-06-08,25.74333381652832,21.381942749023438,4594500
2021-06-09,25.663333892822266,21.315500259399414,4938300
2021-06-10,25.73666763305664,21.376401901245117,4189500
2021-06-11,25.77666664123535,21.409629821777344,3263400
2021-06-14,25.649999618530273,21.304420471191406,5109300
2021-06-15,25.636667251586914,21.293344497680664,4030500
2021-06-16,25.44333267211914,21.132766723632812,4643700
2021-06-17,25.106666564941406,20.85314178466797,6851100
2021-06-18,24.656667709350586,20.47937774658203,10156500
2021-06-21,25.10333251953125,20.850370407104492,6276900
2021-06-22,25.136667251586914,20.8780574798584,5074500
2021-06-23,24.843332290649414,20.78324317932129,4851300
2021-06-24,25.010000228881836,20.92267608642578,3795000
2021-06-25,25.17333221435547,21.059310913085938,4634100
2021-06-28,25.100000381469727,20.997966766357422,7838400
2021-06-29,25.073333740234375,20.97565269470215,5953800
2021-06-30,25.206666946411133,21.087200164794922,3409200
2021-07-01,25.323333740234375,21.184803009033203,3553800
2021-07-02,25.356666564941406,21.212684631347656,3410400
2021-07-06,25.086666107177734,20.98680877685547,5560500
2021-07-07,25.200000762939453,21.081621170043945,4348800
2021-07-08,24.97333335876465,20.891996383666992,5113200
2021-07-09,25.343332290649414,21.201528549194336,4080900
2021-07-12,25.40333366394043,21.251726150512695,4570800
2021-07-13,25.266666412353516,21.137393951416016,3758700
2021-07-14,25.296667098999023,21.162490844726562,3708300
2021-07-15,25.34666633605957,21.204320907592773,4116900
2021-07-16,25.149999618530273,21.039796829223633,3848400
2021-07-19,24.74333381652832,20.69959259033203,10718100
2021-07-20,25.073333740234375,20.97565269470215,6145200
2021-07-21,25.266666412353516,21.137393951416016,3898500
2021-07-22,25.073333740234375,20.97565269470215,4411800
2021-07-23,25.270000457763672,21.140180587768555,4689300
2021-07-26,25.333332061767578,21.19316864013672,3163800
2021-07-27,25.31333351135254,21.176433563232422,3277200
2021-07-28,25.280000686645508,21.14854621887207,3359400
2021-07-29,25.43666648864746,21.27960968017578,3548400
2021-07-30,25.3700008392334,21.223840713500977,3696900
2021-08-02,25.32666778564453,21.187593460083008,4251900
2021-08-03,25.623332977294922,21.435775756835938,4041600
2021-08-04,25.299999237060547,21.165279388427734,5029800
2021-08-05,25.440000534057617,21.28240203857422,3865500
2021-08-06,25.520000457763672,21.349327087402344,4249500
2021-08-09,25.5,21.332595825195312,3432000
2021-08-10,25.729999542236328,21.525007247924805,3235800
2021-08-11,25.866666793823242,21.639339447021484,3741900
2021-08-12,25.889999389648438,21.658859252929688,4275000
2021-08-13,25.94333267211914,21.703474044799805,3357300
2021-08-16,26.043333053588867,21.787128448486328,4153800
2021-08-17,25.866666793823242,21.639339447021484,5718600
2021-08-18,25.496667861938477,21.329803466796875,4628400
2021-08-19,25.5,21.332595825195312,6062700
2021-08-20,25.639999389648438,21.4497127532959,3156900
2021-08-23,25.799999237060547,21.583566665649414,3688200
2021-08-24,25.780000686645508,21.566831588745117,3104700
2021-08-25,25.829999923706055,21.60866355895996,4671300
2021-08-26,25.700000762939453,21.499906539916992,5481000
2021-08-27,25.913333892822266,21.678380966186523,3064500
2021-08-30,25.8799991607666,21.650495529174805,3612600
2021-08-31,25.899999618530273,21.66722297668457,3486600
2021-09-01,25.780000686645508,21.566831588745117,5623500
2021-09-02,25.94333267211914,21.703474044799805,4252500
2021-09-03,25.93000030517578,21.692317962646484,3070200
2021-09-07,25.586666107177734,21.40509605407715,5416200
2021-09-08,25.600000381469727,21.41625213623047,4637400
2021-09-09,25.463333129882812,21.301918029785156,3582300
2021-09-10,25.343332290649414,21.201528549194336,4104300
2021-09-13,25.46666717529297,21.304712295532227,4018200
2021-09-14,25.290000915527344,21.15691566467285,6301500
2021-09-15,25.516666412353516,21.34653663635254,4372500
2021-09-16,25.34666633605957,21.204320907592773,4325400
2021-09-17,25.183332443237305,21.067678451538086,6664200
2021-09-20,24.833332061767578,20.774879455566406,12579900
2021-09-21,24.74333381652832,20.69959259033203,7194600
2021-09-22,24.76333236694336,20.88144874572754,5871300
2021-09-23,25.09666633605957,21.162527084350586,6086400
2021-09-24,25.14666748046875,21.204689025878906,5298900
2021-09-27,25.309999465942383,21.342416763305664,7365000
2021-09-28,25.010000228881836,21.089448928833008,8213400
2021-09-29,25.1299991607666,21.190635681152344,3685800
2021-09-30,24.746667861938477,20.867387771606445,18546600
2021-10-01,25.07666778564453,21.145662307739258,6019800
2021-10-04,24.976667404174805,21.061338424682617,13274700
2021-10-05,25.126667022705078,21.187824249267578,4444500
2021-10-06,25.166667938232422,21.2215576171875,5120400
2021-10-07,25.356666564941406,21.381771087646484,3742800
2021-10-08,25.350000381469727,21.376148223876953,3387900
2021-10-11,25.226667404174805,21.27215003967285,3823500
2021-10-12,25.10333251953125,21.168149948120117,4632600
2021-10-13,25.166667938232422,21.2215576171875,4860900
2021-10-14,25.553333282470703,21.547607421875,3778200
2021-10-15,25.666667938232422,21.643178939819336,4193700
2021-10-18,25.583332061767578,21.572900772094727,4461600
2021-10-19,25.809999465942383,21.764041900634766,4916100
2021-10-20,26.059999465942383,21.9748477935791,4138200
2021-10-21,25.93000030517578,21.865224838256836,5559000
2021-10-22,26.0,21.924257278442383,4053900
2021-10-25,26.06333351135254,21.977657318115234,4317300
2021-10-26,25.99333381652832,21.91863250732422,4872000
2021-10-27,25.636667251586914,21.617874145507812,4028700
2021-10-28,25.84666633605957,21.794960021972656,3290400
2021-10-29,25.836666107177734,21.786521911621094,3973200
2021-11-01,25.893333435058594,21.834308624267578,3961200
2021-11-02,26.06999969482422,21.983280181884766,4212000
2021-11-03,26.22333335876465,22.112579345703125,4461600
2021-11-04,26.136667251586914,22.03949546813965,4650900
2021-11-05,26.296667098999023,22.17441749572754,5215200
2021-11-08,26.27666664123535,22.157548904418945,4975500
2021-11-09,26.226667404174805,22.115392684936523,4357200
2021-11-10,26.260000228881836,22.143495559692383,4077000
2021-11-11,26.30666732788086,22.182851791381836,3576300
2021-11-12,26.3799991607666,22.24468231201172,3892500
2021-11-15,26.39666748046875,22.258737564086914,4216800
2021-11-16,26.426666259765625,22.28403663635254,4032300
2021-11-17,26.323333740234375,22.196901321411133,3454500
2021-11-18,26.219999313354492,22.10976791381836,3879300
2021-11-19,26.053333282470703,21.969226837158203,5141700
2021-11-22,26.176666259765625,22.07322883605957,5799000
2021-11-23,26.323333740234375,22.196901321411133,5268300
2021-11-24,26.24333381652832,22.129446029663086,4343100
2021-11-26,25.76333236694336,21.724687576293945,8369400
2021-11-29,25.850000381469727,21.797765731811523,7036500
2021-11-30,25.30666732788086,21.33960723876953,9491100
2021-12-01,25.190000534057617,21.241228103637695,7119600
2021-12-02,25.566667556762695,21.558853149414062,7744200
2021-12-03,25.613332748413086,21.598201751708984,7710600
2021-12-06,25.866666793823242,21.81182098388672,5594100
2021-12-07,26.143333435058594,22.045122146606445,4682100
2021-12-08,25.876667022705078,21.994123458862305,5704500
2021-12-09,25.81999969482422,21.945953369140625,6639600
2021-12-10,26.093332290649414,22.17827606201172,7415700
2021-12-13,26.00666618347168,22.1046142578125,5590800
2021-12-14,25.989999771118164,22.090452194213867,8023500
2021-12-15,26.329999923706055,22.37943458557129,5975400
2021-12-16,26.520000457763672,22.540931701660156,8395200
2021-12-17,26.203332901000977,22.271774291992188,7888800
2021-12-20,26.030000686645508,22.124446868896484,9898800
2021-12-21,26.23666763305664,22.30010223388672,6453600
2021-12-22,26.383333206176758,22.42477035522461,4855800
2021-12-23,26.53333282470703,22.552257537841797,5688900
2021-12-27,26.84666633605957,22.818584442138672,5518800
2021-12-28,26.899999618530273,22.863914489746094,6584100
2021-12-29,26.953332901000977,22.90924835205078,5178300
2021-12-30,26.90333366394043,22.86674690246582,4984200
2021-12-31,26.94333267211914,22.90074348449707,4047600
2022-01-03,26.93666648864746,22.895078659057617,8928300
2022-01-04,27.26333236694336,23.172733306884766,7969500
2022-01-05,27.09000015258789,23.02540397644043,9767700
2022-01-06,27.170000076293945,23.093400955200195,10201500
2022-01-07,27.21666717529297,23.13306427001953,8449500
2022-01-10,27.21666717529297,23.13306427001953,12178500
2022-01-11,27.31333351135254,23.21523094177246,8802000
2022-01-12,27.299999237060547,23.20389747619629,10553100
2022-01-13,27.26333236694336,23.172733306884766,9165600
2022-01-14,27.23666763305664,23.150066375732422,8229000
2022-01-18,26.920000076293945,22.88091468811035,14785500
2022-01-19,26.610000610351562,22.617422103881836,11593500
2022-01-20,26.23666763305664,22.30010223388672,11585400
2022-01-21,25.886667251586914,22.002622604370117,27423000
2022-01-24,25.99333381652832,22.09328269958496,28006200
2022-01-25,26.010000228881836,22.10744857788086,15238500
2022-01-26,25.803333282470703,21.93178939819336,17263500
2022-01-27,25.700000762939453,21.843963623046875,12460800
2022-01-28,26.023332595825195,22.118783950805664,11340900
2022-01-31,26.206666946411133,22.27461051940918,8006400
2022-02-01,26.363332748413086,22.40776824951172,10737300
2022-02-02,26.57666778564453,22.589096069335938,9663000
2022-02-03,26.28333282470703,22.339771270751953,8540100
2022-02-04,26.18000030517578,22.25193977355957,6971400
2022-02-07,26.246667861938477,22.30860710144043,7850700
2022-02-08,26.459999084472656,22.48993492126465,7542900
2022-02-09,26.583332061767578,22.594758987426758,8477700
2022-02-10,26.136667251586914,22.215110778808594,11459100
2022-02-11,25.956666946411133,22.062118530273438,10028400
2022-02-14,25.75666618347168,21.892127990722656,12685800
2022-02-15,26.01333236694336,22.110280990600586,8981700
2022-02-16,26.046667098999023,22.138614654541016,7470900
2022-02-17,25.75666618347168,21.892127990722656,8899500
2022-02-18,25.780000686645508,21.911956787109375,9522600
2022-02-22,25.546667098999023,21.71363639831543,13990200
2022-02-23,25.22333335876465,21.438812255859375,13036200
2022-02-24,25.046667098999023,21.288660049438477,28840200
2022-02-25,25.80666732788086,21.93462562561035,11682600
2022-02-28,25.700000762939453,21.843963623046875,11774700
2022-03-01,25.24333381652832,21.455812454223633,14989500
2022-03-02,25.833332061767578,21.957290649414062,14114100
2022-03-03,25.93000030517578,22.03944969177246,13099500
2022-03-04,25.8799991607666,21.9969539642334,10649100
2022-03-07,25.420000076293945,21.605976104736328,12826500
2022-03-08,25.15999984741211,21.384981155395508,16128000
2022-03-09,25.546667098999023,21.71363639831543,11618100
2022-03-10,25.376667022705078,21.56913948059082,9550200
2022-03-11,25.233333587646484,21.44731330871582,8404800
2022-03-14,25.376667022705078,21.56913948059082,8918400
2022-03-15,25.706666946411133,21.84963035583496,7232100
2022-03-16,25.96666717529297,22.07061767578125,9442200
2022-03-17,26.196666717529297,22.2661075592041,9147000
2022-03-18,26.253332138061523,22.314273834228516,8209500
2022-03-21,26.296667098999023,22.351102828979492,8823900
2022-03-22,26.479999542236328,22.506929397583008,8237700
2022-03-23,25.98666763305664,22.232587814331055,9014100
2022-03-24,26.233333587646484,22.443618774414062,6228900
2022-03-25,26.48666763305664,22.660358428955078,7825500
2022-03-28,26.433332443237305,22.61472511291504,8082600
2022-03-29,26.68666648864746,22.831466674804688,14089200
2022-03-30,26.616666793823242,22.771575927734375,6133200
2022-03-31,26.296667098999023,22.497804641723633,6081300
2022-04-01,26.40999984741211,22.59476661682129,7048800
2022-04-04,26.446666717529297,22.626134872436523,6914400
2022-04-05,26.290000915527344,22.492101669311523,6558300
2022-04-06,26.323333740234375,22.520620346069336,6141600
2022-04-07,26.43000030517578,22.61187744140625,8394000
2022-04-08,26.48666763305664,22.660358428955078,6522000
2022-04-11,26.299999237060547,22.50065803527832,6444000
2022-04-12,26.22333335876465,22.4350643157959,7321200
2022-04-13,26.383333206176758,22.571949005126953,7727100
2022-04-14,26.233333587646484,22.443618774414062,6996600
2022-04-18,26.190000534057617,22.406545639038086,8536500
2022-04-19,26.476667404174805,22.65180015563965,9876900
2022-04-20,26.746667861938477,22.882797241210938,8420400
2022-04-21,26.516666412353516,22.68602180480957,7180500
2022-04-22,25.920000076293945,22.175552368164062,10358700
2022-04-25,25.97333335876465,22.221179962158203,14453700
2022-04-26,25.530000686645508,21.841894149780273,9595500
2022-04-27,25.56999969482422,21.87611198425293,13697400
2022-04-28,25.933332443237305,22.18695831298828,8425200
2022-04-29,25.213333129882812,21.57097053527832,11616300
2022-05-02,25.309999465942383,21.653671264648438,15532200
2022-05-03,25.5,21.81622314453125,17117400
2022-05-04,26.270000457763672,22.474990844726562,10825800
2022-05-05,25.616666793823242,21.916040420532227,11702700
2022-05-06,25.676666259765625,21.96736717224121,11724900
2022-05-09,25.329999923706055,21.6707820892334,13332000
2022-05-10,25.203332901000977,21.562416076660156,16161300
2022-05-11,25.003332138061523,21.39130973815918,14619000
2022-05-12,25.15333366394043,21.519641876220703,15341400
2022-05-13,25.433332443237305,21.759185791015625,8690100
2022-05-16,25.520000457763672,21.833332061767578,9478800
2022-05-17,25.983333587646484,22.229738235473633,8304000
2022-05-18,25.17333221435547,21.53675079345703,10883400
2022-05-19,24.799999237060547,21.217350006103516,12990300
2022-05-20,24.90999984741211,21.311458587646484,10151400
2022-05-23,25.22333335876465,21.579526901245117,8779500
2022-05-24,25.3700008392334,21.705005645751953,9628200
2022-05-25,25.623332977294922,21.921743392944336,10427100
2022-05-26,25.969999313354492,22.218326568603516,9681300
2022-05-27,26.373332977294922,22.563392639160156,7304700
2022-05-31,26.196666717529297,22.412250518798828,8544900
2022-06-01,25.976667404174805,22.224031448364258,6660000
2022-06-02,26.196666717529297,22.412250518798828,9066900
2022-06-03,26.016666412353516,22.258255004882812,5053800
2022-06-06,26.043333053588867,22.281068801879883,5256600
2022-06-07,26.293333053588867,22.494951248168945,6089400
2022-06-08,25.89666748046875,22.15559196472168,7344300
2022-06-09,25.42333221435547,21.750635147094727,5587500
2022-06-10,24.899999618530273,21.30290412902832,12758700
2022-06-13,24.19333267211914,20.698322296142578,19847100
2022-06-14,24.049999237060547,20.575695037841797,12123300
2022-06-15,24.1299991607666,20.644140243530273,10636500
2022-06-16,23.530000686645508,20.13081169128418,13704000
2022-06-17,23.43666648864746,20.050966262817383,11796300
2022-06-21,23.989999771118164,20.524364471435547,10361100
2022-06-22,23.633333206176758,20.418956756591797,8873400
2022-06-23,23.703332901000977,20.47943687438965,7862400
2022-06-24,24.336666107177734,21.026630401611328,8217900
2022-06-27,24.34000015258789,21.02950668334961,8454600
2022-06-28,24.086666107177734,20.810630798339844,10842300
2022-06-29,23.950000762939453,20.692554473876953,6081900
2022-06-30,23.876667022705078,20.629194259643555,8898900
2022-07-01,24.05666732788086,20.784711837768555,8765100
2022-07-05,23.883333206176758,20.634952545166016,8808900
2022-07-06,23.946666717529297,20.689672470092773,7683300
2022-07-07,24.213333129882812,20.92007064819336,6652200
2022-07-08,24.166667938232422,20.87975311279297,6412800
2022-07-11,24.03333282470703,20.76455307006836,6435900
2022-07-12,23.93666648864746,20.6810302734375,5953500
2022-07-13,23.760000228881836,20.528390884399414,8006700
2022-07-14,23.59666633605957,20.38727569580078,10183200
2022-07-15,23.93666648864746,20.6810302734375,5757900
2022-07-18,23.75,20.519752502441406,6536100
2022-07-19,24.200000762939453,20.908550262451172,5415900
2022-07-20,24.143333435058594,20.859588623046875,7205400
2022-07-21,24.163333892822266,20.876867294311523,6507900
2022-07-22,24.059999465942383,20.78759002685547,6758400
2022-07-25,24.17333221435547,20.88550567626953,7557600
2022-07-26,24.10333251953125,20.825031280517578,6735600
2022-07-27,24.446666717529297,21.12166976928711,6378900
2022-07-28,24.610000610351562,21.262788772583008,7521000
2022-07-29,24.809999465942383,21.435585021972656,8176200
2022-08-01,24.833332061767578,21.45574188232422,8817300
2022-08-02,24.610000610351562,21.262788772583008,7005300
2022-08-03,24.866666793823242,21.484540939331055,6279000
2022-08-04,24.799999237060547,21.42694664001465,5891400
2022-08-05,24.8700008392334,21.487424850463867,6135000
2022-08-08,24.89666748046875,21.510461807250977,6525300
2022-08-09,24.886667251586914,21.5018253326416,5589300
2022-08-10,25.316667556762695,21.873336791992188,7348800
2022-08-11,25.363332748413086,21.913658142089844,6528600
2022-08-12,25.746667861938477,22.244855880737305,5393400
2022-08-15,25.799999237060547,22.29093360900879,8227500
2022-08-16,25.956666946411133,22.42629051208496,10325700
2022-08-17,25.790000915527344,22.28229522705078,6731700
2022-08-18,25.946666717529297,22.417648315429688,6210300
2022-08-19,25.74333381652832,22.241971969604492,7356900
2022-08-22,25.266666412353516,21.83013916015625,6321600
2022-08-23,25.21666717529297,21.786941528320312,5048400
2022-08-24,25.226667404174805,21.795581817626953,4852200
2022-08-25,25.50666618347168,22.037494659423828,5538300
2022-08-26,24.75666618347168,21.38950538635254,9096300
2022-08-29,24.59666633605957,21.251266479492188,8014500
2022-08-30,24.336666107177734,21.026630401611328,7905600
2022-08-31,24.133333206176758,20.850950241088867,6569100
2022-09-01,24.229999542236328,20.934467315673828,11283300
2022-09-02,24.010000228881836,20.7443904876709,7192800
2022-09-06,23.926666259765625,20.672388076782227,7915800
2022-09-07,24.27666664123535,20.974790573120117,6258300
2022-09-08,24.469999313354492,21.141826629638672,6693600
2022-09-09,24.75666618347168,21.38950538635254,5499000
2022-09-12,24.856666564941406,21.475902557373047,7610100
2022-09-13,23.899999618530273,20.649351119995117,10521300
2022-09-14,23.920000076293945,20.66663360595703,7096500
2022-09-15,23.729999542236328,20.50247573852539,7848000
2022-09-16,23.729999542236328,20.50247573852539,11690100
2022-09-19,23.920000076293945,20.66663360595703,6936000
2022-09-20,23.670000076293945,20.45063591003418,10531800
2022-09-21,23.136667251586914,20.170785903930664,12713100
2022-09-22,23.059999465942383,20.10394287109375,16892100
2022-09-23,22.690000534057617,19.781375885009766,22713600
2022-09-26,22.440000534057617,19.56342124938965,13227600
2022-09-27,22.336666107177734,19.473337173461914,19514100
2022-09-28,22.75666618347168,19.839494705200195,11484900
2022-09-29,22.40999984741211,19.537267684936523,12804000
2022-09-30,22.143333435058594,19.30478286743164,10547700
2022-10-03,22.73666763305664,19.82205581665039,9942000
2022-10-04,23.329999923706055,20.339332580566406,10969500
2022-10-05,23.290000915527344,20.304458618164062,7479600
2022-10-06,22.989999771118164,20.042917251586914,8243100
2022-10-07,22.530000686645508,19.64188575744629,9671700
2022-10-10,22.456666946411133,19.57795524597168,8264700
2022-10-11,22.406667709350586,19.534364700317383,9132300
2022-10-12,22.386667251586914,19.516925811767578,9470400
2022-10-13,23.043333053588867,20.08941650390625,13476900
2022-10-14,22.64666748046875,19.743595123291016,9612600
2022-10-17,23.020000457763672,20.069074630737305,12595800
2022-10-18,23.329999923706055,20.339332580566406,8050800
2022-10-19,23.073333740234375,20.115570068359375,7527300
2022-10-20,22.843332290649414,19.91505241394043,6961200
2022-10-21,23.366666793823242,20.37130355834961,8250000
2022-10-24,23.78333282470703,20.73455238342285,9317100
2022-10-25,24.020000457763672,20.94088363647461,7805700
2022-10-26,24.126667022705078,21.033876419067383,8904300
2022-10-27,24.17333221435547,21.07455825805664,9545100
2022-10-28,24.733333587646484,21.562774658203125,8294700
2022-10-31,24.626667022705078,21.469783782958984,9193500
2022-11-01,24.690000534057617,21.52499771118164,10305000
2022-11-02,24.239999771118164,21.13268280029297,10794000
2022-11-03,24.046667098999023,20.964126586914062,12130200
2022-11-04,24.489999771118164,21.35063362121582,9562200
2022-11-07,24.746667861938477,21.574399948120117,9270900
2022-11-08,25.016666412353516,21.809785842895508,10376400
2022-11-09,24.59000015258789,21.43781280517578,9747300
2022-11-10,25.573333740234375,22.29509735107422,13729500
2022-11-11,25.639999389648438,22.353214263916016,12663000
2022-11-14,25.489999771118164,22.222444534301758,10524300
2022-11-15,25.57666778564453,22.297998428344727,13650600
2022-11-16,25.389999389648438,22.135263442993164,10797300
2022-11-17,25.479999542236328,22.213727951049805,10681800
2022-11-18,25.64666748046875,22.359027862548828,9075600
2022-11-21,25.71666717529297,22.420053482055664,12778500
2022-11-22,26.09666633605957,22.751340866088867,8062800
2022-11-23,26.086666107177734,22.74262237548828,7527600
2022-11-25,26.14666748046875,22.794933319091797,3444300
2022-11-28,25.773332595825195,22.469453811645508,8653200
2022-11-29,25.850000381469727,22.53629493713379,6960900
2022-11-30,26.309999465942383,22.937326431274414,10571100
2022-12-01,26.35333251953125,22.9751033782959,10197900
2022-12-02,26.336666107177734,22.960575103759766,14984400
2022-12-05,25.883333206176758,22.56535530090332,10372200
2022-12-06,25.573333740234375,22.29509735107422,14779200
2022-12-07,25.343332290649414,22.298906326293945,8716500
2022-12-08,25.496667861938477,22.433822631835938,10608900
2022-12-09,25.336666107177734,22.29304313659668,7839000
2022-12-12,25.656667709350586,22.574600219726562,9286800
2022-12-13,25.78333282470703,22.68604850769043,13612500
2022-12-14,25.676666259765625,22.59219741821289,11433000
2022-12-15,25.15999984741211,22.137596130371094,11455500
2022-12-16,24.94333267211914,21.94695472717285,13434300
2022-12-19,24.860000610351562,21.87363624572754,9720900
2022-12-20,24.89666748046875,21.905899047851562,9119100
2022-12-21,25.246667861938477,22.213857650756836,10937400
2022-12-22,25.030000686645508,22.023216247558594,13066200
2022-12-23,25.196666717529297,22.169857025146484,9231000
2022-12-27,25.28333282470703,22.24611473083496,9435600
2022-12-28,24.97333335876465,21.97335433959961,9989400
2022-12-29,25.25666618347168,22.222652435302734,8621400
2022-12-30,25.18000030517578,22.155197143554688,10362600
2023-01-03,25.14666748046875,22.125871658325195,9125700
2023-01-04,25.39666748046875,22.34583854675293,10210800
2023-01-05,25.246667861938477,22.213857650756836,8378400
2023-01-06,25.876667022705078,22.768173217773438,10004700
2023-01-09,25.690000534057617,22.603931427001953,13200000
2023-01-10,25.81999969482422,22.718313217163086,10056300
2023-01-11,25.916667938232422,22.80337142944336,8382000
2023-01-12,25.959999084472656,22.841493606567383,9211500
2023-01-13,25.983333587646484,22.86202621459961,9216600
2023-01-17,25.72333335876465,22.633258819580078,9721500
2023-01-18,25.229999542236328,22.19918441772461,13953900
2023-01-19,25.01333236694336,22.0085506439209,9714900
2023-01-20,25.31333351135254,22.272512435913086,9034500
2023-01-23,25.51333236694336,22.448486328125,9284400
2023-01-24,25.49333381652832,22.430891036987305,8128200
2023-01-25,25.496667861938477,22.433822631835938,9218400
2023-01-26,25.49333381652832,22.430891036987305,8358000
2023-01-27,25.453332901000977,22.395692825317383,11433000
2023-01-30,25.350000381469727,22.304771423339844,8212200
2023-01-31,25.703332901000977,22.61566162109375,16214400
2023-02-01,25.823333740234375,22.72124671936035,13659600
2023-02-02,26.010000228881836,22.88549041748047,15913200
2023-02-03,25.803333282470703,22.703651428222656,10095000
2023-02-06,25.670000076293945,22.586332321166992,9450600
2023-02-07,25.803333282470703,22.703651428222656,11888400
2023-02-08,25.586666107177734,22.513010025024414,9959400
2023-02-09,25.366666793823242,22.319438934326172,8798100
2023-02-10,25.600000381469727,22.52474021911621,7377300
2023-02-13,25.883333206176758,22.77404022216797,8393100
2023-02-14,25.713333129882812,22.624462127685547,10174500
2023-02-15,25.76333236694336,22.668453216552734,7397700
2023-02-16,25.583332061767578,22.51007652282715,7906200
2023-02-17,25.636667251586914,22.5570068359375,7465200
2023-02-21,25.149999618530273,22.12879753112793,10497900
2023-02-22,25.046667098999023,22.037878036499023,8979000
2023-02-23,25.123332977294922,22.105335235595703,8780400
2023-02-24,24.953332901000977,21.95575714111328,10475700
2023-02-27,24.956666946411133,21.958690643310547,10268100
2023-02-28,24.850000381469727,21.864837646484375,8443500
2023-03-01,24.84000015258789,21.85603904724121,11108100
2023-03-02,24.93000030517578,21.935224533081055,8533800
2023-03-03,25.190000534057617,22.16399383544922,8190900
2023-03-06,25.18000030517578,22.155197143554688,7317000
2023-03-07,24.780000686645508,21.803247451782227,8960700
2023-03-08,24.746667861938477,21.7739200592041,9119700
2023-03-09,24.280000686645508,21.363311767578125,11207400
2023-03-10,23.98666763305664,21.105215072631836,16793700
2023-03-13,23.643333435058594,20.803123474121094,32750700
2023-03-14,23.85333251953125,20.987897872924805,12085800
2023-03-15,23.656667709350586,20.81485939025879,19080300
2023-03-16,23.883333206176758,21.014291763305664,12662400
2023-03-17,23.503332138061523,20.67993927001953,14466300
2023-03-20,23.856666564941406,20.990833282470703,11370600
2023-03-21,24.110000610351562,21.213727951049805,9270300
2023-03-22,23.446666717529297,20.801774978637695,11112900
2023-03-23,23.426666259765625,20.784032821655273,14120700
2023-03-24,23.613332748413086,20.94964599609375,11326500
2023-03-27,23.713333129882812,21.03836441040039,10263900
2023-03-28,23.75,21.070892333984375,10033800
2023-03-29,24.030000686645508,21.319307327270508,8134800
2023-03-30,24.100000381469727,21.381412506103516,8238300
2023-03-31,24.386667251586914,21.635738372802734,8034300
2023-04-03,24.520000457763672,21.754032135009766,9918300
2023-04-04,24.28333282470703,21.5440616607666,8911200
2023-04-05,24.34000015258789,21.59433937072754,7926300
2023-04-06,24.31999969482422,21.576595306396484,7558200
2023-04-10,24.40999984741211,21.656442642211914,8987400
2023-04-11,24.51333236694336,21.748119354248047,8110200
2023-04-12,24.40999984741211,21.656442642211914,7884600
2023-04-13,24.579999923706055,21.80726432800293,8252700
2023-04-14,24.52666664123535,21.759946823120117,6999300
2023-04-17,24.639999389648438,21.86049461364746,7678200
2023-04-18,24.64666748046875,21.866411209106445,7495200
2023-04-19,24.59000015258789,21.816137313842773,6846000
2023-04-20,24.43666648864746,21.68010139465332,7374900
2023-04-21,24.386667251586914,21.635738372802734,6876900
2023-04-24,24.43666648864746,21.68010139465332,6163800
2023-04-25,24.053333282470703,21.340007781982422,8270700
2023-04-26,23.696666717529297,21.023576736450195,10873500
2023-04-27,23.940000534057617,21.239458084106445,9308100
2023-04-28,24.190000534057617,21.461257934570312,8824500
2023-05-01,24.209999084472656,21.479000091552734,9200700
2023-05-02,23.703332901000977,21.029489517211914,13883100
2023-05-03,23.49333381652832,20.84317970275879,11622000
2023-05-04,23.273332595825195,20.64799690246582,15059700
2023-05-05,23.663333892822266,20.994001388549805,9132600
2023-05-08,23.540000915527344,20.884580612182617,10743600
2023-05-09,23.453332901000977,20.807689666748047,10566600
2023-05-10,23.406667709350586,20.766286849975586,10198800
2023-05-11,23.303333282470703,20.67461395263672,10107000
2023-05-12,23.350000381469727,20.71601676940918,8498100
2023-05-15,23.399999618530273,20.760372161865234,7678200
2023-05-16,23.059999465942383,20.458728790283203,9490200
2023-05-17,23.389999389648438,20.75149917602539,8262900
2023-05-18,23.50666618347168,20.855005264282227,10053000
2023-05-19,23.530000686645508,20.875707626342773,9811500
2023-05-22,23.53333282470703,20.87866973876953,8946900
2023-05-23,23.52666664123535,20.872751235961914,10928700
2023-05-24,23.303333282470703,20.67461395263672,9371100
2023-05-25,23.213333129882812,20.594762802124023,11398500
2023-05-26,23.476667404174805,20.82839584350586,13805700
2023-05-30,23.389999389648438,20.75149917602539,12973500
2023-05-31,23.196666717529297,20.579975128173828,11291400
2023-06-01,23.290000915527344,20.66278076171875,11988600
2023-06-02,23.746667861938477,21.067935943603516,9735600
2023-06-05,23.59666633605957,20.934860229492188,7203900
2023-06-06,23.663333892822266,20.994001388549805,8585700
2023-06-07,23.933332443237305,21.233543395996094,9618900
2023-06-08,23.969999313354492,21.266071319580078,7749300
2023-06-09,23.90999984741211,21.212844848632812,10866300
2023-06-12,24.043333053588867,21.331134796142578,8997900
2023-06-13,24.19333267211914,21.464216232299805,9424800
2023-06-14,24.139999389648438,21.416900634765625,9975300
2023-06-15,24.453332901000977,21.69488525390625,11187900
2023-06-16,24.446666717529297,21.68897247314453,12838800
2023-06-20,24.213333129882812,21.481962203979492,9382500
2023-06-21,23.90999984741211,21.40883445739746,9037800
2023-06-22,23.80666732788086,21.316312789916992,7303200
2023-06-23,23.56999969482422,21.10440444946289,9089400
2023-06-26,23.690000534057617,21.21185302734375,9741300
2023-06-27,23.893333435058594,21.39391326904297,11336100
2023-06-28,23.84000015258789,21.346158981323242,8761200
2023-06-29,24.003332138061523,21.49240493774414,8395200
2023-06-30,24.206666946411133,21.674468994140625,8362200
2023-07-03,24.350000381469727,21.802806854248047,5321700
2023-07-05,24.24333381652832,21.707300186157227,7522800
2023-07-06,23.979999542236328,21.471515655517578,7891500
2023-07-07,23.93666648864746,21.432716369628906,6875100
2023-07-10,24.126667022705078,21.60283660888672,9162300
2023-07-11,24.406667709350586,21.853546142578125,9109500
2023-07-12,24.479999542236328,21.91921043395996,8286000
2023-07-13,24.593332290649414,22.020689010620117,8994300
2023-07-14,24.459999084472656,21.901302337646484,9302100
2023-07-17,24.39666748046875,21.844593048095703,9975300
2023-07-18,24.593332290649414,22.020689010620117,9374400
2023-07-19,24.833332061767578,22.235580444335938,10055100
2023-07-20,24.933332443237305,22.325119018554688,8472000
2023-07-21,24.989999771118164,22.3758602142334,7883100
2023-07-24,25.136667251586914,22.507186889648438,7482000
2023-07-25,25.110000610351562,22.483306884765625,11333400
2023-07-26,25.156667709350586,22.52509117126465,7806000
2023-07-27,25.053333282470703,22.432565689086914,10443000
2023-07-28,25.209999084472656,22.572845458984375,6849300
2023-07-31,25.219999313354492,22.581798553466797,7678500
2023-08-01,25.106666564941406,22.480323791503906,9380400
2023-08-02,24.84666633605957,22.247522354125977,10698000
2023-08-03,24.81999969482422,22.223642349243164,8093400
2023-08-04,24.719999313354492,22.134103775024414,8268900
2023-08-07,24.93666648864746,22.328107833862305,7629600
2023-08-08,24.84666633605957,22.247522354125977,7299300
2023-08-09,24.78333282470703,22.190811157226562,5960100
2023-08-10,24.786666870117188,22.193796157836914,7045200
2023-08-11,24.856666564941406,22.256473541259766,5196600
2023-08-14,24.816667556762695,22.220661163330078,6620400
2023-08-15,24.523332595825195,21.9580078125,8457300
2023-08-16,24.42333221435547,21.868471145629883,7290000
2023-08-17,24.459999084472656,21.901302337646484,7266300
2023-08-18,24.520000457763672,21.95502471923828,7854000
2023-08-21,24.50666618347168,21.943084716796875,7080300
2023-08-22,24.31999969482422,21.77594757080078,8922000
2023-08-23,24.52666664123535,21.960994720458984,7087500
2023-08-24,24.336666107177734,21.790870666503906,7776000
2023-08-25,24.446666717529297,21.88936424255371,7470600
2023-08-28,24.586666107177734,22.01471710205078,6457200
2023-08-29,24.81999969482422,22.223642349243164,7608600
2023-08-30,24.863332748413086,22.262441635131836,6776100
2023-08-31,24.843332290649414,22.24453353881836,5803800
2023-09-01,24.889999389648438,22.286319732666016,7832700
2023-09-05,24.670000076293945,22.089336395263672,10831200
2023-09-06,24.476667404174805,21.916227340698242,10455900
2023-09-07,24.459999084472656,21.901302337646484,6183300
2023-09-08,24.55666732788086,21.98785972595215,6187500
2023-09-11,24.593332290649414,22.020689010620117,6309300
2023-09-12,24.586666107177734,22.01471710205078,7701900
2023-09-13,24.516666412353516,21.95203971862793,6287100
2023-09-14,24.780000686645508,22.187828063964844,7003800
2023-09-15,24.543333053588867,21.975919723510742,8133600
2023-09-18,24.540000915527344,21.97293472290039,8060100
2023-09-19,24.476667404174805,21.916227340698242,7377900
2023-09-20,24.15999984741211,21.82738494873047,9579000
2023-09-21,23.809999465942383,21.511178970336914,10454400
2023-09-22,23.76333236694336,21.46901512145996,10194600
2023-09-25,23.82666778564453,21.526235580444336,9135600
2023-09-26,23.543333053588867,21.27025604248047,13153200
2023-09-27,23.546667098999023,21.27326774597168,8781300
2023-09-28,23.670000076293945,21.38469696044922,8310600
2023-09-29,23.586666107177734,21.30940818786621,7446900
2023-10-02,23.393333435058594,21.134740829467773,13518300
2023-10-03,23.139999389648438,20.905864715576172,12576000
2023-10-04,23.149999618530273,20.914899826049805,15901500
2023-10-05,23.06999969482422,20.842622756958008,11496300
2023-10-06,23.209999084472656,20.969104766845703,12545700
2023-10-09,23.46666717529297,21.200992584228516,8345700
2023-10-10,23.583332061767578,21.306392669677734,7980300
2023-10-11,23.6200008392334,21.339523315429688,7934700
2023-10-12,23.489999771118164,21.222074508666992,10840200
2023-10-13,23.440000534057617,21.176904678344727,7026600
2023-10-16,23.71666717529297,21.42685317993164,9343200
2023-10-17,23.809999465942383,21.511178970336914,8586000
2023-10-18,23.540000915527344,21.267248153686523,8427300
2023-10-19,23.32666778564453,21.07451057434082,11148600
2023-10-20,23.09666633605957,20.86671257019043,10215900
2023-10-23,22.916667938232422,20.70409393310547,12551700
2023-10-24,23.093332290649414,20.863704681396484,9668700
2023-10-25,22.84666633605957,20.640850067138672,10981500
2023-10-26,22.726667404174805,20.53244400024414,11457900
2023-10-27,22.299999237060547,20.1469669342041,19812000
2023-10-30,22.56333351135254,20.384876251220703,15673200
2023-10-31,22.68666648864746,20.496299743652344,12723000
2023-11-01,22.71666717529297,20.523406982421875,12750900
2023-11-02,23.22333335876465,20.981155395507812,17221800
2023-11-03,23.416667938232422,21.155820846557617,11808000
2023-11-06,23.31333351135254,21.062463760375977,10616700
2023-11-07,23.233333587646484,20.990188598632812,10370700
2023-11-08,23.190000534057617,20.951040267944336,9341100
2023-11-09,22.92333221435547,20.710115432739258,10171500
2023-11-10,23.14666748046875,20.911888122558594,10023300
2023-11-13,23.09000015258789,20.860692977905273,12084000
2023-11-14,23.600000381469727,21.321453094482422,11900400
2023-11-15,23.780000686645508,21.48407554626465,9096600
2023-11-16,23.59000015258789,21.31241798400879,10950600
2023-11-17,23.713333129882812,21.423847198486328,8777100
2023-11-20,23.829999923706055,21.529247283935547,12552000
2023-11-21,23.766666412353516,21.472028732299805,8789100
2023-11-22,23.843332290649414,21.541292190551758,8541000
2023-11-24,23.933332443237305,21.622604370117188,6213000
2023-11-27,23.81333351135254,21.514192581176758,15677700
2023-11-28,23.84666633605957,21.54430389404297,11078700
2023-11-29,23.94333267211914,21.631635665893555,10791000
2023-11-30,24.116666793823242,21.78823471069336,9611400
2023-12-01,24.383333206176758,22.029159545898438,13222500
2023-12-04,24.479999542236328,22.116491317749023,12940800
2023-12-05,24.336666107177734,21.98699378967285,9987900
2023-12-06,24.043333053588867,21.94500732421875,16391700
2023-12-07,24.133333206176758,22.027158737182617,9737100
2023-12-08,24.17333221435547,22.063663482666016,19341600
2023-12-11,24.406667709350586,22.276634216308594,20164200
2023-12-12,24.420000076293945,22.288803100585938,14730600
2023-12-13,24.823333740234375,22.656936645507812,12121500
2023-12-14,25.229999542236328,23.028112411499023,14745900
2023-12-15,25.149999618530273,22.955093383789062,14744400
2023-12-18,25.183332443237305,22.985515594482422,12961500
2023-12-19,25.323333740234375,23.113298416137695,10315500
2023-12-20,24.94333267211914,22.766462326049805,10764000
2023-12-21,25.1299991607666,22.936840057373047,9560700
2023-12-22,25.28333282470703,23.076793670654297,9598200
2023-12-26,25.406667709350586,23.189363479614258,10798500
2023-12-27,25.426666259765625,23.20761489868164,10449000
2023-12-28,25.440000534057617,23.219785690307617,9972900
2023-12-29,25.376667022705078,23.16197967529297,11581800
2024-01-02,25.56333351135254,23.33235740661621,20586600
2024-01-03,25.40333366394043,23.18631935119629,10899900
2024-01-04,25.373332977294922,23.158939361572266,11936700
2024-01-05,25.456666946411133,23.23499870300293,10662300
2024-01-08,25.606666564941406,23.371904373168945,13774800
2024-01-09,25.469999313354492,23.24716567993164,8764500
2024-01-10,25.456666946411133,23.23499870300293,17371800
2024-01-11,25.35333251953125,23.140682220458984,10072500
2024-01-12,25.42333221435547,23.204574584960938,10789200
2024-01-16,25.23666763305664,23.034198760986328,14806500
2024-01-17,25.083332061767578,22.894245147705078,12843300
2024-01-18,25.233333587646484,23.03115463256836,10711500
2024-01-19,25.530000686645508,23.301929473876953,12286200
2024-01-22,25.639999389648438,23.40233039855957,13368900
2024-01-23,25.64666748046875,23.408416748046875,9414000
2024-01-24,25.46666717529297,23.244123458862305,13708500
2024-01-25,25.690000534057617,23.44797134399414,12179400
2024-01-26,25.67333221435547,23.432754516601562,11016900
2024-01-29,25.77666664123535,23.527069091796875,11151000
2024-01-30,25.729999542236328,23.484477996826172,7753800
2024-01-31,25.413333892822266,23.19544792175293,12526800
2024-02-01,25.68000030517578,23.438840866088867,10506900
2024-02-02,25.666667938232422,23.42667007446289,10705500
2024-02-05,25.459999084472656,23.238039016723633,11640300
2024-02-06,25.583332061767578,23.350605010986328,10884000
2024-02-07,25.623332977294922,23.38711929321289,8478900
2024-02-08,25.690000534057617,23.44797134399414,7434300
2024-02-09,25.59666633605957,23.36277961730957,9789600
2024-02-12,25.753332138061523,23.505773544311523,9979200
2024-02-13,25.360000610351562,23.14676856994629,12654600
2024-02-14,25.459999084472656,23.238039016723633,10551900
2024-02-15,25.746667861938477,23.49968910217285,10514400
2024-02-16,25.65999984741211,23.420583724975586,9462300
2024-02-20,25.656667709350586,23.417543411254883,14182800
2024-02-21,25.760000228881836,23.511856079101562,8347800
2024-02-22,25.933332443237305,23.670063018798828,9360300
2024-02-23,25.963333129882812,23.697444915771484,12565200
2024-02-26,25.823333740234375,23.569664001464844,8671800
2024-02-27,25.84666633605957,23.590961456298828,8188200
2024-02-28,25.809999465942383,23.557493209838867,8081100
2024-02-29,25.8799991607666,23.62138557434082,9695100
2024-03-01,26.049999237060547,23.776548385620117,8981700
2024-03-04,26.1299991607666,23.849565505981445,11979300
2024-03-05,26.040000915527344,23.767423629760742,10272000
2024-03-06,26.126667022705078,23.846525192260742,9660000
2024-03-07,26.253332138061523,23.96213722229004,9161100
2024-03-08,26.143333435058594,23.861740112304688,10614300
2024-03-11,26.293333053588867,23.998647689819336,10698300
2024-03-12,26.34000015258789,24.041240692138672,8812200
2024-03-13,26.420000076293945,24.1142578125,9695100
2024-03-14,26.27666664123535,23.983436584472656,9599400
2024-03-15,26.18666648864746,23.901287078857422,10259100
2024-03-18,26.239999771118164,23.949968338012695,12881700
2024-03-19,26.356666564941406,24.05645179748535,10482900
2024-03-20,26.413333892822266,24.295917510986328,14684100
2024-03-21,26.623332977294922,24.489078521728516,10912500
2024-03-22,26.459999084472656,24.338842391967773,10813500
2024-03-25,26.46666717529297,24.344972610473633,10905600
2024-03-26,26.290000915527344,24.182470321655273,14642700
2024-03-27,26.74333381652832,24.59946060180664,9745200
2024-03-28,26.876667022705078,24.72210693359375,9044100
2024-04-01,26.713333129882812,24.57186508178711,12515100
2024-04-02,26.57666778564453,24.44615936279297,10589400
2024-04-03,26.510000228881836,24.38483428955078,9058200
2024-04-04,26.24333381652832,24.139545440673828,11765700
2024-04-05,26.336666107177734,24.22539520263672,10267200
2024-04-08,26.366666793823242,24.252992630004883,6589200
2024-04-09,26.516666412353516,24.390966415405273,9741300
2024-04-10,26.043333053588867,23.955577850341797,19044000
2024-04-11,25.976667404174805,23.894256591796875,14938800
2024-04-12,25.60333251953125,23.55084800720215,11039100
2024-04-15,25.47333335876465,23.4312744140625,13462500
2024-04-16,25.309999465942383,23.281030654907227,9982800
2024-04-17,25.270000457763672,23.244237899780273,7970400
2024-04-18,25.270000457763672,23.244237899780273,7839600
2024-04-19,25.549999237060547,23.501792907714844,10240500
2024-04-22,25.746667861938477,23.682693481445312,9235500
2024-04-23,25.92333221435547,23.845197677612305,7521000
2024-04-24,26.043333053588867,23.955577850341797,8927700
2024-04-25,25.85333251953125,23.78080940246582,10230300
2024-04-26,25.82666778564453,23.756282806396484,7184400
2024-04-29,25.97333335876465,23.89118766784668,7443000
2024-04-30,25.663333892822266,23.606040954589844,7275300
2024-05-01,25.6299991607666,23.575380325317383,10349100
2024-05-02,25.75666618347168,23.691890716552734,7831500
2024-05-03,25.989999771118164,23.906518936157227,7839600
2024-05-06,26.043333053588867,23.955577850341797,10487700
2024-05-07,26.083332061767578,23.992366790771484,9078900
2024-05-08,26.170000076293945,24.07209014892578,6155400
2024-05-09,26.386667251586914,24.27138900756836,9018300
2024-05-10,26.433332443237305,24.314313888549805,6134100
2024-05-13,26.520000457763672,24.394031524658203,6714600
2024-05-14,26.56333351135254,24.433889389038086,6367500
2024-05-15,26.71666717529297,24.574934005737305,7487700
2024-05-16,26.666667938232422,24.528942108154297,8173800
2024-05-17,26.69333267211914,24.553470611572266,6338400
2024-05-20,26.559999465942383,24.430822372436523,7638000
2024-05-21,26.48666763305664,24.363372802734375,6726000
2024-05-22,26.399999618530273,24.283653259277344,8979300
2024-05-23,25.99333381652832,23.90958595275879,9431700
2024-05-24,26.03333282470703,23.946380615234375,7175100
2024-05-28,25.81333351135254,23.744014739990234,9843000
2024-05-29,25.47333335876465,23.4312744140625,9505800
2024-05-30,25.71666717529297,23.65509796142578,7257600
2024-05-31,26.190000534057617,24.090486526489258,7858800
2024-06-03,26.046667098999023,23.95864486694336,8255700
2024-06-04,26.059999465942383,23.97090721130371,5874600
2024-06-05,26.049999237060547,23.961708068847656,11250000
2024-06-06,26.02666664123535,23.940248489379883,6650100
2024-06-07,25.963333129882812,23.881990432739258,6192000
2024-06-10,25.92333221435547,23.845197677612305,7659900
2024-06-11,25.833332061767578,23.762413024902344,7496100
2024-06-12,25.81333351135254,23.744014739990234,8495700
2024-06-13,25.703332901000977,23.642833709716797,8197200
2024-06-14,25.59666633605957,23.544715881347656,9477600
2024-06-17,25.766666412353516,23.70108985900879,9250200
2024-06-18,25.8799991607666,23.805334091186523,7321200
2024-06-20,26.020000457763672,23.93411636352539,9732000
2024-06-21,26.040000915527344,23.952510833740234,8371200
2024-06-24,26.40333366394043,24.286718368530273,7982100
2024-06-25,26.19333267211914,24.093551635742188,7842300
2024-06-26,25.809999465942383,23.992536544799805,8162400
2024-06-27,25.75666618347168,23.94295883178711,9172500
2024-06-28,25.920000076293945,24.094789505004883,10609800
2024-07-01,25.803333282470703,23.98634147644043,16640400
2024-07-02,25.816667556762695,23.998735427856445,8160600
2024-07-03,25.726667404174805,23.915071487426758,6168900
2024-07-05,25.67333221435547,23.865493774414062,9886200
2024-07-08,25.696666717529297,23.88718605041504,8576700
2024-07-09,25.703332901000977,23.893383026123047,8870100
2024-07-10,25.956666946411133,24.128877639770508,7726500
2024-07-11,26.273332595825195,24.423246383666992,10332000
2024-07-12,26.546667098999023,24.677330017089844,9661200
2024-07-15,26.643333435058594,24.767192840576172,9588600
2024-07-16,27.086666107177734,25.179306030273438,8936100
2024-07-17,27.440000534057617,25.50775909423828,11274000
2024-07-18,27.203332901000977,25.287757873535156,11019000
2024-07-19,27.036666870117188,25.13282585144043,6724800
2024-07-22,27.059999465942383,25.15451431274414,9084600
2024-07-23,26.82666778564453,24.9376163482666,8572800
2024-07-24,26.899999618530273,25.005783081054688,7804200
2024-07-25,27.059999465942383,25.15451431274414,9511800
2024-07-26,27.489999771118164,25.554237365722656,7490400
2024-07-29,27.383333206176758,25.455080032348633,9230100
2024-07-30,27.600000381469727,25.656492233276367,8377200
2024-07-31,27.52666664123535,25.588319778442383,9619200
2024-08-01,27.253332138061523,25.3342342376709,10129500
2024-08-02,26.933332443237305,25.03676986694336,10460700
2024-08-05,26.32666778564453,24.472824096679688,18282000
2024-08-06,26.459999084472656,24.59676742553711,12704400
2024-08-07,26.296667098999023,24.444936752319336,9877200
2024-08-08,26.739999771118164,24.857051849365234,8586000
2024-08-09,26.72333335876465,24.841556549072266,7585200
2024-08-12,26.59666633605957,24.72381019592285,7661400
2024-08-13,26.8799991607666,24.987192153930664,7015800
2024-08-14,26.913333892822266,25.018178939819336,6625200
2024-08-15,27.196666717529297,25.28156089782715,8206800
2024-08-16,27.31999969482422,25.396207809448242,6395100
2024-08-19,27.479999542236328,25.544940948486328,7279800
2024-08-20,27.406667709350586,25.47677230834961,7043100
2024-08-21,27.523332595825195,25.585222244262695,7131000
2024-08-22,27.446666717529297,25.51395606994629,6476700
2024-08-23,27.84000015258789,25.879589080810547,7466400
2024-08-26,27.873332977294922,25.91057777404785,9560100
2024-08-27,27.82666778564453,25.867197036743164,6933300
2024-08-28,27.833332061767578,25.87339210510254,6417300
2024-08-29,27.953332901000977,25.984943389892578,7154100
2024-08-30,28.176666259765625,26.192550659179688,7419000
2024-09-03,27.926666259765625,25.960153579711914,10817700
2024-09-04,27.833332061767578,25.87339210510254,9603900
2024-09-05,27.56999969482422,25.62860107421875,8496000
2024-09-06,27.333332061767578,25.40860366821289,9841200
2024-09-09,27.663333892822266,25.71536636352539,8665800
2024-09-10,27.68666648864746,25.7370548248291,6937500
2024-09-11,27.516666412353516,25.57902717590332,8727300
2024-09-12,27.543333053588867,25.60381507873535,6989100
2024-09-13,27.786666870117188,25.830013275146484,6856800
2024-09-16,28.049999237060547,26.07480239868164,7710600
2024-09-17,28.030000686645508,26.05621337890625,7572000
2024-09-18,28.046667098999023,26.071706771850586,8607300
2024-09-19,28.290000915527344,26.29790496826172,9279900
2024-09-20,28.15999984741211,26.17705726623535,10921800
2024-09-23,28.309999465942383,26.316495895385742,7689600
2024-09-24,28.35333251953125,26.356779098510742,9443100
2024-09-25,27.790000915527344,26.064462661743164,10584900
2024-09-26,27.913333892822266,26.180137634277344,10354200
2024-09-27,28.086666107177734,26.342708587646484,13143900
2024-09-30,28.176666259765625,26.427120208740234,21598200
2024-10-01,28.15999984741211,26.411487579345703,13093500
2024-10-02,28.18000030517578,26.430246353149414,10701600
2024-10-03,28.106666564941406,26.361469268798828,9858300
2024-10-04,28.21666717529297,26.464637756347656,9511200
2024-10-07,28.100000381469727,26.355215072631836,12602700
2024-10-08,28.053333282470703,26.311445236206055,10086300
2024-10-09,28.316667556762695,26.558427810668945,11862600
2024-10-10,28.206666946411133,26.455257415771484,9633300
2024-10-11,28.540000915527344,26.767892837524414,9937900
2024-10-14,28.690000534057617,26.908580780029297,9085700
2024-10-15,28.56999969482422,26.796031951904297,11217500
2024-10-16,28.799999237060547,27.011749267578125,9171700
2024-10-17,28.809999465942383,27.021129608154297,8740400
2024-10-18,28.809999465942383,27.021129608154297,8179200
2024-10-21,28.469999313354492,26.702238082885742,12964900
2024-10-22,28.329999923706055,26.570932388305664,11338300
2024-10-23,28.280000686645508,26.524038314819336,11877000
2024-10-24,28.329999923706055,26.570932388305664,8814500
2024-10-25,28.149999618530273,26.402109146118164,9305200
2024-10-28,28.31999969482422,26.561553955078125,10346800
2024-10-29,28.09000015258789,26.345834732055664,10209700
2024-10-30,28.18000030517578,26.430246353149414,10503900
2024-10-31,28.229999542236328,26.477140426635742,10905200
2024-11-01,28.100000381469727,26.355215072631836,9374000
2024-11-04,28.1299991607666,26.383350372314453,10761000
2024-11-05,28.3799991607666,26.617826461791992,10098100
2024-11-06,29.040000915527344,27.236848831176758,16061100
2024-11-07,28.90999984741211,27.114919662475586,13223300
2024-11-08,29.079999923706055,27.274364471435547,11674000
2024-11-11,29.15999984741211,27.349397659301758,11164700
2024-11-12,28.90999984741211,27.114919662475586,13235500
2024-11-13,29.010000228881836,27.208709716796875,10503000
2024-11-14,28.8799991607666,27.086780548095703,8902300
2024-11-15,28.6299991607666,26.852306365966797,12549300
2024-11-18,28.790000915527344,27.002370834350586,11084400
2024-11-19,28.639999389648438,26.861682891845703,11657500
2024-11-20,28.709999084472656,26.927337646484375,9201500
2024-11-21,28.979999542236328,27.180574417114258,11132500
2024-11-22,29.350000381469727,27.527597427368164,12227600
2024-11-25,29.510000228881836,27.677663803100586,12321500
2024-11-26,29.450000762939453,27.62139129638672,11306600
2024-11-27,29.440000534057617,27.61201286315918,10547500
2024-11-29,29.530000686645508,27.696422576904297,7685300
2024-12-02,29.34000015258789,27.518220901489258,15555700
2024-12-03,29.18000030517578,27.368152618408203,13097900
2024-12-04,28.940000534057617,27.143056869506836,16023900
2024-12-05,28.950000762939453,27.15243911743164,12749200
2024-12-06,28.81999969482422,27.030506134033203,12671900
2024-12-09,28.790000915527344,27.002370834350586,19540700
2024-12-10,28.68000030517578,26.899202346801758,17529000
2024-12-11,28.25,26.74300193786621,15896100
2024-12-12,28.200000762939453,26.695669174194336,14370700
2024-12-13,28.1299991607666,26.62940216064453,16919700
2024-12-16,27.8700008392334,26.38327407836914,24794000
2024-12-17,27.809999465942383,26.326475143432617,17417900
2024-12-18,27.079999923706055,25.63541603088379,20344000
2024-12-19,26.93000030517578,25.493417739868164,22797700
2024-12-20,27.290000915527344,25.834217071533203,35339500
2024-12-23,27.3700008392334,25.909944534301758,22013800
2024-12-24,27.579999923706055,26.10874366760254,9522500
2024-12-26,27.59000015258789,26.11821174621582,14128100
2024-12-27,27.469999313354492,26.00461196899414,16074000
2024-12-30,27.229999542236328,25.777416229248047,16946400
2024-12-31,27.31999969482422,25.86261558532715,13234100
2025-01-02,27.260000228881836,25.805814743041992,17005200
2025-01-03,27.440000534057617,25.976213455200195,11470500
2025-01-06,27.270000457763672,25.815282821655273,22820300
2025-01-07,27.260000228881836,25.805814743041992,16406000
2025-01-08,27.31999969482422,25.86261558532715,13723600
2025-01-10,27.010000228881836,25.569149017333984,22011200
2025-01-13,27.299999237060547,25.84368133544922,17826400
2025-01-14,27.520000457763672,26.051944732666016,14077400
2025-01-15,27.81999969482422,26.335941314697266,12225300
2025-01-16,27.829999923706055,26.345407485961914,13454400
2025-01-17,27.989999771118164,26.496870040893555,15361500
2025-01-21,28.219999313354492,26.714601516723633,21390200
2025-01-22,27.920000076293945,26.43060874938965,15660900
2025-01-23,28.09000015258789,26.591537475585938,14818700
2025-01-24,28.06999969482422,26.57260513305664,11739400
2025-01-27,28.450000762939453,26.932334899902344,21061100
2025-01-28,28.06999969482422,26.57260513305664,14748400
2025-01-29,28.010000228881836,26.515806198120117,11720300
2025-01-30,27.979999542236328,26.487403869628906,15498900
2025-01-31,27.829999923706055,26.345407485961914,15426900
2025-02-03,27.719999313354492,26.241273880004883,19749100
2025-02-04,27.760000228881836,26.27914047241211,11507200
2025-02-05,27.950000762939453,26.459007263183594,10937300
2025-02-06,27.75,26.26967430114746,13422000
2025-02-07,27.559999465942383,26.089811325073242,14970000
2025-02-10,27.68000030517578,26.203411102294922,11902600
2025-02-11,27.8700008392334,26.38327407836914,11203800
2025-02-12,27.649999618530273,26.175010681152344,12124200
2025-02-13,27.850000381469727,26.364341735839844,10936900
2025-02-14,27.790000915527344,26.30754280090332,10062600
2025-02-18,27.989999771118164,26.496870040893555,15611500
2025-02-19,28.18000030517578,26.676738739013672,12266700
2025-02-20,28.31999969482422,26.809267044067383,12605400
2025-02-21,28.209999084472656,26.705135345458984,13856400
2025-02-24,28.260000228881836,26.752470016479492,13681800
2025-02-25,28.450000762939453,26.932334899902344,12774100
2025-02-26,28.149999618530273,26.64833641052246,12882000
2025-02-27,28.170000076293945,26.66727066040039,12408200
2025-02-28,28.540000915527344,27.017532348632812,16590300
2025-03-03,28.399999618530273,26.885000228881836,17881200
2025-03-04,27.920000076293945,26.43060874938965,20158100
2025-03-05,28.049999237060547,26.55367088317871,16031700
2025-03-06,28.06999969482422,26.57260513305664,14871800
2025-03-07,28.459999084472656,26.941801071166992,16558700
2025-03-10,28.3799991607666,26.866065979003906,23520500
2025-03-11,27.739999771118164,26.260210037231445,24564600
2025-03-12,27.440000534057617,25.976213455200195,26655200
2025-03-13,27.290000915527344,25.834217071533203,15121400
2025-03-14,27.639999389648438,26.16554069519043,15167200
2025-03-17,27.959999084472656,26.46847152709961,16046200
2025-03-18,27.920000076293945,26.43060874938965,12625300
2025-03-19,28.030000686645508,26.534740447998047,13079400
2025-03-20,27.950000762939453,26.459007263183594,11317400
2025-03-21,27.760000228881836,26.27914047241211,16883800
2025-03-24,28.09000015258789,26.591537475585938,15452500
2025-03-25,27.84000015258789,26.35487174987793,16456400
2025-03-26,27.799999237060547,26.55451202392578,17390600
2025-03-27,27.75,26.506750106811523,11448800
2025-03-28,27.579999923706055,26.3443660736084,15661100
2025-03-31,27.959999084472656,26.707340240478516,19019400
2025-04-01,27.8700008392334,26.621376037597656,14702200
2025-04-02,27.8700008392334,26.621376037597656,11923400
2025-04-03,26.729999542236328,25.532447814941406,30584900
2025-04-04,25.280000686645508,24.147411346435547,45530200
2025-04-07,24.940000534057617,23.822643280029297,50085200
2025-04-08,24.31999969482422,23.23042106628418,40098800
2025-04-09,25.8700008392334,24.710979461669922,46103800
2025-04-10,24.969999313354492,23.851299285888672,31358500
2025-04-11,25.299999237060547,24.166513442993164,21685900
2025-04-14,25.600000381469727,24.45307731628418,27320700
2025-04-15,25.43000030517578,24.290691375732422,17240800
2025-04-16,25.1299991607666,24.004131317138672,18600500
2025-04-17,25.420000076293945,24.281139373779297,15390600
2025-04-21,25.030000686645508,23.908611297607422,21932900
2025-04-22,25.440000534057617,24.300243377685547,21483100
2025-04-23,25.420000076293945,24.281139373779297,27870400
2025-04-24,25.709999084472656,24.55814552307129,15485700
2025-04-25,25.670000076293945,24.51993751525879,14346200
2025-04-28,25.790000915527344,24.63456153869629,14821000
2025-04-29,25.889999389648438,24.730083465576172,12637700
2025-04-30,25.81999969482422,24.663219451904297,13636400
2025-05-01,25.709999084472656,24.55814552307129,15470600
2025-05-02,26.059999465942383,24.892465591430664,14242200
2025-05-05,25.799999237060547,24.644113540649414,14148800
2025-05-06,25.549999237060547,24.40531349182129,12092400
2025-05-07,25.639999389648438,24.491281509399414,12919200
2025-05-08,25.780000686645508,24.62501335144043,20045400
2025-05-09,25.729999542236328,24.57724952697754,14195200
2025-05-12,26.43000030517578,25.245887756347656,18699900
2025-05-13,26.309999465942383,25.13126564025879,17389700
2025-05-14,26.0,24.835155487060547,17297200
2025-05-15,26.420000076293945,25.236337661743164,14412000
2025-05-16,26.600000381469727,25.40827178955078,11779600
2025-05-19,26.579999923706055,25.389169692993164,15067100
2025-05-20,26.479999542236328,25.29364776611328,12280800
2025-05-21,26.010000228881836,24.844707489013672,15842400
2025-05-22,25.959999084472656,24.79694366455078,16081300
2025-05-23,25.889999389648438,24.730083465576172,16065700
2025-05-27,26.270000457763672,25.093059539794922,15919500
2025-05-28,26.040000915527344,24.873361587524414,13190600
2025-05-29,26.190000534057617,25.016639709472656,13882500
2025-05-30,26.170000076293945,24.99753761291504,14779900
2025-06-02,26.25,25.073951721191406,20610300
2025-06-03,26.440000534057617,25.255441665649414,12717000
2025-06-04,26.290000915527344,25.112163543701172,11733400
2025-06-05,26.229999542236328,25.05484962463379,18901400
2025-06-06,26.540000915527344,25.35095977783203,10658900
2025-06-09,26.649999618530273,25.456035614013672,13743000
2025-06-10,26.950000762939453,25.742591857910156,12688100
2025-06-11,26.860000610351562,25.65662384033203,13813000
2025-06-12,27.020000457763672,25.80945587158203,10552300
2025-06-13,26.899999618530273,25.6948299407959,21328400
2025-06-16,26.920000076293945,25.713937759399414,13918200
2025-06-17,26.719999313354492,25.52289390563965,12383700
2025-06-18,26.639999389648438,25.446481704711914,13837400
2025-06-20,26.700000762939453,25.503793716430664,14262300
2025-06-23,26.700000762939453,25.503793716430664,18943800
2025-06-24,26.739999771118164,25.542001724243164,19845100
2025-06-25,26.200000762939453,25.27191925048828,20744100
2025-06-26,26.389999389648438,25.45518684387207,17013600
2025-06-27,26.389999389648438,25.45518684387207,20889900
2025-06-30,26.5,25.56129264831543,24163700
2025-07-01,27.049999237060547,26.09181022644043,25633400
2025-07-02,27.309999465942383,26.34259796142578,15531900
2025-07-03,27.350000381469727,26.381181716918945,8818700
2025-07-07,27.059999465942383,26.10145378112793,15913300
2025-07-08,27.31999969482422,26.352245330810547,14732800
2025-07-09,27.290000915527344,26.32331085205078,14405300
2025-07-10,27.510000228881836,26.53551483154297,13643200
2025-07-11,27.329999923706055,26.36189079284668,14040400
2025-07-14,27.309999465942383,26.34259796142578,16559000
2025-07-15,26.8700008392334,25.91818618774414,16833400
2025-07-16,26.93000030517578,25.976058959960938,16183600
2025-07-17,27.139999389648438,26.17862319946289,14578000
2025-07-18,27.020000457763672,26.0628719329834,13196900
2025-07-21,26.950000762939453,25.995351791381836,13098600
2025-07-22,27.239999771118164,26.27507781982422,12718600
2025-07-23,27.3799991607666,26.410120010375977,16834900
2025-07-24,27.280000686645508,26.313661575317383,14200200
2025-07-25,27.31999969482422,26.352245330810547,16852700
2025-07-28,27.200000762939453,26.236495971679688,14874400
2025-07-29,27.170000076293945,26.20755958557129,13147000
2025-07-30,26.84000015258789,25.88924789428711,23968400
2025-07-31,26.5,25.56129264831543,19727500
2025-08-01,26.3799991607666,25.44554328918457,17759300
2025-08-04,26.610000610351562,25.667396545410156,20330500
2025-08-05,26.739999771118164,25.79279136657715,15668200
2025-08-06,26.68000030517578,25.734914779663086,16556100
2025-08-07,26.75,25.80243492126465,13395300
2025-08-08,26.8799991607666,25.92782974243164,13660000
2025-08-11,26.790000915527344,25.841020584106445,17459200
2025-08-12,27.100000381469727,26.140037536621094,13871100
2025-08-13,27.459999084472656,26.48728370666504,16077000
2025-08-14,27.34000015258789,26.371536254882812,14665800
2025-08-15,27.329999923706055,26.36189079284668,14205700
2025-08-18,27.260000228881836,26.294370651245117,12751600
2025-08-19,27.450000762939453,26.47764015197754,12997100
2025-08-20,27.510000228881836,26.53551483154297,16734900
2025-08-21,27.520000457763672,26.5451602935791,9865400
2025-08-22,27.950000762939453,26.959930419921875,15118600
2025-08-25,27.770000457763672,26.786304473876953,12613200
2025-08-26,27.75,26.767011642456055,16407600
2025-08-27,27.8700008392334,26.882762908935547,11516200
2025-08-28,27.81999969482422,26.83453369140625,11793900
2025-08-29,27.920000076293945,26.930992126464844,13211200
2025-09-02,27.84000015258789,26.853822708129883,18420600
2025-09-03,27.600000381469727,26.622325897216797,19873300
2025-09-04,27.690000534057617,26.709138870239258,13419700
2025-09-05,27.639999389648438,26.660907745361328,15327800
2025-09-08,27.440000534057617,26.467994689941406,18249700
2025-09-09,27.450000762939453,26.47764015197754,18576600
2025-09-10,27.5,26.525869369506836,16572100
2025-09-11,27.719999313354492,26.738075256347656,13521500
2025-09-12,27.479999542236328,26.506576538085938,14967600
2025-09-15,27.34000015258789,26.371536254882812,18547600
2025-09-16,27.420000076293945,26.44870376586914,19907700
2025-09-17,27.469999313354492,26.496931076049805,21748100
2025-09-18,27.450000762939453,26.47764015197754,17238300
2025-09-19,27.329999923706055,26.36189079284668,17610900
2025-09-22,27.25,26.284725189208984,17463700
2025-09-23,27.399999618530273,26.429410934448242,16862900
2025-09-24,27.15999984741211,26.448888778686523,19469300
2025-09-25,26.989999771118164,26.28333854675293,20335200
2025-09-26,27.209999084472656,26.497577667236328,16482800
2025-09-29,27.100000381469727,26.390459060668945,25833100
2025-09-30,27.299999237060547,26.585222244262695,18115100
2025-10-01,27.530000686645508,26.809202194213867,18618100
2025-10-02,27.34000015258789,26.624174118041992,15690700
2025-10-03,27.40999984741211,26.69234275817871,15309500
2025-10-06,27.34000015258789,26.624174118041992,16315100
2025-10-07,27.280000686645508,26.565746307373047,17220200
2025-10-08,27.18000030517578,26.468364715576172,15899800
2025-10-09,27.0,26.29307746887207,19054300
2025-10-10,26.540000915527344,25.84511947631836,24258300
2025-10-13,26.6299991607666,25.932764053344727,20634900
2025-10-14,26.8700008392334,26.166481018066406,18735100
2025-10-15,26.780000686645508,26.078838348388672,15036900
2025-10-16,26.56999969482422,25.87433433532715,18983200
2025-10-17,26.790000915527344,26.088577270507812,14043800
2025-10-20,26.989999771118164,26.28333854675293,13374300
2025-10-21,27.06999969482422,26.361242294311523,14782500
2025-10-22,26.989999771118164,26.28333854675293,13644800
2025-10-23,27.030000686645508,26.32229232788086,13653800
2025-10-24,27.030000686645508,26.32229232788086,14055000
2025-10-27,27.1200008392334,26.409936904907227,17308000
2025-10-28,27.0,26.29307746887207,19879800
2025-10-29,26.739999771118164,26.039884567260742,22899100
2025-10-30,26.68000030517578,25.981454849243164,18030300
2025-10-31,26.75,26.04962158203125,16174400
2025-11-03,26.469999313354492,25.776952743530273,20525300
2025-11-04,26.440000534057617,25.747739791870117,18189400
2025-11-05,26.56999969482422,25.87433433532715,16559900
2025-11-06,26.520000457763672,25.825645446777344,15867800
2025-11-07,26.719999313354492,26.02040672302246,18818800
2025-11-10,26.770000457763672,26.06909942626953,19396900
2025-11-11,27.18000030517578,26.468364715576172,16948900
2025-11-12,27.190000534057617,26.47810173034668,15034300
2025-11-13,27.219999313354492,26.507314682006836,21714900
2025-11-14,27.239999771118164,26.526792526245117,19840800
2025-11-17,27.0,26.29307746887207,17416700
2025-11-18,27.15999984741211,26.448888778686523,17175100
2025-11-19,26.93000030517578,26.22490882873535,17996500
2025-11-20,26.6200008392334,25.92302703857422,21664100
2025-11-21,27.100000381469727,26.390459060668945,21087200
2025-11-24,26.950000762939453,26.244386672973633,22398300
2025-11-25,27.31999969482422,26.604698181152344,17863700
2025-11-26,27.450000762939453,26.731294631958008,14495900
2025-11-28,27.59000015258789,26.867630004882812,8406000
2025-12-01,27.530000686645508,26.809202194213867,20224200
2025-12-02,27.399999618530273,26.68260383605957,17595800
2025-12-03,27.799999237060547,27.072132110595703,16300500
2025-12-04,27.75,27.023439407348633,15934900
2025-12-05,27.709999084472656,26.984485626220703,14265800
2025-12-08,27.579999923706055,26.85788917541504,20370900
2025-12-09,27.459999084472656,26.741031646728516,19476000
2025-12-10,27.56999969482422,27.122737884521484,16499500
2025-12-11,27.68000030517578,27.230955123901367,18955300
2025-12-12,27.68000030517578,27.230955123901367,20252900
2025-12-15,27.760000228881836,27.309656143188477,25870900
2025-12-16,27.469999313354492,27.02435874938965,20603500
2025-12-17,27.600000381469727,27.152250289916992,17679900
2025-12-18,27.479999542236328,27.034196853637695,19642900
2025-12-19,27.459999084472656,27.0145206451416,20518200
2025-12-22,27.6200008392334,27.171926498413086,20436800
2025-12-23,27.540000915527344,27.093225479125977,16626400
2025-12-24,27.65999984741211,27.211278915405273,9031900
2025-12-26,27.639999389648438,27.19160270690918,15949400
2025-12-29,27.6200008392334,27.171926498413086,15289800
2025-12-30,27.6299991607666,27.1817626953125,15209800
2025-12-31,27.43000030517578,26.985010147094727,14202400
2026-01-02,27.729999542236328,27.280141830444336,22356200
2026-01-05,27.90999984741211,27.45722198486328,27203800
2026-01-06,28.09000015258789,27.634302139282227,18746400
2026-01-07,27.899999618530273,27.447383880615234,18870000
2026-01-08,28.420000076293945,27.958948135375977,22373700
2026-01-09,28.549999237060547,28.08683967590332,17651900
2026-01-12,28.5,28.03765106201172,24490500
2026-01-13,28.6200008392334,28.155704498291016,18445500
2026-01-14,29.040000915527344,28.568891525268555,21696900
2026-01-15,29.030000686645508,28.559053421020508,18253100
2026-01-16,28.899999618530273,28.431161880493164,19792300
2026-01-20,28.700000762939453,28.234407424926758,24135600
2026-01-21,29.149999618530273,28.677104949951172,20011400
2026-01-22,29.170000076293945,28.696781158447266,16446000
2026-01-23,29.139999389648438,28.667266845703125,19242800
2026-01-26,29.18000030517578,28.706619262695312,19124800
2026-01-27,29.3700008392334,28.893537521362305,14886200
2026-01-28,29.299999237060547,28.82467269897461,19578400
2026-01-29,29.3700008392334,28.893537521362305,27141900
2026-01-30,29.81999969482422,29.33623695373535,22771200
2026-02-02,30.0,29.513317108154297,23678900
2026-02-03,30.5,30.005205154418945,28640100
2026-02-04,31.010000228881836,30.506933212280273,34231600
2026-02-05,30.969999313354492,30.467580795288086,31348400
2026-02-06,31.469999313354492,30.959468841552734,27103700
2026-02-09,31.350000381469727,30.841415405273438,25465200
2026-02-10,31.299999237060547,30.792224884033203,20978000
2026-02-11,31.639999389648438,31.126710891723633,23176800
2026-02-12,31.34000015258789,30.83157730102539,23196300
2026-02-13,31.610000610351562,31.097198486328125,29146500
2026-02-17,31.420000076293945,30.910280227661133,32704700
2026-02-18,31.559999465942383,31.04800796508789,18596800
2026-02-19,31.56999969482422,31.057846069335938,17596100
2026-02-20,31.610000610351562,31.097198486328125,19596700
2026-02-23,31.530000686645508,31.018497467041016,21142700
2026-02-24,31.639999389648438,31.126710891723633,16288400
2026-02-25,31.510000228881836,30.998821258544922,21818500
2026-02-26,31.510000228881836,30.998821258544922,20177100
2026-02-27,31.770000457763672,31.254602432250977,17423600
2026-03-02,31.860000610351562,31.343143463134766,24565200
2026-03-03,31.59000015258789,31.07752227783203,29375000
2026-03-04,31.540000915527344,31.02833366394043,36141400
2026-03-05,31.260000228881836,30.75287628173828,21798300
2026-03-06,31.1299991607666,30.624984741210938,30706100
2026-03-09,31.020000457763672,30.51677131652832,27754600
2026-03-10,30.899999618530273,30.398714065551758,26716000
2026-03-11,31.0,30.497095108032227,19947100
2026-03-12,30.81999969482422,30.32001304626465,22684200
2026-03-13,30.799999237060547,30.300336837768555,30481900
2026-03-16,30.8700008392334,30.369203567504883,30596500
2026-03-17,30.950000762939453,30.447904586791992,24456000
2026-03-18,30.579999923706055,30.083908081054688,26352600
2026-03-19,30.59000015258789,30.093746185302734,29056900
2026-03-20,30.389999389648438,29.896987915039062,27516700
2026-03-23,30.540000915527344,30.0445556640625,33437900
2026-03-24,30.639999389648438,30.142934799194336,30013400
2026-03-25,30.540000915527344,30.298694610595703,27249800
2026-03-26,30.6200008392334,30.378063201904297,20280100
2026-03-27,30.440000534057617,30.19948387145996,23433800
2026-03-30,30.479999542236328,30.239168167114258,30521900
2026-03-31,30.68000030517578,30.43758773803711,30453500
2026-04-01,30.510000228881836,30.268930435180664,31995000
2026-04-02,30.559999465942383,30.31853485107422,20626200
2026-04-06,30.639999389648438,30.397903442382812,21978700
2026-04-07,30.559999465942383,30.31853485107422,18789600
2026-04-08,30.860000610351562,30.616167068481445,30778800
2026-04-09,30.940000534057617,30.695533752441406,31723800
2026-04-10,30.559999465942383,30.31853485107422,19661600
2026-04-13,30.739999771118164,30.497114181518555,19407400
2026-04-14,30.709999084472656,30.467350006103516,18705300
2026-04-15,30.649999618530273,30.40782356262207,19024500
2026-04-16,30.809999465942383,30.566560745239258,17406500
2026-04-17,31.049999237060547,30.804662704467773,20134700
2026-04-20,31.030000686645508,30.784822463989258,17253100
2026-04-21,30.979999542236328,30.73521614074707,17909800
2026-04-22,31.010000228881836,30.76498031616211,15167200
2026-04-23,31.420000076293945,31.171741485595703,16814200
2026-04-24,31.200000762939453,30.953479766845703,19340700
2026-04-27,31.1299991607666,30.884031295776367,19472300
2026-04-28,31.309999465942383,31.06260871887207,15859900
2026-04-29,31.450000762939453,31.20150375366211,17417400
2026-04-30,32.06999969482422,31.816604614257812,21723300
2026-05-01,31.860000610351562,31.608264923095703,21039900
2026-05-04,31.520000457763672,31.270950317382812,22058900
2026-05-05,31.690000534057617,31.439607620239258,16891100
2026-05-06,31.65999984741211,31.40984344482422,20183600
2026-05-07,31.540000915527344,31.290794372558594,24151200
2026-05-08,31.6200008392334,31.370161056518555,20946800
2026-05-11,31.75,31.499134063720703,24800700
2026-05-12,31.760000228881836,31.50905418395996,22999900
2026-05-13,31.75,31.499134063720703,16077400
2026-05-14,31.799999237060547,31.548738479614258,20145900
2026-05-15,31.719999313354492,31.469369888305664,16015700
2026-05-18,32.040000915527344,31.786842346191406,20267400
2026-05-19,32.099998474121094,31.84636688232422,18074200
2026-05-20,32.119998931884766,31.866209030151367,18299100
2026-05-21,32.25,31.995182037353516,19360600
2026-05-22,32.83000183105469,32.57060241699219,19172000
2026-05-26,32.66999816894531,32.411861419677734,28043700
2026-05-27,32.54999923706055,32.29281234741211,17388700
2026-05-28,32.630001068115234,32.3721809387207,16915400
2026-05-29,32.5,32.24320602416992,17205900
2026-06-01,32.18000030517578,31.925735473632812,27497800
2026-06-02,32.369998931884766,32.114234924316406,19827000
2026-06-03,32.369998931884766,32.114234924316406,16608200
2026-06-04,32.59000015258789,32.332496643066406,18235100
2026-06-05,32.29999923706055,32.0447883605957,26826000
2026-06-08,32.290000915527344,32.03486633300781,21239400
2026-06-09,32.38999938964844,32.13407516479492,23600300
2026-06-10,32.2599983215332,32.00510025024414,20776300
2026-06-11,32.529998779296875,32.27296829223633,21831600
2026-06-12,32.81999969482422,32.5606803894043,20503700
2026-06-15,32.630001068115234,32.3721809387207,25567300
2026-06-16,32.529998779296875,32.27296829223633,20119700
2026-06-17,31.93000030517578,31.677711486816406,24015200
2026-06-18,31.860000610351562,31.608264923095703,21237300
2026-06-22,31.889999389648438,31.63802719116211,22208900
2026-06-23,32.02000045776367,31.767000198364258,19897100
2026-06-24,31.719999313354492,31.719999313354492,19321200
2026-06-25,31.959999084472656,31.959999084472656,16436600
2026-06-26,32.09000015258789,32.09000015258789,22398300
2026-06-29,31.93000030517578,31.93000030517578,27791000
2026-06-30,31.709999084472656,31.709999084472656,20679100
2026-07-01,31.850000381469727,31.850000381469727,20100300
2026-07-02,32.38999938964844,32.38999938964844,19859200
2026-07-06,32.2400016784668,32.2400016784668,24030700
2026-07-07,32.540000915527344,32.540000915527344,21176400
2026-07-08,32.34000015258789,32.34000015258789,17997100
2026-07-09,32.2599983215332,32.2599983215332,17425100
2026-07-10,32.400001525878906,32.400001525878906,14202400
2026-07-13,32.560001373291016,32.560001373291016,18864100
2026-07-14,32.20000076293945,32.20000076293945,23685000
2026-07-15,32.34000015258789,32.34000015258789,16317500
2026-07-16,33.040000915527344,33.040000915527344,24656800
2026-07-17,32.90999984741211,32.90999984741211,22221500
2026-07-20,32.75,32.75,19501800
2026-07-21,32.81999969482422,32.81999969482422,17734400
2026-07-22,32.900001525878906,32.900001525878906,16920600
2026-07-23,32.79999923706055,32.79999923706055,19621100
2026-07-24,33.290000915527344,33.290000915527344,20136100
2026-07-27,33.43000030517578,33.43000030517578,24004200
2026-07-28,33.88999938964844,33.88999938964844,27315400
2026-07-29,33.83000183105469,33.83000183105469,30028700
2026-07-30,33.40999984741211,33.40999984741211,35446700
2026-07-31,33.470001220703125,33.470001220703125,25718200
2026-08-03,33.560001373291016,33.560001373291016,24706000
2026-08-04,33.849998474121094,33.849998474121094,26996700
2026-08-05,33.63999938964844,33.63999938964844,23515300
2026-08-06,33.70000076293945,33.70000076293945,22903800
2026-08-07,33.900001525878906,33.900001525878906,20355900
2026-08-10,34.189998626708984,34.189998626708984,24148200
2026-08-11,34.27000045776367,34.27000045776367,22069000
2026-08-12,34.2599983215332,34.2599983215332,18971100
2026-08-13,34.43000030517578,34.43000030517578,18263800
2026-08-14,34.52000045776367,34.52000045776367,20698500
2026-08-17,34.290000915527344,34.290000915527344,24547000
2026-08-18,34.5099983215332,34.5099983215332,23379000
2026-08-19,35.09000015258789,35.09000015258789,25515200
2026-08-20,34.83000183105469,34.83000183105469,21355400
2026-08-21,35.11000061035156,35.11000061035156,19784600
2026-08-24,35.209999084472656,35.209999084472656,24149100
2026-08-25,35.11000061035156,35.11000061035156,26614700
2026-08-26,35.04999923706055,35.04999923706055,21657600
2026-08-27,34.83000183105469,34.83000183105469,25773500
2026-08-28,34.900001525878906,34.900001525878906,21068400
2026-08-31,34.88999938964844,34.88999938964844,20953100
2026-09-01,34.810001373291016,34.810001373291016,23493500
2026-09-02,35.0099983215332,35.0099983215332,21231800
2026-09-03,35.08000183105469,35.08000183105469,21395200
2026-09-04,34.79999923706055,34.79999923706055,24579900
2026-09-08,34.40999984741211,34.40999984741211,31888000
2026-09-09,34.09000015258789,34.09000015258789,25855400
2026-09-10,33.9900016784668,33.9900016784668,21586900
2026-09-11,34.119998931884766,34.119998931884766,18490000
2026-09-14,34.34000015258789,34.34000015258789,22897200
2026-09-15,34.33000183105469,34.33000183105469,17233000
2026-09-16,33.84000015258789,33.84000015258789,23815200
